ISO-10303-21;
HEADER;
/* Generated by software containing ST-Developer
 * from STEP Tools, Inc. (www.steptools.com) 
 */
/* OPTION: strings as raw bytes, not using required /X/ escapes */

FILE_DESCRIPTION(
/* description */ ('Unknown'),
/* implementation_level */ '2;1');

FILE_NAME(
/* name */ '784325xxx',
/* time_stamp */ '2025-04-16T10:25:22+02:00',
/* author */ ('Unknown'),
/* organization */ ('Unknown'),
/* preprocessor_version */ 'ST-DEVELOPER v19.4',
/* originating_system */ 'Solid Edge',
/* authorisation */ 'Unknown');

FILE_SCHEMA (('AUTOMOTIVE_DESIGN {1 0 10303 214 3 1 1}'));
ENDSEC;

DATA;
#10=PROPERTY_DEFINITION_REPRESENTATION(#14,#12);
#11=PROPERTY_DEFINITION_REPRESENTATION(#15,#13);
#12=REPRESENTATION('',(#16),#11517);
#13=REPRESENTATION('',(#17),#11517);
#14=PROPERTY_DEFINITION('pmi validation property','',#11528);
#15=PROPERTY_DEFINITION('pmi validation property','',#11528);
#16=VALUE_REPRESENTATION_ITEM('number of annotations',COUNT_MEASURE(0.));
#17=VALUE_REPRESENTATION_ITEM('number of views',COUNT_MEASURE(0.));
#18=(
BOUNDED_SURFACE()
B_SPLINE_SURFACE(1,2,((#10194,#10195,#10196,#10197,#10198,#10199,#10200,
#10201,#10202,#10203,#10204,#10205,#10206,#10207,#10208,#10209,#10210,#10211,
#10212,#10213,#10214,#10215,#10216,#10217,#10218,#10219,#10220,#10221,#10222,
#10223,#10224,#10225,#10226,#10227,#10228,#10229,#10230,#10231,#10232,#10233,
#10234,#10235,#10236,#10237,#10238,#10239,#10240,#10241,#10242,#10243,#10244,
#10245,#10246,#10247,#10248,#10249,#10250,#10251,#10252,#10253,#10254,#10255,
#10256,#10257,#10258,#10259,#10260,#10261,#10262,#10263,#10264,#10265,#10266,
#10267,#10268,#10269,#10270,#10271,#10272,#10273,#10274,#10275,#10276,#10277,
#10278,#10279,#10280,#10281,#10282,#10283,#10284,#10285,#10286,#10287,#10288,
#10289,#10290,#10291,#10292,#10293,#10294,#10295,#10296,#10297,#10298,#10299,
#10300,#10301,#10302,#10303,#10304,#10305,#10306,#10307,#10308),(#10309,
#10310,#10311,#10312,#10313,#10314,#10315,#10316,#10317,#10318,#10319,#10320,
#10321,#10322,#10323,#10324,#10325,#10326,#10327,#10328,#10329,#10330,#10331,
#10332,#10333,#10334,#10335,#10336,#10337,#10338,#10339,#10340,#10341,#10342,
#10343,#10344,#10345,#10346,#10347,#10348,#10349,#10350,#10351,#10352,#10353,
#10354,#10355,#10356,#10357,#10358,#10359,#10360,#10361,#10362,#10363,#10364,
#10365,#10366,#10367,#10368,#10369,#10370,#10371,#10372,#10373,#10374,#10375,
#10376,#10377,#10378,#10379,#10380,#10381,#10382,#10383,#10384,#10385,#10386,
#10387,#10388,#10389,#10390,#10391,#10392,#10393,#10394,#10395,#10396,#10397,
#10398,#10399,#10400,#10401,#10402,#10403,#10404,#10405,#10406,#10407,#10408,
#10409,#10410,#10411,#10412,#10413,#10414,#10415,#10416,#10417,#10418,#10419,
#10420,#10421,#10422,#10423)),.UNSPECIFIED.,.F.,.F.,.F.)
B_SPLINE_SURFACE_WITH_KNOTS((2,2),(3,2,2,2,2,2,2,2,2,2,2,2,2,2,2,2,2,2,
2,2,2,2,2,2,2,2,2,2,2,2,2,2,2,2,2,2,2,2,2,2,2,2,2,2,2,2,2,2,2,2,2,2,2,2,
2,2,2,3),(0.,1.),(0.00426505340229928,0.0166666666666667,0.0333333333333333,
0.05,0.0666666666666667,0.0833333333333333,0.1,0.116666666666667,0.133333333333333,
0.15,0.166666666666667,0.183333333333333,0.2,0.216666666666667,0.233333333333333,
0.25,0.266666666666667,0.283333333333333,0.3,0.316666666666667,0.333333333333333,
0.35,0.366666666666667,0.383333333333333,0.4,0.416666666666667,0.433333333333333,
0.45,0.466666666666667,0.483333333333333,0.5,0.516666666666667,0.533333333333333,
0.55,0.566666666666667,0.583333333333333,0.6,0.616666666666667,0.633333333333333,
0.65,0.666666666666667,0.683333333333333,0.7,0.716666666666667,0.733333333333333,
0.75,0.766666666666667,0.783333333333333,0.8,0.816666666666667,0.833333333333333,
0.85,0.866666666666667,0.883333333333333,0.9,0.916666666666667,0.933333333333333,
0.945734946597701),.PIECEWISE_BEZIER_KNOTS.)
GEOMETRIC_REPRESENTATION_ITEM()
RATIONAL_B_SPLINE_SURFACE(((0.948977984473388,0.90030993222909,1.,0.866025403784439,
1.,0.866025403784439,1.,0.866025403784439,1.,0.866025403784439,1.,0.866025403784439,
1.,0.866025403784439,1.,0.866025403784439,1.,0.866025403784439,1.,0.866025403784439,
1.,0.866025403784439,1.,0.866025403784439,1.,0.866025403784439,1.,0.866025403784439,
1.,0.866025403784439,1.,0.866025403784439,1.,0.866025403784439,1.,0.866025403784439,
1.,0.866025403784439,1.,0.866025403784439,1.,0.866025403784439,1.,0.866025403784439,
1.,0.866025403784439,1.,0.866025403784439,1.,0.866025403784439,1.,0.866025403784439,
1.,0.866025403784439,1.,0.866025403784439,1.,0.866025403784439,1.,0.866025403784439,
1.,0.866025403784439,1.,0.866025403784439,1.,0.866025403784439,1.,0.866025403784439,
1.,0.866025403784439,1.,0.866025403784439,1.,0.866025403784439,1.,0.866025403784439,
1.,0.866025403784439,1.,0.866025403784439,1.,0.866025403784439,1.,0.866025403784439,
1.,0.866025403784439,1.,0.866025403784439,1.,0.866025403784439,1.,0.866025403784439,
1.,0.866025403784439,1.,0.866025403784439,1.,0.866025403784439,1.,0.866025403784439,
1.,0.866025403784439,1.,0.866025403784439,1.,0.866025403784439,1.,0.866025403784439,
1.,0.866025403784439,1.,0.866025403784439,1.,0.900309932229089,0.948977984473389),
(0.948977984473388,0.90030993222909,1.,0.866025403784439,1.,0.866025403784439,
1.,0.866025403784439,1.,0.866025403784439,1.,0.866025403784439,1.,0.866025403784439,
1.,0.866025403784439,1.,0.866025403784439,1.,0.866025403784439,1.,0.866025403784439,
1.,0.866025403784439,1.,0.866025403784439,1.,0.866025403784439,1.,0.866025403784439,
1.,0.866025403784439,1.,0.866025403784439,1.,0.866025403784439,1.,0.866025403784439,
1.,0.866025403784439,1.,0.866025403784439,1.,0.866025403784439,1.,0.866025403784439,
1.,0.866025403784439,1.,0.866025403784439,1.,0.866025403784439,1.,0.866025403784439,
1.,0.866025403784439,1.,0.866025403784439,1.,0.866025403784439,1.,0.866025403784439,
1.,0.866025403784439,1.,0.866025403784439,1.,0.866025403784439,1.,0.866025403784439,
1.,0.866025403784439,1.,0.866025403784439,1.,0.866025403784439,1.,0.866025403784439,
1.,0.866025403784439,1.,0.866025403784439,1.,0.866025403784439,1.,0.866025403784439,
1.,0.866025403784439,1.,0.866025403784439,1.,0.866025403784439,1.,0.866025403784439,
1.,0.866025403784439,1.,0.866025403784439,1.,0.866025403784439,1.,0.866025403784439,
1.,0.866025403784439,1.,0.866025403784439,1.,0.866025403784439,1.,0.866025403784439,
1.,0.866025403784439,1.,0.900309932229089,0.948977984473389)))
REPRESENTATION_ITEM('')
SURFACE()
);
#19=(
BOUNDED_SURFACE()
B_SPLINE_SURFACE(1,2,((#10432,#10433,#10434,#10435,#10436,#10437,#10438,
#10439,#10440,#10441,#10442,#10443,#10444,#10445,#10446,#10447,#10448,#10449,
#10450,#10451,#10452,#10453,#10454,#10455,#10456,#10457,#10458,#10459,#10460,
#10461,#10462,#10463,#10464,#10465,#10466,#10467,#10468,#10469,#10470,#10471,
#10472,#10473,#10474,#10475,#10476,#10477,#10478,#10479,#10480,#10481,#10482,
#10483,#10484,#10485,#10486,#10487,#10488,#10489,#10490,#10491,#10492,#10493,
#10494,#10495,#10496,#10497,#10498,#10499,#10500,#10501,#10502,#10503,#10504,
#10505,#10506,#10507,#10508,#10509,#10510,#10511,#10512,#10513,#10514,#10515,
#10516,#10517,#10518,#10519,#10520,#10521,#10522,#10523,#10524,#10525,#10526,
#10527,#10528,#10529,#10530,#10531,#10532,#10533,#10534,#10535,#10536,#10537,
#10538,#10539,#10540,#10541,#10542,#10543,#10544,#10545,#10546),(#10547,
#10548,#10549,#10550,#10551,#10552,#10553,#10554,#10555,#10556,#10557,#10558,
#10559,#10560,#10561,#10562,#10563,#10564,#10565,#10566,#10567,#10568,#10569,
#10570,#10571,#10572,#10573,#10574,#10575,#10576,#10577,#10578,#10579,#10580,
#10581,#10582,#10583,#10584,#10585,#10586,#10587,#10588,#10589,#10590,#10591,
#10592,#10593,#10594,#10595,#10596,#10597,#10598,#10599,#10600,#10601,#10602,
#10603,#10604,#10605,#10606,#10607,#10608,#10609,#10610,#10611,#10612,#10613,
#10614,#10615,#10616,#10617,#10618,#10619,#10620,#10621,#10622,#10623,#10624,
#10625,#10626,#10627,#10628,#10629,#10630,#10631,#10632,#10633,#10634,#10635,
#10636,#10637,#10638,#10639,#10640,#10641,#10642,#10643,#10644,#10645,#10646,
#10647,#10648,#10649,#10650,#10651,#10652,#10653,#10654,#10655,#10656,#10657,
#10658,#10659,#10660,#10661)),.UNSPECIFIED.,.F.,.F.,.F.)
B_SPLINE_SURFACE_WITH_KNOTS((2,2),(3,2,2,2,2,2,2,2,2,2,2,2,2,2,2,2,2,2,
2,2,2,2,2,2,2,2,2,2,2,2,2,2,2,2,2,2,2,2,2,2,2,2,2,2,2,2,2,2,2,2,2,2,2,2,
2,2,2,3),(0.,1.),(0.00426505340229928,0.0166666666666667,0.0333333333333333,
0.05,0.0666666666666667,0.0833333333333333,0.1,0.116666666666667,0.133333333333333,
0.15,0.166666666666667,0.183333333333333,0.2,0.216666666666667,0.233333333333333,
0.25,0.266666666666667,0.283333333333333,0.3,0.316666666666667,0.333333333333333,
0.35,0.366666666666667,0.383333333333333,0.4,0.416666666666667,0.433333333333333,
0.45,0.466666666666667,0.483333333333333,0.5,0.516666666666667,0.533333333333333,
0.55,0.566666666666667,0.583333333333333,0.6,0.616666666666667,0.633333333333333,
0.65,0.666666666666667,0.683333333333333,0.7,0.716666666666667,0.733333333333333,
0.75,0.766666666666667,0.783333333333333,0.8,0.816666666666667,0.833333333333333,
0.85,0.866666666666667,0.883333333333333,0.9,0.916666666666667,0.933333333333333,
0.945734946597701),.PIECEWISE_BEZIER_KNOTS.)
GEOMETRIC_REPRESENTATION_ITEM()
RATIONAL_B_SPLINE_SURFACE(((0.948977984473388,0.90030993222909,1.,0.866025403784439,
1.,0.866025403784439,1.,0.866025403784439,1.,0.866025403784439,1.,0.866025403784439,
1.,0.866025403784439,1.,0.866025403784439,1.,0.866025403784439,1.,0.866025403784439,
1.,0.866025403784439,1.,0.866025403784439,1.,0.866025403784439,1.,0.866025403784439,
1.,0.866025403784439,1.,0.866025403784439,1.,0.866025403784439,1.,0.866025403784439,
1.,0.866025403784439,1.,0.866025403784439,1.,0.866025403784439,1.,0.866025403784439,
1.,0.866025403784439,1.,0.866025403784439,1.,0.866025403784439,1.,0.866025403784439,
1.,0.866025403784439,1.,0.866025403784439,1.,0.866025403784439,1.,0.866025403784439,
1.,0.866025403784439,1.,0.866025403784439,1.,0.866025403784439,1.,0.866025403784439,
1.,0.866025403784439,1.,0.866025403784439,1.,0.866025403784439,1.,0.866025403784439,
1.,0.866025403784439,1.,0.866025403784439,1.,0.866025403784439,1.,0.866025403784439,
1.,0.866025403784439,1.,0.866025403784439,1.,0.866025403784439,1.,0.866025403784439,
1.,0.866025403784439,1.,0.866025403784439,1.,0.866025403784439,1.,0.866025403784439,
1.,0.866025403784439,1.,0.866025403784439,1.,0.866025403784439,1.,0.866025403784439,
1.,0.866025403784439,1.,0.866025403784439,1.,0.900309932229089,0.948977984473389),
(0.948977984473388,0.90030993222909,1.,0.866025403784439,1.,0.866025403784439,
1.,0.866025403784439,1.,0.866025403784439,1.,0.866025403784439,1.,0.866025403784439,
1.,0.866025403784439,1.,0.866025403784439,1.,0.866025403784439,1.,0.866025403784439,
1.,0.866025403784439,1.,0.866025403784439,1.,0.866025403784439,1.,0.866025403784439,
1.,0.866025403784439,1.,0.866025403784439,1.,0.866025403784439,1.,0.866025403784439,
1.,0.866025403784439,1.,0.866025403784439,1.,0.866025403784439,1.,0.866025403784439,
1.,0.866025403784439,1.,0.866025403784439,1.,0.866025403784439,1.,0.866025403784439,
1.,0.866025403784439,1.,0.866025403784439,1.,0.866025403784439,1.,0.866025403784439,
1.,0.866025403784439,1.,0.866025403784439,1.,0.866025403784439,1.,0.866025403784439,
1.,0.866025403784439,1.,0.866025403784439,1.,0.866025403784439,1.,0.866025403784439,
1.,0.866025403784439,1.,0.866025403784439,1.,0.866025403784439,1.,0.866025403784439,
1.,0.866025403784439,1.,0.866025403784439,1.,0.866025403784439,1.,0.866025403784439,
1.,0.866025403784439,1.,0.866025403784439,1.,0.866025403784439,1.,0.866025403784439,
1.,0.866025403784439,1.,0.866025403784439,1.,0.866025403784439,1.,0.866025403784439,
1.,0.866025403784439,1.,0.900309932229089,0.948977984473389)))
REPRESENTATION_ITEM('')
SURFACE()
);
#20=(
BOUNDED_CURVE()
B_SPLINE_CURVE(2,(#9697,#9698,#9699,#9700,#9701,#9702,#9703,#9704,#9705,
#9706,#9707,#9708,#9709,#9710,#9711,#9712,#9713,#9714,#9715,#9716,#9717,
#9718,#9719,#9720,#9721,#9722,#9723,#9724,#9725,#9726,#9727,#9728,#9729,
#9730,#9731,#9732,#9733,#9734,#9735,#9736,#9737,#9738,#9739,#9740,#9741,
#9742,#9743,#9744,#9745,#9746,#9747,#9748,#9749,#9750,#9751,#9752,#9753,
#9754,#9755,#9756,#9757,#9758,#9759,#9760,#9761,#9762,#9763,#9764,#9765,
#9766,#9767,#9768,#9769,#9770,#9771,#9772,#9773,#9774,#9775,#9776,#9777,
#9778,#9779,#9780,#9781,#9782,#9783,#9784,#9785,#9786,#9787,#9788,#9789,
#9790,#9791,#9792,#9793,#9794,#9795,#9796,#9797,#9798,#9799,#9800,#9801,
#9802,#9803,#9804,#9805,#9806,#9807,#9808,#9809,#9810,#9811,#9812,#9813,
#9814,#9815,#9816,#9817),.UNSPECIFIED.,.F.,.F.)
B_SPLINE_CURVE_WITH_KNOTS((3,2,2,2,2,2,2,2,2,2,2,2,2,2,2,2,2,2,2,2,2,2,
2,2,2,2,2,2,2,2,2,2,2,2,2,2,2,2,2,2,2,2,2,2,2,2,2,2,2,2,2,2,2,2,2,2,2,2,
2,2,3),(0.,0.0166666666666667,0.0333333333333333,0.05,0.0666666666666667,
0.0833333333333333,0.1,0.116666666666667,0.133333333333333,0.15,0.166666666666667,
0.183333333333333,0.2,0.216666666666667,0.233333333333333,0.25,0.266666666666667,
0.283333333333333,0.3,0.316666666666667,0.333333333333333,0.35,0.366666666666667,
0.383333333333333,0.4,0.416666666666667,0.433333333333333,0.45,0.466666666666667,
0.483333333333333,0.5,0.516666666666667,0.533333333333333,0.55,0.566666666666667,
0.583333333333333,0.6,0.616666666666667,0.633333333333333,0.65,0.666666666666667,
0.683333333333333,0.7,0.716666666666667,0.733333333333333,0.75,0.766666666666667,
0.783333333333333,0.8,0.816666666666667,0.833333333333333,0.85,0.866666666666667,
0.883333333333333,0.9,0.916666666666667,0.933333333333333,0.95,0.966666666666667,
0.983333333333333,1.),.UNSPECIFIED.)
CURVE()
GEOMETRIC_REPRESENTATION_ITEM()
RATIONAL_B_SPLINE_CURVE((1.,0.866025403784439,1.,0.866025403784439,1.,0.866025403784439,
1.,0.866025403784439,1.,0.866025403784439,1.,0.866025403784439,1.,0.866025403784439,
1.,0.866025403784439,1.,0.866025403784439,1.,0.866025403784439,1.,0.866025403784439,
1.,0.866025403784439,1.,0.866025403784439,1.,0.866025403784439,1.,0.866025403784439,
1.,0.866025403784439,1.,0.866025403784439,1.,0.866025403784439,1.,0.866025403784439,
1.,0.866025403784439,1.,0.866025403784439,1.,0.866025403784439,1.,0.866025403784439,
1.,0.866025403784439,1.,0.866025403784439,1.,0.866025403784439,1.,0.866025403784439,
1.,0.866025403784439,1.,0.866025403784439,1.,0.866025403784439,1.,0.866025403784439,
1.,0.866025403784439,1.,0.866025403784439,1.,0.866025403784439,1.,0.866025403784439,
1.,0.866025403784439,1.,0.866025403784439,1.,0.866025403784439,1.,0.866025403784439,
1.,0.866025403784439,1.,0.866025403784439,1.,0.866025403784439,1.,0.866025403784439,
1.,0.866025403784439,1.,0.866025403784439,1.,0.866025403784439,1.,0.866025403784439,
1.,0.866025403784439,1.,0.866025403784439,1.,0.866025403784439,1.,0.866025403784439,
1.,0.866025403784439,1.,0.866025403784439,1.,0.866025403784439,1.,0.866025403784439,
1.,0.866025403784439,1.,0.866025403784439,1.,0.866025403784439,1.,0.866025403784439,
1.,0.866025403784439,1.))
REPRESENTATION_ITEM('')
);
#21=(
BOUNDED_CURVE()
B_SPLINE_CURVE(2,(#9822,#9823,#9824,#9825,#9826,#9827,#9828,#9829,#9830,
#9831,#9832,#9833,#9834,#9835,#9836,#9837,#9838,#9839,#9840,#9841,#9842,
#9843,#9844,#9845,#9846,#9847,#9848,#9849,#9850,#9851,#9852,#9853,#9854,
#9855,#9856,#9857,#9858,#9859,#9860,#9861,#9862,#9863,#9864,#9865,#9866,
#9867,#9868,#9869,#9870,#9871,#9872,#9873,#9874,#9875,#9876,#9877,#9878,
#9879,#9880,#9881,#9882,#9883,#9884,#9885,#9886,#9887,#9888,#9889,#9890,
#9891,#9892,#9893,#9894,#9895,#9896,#9897,#9898,#9899,#9900,#9901,#9902,
#9903,#9904,#9905,#9906,#9907,#9908,#9909,#9910,#9911,#9912,#9913,#9914,
#9915,#9916,#9917,#9918,#9919,#9920,#9921,#9922,#9923,#9924,#9925,#9926,
#9927,#9928,#9929,#9930,#9931,#9932,#9933,#9934,#9935,#9936,#9937,#9938,
#9939,#9940,#9941,#9942),.UNSPECIFIED.,.F.,.F.)
B_SPLINE_CURVE_WITH_KNOTS((3,2,2,2,2,2,2,2,2,2,2,2,2,2,2,2,2,2,2,2,2,2,
2,2,2,2,2,2,2,2,2,2,2,2,2,2,2,2,2,2,2,2,2,2,2,2,2,2,2,2,2,2,2,2,2,2,2,2,
2,2,3),(0.,0.0166666666666667,0.0333333333333333,0.05,0.0666666666666667,
0.0833333333333333,0.1,0.116666666666667,0.133333333333333,0.15,0.166666666666667,
0.183333333333333,0.2,0.216666666666667,0.233333333333333,0.25,0.266666666666667,
0.283333333333333,0.3,0.316666666666667,0.333333333333333,0.35,0.366666666666667,
0.383333333333333,0.4,0.416666666666667,0.433333333333333,0.45,0.466666666666667,
0.483333333333333,0.5,0.516666666666667,0.533333333333333,0.55,0.566666666666667,
0.583333333333333,0.6,0.616666666666667,0.633333333333333,0.65,0.666666666666667,
0.683333333333333,0.7,0.716666666666667,0.733333333333333,0.75,0.766666666666667,
0.783333333333333,0.8,0.816666666666667,0.833333333333333,0.85,0.866666666666667,
0.883333333333333,0.9,0.916666666666667,0.933333333333333,0.95,0.966666666666667,
0.983333333333333,1.),.UNSPECIFIED.)
CURVE()
GEOMETRIC_REPRESENTATION_ITEM()
RATIONAL_B_SPLINE_CURVE((1.,0.866025403784439,1.,0.866025403784439,1.,0.866025403784439,
1.,0.866025403784439,1.,0.866025403784439,1.,0.866025403784439,1.,0.866025403784439,
1.,0.866025403784439,1.,0.866025403784439,1.,0.866025403784439,1.,0.866025403784439,
1.,0.866025403784439,1.,0.866025403784439,1.,0.866025403784439,1.,0.866025403784439,
1.,0.866025403784439,1.,0.866025403784439,1.,0.866025403784439,1.,0.866025403784439,
1.,0.866025403784439,1.,0.866025403784439,1.,0.866025403784439,1.,0.866025403784439,
1.,0.866025403784439,1.,0.866025403784439,1.,0.866025403784439,1.,0.866025403784439,
1.,0.866025403784439,1.,0.866025403784439,1.,0.866025403784439,1.,0.866025403784439,
1.,0.866025403784439,1.,0.866025403784439,1.,0.866025403784439,1.,0.866025403784439,
1.,0.866025403784439,1.,0.866025403784439,1.,0.866025403784439,1.,0.866025403784439,
1.,0.866025403784439,1.,0.866025403784439,1.,0.866025403784439,1.,0.866025403784439,
1.,0.866025403784439,1.,0.866025403784439,1.,0.866025403784439,1.,0.866025403784439,
1.,0.866025403784439,1.,0.866025403784439,1.,0.866025403784439,1.,0.866025403784439,
1.,0.866025403784439,1.,0.866025403784439,1.,0.866025403784439,1.,0.866025403784439,
1.,0.866025403784439,1.,0.866025403784439,1.,0.866025403784439,1.,0.866025403784439,
1.,0.866025403784439,1.))
REPRESENTATION_ITEM('')
);
#22=(
BOUNDED_CURVE()
B_SPLINE_CURVE(2,(#9946,#9947,#9948,#9949,#9950,#9951,#9952,#9953,#9954,
#9955,#9956,#9957,#9958,#9959,#9960,#9961,#9962,#9963,#9964,#9965,#9966,
#9967,#9968,#9969,#9970,#9971,#9972,#9973,#9974,#9975,#9976,#9977,#9978,
#9979,#9980,#9981,#9982,#9983,#9984,#9985,#9986,#9987,#9988,#9989,#9990,
#9991,#9992,#9993,#9994,#9995,#9996,#9997,#9998,#9999,#10000,#10001,#10002,
#10003,#10004,#10005,#10006,#10007,#10008,#10009,#10010,#10011,#10012,#10013,
#10014,#10015,#10016,#10017,#10018,#10019,#10020,#10021,#10022,#10023,#10024,
#10025,#10026,#10027,#10028,#10029,#10030,#10031,#10032,#10033,#10034,#10035,
#10036,#10037,#10038,#10039,#10040,#10041,#10042,#10043,#10044,#10045,#10046,
#10047,#10048,#10049,#10050,#10051,#10052,#10053,#10054,#10055,#10056,#10057,
#10058,#10059,#10060,#10061,#10062,#10063,#10064,#10065,#10066),
 .UNSPECIFIED.,.F.,.F.)
B_SPLINE_CURVE_WITH_KNOTS((3,2,2,2,2,2,2,2,2,2,2,2,2,2,2,2,2,2,2,2,2,2,
2,2,2,2,2,2,2,2,2,2,2,2,2,2,2,2,2,2,2,2,2,2,2,2,2,2,2,2,2,2,2,2,2,2,2,2,
2,2,3),(0.,0.0166666666666667,0.0333333333333333,0.05,0.0666666666666667,
0.0833333333333333,0.1,0.116666666666667,0.133333333333333,0.15,0.166666666666667,
0.183333333333333,0.2,0.216666666666667,0.233333333333333,0.25,0.266666666666667,
0.283333333333333,0.3,0.316666666666667,0.333333333333333,0.35,0.366666666666667,
0.383333333333333,0.4,0.416666666666667,0.433333333333333,0.45,0.466666666666667,
0.483333333333333,0.5,0.516666666666667,0.533333333333333,0.55,0.566666666666667,
0.583333333333333,0.6,0.616666666666667,0.633333333333333,0.65,0.666666666666667,
0.683333333333333,0.7,0.716666666666667,0.733333333333333,0.75,0.766666666666667,
0.783333333333333,0.8,0.816666666666667,0.833333333333333,0.85,0.866666666666667,
0.883333333333333,0.9,0.916666666666667,0.933333333333333,0.95,0.966666666666667,
0.983333333333333,1.),.UNSPECIFIED.)
CURVE()
GEOMETRIC_REPRESENTATION_ITEM()
RATIONAL_B_SPLINE_CURVE((1.,0.866025403784439,1.,0.866025403784439,1.,0.866025403784439,
1.,0.866025403784439,1.,0.866025403784439,1.,0.866025403784439,1.,0.866025403784439,
1.,0.866025403784439,1.,0.866025403784439,1.,0.866025403784439,1.,0.866025403784439,
1.,0.866025403784439,1.,0.866025403784439,1.,0.866025403784439,1.,0.866025403784439,
1.,0.866025403784439,1.,0.866025403784439,1.,0.866025403784439,1.,0.866025403784439,
1.,0.866025403784439,1.,0.866025403784439,1.,0.866025403784439,1.,0.866025403784439,
1.,0.866025403784439,1.,0.866025403784439,1.,0.866025403784439,1.,0.866025403784439,
1.,0.866025403784439,1.,0.866025403784439,1.,0.866025403784439,1.,0.866025403784439,
1.,0.866025403784439,1.,0.866025403784439,1.,0.866025403784439,1.,0.866025403784439,
1.,0.866025403784439,1.,0.866025403784439,1.,0.866025403784439,1.,0.866025403784439,
1.,0.866025403784439,1.,0.866025403784439,1.,0.866025403784439,1.,0.866025403784439,
1.,0.866025403784439,1.,0.866025403784439,1.,0.866025403784439,1.,0.866025403784439,
1.,0.866025403784439,1.,0.866025403784439,1.,0.866025403784439,1.,0.866025403784439,
1.,0.866025403784439,1.,0.866025403784439,1.,0.866025403784439,1.,0.866025403784439,
1.,0.866025403784439,1.,0.866025403784439,1.,0.866025403784439,1.,0.866025403784439,
1.,0.866025403784439,1.))
REPRESENTATION_ITEM('')
);
#23=(
BOUNDED_CURVE()
B_SPLINE_CURVE(2,(#10071,#10072,#10073,#10074,#10075,#10076,#10077,#10078,
#10079,#10080,#10081,#10082,#10083,#10084,#10085,#10086,#10087,#10088,#10089,
#10090,#10091,#10092,#10093,#10094,#10095,#10096,#10097,#10098,#10099,#10100,
#10101,#10102,#10103,#10104,#10105,#10106,#10107,#10108,#10109,#10110,#10111,
#10112,#10113,#10114,#10115,#10116,#10117,#10118,#10119,#10120,#10121,#10122,
#10123,#10124,#10125,#10126,#10127,#10128,#10129,#10130,#10131,#10132,#10133,
#10134,#10135,#10136,#10137,#10138,#10139,#10140,#10141,#10142,#10143,#10144,
#10145,#10146,#10147,#10148,#10149,#10150,#10151,#10152,#10153,#10154,#10155,
#10156,#10157,#10158,#10159,#10160,#10161,#10162,#10163,#10164,#10165,#10166,
#10167,#10168,#10169,#10170,#10171,#10172,#10173,#10174,#10175,#10176,#10177,
#10178,#10179,#10180,#10181,#10182,#10183,#10184,#10185,#10186,#10187,#10188,
#10189,#10190,#10191),.UNSPECIFIED.,.F.,.F.)
B_SPLINE_CURVE_WITH_KNOTS((3,2,2,2,2,2,2,2,2,2,2,2,2,2,2,2,2,2,2,2,2,2,
2,2,2,2,2,2,2,2,2,2,2,2,2,2,2,2,2,2,2,2,2,2,2,2,2,2,2,2,2,2,2,2,2,2,2,2,
2,2,3),(0.,0.0166666666666667,0.0333333333333333,0.05,0.0666666666666667,
0.0833333333333333,0.1,0.116666666666667,0.133333333333333,0.15,0.166666666666667,
0.183333333333333,0.2,0.216666666666667,0.233333333333333,0.25,0.266666666666667,
0.283333333333333,0.3,0.316666666666667,0.333333333333333,0.35,0.366666666666667,
0.383333333333333,0.4,0.416666666666667,0.433333333333333,0.45,0.466666666666667,
0.483333333333333,0.5,0.516666666666667,0.533333333333333,0.55,0.566666666666667,
0.583333333333333,0.6,0.616666666666667,0.633333333333333,0.65,0.666666666666667,
0.683333333333333,0.7,0.716666666666667,0.733333333333333,0.75,0.766666666666667,
0.783333333333333,0.8,0.816666666666667,0.833333333333333,0.85,0.866666666666667,
0.883333333333333,0.9,0.916666666666667,0.933333333333333,0.95,0.966666666666667,
0.983333333333333,1.),.UNSPECIFIED.)
CURVE()
GEOMETRIC_REPRESENTATION_ITEM()
RATIONAL_B_SPLINE_CURVE((1.,0.866025403784439,1.,0.866025403784439,1.,0.866025403784439,
1.,0.866025403784439,1.,0.866025403784439,1.,0.866025403784439,1.,0.866025403784439,
1.,0.866025403784439,1.,0.866025403784439,1.,0.866025403784439,1.,0.866025403784439,
1.,0.866025403784439,1.,0.866025403784439,1.,0.866025403784439,1.,0.866025403784439,
1.,0.866025403784439,1.,0.866025403784439,1.,0.866025403784439,1.,0.866025403784439,
1.,0.866025403784439,1.,0.866025403784439,1.,0.866025403784439,1.,0.866025403784439,
1.,0.866025403784439,1.,0.866025403784439,1.,0.866025403784439,1.,0.866025403784439,
1.,0.866025403784439,1.,0.866025403784439,1.,0.866025403784439,1.,0.866025403784439,
1.,0.866025403784439,1.,0.866025403784439,1.,0.866025403784439,1.,0.866025403784439,
1.,0.866025403784439,1.,0.866025403784439,1.,0.866025403784439,1.,0.866025403784439,
1.,0.866025403784439,1.,0.866025403784439,1.,0.866025403784439,1.,0.866025403784439,
1.,0.866025403784439,1.,0.866025403784439,1.,0.866025403784439,1.,0.866025403784439,
1.,0.866025403784439,1.,0.866025403784439,1.,0.866025403784439,1.,0.866025403784439,
1.,0.866025403784439,1.,0.866025403784439,1.,0.866025403784439,1.,0.866025403784439,
1.,0.866025403784439,1.,0.866025403784439,1.,0.866025403784439,1.,0.866025403784439,
1.,0.866025403784439,1.))
REPRESENTATION_ITEM('')
);
#24=CONTEXT_DEPENDENT_SHAPE_REPRESENTATION(#30,#11530);
#25=CONTEXT_DEPENDENT_SHAPE_REPRESENTATION(#31,#11532);
#26=CONTEXT_DEPENDENT_SHAPE_REPRESENTATION(#32,#11534);
#27=NEXT_ASSEMBLY_USAGE_OCCURRENCE('Base','Base','Base',#11535,#11536,
'');
#28=NEXT_ASSEMBLY_USAGE_OCCURRENCE('Coil','Coil','Coil',#11535,#11537,
'');
#29=NEXT_ASSEMBLY_USAGE_OCCURRENCE('Cap','Cap','Cap',#11535,#11538,'');
#30=(
REPRESENTATION_RELATIONSHIP(' ',' ',#6280,#6281)
REPRESENTATION_RELATIONSHIP_WITH_TRANSFORMATION(#33)
SHAPE_REPRESENTATION_RELATIONSHIP()
);
#31=(
REPRESENTATION_RELATIONSHIP(' ',' ',#6282,#6281)
REPRESENTATION_RELATIONSHIP_WITH_TRANSFORMATION(#34)
SHAPE_REPRESENTATION_RELATIONSHIP()
);
#32=(
REPRESENTATION_RELATIONSHIP(' ',' ',#6283,#6281)
REPRESENTATION_RELATIONSHIP_WITH_TRANSFORMATION(#35)
SHAPE_REPRESENTATION_RELATIONSHIP()
);
#33=ITEM_DEFINED_TRANSFORMATION(' ',' ',#6284,#6496);
#34=ITEM_DEFINED_TRANSFORMATION(' ',' ',#6284,#6537);
#35=ITEM_DEFINED_TRANSFORMATION(' ',' ',#6284,#6574);
#36=SHAPE_REPRESENTATION_RELATIONSHIP('','',#6280,#39);
#37=SHAPE_REPRESENTATION_RELATIONSHIP('','',#6282,#40);
#38=SHAPE_REPRESENTATION_RELATIONSHIP('','',#6283,#41);
#39=ADVANCED_BREP_SHAPE_REPRESENTATION('',(#6273),#11518);
#40=ADVANCED_BREP_SHAPE_REPRESENTATION('',(#6274),#11519);
#41=ADVANCED_BREP_SHAPE_REPRESENTATION('',(#6275),#11520);
#42=B_SPLINE_SURFACE_WITH_KNOTS('',3,1,((#8369,#8370),(#8371,#8372),(#8373,
#8374),(#8375,#8376),(#8377,#8378),(#8379,#8380),(#8381,#8382),(#8383,#8384)),
 .SURF_OF_LINEAR_EXTRUSION.,.F.,.F.,.F.,(4,1,1,1,1,4),(2,2),(0.346801496550145,
0.419862782785809,0.456393425903641,0.492924069021472,0.565985355257136,
0.639046641492799),(0.,1.),.UNSPECIFIED.);
#43=B_SPLINE_SURFACE_WITH_KNOTS('',3,1,((#8403,#8404),(#8405,#8406),(#8407,
#8408),(#8409,#8410),(#8411,#8412),(#8413,#8414),(#8415,#8416),(#8417,#8418),
(#8419,#8420)),.SURF_OF_LINEAR_EXTRUSION.,.F.,.F.,.F.,(4,1,1,1,1,1,4),(2,
2),(0.0760811869428352,0.106995344988322,0.137909503033808,0.199737819124781,
0.230651977170268,0.261566135215754,0.323394451306727),(0.,1.),
 .UNSPECIFIED.);
#44=B_SPLINE_SURFACE_WITH_KNOTS('',3,1,((#8439,#8440),(#8441,#8442),(#8443,
#8444),(#8445,#8446),(#8447,#8448),(#8449,#8450),(#8451,#8452)),
 .SURF_OF_LINEAR_EXTRUSION.,.F.,.F.,.F.,(4,1,1,1,4),(2,2),(0.346842696976696,
0.510132022732522,0.673421348488348,0.836710674244174,1.),(0.,1.),
 .UNSPECIFIED.);
#45=B_SPLINE_SURFACE_WITH_KNOTS('',3,1,((#8487,#8488),(#8489,#8490),(#8491,
#8492),(#8493,#8494),(#8495,#8496)),.SURF_OF_LINEAR_EXTRUSION.,.F.,.F.,
 .F.,(4,1,4),(2,2),(0.809168413270359,0.904584206635179,1.),(0.,1.),
 .UNSPECIFIED.);
#46=B_SPLINE_SURFACE_WITH_KNOTS('',3,1,((#8516,#8517),(#8518,#8519),(#8520,
#8521),(#8522,#8523),(#8524,#8525),(#8526,#8527),(#8528,#8529),(#8530,#8531),
(#8532,#8533),(#8534,#8535),(#8536,#8537)),.SURF_OF_LINEAR_EXTRUSION.,.F.,
 .F.,.F.,(4,1,1,1,1,1,1,1,4),(2,2),(0.0362571372563781,0.113392685223917,
0.190528233191455,0.267663781158993,0.344799329126532,0.42193487709407,
0.499070425061608,0.576205973029147,0.653341520996685),(0.,1.),
 .UNSPECIFIED.);
#47=B_SPLINE_SURFACE_WITH_KNOTS('',3,1,((#8585,#8586),(#8587,#8588),(#8589,
#8590),(#8591,#8592),(#8593,#8594),(#8595,#8596)),
 .SURF_OF_LINEAR_EXTRUSION.,.F.,.F.,.F.,(4,1,1,4),(2,2),(0.,0.103935764183643,
0.155903646275465,0.207871528367286),(0.,1.),.UNSPECIFIED.);
#48=B_SPLINE_SURFACE_WITH_KNOTS('',3,1,((#8639,#8640),(#8641,#8642),(#8643,
#8644),(#8645,#8646),(#8647,#8648),(#8649,#8650),(#8651,#8652)),
 .SURF_OF_LINEAR_EXTRUSION.,.F.,.F.,.F.,(4,1,1,1,4),(2,2),(0.503623139643075,
0.627717354732307,0.751811569821538,0.875905784910769,1.),(0.,1.),
 .UNSPECIFIED.);
#49=B_SPLINE_SURFACE_WITH_KNOTS('',3,1,((#8675,#8676),(#8677,#8678),(#8679,
#8680),(#8681,#8682),(#8683,#8684),(#8685,#8686),(#8687,#8688),(#8689,#8690),
(#8691,#8692),(#8693,#8694)),.SURF_OF_LINEAR_EXTRUSION.,.F.,.F.,.F.,(4,
1,1,1,1,1,1,4),(2,2),(0.381363219896538,0.50280010998959,0.563518555036116,
0.624237000082642,0.684955445129168,0.745673890175694,0.80639233522222,
0.867110780268746),(0.,1.),.UNSPECIFIED.);
#50=B_SPLINE_SURFACE_WITH_KNOTS('',3,1,((#8715,#8716),(#8717,#8718),(#8719,
#8720),(#8721,#8722),(#8723,#8724),(#8725,#8726),(#8727,#8728),(#8729,#8730),
(#8731,#8732),(#8733,#8734),(#8735,#8736),(#8737,#8738),(#8739,#8740),(#8741,
#8742),(#8743,#8744)),.SURF_OF_LINEAR_EXTRUSION.,.T.,.F.,.F.,(1,1,1,1,1,
1,1,1,1,1,1,1,1,1,1,1,1,1,1),(2,2),(-0.323172691334479,-0.16158634566724,
-0.0807931728336198,0.,0.0668500083915791,0.133700016783158,0.2436773170571,
0.298665967194071,0.353654617331042,0.434447790164661,0.515240962998281,
0.596034135831901,0.676827308665521,0.83841365433276,0.91920682716638,1.,
1.06685000839158,1.13370001678316,1.2436773170571),(0.,1.),
 .UNSPECIFIED.);
#51=B_SPLINE_SURFACE_WITH_KNOTS('',3,1,((#8787,#8788),(#8789,#8790),(#8791,
#8792),(#8793,#8794),(#8795,#8796),(#8797,#8798),(#8799,#8800),(#8801,#8802),
(#8803,#8804),(#8805,#8806),(#8807,#8808),(#8809,#8810),(#8811,#8812),(#8813,
#8814),(#8815,#8816),(#8817,#8818)),.SURF_OF_LINEAR_EXTRUSION.,.T.,.F.,
 .F.,(1,1,1,1,1,1,1,1,1,1,1,1,1,1,1,1,1,1,1,1),(2,2),(-0.243244118294185,
-0.162162745529457,-0.0810813727647283,0.,0.0636738158840307,0.127347631768061,
0.239348324825118,0.295348671353646,0.351349017882174,0.432430390646902,
0.51351176341163,0.594593136176359,0.675674508941087,0.756755881705815,
0.837837254470543,0.918918627235272,1.,1.06367381588403,1.12734763176806,
1.23934832482512),(0.,1.),.UNSPECIFIED.);
#52=B_SPLINE_SURFACE_WITH_KNOTS('',3,1,((#8842,#8843),(#8844,#8845),(#8846,
#8847),(#8848,#8849),(#8850,#8851),(#8852,#8853),(#8854,#8855),(#8856,#8857),
(#8858,#8859),(#8860,#8861),(#8862,#8863),(#8864,#8865),(#8866,#8867)),
 .SURF_OF_LINEAR_EXTRUSION.,.F.,.F.,.F.,(4,1,1,1,1,1,1,1,1,1,4),(2,2),(0.536708810693169,
0.592123107637299,0.619830256109365,0.64753740458143,0.702951701525561,
0.758365998469692,0.813780295413823,0.841487443885888,0.869194592357954,
0.924608889302085,0.980023186246216),(0.,1.),.UNSPECIFIED.);
#53=B_SPLINE_SURFACE_WITH_KNOTS('',3,1,((#8903,#8904),(#8905,#8906),(#8907,
#8908),(#8909,#8910),(#8911,#8912),(#8913,#8914),(#8915,#8916),(#8917,#8918),
(#8919,#8920),(#8921,#8922)),.SURF_OF_LINEAR_EXTRUSION.,.F.,.F.,.F.,(4,
1,1,1,1,1,1,4),(2,2),(0.,0.064591499617423,0.129182999234846,0.193774498852269,
0.258365998469692,0.322957498087115,0.387548997704538,0.516731996939384),
(0.,1.),.UNSPECIFIED.);
#54=B_SPLINE_SURFACE_WITH_KNOTS('',3,1,((#8949,#8950),(#8951,#8952),(#8953,
#8954),(#8955,#8956),(#8957,#8958),(#8959,#8960),(#8961,#8962)),
 .SURF_OF_LINEAR_EXTRUSION.,.F.,.F.,.F.,(4,1,1,1,4),(2,2),(0.346830523467363,
0.510122892600523,0.673415261733682,0.836707630866841,1.),(0.,1.),
 .UNSPECIFIED.);
#55=B_SPLINE_SURFACE_WITH_KNOTS('',3,1,((#8995,#8996),(#8997,#8998),(#8999,
#9000),(#9001,#9002),(#9003,#9004)),.SURF_OF_LINEAR_EXTRUSION.,.F.,.F.,
 .F.,(4,1,4),(2,2),(0.809371910293289,0.904685955146644,1.),(0.,1.),
 .UNSPECIFIED.);
#56=B_SPLINE_SURFACE_WITH_KNOTS('',3,1,((#9024,#9025),(#9026,#9027),(#9028,
#9029),(#9030,#9031),(#9032,#9033),(#9034,#9035),(#9036,#9037),(#9038,#9039),
(#9040,#9041),(#9042,#9043),(#9044,#9045)),.SURF_OF_LINEAR_EXTRUSION.,.F.,
 .F.,.F.,(4,1,1,1,1,1,1,1,4),(2,2),(0.0362631738991008,0.11342527122756,
0.190587368556018,0.267749465884477,0.344911563212936,0.422073660541395,
0.499235757869854,0.576397855198313,0.653559952526771),(0.,1.),
 .UNSPECIFIED.);
#57=B_SPLINE_SURFACE_WITH_KNOTS('',3,1,((#9077,#9078),(#9079,#9080),(#9081,
#9082),(#9083,#9084)),.SURF_OF_LINEAR_EXTRUSION.,.F.,.F.,.F.,(4,4),(2,2),
(0.800019169459584,1.),(0.,1.),.PIECEWISE_BEZIER_KNOTS.);
#58=B_SPLINE_SURFACE_WITH_KNOTS('',3,1,((#9100,#9101),(#9102,#9103),(#9104,
#9105),(#9106,#9107)),.SURF_OF_LINEAR_EXTRUSION.,.F.,.F.,.F.,(4,4),(2,2),
(0.118567308160907,0.15643706001184),(0.,1.),.PIECEWISE_BEZIER_KNOTS.);
#59=B_SPLINE_SURFACE_WITH_KNOTS('',3,1,((#9118,#9119),(#9120,#9121),(#9122,
#9123),(#9124,#9125)),.SURF_OF_LINEAR_EXTRUSION.,.F.,.F.,.F.,(4,4),(2,2),
(0.177548506385719,0.232121929075433),(0.,1.),.PIECEWISE_BEZIER_KNOTS.);
#60=B_SPLINE_SURFACE_WITH_KNOTS('',3,1,((#9132,#9133),(#9134,#9135),(#9136,
#9137),(#9138,#9139),(#9140,#9141),(#9142,#9143),(#9144,#9145),(#9146,#9147),
(#9148,#9149),(#9150,#9151)),.SURF_OF_LINEAR_EXTRUSION.,.F.,.F.,.F.,(4,
1,1,1,1,1,1,4),(2,2),(0.232121929075433,0.324177714636345,0.370205607416801,
0.416233500197257,0.462261392977713,0.508289285758169,0.554317178538625,
0.600345071319081),(0.,1.),.UNSPECIFIED.);
#61=B_SPLINE_SURFACE_WITH_KNOTS('',3,1,((#9169,#9170),(#9171,#9172),(#9173,
#9174),(#9175,#9176),(#9177,#9178)),.SURF_OF_LINEAR_EXTRUSION.,.F.,.F.,
 .F.,(4,1,4),(2,2),(0.,0.198095932071067,0.396191864142134),(0.,1.),
 .UNSPECIFIED.);
#62=B_SPLINE_SURFACE_WITH_KNOTS('',3,1,((#9217,#9218),(#9219,#9220),(#9221,
#9222),(#9223,#9224),(#9225,#9226),(#9227,#9228)),
 .SURF_OF_LINEAR_EXTRUSION.,.F.,.F.,.F.,(4,1,1,4),(2,2),(0.615778982699935,
0.807889491349967,0.903944745674984,1.),(0.,1.),.UNSPECIFIED.);
#63=B_SPLINE_SURFACE_WITH_KNOTS('',3,1,((#9249,#9250),(#9251,#9252),(#9253,
#9254),(#9255,#9256),(#9257,#9258),(#9259,#9260),(#9261,#9262)),
 .SURF_OF_LINEAR_EXTRUSION.,.F.,.F.,.F.,(4,1,1,1,4),(2,2),(0.600345071319081,
0.64493659304716,0.68952811477524,0.734119636503319,0.778711158231399),
(0.,1.),.UNSPECIFIED.);
#64=B_SPLINE_SURFACE_WITH_KNOTS('',3,1,((#9285,#9286),(#9287,#9288),(#9289,
#9290),(#9291,#9292),(#9293,#9294),(#9295,#9296),(#9297,#9298),(#9299,#9300),
(#9301,#9302)),.SURF_OF_LINEAR_EXTRUSION.,.F.,.F.,.F.,(4,1,1,1,1,1,4),(2,
2),(0.43650016567939,0.506937644969466,0.577375124259543,0.718250082839695,
0.788687562129771,0.859125041419847,1.),(0.,1.),.UNSPECIFIED.);
#65=B_SPLINE_SURFACE_WITH_KNOTS('',3,1,((#9314,#9315),(#9316,#9317),(#9318,
#9319),(#9320,#9321),(#9322,#9323)),.SURF_OF_LINEAR_EXTRUSION.,.F.,.F.,
 .F.,(4,1,4),(2,2),(0.,0.163804349591513,0.327608699183027),(0.,1.),
 .UNSPECIFIED.);
#66=B_SPLINE_SURFACE_WITH_KNOTS('',3,1,((#9350,#9351),(#9352,#9353),(#9354,
#9355),(#9356,#9357),(#9358,#9359)),.SURF_OF_LINEAR_EXTRUSION.,.F.,.F.,
 .F.,(4,1,4),(2,2),(0.6620472636539,0.83102363182695,1.),(0.,1.),
 .UNSPECIFIED.);
#67=B_SPLINE_SURFACE_WITH_KNOTS('',3,1,((#9482,#9483),(#9484,#9485),(#9486,
#9487),(#9488,#9489),(#9490,#9491),(#9492,#9493),(#9494,#9495),(#9496,#9497)),
 .SURF_OF_LINEAR_EXTRUSION.,.F.,.F.,.F.,(4,1,1,1,1,4),(2,2),(0.549985207066529,
0.662488905299897,0.718740754416581,0.774992603533265,0.887496301766632,
1.),(0.,1.),.UNSPECIFIED.);
#68=B_SPLINE_SURFACE_WITH_KNOTS('',3,1,((#9529,#9530),(#9531,#9532),(#9533,
#9534),(#9535,#9536),(#9537,#9538),(#9539,#9540),(#9541,#9542),(#9543,#9544),
(#9545,#9546),(#9547,#9548),(#9549,#9550)),.SURF_OF_LINEAR_EXTRUSION.,.F.,
 .F.,.F.,(4,1,1,1,1,1,1,1,4),(2,2),(0.,0.090816897308183,0.181633794616366,
0.272450691924549,0.363267589232732,0.454084486540915,0.544901383849098,
0.635718281157281,0.726535178465464),(0.,1.),.UNSPECIFIED.);
#69=B_SPLINE_SURFACE_WITH_KNOTS('',3,3,((#10699,#10700,#10701,#10702),(#10703,
#10704,#10705,#10706),(#10707,#10708,#10709,#10710),(#10711,#10712,#10713,
#10714)),.PLANE_SURF.,.F.,.F.,.F.,(4,4),(4,4),(0.,1.),(0.990533601710111,
1.),.PIECEWISE_BEZIER_KNOTS.);
#70=B_SPLINE_SURFACE_WITH_KNOTS('',3,3,((#10752,#10753,#10754,#10755),(#10756,
#10757,#10758,#10759),(#10760,#10761,#10762,#10763),(#10764,#10765,#10766,
#10767)),.PLANE_SURF.,.F.,.F.,.F.,(4,4),(4,4),(0.,1.),(0.990533601710111,
1.),.PIECEWISE_BEZIER_KNOTS.);
#71=B_SPLINE_SURFACE_WITH_KNOTS('',3,3,((#10813,#10814,#10815,#10816),(#10817,
#10818,#10819,#10820),(#10821,#10822,#10823,#10824),(#10825,#10826,#10827,
#10828)),.PLANE_SURF.,.F.,.F.,.F.,(4,4),(4,4),(0.,1.),(0.990533601710115,
1.),.PIECEWISE_BEZIER_KNOTS.);
#72=B_SPLINE_SURFACE_WITH_KNOTS('',3,3,((#10866,#10867,#10868,#10869),(#10870,
#10871,#10872,#10873),(#10874,#10875,#10876,#10877),(#10878,#10879,#10880,
#10881)),.PLANE_SURF.,.F.,.F.,.F.,(4,4),(4,4),(0.,1.),(0.990533601710115,
1.),.PIECEWISE_BEZIER_KNOTS.);
#73=B_SPLINE_SURFACE_WITH_KNOTS('',3,3,((#10898,#10899,#10900,#10901),(#10902,
#10903,#10904,#10905),(#10906,#10907,#10908,#10909),(#10910,#10911,#10912,
#10913)),.PLANE_SURF.,.F.,.F.,.F.,(4,4),(4,4),(0.,1.),(0.910381879706708,
1.),.PIECEWISE_BEZIER_KNOTS.);
#74=B_SPLINE_SURFACE_WITH_KNOTS('',3,3,((#10918,#10919,#10920,#10921),(#10922,
#10923,#10924,#10925),(#10926,#10927,#10928,#10929),(#10930,#10931,#10932,
#10933)),.PLANE_SURF.,.F.,.F.,.F.,(4,4),(4,4),(0.,1.),(0.910381879706708,
1.),.PIECEWISE_BEZIER_KNOTS.);
#75=B_SPLINE_SURFACE_WITH_KNOTS('',3,3,((#10938,#10939,#10940,#10941,#10942,
#10943),(#10944,#10945,#10946,#10947,#10948,#10949),(#10950,#10951,#10952,
#10953,#10954,#10955),(#10956,#10957,#10958,#10959,#10960,#10961)),
 .SURF_OF_LINEAR_EXTRUSION.,.F.,.F.,.F.,(4,4),(4,2,4),(0.,1.),(0.860921512565555,
0.885651696136131,0.910381879706708),.UNSPECIFIED.);
#76=B_SPLINE_SURFACE_WITH_KNOTS('',3,3,((#10966,#10967,#10968,#10969,#10970,
#10971),(#10972,#10973,#10974,#10975,#10976,#10977),(#10978,#10979,#10980,
#10981,#10982,#10983),(#10984,#10985,#10986,#10987,#10988,#10989)),
 .SURF_OF_LINEAR_EXTRUSION.,.F.,.F.,.F.,(4,4),(4,2,4),(0.,1.),(0.860921512565555,
0.885651696136131,0.910381879706708),.UNSPECIFIED.);
#77=B_SPLINE_SURFACE_WITH_KNOTS('',3,3,((#10994,#10995,#10996,#10997),(#10998,
#10999,#11000,#11001),(#11002,#11003,#11004,#11005),(#11006,#11007,#11008,
#11009)),.PLANE_SURF.,.F.,.F.,.F.,(4,4),(4,4),(0.,1.),(0.720385213661238,
0.860921512565555),.PIECEWISE_BEZIER_KNOTS.);
#78=B_SPLINE_SURFACE_WITH_KNOTS('',3,3,((#11014,#11015,#11016,#11017),(#11018,
#11019,#11020,#11021),(#11022,#11023,#11024,#11025),(#11026,#11027,#11028,
#11029)),.PLANE_SURF.,.F.,.F.,.F.,(4,4),(4,4),(0.,1.),(0.720385213661238,
0.860921512565555),.PIECEWISE_BEZIER_KNOTS.);
#79=B_SPLINE_SURFACE_WITH_KNOTS('',3,3,((#11034,#11035,#11036,#11037,#11038,
#11039),(#11040,#11041,#11042,#11043,#11044,#11045),(#11046,#11047,#11048,
#11049,#11050,#11051),(#11052,#11053,#11054,#11055,#11056,#11057)),
 .SURF_OF_LINEAR_EXTRUSION.,.F.,.F.,.F.,(4,4),(4,2,4),(0.,1.),(0.670924846520085,
0.695655030090661,0.720385213661238),.UNSPECIFIED.);
#80=B_SPLINE_SURFACE_WITH_KNOTS('',3,3,((#11062,#11063,#11064,#11065,#11066,
#11067),(#11068,#11069,#11070,#11071,#11072,#11073),(#11074,#11075,#11076,
#11077,#11078,#11079),(#11080,#11081,#11082,#11083,#11084,#11085)),
 .SURF_OF_LINEAR_EXTRUSION.,.F.,.F.,.F.,(4,4),(4,2,4),(0.,1.),(0.670924846520085,
0.695655030090661,0.720385213661238),.UNSPECIFIED.);
#81=B_SPLINE_SURFACE_WITH_KNOTS('',3,3,((#11090,#11091,#11092,#11093),(#11094,
#11095,#11096,#11097),(#11098,#11099,#11100,#11101),(#11102,#11103,#11104,
#11105)),.PLANE_SURF.,.F.,.F.,.F.,(4,4),(4,4),(0.,1.),(0.,0.670924846520085),
 .PIECEWISE_BEZIER_KNOTS.);
#82=B_SPLINE_SURFACE_WITH_KNOTS('',3,3,((#11110,#11111,#11112,#11113),(#11114,
#11115,#11116,#11117),(#11118,#11119,#11120,#11121),(#11122,#11123,#11124,
#11125)),.PLANE_SURF.,.F.,.F.,.F.,(4,4),(4,4),(0.,1.),(0.,0.670924846520085),
 .PIECEWISE_BEZIER_KNOTS.);
#83=B_SPLINE_SURFACE_WITH_KNOTS('',3,3,((#11131,#11132,#11133,#11134),(#11135,
#11136,#11137,#11138),(#11139,#11140,#11141,#11142),(#11143,#11144,#11145,
#11146)),.PLANE_SURF.,.F.,.F.,.F.,(4,4),(4,4),(0.,1.),(0.95369041472631,
1.),.PIECEWISE_BEZIER_KNOTS.);
#84=B_SPLINE_SURFACE_WITH_KNOTS('',3,3,((#11151,#11152,#11153,#11154),(#11155,
#11156,#11157,#11158),(#11159,#11160,#11161,#11162),(#11163,#11164,#11165,
#11166)),.PLANE_SURF.,.F.,.F.,.F.,(4,4),(4,4),(0.,1.),(0.95369041472631,
1.),.PIECEWISE_BEZIER_KNOTS.);
#85=B_SPLINE_SURFACE_WITH_KNOTS('',3,3,((#11171,#11172,#11173,#11174,#11175,
#11176),(#11177,#11178,#11179,#11180,#11181,#11182),(#11183,#11184,#11185,
#11186,#11187,#11188),(#11189,#11190,#11191,#11192,#11193,#11194)),
 .SURF_OF_LINEAR_EXTRUSION.,.F.,.F.,.F.,(4,4),(4,2,4),(0.,1.),(0.905195130430771,
0.929442772578541,0.95369041472631),.UNSPECIFIED.);
#86=B_SPLINE_SURFACE_WITH_KNOTS('',3,3,((#11199,#11200,#11201,#11202,#11203,
#11204),(#11205,#11206,#11207,#11208,#11209,#11210),(#11211,#11212,#11213,
#11214,#11215,#11216),(#11217,#11218,#11219,#11220,#11221,#11222)),
 .SURF_OF_LINEAR_EXTRUSION.,.F.,.F.,.F.,(4,4),(4,2,4),(0.,1.),(0.905195130430771,
0.929442772578541,0.95369041472631),.UNSPECIFIED.);
#87=B_SPLINE_SURFACE_WITH_KNOTS('',3,3,((#11227,#11228,#11229,#11230),(#11231,
#11232,#11233,#11234),(#11235,#11236,#11237,#11238),(#11239,#11240,#11241,
#11242)),.PLANE_SURF.,.F.,.F.,.F.,(4,4),(4,4),(0.,1.),(0.459113772152507,
0.905195130430771),.PIECEWISE_BEZIER_KNOTS.);
#88=B_SPLINE_SURFACE_WITH_KNOTS('',3,3,((#11247,#11248,#11249,#11250),(#11251,
#11252,#11253,#11254),(#11255,#11256,#11257,#11258),(#11259,#11260,#11261,
#11262)),.PLANE_SURF.,.F.,.F.,.F.,(4,4),(4,4),(0.,1.),(0.459113772152507,
0.905195130430771),.PIECEWISE_BEZIER_KNOTS.);
#89=B_SPLINE_SURFACE_WITH_KNOTS('',3,3,((#11267,#11268,#11269,#11270,#11271,
#11272),(#11273,#11274,#11275,#11276,#11277,#11278),(#11279,#11280,#11281,
#11282,#11283,#11284),(#11285,#11286,#11287,#11288,#11289,#11290)),
 .SURF_OF_LINEAR_EXTRUSION.,.F.,.F.,.F.,(4,4),(4,2,4),(0.,1.),(0.427591837360407,
0.443352804756457,0.459113772152507),.UNSPECIFIED.);
#90=B_SPLINE_SURFACE_WITH_KNOTS('',3,3,((#11295,#11296,#11297,#11298,#11299,
#11300),(#11301,#11302,#11303,#11304,#11305,#11306),(#11307,#11308,#11309,
#11310,#11311,#11312),(#11313,#11314,#11315,#11316,#11317,#11318)),
 .SURF_OF_LINEAR_EXTRUSION.,.F.,.F.,.F.,(4,4),(4,2,4),(0.,1.),(0.427591837360407,
0.443352804756457,0.459113772152507),.UNSPECIFIED.);
#91=B_SPLINE_SURFACE_WITH_KNOTS('',3,3,((#11323,#11324,#11325,#11326),(#11327,
#11328,#11329,#11330),(#11331,#11332,#11333,#11334),(#11335,#11336,#11337,
#11338)),.PLANE_SURF.,.F.,.F.,.F.,(4,4),(4,4),(0.,1.),(0.,0.427591837360407),
 .PIECEWISE_BEZIER_KNOTS.);
#92=B_SPLINE_SURFACE_WITH_KNOTS('',3,3,((#11343,#11344,#11345,#11346),(#11347,
#11348,#11349,#11350),(#11351,#11352,#11353,#11354),(#11355,#11356,#11357,
#11358)),.PLANE_SURF.,.F.,.F.,.F.,(4,4),(4,4),(0.,1.),(0.,0.427591837360407),
 .PIECEWISE_BEZIER_KNOTS.);
#93=CYLINDRICAL_SURFACE('',#6324,4.15);
#94=CYLINDRICAL_SURFACE('',#6330,4.15);
#95=CYLINDRICAL_SURFACE('',#6333,1.95);
#96=CYLINDRICAL_SURFACE('',#6347,0.3);
#97=CYLINDRICAL_SURFACE('',#6348,0.3);
#98=CYLINDRICAL_SURFACE('',#6349,0.3);
#99=CYLINDRICAL_SURFACE('',#6350,0.3);
#100=CYLINDRICAL_SURFACE('',#6351,0.3);
#101=CYLINDRICAL_SURFACE('',#6352,0.3);
#102=CYLINDRICAL_SURFACE('',#6353,0.3);
#103=CYLINDRICAL_SURFACE('',#6354,0.3);
#104=CYLINDRICAL_SURFACE('',#6355,0.1);
#105=CYLINDRICAL_SURFACE('',#6356,0.1);
#106=CYLINDRICAL_SURFACE('',#6357,0.1);
#107=CYLINDRICAL_SURFACE('',#6358,0.1);
#108=CYLINDRICAL_SURFACE('',#6359,0.3);
#109=CYLINDRICAL_SURFACE('',#6362,0.3);
#110=CYLINDRICAL_SURFACE('',#6365,0.3);
#111=CYLINDRICAL_SURFACE('',#6368,0.3);
#112=CYLINDRICAL_SURFACE('',#6370,0.100000000000002);
#113=CYLINDRICAL_SURFACE('',#6373,0.2);
#114=CYLINDRICAL_SURFACE('',#6376,0.0999999999999994);
#115=CYLINDRICAL_SURFACE('',#6379,0.100000000000003);
#116=CYLINDRICAL_SURFACE('',#6396,3.04360840789);
#117=CYLINDRICAL_SURFACE('',#6416,3.04360840789085);
#118=CYLINDRICAL_SURFACE('',#6460,60.187188154649);
#119=CYLINDRICAL_SURFACE('',#6497,4.65);
#120=CYLINDRICAL_SURFACE('',#6498,2.45);
#121=CYLINDRICAL_SURFACE('',#6509,0.15);
#122=CYLINDRICAL_SURFACE('',#6514,2.35000000000001);
#123=CYLINDRICAL_SURFACE('',#6527,0.150000000000006);
#124=CYLINDRICAL_SURFACE('',#6532,2.35000000000001);
#125=CYLINDRICAL_SURFACE('',#6556,0.3);
#126=CYLINDRICAL_SURFACE('',#6557,0.3);
#127=CYLINDRICAL_SURFACE('',#6558,0.3);
#128=CYLINDRICAL_SURFACE('',#6559,0.3);
#129=CIRCLE('',#6286,0.100000000000002);
#130=CIRCLE('',#6287,0.2);
#131=CIRCLE('',#6288,0.0999999999999994);
#132=CIRCLE('',#6289,0.100000000000003);
#133=CIRCLE('',#6290,3.04360840789);
#134=CIRCLE('',#6291,3.04360840789085);
#135=CIRCLE('',#6292,60.187188154649);
#136=CIRCLE('',#6294,0.3);
#137=CIRCLE('',#6295,0.3);
#138=CIRCLE('',#6296,0.3);
#139=CIRCLE('',#6297,0.3);
#140=CIRCLE('',#6298,0.3);
#141=CIRCLE('',#6299,0.3);
#142=CIRCLE('',#6300,0.3);
#143=CIRCLE('',#6301,0.3);
#144=CIRCLE('',#6305,0.1);
#145=CIRCLE('',#6306,0.3);
#146=CIRCLE('',#6307,4.15);
#147=CIRCLE('',#6308,0.3);
#148=CIRCLE('',#6309,0.1);
#149=CIRCLE('',#6310,0.3);
#150=CIRCLE('',#6311,0.3);
#151=CIRCLE('',#6313,0.1);
#152=CIRCLE('',#6314,0.3);
#153=CIRCLE('',#6315,0.3);
#154=CIRCLE('',#6316,0.1);
#155=CIRCLE('',#6317,0.3);
#156=CIRCLE('',#6318,4.15);
#157=CIRCLE('',#6319,0.3);
#158=CIRCLE('',#6325,4.15);
#159=CIRCLE('',#6331,4.15);
#160=CIRCLE('',#6334,1.95);
#161=CIRCLE('',#6335,1.95);
#162=CIRCLE('',#6338,0.1);
#163=CIRCLE('',#6339,0.3);
#164=CIRCLE('',#6340,0.3);
#165=CIRCLE('',#6341,0.1);
#166=CIRCLE('',#6342,0.1);
#167=CIRCLE('',#6343,0.3);
#168=CIRCLE('',#6344,0.3);
#169=CIRCLE('',#6345,0.1);
#170=CIRCLE('',#6360,0.3);
#171=CIRCLE('',#6363,0.3);
#172=CIRCLE('',#6366,0.3);
#173=CIRCLE('',#6369,0.3);
#174=CIRCLE('',#6371,0.100000000000002);
#175=CIRCLE('',#6374,0.2);
#176=CIRCLE('',#6377,0.0999999999999994);
#177=CIRCLE('',#6380,0.100000000000003);
#178=CIRCLE('',#6397,3.04360840789);
#179=CIRCLE('',#6417,3.04360840789085);
#180=CIRCLE('',#6461,60.187188154649);
#181=CIRCLE('',#6500,0.230000000000005);
#182=CIRCLE('',#6501,0.230000000000005);
#183=CIRCLE('',#6502,0.0300000000000043);
#184=CIRCLE('',#6503,0.030000000000004);
#185=CIRCLE('',#6505,0.0300000000000092);
#186=CIRCLE('',#6506,0.0300000000000095);
#187=CIRCLE('',#6507,0.230000000000007);
#188=CIRCLE('',#6508,0.230000000000006);
#189=CIRCLE('',#6510,0.15);
#190=CIRCLE('',#6511,0.15);
#191=CIRCLE('',#6513,2.35000000000001);
#192=CIRCLE('',#6515,2.35000000000001);
#193=CIRCLE('',#6518,0.0999999999999994);
#194=CIRCLE('',#6519,0.0299999999999998);
#195=CIRCLE('',#6520,0.23);
#196=CIRCLE('',#6521,0.3);
#197=CIRCLE('',#6523,0.3);
#198=CIRCLE('',#6524,0.23);
#199=CIRCLE('',#6525,0.0299999999999998);
#200=CIRCLE('',#6526,0.0999999999999994);
#201=CIRCLE('',#6528,0.150000000000006);
#202=CIRCLE('',#6529,0.150000000000006);
#203=CIRCLE('',#6531,2.35000000000001);
#204=CIRCLE('',#6533,2.35000000000001);
#205=CIRCLE('',#6541,0.3);
#206=CIRCLE('',#6542,0.3);
#207=CIRCLE('',#6543,0.3);
#208=CIRCLE('',#6544,0.3);
#209=CIRCLE('',#6548,0.3);
#210=CIRCLE('',#6549,0.3);
#211=CIRCLE('',#6550,0.3);
#212=CIRCLE('',#6551,0.3);
#213=B_SPLINE_CURVE_WITH_KNOTS('',3,(#7646,#7647,#7648,#7649,#7650,#7651,
#7652,#7653,#7654,#7655,#7656,#7657,#7658,#7659,#7660,#7661,#7662,#7663,
#7664,#7665,#7666,#7667,#7668,#7669,#7670,#7671,#7672),.UNSPECIFIED.,.F.,
 .F.,(4,2,3,3,3,2,2,3,3,2,4),(0.536708810693169,0.586023133152028,0.635897845638831,
0.660769239466329,0.687162573933467,0.739142316135738,0.791122058338009,
0.84310180054028,0.874713100203081,0.927368143224649,0.980023186246216),
 .UNSPECIFIED.);
#214=B_SPLINE_CURVE_WITH_KNOTS('',3,(#7676,#7677,#7678,#7679,#7680,#7681,
#7682,#7683,#7684,#7685,#7686,#7687,#7688,#7689,#7690,#7691,#7692,#7693,
#7694,#7695,#7696),.UNSPECIFIED.,.F.,.F.,(4,2,2,3,3,2,3,2,4),(0.,0.0472445117080022,
0.0944890234160031,0.141733535124004,0.173686791373624,0.250576286569586,
0.373911720487984,0.45880489180525,0.516731996939384),.UNSPECIFIED.);
#215=B_SPLINE_CURVE_WITH_KNOTS('',3,(#7697,#7698,#7699,#7700,#7701,#7702,
#7703,#7704,#7705,#7706,#7707,#7708,#7709,#7710,#7711,#7712,#7713,#7714,
#7715,#7716),.UNSPECIFIED.,.T.,.F.,(4,3,2,3,2,2,2,2,4),(0.,0.134050138703223,
0.248237516057259,0.363138564519758,0.489995695752931,0.617496771814699,
0.744997847876467,0.872498923938234,1.),.UNSPECIFIED.);
#216=B_SPLINE_CURVE_WITH_KNOTS('',3,(#7739,#7740,#7741,#7742,#7743,#7744,
#7745,#7746,#7747,#7748,#7749,#7750,#7751),.UNSPECIFIED.,.F.,.F.,(4,3,3,
3,4),(0.0760811869428352,0.117938634111631,0.152817389398713,0.211217928513172,
0.323394451306727),.UNSPECIFIED.);
#217=B_SPLINE_CURVE_WITH_KNOTS('',3,(#7755,#7756,#7757,#7758,#7759,#7760,
#7761,#7762,#7763,#7764,#7765,#7766),.UNSPECIFIED.,.F.,.F.,(4,3,3,2,4),
(0.346801496550145,0.472598770058586,0.540263686737628,0.607818481602455,
0.639046641492799),.UNSPECIFIED.);
#218=B_SPLINE_CURVE_WITH_KNOTS('',3,(#7781,#7782,#7783,#7784,#7785,#7786,
#7787,#7788,#7789,#7790,#7791,#7792,#7793,#7794,#7795,#7796,#7797,#7798,
#7799,#7800),.UNSPECIFIED.,.F.,.F.,(4,3,3,2,2,3,3,4),(0.0362571372563781,
0.123934845771211,0.202302804999157,0.288890948965283,0.461126061419641,
0.543965786786963,0.631310057125631,0.653341520996685),.UNSPECIFIED.);
#219=B_SPLINE_CURVE_WITH_KNOTS('',3,(#7805,#7806,#7807,#7808,#7809,#7810,
#7811,#7812,#7813),.UNSPECIFIED.,.F.,.F.,(4,3,2,4),(0.809168413270359,0.874311914263198,
0.936863659257793,1.),.UNSPECIFIED.);
#220=B_SPLINE_CURVE_WITH_KNOTS('',3,(#7818,#7819,#7820,#7821,#7822,#7823,
#7824,#7825,#7826,#7827,#7828,#7829,#7830,#7831,#7832,#7833,#7834,#7835),
 .UNSPECIFIED.,.F.,.F.,(4,2,2,3,2,3,2,4),(0.381363219896538,0.453906098606112,
0.487288662260074,0.520671225914036,0.622068823700331,0.723466421486625,
0.826993887275541,0.867110780268746),.UNSPECIFIED.);
#221=B_SPLINE_CURVE_WITH_KNOTS('',3,(#7847,#7848,#7849,#7850,#7851,#7852,
#7853,#7854,#7855,#7856,#7857,#7858,#7859,#7860,#7861,#7862,#7863,#7864,
#7865,#7866),.UNSPECIFIED.,.F.,.F.,(4,3,3,2,2,3,3,4),(0.0362631738991008,
0.124149284036396,0.202492884944216,0.289072730270506,0.4612913356478,0.544123121625115,
0.631519612188709,0.653559952526771),.UNSPECIFIED.);
#222=B_SPLINE_CURVE_WITH_KNOTS('',3,(#7871,#7872,#7873,#7874,#7875,#7876,
#7877,#7878,#7879),.UNSPECIFIED.,.F.,.F.,(4,3,2,4),(0.809371910293289,0.874595998386228,
0.937297999193114,1.),.UNSPECIFIED.);
#223=B_SPLINE_CURVE_WITH_KNOTS('',3,(#7884,#7885,#7886,#7887,#7888,#7889,
#7890,#7891,#7892,#7893,#7894,#7895,#7896,#7897),.UNSPECIFIED.,.F.,.F.,
(4,3,2,2,3,4),(0.600345071319081,0.621194384832277,0.662149712584999,0.701934888116214,
0.764753586323396,0.778711158231399),.UNSPECIFIED.);
#224=B_SPLINE_CURVE_WITH_KNOTS('',3,(#7902,#7903,#7904,#7905,#7906,#7907,
#7908,#7909,#7910),.UNSPECIFIED.,.F.,.F.,(4,2,3,4),(0.800019169459584,0.871544831880587,
0.94307049430159,1.),.UNSPECIFIED.);
#225=B_SPLINE_CURVE_WITH_KNOTS('',3,(#7914,#7915,#7916,#7917),
 .UNSPECIFIED.,.F.,.F.,(4,4),(0.118567308160907,0.15643706001184),
 .UNSPECIFIED.);
#226=B_SPLINE_CURVE_WITH_KNOTS('',3,(#7921,#7922,#7923,#7924),
 .UNSPECIFIED.,.F.,.F.,(4,4),(0.177548506385719,0.232121929075433),
 .UNSPECIFIED.);
#227=B_SPLINE_CURVE_WITH_KNOTS('',3,(#7926,#7927,#7928,#7929,#7930,#7931,
#7932,#7933,#7934,#7935,#7936,#7937,#7938,#7939,#7940),.UNSPECIFIED.,.F.,
 .F.,(4,2,2,2,2,3,4),(0.232121929075433,0.30816690509521,0.362320145594143,
0.416473386093076,0.47062662659201,0.524779867090943,0.600345071319081),
 .UNSPECIFIED.);
#228=B_SPLINE_CURVE_WITH_KNOTS('',3,(#7946,#7947,#7948,#7949,#7950,#7951,
#7952,#7953,#7954),.UNSPECIFIED.,.F.,.F.,(4,3,2,4),(0.43650016567939,0.553134062284832,
0.770143906781007,1.),.UNSPECIFIED.);
#229=B_SPLINE_CURVE_WITH_KNOTS('',3,(#8008,#8009,#8010,#8011,#8012,#8013,
#8014,#8015,#8016,#8017,#8018,#8019),.UNSPECIFIED.,.F.,.F.,(4,3,3,2,4),
(0.549985207066529,0.667321230333549,0.74904116139124,0.830615773527007,
1.),.UNSPECIFIED.);
#230=B_SPLINE_CURVE_WITH_KNOTS('',3,(#8387,#8388,#8389,#8390,#8391,#8392,
#8393,#8394,#8395,#8396,#8397,#8398),.UNSPECIFIED.,.F.,.F.,(4,3,3,2,4),
(0.346801496550145,0.472598770058586,0.540263686737628,0.607818481602455,
0.639046641492799),.UNSPECIFIED.);
#231=B_SPLINE_CURVE_WITH_KNOTS('',3,(#8423,#8424,#8425,#8426,#8427,#8428,
#8429,#8430,#8431,#8432,#8433,#8434,#8435),.UNSPECIFIED.,.F.,.F.,(4,3,3,
3,4),(0.0760811869428352,0.117938634111631,0.152817389398713,0.211217928513172,
0.323394451306727),.UNSPECIFIED.);
#232=B_SPLINE_CURVE_WITH_KNOTS('',3,(#8453,#8454,#8455,#8456,#8457,#8458,
#8459,#8460,#8461,#8462,#8463),.UNSPECIFIED.,.F.,.F.,(4,3,2,2,4),(0.346842696976696,
0.527371689604095,0.684914459736063,0.842457229868034,1.),.UNSPECIFIED.);
#233=B_SPLINE_CURVE_WITH_KNOTS('',3,(#8468,#8469,#8470,#8471,#8472,#8473,
#8474,#8475,#8476,#8477,#8478),.UNSPECIFIED.,.F.,.F.,(4,3,2,2,4),(0.346842696976696,
0.527371689604095,0.684914459736063,0.842457229868034,1.),.UNSPECIFIED.);
#234=B_SPLINE_CURVE_WITH_KNOTS('',3,(#8497,#8498,#8499,#8500,#8501,#8502,
#8503,#8504,#8505),.UNSPECIFIED.,.F.,.F.,(4,3,2,4),(0.809168413270359,0.874311914263198,
0.936863659257793,1.),.UNSPECIFIED.);
#235=B_SPLINE_CURVE_WITH_KNOTS('',3,(#8538,#8539,#8540,#8541,#8542,#8543,
#8544,#8545,#8546,#8547,#8548,#8549,#8550,#8551,#8552,#8553,#8554,#8555,
#8556,#8557),.UNSPECIFIED.,.F.,.F.,(4,3,3,2,2,3,3,4),(0.0362571372563781,
0.123934845771211,0.202302804999157,0.288890948965283,0.461126061419641,
0.543965786786963,0.631310057125631,0.653341520996685),.UNSPECIFIED.);
#236=B_SPLINE_CURVE_WITH_KNOTS('',3,(#8597,#8598,#8599,#8600,#8601,#8602,
#8603,#8604,#8605,#8606,#8607,#8608,#8609,#8610,#8611),.UNSPECIFIED.,.F.,
 .F.,(4,3,2,3,3,4),(0.,0.0379479457871327,0.0866959939603494,0.135444042133568,
0.188341043084639,0.207871528367286),.UNSPECIFIED.);
#237=B_SPLINE_CURVE_WITH_KNOTS('',3,(#8616,#8617,#8618,#8619,#8620,#8621,
#8622,#8623,#8624,#8625,#8626,#8627,#8628,#8629,#8630),.UNSPECIFIED.,.F.,
 .F.,(4,3,2,3,3,4),(0.,0.0379479457871327,0.0866959939603494,0.135444042133568,
0.188341043084639,0.207871528367286),.UNSPECIFIED.);
#238=B_SPLINE_CURVE_WITH_KNOTS('',3,(#8653,#8654,#8655,#8656,#8657,#8658,
#8659,#8660,#8661,#8662,#8663),.UNSPECIFIED.,.F.,.F.,(4,2,3,2,4),(0.503623139643075,
0.577045717648387,0.717969698013418,0.847941493808439,1.),.UNSPECIFIED.);
#239=B_SPLINE_CURVE_WITH_KNOTS('',3,(#8664,#8665,#8666,#8667,#8668,#8669,
#8670,#8671,#8672,#8673,#8674),.UNSPECIFIED.,.F.,.F.,(4,2,3,2,4),(0.503623139643075,
0.577045717648387,0.717969698013418,0.847941493808439,1.),.UNSPECIFIED.);
#240=B_SPLINE_CURVE_WITH_KNOTS('',3,(#8695,#8696,#8697,#8698,#8699,#8700,
#8701,#8702,#8703,#8704,#8705,#8706,#8707,#8708,#8709,#8710,#8711,#8712),
 .UNSPECIFIED.,.F.,.F.,(4,2,2,3,2,3,2,4),(0.381363219896538,0.453906098606112,
0.487288662260074,0.520671225914036,0.622068823700331,0.723466421486625,
0.826993887275541,0.867110780268746),.UNSPECIFIED.);
#241=B_SPLINE_CURVE_WITH_KNOTS('',3,(#8745,#8746,#8747,#8748,#8749,#8750,
#8751,#8752,#8753,#8754,#8755,#8756,#8757,#8758,#8759,#8760,#8761,#8762,
#8763,#8764),.UNSPECIFIED.,.T.,.F.,(4,3,2,3,2,2,2,2,4),(0.,0.140736859771746,
0.25298401751318,0.365231175254614,0.492803472554233,0.619602604415672,
0.746401736277113,0.873200868138558,1.),.UNSPECIFIED.);
#242=B_SPLINE_CURVE_WITH_KNOTS('',3,(#8766,#8767,#8768,#8769,#8770,#8771,
#8772,#8773,#8774,#8775,#8776,#8777,#8778,#8779,#8780,#8781,#8782,#8783,
#8784,#8785),.UNSPECIFIED.,.T.,.F.,(4,3,2,3,2,2,2,2,4),(0.,0.140736859771746,
0.25298401751318,0.365231175254614,0.492803472554233,0.619602604415672,
0.746401736277113,0.873200868138558,1.),.UNSPECIFIED.);
#243=B_SPLINE_CURVE_WITH_KNOTS('',3,(#8819,#8820,#8821,#8822,#8823,#8824,
#8825,#8826,#8827,#8828,#8829,#8830,#8831,#8832,#8833,#8834,#8835,#8836,
#8837,#8838),.UNSPECIFIED.,.T.,.F.,(4,3,2,3,2,2,2,2,4),(0.,0.134050138703223,
0.248237516057259,0.363138564519758,0.489995695752931,0.617496771814699,
0.744997847876467,0.872498923938234,1.),.UNSPECIFIED.);
#244=B_SPLINE_CURVE_WITH_KNOTS('',3,(#8870,#8871,#8872,#8873,#8874,#8875,
#8876,#8877,#8878,#8879,#8880,#8881,#8882,#8883,#8884,#8885,#8886,#8887,
#8888,#8889,#8890,#8891,#8892,#8893,#8894,#8895,#8896),.UNSPECIFIED.,.F.,
 .F.,(4,2,3,3,3,2,2,3,3,2,4),(0.536708810693169,0.586023133152028,0.635897845638831,
0.660769239466329,0.687162573933467,0.739142316135738,0.791122058338009,
0.84310180054028,0.874713100203081,0.927368143224649,0.980023186246216),
 .UNSPECIFIED.);
#245=B_SPLINE_CURVE_WITH_KNOTS('',3,(#8923,#8924,#8925,#8926,#8927,#8928,
#8929,#8930,#8931,#8932,#8933,#8934,#8935,#8936,#8937,#8938,#8939,#8940,
#8941,#8942,#8943),.UNSPECIFIED.,.F.,.F.,(4,2,2,3,3,2,3,2,4),(0.,0.0472445117080022,
0.0944890234160031,0.141733535124004,0.173686791373624,0.250576286569586,
0.373911720487984,0.45880489180525,0.516731996939384),.UNSPECIFIED.);
#246=B_SPLINE_CURVE_WITH_KNOTS('',3,(#8963,#8964,#8965,#8966,#8967,#8968,
#8969,#8970,#8971,#8972),.UNSPECIFIED.,.F.,.F.,(4,2,2,2,4),(0.346830523467363,
0.510935292446957,0.67504006142655,0.837520030713277,1.),.UNSPECIFIED.);
#247=B_SPLINE_CURVE_WITH_KNOTS('',3,(#8977,#8978,#8979,#8980,#8981,#8982,
#8983,#8984,#8985,#8986),.UNSPECIFIED.,.F.,.F.,(4,2,2,2,4),(0.346830523467363,
0.510935292446957,0.67504006142655,0.837520030713277,1.),.UNSPECIFIED.);
#248=B_SPLINE_CURVE_WITH_KNOTS('',3,(#9005,#9006,#9007,#9008,#9009,#9010,
#9011,#9012,#9013),.UNSPECIFIED.,.F.,.F.,(4,3,2,4),(0.809371910293289,0.874595998386228,
0.937297999193114,1.),.UNSPECIFIED.);
#249=B_SPLINE_CURVE_WITH_KNOTS('',3,(#9046,#9047,#9048,#9049,#9050,#9051,
#9052,#9053,#9054,#9055,#9056,#9057,#9058,#9059,#9060,#9061,#9062,#9063,
#9064,#9065),.UNSPECIFIED.,.F.,.F.,(4,3,3,2,2,3,3,4),(0.0362631738991008,
0.124149284036396,0.202492884944216,0.289072730270506,0.4612913356478,0.544123121625115,
0.631519612188709,0.653559952526771),.UNSPECIFIED.);
#250=B_SPLINE_CURVE_WITH_KNOTS('',3,(#9085,#9086,#9087,#9088,#9089,#9090,
#9091,#9092,#9093),.UNSPECIFIED.,.F.,.F.,(4,2,3,4),(0.800019169459584,0.871544831880587,
0.94307049430159,1.),.UNSPECIFIED.);
#251=B_SPLINE_CURVE_WITH_KNOTS('',3,(#9108,#9109,#9110,#9111),
 .UNSPECIFIED.,.F.,.F.,(4,4),(0.118567308160907,0.15643706001184),
 .UNSPECIFIED.);
#252=B_SPLINE_CURVE_WITH_KNOTS('',3,(#9126,#9127,#9128,#9129),
 .UNSPECIFIED.,.F.,.F.,(4,4),(0.177548506385719,0.232121929075433),
 .UNSPECIFIED.);
#253=B_SPLINE_CURVE_WITH_KNOTS('',3,(#9152,#9153,#9154,#9155,#9156,#9157,
#9158,#9159,#9160,#9161,#9162,#9163,#9164,#9165,#9166),.UNSPECIFIED.,.F.,
 .F.,(4,2,2,2,2,3,4),(0.232121929075433,0.30816690509521,0.362320145594143,
0.416473386093076,0.47062662659201,0.524779867090943,0.600345071319081),
 .UNSPECIFIED.);
#254=B_SPLINE_CURVE_WITH_KNOTS('',3,(#9179,#9180,#9181,#9182,#9183,#9184,
#9185,#9186,#9187,#9188,#9189,#9190,#9191),.UNSPECIFIED.,.F.,.F.,(4,3,3,
3,4),(0.,0.181653258284339,0.278796695537382,0.363656287791567,0.396191864142134),
 .UNSPECIFIED.);
#255=B_SPLINE_CURVE_WITH_KNOTS('',3,(#9196,#9197,#9198,#9199,#9200,#9201,
#9202,#9203,#9204,#9205,#9206,#9207,#9208),.UNSPECIFIED.,.F.,.F.,(4,3,3,
3,4),(0.,0.181653258284339,0.278796695537382,0.363656287791567,0.396191864142134),
 .UNSPECIFIED.);
#256=B_SPLINE_CURVE_WITH_KNOTS('',3,(#9229,#9230,#9231,#9232,#9233,#9234,
#9235,#9236,#9237,#9238),.UNSPECIFIED.,.F.,.F.,(4,3,3,4),(0.615778982699935,
0.81501447238268,0.909110869375441,1.),.UNSPECIFIED.);
#257=B_SPLINE_CURVE_WITH_KNOTS('',3,(#9239,#9240,#9241,#9242,#9243,#9244,
#9245,#9246,#9247,#9248),.UNSPECIFIED.,.F.,.F.,(4,3,3,4),(0.615778982699935,
0.81501447238268,0.909110869375441,1.),.UNSPECIFIED.);
#258=B_SPLINE_CURVE_WITH_KNOTS('',3,(#9263,#9264,#9265,#9266,#9267,#9268,
#9269,#9270,#9271,#9272,#9273,#9274,#9275,#9276),.UNSPECIFIED.,.F.,.F.,
(4,3,2,2,3,4),(0.600345071319081,0.621194384832277,0.662149712584999,0.701934888116214,
0.764753586323396,0.778711158231399),.UNSPECIFIED.);
#259=B_SPLINE_CURVE_WITH_KNOTS('',3,(#9303,#9304,#9305,#9306,#9307,#9308,
#9309,#9310,#9311),.UNSPECIFIED.,.F.,.F.,(4,3,2,4),(0.43650016567939,0.553134062284832,
0.770143906781007,1.),.UNSPECIFIED.);
#260=B_SPLINE_CURVE_WITH_KNOTS('',3,(#9324,#9325,#9326,#9327,#9328,#9329,
#9330),.UNSPECIFIED.,.F.,.F.,(4,3,4),(0.,0.21803714016323,0.327608699183027),
 .UNSPECIFIED.);
#261=B_SPLINE_CURVE_WITH_KNOTS('',3,(#9335,#9336,#9337,#9338,#9339,#9340,
#9341),.UNSPECIFIED.,.F.,.F.,(4,3,4),(0.,0.21803714016323,0.327608699183027),
 .UNSPECIFIED.);
#262=B_SPLINE_CURVE_WITH_KNOTS('',3,(#9360,#9361,#9362,#9363,#9364,#9365,
#9366),.UNSPECIFIED.,.F.,.F.,(4,3,4),(0.6620472636539,0.771618822673696,
1.),.UNSPECIFIED.);
#263=B_SPLINE_CURVE_WITH_KNOTS('',3,(#9367,#9368,#9369,#9370,#9371,#9372,
#9373),.UNSPECIFIED.,.F.,.F.,(4,3,4),(0.6620472636539,0.771618822673696,
1.),.UNSPECIFIED.);
#264=B_SPLINE_CURVE_WITH_KNOTS('',3,(#9498,#9499,#9500,#9501,#9502,#9503,
#9504,#9505,#9506,#9507,#9508,#9509),.UNSPECIFIED.,.F.,.F.,(4,3,3,2,4),
(0.549985207066529,0.667321230333549,0.74904116139124,0.830615773527007,
1.),.UNSPECIFIED.);
#265=B_SPLINE_CURVE_WITH_KNOTS('',3,(#9551,#9552,#9553,#9554,#9555,#9556,
#9557,#9558,#9559,#9560,#9561,#9562,#9563,#9564,#9565),.UNSPECIFIED.,.F.,
 .F.,(4,3,2,3,3,4),(0.,0.152852043104602,0.369420482252216,0.472921061603886,
0.57368233742862,0.726535178465464),.UNSPECIFIED.);
#266=B_SPLINE_CURVE_WITH_KNOTS('',3,(#9566,#9567,#9568,#9569,#9570,#9571,
#9572,#9573,#9574,#9575,#9576,#9577,#9578,#9579,#9580),.UNSPECIFIED.,.F.,
 .F.,(4,3,2,3,3,4),(0.,0.152852043104602,0.369420482252216,0.472921061603886,
0.57368233742862,0.726535178465464),.UNSPECIFIED.);
#267=B_SPLINE_CURVE_WITH_KNOTS('',3,(#10424,#10425,#10426,#10427),
 .UNSPECIFIED.,.F.,.F.,(4,4),(0.,0.0022),.UNSPECIFIED.);
#268=B_SPLINE_CURVE_WITH_KNOTS('',3,(#10428,#10429,#10430,#10431),
 .UNSPECIFIED.,.F.,.F.,(4,4),(0.,0.0022),.UNSPECIFIED.);
#269=B_SPLINE_CURVE_WITH_KNOTS('',3,(#10662,#10663,#10664,#10665),
 .UNSPECIFIED.,.F.,.F.,(4,4),(0.,0.00220000000000001),.UNSPECIFIED.);
#270=B_SPLINE_CURVE_WITH_KNOTS('',3,(#10666,#10667,#10668,#10669),
 .UNSPECIFIED.,.F.,.F.,(4,4),(0.,0.00220000000000001),.UNSPECIFIED.);
#271=B_SPLINE_CURVE_WITH_KNOTS('',3,(#10715,#10716,#10717,#10718),
 .UNSPECIFIED.,.F.,.F.,(4,4),(0.,1.),.UNSPECIFIED.);
#272=B_SPLINE_CURVE_WITH_KNOTS('',3,(#10722,#10723,#10724,#10725),
 .UNSPECIFIED.,.F.,.F.,(4,4),(0.,1.),.UNSPECIFIED.);
#273=B_SPLINE_CURVE_WITH_KNOTS('',3,(#10768,#10769,#10770,#10771),
 .UNSPECIFIED.,.F.,.F.,(4,4),(0.,1.),.UNSPECIFIED.);
#274=B_SPLINE_CURVE_WITH_KNOTS('',3,(#10772,#10773,#10774,#10775),
 .UNSPECIFIED.,.F.,.F.,(4,4),(0.,1.),.UNSPECIFIED.);
#275=B_SPLINE_CURVE_WITH_KNOTS('',3,(#10829,#10830,#10831,#10832),
 .UNSPECIFIED.,.F.,.F.,(4,4),(0.,1.),.UNSPECIFIED.);
#276=B_SPLINE_CURVE_WITH_KNOTS('',3,(#10836,#10837,#10838,#10839),
 .UNSPECIFIED.,.F.,.F.,(4,4),(0.,1.),.UNSPECIFIED.);
#277=B_SPLINE_CURVE_WITH_KNOTS('',3,(#10882,#10883,#10884,#10885),
 .UNSPECIFIED.,.F.,.F.,(4,4),(0.,1.),.UNSPECIFIED.);
#278=B_SPLINE_CURVE_WITH_KNOTS('',3,(#10886,#10887,#10888,#10889),
 .UNSPECIFIED.,.F.,.F.,(4,4),(0.,1.),.UNSPECIFIED.);
#279=B_SPLINE_CURVE_WITH_KNOTS('',3,(#10914,#10915,#10916,#10917),
 .UNSPECIFIED.,.F.,.F.,(4,4),(0.,1.),.UNSPECIFIED.);
#280=B_SPLINE_CURVE_WITH_KNOTS('',3,(#10934,#10935,#10936,#10937),
 .UNSPECIFIED.,.F.,.F.,(4,4),(0.,1.),.UNSPECIFIED.);
#281=B_SPLINE_CURVE_WITH_KNOTS('',3,(#10962,#10963,#10964,#10965),
 .UNSPECIFIED.,.F.,.F.,(4,4),(0.,1.),.UNSPECIFIED.);
#282=B_SPLINE_CURVE_WITH_KNOTS('',3,(#10990,#10991,#10992,#10993),
 .UNSPECIFIED.,.F.,.F.,(4,4),(0.,1.),.UNSPECIFIED.);
#283=B_SPLINE_CURVE_WITH_KNOTS('',3,(#11010,#11011,#11012,#11013),
 .UNSPECIFIED.,.F.,.F.,(4,4),(0.,1.),.UNSPECIFIED.);
#284=B_SPLINE_CURVE_WITH_KNOTS('',3,(#11030,#11031,#11032,#11033),
 .UNSPECIFIED.,.F.,.F.,(4,4),(0.,1.),.UNSPECIFIED.);
#285=B_SPLINE_CURVE_WITH_KNOTS('',3,(#11058,#11059,#11060,#11061),
 .UNSPECIFIED.,.F.,.F.,(4,4),(0.,1.),.UNSPECIFIED.);
#286=B_SPLINE_CURVE_WITH_KNOTS('',3,(#11086,#11087,#11088,#11089),
 .UNSPECIFIED.,.F.,.F.,(4,4),(0.,1.),.UNSPECIFIED.);
#287=B_SPLINE_CURVE_WITH_KNOTS('',3,(#11106,#11107,#11108,#11109),
 .UNSPECIFIED.,.F.,.F.,(4,4),(0.,1.),.UNSPECIFIED.);
#288=B_SPLINE_CURVE_WITH_KNOTS('',3,(#11126,#11127,#11128,#11129),
 .UNSPECIFIED.,.F.,.F.,(4,4),(0.,1.),.UNSPECIFIED.);
#289=B_SPLINE_CURVE_WITH_KNOTS('',3,(#11147,#11148,#11149,#11150),
 .UNSPECIFIED.,.F.,.F.,(4,4),(0.,1.),.UNSPECIFIED.);
#290=B_SPLINE_CURVE_WITH_KNOTS('',3,(#11167,#11168,#11169,#11170),
 .UNSPECIFIED.,.F.,.F.,(4,4),(0.,1.),.UNSPECIFIED.);
#291=B_SPLINE_CURVE_WITH_KNOTS('',3,(#11195,#11196,#11197,#11198),
 .UNSPECIFIED.,.F.,.F.,(4,4),(0.,1.),.UNSPECIFIED.);
#292=B_SPLINE_CURVE_WITH_KNOTS('',3,(#11223,#11224,#11225,#11226),
 .UNSPECIFIED.,.F.,.F.,(4,4),(0.,1.),.UNSPECIFIED.);
#293=B_SPLINE_CURVE_WITH_KNOTS('',3,(#11243,#11244,#11245,#11246),
 .UNSPECIFIED.,.F.,.F.,(4,4),(0.,1.),.UNSPECIFIED.);
#294=B_SPLINE_CURVE_WITH_KNOTS('',3,(#11263,#11264,#11265,#11266),
 .UNSPECIFIED.,.F.,.F.,(4,4),(0.,1.),.UNSPECIFIED.);
#295=B_SPLINE_CURVE_WITH_KNOTS('',3,(#11291,#11292,#11293,#11294),
 .UNSPECIFIED.,.F.,.F.,(4,4),(0.,1.),.UNSPECIFIED.);
#296=B_SPLINE_CURVE_WITH_KNOTS('',3,(#11319,#11320,#11321,#11322),
 .UNSPECIFIED.,.F.,.F.,(4,4),(0.,1.),.UNSPECIFIED.);
#297=B_SPLINE_CURVE_WITH_KNOTS('',3,(#11339,#11340,#11341,#11342),
 .UNSPECIFIED.,.F.,.F.,(4,4),(0.,1.),.UNSPECIFIED.);
#298=B_SPLINE_CURVE_WITH_KNOTS('',3,(#11359,#11360,#11361,#11362),
 .UNSPECIFIED.,.F.,.F.,(4,4),(0.,1.),.UNSPECIFIED.);
#299=ORIENTED_EDGE('',*,*,#1615,.T.);
#300=ORIENTED_EDGE('',*,*,#1616,.T.);
#301=ORIENTED_EDGE('',*,*,#1617,.T.);
#302=ORIENTED_EDGE('',*,*,#1618,.T.);
#303=ORIENTED_EDGE('',*,*,#1619,.T.);
#304=ORIENTED_EDGE('',*,*,#1620,.F.);
#305=ORIENTED_EDGE('',*,*,#1621,.F.);
#306=ORIENTED_EDGE('',*,*,#1622,.F.);
#307=ORIENTED_EDGE('',*,*,#1623,.F.);
#308=ORIENTED_EDGE('',*,*,#1624,.F.);
#309=ORIENTED_EDGE('',*,*,#1625,.F.);
#310=ORIENTED_EDGE('',*,*,#1626,.F.);
#311=ORIENTED_EDGE('',*,*,#1627,.F.);
#312=ORIENTED_EDGE('',*,*,#1628,.F.);
#313=ORIENTED_EDGE('',*,*,#1629,.F.);
#314=ORIENTED_EDGE('',*,*,#1630,.F.);
#315=ORIENTED_EDGE('',*,*,#1631,.F.);
#316=ORIENTED_EDGE('',*,*,#1632,.F.);
#317=ORIENTED_EDGE('',*,*,#1633,.F.);
#318=ORIENTED_EDGE('',*,*,#1634,.F.);
#319=ORIENTED_EDGE('',*,*,#1635,.F.);
#320=ORIENTED_EDGE('',*,*,#1636,.F.);
#321=ORIENTED_EDGE('',*,*,#1637,.F.);
#322=ORIENTED_EDGE('',*,*,#1638,.F.);
#323=ORIENTED_EDGE('',*,*,#1639,.F.);
#324=ORIENTED_EDGE('',*,*,#1640,.T.);
#325=ORIENTED_EDGE('',*,*,#1641,.T.);
#326=ORIENTED_EDGE('',*,*,#1642,.T.);
#327=ORIENTED_EDGE('',*,*,#1643,.T.);
#328=ORIENTED_EDGE('',*,*,#1644,.T.);
#329=ORIENTED_EDGE('',*,*,#1645,.T.);
#330=ORIENTED_EDGE('',*,*,#1646,.T.);
#331=ORIENTED_EDGE('',*,*,#1647,.T.);
#332=ORIENTED_EDGE('',*,*,#1648,.T.);
#333=ORIENTED_EDGE('',*,*,#1649,.T.);
#334=ORIENTED_EDGE('',*,*,#1650,.T.);
#335=ORIENTED_EDGE('',*,*,#1651,.T.);
#336=ORIENTED_EDGE('',*,*,#1652,.T.);
#337=ORIENTED_EDGE('',*,*,#1653,.T.);
#338=ORIENTED_EDGE('',*,*,#1654,.T.);
#339=ORIENTED_EDGE('',*,*,#1655,.T.);
#340=ORIENTED_EDGE('',*,*,#1656,.T.);
#341=ORIENTED_EDGE('',*,*,#1657,.T.);
#342=ORIENTED_EDGE('',*,*,#1658,.T.);
#343=ORIENTED_EDGE('',*,*,#1659,.T.);
#344=ORIENTED_EDGE('',*,*,#1660,.T.);
#345=ORIENTED_EDGE('',*,*,#1661,.T.);
#346=ORIENTED_EDGE('',*,*,#1662,.T.);
#347=ORIENTED_EDGE('',*,*,#1663,.T.);
#348=ORIENTED_EDGE('',*,*,#1664,.T.);
#349=ORIENTED_EDGE('',*,*,#1665,.T.);
#350=ORIENTED_EDGE('',*,*,#1666,.T.);
#351=ORIENTED_EDGE('',*,*,#1667,.T.);
#352=ORIENTED_EDGE('',*,*,#1668,.T.);
#353=ORIENTED_EDGE('',*,*,#1669,.T.);
#354=ORIENTED_EDGE('',*,*,#1670,.T.);
#355=ORIENTED_EDGE('',*,*,#1671,.T.);
#356=ORIENTED_EDGE('',*,*,#1672,.T.);
#357=ORIENTED_EDGE('',*,*,#1673,.T.);
#358=ORIENTED_EDGE('',*,*,#1674,.T.);
#359=ORIENTED_EDGE('',*,*,#1675,.T.);
#360=ORIENTED_EDGE('',*,*,#1676,.T.);
#361=ORIENTED_EDGE('',*,*,#1677,.T.);
#362=ORIENTED_EDGE('',*,*,#1678,.T.);
#363=ORIENTED_EDGE('',*,*,#1679,.T.);
#364=ORIENTED_EDGE('',*,*,#1680,.T.);
#365=ORIENTED_EDGE('',*,*,#1681,.T.);
#366=ORIENTED_EDGE('',*,*,#1682,.T.);
#367=ORIENTED_EDGE('',*,*,#1683,.T.);
#368=ORIENTED_EDGE('',*,*,#1684,.T.);
#369=ORIENTED_EDGE('',*,*,#1685,.T.);
#370=ORIENTED_EDGE('',*,*,#1686,.T.);
#371=ORIENTED_EDGE('',*,*,#1687,.T.);
#372=ORIENTED_EDGE('',*,*,#1688,.T.);
#373=ORIENTED_EDGE('',*,*,#1689,.T.);
#374=ORIENTED_EDGE('',*,*,#1690,.T.);
#375=ORIENTED_EDGE('',*,*,#1691,.T.);
#376=ORIENTED_EDGE('',*,*,#1692,.T.);
#377=ORIENTED_EDGE('',*,*,#1693,.T.);
#378=ORIENTED_EDGE('',*,*,#1694,.T.);
#379=ORIENTED_EDGE('',*,*,#1695,.T.);
#380=ORIENTED_EDGE('',*,*,#1696,.T.);
#381=ORIENTED_EDGE('',*,*,#1697,.T.);
#382=ORIENTED_EDGE('',*,*,#1698,.T.);
#383=ORIENTED_EDGE('',*,*,#1699,.T.);
#384=ORIENTED_EDGE('',*,*,#1700,.T.);
#385=ORIENTED_EDGE('',*,*,#1701,.T.);
#386=ORIENTED_EDGE('',*,*,#1702,.T.);
#387=ORIENTED_EDGE('',*,*,#1703,.T.);
#388=ORIENTED_EDGE('',*,*,#1704,.T.);
#389=ORIENTED_EDGE('',*,*,#1705,.T.);
#390=ORIENTED_EDGE('',*,*,#1706,.T.);
#391=ORIENTED_EDGE('',*,*,#1707,.T.);
#392=ORIENTED_EDGE('',*,*,#1708,.T.);
#393=ORIENTED_EDGE('',*,*,#1709,.T.);
#394=ORIENTED_EDGE('',*,*,#1710,.T.);
#395=ORIENTED_EDGE('',*,*,#1711,.T.);
#396=ORIENTED_EDGE('',*,*,#1712,.T.);
#397=ORIENTED_EDGE('',*,*,#1713,.T.);
#398=ORIENTED_EDGE('',*,*,#1714,.T.);
#399=ORIENTED_EDGE('',*,*,#1715,.T.);
#400=ORIENTED_EDGE('',*,*,#1716,.T.);
#401=ORIENTED_EDGE('',*,*,#1717,.T.);
#402=ORIENTED_EDGE('',*,*,#1718,.T.);
#403=ORIENTED_EDGE('',*,*,#1719,.T.);
#404=ORIENTED_EDGE('',*,*,#1720,.T.);
#405=ORIENTED_EDGE('',*,*,#1721,.T.);
#406=ORIENTED_EDGE('',*,*,#1722,.T.);
#407=ORIENTED_EDGE('',*,*,#1723,.T.);
#408=ORIENTED_EDGE('',*,*,#1724,.T.);
#409=ORIENTED_EDGE('',*,*,#1725,.T.);
#410=ORIENTED_EDGE('',*,*,#1726,.T.);
#411=ORIENTED_EDGE('',*,*,#1727,.T.);
#412=ORIENTED_EDGE('',*,*,#1728,.T.);
#413=ORIENTED_EDGE('',*,*,#1729,.T.);
#414=ORIENTED_EDGE('',*,*,#1730,.T.);
#415=ORIENTED_EDGE('',*,*,#1731,.T.);
#416=ORIENTED_EDGE('',*,*,#1732,.T.);
#417=ORIENTED_EDGE('',*,*,#1733,.T.);
#418=ORIENTED_EDGE('',*,*,#1734,.T.);
#419=ORIENTED_EDGE('',*,*,#1735,.T.);
#420=ORIENTED_EDGE('',*,*,#1736,.T.);
#421=ORIENTED_EDGE('',*,*,#1737,.T.);
#422=ORIENTED_EDGE('',*,*,#1738,.T.);
#423=ORIENTED_EDGE('',*,*,#1739,.T.);
#424=ORIENTED_EDGE('',*,*,#1740,.T.);
#425=ORIENTED_EDGE('',*,*,#1741,.T.);
#426=ORIENTED_EDGE('',*,*,#1742,.T.);
#427=ORIENTED_EDGE('',*,*,#1743,.T.);
#428=ORIENTED_EDGE('',*,*,#1744,.T.);
#429=ORIENTED_EDGE('',*,*,#1725,.F.);
#430=ORIENTED_EDGE('',*,*,#1745,.T.);
#431=ORIENTED_EDGE('',*,*,#1746,.T.);
#432=ORIENTED_EDGE('',*,*,#1747,.T.);
#433=ORIENTED_EDGE('',*,*,#1748,.T.);
#434=ORIENTED_EDGE('',*,*,#1749,.T.);
#435=ORIENTED_EDGE('',*,*,#1750,.T.);
#436=ORIENTED_EDGE('',*,*,#1751,.T.);
#437=ORIENTED_EDGE('',*,*,#1729,.F.);
#438=ORIENTED_EDGE('',*,*,#1752,.T.);
#439=ORIENTED_EDGE('',*,*,#1743,.F.);
#440=ORIENTED_EDGE('',*,*,#1753,.T.);
#441=ORIENTED_EDGE('',*,*,#1754,.T.);
#442=ORIENTED_EDGE('',*,*,#1755,.T.);
#443=ORIENTED_EDGE('',*,*,#1756,.T.);
#444=ORIENTED_EDGE('',*,*,#1757,.T.);
#445=ORIENTED_EDGE('',*,*,#1758,.T.);
#446=ORIENTED_EDGE('',*,*,#1759,.T.);
#447=ORIENTED_EDGE('',*,*,#1760,.T.);
#448=ORIENTED_EDGE('',*,*,#1761,.T.);
#449=ORIENTED_EDGE('',*,*,#1746,.F.);
#450=ORIENTED_EDGE('',*,*,#1762,.T.);
#451=ORIENTED_EDGE('',*,*,#1763,.F.);
#452=ORIENTED_EDGE('',*,*,#1764,.T.);
#453=ORIENTED_EDGE('',*,*,#1765,.T.);
#454=ORIENTED_EDGE('',*,*,#1766,.T.);
#455=ORIENTED_EDGE('',*,*,#1739,.F.);
#456=ORIENTED_EDGE('',*,*,#1767,.T.);
#457=ORIENTED_EDGE('',*,*,#1768,.F.);
#458=ORIENTED_EDGE('',*,*,#1769,.T.);
#459=ORIENTED_EDGE('',*,*,#1750,.F.);
#460=ORIENTED_EDGE('',*,*,#1770,.T.);
#461=ORIENTED_EDGE('',*,*,#1771,.T.);
#462=ORIENTED_EDGE('',*,*,#1772,.T.);
#463=ORIENTED_EDGE('',*,*,#1773,.T.);
#464=ORIENTED_EDGE('',*,*,#1774,.T.);
#465=ORIENTED_EDGE('',*,*,#1775,.T.);
#466=ORIENTED_EDGE('',*,*,#1776,.T.);
#467=ORIENTED_EDGE('',*,*,#1727,.F.);
#468=ORIENTED_EDGE('',*,*,#1777,.T.);
#469=ORIENTED_EDGE('',*,*,#1763,.T.);
#470=ORIENTED_EDGE('',*,*,#1778,.T.);
#471=ORIENTED_EDGE('',*,*,#1768,.T.);
#472=ORIENTED_EDGE('',*,*,#1779,.T.);
#473=ORIENTED_EDGE('',*,*,#1723,.F.);
#474=ORIENTED_EDGE('',*,*,#1780,.T.);
#475=ORIENTED_EDGE('',*,*,#1771,.F.);
#476=ORIENTED_EDGE('',*,*,#1781,.T.);
#477=ORIENTED_EDGE('',*,*,#1782,.T.);
#478=ORIENTED_EDGE('',*,*,#1783,.T.);
#479=ORIENTED_EDGE('',*,*,#1773,.F.);
#480=ORIENTED_EDGE('',*,*,#1784,.T.);
#481=ORIENTED_EDGE('',*,*,#1785,.T.);
#482=ORIENTED_EDGE('',*,*,#1786,.T.);
#483=ORIENTED_EDGE('',*,*,#1774,.F.);
#484=ORIENTED_EDGE('',*,*,#1786,.F.);
#485=ORIENTED_EDGE('',*,*,#1787,.T.);
#486=ORIENTED_EDGE('',*,*,#1788,.T.);
#487=ORIENTED_EDGE('',*,*,#1789,.T.);
#488=ORIENTED_EDGE('',*,*,#1790,.T.);
#489=ORIENTED_EDGE('',*,*,#1775,.F.);
#490=ORIENTED_EDGE('',*,*,#1788,.F.);
#491=ORIENTED_EDGE('',*,*,#1791,.T.);
#492=ORIENTED_EDGE('',*,*,#1792,.T.);
#493=ORIENTED_EDGE('',*,*,#1765,.F.);
#494=ORIENTED_EDGE('',*,*,#1793,.T.);
#495=ORIENTED_EDGE('',*,*,#1754,.F.);
#496=ORIENTED_EDGE('',*,*,#1794,.T.);
#497=ORIENTED_EDGE('',*,*,#1795,.T.);
#498=ORIENTED_EDGE('',*,*,#1796,.T.);
#499=ORIENTED_EDGE('',*,*,#1756,.F.);
#500=ORIENTED_EDGE('',*,*,#1797,.T.);
#501=ORIENTED_EDGE('',*,*,#1798,.T.);
#502=ORIENTED_EDGE('',*,*,#1799,.T.);
#503=ORIENTED_EDGE('',*,*,#1757,.F.);
#504=ORIENTED_EDGE('',*,*,#1799,.F.);
#505=ORIENTED_EDGE('',*,*,#1800,.T.);
#506=ORIENTED_EDGE('',*,*,#1801,.T.);
#507=ORIENTED_EDGE('',*,*,#1802,.T.);
#508=ORIENTED_EDGE('',*,*,#1803,.T.);
#509=ORIENTED_EDGE('',*,*,#1758,.F.);
#510=ORIENTED_EDGE('',*,*,#1801,.F.);
#511=ORIENTED_EDGE('',*,*,#1804,.F.);
#512=ORIENTED_EDGE('',*,*,#1805,.T.);
#513=ORIENTED_EDGE('',*,*,#1806,.T.);
#514=ORIENTED_EDGE('',*,*,#1807,.T.);
#515=ORIENTED_EDGE('',*,*,#1760,.F.);
#516=ORIENTED_EDGE('',*,*,#1808,.T.);
#517=ORIENTED_EDGE('',*,*,#1804,.T.);
#518=ORIENTED_EDGE('',*,*,#1748,.F.);
#519=ORIENTED_EDGE('',*,*,#1809,.T.);
#520=ORIENTED_EDGE('',*,*,#1806,.F.);
#521=ORIENTED_EDGE('',*,*,#1810,.T.);
#522=ORIENTED_EDGE('',*,*,#1802,.F.);
#523=ORIENTED_EDGE('',*,*,#1800,.F.);
#524=ORIENTED_EDGE('',*,*,#1798,.F.);
#525=ORIENTED_EDGE('',*,*,#1811,.T.);
#526=ORIENTED_EDGE('',*,*,#1795,.F.);
#527=ORIENTED_EDGE('',*,*,#1812,.T.);
#528=ORIENTED_EDGE('',*,*,#1741,.F.);
#529=ORIENTED_EDGE('',*,*,#1813,.T.);
#530=ORIENTED_EDGE('',*,*,#1791,.F.);
#531=ORIENTED_EDGE('',*,*,#1814,.T.);
#532=ORIENTED_EDGE('',*,*,#1789,.F.);
#533=ORIENTED_EDGE('',*,*,#1787,.F.);
#534=ORIENTED_EDGE('',*,*,#1785,.F.);
#535=ORIENTED_EDGE('',*,*,#1815,.T.);
#536=ORIENTED_EDGE('',*,*,#1782,.F.);
#537=ORIENTED_EDGE('',*,*,#1816,.T.);
#538=ORIENTED_EDGE('',*,*,#1805,.F.);
#539=ORIENTED_EDGE('',*,*,#1814,.F.);
#540=ORIENTED_EDGE('',*,*,#1793,.F.);
#541=ORIENTED_EDGE('',*,*,#1776,.F.);
#542=ORIENTED_EDGE('',*,*,#1790,.F.);
#543=ORIENTED_EDGE('',*,*,#1769,.F.);
#544=ORIENTED_EDGE('',*,*,#1780,.F.);
#545=ORIENTED_EDGE('',*,*,#1730,.F.);
#546=ORIENTED_EDGE('',*,*,#1751,.F.);
#547=ORIENTED_EDGE('',*,*,#1762,.F.);
#548=ORIENTED_EDGE('',*,*,#1752,.F.);
#549=ORIENTED_EDGE('',*,*,#1728,.F.);
#550=ORIENTED_EDGE('',*,*,#1778,.F.);
#551=ORIENTED_EDGE('',*,*,#1764,.F.);
#552=ORIENTED_EDGE('',*,*,#1777,.F.);
#553=ORIENTED_EDGE('',*,*,#1726,.F.);
#554=ORIENTED_EDGE('',*,*,#1744,.F.);
#555=ORIENTED_EDGE('',*,*,#1767,.F.);
#556=ORIENTED_EDGE('',*,*,#1745,.F.);
#557=ORIENTED_EDGE('',*,*,#1724,.F.);
#558=ORIENTED_EDGE('',*,*,#1779,.F.);
#559=ORIENTED_EDGE('',*,*,#1811,.F.);
#560=ORIENTED_EDGE('',*,*,#1797,.F.);
#561=ORIENTED_EDGE('',*,*,#1755,.F.);
#562=ORIENTED_EDGE('',*,*,#1796,.F.);
#563=ORIENTED_EDGE('',*,*,#1810,.F.);
#564=ORIENTED_EDGE('',*,*,#1808,.F.);
#565=ORIENTED_EDGE('',*,*,#1759,.F.);
#566=ORIENTED_EDGE('',*,*,#1803,.F.);
#567=ORIENTED_EDGE('',*,*,#1815,.F.);
#568=ORIENTED_EDGE('',*,*,#1784,.F.);
#569=ORIENTED_EDGE('',*,*,#1772,.F.);
#570=ORIENTED_EDGE('',*,*,#1783,.F.);
#571=ORIENTED_EDGE('',*,*,#1816,.F.);
#572=ORIENTED_EDGE('',*,*,#1781,.F.);
#573=ORIENTED_EDGE('',*,*,#1770,.F.);
#574=ORIENTED_EDGE('',*,*,#1749,.F.);
#575=ORIENTED_EDGE('',*,*,#1809,.F.);
#576=ORIENTED_EDGE('',*,*,#1747,.F.);
#577=ORIENTED_EDGE('',*,*,#1761,.F.);
#578=ORIENTED_EDGE('',*,*,#1807,.F.);
#579=ORIENTED_EDGE('',*,*,#1812,.F.);
#580=ORIENTED_EDGE('',*,*,#1794,.F.);
#581=ORIENTED_EDGE('',*,*,#1753,.F.);
#582=ORIENTED_EDGE('',*,*,#1742,.F.);
#583=ORIENTED_EDGE('',*,*,#1813,.F.);
#584=ORIENTED_EDGE('',*,*,#1740,.F.);
#585=ORIENTED_EDGE('',*,*,#1766,.F.);
#586=ORIENTED_EDGE('',*,*,#1792,.F.);
#587=ORIENTED_EDGE('',*,*,#1732,.F.);
#588=ORIENTED_EDGE('',*,*,#1817,.F.);
#589=ORIENTED_EDGE('',*,*,#1818,.T.);
#590=ORIENTED_EDGE('',*,*,#1819,.T.);
#591=ORIENTED_EDGE('',*,*,#1733,.F.);
#592=ORIENTED_EDGE('',*,*,#1819,.F.);
#593=ORIENTED_EDGE('',*,*,#1820,.T.);
#594=ORIENTED_EDGE('',*,*,#1821,.T.);
#595=ORIENTED_EDGE('',*,*,#1734,.F.);
#596=ORIENTED_EDGE('',*,*,#1821,.F.);
#597=ORIENTED_EDGE('',*,*,#1822,.T.);
#598=ORIENTED_EDGE('',*,*,#1823,.T.);
#599=ORIENTED_EDGE('',*,*,#1735,.F.);
#600=ORIENTED_EDGE('',*,*,#1823,.F.);
#601=ORIENTED_EDGE('',*,*,#1824,.T.);
#602=ORIENTED_EDGE('',*,*,#1825,.T.);
#603=ORIENTED_EDGE('',*,*,#1736,.F.);
#604=ORIENTED_EDGE('',*,*,#1825,.F.);
#605=ORIENTED_EDGE('',*,*,#1826,.T.);
#606=ORIENTED_EDGE('',*,*,#1827,.T.);
#607=ORIENTED_EDGE('',*,*,#1737,.F.);
#608=ORIENTED_EDGE('',*,*,#1827,.F.);
#609=ORIENTED_EDGE('',*,*,#1828,.T.);
#610=ORIENTED_EDGE('',*,*,#1829,.T.);
#611=ORIENTED_EDGE('',*,*,#1738,.F.);
#612=ORIENTED_EDGE('',*,*,#1829,.F.);
#613=ORIENTED_EDGE('',*,*,#1830,.T.);
#614=ORIENTED_EDGE('',*,*,#1831,.T.);
#615=ORIENTED_EDGE('',*,*,#1620,.T.);
#616=ORIENTED_EDGE('',*,*,#1832,.F.);
#617=ORIENTED_EDGE('',*,*,#1833,.F.);
#618=ORIENTED_EDGE('',*,*,#1834,.T.);
#619=ORIENTED_EDGE('',*,*,#1621,.T.);
#620=ORIENTED_EDGE('',*,*,#1834,.F.);
#621=ORIENTED_EDGE('',*,*,#1835,.F.);
#622=ORIENTED_EDGE('',*,*,#1836,.T.);
#623=ORIENTED_EDGE('',*,*,#1622,.T.);
#624=ORIENTED_EDGE('',*,*,#1836,.F.);
#625=ORIENTED_EDGE('',*,*,#1837,.F.);
#626=ORIENTED_EDGE('',*,*,#1838,.T.);
#627=ORIENTED_EDGE('',*,*,#1623,.T.);
#628=ORIENTED_EDGE('',*,*,#1838,.F.);
#629=ORIENTED_EDGE('',*,*,#1839,.F.);
#630=ORIENTED_EDGE('',*,*,#1840,.T.);
#631=ORIENTED_EDGE('',*,*,#1624,.T.);
#632=ORIENTED_EDGE('',*,*,#1840,.F.);
#633=ORIENTED_EDGE('',*,*,#1841,.F.);
#634=ORIENTED_EDGE('',*,*,#1842,.T.);
#635=ORIENTED_EDGE('',*,*,#1625,.T.);
#636=ORIENTED_EDGE('',*,*,#1842,.F.);
#637=ORIENTED_EDGE('',*,*,#1843,.F.);
#638=ORIENTED_EDGE('',*,*,#1844,.T.);
#639=ORIENTED_EDGE('',*,*,#1626,.T.);
#640=ORIENTED_EDGE('',*,*,#1844,.F.);
#641=ORIENTED_EDGE('',*,*,#1845,.F.);
#642=ORIENTED_EDGE('',*,*,#1846,.T.);
#643=ORIENTED_EDGE('',*,*,#1627,.T.);
#644=ORIENTED_EDGE('',*,*,#1846,.F.);
#645=ORIENTED_EDGE('',*,*,#1847,.F.);
#646=ORIENTED_EDGE('',*,*,#1832,.T.);
#647=ORIENTED_EDGE('',*,*,#1731,.F.);
#648=ORIENTED_EDGE('',*,*,#1831,.F.);
#649=ORIENTED_EDGE('',*,*,#1848,.T.);
#650=ORIENTED_EDGE('',*,*,#1817,.T.);
#651=ORIENTED_EDGE('',*,*,#1833,.T.);
#652=ORIENTED_EDGE('',*,*,#1847,.T.);
#653=ORIENTED_EDGE('',*,*,#1845,.T.);
#654=ORIENTED_EDGE('',*,*,#1843,.T.);
#655=ORIENTED_EDGE('',*,*,#1841,.T.);
#656=ORIENTED_EDGE('',*,*,#1839,.T.);
#657=ORIENTED_EDGE('',*,*,#1837,.T.);
#658=ORIENTED_EDGE('',*,*,#1835,.T.);
#659=ORIENTED_EDGE('',*,*,#1818,.F.);
#660=ORIENTED_EDGE('',*,*,#1848,.F.);
#661=ORIENTED_EDGE('',*,*,#1830,.F.);
#662=ORIENTED_EDGE('',*,*,#1828,.F.);
#663=ORIENTED_EDGE('',*,*,#1826,.F.);
#664=ORIENTED_EDGE('',*,*,#1824,.F.);
#665=ORIENTED_EDGE('',*,*,#1822,.F.);
#666=ORIENTED_EDGE('',*,*,#1820,.F.);
#667=ORIENTED_EDGE('',*,*,#1628,.T.);
#668=ORIENTED_EDGE('',*,*,#1849,.F.);
#669=ORIENTED_EDGE('',*,*,#1850,.F.);
#670=ORIENTED_EDGE('',*,*,#1851,.T.);
#671=ORIENTED_EDGE('',*,*,#1639,.T.);
#672=ORIENTED_EDGE('',*,*,#1852,.F.);
#673=ORIENTED_EDGE('',*,*,#1853,.F.);
#674=ORIENTED_EDGE('',*,*,#1849,.T.);
#675=ORIENTED_EDGE('',*,*,#1638,.T.);
#676=ORIENTED_EDGE('',*,*,#1854,.F.);
#677=ORIENTED_EDGE('',*,*,#1855,.F.);
#678=ORIENTED_EDGE('',*,*,#1852,.T.);
#679=ORIENTED_EDGE('',*,*,#1637,.T.);
#680=ORIENTED_EDGE('',*,*,#1856,.F.);
#681=ORIENTED_EDGE('',*,*,#1857,.F.);
#682=ORIENTED_EDGE('',*,*,#1854,.T.);
#683=ORIENTED_EDGE('',*,*,#1636,.T.);
#684=ORIENTED_EDGE('',*,*,#1858,.F.);
#685=ORIENTED_EDGE('',*,*,#1859,.F.);
#686=ORIENTED_EDGE('',*,*,#1856,.T.);
#687=ORIENTED_EDGE('',*,*,#1635,.T.);
#688=ORIENTED_EDGE('',*,*,#1860,.F.);
#689=ORIENTED_EDGE('',*,*,#1861,.F.);
#690=ORIENTED_EDGE('',*,*,#1858,.T.);
#691=ORIENTED_EDGE('',*,*,#1634,.T.);
#692=ORIENTED_EDGE('',*,*,#1862,.F.);
#693=ORIENTED_EDGE('',*,*,#1863,.F.);
#694=ORIENTED_EDGE('',*,*,#1860,.T.);
#695=ORIENTED_EDGE('',*,*,#1633,.T.);
#696=ORIENTED_EDGE('',*,*,#1864,.F.);
#697=ORIENTED_EDGE('',*,*,#1865,.F.);
#698=ORIENTED_EDGE('',*,*,#1862,.T.);
#699=ORIENTED_EDGE('',*,*,#1632,.T.);
#700=ORIENTED_EDGE('',*,*,#1866,.F.);
#701=ORIENTED_EDGE('',*,*,#1867,.F.);
#702=ORIENTED_EDGE('',*,*,#1864,.T.);
#703=ORIENTED_EDGE('',*,*,#1631,.T.);
#704=ORIENTED_EDGE('',*,*,#1868,.F.);
#705=ORIENTED_EDGE('',*,*,#1869,.F.);
#706=ORIENTED_EDGE('',*,*,#1866,.T.);
#707=ORIENTED_EDGE('',*,*,#1630,.T.);
#708=ORIENTED_EDGE('',*,*,#1870,.F.);
#709=ORIENTED_EDGE('',*,*,#1871,.F.);
#710=ORIENTED_EDGE('',*,*,#1868,.T.);
#711=ORIENTED_EDGE('',*,*,#1629,.T.);
#712=ORIENTED_EDGE('',*,*,#1851,.F.);
#713=ORIENTED_EDGE('',*,*,#1872,.F.);
#714=ORIENTED_EDGE('',*,*,#1870,.T.);
#715=ORIENTED_EDGE('',*,*,#1850,.T.);
#716=ORIENTED_EDGE('',*,*,#1853,.T.);
#717=ORIENTED_EDGE('',*,*,#1855,.T.);
#718=ORIENTED_EDGE('',*,*,#1857,.T.);
#719=ORIENTED_EDGE('',*,*,#1859,.T.);
#720=ORIENTED_EDGE('',*,*,#1861,.T.);
#721=ORIENTED_EDGE('',*,*,#1863,.T.);
#722=ORIENTED_EDGE('',*,*,#1865,.T.);
#723=ORIENTED_EDGE('',*,*,#1867,.T.);
#724=ORIENTED_EDGE('',*,*,#1869,.T.);
#725=ORIENTED_EDGE('',*,*,#1871,.T.);
#726=ORIENTED_EDGE('',*,*,#1872,.T.);
#727=ORIENTED_EDGE('',*,*,#1873,.F.);
#728=ORIENTED_EDGE('',*,*,#1874,.F.);
#729=ORIENTED_EDGE('',*,*,#1875,.T.);
#730=ORIENTED_EDGE('',*,*,#1876,.T.);
#731=ORIENTED_EDGE('',*,*,#1641,.F.);
#732=ORIENTED_EDGE('',*,*,#1877,.F.);
#733=ORIENTED_EDGE('',*,*,#1878,.T.);
#734=ORIENTED_EDGE('',*,*,#1879,.T.);
#735=ORIENTED_EDGE('',*,*,#1642,.F.);
#736=ORIENTED_EDGE('',*,*,#1879,.F.);
#737=ORIENTED_EDGE('',*,*,#1880,.T.);
#738=ORIENTED_EDGE('',*,*,#1881,.T.);
#739=ORIENTED_EDGE('',*,*,#1643,.F.);
#740=ORIENTED_EDGE('',*,*,#1881,.F.);
#741=ORIENTED_EDGE('',*,*,#1882,.T.);
#742=ORIENTED_EDGE('',*,*,#1883,.T.);
#743=ORIENTED_EDGE('',*,*,#1644,.F.);
#744=ORIENTED_EDGE('',*,*,#1883,.F.);
#745=ORIENTED_EDGE('',*,*,#1884,.T.);
#746=ORIENTED_EDGE('',*,*,#1885,.T.);
#747=ORIENTED_EDGE('',*,*,#1640,.F.);
#748=ORIENTED_EDGE('',*,*,#1885,.F.);
#749=ORIENTED_EDGE('',*,*,#1886,.T.);
#750=ORIENTED_EDGE('',*,*,#1877,.T.);
#751=ORIENTED_EDGE('',*,*,#1887,.F.);
#752=ORIENTED_EDGE('',*,*,#1876,.F.);
#753=ORIENTED_EDGE('',*,*,#1888,.T.);
#754=ORIENTED_EDGE('',*,*,#1874,.T.);
#755=ORIENTED_EDGE('',*,*,#1878,.F.);
#756=ORIENTED_EDGE('',*,*,#1886,.F.);
#757=ORIENTED_EDGE('',*,*,#1884,.F.);
#758=ORIENTED_EDGE('',*,*,#1882,.F.);
#759=ORIENTED_EDGE('',*,*,#1880,.F.);
#760=ORIENTED_EDGE('',*,*,#1875,.F.);
#761=ORIENTED_EDGE('',*,*,#1888,.F.);
#762=ORIENTED_EDGE('',*,*,#1887,.T.);
#763=ORIENTED_EDGE('',*,*,#1873,.T.);
#764=ORIENTED_EDGE('',*,*,#1646,.F.);
#765=ORIENTED_EDGE('',*,*,#1889,.F.);
#766=ORIENTED_EDGE('',*,*,#1890,.T.);
#767=ORIENTED_EDGE('',*,*,#1891,.T.);
#768=ORIENTED_EDGE('',*,*,#1647,.F.);
#769=ORIENTED_EDGE('',*,*,#1891,.F.);
#770=ORIENTED_EDGE('',*,*,#1892,.T.);
#771=ORIENTED_EDGE('',*,*,#1893,.T.);
#772=ORIENTED_EDGE('',*,*,#1648,.F.);
#773=ORIENTED_EDGE('',*,*,#1893,.F.);
#774=ORIENTED_EDGE('',*,*,#1894,.T.);
#775=ORIENTED_EDGE('',*,*,#1895,.T.);
#776=ORIENTED_EDGE('',*,*,#1649,.F.);
#777=ORIENTED_EDGE('',*,*,#1895,.F.);
#778=ORIENTED_EDGE('',*,*,#1896,.T.);
#779=ORIENTED_EDGE('',*,*,#1897,.T.);
#780=ORIENTED_EDGE('',*,*,#1650,.F.);
#781=ORIENTED_EDGE('',*,*,#1897,.F.);
#782=ORIENTED_EDGE('',*,*,#1898,.T.);
#783=ORIENTED_EDGE('',*,*,#1899,.T.);
#784=ORIENTED_EDGE('',*,*,#1900,.F.);
#785=ORIENTED_EDGE('',*,*,#1901,.F.);
#786=ORIENTED_EDGE('',*,*,#1902,.T.);
#787=ORIENTED_EDGE('',*,*,#1903,.T.);
#788=ORIENTED_EDGE('',*,*,#1904,.F.);
#789=ORIENTED_EDGE('',*,*,#1903,.F.);
#790=ORIENTED_EDGE('',*,*,#1905,.T.);
#791=ORIENTED_EDGE('',*,*,#1906,.T.);
#792=ORIENTED_EDGE('',*,*,#1907,.F.);
#793=ORIENTED_EDGE('',*,*,#1906,.F.);
#794=ORIENTED_EDGE('',*,*,#1908,.T.);
#795=ORIENTED_EDGE('',*,*,#1901,.T.);
#796=ORIENTED_EDGE('',*,*,#1645,.F.);
#797=ORIENTED_EDGE('',*,*,#1899,.F.);
#798=ORIENTED_EDGE('',*,*,#1909,.T.);
#799=ORIENTED_EDGE('',*,*,#1889,.T.);
#800=ORIENTED_EDGE('',*,*,#1902,.F.);
#801=ORIENTED_EDGE('',*,*,#1908,.F.);
#802=ORIENTED_EDGE('',*,*,#1905,.F.);
#803=ORIENTED_EDGE('',*,*,#1890,.F.);
#804=ORIENTED_EDGE('',*,*,#1909,.F.);
#805=ORIENTED_EDGE('',*,*,#1898,.F.);
#806=ORIENTED_EDGE('',*,*,#1896,.F.);
#807=ORIENTED_EDGE('',*,*,#1894,.F.);
#808=ORIENTED_EDGE('',*,*,#1892,.F.);
#809=ORIENTED_EDGE('',*,*,#1907,.T.);
#810=ORIENTED_EDGE('',*,*,#1900,.T.);
#811=ORIENTED_EDGE('',*,*,#1904,.T.);
#812=ORIENTED_EDGE('',*,*,#1910,.T.);
#813=ORIENTED_EDGE('',*,*,#1911,.F.);
#814=ORIENTED_EDGE('',*,*,#1912,.T.);
#815=ORIENTED_EDGE('',*,*,#1619,.F.);
#816=ORIENTED_EDGE('',*,*,#1910,.F.);
#817=ORIENTED_EDGE('',*,*,#1912,.F.);
#818=ORIENTED_EDGE('',*,*,#1911,.T.);
#819=ORIENTED_EDGE('',*,*,#1616,.F.);
#820=ORIENTED_EDGE('',*,*,#1913,.F.);
#821=ORIENTED_EDGE('',*,*,#1914,.T.);
#822=ORIENTED_EDGE('',*,*,#1915,.T.);
#823=ORIENTED_EDGE('',*,*,#1617,.F.);
#824=ORIENTED_EDGE('',*,*,#1915,.F.);
#825=ORIENTED_EDGE('',*,*,#1916,.T.);
#826=ORIENTED_EDGE('',*,*,#1917,.T.);
#827=ORIENTED_EDGE('',*,*,#1618,.F.);
#828=ORIENTED_EDGE('',*,*,#1917,.F.);
#829=ORIENTED_EDGE('',*,*,#1918,.T.);
#830=ORIENTED_EDGE('',*,*,#1919,.T.);
#831=ORIENTED_EDGE('',*,*,#1615,.F.);
#832=ORIENTED_EDGE('',*,*,#1919,.F.);
#833=ORIENTED_EDGE('',*,*,#1920,.T.);
#834=ORIENTED_EDGE('',*,*,#1913,.T.);
#835=ORIENTED_EDGE('',*,*,#1914,.F.);
#836=ORIENTED_EDGE('',*,*,#1920,.F.);
#837=ORIENTED_EDGE('',*,*,#1918,.F.);
#838=ORIENTED_EDGE('',*,*,#1916,.F.);
#839=ORIENTED_EDGE('',*,*,#1921,.F.);
#840=ORIENTED_EDGE('',*,*,#1922,.F.);
#841=ORIENTED_EDGE('',*,*,#1923,.T.);
#842=ORIENTED_EDGE('',*,*,#1924,.T.);
#843=ORIENTED_EDGE('',*,*,#1652,.F.);
#844=ORIENTED_EDGE('',*,*,#1925,.F.);
#845=ORIENTED_EDGE('',*,*,#1926,.T.);
#846=ORIENTED_EDGE('',*,*,#1927,.T.);
#847=ORIENTED_EDGE('',*,*,#1653,.F.);
#848=ORIENTED_EDGE('',*,*,#1927,.F.);
#849=ORIENTED_EDGE('',*,*,#1928,.T.);
#850=ORIENTED_EDGE('',*,*,#1929,.T.);
#851=ORIENTED_EDGE('',*,*,#1654,.F.);
#852=ORIENTED_EDGE('',*,*,#1929,.F.);
#853=ORIENTED_EDGE('',*,*,#1930,.T.);
#854=ORIENTED_EDGE('',*,*,#1931,.T.);
#855=ORIENTED_EDGE('',*,*,#1655,.F.);
#856=ORIENTED_EDGE('',*,*,#1931,.F.);
#857=ORIENTED_EDGE('',*,*,#1932,.T.);
#858=ORIENTED_EDGE('',*,*,#1933,.T.);
#859=ORIENTED_EDGE('',*,*,#1651,.F.);
#860=ORIENTED_EDGE('',*,*,#1933,.F.);
#861=ORIENTED_EDGE('',*,*,#1934,.T.);
#862=ORIENTED_EDGE('',*,*,#1925,.T.);
#863=ORIENTED_EDGE('',*,*,#1935,.F.);
#864=ORIENTED_EDGE('',*,*,#1924,.F.);
#865=ORIENTED_EDGE('',*,*,#1936,.T.);
#866=ORIENTED_EDGE('',*,*,#1922,.T.);
#867=ORIENTED_EDGE('',*,*,#1926,.F.);
#868=ORIENTED_EDGE('',*,*,#1934,.F.);
#869=ORIENTED_EDGE('',*,*,#1932,.F.);
#870=ORIENTED_EDGE('',*,*,#1930,.F.);
#871=ORIENTED_EDGE('',*,*,#1928,.F.);
#872=ORIENTED_EDGE('',*,*,#1923,.F.);
#873=ORIENTED_EDGE('',*,*,#1936,.F.);
#874=ORIENTED_EDGE('',*,*,#1935,.T.);
#875=ORIENTED_EDGE('',*,*,#1921,.T.);
#876=ORIENTED_EDGE('',*,*,#1657,.F.);
#877=ORIENTED_EDGE('',*,*,#1937,.F.);
#878=ORIENTED_EDGE('',*,*,#1938,.T.);
#879=ORIENTED_EDGE('',*,*,#1939,.T.);
#880=ORIENTED_EDGE('',*,*,#1658,.F.);
#881=ORIENTED_EDGE('',*,*,#1939,.F.);
#882=ORIENTED_EDGE('',*,*,#1940,.T.);
#883=ORIENTED_EDGE('',*,*,#1941,.T.);
#884=ORIENTED_EDGE('',*,*,#1659,.F.);
#885=ORIENTED_EDGE('',*,*,#1941,.F.);
#886=ORIENTED_EDGE('',*,*,#1942,.T.);
#887=ORIENTED_EDGE('',*,*,#1943,.T.);
#888=ORIENTED_EDGE('',*,*,#1660,.F.);
#889=ORIENTED_EDGE('',*,*,#1943,.F.);
#890=ORIENTED_EDGE('',*,*,#1944,.T.);
#891=ORIENTED_EDGE('',*,*,#1945,.T.);
#892=ORIENTED_EDGE('',*,*,#1661,.F.);
#893=ORIENTED_EDGE('',*,*,#1945,.F.);
#894=ORIENTED_EDGE('',*,*,#1946,.T.);
#895=ORIENTED_EDGE('',*,*,#1947,.T.);
#896=ORIENTED_EDGE('',*,*,#1662,.F.);
#897=ORIENTED_EDGE('',*,*,#1947,.F.);
#898=ORIENTED_EDGE('',*,*,#1948,.T.);
#899=ORIENTED_EDGE('',*,*,#1949,.T.);
#900=ORIENTED_EDGE('',*,*,#1663,.F.);
#901=ORIENTED_EDGE('',*,*,#1949,.F.);
#902=ORIENTED_EDGE('',*,*,#1950,.T.);
#903=ORIENTED_EDGE('',*,*,#1951,.T.);
#904=ORIENTED_EDGE('',*,*,#1952,.F.);
#905=ORIENTED_EDGE('',*,*,#1953,.F.);
#906=ORIENTED_EDGE('',*,*,#1954,.T.);
#907=ORIENTED_EDGE('',*,*,#1955,.T.);
#908=ORIENTED_EDGE('',*,*,#1956,.F.);
#909=ORIENTED_EDGE('',*,*,#1955,.F.);
#910=ORIENTED_EDGE('',*,*,#1957,.T.);
#911=ORIENTED_EDGE('',*,*,#1958,.T.);
#912=ORIENTED_EDGE('',*,*,#1959,.F.);
#913=ORIENTED_EDGE('',*,*,#1958,.F.);
#914=ORIENTED_EDGE('',*,*,#1960,.T.);
#915=ORIENTED_EDGE('',*,*,#1953,.T.);
#916=ORIENTED_EDGE('',*,*,#1656,.F.);
#917=ORIENTED_EDGE('',*,*,#1951,.F.);
#918=ORIENTED_EDGE('',*,*,#1961,.T.);
#919=ORIENTED_EDGE('',*,*,#1937,.T.);
#920=ORIENTED_EDGE('',*,*,#1954,.F.);
#921=ORIENTED_EDGE('',*,*,#1960,.F.);
#922=ORIENTED_EDGE('',*,*,#1957,.F.);
#923=ORIENTED_EDGE('',*,*,#1938,.F.);
#924=ORIENTED_EDGE('',*,*,#1961,.F.);
#925=ORIENTED_EDGE('',*,*,#1950,.F.);
#926=ORIENTED_EDGE('',*,*,#1948,.F.);
#927=ORIENTED_EDGE('',*,*,#1946,.F.);
#928=ORIENTED_EDGE('',*,*,#1944,.F.);
#929=ORIENTED_EDGE('',*,*,#1942,.F.);
#930=ORIENTED_EDGE('',*,*,#1940,.F.);
#931=ORIENTED_EDGE('',*,*,#1959,.T.);
#932=ORIENTED_EDGE('',*,*,#1952,.T.);
#933=ORIENTED_EDGE('',*,*,#1956,.T.);
#934=ORIENTED_EDGE('',*,*,#1665,.F.);
#935=ORIENTED_EDGE('',*,*,#1962,.F.);
#936=ORIENTED_EDGE('',*,*,#1963,.T.);
#937=ORIENTED_EDGE('',*,*,#1964,.T.);
#938=ORIENTED_EDGE('',*,*,#1666,.F.);
#939=ORIENTED_EDGE('',*,*,#1964,.F.);
#940=ORIENTED_EDGE('',*,*,#1965,.T.);
#941=ORIENTED_EDGE('',*,*,#1966,.T.);
#942=ORIENTED_EDGE('',*,*,#1967,.F.);
#943=ORIENTED_EDGE('',*,*,#1968,.F.);
#944=ORIENTED_EDGE('',*,*,#1969,.T.);
#945=ORIENTED_EDGE('',*,*,#1970,.T.);
#946=ORIENTED_EDGE('',*,*,#1971,.F.);
#947=ORIENTED_EDGE('',*,*,#1970,.F.);
#948=ORIENTED_EDGE('',*,*,#1972,.T.);
#949=ORIENTED_EDGE('',*,*,#1973,.T.);
#950=ORIENTED_EDGE('',*,*,#1974,.F.);
#951=ORIENTED_EDGE('',*,*,#1973,.F.);
#952=ORIENTED_EDGE('',*,*,#1975,.T.);
#953=ORIENTED_EDGE('',*,*,#1968,.T.);
#954=ORIENTED_EDGE('',*,*,#1664,.F.);
#955=ORIENTED_EDGE('',*,*,#1966,.F.);
#956=ORIENTED_EDGE('',*,*,#1976,.T.);
#957=ORIENTED_EDGE('',*,*,#1962,.T.);
#958=ORIENTED_EDGE('',*,*,#1969,.F.);
#959=ORIENTED_EDGE('',*,*,#1975,.F.);
#960=ORIENTED_EDGE('',*,*,#1972,.F.);
#961=ORIENTED_EDGE('',*,*,#1963,.F.);
#962=ORIENTED_EDGE('',*,*,#1976,.F.);
#963=ORIENTED_EDGE('',*,*,#1965,.F.);
#964=ORIENTED_EDGE('',*,*,#1974,.T.);
#965=ORIENTED_EDGE('',*,*,#1967,.T.);
#966=ORIENTED_EDGE('',*,*,#1971,.T.);
#967=ORIENTED_EDGE('',*,*,#1668,.F.);
#968=ORIENTED_EDGE('',*,*,#1977,.F.);
#969=ORIENTED_EDGE('',*,*,#1978,.T.);
#970=ORIENTED_EDGE('',*,*,#1979,.T.);
#971=ORIENTED_EDGE('',*,*,#1669,.F.);
#972=ORIENTED_EDGE('',*,*,#1979,.F.);
#973=ORIENTED_EDGE('',*,*,#1980,.T.);
#974=ORIENTED_EDGE('',*,*,#1981,.T.);
#975=ORIENTED_EDGE('',*,*,#1670,.F.);
#976=ORIENTED_EDGE('',*,*,#1981,.F.);
#977=ORIENTED_EDGE('',*,*,#1982,.T.);
#978=ORIENTED_EDGE('',*,*,#1983,.T.);
#979=ORIENTED_EDGE('',*,*,#1671,.F.);
#980=ORIENTED_EDGE('',*,*,#1983,.F.);
#981=ORIENTED_EDGE('',*,*,#1984,.T.);
#982=ORIENTED_EDGE('',*,*,#1985,.T.);
#983=ORIENTED_EDGE('',*,*,#1672,.F.);
#984=ORIENTED_EDGE('',*,*,#1985,.F.);
#985=ORIENTED_EDGE('',*,*,#1986,.T.);
#986=ORIENTED_EDGE('',*,*,#1987,.T.);
#987=ORIENTED_EDGE('',*,*,#1673,.F.);
#988=ORIENTED_EDGE('',*,*,#1987,.F.);
#989=ORIENTED_EDGE('',*,*,#1988,.T.);
#990=ORIENTED_EDGE('',*,*,#1989,.T.);
#991=ORIENTED_EDGE('',*,*,#1674,.F.);
#992=ORIENTED_EDGE('',*,*,#1989,.F.);
#993=ORIENTED_EDGE('',*,*,#1990,.T.);
#994=ORIENTED_EDGE('',*,*,#1991,.T.);
#995=ORIENTED_EDGE('',*,*,#1675,.F.);
#996=ORIENTED_EDGE('',*,*,#1991,.F.);
#997=ORIENTED_EDGE('',*,*,#1992,.T.);
#998=ORIENTED_EDGE('',*,*,#1993,.T.);
#999=ORIENTED_EDGE('',*,*,#1676,.F.);
#1000=ORIENTED_EDGE('',*,*,#1993,.F.);
#1001=ORIENTED_EDGE('',*,*,#1994,.T.);
#1002=ORIENTED_EDGE('',*,*,#1995,.T.);
#1003=ORIENTED_EDGE('',*,*,#1677,.F.);
#1004=ORIENTED_EDGE('',*,*,#1995,.F.);
#1005=ORIENTED_EDGE('',*,*,#1996,.T.);
#1006=ORIENTED_EDGE('',*,*,#1997,.T.);
#1007=ORIENTED_EDGE('',*,*,#1678,.F.);
#1008=ORIENTED_EDGE('',*,*,#1997,.F.);
#1009=ORIENTED_EDGE('',*,*,#1998,.T.);
#1010=ORIENTED_EDGE('',*,*,#1999,.T.);
#1011=ORIENTED_EDGE('',*,*,#1667,.F.);
#1012=ORIENTED_EDGE('',*,*,#1999,.F.);
#1013=ORIENTED_EDGE('',*,*,#2000,.T.);
#1014=ORIENTED_EDGE('',*,*,#1977,.T.);
#1015=ORIENTED_EDGE('',*,*,#1978,.F.);
#1016=ORIENTED_EDGE('',*,*,#2000,.F.);
#1017=ORIENTED_EDGE('',*,*,#1998,.F.);
#1018=ORIENTED_EDGE('',*,*,#1996,.F.);
#1019=ORIENTED_EDGE('',*,*,#1994,.F.);
#1020=ORIENTED_EDGE('',*,*,#1992,.F.);
#1021=ORIENTED_EDGE('',*,*,#1990,.F.);
#1022=ORIENTED_EDGE('',*,*,#1988,.F.);
#1023=ORIENTED_EDGE('',*,*,#1986,.F.);
#1024=ORIENTED_EDGE('',*,*,#1984,.F.);
#1025=ORIENTED_EDGE('',*,*,#1982,.F.);
#1026=ORIENTED_EDGE('',*,*,#1980,.F.);
#1027=ORIENTED_EDGE('',*,*,#1680,.F.);
#1028=ORIENTED_EDGE('',*,*,#2001,.F.);
#1029=ORIENTED_EDGE('',*,*,#2002,.T.);
#1030=ORIENTED_EDGE('',*,*,#2003,.T.);
#1031=ORIENTED_EDGE('',*,*,#1681,.F.);
#1032=ORIENTED_EDGE('',*,*,#2003,.F.);
#1033=ORIENTED_EDGE('',*,*,#2004,.T.);
#1034=ORIENTED_EDGE('',*,*,#2005,.T.);
#1035=ORIENTED_EDGE('',*,*,#1682,.F.);
#1036=ORIENTED_EDGE('',*,*,#2005,.F.);
#1037=ORIENTED_EDGE('',*,*,#2006,.T.);
#1038=ORIENTED_EDGE('',*,*,#2007,.T.);
#1039=ORIENTED_EDGE('',*,*,#1683,.F.);
#1040=ORIENTED_EDGE('',*,*,#2007,.F.);
#1041=ORIENTED_EDGE('',*,*,#2008,.T.);
#1042=ORIENTED_EDGE('',*,*,#2009,.T.);
#1043=ORIENTED_EDGE('',*,*,#1684,.F.);
#1044=ORIENTED_EDGE('',*,*,#2009,.F.);
#1045=ORIENTED_EDGE('',*,*,#2010,.T.);
#1046=ORIENTED_EDGE('',*,*,#2011,.T.);
#1047=ORIENTED_EDGE('',*,*,#1685,.F.);
#1048=ORIENTED_EDGE('',*,*,#2011,.F.);
#1049=ORIENTED_EDGE('',*,*,#2012,.T.);
#1050=ORIENTED_EDGE('',*,*,#2013,.T.);
#1051=ORIENTED_EDGE('',*,*,#1686,.F.);
#1052=ORIENTED_EDGE('',*,*,#2013,.F.);
#1053=ORIENTED_EDGE('',*,*,#2014,.T.);
#1054=ORIENTED_EDGE('',*,*,#2015,.T.);
#1055=ORIENTED_EDGE('',*,*,#1687,.F.);
#1056=ORIENTED_EDGE('',*,*,#2015,.F.);
#1057=ORIENTED_EDGE('',*,*,#2016,.T.);
#1058=ORIENTED_EDGE('',*,*,#2017,.T.);
#1059=ORIENTED_EDGE('',*,*,#1688,.F.);
#1060=ORIENTED_EDGE('',*,*,#2017,.F.);
#1061=ORIENTED_EDGE('',*,*,#2018,.T.);
#1062=ORIENTED_EDGE('',*,*,#2019,.T.);
#1063=ORIENTED_EDGE('',*,*,#1689,.F.);
#1064=ORIENTED_EDGE('',*,*,#2019,.F.);
#1065=ORIENTED_EDGE('',*,*,#2020,.T.);
#1066=ORIENTED_EDGE('',*,*,#2021,.T.);
#1067=ORIENTED_EDGE('',*,*,#1690,.F.);
#1068=ORIENTED_EDGE('',*,*,#2021,.F.);
#1069=ORIENTED_EDGE('',*,*,#2022,.T.);
#1070=ORIENTED_EDGE('',*,*,#2023,.T.);
#1071=ORIENTED_EDGE('',*,*,#1679,.F.);
#1072=ORIENTED_EDGE('',*,*,#2023,.F.);
#1073=ORIENTED_EDGE('',*,*,#2024,.T.);
#1074=ORIENTED_EDGE('',*,*,#2001,.T.);
#1075=ORIENTED_EDGE('',*,*,#2002,.F.);
#1076=ORIENTED_EDGE('',*,*,#2024,.F.);
#1077=ORIENTED_EDGE('',*,*,#2022,.F.);
#1078=ORIENTED_EDGE('',*,*,#2020,.F.);
#1079=ORIENTED_EDGE('',*,*,#2018,.F.);
#1080=ORIENTED_EDGE('',*,*,#2016,.F.);
#1081=ORIENTED_EDGE('',*,*,#2014,.F.);
#1082=ORIENTED_EDGE('',*,*,#2012,.F.);
#1083=ORIENTED_EDGE('',*,*,#2010,.F.);
#1084=ORIENTED_EDGE('',*,*,#2008,.F.);
#1085=ORIENTED_EDGE('',*,*,#2006,.F.);
#1086=ORIENTED_EDGE('',*,*,#2004,.F.);
#1087=ORIENTED_EDGE('',*,*,#1692,.F.);
#1088=ORIENTED_EDGE('',*,*,#2025,.F.);
#1089=ORIENTED_EDGE('',*,*,#2026,.T.);
#1090=ORIENTED_EDGE('',*,*,#2027,.T.);
#1091=ORIENTED_EDGE('',*,*,#1693,.F.);
#1092=ORIENTED_EDGE('',*,*,#2027,.F.);
#1093=ORIENTED_EDGE('',*,*,#2028,.T.);
#1094=ORIENTED_EDGE('',*,*,#2029,.T.);
#1095=ORIENTED_EDGE('',*,*,#1694,.F.);
#1096=ORIENTED_EDGE('',*,*,#2029,.F.);
#1097=ORIENTED_EDGE('',*,*,#2030,.T.);
#1098=ORIENTED_EDGE('',*,*,#2031,.T.);
#1099=ORIENTED_EDGE('',*,*,#1695,.F.);
#1100=ORIENTED_EDGE('',*,*,#2031,.F.);
#1101=ORIENTED_EDGE('',*,*,#2032,.T.);
#1102=ORIENTED_EDGE('',*,*,#2033,.T.);
#1103=ORIENTED_EDGE('',*,*,#2034,.F.);
#1104=ORIENTED_EDGE('',*,*,#2035,.F.);
#1105=ORIENTED_EDGE('',*,*,#2036,.T.);
#1106=ORIENTED_EDGE('',*,*,#2037,.T.);
#1107=ORIENTED_EDGE('',*,*,#2038,.F.);
#1108=ORIENTED_EDGE('',*,*,#2037,.F.);
#1109=ORIENTED_EDGE('',*,*,#2039,.T.);
#1110=ORIENTED_EDGE('',*,*,#2035,.T.);
#1111=ORIENTED_EDGE('',*,*,#1691,.F.);
#1112=ORIENTED_EDGE('',*,*,#2033,.F.);
#1113=ORIENTED_EDGE('',*,*,#2040,.T.);
#1114=ORIENTED_EDGE('',*,*,#2025,.T.);
#1115=ORIENTED_EDGE('',*,*,#2036,.F.);
#1116=ORIENTED_EDGE('',*,*,#2039,.F.);
#1117=ORIENTED_EDGE('',*,*,#2026,.F.);
#1118=ORIENTED_EDGE('',*,*,#2040,.F.);
#1119=ORIENTED_EDGE('',*,*,#2032,.F.);
#1120=ORIENTED_EDGE('',*,*,#2030,.F.);
#1121=ORIENTED_EDGE('',*,*,#2028,.F.);
#1122=ORIENTED_EDGE('',*,*,#2038,.T.);
#1123=ORIENTED_EDGE('',*,*,#2034,.T.);
#1124=ORIENTED_EDGE('',*,*,#1697,.F.);
#1125=ORIENTED_EDGE('',*,*,#2041,.F.);
#1126=ORIENTED_EDGE('',*,*,#2042,.T.);
#1127=ORIENTED_EDGE('',*,*,#2043,.T.);
#1128=ORIENTED_EDGE('',*,*,#1698,.F.);
#1129=ORIENTED_EDGE('',*,*,#2043,.F.);
#1130=ORIENTED_EDGE('',*,*,#2044,.T.);
#1131=ORIENTED_EDGE('',*,*,#2045,.T.);
#1132=ORIENTED_EDGE('',*,*,#1699,.F.);
#1133=ORIENTED_EDGE('',*,*,#2045,.F.);
#1134=ORIENTED_EDGE('',*,*,#2046,.T.);
#1135=ORIENTED_EDGE('',*,*,#2047,.T.);
#1136=ORIENTED_EDGE('',*,*,#1700,.F.);
#1137=ORIENTED_EDGE('',*,*,#2047,.F.);
#1138=ORIENTED_EDGE('',*,*,#2048,.T.);
#1139=ORIENTED_EDGE('',*,*,#2049,.T.);
#1140=ORIENTED_EDGE('',*,*,#1701,.F.);
#1141=ORIENTED_EDGE('',*,*,#2049,.F.);
#1142=ORIENTED_EDGE('',*,*,#2050,.T.);
#1143=ORIENTED_EDGE('',*,*,#2051,.T.);
#1144=ORIENTED_EDGE('',*,*,#1702,.F.);
#1145=ORIENTED_EDGE('',*,*,#2051,.F.);
#1146=ORIENTED_EDGE('',*,*,#2052,.T.);
#1147=ORIENTED_EDGE('',*,*,#2053,.T.);
#1148=ORIENTED_EDGE('',*,*,#1703,.F.);
#1149=ORIENTED_EDGE('',*,*,#2053,.F.);
#1150=ORIENTED_EDGE('',*,*,#2054,.T.);
#1151=ORIENTED_EDGE('',*,*,#2055,.T.);
#1152=ORIENTED_EDGE('',*,*,#1704,.F.);
#1153=ORIENTED_EDGE('',*,*,#2055,.F.);
#1154=ORIENTED_EDGE('',*,*,#2056,.T.);
#1155=ORIENTED_EDGE('',*,*,#2057,.T.);
#1156=ORIENTED_EDGE('',*,*,#1705,.F.);
#1157=ORIENTED_EDGE('',*,*,#2057,.F.);
#1158=ORIENTED_EDGE('',*,*,#2058,.T.);
#1159=ORIENTED_EDGE('',*,*,#2059,.T.);
#1160=ORIENTED_EDGE('',*,*,#1706,.F.);
#1161=ORIENTED_EDGE('',*,*,#2059,.F.);
#1162=ORIENTED_EDGE('',*,*,#2060,.T.);
#1163=ORIENTED_EDGE('',*,*,#2061,.T.);
#1164=ORIENTED_EDGE('',*,*,#1707,.F.);
#1165=ORIENTED_EDGE('',*,*,#2061,.F.);
#1166=ORIENTED_EDGE('',*,*,#2062,.T.);
#1167=ORIENTED_EDGE('',*,*,#2063,.T.);
#1168=ORIENTED_EDGE('',*,*,#1696,.F.);
#1169=ORIENTED_EDGE('',*,*,#2063,.F.);
#1170=ORIENTED_EDGE('',*,*,#2064,.T.);
#1171=ORIENTED_EDGE('',*,*,#2041,.T.);
#1172=ORIENTED_EDGE('',*,*,#2042,.F.);
#1173=ORIENTED_EDGE('',*,*,#2064,.F.);
#1174=ORIENTED_EDGE('',*,*,#2062,.F.);
#1175=ORIENTED_EDGE('',*,*,#2060,.F.);
#1176=ORIENTED_EDGE('',*,*,#2058,.F.);
#1177=ORIENTED_EDGE('',*,*,#2056,.F.);
#1178=ORIENTED_EDGE('',*,*,#2054,.F.);
#1179=ORIENTED_EDGE('',*,*,#2052,.F.);
#1180=ORIENTED_EDGE('',*,*,#2050,.F.);
#1181=ORIENTED_EDGE('',*,*,#2048,.F.);
#1182=ORIENTED_EDGE('',*,*,#2046,.F.);
#1183=ORIENTED_EDGE('',*,*,#2044,.F.);
#1184=ORIENTED_EDGE('',*,*,#1709,.F.);
#1185=ORIENTED_EDGE('',*,*,#2065,.F.);
#1186=ORIENTED_EDGE('',*,*,#2066,.T.);
#1187=ORIENTED_EDGE('',*,*,#2067,.T.);
#1188=ORIENTED_EDGE('',*,*,#1710,.F.);
#1189=ORIENTED_EDGE('',*,*,#2067,.F.);
#1190=ORIENTED_EDGE('',*,*,#2068,.T.);
#1191=ORIENTED_EDGE('',*,*,#2069,.T.);
#1192=ORIENTED_EDGE('',*,*,#1711,.F.);
#1193=ORIENTED_EDGE('',*,*,#2069,.F.);
#1194=ORIENTED_EDGE('',*,*,#2070,.T.);
#1195=ORIENTED_EDGE('',*,*,#2071,.T.);
#1196=ORIENTED_EDGE('',*,*,#1712,.F.);
#1197=ORIENTED_EDGE('',*,*,#2071,.F.);
#1198=ORIENTED_EDGE('',*,*,#2072,.T.);
#1199=ORIENTED_EDGE('',*,*,#2073,.T.);
#1200=ORIENTED_EDGE('',*,*,#1713,.F.);
#1201=ORIENTED_EDGE('',*,*,#2073,.F.);
#1202=ORIENTED_EDGE('',*,*,#2074,.T.);
#1203=ORIENTED_EDGE('',*,*,#2075,.T.);
#1204=ORIENTED_EDGE('',*,*,#1714,.F.);
#1205=ORIENTED_EDGE('',*,*,#2075,.F.);
#1206=ORIENTED_EDGE('',*,*,#2076,.T.);
#1207=ORIENTED_EDGE('',*,*,#2077,.T.);
#1208=ORIENTED_EDGE('',*,*,#1715,.F.);
#1209=ORIENTED_EDGE('',*,*,#2077,.F.);
#1210=ORIENTED_EDGE('',*,*,#2078,.T.);
#1211=ORIENTED_EDGE('',*,*,#2079,.T.);
#1212=ORIENTED_EDGE('',*,*,#1716,.F.);
#1213=ORIENTED_EDGE('',*,*,#2079,.F.);
#1214=ORIENTED_EDGE('',*,*,#2080,.T.);
#1215=ORIENTED_EDGE('',*,*,#2081,.T.);
#1216=ORIENTED_EDGE('',*,*,#1717,.F.);
#1217=ORIENTED_EDGE('',*,*,#2081,.F.);
#1218=ORIENTED_EDGE('',*,*,#2082,.T.);
#1219=ORIENTED_EDGE('',*,*,#2083,.T.);
#1220=ORIENTED_EDGE('',*,*,#1718,.F.);
#1221=ORIENTED_EDGE('',*,*,#2083,.F.);
#1222=ORIENTED_EDGE('',*,*,#2084,.T.);
#1223=ORIENTED_EDGE('',*,*,#2085,.T.);
#1224=ORIENTED_EDGE('',*,*,#1719,.F.);
#1225=ORIENTED_EDGE('',*,*,#2085,.F.);
#1226=ORIENTED_EDGE('',*,*,#2086,.T.);
#1227=ORIENTED_EDGE('',*,*,#2087,.T.);
#1228=ORIENTED_EDGE('',*,*,#1720,.F.);
#1229=ORIENTED_EDGE('',*,*,#2087,.F.);
#1230=ORIENTED_EDGE('',*,*,#2088,.T.);
#1231=ORIENTED_EDGE('',*,*,#2089,.T.);
#1232=ORIENTED_EDGE('',*,*,#1721,.F.);
#1233=ORIENTED_EDGE('',*,*,#2089,.F.);
#1234=ORIENTED_EDGE('',*,*,#2090,.T.);
#1235=ORIENTED_EDGE('',*,*,#2091,.T.);
#1236=ORIENTED_EDGE('',*,*,#1722,.F.);
#1237=ORIENTED_EDGE('',*,*,#2091,.F.);
#1238=ORIENTED_EDGE('',*,*,#2092,.T.);
#1239=ORIENTED_EDGE('',*,*,#2093,.T.);
#1240=ORIENTED_EDGE('',*,*,#1708,.F.);
#1241=ORIENTED_EDGE('',*,*,#2093,.F.);
#1242=ORIENTED_EDGE('',*,*,#2094,.T.);
#1243=ORIENTED_EDGE('',*,*,#2065,.T.);
#1244=ORIENTED_EDGE('',*,*,#2066,.F.);
#1245=ORIENTED_EDGE('',*,*,#2094,.F.);
#1246=ORIENTED_EDGE('',*,*,#2092,.F.);
#1247=ORIENTED_EDGE('',*,*,#2090,.F.);
#1248=ORIENTED_EDGE('',*,*,#2088,.F.);
#1249=ORIENTED_EDGE('',*,*,#2086,.F.);
#1250=ORIENTED_EDGE('',*,*,#2084,.F.);
#1251=ORIENTED_EDGE('',*,*,#2082,.F.);
#1252=ORIENTED_EDGE('',*,*,#2080,.F.);
#1253=ORIENTED_EDGE('',*,*,#2078,.F.);
#1254=ORIENTED_EDGE('',*,*,#2076,.F.);
#1255=ORIENTED_EDGE('',*,*,#2074,.F.);
#1256=ORIENTED_EDGE('',*,*,#2072,.F.);
#1257=ORIENTED_EDGE('',*,*,#2070,.F.);
#1258=ORIENTED_EDGE('',*,*,#2068,.F.);
#1259=ORIENTED_EDGE('',*,*,#2095,.T.);
#1260=ORIENTED_EDGE('',*,*,#2096,.F.);
#1261=ORIENTED_EDGE('',*,*,#2097,.F.);
#1262=ORIENTED_EDGE('',*,*,#2098,.T.);
#1263=ORIENTED_EDGE('',*,*,#2099,.T.);
#1264=ORIENTED_EDGE('',*,*,#2100,.T.);
#1265=ORIENTED_EDGE('',*,*,#2101,.F.);
#1266=ORIENTED_EDGE('',*,*,#2102,.F.);
#1267=ORIENTED_EDGE('',*,*,#2097,.T.);
#1268=ORIENTED_EDGE('',*,*,#2103,.T.);
#1269=ORIENTED_EDGE('',*,*,#2099,.F.);
#1270=ORIENTED_EDGE('',*,*,#2104,.F.);
#1271=ORIENTED_EDGE('',*,*,#2101,.T.);
#1272=ORIENTED_EDGE('',*,*,#2105,.F.);
#1273=ORIENTED_EDGE('',*,*,#2095,.F.);
#1274=ORIENTED_EDGE('',*,*,#2106,.F.);
#1275=ORIENTED_EDGE('',*,*,#2107,.T.);
#1276=ORIENTED_EDGE('',*,*,#2108,.F.);
#1277=ORIENTED_EDGE('',*,*,#2109,.F.);
#1278=ORIENTED_EDGE('',*,*,#2110,.F.);
#1279=ORIENTED_EDGE('',*,*,#2111,.F.);
#1280=ORIENTED_EDGE('',*,*,#2112,.F.);
#1281=ORIENTED_EDGE('',*,*,#2113,.F.);
#1282=ORIENTED_EDGE('',*,*,#2114,.T.);
#1283=ORIENTED_EDGE('',*,*,#2115,.T.);
#1284=ORIENTED_EDGE('',*,*,#2116,.T.);
#1285=ORIENTED_EDGE('',*,*,#2117,.T.);
#1286=ORIENTED_EDGE('',*,*,#2118,.T.);
#1287=ORIENTED_EDGE('',*,*,#2119,.F.);
#1288=ORIENTED_EDGE('',*,*,#2120,.F.);
#1289=ORIENTED_EDGE('',*,*,#2107,.F.);
#1290=ORIENTED_EDGE('',*,*,#2121,.F.);
#1291=ORIENTED_EDGE('',*,*,#2122,.T.);
#1292=ORIENTED_EDGE('',*,*,#2123,.T.);
#1293=ORIENTED_EDGE('',*,*,#2122,.F.);
#1294=ORIENTED_EDGE('',*,*,#2124,.F.);
#1295=ORIENTED_EDGE('',*,*,#2125,.T.);
#1296=ORIENTED_EDGE('',*,*,#2126,.F.);
#1297=ORIENTED_EDGE('',*,*,#2127,.F.);
#1298=ORIENTED_EDGE('',*,*,#2128,.F.);
#1299=ORIENTED_EDGE('',*,*,#2129,.F.);
#1300=ORIENTED_EDGE('',*,*,#2130,.F.);
#1301=ORIENTED_EDGE('',*,*,#2131,.F.);
#1302=ORIENTED_EDGE('',*,*,#2132,.T.);
#1303=ORIENTED_EDGE('',*,*,#2133,.T.);
#1304=ORIENTED_EDGE('',*,*,#2134,.T.);
#1305=ORIENTED_EDGE('',*,*,#2135,.T.);
#1306=ORIENTED_EDGE('',*,*,#2136,.T.);
#1307=ORIENTED_EDGE('',*,*,#2125,.F.);
#1308=ORIENTED_EDGE('',*,*,#2137,.F.);
#1309=ORIENTED_EDGE('',*,*,#2119,.T.);
#1310=ORIENTED_EDGE('',*,*,#2138,.T.);
#1311=ORIENTED_EDGE('',*,*,#2120,.T.);
#1312=ORIENTED_EDGE('',*,*,#2139,.F.);
#1313=ORIENTED_EDGE('',*,*,#2098,.F.);
#1314=ORIENTED_EDGE('',*,*,#2140,.T.);
#1315=ORIENTED_EDGE('',*,*,#2140,.F.);
#1316=ORIENTED_EDGE('',*,*,#2104,.T.);
#1317=ORIENTED_EDGE('',*,*,#2141,.T.);
#1318=ORIENTED_EDGE('',*,*,#2121,.T.);
#1319=ORIENTED_EDGE('',*,*,#2141,.F.);
#1320=ORIENTED_EDGE('',*,*,#2102,.T.);
#1321=ORIENTED_EDGE('',*,*,#2142,.T.);
#1322=ORIENTED_EDGE('',*,*,#2124,.T.);
#1323=ORIENTED_EDGE('',*,*,#2142,.F.);
#1324=ORIENTED_EDGE('',*,*,#2106,.T.);
#1325=ORIENTED_EDGE('',*,*,#2139,.T.);
#1326=ORIENTED_EDGE('',*,*,#2137,.T.);
#1327=ORIENTED_EDGE('',*,*,#2143,.T.);
#1328=ORIENTED_EDGE('',*,*,#2144,.F.);
#1329=ORIENTED_EDGE('',*,*,#2145,.F.);
#1330=ORIENTED_EDGE('',*,*,#2146,.F.);
#1331=ORIENTED_EDGE('',*,*,#2147,.F.);
#1332=ORIENTED_EDGE('',*,*,#2148,.F.);
#1333=ORIENTED_EDGE('',*,*,#2149,.T.);
#1334=ORIENTED_EDGE('',*,*,#2150,.T.);
#1335=ORIENTED_EDGE('',*,*,#2151,.T.);
#1336=ORIENTED_EDGE('',*,*,#2152,.T.);
#1337=ORIENTED_EDGE('',*,*,#2153,.T.);
#1338=ORIENTED_EDGE('',*,*,#2154,.T.);
#1339=ORIENTED_EDGE('',*,*,#2155,.F.);
#1340=ORIENTED_EDGE('',*,*,#2156,.T.);
#1341=ORIENTED_EDGE('',*,*,#2155,.T.);
#1342=ORIENTED_EDGE('',*,*,#2157,.F.);
#1343=ORIENTED_EDGE('',*,*,#2158,.F.);
#1344=ORIENTED_EDGE('',*,*,#2159,.T.);
#1345=ORIENTED_EDGE('',*,*,#2158,.T.);
#1346=ORIENTED_EDGE('',*,*,#2160,.F.);
#1347=ORIENTED_EDGE('',*,*,#2161,.F.);
#1348=ORIENTED_EDGE('',*,*,#2162,.F.);
#1349=ORIENTED_EDGE('',*,*,#2163,.F.);
#1350=ORIENTED_EDGE('',*,*,#2164,.F.);
#1351=ORIENTED_EDGE('',*,*,#2165,.T.);
#1352=ORIENTED_EDGE('',*,*,#2166,.T.);
#1353=ORIENTED_EDGE('',*,*,#2167,.T.);
#1354=ORIENTED_EDGE('',*,*,#2168,.T.);
#1355=ORIENTED_EDGE('',*,*,#2169,.T.);
#1356=ORIENTED_EDGE('',*,*,#2170,.T.);
#1357=ORIENTED_EDGE('',*,*,#2171,.F.);
#1358=ORIENTED_EDGE('',*,*,#2172,.T.);
#1359=ORIENTED_EDGE('',*,*,#2171,.T.);
#1360=ORIENTED_EDGE('',*,*,#2173,.F.);
#1361=ORIENTED_EDGE('',*,*,#2143,.F.);
#1362=ORIENTED_EDGE('',*,*,#2174,.T.);
#1363=ORIENTED_EDGE('',*,*,#2156,.F.);
#1364=ORIENTED_EDGE('',*,*,#2175,.F.);
#1365=ORIENTED_EDGE('',*,*,#2096,.T.);
#1366=ORIENTED_EDGE('',*,*,#2176,.T.);
#1367=ORIENTED_EDGE('',*,*,#2175,.T.);
#1368=ORIENTED_EDGE('',*,*,#2159,.F.);
#1369=ORIENTED_EDGE('',*,*,#2177,.F.);
#1370=ORIENTED_EDGE('',*,*,#2103,.F.);
#1371=ORIENTED_EDGE('',*,*,#2177,.T.);
#1372=ORIENTED_EDGE('',*,*,#2172,.F.);
#1373=ORIENTED_EDGE('',*,*,#2178,.F.);
#1374=ORIENTED_EDGE('',*,*,#2100,.F.);
#1375=ORIENTED_EDGE('',*,*,#2178,.T.);
#1376=ORIENTED_EDGE('',*,*,#2174,.F.);
#1377=ORIENTED_EDGE('',*,*,#2176,.F.);
#1378=ORIENTED_EDGE('',*,*,#2105,.T.);
#1379=ORIENTED_EDGE('',*,*,#2138,.F.);
#1380=ORIENTED_EDGE('',*,*,#2118,.F.);
#1381=ORIENTED_EDGE('',*,*,#2179,.F.);
#1382=ORIENTED_EDGE('',*,*,#2126,.T.);
#1383=ORIENTED_EDGE('',*,*,#2136,.F.);
#1384=ORIENTED_EDGE('',*,*,#2180,.F.);
#1385=ORIENTED_EDGE('',*,*,#2108,.T.);
#1386=ORIENTED_EDGE('',*,*,#2123,.F.);
#1387=ORIENTED_EDGE('',*,*,#2179,.T.);
#1388=ORIENTED_EDGE('',*,*,#2117,.F.);
#1389=ORIENTED_EDGE('',*,*,#2181,.F.);
#1390=ORIENTED_EDGE('',*,*,#2127,.T.);
#1391=ORIENTED_EDGE('',*,*,#2135,.F.);
#1392=ORIENTED_EDGE('',*,*,#2182,.F.);
#1393=ORIENTED_EDGE('',*,*,#2109,.T.);
#1394=ORIENTED_EDGE('',*,*,#2180,.T.);
#1395=ORIENTED_EDGE('',*,*,#2181,.T.);
#1396=ORIENTED_EDGE('',*,*,#2116,.F.);
#1397=ORIENTED_EDGE('',*,*,#2183,.F.);
#1398=ORIENTED_EDGE('',*,*,#2128,.T.);
#1399=ORIENTED_EDGE('',*,*,#2134,.F.);
#1400=ORIENTED_EDGE('',*,*,#2184,.F.);
#1401=ORIENTED_EDGE('',*,*,#2110,.T.);
#1402=ORIENTED_EDGE('',*,*,#2182,.T.);
#1403=ORIENTED_EDGE('',*,*,#2183,.T.);
#1404=ORIENTED_EDGE('',*,*,#2115,.F.);
#1405=ORIENTED_EDGE('',*,*,#2185,.F.);
#1406=ORIENTED_EDGE('',*,*,#2129,.T.);
#1407=ORIENTED_EDGE('',*,*,#2133,.F.);
#1408=ORIENTED_EDGE('',*,*,#2186,.F.);
#1409=ORIENTED_EDGE('',*,*,#2111,.T.);
#1410=ORIENTED_EDGE('',*,*,#2184,.T.);
#1411=ORIENTED_EDGE('',*,*,#2185,.T.);
#1412=ORIENTED_EDGE('',*,*,#2114,.F.);
#1413=ORIENTED_EDGE('',*,*,#2187,.F.);
#1414=ORIENTED_EDGE('',*,*,#2130,.T.);
#1415=ORIENTED_EDGE('',*,*,#2132,.F.);
#1416=ORIENTED_EDGE('',*,*,#2188,.F.);
#1417=ORIENTED_EDGE('',*,*,#2112,.T.);
#1418=ORIENTED_EDGE('',*,*,#2186,.T.);
#1419=ORIENTED_EDGE('',*,*,#2187,.T.);
#1420=ORIENTED_EDGE('',*,*,#2113,.T.);
#1421=ORIENTED_EDGE('',*,*,#2188,.T.);
#1422=ORIENTED_EDGE('',*,*,#2131,.T.);
#1423=ORIENTED_EDGE('',*,*,#2160,.T.);
#1424=ORIENTED_EDGE('',*,*,#2157,.T.);
#1425=ORIENTED_EDGE('',*,*,#2154,.F.);
#1426=ORIENTED_EDGE('',*,*,#2189,.T.);
#1427=ORIENTED_EDGE('',*,*,#2144,.T.);
#1428=ORIENTED_EDGE('',*,*,#2173,.T.);
#1429=ORIENTED_EDGE('',*,*,#2170,.F.);
#1430=ORIENTED_EDGE('',*,*,#2190,.T.);
#1431=ORIENTED_EDGE('',*,*,#2161,.T.);
#1432=ORIENTED_EDGE('',*,*,#2189,.F.);
#1433=ORIENTED_EDGE('',*,*,#2153,.F.);
#1434=ORIENTED_EDGE('',*,*,#2191,.T.);
#1435=ORIENTED_EDGE('',*,*,#2145,.T.);
#1436=ORIENTED_EDGE('',*,*,#2190,.F.);
#1437=ORIENTED_EDGE('',*,*,#2169,.F.);
#1438=ORIENTED_EDGE('',*,*,#2192,.T.);
#1439=ORIENTED_EDGE('',*,*,#2162,.T.);
#1440=ORIENTED_EDGE('',*,*,#2191,.F.);
#1441=ORIENTED_EDGE('',*,*,#2152,.F.);
#1442=ORIENTED_EDGE('',*,*,#2193,.T.);
#1443=ORIENTED_EDGE('',*,*,#2146,.T.);
#1444=ORIENTED_EDGE('',*,*,#2192,.F.);
#1445=ORIENTED_EDGE('',*,*,#2168,.F.);
#1446=ORIENTED_EDGE('',*,*,#2194,.T.);
#1447=ORIENTED_EDGE('',*,*,#2163,.T.);
#1448=ORIENTED_EDGE('',*,*,#2193,.F.);
#1449=ORIENTED_EDGE('',*,*,#2151,.F.);
#1450=ORIENTED_EDGE('',*,*,#2195,.T.);
#1451=ORIENTED_EDGE('',*,*,#2147,.T.);
#1452=ORIENTED_EDGE('',*,*,#2194,.F.);
#1453=ORIENTED_EDGE('',*,*,#2167,.F.);
#1454=ORIENTED_EDGE('',*,*,#2196,.T.);
#1455=ORIENTED_EDGE('',*,*,#2164,.T.);
#1456=ORIENTED_EDGE('',*,*,#2195,.F.);
#1457=ORIENTED_EDGE('',*,*,#2150,.F.);
#1458=ORIENTED_EDGE('',*,*,#2197,.T.);
#1459=ORIENTED_EDGE('',*,*,#2148,.T.);
#1460=ORIENTED_EDGE('',*,*,#2196,.F.);
#1461=ORIENTED_EDGE('',*,*,#2166,.F.);
#1462=ORIENTED_EDGE('',*,*,#2198,.T.);
#1463=ORIENTED_EDGE('',*,*,#2165,.F.);
#1464=ORIENTED_EDGE('',*,*,#2197,.F.);
#1465=ORIENTED_EDGE('',*,*,#2149,.F.);
#1466=ORIENTED_EDGE('',*,*,#2198,.F.);
#1467=ORIENTED_EDGE('',*,*,#2199,.F.);
#1468=ORIENTED_EDGE('',*,*,#2200,.F.);
#1469=ORIENTED_EDGE('',*,*,#2201,.F.);
#1470=ORIENTED_EDGE('',*,*,#2202,.T.);
#1471=ORIENTED_EDGE('',*,*,#2203,.T.);
#1472=ORIENTED_EDGE('',*,*,#2204,.T.);
#1473=ORIENTED_EDGE('',*,*,#2205,.F.);
#1474=ORIENTED_EDGE('',*,*,#2206,.T.);
#1475=ORIENTED_EDGE('',*,*,#2207,.T.);
#1476=ORIENTED_EDGE('',*,*,#2208,.T.);
#1477=ORIENTED_EDGE('',*,*,#2209,.T.);
#1478=ORIENTED_EDGE('',*,*,#2210,.T.);
#1479=ORIENTED_EDGE('',*,*,#2211,.T.);
#1480=ORIENTED_EDGE('',*,*,#2212,.T.);
#1481=ORIENTED_EDGE('',*,*,#2213,.T.);
#1482=ORIENTED_EDGE('',*,*,#2214,.T.);
#1483=ORIENTED_EDGE('',*,*,#2215,.T.);
#1484=ORIENTED_EDGE('',*,*,#2216,.T.);
#1485=ORIENTED_EDGE('',*,*,#2217,.T.);
#1486=ORIENTED_EDGE('',*,*,#2218,.T.);
#1487=ORIENTED_EDGE('',*,*,#2219,.T.);
#1488=ORIENTED_EDGE('',*,*,#2220,.T.);
#1489=ORIENTED_EDGE('',*,*,#2221,.T.);
#1490=ORIENTED_EDGE('',*,*,#2222,.T.);
#1491=ORIENTED_EDGE('',*,*,#2223,.T.);
#1492=ORIENTED_EDGE('',*,*,#2224,.T.);
#1493=ORIENTED_EDGE('',*,*,#2215,.F.);
#1494=ORIENTED_EDGE('',*,*,#2225,.T.);
#1495=ORIENTED_EDGE('',*,*,#2226,.T.);
#1496=ORIENTED_EDGE('',*,*,#2227,.T.);
#1497=ORIENTED_EDGE('',*,*,#2228,.T.);
#1498=ORIENTED_EDGE('',*,*,#2207,.F.);
#1499=ORIENTED_EDGE('',*,*,#2229,.T.);
#1500=ORIENTED_EDGE('',*,*,#2230,.T.);
#1501=ORIENTED_EDGE('',*,*,#2201,.T.);
#1502=ORIENTED_EDGE('',*,*,#2231,.T.);
#1503=ORIENTED_EDGE('',*,*,#2226,.F.);
#1504=ORIENTED_EDGE('',*,*,#2232,.T.);
#1505=ORIENTED_EDGE('',*,*,#2233,.F.);
#1506=ORIENTED_EDGE('',*,*,#2234,.T.);
#1507=ORIENTED_EDGE('',*,*,#2235,.F.);
#1508=ORIENTED_EDGE('',*,*,#2236,.F.);
#1509=ORIENTED_EDGE('',*,*,#2206,.F.);
#1510=ORIENTED_EDGE('',*,*,#2237,.F.);
#1511=ORIENTED_EDGE('',*,*,#2230,.F.);
#1512=ORIENTED_EDGE('',*,*,#2238,.T.);
#1513=ORIENTED_EDGE('',*,*,#2239,.F.);
#1514=ORIENTED_EDGE('',*,*,#2240,.T.);
#1515=ORIENTED_EDGE('',*,*,#2241,.F.);
#1516=ORIENTED_EDGE('',*,*,#2242,.T.);
#1517=ORIENTED_EDGE('',*,*,#2219,.F.);
#1518=ORIENTED_EDGE('',*,*,#2243,.T.);
#1519=ORIENTED_EDGE('',*,*,#2244,.F.);
#1520=ORIENTED_EDGE('',*,*,#2241,.T.);
#1521=ORIENTED_EDGE('',*,*,#2245,.T.);
#1522=ORIENTED_EDGE('',*,*,#2221,.F.);
#1523=ORIENTED_EDGE('',*,*,#2246,.T.);
#1524=ORIENTED_EDGE('',*,*,#2239,.T.);
#1525=ORIENTED_EDGE('',*,*,#2247,.T.);
#1526=ORIENTED_EDGE('',*,*,#2211,.F.);
#1527=ORIENTED_EDGE('',*,*,#2248,.T.);
#1528=ORIENTED_EDGE('',*,*,#2249,.F.);
#1529=ORIENTED_EDGE('',*,*,#2235,.T.);
#1530=ORIENTED_EDGE('',*,*,#2250,.T.);
#1531=ORIENTED_EDGE('',*,*,#2213,.F.);
#1532=ORIENTED_EDGE('',*,*,#2251,.T.);
#1533=ORIENTED_EDGE('',*,*,#2233,.T.);
#1534=ORIENTED_EDGE('',*,*,#2252,.T.);
#1535=ORIENTED_EDGE('',*,*,#2232,.F.);
#1536=ORIENTED_EDGE('',*,*,#2225,.F.);
#1537=ORIENTED_EDGE('',*,*,#2214,.F.);
#1538=ORIENTED_EDGE('',*,*,#2252,.F.);
#1539=ORIENTED_EDGE('',*,*,#2238,.F.);
#1540=ORIENTED_EDGE('',*,*,#2229,.F.);
#1541=ORIENTED_EDGE('',*,*,#2222,.F.);
#1542=ORIENTED_EDGE('',*,*,#2247,.F.);
#1543=ORIENTED_EDGE('',*,*,#2240,.F.);
#1544=ORIENTED_EDGE('',*,*,#2246,.F.);
#1545=ORIENTED_EDGE('',*,*,#2220,.F.);
#1546=ORIENTED_EDGE('',*,*,#2245,.F.);
#1547=ORIENTED_EDGE('',*,*,#2234,.F.);
#1548=ORIENTED_EDGE('',*,*,#2251,.F.);
#1549=ORIENTED_EDGE('',*,*,#2212,.F.);
#1550=ORIENTED_EDGE('',*,*,#2250,.F.);
#1551=ORIENTED_EDGE('',*,*,#2253,.T.);
#1552=ORIENTED_EDGE('',*,*,#2254,.T.);
#1553=ORIENTED_EDGE('',*,*,#2227,.F.);
#1554=ORIENTED_EDGE('',*,*,#2237,.T.);
#1555=ORIENTED_EDGE('',*,*,#2205,.T.);
#1556=ORIENTED_EDGE('',*,*,#2255,.T.);
#1557=ORIENTED_EDGE('',*,*,#2249,.T.);
#1558=ORIENTED_EDGE('',*,*,#2256,.T.);
#1559=ORIENTED_EDGE('',*,*,#2257,.F.);
#1560=ORIENTED_EDGE('',*,*,#2258,.T.);
#1561=ORIENTED_EDGE('',*,*,#2203,.F.);
#1562=ORIENTED_EDGE('',*,*,#2236,.T.);
#1563=ORIENTED_EDGE('',*,*,#2244,.T.);
#1564=ORIENTED_EDGE('',*,*,#2259,.T.);
#1565=ORIENTED_EDGE('',*,*,#2260,.F.);
#1566=ORIENTED_EDGE('',*,*,#2261,.F.);
#1567=ORIENTED_EDGE('',*,*,#2202,.F.);
#1568=ORIENTED_EDGE('',*,*,#2242,.F.);
#1569=ORIENTED_EDGE('',*,*,#2262,.T.);
#1570=ORIENTED_EDGE('',*,*,#2263,.T.);
#1571=ORIENTED_EDGE('',*,*,#2223,.F.);
#1572=ORIENTED_EDGE('',*,*,#2231,.F.);
#1573=ORIENTED_EDGE('',*,*,#2200,.T.);
#1574=ORIENTED_EDGE('',*,*,#2264,.F.);
#1575=ORIENTED_EDGE('',*,*,#2257,.T.);
#1576=ORIENTED_EDGE('',*,*,#2265,.T.);
#1577=ORIENTED_EDGE('',*,*,#2253,.F.);
#1578=ORIENTED_EDGE('',*,*,#2266,.T.);
#1579=ORIENTED_EDGE('',*,*,#2204,.F.);
#1580=ORIENTED_EDGE('',*,*,#2258,.F.);
#1581=ORIENTED_EDGE('',*,*,#2266,.F.);
#1582=ORIENTED_EDGE('',*,*,#2255,.F.);
#1583=ORIENTED_EDGE('',*,*,#2260,.T.);
#1584=ORIENTED_EDGE('',*,*,#2267,.T.);
#1585=ORIENTED_EDGE('',*,*,#2262,.F.);
#1586=ORIENTED_EDGE('',*,*,#2268,.F.);
#1587=ORIENTED_EDGE('',*,*,#2199,.T.);
#1588=ORIENTED_EDGE('',*,*,#2261,.T.);
#1589=ORIENTED_EDGE('',*,*,#2268,.T.);
#1590=ORIENTED_EDGE('',*,*,#2264,.T.);
#1591=ORIENTED_EDGE('',*,*,#2224,.F.);
#1592=ORIENTED_EDGE('',*,*,#2263,.F.);
#1593=ORIENTED_EDGE('',*,*,#2269,.F.);
#1594=ORIENTED_EDGE('',*,*,#2216,.F.);
#1595=ORIENTED_EDGE('',*,*,#2269,.T.);
#1596=ORIENTED_EDGE('',*,*,#2267,.F.);
#1597=ORIENTED_EDGE('',*,*,#2270,.F.);
#1598=ORIENTED_EDGE('',*,*,#2217,.F.);
#1599=ORIENTED_EDGE('',*,*,#2243,.F.);
#1600=ORIENTED_EDGE('',*,*,#2218,.F.);
#1601=ORIENTED_EDGE('',*,*,#2270,.T.);
#1602=ORIENTED_EDGE('',*,*,#2259,.F.);
#1603=ORIENTED_EDGE('',*,*,#2248,.F.);
#1604=ORIENTED_EDGE('',*,*,#2210,.F.);
#1605=ORIENTED_EDGE('',*,*,#2271,.F.);
#1606=ORIENTED_EDGE('',*,*,#2256,.F.);
#1607=ORIENTED_EDGE('',*,*,#2271,.T.);
#1608=ORIENTED_EDGE('',*,*,#2209,.F.);
#1609=ORIENTED_EDGE('',*,*,#2272,.F.);
#1610=ORIENTED_EDGE('',*,*,#2265,.F.);
#1611=ORIENTED_EDGE('',*,*,#2228,.F.);
#1612=ORIENTED_EDGE('',*,*,#2254,.F.);
#1613=ORIENTED_EDGE('',*,*,#2272,.T.);
#1614=ORIENTED_EDGE('',*,*,#2208,.F.);
#1615=EDGE_CURVE('',#2273,#2274,#2707,.T.);
#1616=EDGE_CURVE('',#2274,#2275,#213,.T.);
#1617=EDGE_CURVE('',#2275,#2276,#2708,.T.);
#1618=EDGE_CURVE('',#2276,#2273,#214,.T.);
#1619=EDGE_CURVE('',#2277,#2277,#215,.T.);
#1620=EDGE_CURVE('',#2278,#2279,#129,.T.);
#1621=EDGE_CURVE('',#2280,#2278,#2709,.T.);
#1622=EDGE_CURVE('',#2281,#2280,#130,.T.);
#1623=EDGE_CURVE('',#2282,#2281,#2710,.T.);
#1624=EDGE_CURVE('',#2283,#2282,#131,.T.);
#1625=EDGE_CURVE('',#2284,#2283,#2711,.T.);
#1626=EDGE_CURVE('',#2285,#2284,#132,.T.);
#1627=EDGE_CURVE('',#2279,#2285,#2712,.T.);
#1628=EDGE_CURVE('',#2286,#2287,#2713,.T.);
#1629=EDGE_CURVE('',#2288,#2286,#2714,.T.);
#1630=EDGE_CURVE('',#2289,#2288,#216,.T.);
#1631=EDGE_CURVE('',#2290,#2289,#2715,.T.);
#1632=EDGE_CURVE('',#2291,#2290,#217,.T.);
#1633=EDGE_CURVE('',#2292,#2291,#2716,.T.);
#1634=EDGE_CURVE('',#2293,#2292,#2717,.T.);
#1635=EDGE_CURVE('',#2294,#2293,#2718,.T.);
#1636=EDGE_CURVE('',#2295,#2294,#2719,.T.);
#1637=EDGE_CURVE('',#2296,#2295,#2720,.T.);
#1638=EDGE_CURVE('',#2297,#2296,#2721,.T.);
#1639=EDGE_CURVE('',#2287,#2297,#2722,.T.);
#1640=EDGE_CURVE('',#2298,#2299,#218,.T.);
#1641=EDGE_CURVE('',#2299,#2300,#2723,.T.);
#1642=EDGE_CURVE('',#2300,#2301,#219,.T.);
#1643=EDGE_CURVE('',#2301,#2302,#133,.T.);
#1644=EDGE_CURVE('',#2302,#2298,#2724,.T.);
#1645=EDGE_CURVE('',#2303,#2304,#220,.T.);
#1646=EDGE_CURVE('',#2304,#2305,#2725,.T.);
#1647=EDGE_CURVE('',#2305,#2306,#2726,.T.);
#1648=EDGE_CURVE('',#2306,#2307,#2727,.T.);
#1649=EDGE_CURVE('',#2307,#2308,#2728,.T.);
#1650=EDGE_CURVE('',#2308,#2303,#2729,.T.);
#1651=EDGE_CURVE('',#2309,#2310,#221,.T.);
#1652=EDGE_CURVE('',#2310,#2311,#2730,.T.);
#1653=EDGE_CURVE('',#2311,#2312,#222,.T.);
#1654=EDGE_CURVE('',#2312,#2313,#134,.T.);
#1655=EDGE_CURVE('',#2313,#2309,#2731,.T.);
#1656=EDGE_CURVE('',#2314,#2315,#223,.T.);
#1657=EDGE_CURVE('',#2315,#2316,#2732,.T.);
#1658=EDGE_CURVE('',#2316,#2317,#224,.T.);
#1659=EDGE_CURVE('',#2317,#2318,#2733,.T.);
#1660=EDGE_CURVE('',#2318,#2319,#225,.T.);
#1661=EDGE_CURVE('',#2319,#2320,#2734,.T.);
#1662=EDGE_CURVE('',#2320,#2321,#226,.T.);
#1663=EDGE_CURVE('',#2321,#2314,#227,.T.);
#1664=EDGE_CURVE('',#2322,#2323,#2735,.T.);
#1665=EDGE_CURVE('',#2323,#2324,#2736,.T.);
#1666=EDGE_CURVE('',#2324,#2322,#228,.T.);
#1667=EDGE_CURVE('',#2325,#2326,#2737,.T.);
#1668=EDGE_CURVE('',#2326,#2327,#2738,.T.);
#1669=EDGE_CURVE('',#2327,#2328,#2739,.T.);
#1670=EDGE_CURVE('',#2328,#2329,#2740,.T.);
#1671=EDGE_CURVE('',#2329,#2330,#2741,.T.);
#1672=EDGE_CURVE('',#2330,#2331,#2742,.T.);
#1673=EDGE_CURVE('',#2331,#2332,#2743,.T.);
#1674=EDGE_CURVE('',#2332,#2333,#2744,.T.);
#1675=EDGE_CURVE('',#2333,#2334,#2745,.T.);
#1676=EDGE_CURVE('',#2334,#2335,#2746,.T.);
#1677=EDGE_CURVE('',#2335,#2336,#2747,.T.);
#1678=EDGE_CURVE('',#2336,#2325,#2748,.T.);
#1679=EDGE_CURVE('',#2337,#2338,#2749,.T.);
#1680=EDGE_CURVE('',#2338,#2339,#2750,.T.);
#1681=EDGE_CURVE('',#2339,#2340,#2751,.T.);
#1682=EDGE_CURVE('',#2340,#2341,#2752,.T.);
#1683=EDGE_CURVE('',#2341,#2342,#2753,.T.);
#1684=EDGE_CURVE('',#2342,#2343,#2754,.T.);
#1685=EDGE_CURVE('',#2343,#2344,#2755,.T.);
#1686=EDGE_CURVE('',#2344,#2345,#2756,.T.);
#1687=EDGE_CURVE('',#2345,#2346,#2757,.T.);
#1688=EDGE_CURVE('',#2346,#2347,#2758,.T.);
#1689=EDGE_CURVE('',#2347,#2348,#2759,.T.);
#1690=EDGE_CURVE('',#2348,#2337,#2760,.T.);
#1691=EDGE_CURVE('',#2349,#2350,#2761,.T.);
#1692=EDGE_CURVE('',#2350,#2351,#2762,.T.);
#1693=EDGE_CURVE('',#2351,#2352,#229,.T.);
#1694=EDGE_CURVE('',#2352,#2353,#135,.T.);
#1695=EDGE_CURVE('',#2353,#2349,#2763,.T.);
#1696=EDGE_CURVE('',#2354,#2355,#2764,.T.);
#1697=EDGE_CURVE('',#2355,#2356,#2765,.T.);
#1698=EDGE_CURVE('',#2356,#2357,#2766,.T.);
#1699=EDGE_CURVE('',#2357,#2358,#2767,.T.);
#1700=EDGE_CURVE('',#2358,#2359,#2768,.T.);
#1701=EDGE_CURVE('',#2359,#2360,#2769,.T.);
#1702=EDGE_CURVE('',#2360,#2361,#2770,.T.);
#1703=EDGE_CURVE('',#2361,#2362,#2771,.T.);
#1704=EDGE_CURVE('',#2362,#2363,#2772,.T.);
#1705=EDGE_CURVE('',#2363,#2364,#2773,.T.);
#1706=EDGE_CURVE('',#2364,#2365,#2774,.T.);
#1707=EDGE_CURVE('',#2365,#2354,#2775,.T.);
#1708=EDGE_CURVE('',#2366,#2367,#2776,.T.);
#1709=EDGE_CURVE('',#2367,#2368,#2777,.T.);
#1710=EDGE_CURVE('',#2368,#2369,#2778,.T.);
#1711=EDGE_CURVE('',#2369,#2370,#2779,.T.);
#1712=EDGE_CURVE('',#2370,#2371,#2780,.T.);
#1713=EDGE_CURVE('',#2371,#2372,#2781,.T.);
#1714=EDGE_CURVE('',#2372,#2373,#2782,.T.);
#1715=EDGE_CURVE('',#2373,#2374,#2783,.T.);
#1716=EDGE_CURVE('',#2374,#2375,#2784,.T.);
#1717=EDGE_CURVE('',#2375,#2376,#2785,.T.);
#1718=EDGE_CURVE('',#2376,#2377,#2786,.T.);
#1719=EDGE_CURVE('',#2377,#2378,#2787,.T.);
#1720=EDGE_CURVE('',#2378,#2379,#2788,.T.);
#1721=EDGE_CURVE('',#2379,#2380,#2789,.T.);
#1722=EDGE_CURVE('',#2380,#2366,#2790,.T.);
#1723=EDGE_CURVE('',#2381,#2382,#2791,.T.);
#1724=EDGE_CURVE('',#2382,#2383,#136,.T.);
#1725=EDGE_CURVE('',#2383,#2384,#2792,.T.);
#1726=EDGE_CURVE('',#2384,#2385,#137,.T.);
#1727=EDGE_CURVE('',#2385,#2386,#2793,.T.);
#1728=EDGE_CURVE('',#2386,#2387,#138,.T.);
#1729=EDGE_CURVE('',#2387,#2388,#2794,.T.);
#1730=EDGE_CURVE('',#2388,#2381,#139,.T.);
#1731=EDGE_CURVE('',#2389,#2390,#2795,.T.);
#1732=EDGE_CURVE('',#2390,#2391,#140,.T.);
#1733=EDGE_CURVE('',#2391,#2392,#2796,.T.);
#1734=EDGE_CURVE('',#2392,#2393,#141,.T.);
#1735=EDGE_CURVE('',#2393,#2394,#2797,.T.);
#1736=EDGE_CURVE('',#2394,#2395,#142,.T.);
#1737=EDGE_CURVE('',#2395,#2396,#2798,.T.);
#1738=EDGE_CURVE('',#2396,#2389,#143,.T.);
#1739=EDGE_CURVE('',#2397,#2398,#2799,.T.);
#1740=EDGE_CURVE('',#2398,#2399,#2800,.F.);
#1741=EDGE_CURVE('',#2399,#2400,#2801,.T.);
#1742=EDGE_CURVE('',#2400,#2401,#2802,.T.);
#1743=EDGE_CURVE('',#2401,#2402,#2803,.T.);
#1744=EDGE_CURVE('',#2402,#2384,#2804,.T.);
#1745=EDGE_CURVE('',#2383,#2397,#2805,.F.);
#1746=EDGE_CURVE('',#2403,#2404,#2806,.T.);
#1747=EDGE_CURVE('',#2404,#2405,#2807,.F.);
#1748=EDGE_CURVE('',#2405,#2406,#2808,.T.);
#1749=EDGE_CURVE('',#2406,#2407,#2809,.T.);
#1750=EDGE_CURVE('',#2407,#2408,#2810,.T.);
#1751=EDGE_CURVE('',#2408,#2388,#2811,.T.);
#1752=EDGE_CURVE('',#2387,#2403,#2812,.F.);
#1753=EDGE_CURVE('',#2401,#2409,#144,.F.);
#1754=EDGE_CURVE('',#2409,#2410,#2813,.T.);
#1755=EDGE_CURVE('',#2410,#2411,#145,.F.);
#1756=EDGE_CURVE('',#2411,#2412,#2814,.T.);
#1757=EDGE_CURVE('',#2412,#2413,#146,.T.);
#1758=EDGE_CURVE('',#2413,#2414,#2815,.T.);
#1759=EDGE_CURVE('',#2414,#2415,#147,.F.);
#1760=EDGE_CURVE('',#2415,#2416,#2816,.T.);
#1761=EDGE_CURVE('',#2416,#2404,#148,.F.);
#1762=EDGE_CURVE('',#2403,#2417,#149,.F.);
#1763=EDGE_CURVE('',#2418,#2417,#2817,.T.);
#1764=EDGE_CURVE('',#2418,#2402,#150,.F.);
#1765=EDGE_CURVE('',#2419,#2420,#2818,.T.);
#1766=EDGE_CURVE('',#2420,#2398,#151,.F.);
#1767=EDGE_CURVE('',#2397,#2421,#152,.F.);
#1768=EDGE_CURVE('',#2422,#2421,#2819,.T.);
#1769=EDGE_CURVE('',#2422,#2408,#153,.F.);
#1770=EDGE_CURVE('',#2407,#2423,#154,.F.);
#1771=EDGE_CURVE('',#2423,#2424,#2820,.T.);
#1772=EDGE_CURVE('',#2424,#2425,#155,.F.);
#1773=EDGE_CURVE('',#2425,#2426,#2821,.T.);
#1774=EDGE_CURVE('',#2426,#2427,#156,.T.);
#1775=EDGE_CURVE('',#2427,#2428,#2822,.T.);
#1776=EDGE_CURVE('',#2428,#2419,#157,.F.);
#1777=EDGE_CURVE('',#2385,#2418,#2823,.F.);
#1778=EDGE_CURVE('',#2417,#2386,#2824,.T.);
#1779=EDGE_CURVE('',#2421,#2382,#2825,.T.);
#1780=EDGE_CURVE('',#2381,#2422,#2826,.F.);
#1781=EDGE_CURVE('',#2423,#2429,#2827,.F.);
#1782=EDGE_CURVE('',#2429,#2430,#2828,.T.);
#1783=EDGE_CURVE('',#2430,#2424,#2829,.T.);
#1784=EDGE_CURVE('',#2425,#2431,#2830,.F.);
#1785=EDGE_CURVE('',#2431,#2432,#2831,.T.);
#1786=EDGE_CURVE('',#2432,#2426,#2832,.T.);
#1787=EDGE_CURVE('',#2432,#2433,#158,.T.);
#1788=EDGE_CURVE('',#2433,#2427,#2833,.T.);
#1789=EDGE_CURVE('',#2433,#2434,#2834,.T.);
#1790=EDGE_CURVE('',#2434,#2428,#2835,.T.);
#1791=EDGE_CURVE('',#2435,#2436,#2836,.T.);
#1792=EDGE_CURVE('',#2436,#2420,#2837,.T.);
#1793=EDGE_CURVE('',#2419,#2435,#2838,.F.);
#1794=EDGE_CURVE('',#2409,#2437,#2839,.F.);
#1795=EDGE_CURVE('',#2437,#2438,#2840,.T.);
#1796=EDGE_CURVE('',#2438,#2410,#2841,.T.);
#1797=EDGE_CURVE('',#2411,#2439,#2842,.F.);
#1798=EDGE_CURVE('',#2439,#2440,#2843,.T.);
#1799=EDGE_CURVE('',#2440,#2412,#2844,.T.);
#1800=EDGE_CURVE('',#2440,#2441,#159,.T.);
#1801=EDGE_CURVE('',#2441,#2413,#2845,.T.);
#1802=EDGE_CURVE('',#2441,#2442,#2846,.T.);
#1803=EDGE_CURVE('',#2442,#2414,#2847,.T.);
#1804=EDGE_CURVE('',#2443,#2443,#160,.T.);
#1805=EDGE_CURVE('',#2444,#2444,#161,.T.);
#1806=EDGE_CURVE('',#2445,#2446,#2848,.T.);
#1807=EDGE_CURVE('',#2446,#2416,#2849,.T.);
#1808=EDGE_CURVE('',#2415,#2445,#2850,.F.);
#1809=EDGE_CURVE('',#2405,#2446,#162,.T.);
#1810=EDGE_CURVE('',#2445,#2442,#163,.T.);
#1811=EDGE_CURVE('',#2439,#2438,#164,.T.);
#1812=EDGE_CURVE('',#2437,#2400,#165,.T.);
#1813=EDGE_CURVE('',#2399,#2436,#166,.T.);
#1814=EDGE_CURVE('',#2435,#2434,#167,.T.);
#1815=EDGE_CURVE('',#2431,#2430,#168,.T.);
#1816=EDGE_CURVE('',#2429,#2406,#169,.T.);
#1817=EDGE_CURVE('',#2447,#2390,#2851,.T.);
#1818=EDGE_CURVE('',#2447,#2448,#170,.T.);
#1819=EDGE_CURVE('',#2448,#2391,#2852,.T.);
#1820=EDGE_CURVE('',#2448,#2449,#2853,.T.);
#1821=EDGE_CURVE('',#2449,#2392,#2854,.T.);
#1822=EDGE_CURVE('',#2449,#2450,#171,.T.);
#1823=EDGE_CURVE('',#2450,#2393,#2855,.T.);
#1824=EDGE_CURVE('',#2450,#2451,#2856,.T.);
#1825=EDGE_CURVE('',#2451,#2394,#2857,.T.);
#1826=EDGE_CURVE('',#2451,#2452,#172,.T.);
#1827=EDGE_CURVE('',#2452,#2395,#2858,.T.);
#1828=EDGE_CURVE('',#2452,#2453,#2859,.T.);
#1829=EDGE_CURVE('',#2453,#2396,#2860,.T.);
#1830=EDGE_CURVE('',#2453,#2454,#173,.T.);
#1831=EDGE_CURVE('',#2454,#2389,#2861,.T.);
#1832=EDGE_CURVE('',#2455,#2279,#2862,.T.);
#1833=EDGE_CURVE('',#2456,#2455,#174,.T.);
#1834=EDGE_CURVE('',#2456,#2278,#2863,.T.);
#1835=EDGE_CURVE('',#2457,#2456,#2864,.T.);
#1836=EDGE_CURVE('',#2457,#2280,#2865,.T.);
#1837=EDGE_CURVE('',#2458,#2457,#175,.T.);
#1838=EDGE_CURVE('',#2458,#2281,#2866,.T.);
#1839=EDGE_CURVE('',#2459,#2458,#2867,.T.);
#1840=EDGE_CURVE('',#2459,#2282,#2868,.T.);
#1841=EDGE_CURVE('',#2460,#2459,#176,.T.);
#1842=EDGE_CURVE('',#2460,#2283,#2869,.T.);
#1843=EDGE_CURVE('',#2461,#2460,#2870,.T.);
#1844=EDGE_CURVE('',#2461,#2284,#2871,.T.);
#1845=EDGE_CURVE('',#2462,#2461,#177,.T.);
#1846=EDGE_CURVE('',#2462,#2285,#2872,.T.);
#1847=EDGE_CURVE('',#2455,#2462,#2873,.T.);
#1848=EDGE_CURVE('',#2454,#2447,#2874,.T.);
#1849=EDGE_CURVE('',#2463,#2287,#2875,.T.);
#1850=EDGE_CURVE('',#2464,#2463,#2876,.T.);
#1851=EDGE_CURVE('',#2464,#2286,#2877,.T.);
#1852=EDGE_CURVE('',#2465,#2297,#2878,.T.);
#1853=EDGE_CURVE('',#2463,#2465,#2879,.T.);
#1854=EDGE_CURVE('',#2466,#2296,#2880,.T.);
#1855=EDGE_CURVE('',#2465,#2466,#2881,.T.);
#1856=EDGE_CURVE('',#2467,#2295,#2882,.T.);
#1857=EDGE_CURVE('',#2466,#2467,#2883,.T.);
#1858=EDGE_CURVE('',#2468,#2294,#2884,.T.);
#1859=EDGE_CURVE('',#2467,#2468,#2885,.T.);
#1860=EDGE_CURVE('',#2469,#2293,#2886,.T.);
#1861=EDGE_CURVE('',#2468,#2469,#2887,.T.);
#1862=EDGE_CURVE('',#2470,#2292,#2888,.T.);
#1863=EDGE_CURVE('',#2469,#2470,#2889,.T.);
#1864=EDGE_CURVE('',#2471,#2291,#2890,.T.);
#1865=EDGE_CURVE('',#2470,#2471,#2891,.T.);
#1866=EDGE_CURVE('',#2472,#2290,#2892,.T.);
#1867=EDGE_CURVE('',#2471,#2472,#230,.T.);
#1868=EDGE_CURVE('',#2473,#2289,#2893,.T.);
#1869=EDGE_CURVE('',#2472,#2473,#2894,.T.);
#1870=EDGE_CURVE('',#2474,#2288,#2895,.T.);
#1871=EDGE_CURVE('',#2473,#2474,#231,.T.);
#1872=EDGE_CURVE('',#2474,#2464,#2896,.T.);
#1873=EDGE_CURVE('',#2475,#2476,#232,.T.);
#1874=EDGE_CURVE('',#2477,#2475,#2897,.T.);
#1875=EDGE_CURVE('',#2477,#2478,#233,.T.);
#1876=EDGE_CURVE('',#2478,#2476,#2898,.T.);
#1877=EDGE_CURVE('',#2479,#2299,#2899,.T.);
#1878=EDGE_CURVE('',#2479,#2480,#2900,.T.);
#1879=EDGE_CURVE('',#2480,#2300,#2901,.T.);
#1880=EDGE_CURVE('',#2480,#2481,#234,.T.);
#1881=EDGE_CURVE('',#2481,#2301,#2902,.T.);
#1882=EDGE_CURVE('',#2481,#2482,#178,.T.);
#1883=EDGE_CURVE('',#2482,#2302,#2903,.T.);
#1884=EDGE_CURVE('',#2482,#2483,#2904,.T.);
#1885=EDGE_CURVE('',#2483,#2298,#2905,.T.);
#1886=EDGE_CURVE('',#2483,#2479,#235,.T.);
#1887=EDGE_CURVE('',#2476,#2475,#2906,.T.);
#1888=EDGE_CURVE('',#2478,#2477,#2907,.T.);
#1889=EDGE_CURVE('',#2484,#2304,#2908,.T.);
#1890=EDGE_CURVE('',#2484,#2485,#2909,.T.);
#1891=EDGE_CURVE('',#2485,#2305,#2910,.T.);
#1892=EDGE_CURVE('',#2485,#2486,#2911,.T.);
#1893=EDGE_CURVE('',#2486,#2306,#2912,.T.);
#1894=EDGE_CURVE('',#2486,#2487,#2913,.T.);
#1895=EDGE_CURVE('',#2487,#2307,#2914,.T.);
#1896=EDGE_CURVE('',#2487,#2488,#2915,.T.);
#1897=EDGE_CURVE('',#2488,#2308,#2916,.T.);
#1898=EDGE_CURVE('',#2488,#2489,#2917,.T.);
#1899=EDGE_CURVE('',#2489,#2303,#2918,.T.);
#1900=EDGE_CURVE('',#2490,#2491,#236,.T.);
#1901=EDGE_CURVE('',#2492,#2490,#2919,.T.);
#1902=EDGE_CURVE('',#2492,#2493,#237,.T.);
#1903=EDGE_CURVE('',#2493,#2491,#2920,.T.);
#1904=EDGE_CURVE('',#2491,#2494,#2921,.T.);
#1905=EDGE_CURVE('',#2493,#2495,#2922,.T.);
#1906=EDGE_CURVE('',#2495,#2494,#2923,.T.);
#1907=EDGE_CURVE('',#2494,#2490,#238,.T.);
#1908=EDGE_CURVE('',#2495,#2492,#239,.T.);
#1909=EDGE_CURVE('',#2489,#2484,#240,.T.);
#1910=EDGE_CURVE('',#2496,#2496,#241,.T.);
#1911=EDGE_CURVE('',#2497,#2497,#242,.T.);
#1912=EDGE_CURVE('',#2498,#2498,#243,.T.);
#1913=EDGE_CURVE('',#2499,#2274,#2924,.T.);
#1914=EDGE_CURVE('',#2499,#2500,#244,.T.);
#1915=EDGE_CURVE('',#2500,#2275,#2925,.T.);
#1916=EDGE_CURVE('',#2500,#2501,#2926,.T.);
#1917=EDGE_CURVE('',#2501,#2276,#2927,.T.);
#1918=EDGE_CURVE('',#2501,#2502,#245,.T.);
#1919=EDGE_CURVE('',#2502,#2273,#2928,.T.);
#1920=EDGE_CURVE('',#2502,#2499,#2929,.T.);
#1921=EDGE_CURVE('',#2503,#2504,#246,.T.);
#1922=EDGE_CURVE('',#2505,#2503,#2930,.T.);
#1923=EDGE_CURVE('',#2505,#2506,#247,.T.);
#1924=EDGE_CURVE('',#2506,#2504,#2931,.T.);
#1925=EDGE_CURVE('',#2507,#2310,#2932,.T.);
#1926=EDGE_CURVE('',#2507,#2508,#2933,.T.);
#1927=EDGE_CURVE('',#2508,#2311,#2934,.T.);
#1928=EDGE_CURVE('',#2508,#2509,#248,.T.);
#1929=EDGE_CURVE('',#2509,#2312,#2935,.T.);
#1930=EDGE_CURVE('',#2509,#2510,#179,.T.);
#1931=EDGE_CURVE('',#2510,#2313,#2936,.T.);
#1932=EDGE_CURVE('',#2510,#2511,#2937,.T.);
#1933=EDGE_CURVE('',#2511,#2309,#2938,.T.);
#1934=EDGE_CURVE('',#2511,#2507,#249,.T.);
#1935=EDGE_CURVE('',#2504,#2503,#2939,.T.);
#1936=EDGE_CURVE('',#2506,#2505,#2940,.T.);
#1937=EDGE_CURVE('',#2512,#2315,#2941,.T.);
#1938=EDGE_CURVE('',#2512,#2513,#2942,.T.);
#1939=EDGE_CURVE('',#2513,#2316,#2943,.T.);
#1940=EDGE_CURVE('',#2513,#2514,#250,.T.);
#1941=EDGE_CURVE('',#2514,#2317,#2944,.T.);
#1942=EDGE_CURVE('',#2514,#2515,#2945,.T.);
#1943=EDGE_CURVE('',#2515,#2318,#2946,.T.);
#1944=EDGE_CURVE('',#2515,#2516,#251,.T.);
#1945=EDGE_CURVE('',#2516,#2319,#2947,.T.);
#1946=EDGE_CURVE('',#2516,#2517,#2948,.T.);
#1947=EDGE_CURVE('',#2517,#2320,#2949,.T.);
#1948=EDGE_CURVE('',#2517,#2518,#252,.T.);
#1949=EDGE_CURVE('',#2518,#2321,#2950,.T.);
#1950=EDGE_CURVE('',#2518,#2519,#253,.T.);
#1951=EDGE_CURVE('',#2519,#2314,#2951,.T.);
#1952=EDGE_CURVE('',#2520,#2521,#254,.T.);
#1953=EDGE_CURVE('',#2522,#2520,#2952,.T.);
#1954=EDGE_CURVE('',#2522,#2523,#255,.T.);
#1955=EDGE_CURVE('',#2523,#2521,#2953,.T.);
#1956=EDGE_CURVE('',#2521,#2524,#2954,.T.);
#1957=EDGE_CURVE('',#2523,#2525,#2955,.T.);
#1958=EDGE_CURVE('',#2525,#2524,#2956,.T.);
#1959=EDGE_CURVE('',#2524,#2520,#256,.T.);
#1960=EDGE_CURVE('',#2525,#2522,#257,.T.);
#1961=EDGE_CURVE('',#2519,#2512,#258,.T.);
#1962=EDGE_CURVE('',#2526,#2323,#2957,.T.);
#1963=EDGE_CURVE('',#2526,#2527,#2958,.T.);
#1964=EDGE_CURVE('',#2527,#2324,#2959,.T.);
#1965=EDGE_CURVE('',#2527,#2528,#259,.T.);
#1966=EDGE_CURVE('',#2528,#2322,#2960,.T.);
#1967=EDGE_CURVE('',#2529,#2530,#260,.T.);
#1968=EDGE_CURVE('',#2531,#2529,#2961,.T.);
#1969=EDGE_CURVE('',#2531,#2532,#261,.T.);
#1970=EDGE_CURVE('',#2532,#2530,#2962,.T.);
#1971=EDGE_CURVE('',#2530,#2533,#2963,.T.);
#1972=EDGE_CURVE('',#2532,#2534,#2964,.T.);
#1973=EDGE_CURVE('',#2534,#2533,#2965,.T.);
#1974=EDGE_CURVE('',#2533,#2529,#262,.T.);
#1975=EDGE_CURVE('',#2534,#2531,#263,.T.);
#1976=EDGE_CURVE('',#2528,#2526,#2966,.T.);
#1977=EDGE_CURVE('',#2535,#2326,#2967,.T.);
#1978=EDGE_CURVE('',#2535,#2536,#2968,.T.);
#1979=EDGE_CURVE('',#2536,#2327,#2969,.T.);
#1980=EDGE_CURVE('',#2536,#2537,#2970,.T.);
#1981=EDGE_CURVE('',#2537,#2328,#2971,.T.);
#1982=EDGE_CURVE('',#2537,#2538,#2972,.T.);
#1983=EDGE_CURVE('',#2538,#2329,#2973,.T.);
#1984=EDGE_CURVE('',#2538,#2539,#2974,.T.);
#1985=EDGE_CURVE('',#2539,#2330,#2975,.T.);
#1986=EDGE_CURVE('',#2539,#2540,#2976,.T.);
#1987=EDGE_CURVE('',#2540,#2331,#2977,.T.);
#1988=EDGE_CURVE('',#2540,#2541,#2978,.T.);
#1989=EDGE_CURVE('',#2541,#2332,#2979,.T.);
#1990=EDGE_CURVE('',#2541,#2542,#2980,.T.);
#1991=EDGE_CURVE('',#2542,#2333,#2981,.T.);
#1992=EDGE_CURVE('',#2542,#2543,#2982,.T.);
#1993=EDGE_CURVE('',#2543,#2334,#2983,.T.);
#1994=EDGE_CURVE('',#2543,#2544,#2984,.T.);
#1995=EDGE_CURVE('',#2544,#2335,#2985,.T.);
#1996=EDGE_CURVE('',#2544,#2545,#2986,.T.);
#1997=EDGE_CURVE('',#2545,#2336,#2987,.T.);
#1998=EDGE_CURVE('',#2545,#2546,#2988,.T.);
#1999=EDGE_CURVE('',#2546,#2325,#2989,.T.);
#2000=EDGE_CURVE('',#2546,#2535,#2990,.T.);
#2001=EDGE_CURVE('',#2547,#2338,#2991,.T.);
#2002=EDGE_CURVE('',#2547,#2548,#2992,.T.);
#2003=EDGE_CURVE('',#2548,#2339,#2993,.T.);
#2004=EDGE_CURVE('',#2548,#2549,#2994,.T.);
#2005=EDGE_CURVE('',#2549,#2340,#2995,.T.);
#2006=EDGE_CURVE('',#2549,#2550,#2996,.T.);
#2007=EDGE_CURVE('',#2550,#2341,#2997,.T.);
#2008=EDGE_CURVE('',#2550,#2551,#2998,.T.);
#2009=EDGE_CURVE('',#2551,#2342,#2999,.T.);
#2010=EDGE_CURVE('',#2551,#2552,#3000,.T.);
#2011=EDGE_CURVE('',#2552,#2343,#3001,.T.);
#2012=EDGE_CURVE('',#2552,#2553,#3002,.T.);
#2013=EDGE_CURVE('',#2553,#2344,#3003,.T.);
#2014=EDGE_CURVE('',#2553,#2554,#3004,.T.);
#2015=EDGE_CURVE('',#2554,#2345,#3005,.T.);
#2016=EDGE_CURVE('',#2554,#2555,#3006,.T.);
#2017=EDGE_CURVE('',#2555,#2346,#3007,.T.);
#2018=EDGE_CURVE('',#2555,#2556,#3008,.T.);
#2019=EDGE_CURVE('',#2556,#2347,#3009,.T.);
#2020=EDGE_CURVE('',#2556,#2557,#3010,.T.);
#2021=EDGE_CURVE('',#2557,#2348,#3011,.T.);
#2022=EDGE_CURVE('',#2557,#2558,#3012,.T.);
#2023=EDGE_CURVE('',#2558,#2337,#3013,.T.);
#2024=EDGE_CURVE('',#2558,#2547,#3014,.T.);
#2025=EDGE_CURVE('',#2559,#2350,#3015,.T.);
#2026=EDGE_CURVE('',#2559,#2560,#3016,.T.);
#2027=EDGE_CURVE('',#2560,#2351,#3017,.T.);
#2028=EDGE_CURVE('',#2560,#2561,#264,.T.);
#2029=EDGE_CURVE('',#2561,#2352,#3018,.T.);
#2030=EDGE_CURVE('',#2561,#2562,#180,.T.);
#2031=EDGE_CURVE('',#2562,#2353,#3019,.T.);
#2032=EDGE_CURVE('',#2562,#2563,#3020,.T.);
#2033=EDGE_CURVE('',#2563,#2349,#3021,.T.);
#2034=EDGE_CURVE('',#2564,#2565,#3022,.T.);
#2035=EDGE_CURVE('',#2566,#2564,#3023,.T.);
#2036=EDGE_CURVE('',#2566,#2567,#3024,.T.);
#2037=EDGE_CURVE('',#2567,#2565,#3025,.T.);
#2038=EDGE_CURVE('',#2565,#2564,#265,.T.);
#2039=EDGE_CURVE('',#2567,#2566,#266,.T.);
#2040=EDGE_CURVE('',#2563,#2559,#3026,.T.);
#2041=EDGE_CURVE('',#2568,#2355,#3027,.T.);
#2042=EDGE_CURVE('',#2568,#2569,#3028,.T.);
#2043=EDGE_CURVE('',#2569,#2356,#3029,.T.);
#2044=EDGE_CURVE('',#2569,#2570,#3030,.T.);
#2045=EDGE_CURVE('',#2570,#2357,#3031,.T.);
#2046=EDGE_CURVE('',#2570,#2571,#3032,.T.);
#2047=EDGE_CURVE('',#2571,#2358,#3033,.T.);
#2048=EDGE_CURVE('',#2571,#2572,#3034,.T.);
#2049=EDGE_CURVE('',#2572,#2359,#3035,.T.);
#2050=EDGE_CURVE('',#2572,#2573,#3036,.T.);
#2051=EDGE_CURVE('',#2573,#2360,#3037,.T.);
#2052=EDGE_CURVE('',#2573,#2574,#3038,.T.);
#2053=EDGE_CURVE('',#2574,#2361,#3039,.T.);
#2054=EDGE_CURVE('',#2574,#2575,#3040,.T.);
#2055=EDGE_CURVE('',#2575,#2362,#3041,.T.);
#2056=EDGE_CURVE('',#2575,#2576,#3042,.T.);
#2057=EDGE_CURVE('',#2576,#2363,#3043,.T.);
#2058=EDGE_CURVE('',#2576,#2577,#3044,.T.);
#2059=EDGE_CURVE('',#2577,#2364,#3045,.T.);
#2060=EDGE_CURVE('',#2577,#2578,#3046,.T.);
#2061=EDGE_CURVE('',#2578,#2365,#3047,.T.);
#2062=EDGE_CURVE('',#2578,#2579,#3048,.T.);
#2063=EDGE_CURVE('',#2579,#2354,#3049,.T.);
#2064=EDGE_CURVE('',#2579,#2568,#3050,.T.);
#2065=EDGE_CURVE('',#2580,#2367,#3051,.T.);
#2066=EDGE_CURVE('',#2580,#2581,#3052,.T.);
#2067=EDGE_CURVE('',#2581,#2368,#3053,.T.);
#2068=EDGE_CURVE('',#2581,#2582,#3054,.T.);
#2069=EDGE_CURVE('',#2582,#2369,#3055,.T.);
#2070=EDGE_CURVE('',#2582,#2583,#3056,.T.);
#2071=EDGE_CURVE('',#2583,#2370,#3057,.T.);
#2072=EDGE_CURVE('',#2583,#2584,#3058,.T.);
#2073=EDGE_CURVE('',#2584,#2371,#3059,.T.);
#2074=EDGE_CURVE('',#2584,#2585,#3060,.T.);
#2075=EDGE_CURVE('',#2585,#2372,#3061,.T.);
#2076=EDGE_CURVE('',#2585,#2586,#3062,.T.);
#2077=EDGE_CURVE('',#2586,#2373,#3063,.T.);
#2078=EDGE_CURVE('',#2586,#2587,#3064,.T.);
#2079=EDGE_CURVE('',#2587,#2374,#3065,.T.);
#2080=EDGE_CURVE('',#2587,#2588,#3066,.T.);
#2081=EDGE_CURVE('',#2588,#2375,#3067,.T.);
#2082=EDGE_CURVE('',#2588,#2589,#3068,.T.);
#2083=EDGE_CURVE('',#2589,#2376,#3069,.T.);
#2084=EDGE_CURVE('',#2589,#2590,#3070,.T.);
#2085=EDGE_CURVE('',#2590,#2377,#3071,.T.);
#2086=EDGE_CURVE('',#2590,#2591,#3072,.T.);
#2087=EDGE_CURVE('',#2591,#2378,#3073,.T.);
#2088=EDGE_CURVE('',#2591,#2592,#3074,.T.);
#2089=EDGE_CURVE('',#2592,#2379,#3075,.T.);
#2090=EDGE_CURVE('',#2592,#2593,#3076,.T.);
#2091=EDGE_CURVE('',#2593,#2380,#3077,.T.);
#2092=EDGE_CURVE('',#2593,#2594,#3078,.T.);
#2093=EDGE_CURVE('',#2594,#2366,#3079,.T.);
#2094=EDGE_CURVE('',#2594,#2580,#3080,.T.);
#2095=EDGE_CURVE('',#2595,#2596,#20,.T.);
#2096=EDGE_CURVE('',#2597,#2596,#3081,.T.);
#2097=EDGE_CURVE('',#2598,#2597,#21,.T.);
#2098=EDGE_CURVE('',#2598,#2595,#3082,.T.);
#2099=EDGE_CURVE('',#2599,#2600,#22,.T.);
#2100=EDGE_CURVE('',#2600,#2601,#3083,.T.);
#2101=EDGE_CURVE('',#2602,#2601,#23,.T.);
#2102=EDGE_CURVE('',#2599,#2602,#3084,.T.);
#2103=EDGE_CURVE('',#2597,#2600,#267,.T.);
#2104=EDGE_CURVE('',#2598,#2599,#268,.T.);
#2105=EDGE_CURVE('',#2596,#2601,#269,.T.);
#2106=EDGE_CURVE('',#2602,#2595,#270,.T.);
#2107=EDGE_CURVE('',#2603,#2604,#3085,.T.);
#2108=EDGE_CURVE('',#2605,#2604,#3086,.T.);
#2109=EDGE_CURVE('',#2606,#2605,#181,.T.);
#2110=EDGE_CURVE('',#2607,#2606,#3087,.T.);
#2111=EDGE_CURVE('',#2608,#2607,#182,.T.);
#2112=EDGE_CURVE('',#2609,#2608,#3088,.T.);
#2113=EDGE_CURVE('',#2610,#2609,#3089,.F.);
#2114=EDGE_CURVE('',#2610,#2611,#3090,.T.);
#2115=EDGE_CURVE('',#2611,#2612,#183,.T.);
#2116=EDGE_CURVE('',#2612,#2613,#3091,.T.);
#2117=EDGE_CURVE('',#2613,#2614,#184,.T.);
#2118=EDGE_CURVE('',#2614,#2615,#3092,.T.);
#2119=EDGE_CURVE('',#2616,#2615,#3093,.T.);
#2120=EDGE_CURVE('',#2603,#2616,#3094,.T.);
#2121=EDGE_CURVE('',#2617,#2603,#271,.T.);
#2122=EDGE_CURVE('',#2617,#2618,#3095,.T.);
#2123=EDGE_CURVE('',#2618,#2604,#272,.T.);
#2124=EDGE_CURVE('',#2619,#2617,#3096,.F.);
#2125=EDGE_CURVE('',#2619,#2620,#3097,.T.);
#2126=EDGE_CURVE('',#2621,#2620,#3098,.T.);
#2127=EDGE_CURVE('',#2622,#2621,#185,.T.);
#2128=EDGE_CURVE('',#2623,#2622,#3099,.T.);
#2129=EDGE_CURVE('',#2624,#2623,#186,.T.);
#2130=EDGE_CURVE('',#2625,#2624,#3100,.T.);
#2131=EDGE_CURVE('',#2626,#2625,#3101,.T.);
#2132=EDGE_CURVE('',#2626,#2627,#3102,.T.);
#2133=EDGE_CURVE('',#2627,#2628,#187,.T.);
#2134=EDGE_CURVE('',#2628,#2629,#3103,.T.);
#2135=EDGE_CURVE('',#2629,#2630,#188,.T.);
#2136=EDGE_CURVE('',#2630,#2618,#3104,.T.);
#2137=EDGE_CURVE('',#2616,#2619,#273,.T.);
#2138=EDGE_CURVE('',#2615,#2620,#274,.T.);
#2139=EDGE_CURVE('',#2595,#2616,#189,.T.);
#2140=EDGE_CURVE('',#2598,#2603,#190,.T.);
#2141=EDGE_CURVE('',#2599,#2617,#191,.T.);
#2142=EDGE_CURVE('',#2602,#2619,#192,.T.);
#2143=EDGE_CURVE('',#2631,#2632,#3105,.T.);
#2144=EDGE_CURVE('',#2633,#2632,#3106,.T.);
#2145=EDGE_CURVE('',#2634,#2633,#193,.T.);
#2146=EDGE_CURVE('',#2635,#2634,#3107,.T.);
#2147=EDGE_CURVE('',#2636,#2635,#194,.T.);
#2148=EDGE_CURVE('',#2637,#2636,#3108,.T.);
#2149=EDGE_CURVE('',#2637,#2638,#3109,.F.);
#2150=EDGE_CURVE('',#2638,#2639,#3110,.T.);
#2151=EDGE_CURVE('',#2639,#2640,#195,.T.);
#2152=EDGE_CURVE('',#2640,#2641,#3111,.T.);
#2153=EDGE_CURVE('',#2641,#2642,#196,.T.);
#2154=EDGE_CURVE('',#2642,#2643,#3112,.T.);
#2155=EDGE_CURVE('',#2644,#2643,#3113,.T.);
#2156=EDGE_CURVE('',#2644,#2631,#3114,.T.);
#2157=EDGE_CURVE('',#2645,#2643,#275,.T.);
#2158=EDGE_CURVE('',#2646,#2645,#3115,.T.);
#2159=EDGE_CURVE('',#2646,#2644,#276,.T.);
#2160=EDGE_CURVE('',#2647,#2645,#3116,.T.);
#2161=EDGE_CURVE('',#2648,#2647,#197,.T.);
#2162=EDGE_CURVE('',#2649,#2648,#3117,.T.);
#2163=EDGE_CURVE('',#2650,#2649,#198,.T.);
#2164=EDGE_CURVE('',#2651,#2650,#3118,.T.);
#2165=EDGE_CURVE('',#2651,#2652,#3119,.T.);
#2166=EDGE_CURVE('',#2652,#2653,#3120,.T.);
#2167=EDGE_CURVE('',#2653,#2654,#199,.T.);
#2168=EDGE_CURVE('',#2654,#2655,#3121,.T.);
#2169=EDGE_CURVE('',#2655,#2656,#200,.T.);
#2170=EDGE_CURVE('',#2656,#2657,#3122,.T.);
#2171=EDGE_CURVE('',#2658,#2657,#3123,.T.);
#2172=EDGE_CURVE('',#2658,#2646,#3124,.F.);
#2173=EDGE_CURVE('',#2632,#2657,#277,.T.);
#2174=EDGE_CURVE('',#2631,#2658,#278,.T.);
#2175=EDGE_CURVE('',#2597,#2644,#201,.T.);
#2176=EDGE_CURVE('',#2596,#2631,#202,.T.);
#2177=EDGE_CURVE('',#2600,#2646,#203,.T.);
#2178=EDGE_CURVE('',#2601,#2658,#204,.T.);
#2179=EDGE_CURVE('',#2621,#2614,#279,.T.);
#2180=EDGE_CURVE('',#2605,#2630,#280,.T.);
#2181=EDGE_CURVE('',#2622,#2613,#281,.T.);
#2182=EDGE_CURVE('',#2606,#2629,#282,.T.);
#2183=EDGE_CURVE('',#2623,#2612,#283,.T.);
#2184=EDGE_CURVE('',#2607,#2628,#284,.T.);
#2185=EDGE_CURVE('',#2624,#2611,#285,.T.);
#2186=EDGE_CURVE('',#2608,#2627,#286,.T.);
#2187=EDGE_CURVE('',#2625,#2610,#287,.T.);
#2188=EDGE_CURVE('',#2609,#2626,#288,.T.);
#2189=EDGE_CURVE('',#2642,#2647,#289,.T.);
#2190=EDGE_CURVE('',#2656,#2633,#290,.T.);
#2191=EDGE_CURVE('',#2641,#2648,#291,.T.);
#2192=EDGE_CURVE('',#2655,#2634,#292,.T.);
#2193=EDGE_CURVE('',#2640,#2649,#293,.T.);
#2194=EDGE_CURVE('',#2654,#2635,#294,.T.);
#2195=EDGE_CURVE('',#2639,#2650,#295,.T.);
#2196=EDGE_CURVE('',#2653,#2636,#296,.T.);
#2197=EDGE_CURVE('',#2638,#2651,#297,.T.);
#2198=EDGE_CURVE('',#2652,#2637,#298,.T.);
#2199=EDGE_CURVE('',#2659,#2660,#3125,.T.);
#2200=EDGE_CURVE('',#2661,#2659,#3126,.T.);
#2201=EDGE_CURVE('',#2662,#2661,#3127,.T.);
#2202=EDGE_CURVE('',#2662,#2660,#3128,.T.);
#2203=EDGE_CURVE('',#2663,#2664,#3129,.T.);
#2204=EDGE_CURVE('',#2664,#2665,#3130,.T.);
#2205=EDGE_CURVE('',#2666,#2665,#3131,.T.);
#2206=EDGE_CURVE('',#2666,#2663,#3132,.T.);
#2207=EDGE_CURVE('',#2667,#2668,#3133,.T.);
#2208=EDGE_CURVE('',#2668,#2669,#3134,.T.);
#2209=EDGE_CURVE('',#2669,#2670,#3135,.T.);
#2210=EDGE_CURVE('',#2670,#2671,#3136,.T.);
#2211=EDGE_CURVE('',#2671,#2672,#3137,.T.);
#2212=EDGE_CURVE('',#2672,#2673,#205,.T.);
#2213=EDGE_CURVE('',#2673,#2674,#3138,.T.);
#2214=EDGE_CURVE('',#2674,#2675,#206,.T.);
#2215=EDGE_CURVE('',#2675,#2676,#3139,.T.);
#2216=EDGE_CURVE('',#2676,#2677,#3140,.T.);
#2217=EDGE_CURVE('',#2677,#2678,#3141,.T.);
#2218=EDGE_CURVE('',#2678,#2679,#3142,.T.);
#2219=EDGE_CURVE('',#2679,#2680,#3143,.T.);
#2220=EDGE_CURVE('',#2680,#2681,#207,.T.);
#2221=EDGE_CURVE('',#2681,#2682,#3144,.T.);
#2222=EDGE_CURVE('',#2682,#2667,#208,.T.);
#2223=EDGE_CURVE('',#2683,#2684,#3145,.T.);
#2224=EDGE_CURVE('',#2684,#2676,#3146,.T.);
#2225=EDGE_CURVE('',#2675,#2685,#3147,.F.);
#2226=EDGE_CURVE('',#2685,#2683,#3148,.T.);
#2227=EDGE_CURVE('',#2686,#2687,#3149,.T.);
#2228=EDGE_CURVE('',#2687,#2668,#3150,.F.);
#2229=EDGE_CURVE('',#2667,#2688,#3151,.F.);
#2230=EDGE_CURVE('',#2688,#2686,#3152,.T.);
#2231=EDGE_CURVE('',#2661,#2683,#3153,.T.);
#2232=EDGE_CURVE('',#2685,#2689,#209,.F.);
#2233=EDGE_CURVE('',#2690,#2689,#3154,.T.);
#2234=EDGE_CURVE('',#2690,#2691,#210,.F.);
#2235=EDGE_CURVE('',#2692,#2691,#3155,.T.);
#2236=EDGE_CURVE('',#2663,#2692,#3156,.T.);
#2237=EDGE_CURVE('',#2686,#2666,#3157,.T.);
#2238=EDGE_CURVE('',#2688,#2693,#211,.F.);
#2239=EDGE_CURVE('',#2694,#2693,#3158,.T.);
#2240=EDGE_CURVE('',#2694,#2695,#212,.F.);
#2241=EDGE_CURVE('',#2696,#2695,#3159,.T.);
#2242=EDGE_CURVE('',#2696,#2662,#3160,.T.);
#2243=EDGE_CURVE('',#2679,#2697,#3161,.T.);
#2244=EDGE_CURVE('',#2696,#2697,#3162,.T.);
#2245=EDGE_CURVE('',#2695,#2680,#3163,.T.);
#2246=EDGE_CURVE('',#2681,#2694,#3164,.F.);
#2247=EDGE_CURVE('',#2693,#2682,#3165,.T.);
#2248=EDGE_CURVE('',#2671,#2698,#3166,.F.);
#2249=EDGE_CURVE('',#2692,#2698,#3167,.T.);
#2250=EDGE_CURVE('',#2691,#2672,#3168,.T.);
#2251=EDGE_CURVE('',#2673,#2690,#3169,.F.);
#2252=EDGE_CURVE('',#2689,#2674,#3170,.T.);
#2253=EDGE_CURVE('',#2699,#2700,#3171,.T.);
#2254=EDGE_CURVE('',#2700,#2687,#3172,.T.);
#2255=EDGE_CURVE('',#2665,#2699,#3173,.T.);
#2256=EDGE_CURVE('',#2698,#2701,#3174,.T.);
#2257=EDGE_CURVE('',#2702,#2701,#3175,.T.);
#2258=EDGE_CURVE('',#2702,#2664,#3176,.T.);
#2259=EDGE_CURVE('',#2697,#2703,#3177,.T.);
#2260=EDGE_CURVE('',#2704,#2703,#3178,.T.);
#2261=EDGE_CURVE('',#2660,#2704,#3179,.T.);
#2262=EDGE_CURVE('',#2705,#2706,#3180,.T.);
#2263=EDGE_CURVE('',#2706,#2684,#3181,.T.);
#2264=EDGE_CURVE('',#2705,#2659,#3182,.T.);
#2265=EDGE_CURVE('',#2701,#2700,#3183,.T.);
#2266=EDGE_CURVE('',#2699,#2702,#3184,.T.);
#2267=EDGE_CURVE('',#2703,#2706,#3185,.T.);
#2268=EDGE_CURVE('',#2704,#2705,#3186,.T.);
#2269=EDGE_CURVE('',#2677,#2706,#3187,.T.);
#2270=EDGE_CURVE('',#2678,#2703,#3188,.F.);
#2271=EDGE_CURVE('',#2701,#2670,#3189,.T.);
#2272=EDGE_CURVE('',#2700,#2669,#3190,.F.);
#2273=VERTEX_POINT('',#7644);
#2274=VERTEX_POINT('',#7645);
#2275=VERTEX_POINT('',#7673);
#2276=VERTEX_POINT('',#7675);
#2277=VERTEX_POINT('',#7717);
#2278=VERTEX_POINT('',#7719);
#2279=VERTEX_POINT('',#7720);
#2280=VERTEX_POINT('',#7722);
#2281=VERTEX_POINT('',#7724);
#2282=VERTEX_POINT('',#7726);
#2283=VERTEX_POINT('',#7728);
#2284=VERTEX_POINT('',#7730);
#2285=VERTEX_POINT('',#7732);
#2286=VERTEX_POINT('',#7735);
#2287=VERTEX_POINT('',#7736);
#2288=VERTEX_POINT('',#7738);
#2289=VERTEX_POINT('',#7752);
#2290=VERTEX_POINT('',#7754);
#2291=VERTEX_POINT('',#7767);
#2292=VERTEX_POINT('',#7769);
#2293=VERTEX_POINT('',#7771);
#2294=VERTEX_POINT('',#7773);
#2295=VERTEX_POINT('',#7775);
#2296=VERTEX_POINT('',#7777);
#2297=VERTEX_POINT('',#7779);
#2298=VERTEX_POINT('',#7801);
#2299=VERTEX_POINT('',#7802);
#2300=VERTEX_POINT('',#7804);
#2301=VERTEX_POINT('',#7814);
#2302=VERTEX_POINT('',#7816);
#2303=VERTEX_POINT('',#7836);
#2304=VERTEX_POINT('',#7837);
#2305=VERTEX_POINT('',#7839);
#2306=VERTEX_POINT('',#7841);
#2307=VERTEX_POINT('',#7843);
#2308=VERTEX_POINT('',#7845);
#2309=VERTEX_POINT('',#7867);
#2310=VERTEX_POINT('',#7868);
#2311=VERTEX_POINT('',#7870);
#2312=VERTEX_POINT('',#7880);
#2313=VERTEX_POINT('',#7882);
#2314=VERTEX_POINT('',#7898);
#2315=VERTEX_POINT('',#7899);
#2316=VERTEX_POINT('',#7901);
#2317=VERTEX_POINT('',#7911);
#2318=VERTEX_POINT('',#7913);
#2319=VERTEX_POINT('',#7918);
#2320=VERTEX_POINT('',#7920);
#2321=VERTEX_POINT('',#7925);
#2322=VERTEX_POINT('',#7942);
#2323=VERTEX_POINT('',#7943);
#2324=VERTEX_POINT('',#7945);
#2325=VERTEX_POINT('',#7956);
#2326=VERTEX_POINT('',#7957);
#2327=VERTEX_POINT('',#7959);
#2328=VERTEX_POINT('',#7961);
#2329=VERTEX_POINT('',#7963);
#2330=VERTEX_POINT('',#7965);
#2331=VERTEX_POINT('',#7967);
#2332=VERTEX_POINT('',#7969);
#2333=VERTEX_POINT('',#7971);
#2334=VERTEX_POINT('',#7973);
#2335=VERTEX_POINT('',#7975);
#2336=VERTEX_POINT('',#7977);
#2337=VERTEX_POINT('',#7980);
#2338=VERTEX_POINT('',#7981);
#2339=VERTEX_POINT('',#7983);
#2340=VERTEX_POINT('',#7985);
#2341=VERTEX_POINT('',#7987);
#2342=VERTEX_POINT('',#7989);
#2343=VERTEX_POINT('',#7991);
#2344=VERTEX_POINT('',#7993);
#2345=VERTEX_POINT('',#7995);
#2346=VERTEX_POINT('',#7997);
#2347=VERTEX_POINT('',#7999);
#2348=VERTEX_POINT('',#8001);
#2349=VERTEX_POINT('',#8004);
#2350=VERTEX_POINT('',#8005);
#2351=VERTEX_POINT('',#8007);
#2352=VERTEX_POINT('',#8020);
#2353=VERTEX_POINT('',#8022);
#2354=VERTEX_POINT('',#8025);
#2355=VERTEX_POINT('',#8026);
#2356=VERTEX_POINT('',#8028);
#2357=VERTEX_POINT('',#8030);
#2358=VERTEX_POINT('',#8032);
#2359=VERTEX_POINT('',#8034);
#2360=VERTEX_POINT('',#8036);
#2361=VERTEX_POINT('',#8038);
#2362=VERTEX_POINT('',#8040);
#2363=VERTEX_POINT('',#8042);
#2364=VERTEX_POINT('',#8044);
#2365=VERTEX_POINT('',#8046);
#2366=VERTEX_POINT('',#8049);
#2367=VERTEX_POINT('',#8050);
#2368=VERTEX_POINT('',#8052);
#2369=VERTEX_POINT('',#8054);
#2370=VERTEX_POINT('',#8056);
#2371=VERTEX_POINT('',#8058);
#2372=VERTEX_POINT('',#8060);
#2373=VERTEX_POINT('',#8062);
#2374=VERTEX_POINT('',#8064);
#2375=VERTEX_POINT('',#8066);
#2376=VERTEX_POINT('',#8068);
#2377=VERTEX_POINT('',#8070);
#2378=VERTEX_POINT('',#8072);
#2379=VERTEX_POINT('',#8074);
#2380=VERTEX_POINT('',#8076);
#2381=VERTEX_POINT('',#8080);
#2382=VERTEX_POINT('',#8081);
#2383=VERTEX_POINT('',#8083);
#2384=VERTEX_POINT('',#8085);
#2385=VERTEX_POINT('',#8087);
#2386=VERTEX_POINT('',#8089);
#2387=VERTEX_POINT('',#8091);
#2388=VERTEX_POINT('',#8093);
#2389=VERTEX_POINT('',#8096);
#2390=VERTEX_POINT('',#8097);
#2391=VERTEX_POINT('',#8099);
#2392=VERTEX_POINT('',#8101);
#2393=VERTEX_POINT('',#8103);
#2394=VERTEX_POINT('',#8105);
#2395=VERTEX_POINT('',#8107);
#2396=VERTEX_POINT('',#8109);
#2397=VERTEX_POINT('',#8113);
#2398=VERTEX_POINT('',#8114);
#2399=VERTEX_POINT('',#8116);
#2400=VERTEX_POINT('',#8118);
#2401=VERTEX_POINT('',#8120);
#2402=VERTEX_POINT('',#8122);
#2403=VERTEX_POINT('',#8127);
#2404=VERTEX_POINT('',#8128);
#2405=VERTEX_POINT('',#8130);
#2406=VERTEX_POINT('',#8132);
#2407=VERTEX_POINT('',#8134);
#2408=VERTEX_POINT('',#8136);
#2409=VERTEX_POINT('',#8141);
#2410=VERTEX_POINT('',#8143);
#2411=VERTEX_POINT('',#8145);
#2412=VERTEX_POINT('',#8147);
#2413=VERTEX_POINT('',#8149);
#2414=VERTEX_POINT('',#8151);
#2415=VERTEX_POINT('',#8153);
#2416=VERTEX_POINT('',#8155);
#2417=VERTEX_POINT('',#8158);
#2418=VERTEX_POINT('',#8160);
#2419=VERTEX_POINT('',#8164);
#2420=VERTEX_POINT('',#8165);
#2421=VERTEX_POINT('',#8168);
#2422=VERTEX_POINT('',#8170);
#2423=VERTEX_POINT('',#8173);
#2424=VERTEX_POINT('',#8175);
#2425=VERTEX_POINT('',#8177);
#2426=VERTEX_POINT('',#8179);
#2427=VERTEX_POINT('',#8181);
#2428=VERTEX_POINT('',#8183);
#2429=VERTEX_POINT('',#8193);
#2430=VERTEX_POINT('',#8195);
#2431=VERTEX_POINT('',#8199);
#2432=VERTEX_POINT('',#8201);
#2433=VERTEX_POINT('',#8205);
#2434=VERTEX_POINT('',#8209);
#2435=VERTEX_POINT('',#8213);
#2436=VERTEX_POINT('',#8214);
#2437=VERTEX_POINT('',#8219);
#2438=VERTEX_POINT('',#8221);
#2439=VERTEX_POINT('',#8225);
#2440=VERTEX_POINT('',#8227);
#2441=VERTEX_POINT('',#8231);
#2442=VERTEX_POINT('',#8235);
#2443=VERTEX_POINT('',#8239);
#2444=VERTEX_POINT('',#8241);
#2445=VERTEX_POINT('',#8244);
#2446=VERTEX_POINT('',#8245);
#2447=VERTEX_POINT('',#8272);
#2448=VERTEX_POINT('',#8274);
#2449=VERTEX_POINT('',#8278);
#2450=VERTEX_POINT('',#8282);
#2451=VERTEX_POINT('',#8286);
#2452=VERTEX_POINT('',#8290);
#2453=VERTEX_POINT('',#8294);
#2454=VERTEX_POINT('',#8298);
#2455=VERTEX_POINT('',#8302);
#2456=VERTEX_POINT('',#8304);
#2457=VERTEX_POINT('',#8308);
#2458=VERTEX_POINT('',#8312);
#2459=VERTEX_POINT('',#8316);
#2460=VERTEX_POINT('',#8320);
#2461=VERTEX_POINT('',#8324);
#2462=VERTEX_POINT('',#8328);
#2463=VERTEX_POINT('',#8337);
#2464=VERTEX_POINT('',#8339);
#2465=VERTEX_POINT('',#8343);
#2466=VERTEX_POINT('',#8347);
#2467=VERTEX_POINT('',#8351);
#2468=VERTEX_POINT('',#8355);
#2469=VERTEX_POINT('',#8359);
#2470=VERTEX_POINT('',#8363);
#2471=VERTEX_POINT('',#8367);
#2472=VERTEX_POINT('',#8386);
#2473=VERTEX_POINT('',#8401);
#2474=VERTEX_POINT('',#8422);
#2475=VERTEX_POINT('',#8464);
#2476=VERTEX_POINT('',#8465);
#2477=VERTEX_POINT('',#8467);
#2478=VERTEX_POINT('',#8479);
#2479=VERTEX_POINT('',#8483);
#2480=VERTEX_POINT('',#8485);
#2481=VERTEX_POINT('',#8506);
#2482=VERTEX_POINT('',#8510);
#2483=VERTEX_POINT('',#8514);
#2484=VERTEX_POINT('',#8565);
#2485=VERTEX_POINT('',#8567);
#2486=VERTEX_POINT('',#8571);
#2487=VERTEX_POINT('',#8575);
#2488=VERTEX_POINT('',#8579);
#2489=VERTEX_POINT('',#8583);
#2490=VERTEX_POINT('',#8612);
#2491=VERTEX_POINT('',#8613);
#2492=VERTEX_POINT('',#8615);
#2493=VERTEX_POINT('',#8631);
#2494=VERTEX_POINT('',#8635);
#2495=VERTEX_POINT('',#8637);
#2496=VERTEX_POINT('',#8765);
#2497=VERTEX_POINT('',#8786);
#2498=VERTEX_POINT('',#8839);
#2499=VERTEX_POINT('',#8869);
#2500=VERTEX_POINT('',#8897);
#2501=VERTEX_POINT('',#8901);
#2502=VERTEX_POINT('',#8944);
#2503=VERTEX_POINT('',#8973);
#2504=VERTEX_POINT('',#8974);
#2505=VERTEX_POINT('',#8976);
#2506=VERTEX_POINT('',#8987);
#2507=VERTEX_POINT('',#8991);
#2508=VERTEX_POINT('',#8993);
#2509=VERTEX_POINT('',#9014);
#2510=VERTEX_POINT('',#9018);
#2511=VERTEX_POINT('',#9022);
#2512=VERTEX_POINT('',#9073);
#2513=VERTEX_POINT('',#9075);
#2514=VERTEX_POINT('',#9094);
#2515=VERTEX_POINT('',#9098);
#2516=VERTEX_POINT('',#9112);
#2517=VERTEX_POINT('',#9116);
#2518=VERTEX_POINT('',#9130);
#2519=VERTEX_POINT('',#9167);
#2520=VERTEX_POINT('',#9192);
#2521=VERTEX_POINT('',#9193);
#2522=VERTEX_POINT('',#9195);
#2523=VERTEX_POINT('',#9209);
#2524=VERTEX_POINT('',#9213);
#2525=VERTEX_POINT('',#9215);
#2526=VERTEX_POINT('',#9281);
#2527=VERTEX_POINT('',#9283);
#2528=VERTEX_POINT('',#9312);
#2529=VERTEX_POINT('',#9331);
#2530=VERTEX_POINT('',#9332);
#2531=VERTEX_POINT('',#9334);
#2532=VERTEX_POINT('',#9342);
#2533=VERTEX_POINT('',#9346);
#2534=VERTEX_POINT('',#9348);
#2535=VERTEX_POINT('',#9380);
#2536=VERTEX_POINT('',#9382);
#2537=VERTEX_POINT('',#9386);
#2538=VERTEX_POINT('',#9390);
#2539=VERTEX_POINT('',#9394);
#2540=VERTEX_POINT('',#9398);
#2541=VERTEX_POINT('',#9402);
#2542=VERTEX_POINT('',#9406);
#2543=VERTEX_POINT('',#9410);
#2544=VERTEX_POINT('',#9414);
#2545=VERTEX_POINT('',#9418);
#2546=VERTEX_POINT('',#9422);
#2547=VERTEX_POINT('',#9429);
#2548=VERTEX_POINT('',#9431);
#2549=VERTEX_POINT('',#9435);
#2550=VERTEX_POINT('',#9439);
#2551=VERTEX_POINT('',#9443);
#2552=VERTEX_POINT('',#9447);
#2553=VERTEX_POINT('',#9451);
#2554=VERTEX_POINT('',#9455);
#2555=VERTEX_POINT('',#9459);
#2556=VERTEX_POINT('',#9463);
#2557=VERTEX_POINT('',#9467);
#2558=VERTEX_POINT('',#9471);
#2559=VERTEX_POINT('',#9478);
#2560=VERTEX_POINT('',#9480);
#2561=VERTEX_POINT('',#9510);
#2562=VERTEX_POINT('',#9514);
#2563=VERTEX_POINT('',#9518);
#2564=VERTEX_POINT('',#9522);
#2565=VERTEX_POINT('',#9523);
#2566=VERTEX_POINT('',#9525);
#2567=VERTEX_POINT('',#9527);
#2568=VERTEX_POINT('',#9587);
#2569=VERTEX_POINT('',#9589);
#2570=VERTEX_POINT('',#9593);
#2571=VERTEX_POINT('',#9597);
#2572=VERTEX_POINT('',#9601);
#2573=VERTEX_POINT('',#9605);
#2574=VERTEX_POINT('',#9609);
#2575=VERTEX_POINT('',#9613);
#2576=VERTEX_POINT('',#9617);
#2577=VERTEX_POINT('',#9621);
#2578=VERTEX_POINT('',#9625);
#2579=VERTEX_POINT('',#9629);
#2580=VERTEX_POINT('',#9636);
#2581=VERTEX_POINT('',#9638);
#2582=VERTEX_POINT('',#9642);
#2583=VERTEX_POINT('',#9646);
#2584=VERTEX_POINT('',#9650);
#2585=VERTEX_POINT('',#9654);
#2586=VERTEX_POINT('',#9658);
#2587=VERTEX_POINT('',#9662);
#2588=VERTEX_POINT('',#9666);
#2589=VERTEX_POINT('',#9670);
#2590=VERTEX_POINT('',#9674);
#2591=VERTEX_POINT('',#9678);
#2592=VERTEX_POINT('',#9682);
#2593=VERTEX_POINT('',#9686);
#2594=VERTEX_POINT('',#9690);
#2595=VERTEX_POINT('',#9818);
#2596=VERTEX_POINT('',#9819);
#2597=VERTEX_POINT('',#9821);
#2598=VERTEX_POINT('',#9943);
#2599=VERTEX_POINT('',#10067);
#2600=VERTEX_POINT('',#10068);
#2601=VERTEX_POINT('',#10070);
#2602=VERTEX_POINT('',#10192);
#2603=VERTEX_POINT('',#10672);
#2604=VERTEX_POINT('',#10673);
#2605=VERTEX_POINT('',#10675);
#2606=VERTEX_POINT('',#10677);
#2607=VERTEX_POINT('',#10679);
#2608=VERTEX_POINT('',#10681);
#2609=VERTEX_POINT('',#10683);
#2610=VERTEX_POINT('',#10685);
#2611=VERTEX_POINT('',#10687);
#2612=VERTEX_POINT('',#10689);
#2613=VERTEX_POINT('',#10691);
#2614=VERTEX_POINT('',#10693);
#2615=VERTEX_POINT('',#10695);
#2616=VERTEX_POINT('',#10697);
#2617=VERTEX_POINT('',#10719);
#2618=VERTEX_POINT('',#10721);
#2619=VERTEX_POINT('',#10728);
#2620=VERTEX_POINT('',#10730);
#2621=VERTEX_POINT('',#10732);
#2622=VERTEX_POINT('',#10734);
#2623=VERTEX_POINT('',#10736);
#2624=VERTEX_POINT('',#10738);
#2625=VERTEX_POINT('',#10740);
#2626=VERTEX_POINT('',#10742);
#2627=VERTEX_POINT('',#10744);
#2628=VERTEX_POINT('',#10746);
#2629=VERTEX_POINT('',#10748);
#2630=VERTEX_POINT('',#10750);
#2631=VERTEX_POINT('',#10786);
#2632=VERTEX_POINT('',#10787);
#2633=VERTEX_POINT('',#10789);
#2634=VERTEX_POINT('',#10791);
#2635=VERTEX_POINT('',#10793);
#2636=VERTEX_POINT('',#10795);
#2637=VERTEX_POINT('',#10797);
#2638=VERTEX_POINT('',#10799);
#2639=VERTEX_POINT('',#10801);
#2640=VERTEX_POINT('',#10803);
#2641=VERTEX_POINT('',#10805);
#2642=VERTEX_POINT('',#10807);
#2643=VERTEX_POINT('',#10809);
#2644=VERTEX_POINT('',#10811);
#2645=VERTEX_POINT('',#10833);
#2646=VERTEX_POINT('',#10835);
#2647=VERTEX_POINT('',#10842);
#2648=VERTEX_POINT('',#10844);
#2649=VERTEX_POINT('',#10846);
#2650=VERTEX_POINT('',#10848);
#2651=VERTEX_POINT('',#10850);
#2652=VERTEX_POINT('',#10852);
#2653=VERTEX_POINT('',#10854);
#2654=VERTEX_POINT('',#10856);
#2655=VERTEX_POINT('',#10858);
#2656=VERTEX_POINT('',#10860);
#2657=VERTEX_POINT('',#10862);
#2658=VERTEX_POINT('',#10864);
#2659=VERTEX_POINT('',#11367);
#2660=VERTEX_POINT('',#11368);
#2661=VERTEX_POINT('',#11370);
#2662=VERTEX_POINT('',#11372);
#2663=VERTEX_POINT('',#11376);
#2664=VERTEX_POINT('',#11377);
#2665=VERTEX_POINT('',#11379);
#2666=VERTEX_POINT('',#11381);
#2667=VERTEX_POINT('',#11385);
#2668=VERTEX_POINT('',#11386);
#2669=VERTEX_POINT('',#11388);
#2670=VERTEX_POINT('',#11390);
#2671=VERTEX_POINT('',#11392);
#2672=VERTEX_POINT('',#11394);
#2673=VERTEX_POINT('',#11396);
#2674=VERTEX_POINT('',#11398);
#2675=VERTEX_POINT('',#11400);
#2676=VERTEX_POINT('',#11402);
#2677=VERTEX_POINT('',#11404);
#2678=VERTEX_POINT('',#11406);
#2679=VERTEX_POINT('',#11408);
#2680=VERTEX_POINT('',#11410);
#2681=VERTEX_POINT('',#11412);
#2682=VERTEX_POINT('',#11414);
#2683=VERTEX_POINT('',#11418);
#2684=VERTEX_POINT('',#11419);
#2685=VERTEX_POINT('',#11422);
#2686=VERTEX_POINT('',#11426);
#2687=VERTEX_POINT('',#11427);
#2688=VERTEX_POINT('',#11430);
#2689=VERTEX_POINT('',#11435);
#2690=VERTEX_POINT('',#11437);
#2691=VERTEX_POINT('',#11439);
#2692=VERTEX_POINT('',#11441);
#2693=VERTEX_POINT('',#11445);
#2694=VERTEX_POINT('',#11447);
#2695=VERTEX_POINT('',#11449);
#2696=VERTEX_POINT('',#11451);
#2697=VERTEX_POINT('',#11455);
#2698=VERTEX_POINT('',#11463);
#2699=VERTEX_POINT('',#11475);
#2700=VERTEX_POINT('',#11476);
#2701=VERTEX_POINT('',#11481);
#2702=VERTEX_POINT('',#11483);
#2703=VERTEX_POINT('',#11487);
#2704=VERTEX_POINT('',#11489);
#2705=VERTEX_POINT('',#11493);
#2706=VERTEX_POINT('',#11494);
#2707=LINE('',#7643,#3191);
#2708=LINE('',#7674,#3192);
#2709=LINE('',#7721,#3193);
#2710=LINE('',#7725,#3194);
#2711=LINE('',#7729,#3195);
#2712=LINE('',#7733,#3196);
#2713=LINE('',#7734,#3197);
#2714=LINE('',#7737,#3198);
#2715=LINE('',#7753,#3199);
#2716=LINE('',#7768,#3200);
#2717=LINE('',#7770,#3201);
#2718=LINE('',#7772,#3202);
#2719=LINE('',#7774,#3203);
#2720=LINE('',#7776,#3204);
#2721=LINE('',#7778,#3205);
#2722=LINE('',#7780,#3206);
#2723=LINE('',#7803,#3207);
#2724=LINE('',#7817,#3208);
#2725=LINE('',#7838,#3209);
#2726=LINE('',#7840,#3210);
#2727=LINE('',#7842,#3211);
#2728=LINE('',#7844,#3212);
#2729=LINE('',#7846,#3213);
#2730=LINE('',#7869,#3214);
#2731=LINE('',#7883,#3215);
#2732=LINE('',#7900,#3216);
#2733=LINE('',#7912,#3217);
#2734=LINE('',#7919,#3218);
#2735=LINE('',#7941,#3219);
#2736=LINE('',#7944,#3220);
#2737=LINE('',#7955,#3221);
#2738=LINE('',#7958,#3222);
#2739=LINE('',#7960,#3223);
#2740=LINE('',#7962,#3224);
#2741=LINE('',#7964,#3225);
#2742=LINE('',#7966,#3226);
#2743=LINE('',#7968,#3227);
#2744=LINE('',#7970,#3228);
#2745=LINE('',#7972,#3229);
#2746=LINE('',#7974,#3230);
#2747=LINE('',#7976,#3231);
#2748=LINE('',#7978,#3232);
#2749=LINE('',#7979,#3233);
#2750=LINE('',#7982,#3234);
#2751=LINE('',#7984,#3235);
#2752=LINE('',#7986,#3236);
#2753=LINE('',#7988,#3237);
#2754=LINE('',#7990,#3238);
#2755=LINE('',#7992,#3239);
#2756=LINE('',#7994,#3240);
#2757=LINE('',#7996,#3241);
#2758=LINE('',#7998,#3242);
#2759=LINE('',#8000,#3243);
#2760=LINE('',#8002,#3244);
#2761=LINE('',#8003,#3245);
#2762=LINE('',#8006,#3246);
#2763=LINE('',#8023,#3247);
#2764=LINE('',#8024,#3248);
#2765=LINE('',#8027,#3249);
#2766=LINE('',#8029,#3250);
#2767=LINE('',#8031,#3251);
#2768=LINE('',#8033,#3252);
#2769=LINE('',#8035,#3253);
#2770=LINE('',#8037,#3254);
#2771=LINE('',#8039,#3255);
#2772=LINE('',#8041,#3256);
#2773=LINE('',#8043,#3257);
#2774=LINE('',#8045,#3258);
#2775=LINE('',#8047,#3259);
#2776=LINE('',#8048,#3260);
#2777=LINE('',#8051,#3261);
#2778=LINE('',#8053,#3262);
#2779=LINE('',#8055,#3263);
#2780=LINE('',#8057,#3264);
#2781=LINE('',#8059,#3265);
#2782=LINE('',#8061,#3266);
#2783=LINE('',#8063,#3267);
#2784=LINE('',#8065,#3268);
#2785=LINE('',#8067,#3269);
#2786=LINE('',#8069,#3270);
#2787=LINE('',#8071,#3271);
#2788=LINE('',#8073,#3272);
#2789=LINE('',#8075,#3273);
#2790=LINE('',#8077,#3274);
#2791=LINE('',#8079,#3275);
#2792=LINE('',#8084,#3276);
#2793=LINE('',#8088,#3277);
#2794=LINE('',#8092,#3278);
#2795=LINE('',#8095,#3279);
#2796=LINE('',#8100,#3280);
#2797=LINE('',#8104,#3281);
#2798=LINE('',#8108,#3282);
#2799=LINE('',#8112,#3283);
#2800=LINE('',#8115,#3284);
#2801=LINE('',#8117,#3285);
#2802=LINE('',#8119,#3286);
#2803=LINE('',#8121,#3287);
#2804=LINE('',#8123,#3288);
#2805=LINE('',#8124,#3289);
#2806=LINE('',#8126,#3290);
#2807=LINE('',#8129,#3291);
#2808=LINE('',#8131,#3292);
#2809=LINE('',#8133,#3293);
#2810=LINE('',#8135,#3294);
#2811=LINE('',#8137,#3295);
#2812=LINE('',#8138,#3296);
#2813=LINE('',#8142,#3297);
#2814=LINE('',#8146,#3298);
#2815=LINE('',#8150,#3299);
#2816=LINE('',#8154,#3300);
#2817=LINE('',#8159,#3301);
#2818=LINE('',#8163,#3302);
#2819=LINE('',#8169,#3303);
#2820=LINE('',#8174,#3304);
#2821=LINE('',#8178,#3305);
#2822=LINE('',#8182,#3306);
#2823=LINE('',#8186,#3307);
#2824=LINE('',#8187,#3308);
#2825=LINE('',#8189,#3309);
#2826=LINE('',#8190,#3310);
#2827=LINE('',#8192,#3311);
#2828=LINE('',#8194,#3312);
#2829=LINE('',#8196,#3313);
#2830=LINE('',#8198,#3314);
#2831=LINE('',#8200,#3315);
#2832=LINE('',#8202,#3316);
#2833=LINE('',#8206,#3317);
#2834=LINE('',#8208,#3318);
#2835=LINE('',#8210,#3319);
#2836=LINE('',#8212,#3320);
#2837=LINE('',#8215,#3321);
#2838=LINE('',#8216,#3322);
#2839=LINE('',#8218,#3323);
#2840=LINE('',#8220,#3324);
#2841=LINE('',#8222,#3325);
#2842=LINE('',#8224,#3326);
#2843=LINE('',#8226,#3327);
#2844=LINE('',#8228,#3328);
#2845=LINE('',#8232,#3329);
#2846=LINE('',#8234,#3330);
#2847=LINE('',#8236,#3331);
#2848=LINE('',#8243,#3332);
#2849=LINE('',#8246,#3333);
#2850=LINE('',#8247,#3334);
#2851=LINE('',#8271,#3335);
#2852=LINE('',#8275,#3336);
#2853=LINE('',#8277,#3337);
#2854=LINE('',#8279,#3338);
#2855=LINE('',#8283,#3339);
#2856=LINE('',#8285,#3340);
#2857=LINE('',#8287,#3341);
#2858=LINE('',#8291,#3342);
#2859=LINE('',#8293,#3343);
#2860=LINE('',#8295,#3344);
#2861=LINE('',#8299,#3345);
#2862=LINE('',#8301,#3346);
#2863=LINE('',#8305,#3347);
#2864=LINE('',#8307,#3348);
#2865=LINE('',#8309,#3349);
#2866=LINE('',#8313,#3350);
#2867=LINE('',#8315,#3351);
#2868=LINE('',#8317,#3352);
#2869=LINE('',#8321,#3353);
#2870=LINE('',#8323,#3354);
#2871=LINE('',#8325,#3355);
#2872=LINE('',#8329,#3356);
#2873=LINE('',#8331,#3357);
#2874=LINE('',#8333,#3358);
#2875=LINE('',#8336,#3359);
#2876=LINE('',#8338,#3360);
#2877=LINE('',#8340,#3361);
#2878=LINE('',#8342,#3362);
#2879=LINE('',#8344,#3363);
#2880=LINE('',#8346,#3364);
#2881=LINE('',#8348,#3365);
#2882=LINE('',#8350,#3366);
#2883=LINE('',#8352,#3367);
#2884=LINE('',#8354,#3368);
#2885=LINE('',#8356,#3369);
#2886=LINE('',#8358,#3370);
#2887=LINE('',#8360,#3371);
#2888=LINE('',#8362,#3372);
#2889=LINE('',#8364,#3373);
#2890=LINE('',#8366,#3374);
#2891=LINE('',#8368,#3375);
#2892=LINE('',#8385,#3376);
#2893=LINE('',#8400,#3377);
#2894=LINE('',#8402,#3378);
#2895=LINE('',#8421,#3379);
#2896=LINE('',#8437,#3380);
#2897=LINE('',#8466,#3381);
#2898=LINE('',#8480,#3382);
#2899=LINE('',#8482,#3383);
#2900=LINE('',#8484,#3384);
#2901=LINE('',#8486,#3385);
#2902=LINE('',#8507,#3386);
#2903=LINE('',#8511,#3387);
#2904=LINE('',#8513,#3388);
#2905=LINE('',#8515,#3389);
#2906=LINE('',#8559,#3390);
#2907=LINE('',#8560,#3391);
#2908=LINE('',#8564,#3392);
#2909=LINE('',#8566,#3393);
#2910=LINE('',#8568,#3394);
#2911=LINE('',#8570,#3395);
#2912=LINE('',#8572,#3396);
#2913=LINE('',#8574,#3397);
#2914=LINE('',#8576,#3398);
#2915=LINE('',#8578,#3399);
#2916=LINE('',#8580,#3400);
#2917=LINE('',#8582,#3401);
#2918=LINE('',#8584,#3402);
#2919=LINE('',#8614,#3403);
#2920=LINE('',#8632,#3404);
#2921=LINE('',#8634,#3405);
#2922=LINE('',#8636,#3406);
#2923=LINE('',#8638,#3407);
#2924=LINE('',#8868,#3408);
#2925=LINE('',#8898,#3409);
#2926=LINE('',#8900,#3410);
#2927=LINE('',#8902,#3411);
#2928=LINE('',#8945,#3412);
#2929=LINE('',#8947,#3413);
#2930=LINE('',#8975,#3414);
#2931=LINE('',#8988,#3415);
#2932=LINE('',#8990,#3416);
#2933=LINE('',#8992,#3417);
#2934=LINE('',#8994,#3418);
#2935=LINE('',#9015,#3419);
#2936=LINE('',#9019,#3420);
#2937=LINE('',#9021,#3421);
#2938=LINE('',#9023,#3422);
#2939=LINE('',#9067,#3423);
#2940=LINE('',#9068,#3424);
#2941=LINE('',#9072,#3425);
#2942=LINE('',#9074,#3426);
#2943=LINE('',#9076,#3427);
#2944=LINE('',#9095,#3428);
#2945=LINE('',#9097,#3429);
#2946=LINE('',#9099,#3430);
#2947=LINE('',#9113,#3431);
#2948=LINE('',#9115,#3432);
#2949=LINE('',#9117,#3433);
#2950=LINE('',#9131,#3434);
#2951=LINE('',#9168,#3435);
#2952=LINE('',#9194,#3436);
#2953=LINE('',#9210,#3437);
#2954=LINE('',#9212,#3438);
#2955=LINE('',#9214,#3439);
#2956=LINE('',#9216,#3440);
#2957=LINE('',#9280,#3441);
#2958=LINE('',#9282,#3442);
#2959=LINE('',#9284,#3443);
#2960=LINE('',#9313,#3444);
#2961=LINE('',#9333,#3445);
#2962=LINE('',#9343,#3446);
#2963=LINE('',#9345,#3447);
#2964=LINE('',#9347,#3448);
#2965=LINE('',#9349,#3449);
#2966=LINE('',#9375,#3450);
#2967=LINE('',#9379,#3451);
#2968=LINE('',#9381,#3452);
#2969=LINE('',#9383,#3453);
#2970=LINE('',#9385,#3454);
#2971=LINE('',#9387,#3455);
#2972=LINE('',#9389,#3456);
#2973=LINE('',#9391,#3457);
#2974=LINE('',#9393,#3458);
#2975=LINE('',#9395,#3459);
#2976=LINE('',#9397,#3460);
#2977=LINE('',#9399,#3461);
#2978=LINE('',#9401,#3462);
#2979=LINE('',#9403,#3463);
#2980=LINE('',#9405,#3464);
#2981=LINE('',#9407,#3465);
#2982=LINE('',#9409,#3466);
#2983=LINE('',#9411,#3467);
#2984=LINE('',#9413,#3468);
#2985=LINE('',#9415,#3469);
#2986=LINE('',#9417,#3470);
#2987=LINE('',#9419,#3471);
#2988=LINE('',#9421,#3472);
#2989=LINE('',#9423,#3473);
#2990=LINE('',#9425,#3474);
#2991=LINE('',#9428,#3475);
#2992=LINE('',#9430,#3476);
#2993=LINE('',#9432,#3477);
#2994=LINE('',#9434,#3478);
#2995=LINE('',#9436,#3479);
#2996=LINE('',#9438,#3480);
#2997=LINE('',#9440,#3481);
#2998=LINE('',#9442,#3482);
#2999=LINE('',#9444,#3483);
#3000=LINE('',#9446,#3484);
#3001=LINE('',#9448,#3485);
#3002=LINE('',#9450,#3486);
#3003=LINE('',#9452,#3487);
#3004=LINE('',#9454,#3488);
#3005=LINE('',#9456,#3489);
#3006=LINE('',#9458,#3490);
#3007=LINE('',#9460,#3491);
#3008=LINE('',#9462,#3492);
#3009=LINE('',#9464,#3493);
#3010=LINE('',#9466,#3494);
#3011=LINE('',#9468,#3495);
#3012=LINE('',#9470,#3496);
#3013=LINE('',#9472,#3497);
#3014=LINE('',#9474,#3498);
#3015=LINE('',#9477,#3499);
#3016=LINE('',#9479,#3500);
#3017=LINE('',#9481,#3501);
#3018=LINE('',#9511,#3502);
#3019=LINE('',#9515,#3503);
#3020=LINE('',#9517,#3504);
#3021=LINE('',#9519,#3505);
#3022=LINE('',#9521,#3506);
#3023=LINE('',#9524,#3507);
#3024=LINE('',#9526,#3508);
#3025=LINE('',#9528,#3509);
#3026=LINE('',#9582,#3510);
#3027=LINE('',#9586,#3511);
#3028=LINE('',#9588,#3512);
#3029=LINE('',#9590,#3513);
#3030=LINE('',#9592,#3514);
#3031=LINE('',#9594,#3515);
#3032=LINE('',#9596,#3516);
#3033=LINE('',#9598,#3517);
#3034=LINE('',#9600,#3518);
#3035=LINE('',#9602,#3519);
#3036=LINE('',#9604,#3520);
#3037=LINE('',#9606,#3521);
#3038=LINE('',#9608,#3522);
#3039=LINE('',#9610,#3523);
#3040=LINE('',#9612,#3524);
#3041=LINE('',#9614,#3525);
#3042=LINE('',#9616,#3526);
#3043=LINE('',#9618,#3527);
#3044=LINE('',#9620,#3528);
#3045=LINE('',#9622,#3529);
#3046=LINE('',#9624,#3530);
#3047=LINE('',#9626,#3531);
#3048=LINE('',#9628,#3532);
#3049=LINE('',#9630,#3533);
#3050=LINE('',#9632,#3534);
#3051=LINE('',#9635,#3535);
#3052=LINE('',#9637,#3536);
#3053=LINE('',#9639,#3537);
#3054=LINE('',#9641,#3538);
#3055=LINE('',#9643,#3539);
#3056=LINE('',#9645,#3540);
#3057=LINE('',#9647,#3541);
#3058=LINE('',#9649,#3542);
#3059=LINE('',#9651,#3543);
#3060=LINE('',#9653,#3544);
#3061=LINE('',#9655,#3545);
#3062=LINE('',#9657,#3546);
#3063=LINE('',#9659,#3547);
#3064=LINE('',#9661,#3548);
#3065=LINE('',#9663,#3549);
#3066=LINE('',#9665,#3550);
#3067=LINE('',#9667,#3551);
#3068=LINE('',#9669,#3552);
#3069=LINE('',#9671,#3553);
#3070=LINE('',#9673,#3554);
#3071=LINE('',#9675,#3555);
#3072=LINE('',#9677,#3556);
#3073=LINE('',#9679,#3557);
#3074=LINE('',#9681,#3558);
#3075=LINE('',#9683,#3559);
#3076=LINE('',#9685,#3560);
#3077=LINE('',#9687,#3561);
#3078=LINE('',#9689,#3562);
#3079=LINE('',#9691,#3563);
#3080=LINE('',#9693,#3564);
#3081=LINE('',#9820,#3565);
#3082=LINE('',#9944,#3566);
#3083=LINE('',#10069,#3567);
#3084=LINE('',#10193,#3568);
#3085=LINE('',#10671,#3569);
#3086=LINE('',#10674,#3570);
#3087=LINE('',#10678,#3571);
#3088=LINE('',#10682,#3572);
#3089=LINE('',#10684,#3573);
#3090=LINE('',#10686,#3574);
#3091=LINE('',#10690,#3575);
#3092=LINE('',#10694,#3576);
#3093=LINE('',#10696,#3577);
#3094=LINE('',#10698,#3578);
#3095=LINE('',#10720,#3579);
#3096=LINE('',#10727,#3580);
#3097=LINE('',#10729,#3581);
#3098=LINE('',#10731,#3582);
#3099=LINE('',#10735,#3583);
#3100=LINE('',#10739,#3584);
#3101=LINE('',#10741,#3585);
#3102=LINE('',#10743,#3586);
#3103=LINE('',#10747,#3587);
#3104=LINE('',#10751,#3588);
#3105=LINE('',#10785,#3589);
#3106=LINE('',#10788,#3590);
#3107=LINE('',#10792,#3591);
#3108=LINE('',#10796,#3592);
#3109=LINE('',#10798,#3593);
#3110=LINE('',#10800,#3594);
#3111=LINE('',#10804,#3595);
#3112=LINE('',#10808,#3596);
#3113=LINE('',#10810,#3597);
#3114=LINE('',#10812,#3598);
#3115=LINE('',#10834,#3599);
#3116=LINE('',#10841,#3600);
#3117=LINE('',#10845,#3601);
#3118=LINE('',#10849,#3602);
#3119=LINE('',#10851,#3603);
#3120=LINE('',#10853,#3604);
#3121=LINE('',#10857,#3605);
#3122=LINE('',#10861,#3606);
#3123=LINE('',#10863,#3607);
#3124=LINE('',#10865,#3608);
#3125=LINE('',#11366,#3609);
#3126=LINE('',#11369,#3610);
#3127=LINE('',#11371,#3611);
#3128=LINE('',#11373,#3612);
#3129=LINE('',#11375,#3613);
#3130=LINE('',#11378,#3614);
#3131=LINE('',#11380,#3615);
#3132=LINE('',#11382,#3616);
#3133=LINE('',#11384,#3617);
#3134=LINE('',#11387,#3618);
#3135=LINE('',#11389,#3619);
#3136=LINE('',#11391,#3620);
#3137=LINE('',#11393,#3621);
#3138=LINE('',#11397,#3622);
#3139=LINE('',#11401,#3623);
#3140=LINE('',#11403,#3624);
#3141=LINE('',#11405,#3625);
#3142=LINE('',#11407,#3626);
#3143=LINE('',#11409,#3627);
#3144=LINE('',#11413,#3628);
#3145=LINE('',#11417,#3629);
#3146=LINE('',#11420,#3630);
#3147=LINE('',#11421,#3631);
#3148=LINE('',#11423,#3632);
#3149=LINE('',#11425,#3633);
#3150=LINE('',#11428,#3634);
#3151=LINE('',#11429,#3635);
#3152=LINE('',#11431,#3636);
#3153=LINE('',#11433,#3637);
#3154=LINE('',#11436,#3638);
#3155=LINE('',#11440,#3639);
#3156=LINE('',#11442,#3640);
#3157=LINE('',#11443,#3641);
#3158=LINE('',#11446,#3642);
#3159=LINE('',#11450,#3643);
#3160=LINE('',#11452,#3644);
#3161=LINE('',#11454,#3645);
#3162=LINE('',#11456,#3646);
#3163=LINE('',#11457,#3647);
#3164=LINE('',#11459,#3648);
#3165=LINE('',#11460,#3649);
#3166=LINE('',#11462,#3650);
#3167=LINE('',#11464,#3651);
#3168=LINE('',#11465,#3652);
#3169=LINE('',#11467,#3653);
#3170=LINE('',#11468,#3654);
#3171=LINE('',#11474,#3655);
#3172=LINE('',#11477,#3656);
#3173=LINE('',#11478,#3657);
#3174=LINE('',#11480,#3658);
#3175=LINE('',#11482,#3659);
#3176=LINE('',#11484,#3660);
#3177=LINE('',#11486,#3661);
#3178=LINE('',#11488,#3662);
#3179=LINE('',#11490,#3663);
#3180=LINE('',#11492,#3664);
#3181=LINE('',#11495,#3665);
#3182=LINE('',#11496,#3666);
#3183=LINE('',#11498,#3667);
#3184=LINE('',#11499,#3668);
#3185=LINE('',#11502,#3669);
#3186=LINE('',#11503,#3670);
#3187=LINE('',#11506,#3671);
#3188=LINE('',#11508,#3672);
#3189=LINE('',#11511,#3673);
#3190=LINE('',#11513,#3674);
#3191=VECTOR('',#6579,1000.);
#3192=VECTOR('',#6580,1000.);
#3193=VECTOR('',#6583,1000.);
#3194=VECTOR('',#6586,1000.);
#3195=VECTOR('',#6589,1000.);
#3196=VECTOR('',#6592,1000.);
#3197=VECTOR('',#6593,1000.);
#3198=VECTOR('',#6594,1000.);
#3199=VECTOR('',#6595,1000.);
#3200=VECTOR('',#6596,1000.);
#3201=VECTOR('',#6597,1000.);
#3202=VECTOR('',#6598,1000.);
#3203=VECTOR('',#6599,1000.);
#3204=VECTOR('',#6600,1000.);
#3205=VECTOR('',#6601,1000.);
#3206=VECTOR('',#6602,1000.);
#3207=VECTOR('',#6603,1000.);
#3208=VECTOR('',#6606,1000.);
#3209=VECTOR('',#6607,1000.);
#3210=VECTOR('',#6608,1000.);
#3211=VECTOR('',#6609,1000.);
#3212=VECTOR('',#6610,1000.);
#3213=VECTOR('',#6611,1000.);
#3214=VECTOR('',#6612,1000.);
#3215=VECTOR('',#6615,1000.);
#3216=VECTOR('',#6616,1000.);
#3217=VECTOR('',#6617,1000.);
#3218=VECTOR('',#6618,1000.);
#3219=VECTOR('',#6619,1000.);
#3220=VECTOR('',#6620,1000.);
#3221=VECTOR('',#6621,1000.);
#3222=VECTOR('',#6622,1000.);
#3223=VECTOR('',#6623,1000.);
#3224=VECTOR('',#6624,1000.);
#3225=VECTOR('',#6625,1000.);
#3226=VECTOR('',#6626,1000.);
#3227=VECTOR('',#6627,1000.);
#3228=VECTOR('',#6628,1000.);
#3229=VECTOR('',#6629,1000.);
#3230=VECTOR('',#6630,1000.);
#3231=VECTOR('',#6631,1000.);
#3232=VECTOR('',#6632,1000.);
#3233=VECTOR('',#6633,1000.);
#3234=VECTOR('',#6634,1000.);
#3235=VECTOR('',#6635,1000.);
#3236=VECTOR('',#6636,1000.);
#3237=VECTOR('',#6637,1000.);
#3238=VECTOR('',#6638,1000.);
#3239=VECTOR('',#6639,1000.);
#3240=VECTOR('',#6640,1000.);
#3241=VECTOR('',#6641,1000.);
#3242=VECTOR('',#6642,1000.);
#3243=VECTOR('',#6643,1000.);
#3244=VECTOR('',#6644,1000.);
#3245=VECTOR('',#6645,1000.);
#3246=VECTOR('',#6646,1000.);
#3247=VECTOR('',#6649,1000.);
#3248=VECTOR('',#6650,1000.);
#3249=VECTOR('',#6651,1000.);
#3250=VECTOR('',#6652,1000.);
#3251=VECTOR('',#6653,1000.);
#3252=VECTOR('',#6654,1000.);
#3253=VECTOR('',#6655,1000.);
#3254=VECTOR('',#6656,1000.);
#3255=VECTOR('',#6657,1000.);
#3256=VECTOR('',#6658,1000.);
#3257=VECTOR('',#6659,1000.);
#3258=VECTOR('',#6660,1000.);
#3259=VECTOR('',#6661,1000.);
#3260=VECTOR('',#6662,1000.);
#3261=VECTOR('',#6663,1000.);
#3262=VECTOR('',#6664,1000.);
#3263=VECTOR('',#6665,1000.);
#3264=VECTOR('',#6666,1000.);
#3265=VECTOR('',#6667,1000.);
#3266=VECTOR('',#6668,1000.);
#3267=VECTOR('',#6669,1000.);
#3268=VECTOR('',#6670,1000.);
#3269=VECTOR('',#6671,1000.);
#3270=VECTOR('',#6672,1000.);
#3271=VECTOR('',#6673,1000.);
#3272=VECTOR('',#6674,1000.);
#3273=VECTOR('',#6675,1000.);
#3274=VECTOR('',#6676,1000.);
#3275=VECTOR('',#6679,1000.);
#3276=VECTOR('',#6682,1000.);
#3277=VECTOR('',#6685,1000.);
#3278=VECTOR('',#6688,1000.);
#3279=VECTOR('',#6691,1000.);
#3280=VECTOR('',#6694,1000.);
#3281=VECTOR('',#6697,1000.);
#3282=VECTOR('',#6700,1000.);
#3283=VECTOR('',#6705,1000.);
#3284=VECTOR('',#6706,1000.);
#3285=VECTOR('',#6707,1000.);
#3286=VECTOR('',#6708,1000.);
#3287=VECTOR('',#6709,1000.);
#3288=VECTOR('',#6710,1000.);
#3289=VECTOR('',#6711,1000.);
#3290=VECTOR('',#6714,1000.);
#3291=VECTOR('',#6715,1000.);
#3292=VECTOR('',#6716,1000.);
#3293=VECTOR('',#6717,1000.);
#3294=VECTOR('',#6718,1000.);
#3295=VECTOR('',#6719,1000.);
#3296=VECTOR('',#6720,1000.);
#3297=VECTOR('',#6725,1000.);
#3298=VECTOR('',#6728,1000.);
#3299=VECTOR('',#6731,1000.);
#3300=VECTOR('',#6734,1000.);
#3301=VECTOR('',#6739,1000.);
#3302=VECTOR('',#6744,1000.);
#3303=VECTOR('',#6749,1000.);
#3304=VECTOR('',#6754,1000.);
#3305=VECTOR('',#6757,1000.);
#3306=VECTOR('',#6760,1000.);
#3307=VECTOR('',#6765,1000.);
#3308=VECTOR('',#6766,1000.);
#3309=VECTOR('',#6769,1000.);
#3310=VECTOR('',#6770,1000.);
#3311=VECTOR('',#6773,1000.);
#3312=VECTOR('',#6774,1000.);
#3313=VECTOR('',#6775,1000.);
#3314=VECTOR('',#6778,1000.);
#3315=VECTOR('',#6779,1000.);
#3316=VECTOR('',#6780,1000.);
#3317=VECTOR('',#6785,1000.);
#3318=VECTOR('',#6788,1000.);
#3319=VECTOR('',#6789,1000.);
#3320=VECTOR('',#6792,1000.);
#3321=VECTOR('',#6793,1000.);
#3322=VECTOR('',#6794,1000.);
#3323=VECTOR('',#6797,1000.);
#3324=VECTOR('',#6798,1000.);
#3325=VECTOR('',#6799,1000.);
#3326=VECTOR('',#6802,1000.);
#3327=VECTOR('',#6803,1000.);
#3328=VECTOR('',#6804,1000.);
#3329=VECTOR('',#6809,1000.);
#3330=VECTOR('',#6812,1000.);
#3331=VECTOR('',#6813,1000.);
#3332=VECTOR('',#6822,1000.);
#3333=VECTOR('',#6823,1000.);
#3334=VECTOR('',#6824,1000.);
#3335=VECTOR('',#6871,1000.);
#3336=VECTOR('',#6874,1000.);
#3337=VECTOR('',#6877,1000.);
#3338=VECTOR('',#6878,1000.);
#3339=VECTOR('',#6883,1000.);
#3340=VECTOR('',#6886,1000.);
#3341=VECTOR('',#6887,1000.);
#3342=VECTOR('',#6892,1000.);
#3343=VECTOR('',#6895,1000.);
#3344=VECTOR('',#6896,1000.);
#3345=VECTOR('',#6901,1000.);
#3346=VECTOR('',#6904,1000.);
#3347=VECTOR('',#6907,1000.);
#3348=VECTOR('',#6910,1000.);
#3349=VECTOR('',#6911,1000.);
#3350=VECTOR('',#6916,1000.);
#3351=VECTOR('',#6919,1000.);
#3352=VECTOR('',#6920,1000.);
#3353=VECTOR('',#6925,1000.);
#3354=VECTOR('',#6928,1000.);
#3355=VECTOR('',#6929,1000.);
#3356=VECTOR('',#6934,1000.);
#3357=VECTOR('',#6937,1000.);
#3358=VECTOR('',#6940,1000.);
#3359=VECTOR('',#6945,1000.);
#3360=VECTOR('',#6946,1000.);
#3361=VECTOR('',#6947,1000.);
#3362=VECTOR('',#6950,1000.);
#3363=VECTOR('',#6951,1000.);
#3364=VECTOR('',#6954,1000.);
#3365=VECTOR('',#6955,1000.);
#3366=VECTOR('',#6958,1000.);
#3367=VECTOR('',#6959,1000.);
#3368=VECTOR('',#6962,1000.);
#3369=VECTOR('',#6963,1000.);
#3370=VECTOR('',#6966,1000.);
#3371=VECTOR('',#6967,1000.);
#3372=VECTOR('',#6970,1000.);
#3373=VECTOR('',#6971,1000.);
#3374=VECTOR('',#6974,1000.);
#3375=VECTOR('',#6975,1000.);
#3376=VECTOR('',#6976,1000.);
#3377=VECTOR('',#6979,1000.);
#3378=VECTOR('',#6980,1000.);
#3379=VECTOR('',#6981,1000.);
#3380=VECTOR('',#6984,1000.);
#3381=VECTOR('',#6987,1000.);
#3382=VECTOR('',#6988,1000.);
#3383=VECTOR('',#6991,1000.);
#3384=VECTOR('',#6992,1000.);
#3385=VECTOR('',#6993,1000.);
#3386=VECTOR('',#6994,1000.);
#3387=VECTOR('',#6999,1000.);
#3388=VECTOR('',#7002,1000.);
#3389=VECTOR('',#7003,1000.);
#3390=VECTOR('',#7006,1000.);
#3391=VECTOR('',#7007,1000.);
#3392=VECTOR('',#7014,1000.);
#3393=VECTOR('',#7015,1000.);
#3394=VECTOR('',#7016,1000.);
#3395=VECTOR('',#7019,1000.);
#3396=VECTOR('',#7020,1000.);
#3397=VECTOR('',#7023,1000.);
#3398=VECTOR('',#7024,1000.);
#3399=VECTOR('',#7027,1000.);
#3400=VECTOR('',#7028,1000.);
#3401=VECTOR('',#7031,1000.);
#3402=VECTOR('',#7032,1000.);
#3403=VECTOR('',#7033,1000.);
#3404=VECTOR('',#7034,1000.);
#3405=VECTOR('',#7037,1000.);
#3406=VECTOR('',#7038,1000.);
#3407=VECTOR('',#7039,1000.);
#3408=VECTOR('',#7048,1000.);
#3409=VECTOR('',#7049,1000.);
#3410=VECTOR('',#7052,1000.);
#3411=VECTOR('',#7053,1000.);
#3412=VECTOR('',#7054,1000.);
#3413=VECTOR('',#7057,1000.);
#3414=VECTOR('',#7060,1000.);
#3415=VECTOR('',#7061,1000.);
#3416=VECTOR('',#7064,1000.);
#3417=VECTOR('',#7065,1000.);
#3418=VECTOR('',#7066,1000.);
#3419=VECTOR('',#7067,1000.);
#3420=VECTOR('',#7072,1000.);
#3421=VECTOR('',#7075,1000.);
#3422=VECTOR('',#7076,1000.);
#3423=VECTOR('',#7079,1000.);
#3424=VECTOR('',#7080,1000.);
#3425=VECTOR('',#7087,1000.);
#3426=VECTOR('',#7088,1000.);
#3427=VECTOR('',#7089,1000.);
#3428=VECTOR('',#7090,1000.);
#3429=VECTOR('',#7093,1000.);
#3430=VECTOR('',#7094,1000.);
#3431=VECTOR('',#7095,1000.);
#3432=VECTOR('',#7098,1000.);
#3433=VECTOR('',#7099,1000.);
#3434=VECTOR('',#7100,1000.);
#3435=VECTOR('',#7101,1000.);
#3436=VECTOR('',#7102,1000.);
#3437=VECTOR('',#7103,1000.);
#3438=VECTOR('',#7106,1000.);
#3439=VECTOR('',#7107,1000.);
#3440=VECTOR('',#7108,1000.);
#3441=VECTOR('',#7115,1000.);
#3442=VECTOR('',#7116,1000.);
#3443=VECTOR('',#7117,1000.);
#3444=VECTOR('',#7118,1000.);
#3445=VECTOR('',#7119,1000.);
#3446=VECTOR('',#7120,1000.);
#3447=VECTOR('',#7123,1000.);
#3448=VECTOR('',#7124,1000.);
#3449=VECTOR('',#7125,1000.);
#3450=VECTOR('',#7128,1000.);
#3451=VECTOR('',#7135,1000.);
#3452=VECTOR('',#7136,1000.);
#3453=VECTOR('',#7137,1000.);
#3454=VECTOR('',#7140,1000.);
#3455=VECTOR('',#7141,1000.);
#3456=VECTOR('',#7144,1000.);
#3457=VECTOR('',#7145,1000.);
#3458=VECTOR('',#7148,1000.);
#3459=VECTOR('',#7149,1000.);
#3460=VECTOR('',#7152,1000.);
#3461=VECTOR('',#7153,1000.);
#3462=VECTOR('',#7156,1000.);
#3463=VECTOR('',#7157,1000.);
#3464=VECTOR('',#7160,1000.);
#3465=VECTOR('',#7161,1000.);
#3466=VECTOR('',#7164,1000.);
#3467=VECTOR('',#7165,1000.);
#3468=VECTOR('',#7168,1000.);
#3469=VECTOR('',#7169,1000.);
#3470=VECTOR('',#7172,1000.);
#3471=VECTOR('',#7173,1000.);
#3472=VECTOR('',#7176,1000.);
#3473=VECTOR('',#7177,1000.);
#3474=VECTOR('',#7180,1000.);
#3475=VECTOR('',#7185,1000.);
#3476=VECTOR('',#7186,1000.);
#3477=VECTOR('',#7187,1000.);
#3478=VECTOR('',#7190,1000.);
#3479=VECTOR('',#7191,1000.);
#3480=VECTOR('',#7194,1000.);
#3481=VECTOR('',#7195,1000.);
#3482=VECTOR('',#7198,1000.);
#3483=VECTOR('',#7199,1000.);
#3484=VECTOR('',#7202,1000.);
#3485=VECTOR('',#7203,1000.);
#3486=VECTOR('',#7206,1000.);
#3487=VECTOR('',#7207,1000.);
#3488=VECTOR('',#7210,1000.);
#3489=VECTOR('',#7211,1000.);
#3490=VECTOR('',#7214,1000.);
#3491=VECTOR('',#7215,1000.);
#3492=VECTOR('',#7218,1000.);
#3493=VECTOR('',#7219,1000.);
#3494=VECTOR('',#7222,1000.);
#3495=VECTOR('',#7223,1000.);
#3496=VECTOR('',#7226,1000.);
#3497=VECTOR('',#7227,1000.);
#3498=VECTOR('',#7230,1000.);
#3499=VECTOR('',#7235,1000.);
#3500=VECTOR('',#7236,1000.);
#3501=VECTOR('',#7237,1000.);
#3502=VECTOR('',#7238,1000.);
#3503=VECTOR('',#7243,1000.);
#3504=VECTOR('',#7246,1000.);
#3505=VECTOR('',#7247,1000.);
#3506=VECTOR('',#7250,1000.);
#3507=VECTOR('',#7251,1000.);
#3508=VECTOR('',#7252,1000.);
#3509=VECTOR('',#7253,1000.);
#3510=VECTOR('',#7256,1000.);
#3511=VECTOR('',#7263,1000.);
#3512=VECTOR('',#7264,1000.);
#3513=VECTOR('',#7265,1000.);
#3514=VECTOR('',#7268,1000.);
#3515=VECTOR('',#7269,1000.);
#3516=VECTOR('',#7272,1000.);
#3517=VECTOR('',#7273,1000.);
#3518=VECTOR('',#7276,1000.);
#3519=VECTOR('',#7277,1000.);
#3520=VECTOR('',#7280,1000.);
#3521=VECTOR('',#7281,1000.);
#3522=VECTOR('',#7284,1000.);
#3523=VECTOR('',#7285,1000.);
#3524=VECTOR('',#7288,1000.);
#3525=VECTOR('',#7289,1000.);
#3526=VECTOR('',#7292,1000.);
#3527=VECTOR('',#7293,1000.);
#3528=VECTOR('',#7296,1000.);
#3529=VECTOR('',#7297,1000.);
#3530=VECTOR('',#7300,1000.);
#3531=VECTOR('',#7301,1000.);
#3532=VECTOR('',#7304,1000.);
#3533=VECTOR('',#7305,1000.);
#3534=VECTOR('',#7308,1000.);
#3535=VECTOR('',#7313,1000.);
#3536=VECTOR('',#7314,1000.);
#3537=VECTOR('',#7315,1000.);
#3538=VECTOR('',#7318,1000.);
#3539=VECTOR('',#7319,1000.);
#3540=VECTOR('',#7322,1000.);
#3541=VECTOR('',#7323,1000.);
#3542=VECTOR('',#7326,1000.);
#3543=VECTOR('',#7327,1000.);
#3544=VECTOR('',#7330,1000.);
#3545=VECTOR('',#7331,1000.);
#3546=VECTOR('',#7334,1000.);
#3547=VECTOR('',#7335,1000.);
#3548=VECTOR('',#7338,1000.);
#3549=VECTOR('',#7339,1000.);
#3550=VECTOR('',#7342,1000.);
#3551=VECTOR('',#7343,1000.);
#3552=VECTOR('',#7346,1000.);
#3553=VECTOR('',#7347,1000.);
#3554=VECTOR('',#7350,1000.);
#3555=VECTOR('',#7351,1000.);
#3556=VECTOR('',#7354,1000.);
#3557=VECTOR('',#7355,1000.);
#3558=VECTOR('',#7358,1000.);
#3559=VECTOR('',#7359,1000.);
#3560=VECTOR('',#7362,1000.);
#3561=VECTOR('',#7363,1000.);
#3562=VECTOR('',#7366,1000.);
#3563=VECTOR('',#7367,1000.);
#3564=VECTOR('',#7370,1000.);
#3565=VECTOR('',#7377,1000.);
#3566=VECTOR('',#7378,1000.);
#3567=VECTOR('',#7381,1000.);
#3568=VECTOR('',#7382,1000.);
#3569=VECTOR('',#7385,1000.);
#3570=VECTOR('',#7386,1000.);
#3571=VECTOR('',#7389,1000.);
#3572=VECTOR('',#7392,1000.);
#3573=VECTOR('',#7393,1000.);
#3574=VECTOR('',#7394,1000.);
#3575=VECTOR('',#7397,1000.);
#3576=VECTOR('',#7400,1000.);
#3577=VECTOR('',#7401,1000.);
#3578=VECTOR('',#7402,1000.);
#3579=VECTOR('',#7403,1000.);
#3580=VECTOR('',#7406,1000.);
#3581=VECTOR('',#7407,1000.);
#3582=VECTOR('',#7408,1000.);
#3583=VECTOR('',#7411,1000.);
#3584=VECTOR('',#7414,1000.);
#3585=VECTOR('',#7415,1000.);
#3586=VECTOR('',#7416,1000.);
#3587=VECTOR('',#7419,1000.);
#3588=VECTOR('',#7422,1000.);
#3589=VECTOR('',#7441,1000.);
#3590=VECTOR('',#7442,1000.);
#3591=VECTOR('',#7445,1000.);
#3592=VECTOR('',#7448,1000.);
#3593=VECTOR('',#7449,1000.);
#3594=VECTOR('',#7450,1000.);
#3595=VECTOR('',#7453,1000.);
#3596=VECTOR('',#7456,1000.);
#3597=VECTOR('',#7457,1000.);
#3598=VECTOR('',#7458,1000.);
#3599=VECTOR('',#7459,1000.);
#3600=VECTOR('',#7462,1000.);
#3601=VECTOR('',#7465,1000.);
#3602=VECTOR('',#7468,1000.);
#3603=VECTOR('',#7469,1000.);
#3604=VECTOR('',#7470,1000.);
#3605=VECTOR('',#7473,1000.);
#3606=VECTOR('',#7476,1000.);
#3607=VECTOR('',#7477,1000.);
#3608=VECTOR('',#7478,1000.);
#3609=VECTOR('',#7503,1000.);
#3610=VECTOR('',#7504,1000.);
#3611=VECTOR('',#7505,1000.);
#3612=VECTOR('',#7506,1000.);
#3613=VECTOR('',#7509,1000.);
#3614=VECTOR('',#7510,1000.);
#3615=VECTOR('',#7511,1000.);
#3616=VECTOR('',#7512,1000.);
#3617=VECTOR('',#7515,1000.);
#3618=VECTOR('',#7516,1000.);
#3619=VECTOR('',#7517,1000.);
#3620=VECTOR('',#7518,1000.);
#3621=VECTOR('',#7519,1000.);
#3622=VECTOR('',#7522,1000.);
#3623=VECTOR('',#7525,1000.);
#3624=VECTOR('',#7526,1000.);
#3625=VECTOR('',#7527,1000.);
#3626=VECTOR('',#7528,1000.);
#3627=VECTOR('',#7529,1000.);
#3628=VECTOR('',#7532,1000.);
#3629=VECTOR('',#7537,1000.);
#3630=VECTOR('',#7538,1000.);
#3631=VECTOR('',#7539,1000.);
#3632=VECTOR('',#7540,1000.);
#3633=VECTOR('',#7543,1000.);
#3634=VECTOR('',#7544,1000.);
#3635=VECTOR('',#7545,1000.);
#3636=VECTOR('',#7546,1000.);
#3637=VECTOR('',#7549,1000.);
#3638=VECTOR('',#7552,1000.);
#3639=VECTOR('',#7555,1000.);
#3640=VECTOR('',#7556,1000.);
#3641=VECTOR('',#7557,1000.);
#3642=VECTOR('',#7560,1000.);
#3643=VECTOR('',#7563,1000.);
#3644=VECTOR('',#7564,1000.);
#3645=VECTOR('',#7567,1000.);
#3646=VECTOR('',#7568,1000.);
#3647=VECTOR('',#7569,1000.);
#3648=VECTOR('',#7572,1000.);
#3649=VECTOR('',#7573,1000.);
#3650=VECTOR('',#7576,1000.);
#3651=VECTOR('',#7577,1000.);
#3652=VECTOR('',#7578,1000.);
#3653=VECTOR('',#7581,1000.);
#3654=VECTOR('',#7582,1000.);
#3655=VECTOR('',#7593,1000.);
#3656=VECTOR('',#7594,1000.);
#3657=VECTOR('',#7595,1000.);
#3658=VECTOR('',#7598,1000.);
#3659=VECTOR('',#7599,1000.);
#3660=VECTOR('',#7600,1000.);
#3661=VECTOR('',#7603,1000.);
#3662=VECTOR('',#7604,1000.);
#3663=VECTOR('',#7605,1000.);
#3664=VECTOR('',#7608,1000.);
#3665=VECTOR('',#7609,1000.);
#3666=VECTOR('',#7610,1000.);
#3667=VECTOR('',#7613,1000.);
#3668=VECTOR('',#7614,1000.);
#3669=VECTOR('',#7619,1000.);
#3670=VECTOR('',#7620,1000.);
#3671=VECTOR('',#7625,1000.);
#3672=VECTOR('',#7628,1000.);
#3673=VECTOR('',#7633,1000.);
#3674=VECTOR('',#7636,1000.);
#3675=EDGE_LOOP('',(#299,#300,#301,#302));
#3676=EDGE_LOOP('',(#303));
#3677=EDGE_LOOP('',(#304,#305,#306,#307,#308,#309,#310,#311));
#3678=EDGE_LOOP('',(#312,#313,#314,#315,#316,#317,#318,#319,#320,#321,#322,
#323));
#3679=EDGE_LOOP('',(#324,#325,#326,#327,#328));
#3680=EDGE_LOOP('',(#329,#330,#331,#332,#333,#334));
#3681=EDGE_LOOP('',(#335,#336,#337,#338,#339));
#3682=EDGE_LOOP('',(#340,#341,#342,#343,#344,#345,#346,#347));
#3683=EDGE_LOOP('',(#348,#349,#350));
#3684=EDGE_LOOP('',(#351,#352,#353,#354,#355,#356,#357,#358,#359,#360,#361,
#362));
#3685=EDGE_LOOP('',(#363,#364,#365,#366,#367,#368,#369,#370,#371,#372,#373,
#374));
#3686=EDGE_LOOP('',(#375,#376,#377,#378,#379));
#3687=EDGE_LOOP('',(#380,#381,#382,#383,#384,#385,#386,#387,#388,#389,#390,
#391));
#3688=EDGE_LOOP('',(#392,#393,#394,#395,#396,#397,#398,#399,#400,#401,#402,
#403,#404,#405,#406));
#3689=EDGE_LOOP('',(#407,#408,#409,#410,#411,#412,#413,#414));
#3690=EDGE_LOOP('',(#415,#416,#417,#418,#419,#420,#421,#422));
#3691=EDGE_LOOP('',(#423,#424,#425,#426,#427,#428,#429,#430));
#3692=EDGE_LOOP('',(#431,#432,#433,#434,#435,#436,#437,#438));
#3693=EDGE_LOOP('',(#439,#440,#441,#442,#443,#444,#445,#446,#447,#448,#449,
#450,#451,#452));
#3694=EDGE_LOOP('',(#453,#454,#455,#456,#457,#458,#459,#460,#461,#462,#463,
#464,#465,#466));
#3695=EDGE_LOOP('',(#467,#468,#469,#470));
#3696=EDGE_LOOP('',(#471,#472,#473,#474));
#3697=EDGE_LOOP('',(#475,#476,#477,#478));
#3698=EDGE_LOOP('',(#479,#480,#481,#482));
#3699=EDGE_LOOP('',(#483,#484,#485,#486));
#3700=EDGE_LOOP('',(#487,#488,#489,#490));
#3701=EDGE_LOOP('',(#491,#492,#493,#494));
#3702=EDGE_LOOP('',(#495,#496,#497,#498));
#3703=EDGE_LOOP('',(#499,#500,#501,#502));
#3704=EDGE_LOOP('',(#503,#504,#505,#506));
#3705=EDGE_LOOP('',(#507,#508,#509,#510));
#3706=EDGE_LOOP('',(#511));
#3707=EDGE_LOOP('',(#512));
#3708=EDGE_LOOP('',(#513,#514,#515,#516));
#3709=EDGE_LOOP('',(#517));
#3710=EDGE_LOOP('',(#518,#519,#520,#521,#522,#523,#524,#525,#526,#527,#528,
#529,#530,#531,#532,#533,#534,#535,#536,#537));
#3711=EDGE_LOOP('',(#538));
#3712=EDGE_LOOP('',(#539,#540,#541,#542));
#3713=EDGE_LOOP('',(#543,#544,#545,#546));
#3714=EDGE_LOOP('',(#547,#548,#549,#550));
#3715=EDGE_LOOP('',(#551,#552,#553,#554));
#3716=EDGE_LOOP('',(#555,#556,#557,#558));
#3717=EDGE_LOOP('',(#559,#560,#561,#562));
#3718=EDGE_LOOP('',(#563,#564,#565,#566));
#3719=EDGE_LOOP('',(#567,#568,#569,#570));
#3720=EDGE_LOOP('',(#571,#572,#573,#574));
#3721=EDGE_LOOP('',(#575,#576,#577,#578));
#3722=EDGE_LOOP('',(#579,#580,#581,#582));
#3723=EDGE_LOOP('',(#583,#584,#585,#586));
#3724=EDGE_LOOP('',(#587,#588,#589,#590));
#3725=EDGE_LOOP('',(#591,#592,#593,#594));
#3726=EDGE_LOOP('',(#595,#596,#597,#598));
#3727=EDGE_LOOP('',(#599,#600,#601,#602));
#3728=EDGE_LOOP('',(#603,#604,#605,#606));
#3729=EDGE_LOOP('',(#607,#608,#609,#610));
#3730=EDGE_LOOP('',(#611,#612,#613,#614));
#3731=EDGE_LOOP('',(#615,#616,#617,#618));
#3732=EDGE_LOOP('',(#619,#620,#621,#622));
#3733=EDGE_LOOP('',(#623,#624,#625,#626));
#3734=EDGE_LOOP('',(#627,#628,#629,#630));
#3735=EDGE_LOOP('',(#631,#632,#633,#634));
#3736=EDGE_LOOP('',(#635,#636,#637,#638));
#3737=EDGE_LOOP('',(#639,#640,#641,#642));
#3738=EDGE_LOOP('',(#643,#644,#645,#646));
#3739=EDGE_LOOP('',(#647,#648,#649,#650));
#3740=EDGE_LOOP('',(#651,#652,#653,#654,#655,#656,#657,#658));
#3741=EDGE_LOOP('',(#659,#660,#661,#662,#663,#664,#665,#666));
#3742=EDGE_LOOP('',(#667,#668,#669,#670));
#3743=EDGE_LOOP('',(#671,#672,#673,#674));
#3744=EDGE_LOOP('',(#675,#676,#677,#678));
#3745=EDGE_LOOP('',(#679,#680,#681,#682));
#3746=EDGE_LOOP('',(#683,#684,#685,#686));
#3747=EDGE_LOOP('',(#687,#688,#689,#690));
#3748=EDGE_LOOP('',(#691,#692,#693,#694));
#3749=EDGE_LOOP('',(#695,#696,#697,#698));
#3750=EDGE_LOOP('',(#699,#700,#701,#702));
#3751=EDGE_LOOP('',(#703,#704,#705,#706));
#3752=EDGE_LOOP('',(#707,#708,#709,#710));
#3753=EDGE_LOOP('',(#711,#712,#713,#714));
#3754=EDGE_LOOP('',(#715,#716,#717,#718,#719,#720,#721,#722,#723,#724,#725,
#726));
#3755=EDGE_LOOP('',(#727,#728,#729,#730));
#3756=EDGE_LOOP('',(#731,#732,#733,#734));
#3757=EDGE_LOOP('',(#735,#736,#737,#738));
#3758=EDGE_LOOP('',(#739,#740,#741,#742));
#3759=EDGE_LOOP('',(#743,#744,#745,#746));
#3760=EDGE_LOOP('',(#747,#748,#749,#750));
#3761=EDGE_LOOP('',(#751,#752,#753,#754));
#3762=EDGE_LOOP('',(#755,#756,#757,#758,#759));
#3763=EDGE_LOOP('',(#760,#761));
#3764=EDGE_LOOP('',(#762,#763));
#3765=EDGE_LOOP('',(#764,#765,#766,#767));
#3766=EDGE_LOOP('',(#768,#769,#770,#771));
#3767=EDGE_LOOP('',(#772,#773,#774,#775));
#3768=EDGE_LOOP('',(#776,#777,#778,#779));
#3769=EDGE_LOOP('',(#780,#781,#782,#783));
#3770=EDGE_LOOP('',(#784,#785,#786,#787));
#3771=EDGE_LOOP('',(#788,#789,#790,#791));
#3772=EDGE_LOOP('',(#792,#793,#794,#795));
#3773=EDGE_LOOP('',(#796,#797,#798,#799));
#3774=EDGE_LOOP('',(#800,#801,#802));
#3775=EDGE_LOOP('',(#803,#804,#805,#806,#807,#808));
#3776=EDGE_LOOP('',(#809,#810,#811));
#3777=EDGE_LOOP('',(#812));
#3778=EDGE_LOOP('',(#813));
#3779=EDGE_LOOP('',(#814));
#3780=EDGE_LOOP('',(#815));
#3781=EDGE_LOOP('',(#816));
#3782=EDGE_LOOP('',(#817));
#3783=EDGE_LOOP('',(#818));
#3784=EDGE_LOOP('',(#819,#820,#821,#822));
#3785=EDGE_LOOP('',(#823,#824,#825,#826));
#3786=EDGE_LOOP('',(#827,#828,#829,#830));
#3787=EDGE_LOOP('',(#831,#832,#833,#834));
#3788=EDGE_LOOP('',(#835,#836,#837,#838));
#3789=EDGE_LOOP('',(#839,#840,#841,#842));
#3790=EDGE_LOOP('',(#843,#844,#845,#846));
#3791=EDGE_LOOP('',(#847,#848,#849,#850));
#3792=EDGE_LOOP('',(#851,#852,#853,#854));
#3793=EDGE_LOOP('',(#855,#856,#857,#858));
#3794=EDGE_LOOP('',(#859,#860,#861,#862));
#3795=EDGE_LOOP('',(#863,#864,#865,#866));
#3796=EDGE_LOOP('',(#867,#868,#869,#870,#871));
#3797=EDGE_LOOP('',(#872,#873));
#3798=EDGE_LOOP('',(#874,#875));
#3799=EDGE_LOOP('',(#876,#877,#878,#879));
#3800=EDGE_LOOP('',(#880,#881,#882,#883));
#3801=EDGE_LOOP('',(#884,#885,#886,#887));
#3802=EDGE_LOOP('',(#888,#889,#890,#891));
#3803=EDGE_LOOP('',(#892,#893,#894,#895));
#3804=EDGE_LOOP('',(#896,#897,#898,#899));
#3805=EDGE_LOOP('',(#900,#901,#902,#903));
#3806=EDGE_LOOP('',(#904,#905,#906,#907));
#3807=EDGE_LOOP('',(#908,#909,#910,#911));
#3808=EDGE_LOOP('',(#912,#913,#914,#915));
#3809=EDGE_LOOP('',(#916,#917,#918,#919));
#3810=EDGE_LOOP('',(#920,#921,#922));
#3811=EDGE_LOOP('',(#923,#924,#925,#926,#927,#928,#929,#930));
#3812=EDGE_LOOP('',(#931,#932,#933));
#3813=EDGE_LOOP('',(#934,#935,#936,#937));
#3814=EDGE_LOOP('',(#938,#939,#940,#941));
#3815=EDGE_LOOP('',(#942,#943,#944,#945));
#3816=EDGE_LOOP('',(#946,#947,#948,#949));
#3817=EDGE_LOOP('',(#950,#951,#952,#953));
#3818=EDGE_LOOP('',(#954,#955,#956,#957));
#3819=EDGE_LOOP('',(#958,#959,#960));
#3820=EDGE_LOOP('',(#961,#962,#963));
#3821=EDGE_LOOP('',(#964,#965,#966));
#3822=EDGE_LOOP('',(#967,#968,#969,#970));
#3823=EDGE_LOOP('',(#971,#972,#973,#974));
#3824=EDGE_LOOP('',(#975,#976,#977,#978));
#3825=EDGE_LOOP('',(#979,#980,#981,#982));
#3826=EDGE_LOOP('',(#983,#984,#985,#986));
#3827=EDGE_LOOP('',(#987,#988,#989,#990));
#3828=EDGE_LOOP('',(#991,#992,#993,#994));
#3829=EDGE_LOOP('',(#995,#996,#997,#998));
#3830=EDGE_LOOP('',(#999,#1000,#1001,#1002));
#3831=EDGE_LOOP('',(#1003,#1004,#1005,#1006));
#3832=EDGE_LOOP('',(#1007,#1008,#1009,#1010));
#3833=EDGE_LOOP('',(#1011,#1012,#1013,#1014));
#3834=EDGE_LOOP('',(#1015,#1016,#1017,#1018,#1019,#1020,#1021,#1022,#1023,
#1024,#1025,#1026));
#3835=EDGE_LOOP('',(#1027,#1028,#1029,#1030));
#3836=EDGE_LOOP('',(#1031,#1032,#1033,#1034));
#3837=EDGE_LOOP('',(#1035,#1036,#1037,#1038));
#3838=EDGE_LOOP('',(#1039,#1040,#1041,#1042));
#3839=EDGE_LOOP('',(#1043,#1044,#1045,#1046));
#3840=EDGE_LOOP('',(#1047,#1048,#1049,#1050));
#3841=EDGE_LOOP('',(#1051,#1052,#1053,#1054));
#3842=EDGE_LOOP('',(#1055,#1056,#1057,#1058));
#3843=EDGE_LOOP('',(#1059,#1060,#1061,#1062));
#3844=EDGE_LOOP('',(#1063,#1064,#1065,#1066));
#3845=EDGE_LOOP('',(#1067,#1068,#1069,#1070));
#3846=EDGE_LOOP('',(#1071,#1072,#1073,#1074));
#3847=EDGE_LOOP('',(#1075,#1076,#1077,#1078,#1079,#1080,#1081,#1082,#1083,
#1084,#1085,#1086));
#3848=EDGE_LOOP('',(#1087,#1088,#1089,#1090));
#3849=EDGE_LOOP('',(#1091,#1092,#1093,#1094));
#3850=EDGE_LOOP('',(#1095,#1096,#1097,#1098));
#3851=EDGE_LOOP('',(#1099,#1100,#1101,#1102));
#3852=EDGE_LOOP('',(#1103,#1104,#1105,#1106));
#3853=EDGE_LOOP('',(#1107,#1108,#1109,#1110));
#3854=EDGE_LOOP('',(#1111,#1112,#1113,#1114));
#3855=EDGE_LOOP('',(#1115,#1116));
#3856=EDGE_LOOP('',(#1117,#1118,#1119,#1120,#1121));
#3857=EDGE_LOOP('',(#1122,#1123));
#3858=EDGE_LOOP('',(#1124,#1125,#1126,#1127));
#3859=EDGE_LOOP('',(#1128,#1129,#1130,#1131));
#3860=EDGE_LOOP('',(#1132,#1133,#1134,#1135));
#3861=EDGE_LOOP('',(#1136,#1137,#1138,#1139));
#3862=EDGE_LOOP('',(#1140,#1141,#1142,#1143));
#3863=EDGE_LOOP('',(#1144,#1145,#1146,#1147));
#3864=EDGE_LOOP('',(#1148,#1149,#1150,#1151));
#3865=EDGE_LOOP('',(#1152,#1153,#1154,#1155));
#3866=EDGE_LOOP('',(#1156,#1157,#1158,#1159));
#3867=EDGE_LOOP('',(#1160,#1161,#1162,#1163));
#3868=EDGE_LOOP('',(#1164,#1165,#1166,#1167));
#3869=EDGE_LOOP('',(#1168,#1169,#1170,#1171));
#3870=EDGE_LOOP('',(#1172,#1173,#1174,#1175,#1176,#1177,#1178,#1179,#1180,
#1181,#1182,#1183));
#3871=EDGE_LOOP('',(#1184,#1185,#1186,#1187));
#3872=EDGE_LOOP('',(#1188,#1189,#1190,#1191));
#3873=EDGE_LOOP('',(#1192,#1193,#1194,#1195));
#3874=EDGE_LOOP('',(#1196,#1197,#1198,#1199));
#3875=EDGE_LOOP('',(#1200,#1201,#1202,#1203));
#3876=EDGE_LOOP('',(#1204,#1205,#1206,#1207));
#3877=EDGE_LOOP('',(#1208,#1209,#1210,#1211));
#3878=EDGE_LOOP('',(#1212,#1213,#1214,#1215));
#3879=EDGE_LOOP('',(#1216,#1217,#1218,#1219));
#3880=EDGE_LOOP('',(#1220,#1221,#1222,#1223));
#3881=EDGE_LOOP('',(#1224,#1225,#1226,#1227));
#3882=EDGE_LOOP('',(#1228,#1229,#1230,#1231));
#3883=EDGE_LOOP('',(#1232,#1233,#1234,#1235));
#3884=EDGE_LOOP('',(#1236,#1237,#1238,#1239));
#3885=EDGE_LOOP('',(#1240,#1241,#1242,#1243));
#3886=EDGE_LOOP('',(#1244,#1245,#1246,#1247,#1248,#1249,#1250,#1251,#1252,
#1253,#1254,#1255,#1256,#1257,#1258));
#3887=EDGE_LOOP('',(#1259,#1260,#1261,#1262));
#3888=EDGE_LOOP('',(#1263,#1264,#1265,#1266));
#3889=EDGE_LOOP('',(#1267,#1268,#1269,#1270));
#3890=EDGE_LOOP('',(#1271,#1272,#1273,#1274));
#3891=EDGE_LOOP('',(#1275,#1276,#1277,#1278,#1279,#1280,#1281,#1282,#1283,
#1284,#1285,#1286,#1287,#1288));
#3892=EDGE_LOOP('',(#1289,#1290,#1291,#1292));
#3893=EDGE_LOOP('',(#1293,#1294,#1295,#1296,#1297,#1298,#1299,#1300,#1301,
#1302,#1303,#1304,#1305,#1306));
#3894=EDGE_LOOP('',(#1307,#1308,#1309,#1310));
#3895=EDGE_LOOP('',(#1311,#1312,#1313,#1314));
#3896=EDGE_LOOP('',(#1315,#1316,#1317,#1318));
#3897=EDGE_LOOP('',(#1319,#1320,#1321,#1322));
#3898=EDGE_LOOP('',(#1323,#1324,#1325,#1326));
#3899=EDGE_LOOP('',(#1327,#1328,#1329,#1330,#1331,#1332,#1333,#1334,#1335,
#1336,#1337,#1338,#1339,#1340));
#3900=EDGE_LOOP('',(#1341,#1342,#1343,#1344));
#3901=EDGE_LOOP('',(#1345,#1346,#1347,#1348,#1349,#1350,#1351,#1352,#1353,
#1354,#1355,#1356,#1357,#1358));
#3902=EDGE_LOOP('',(#1359,#1360,#1361,#1362));
#3903=EDGE_LOOP('',(#1363,#1364,#1365,#1366));
#3904=EDGE_LOOP('',(#1367,#1368,#1369,#1370));
#3905=EDGE_LOOP('',(#1371,#1372,#1373,#1374));
#3906=EDGE_LOOP('',(#1375,#1376,#1377,#1378));
#3907=EDGE_LOOP('',(#1379,#1380,#1381,#1382));
#3908=EDGE_LOOP('',(#1383,#1384,#1385,#1386));
#3909=EDGE_LOOP('',(#1387,#1388,#1389,#1390));
#3910=EDGE_LOOP('',(#1391,#1392,#1393,#1394));
#3911=EDGE_LOOP('',(#1395,#1396,#1397,#1398));
#3912=EDGE_LOOP('',(#1399,#1400,#1401,#1402));
#3913=EDGE_LOOP('',(#1403,#1404,#1405,#1406));
#3914=EDGE_LOOP('',(#1407,#1408,#1409,#1410));
#3915=EDGE_LOOP('',(#1411,#1412,#1413,#1414));
#3916=EDGE_LOOP('',(#1415,#1416,#1417,#1418));
#3917=EDGE_LOOP('',(#1419,#1420,#1421,#1422));
#3918=EDGE_LOOP('',(#1423,#1424,#1425,#1426));
#3919=EDGE_LOOP('',(#1427,#1428,#1429,#1430));
#3920=EDGE_LOOP('',(#1431,#1432,#1433,#1434));
#3921=EDGE_LOOP('',(#1435,#1436,#1437,#1438));
#3922=EDGE_LOOP('',(#1439,#1440,#1441,#1442));
#3923=EDGE_LOOP('',(#1443,#1444,#1445,#1446));
#3924=EDGE_LOOP('',(#1447,#1448,#1449,#1450));
#3925=EDGE_LOOP('',(#1451,#1452,#1453,#1454));
#3926=EDGE_LOOP('',(#1455,#1456,#1457,#1458));
#3927=EDGE_LOOP('',(#1459,#1460,#1461,#1462));
#3928=EDGE_LOOP('',(#1463,#1464,#1465,#1466));
#3929=EDGE_LOOP('',(#1467,#1468,#1469,#1470));
#3930=EDGE_LOOP('',(#1471,#1472,#1473,#1474));
#3931=EDGE_LOOP('',(#1475,#1476,#1477,#1478,#1479,#1480,#1481,#1482,#1483,
#1484,#1485,#1486,#1487,#1488,#1489,#1490));
#3932=EDGE_LOOP('',(#1491,#1492,#1493,#1494,#1495));
#3933=EDGE_LOOP('',(#1496,#1497,#1498,#1499,#1500));
#3934=EDGE_LOOP('',(#1501,#1502,#1503,#1504,#1505,#1506,#1507,#1508,#1509,
#1510,#1511,#1512,#1513,#1514,#1515,#1516));
#3935=EDGE_LOOP('',(#1517,#1518,#1519,#1520,#1521));
#3936=EDGE_LOOP('',(#1522,#1523,#1524,#1525));
#3937=EDGE_LOOP('',(#1526,#1527,#1528,#1529,#1530));
#3938=EDGE_LOOP('',(#1531,#1532,#1533,#1534));
#3939=EDGE_LOOP('',(#1535,#1536,#1537,#1538));
#3940=EDGE_LOOP('',(#1539,#1540,#1541,#1542));
#3941=EDGE_LOOP('',(#1543,#1544,#1545,#1546));
#3942=EDGE_LOOP('',(#1547,#1548,#1549,#1550));
#3943=EDGE_LOOP('',(#1551,#1552,#1553,#1554,#1555,#1556));
#3944=EDGE_LOOP('',(#1557,#1558,#1559,#1560,#1561,#1562));
#3945=EDGE_LOOP('',(#1563,#1564,#1565,#1566,#1567,#1568));
#3946=EDGE_LOOP('',(#1569,#1570,#1571,#1572,#1573,#1574));
#3947=EDGE_LOOP('',(#1575,#1576,#1577,#1578));
#3948=EDGE_LOOP('',(#1579,#1580,#1581,#1582));
#3949=EDGE_LOOP('',(#1583,#1584,#1585,#1586));
#3950=EDGE_LOOP('',(#1587,#1588,#1589,#1590));
#3951=EDGE_LOOP('',(#1591,#1592,#1593,#1594));
#3952=EDGE_LOOP('',(#1595,#1596,#1597,#1598));
#3953=EDGE_LOOP('',(#1599,#1600,#1601,#1602));
#3954=EDGE_LOOP('',(#1603,#1604,#1605,#1606));
#3955=EDGE_LOOP('',(#1607,#1608,#1609,#1610));
#3956=EDGE_LOOP('',(#1611,#1612,#1613,#1614));
#3957=FACE_BOUND('',#3675,.T.);
#3958=FACE_BOUND('',#3676,.T.);
#3959=FACE_BOUND('',#3677,.T.);
#3960=FACE_BOUND('',#3678,.T.);
#3961=FACE_BOUND('',#3679,.T.);
#3962=FACE_BOUND('',#3680,.T.);
#3963=FACE_BOUND('',#3681,.T.);
#3964=FACE_BOUND('',#3682,.T.);
#3965=FACE_BOUND('',#3683,.T.);
#3966=FACE_BOUND('',#3684,.T.);
#3967=FACE_BOUND('',#3685,.T.);
#3968=FACE_BOUND('',#3686,.T.);
#3969=FACE_BOUND('',#3687,.T.);
#3970=FACE_BOUND('',#3688,.T.);
#3971=FACE_BOUND('',#3689,.T.);
#3972=FACE_BOUND('',#3690,.T.);
#3973=FACE_BOUND('',#3691,.T.);
#3974=FACE_BOUND('',#3692,.T.);
#3975=FACE_BOUND('',#3693,.T.);
#3976=FACE_BOUND('',#3694,.T.);
#3977=FACE_BOUND('',#3695,.T.);
#3978=FACE_BOUND('',#3696,.T.);
#3979=FACE_BOUND('',#3697,.T.);
#3980=FACE_BOUND('',#3698,.T.);
#3981=FACE_BOUND('',#3699,.T.);
#3982=FACE_BOUND('',#3700,.T.);
#3983=FACE_BOUND('',#3701,.T.);
#3984=FACE_BOUND('',#3702,.T.);
#3985=FACE_BOUND('',#3703,.T.);
#3986=FACE_BOUND('',#3704,.T.);
#3987=FACE_BOUND('',#3705,.T.);
#3988=FACE_BOUND('',#3706,.T.);
#3989=FACE_BOUND('',#3707,.T.);
#3990=FACE_BOUND('',#3708,.T.);
#3991=FACE_BOUND('',#3709,.T.);
#3992=FACE_BOUND('',#3710,.T.);
#3993=FACE_BOUND('',#3711,.T.);
#3994=FACE_BOUND('',#3712,.T.);
#3995=FACE_BOUND('',#3713,.T.);
#3996=FACE_BOUND('',#3714,.T.);
#3997=FACE_BOUND('',#3715,.T.);
#3998=FACE_BOUND('',#3716,.T.);
#3999=FACE_BOUND('',#3717,.T.);
#4000=FACE_BOUND('',#3718,.T.);
#4001=FACE_BOUND('',#3719,.T.);
#4002=FACE_BOUND('',#3720,.T.);
#4003=FACE_BOUND('',#3721,.T.);
#4004=FACE_BOUND('',#3722,.T.);
#4005=FACE_BOUND('',#3723,.T.);
#4006=FACE_BOUND('',#3724,.T.);
#4007=FACE_BOUND('',#3725,.T.);
#4008=FACE_BOUND('',#3726,.T.);
#4009=FACE_BOUND('',#3727,.T.);
#4010=FACE_BOUND('',#3728,.T.);
#4011=FACE_BOUND('',#3729,.T.);
#4012=FACE_BOUND('',#3730,.T.);
#4013=FACE_BOUND('',#3731,.T.);
#4014=FACE_BOUND('',#3732,.T.);
#4015=FACE_BOUND('',#3733,.T.);
#4016=FACE_BOUND('',#3734,.T.);
#4017=FACE_BOUND('',#3735,.T.);
#4018=FACE_BOUND('',#3736,.T.);
#4019=FACE_BOUND('',#3737,.T.);
#4020=FACE_BOUND('',#3738,.T.);
#4021=FACE_BOUND('',#3739,.T.);
#4022=FACE_BOUND('',#3740,.T.);
#4023=FACE_BOUND('',#3741,.T.);
#4024=FACE_BOUND('',#3742,.T.);
#4025=FACE_BOUND('',#3743,.T.);
#4026=FACE_BOUND('',#3744,.T.);
#4027=FACE_BOUND('',#3745,.T.);
#4028=FACE_BOUND('',#3746,.T.);
#4029=FACE_BOUND('',#3747,.T.);
#4030=FACE_BOUND('',#3748,.T.);
#4031=FACE_BOUND('',#3749,.T.);
#4032=FACE_BOUND('',#3750,.T.);
#4033=FACE_BOUND('',#3751,.T.);
#4034=FACE_BOUND('',#3752,.T.);
#4035=FACE_BOUND('',#3753,.T.);
#4036=FACE_BOUND('',#3754,.T.);
#4037=FACE_BOUND('',#3755,.T.);
#4038=FACE_BOUND('',#3756,.T.);
#4039=FACE_BOUND('',#3757,.T.);
#4040=FACE_BOUND('',#3758,.T.);
#4041=FACE_BOUND('',#3759,.T.);
#4042=FACE_BOUND('',#3760,.T.);
#4043=FACE_BOUND('',#3761,.T.);
#4044=FACE_BOUND('',#3762,.T.);
#4045=FACE_BOUND('',#3763,.T.);
#4046=FACE_BOUND('',#3764,.T.);
#4047=FACE_BOUND('',#3765,.T.);
#4048=FACE_BOUND('',#3766,.T.);
#4049=FACE_BOUND('',#3767,.T.);
#4050=FACE_BOUND('',#3768,.T.);
#4051=FACE_BOUND('',#3769,.T.);
#4052=FACE_BOUND('',#3770,.T.);
#4053=FACE_BOUND('',#3771,.T.);
#4054=FACE_BOUND('',#3772,.T.);
#4055=FACE_BOUND('',#3773,.T.);
#4056=FACE_BOUND('',#3774,.T.);
#4057=FACE_BOUND('',#3775,.T.);
#4058=FACE_BOUND('',#3776,.T.);
#4059=FACE_BOUND('',#3777,.T.);
#4060=FACE_BOUND('',#3778,.T.);
#4061=FACE_BOUND('',#3779,.T.);
#4062=FACE_BOUND('',#3780,.T.);
#4063=FACE_BOUND('',#3781,.T.);
#4064=FACE_BOUND('',#3782,.T.);
#4065=FACE_BOUND('',#3783,.T.);
#4066=FACE_BOUND('',#3784,.T.);
#4067=FACE_BOUND('',#3785,.T.);
#4068=FACE_BOUND('',#3786,.T.);
#4069=FACE_BOUND('',#3787,.T.);
#4070=FACE_BOUND('',#3788,.T.);
#4071=FACE_BOUND('',#3789,.T.);
#4072=FACE_BOUND('',#3790,.T.);
#4073=FACE_BOUND('',#3791,.T.);
#4074=FACE_BOUND('',#3792,.T.);
#4075=FACE_BOUND('',#3793,.T.);
#4076=FACE_BOUND('',#3794,.T.);
#4077=FACE_BOUND('',#3795,.T.);
#4078=FACE_BOUND('',#3796,.T.);
#4079=FACE_BOUND('',#3797,.T.);
#4080=FACE_BOUND('',#3798,.T.);
#4081=FACE_BOUND('',#3799,.T.);
#4082=FACE_BOUND('',#3800,.T.);
#4083=FACE_BOUND('',#3801,.T.);
#4084=FACE_BOUND('',#3802,.T.);
#4085=FACE_BOUND('',#3803,.T.);
#4086=FACE_BOUND('',#3804,.T.);
#4087=FACE_BOUND('',#3805,.T.);
#4088=FACE_BOUND('',#3806,.T.);
#4089=FACE_BOUND('',#3807,.T.);
#4090=FACE_BOUND('',#3808,.T.);
#4091=FACE_BOUND('',#3809,.T.);
#4092=FACE_BOUND('',#3810,.T.);
#4093=FACE_BOUND('',#3811,.T.);
#4094=FACE_BOUND('',#3812,.T.);
#4095=FACE_BOUND('',#3813,.T.);
#4096=FACE_BOUND('',#3814,.T.);
#4097=FACE_BOUND('',#3815,.T.);
#4098=FACE_BOUND('',#3816,.T.);
#4099=FACE_BOUND('',#3817,.T.);
#4100=FACE_BOUND('',#3818,.T.);
#4101=FACE_BOUND('',#3819,.T.);
#4102=FACE_BOUND('',#3820,.T.);
#4103=FACE_BOUND('',#3821,.T.);
#4104=FACE_BOUND('',#3822,.T.);
#4105=FACE_BOUND('',#3823,.T.);
#4106=FACE_BOUND('',#3824,.T.);
#4107=FACE_BOUND('',#3825,.T.);
#4108=FACE_BOUND('',#3826,.T.);
#4109=FACE_BOUND('',#3827,.T.);
#4110=FACE_BOUND('',#3828,.T.);
#4111=FACE_BOUND('',#3829,.T.);
#4112=FACE_BOUND('',#3830,.T.);
#4113=FACE_BOUND('',#3831,.T.);
#4114=FACE_BOUND('',#3832,.T.);
#4115=FACE_BOUND('',#3833,.T.);
#4116=FACE_BOUND('',#3834,.T.);
#4117=FACE_BOUND('',#3835,.T.);
#4118=FACE_BOUND('',#3836,.T.);
#4119=FACE_BOUND('',#3837,.T.);
#4120=FACE_BOUND('',#3838,.T.);
#4121=FACE_BOUND('',#3839,.T.);
#4122=FACE_BOUND('',#3840,.T.);
#4123=FACE_BOUND('',#3841,.T.);
#4124=FACE_BOUND('',#3842,.T.);
#4125=FACE_BOUND('',#3843,.T.);
#4126=FACE_BOUND('',#3844,.T.);
#4127=FACE_BOUND('',#3845,.T.);
#4128=FACE_BOUND('',#3846,.T.);
#4129=FACE_BOUND('',#3847,.T.);
#4130=FACE_BOUND('',#3848,.T.);
#4131=FACE_BOUND('',#3849,.T.);
#4132=FACE_BOUND('',#3850,.T.);
#4133=FACE_BOUND('',#3851,.T.);
#4134=FACE_BOUND('',#3852,.T.);
#4135=FACE_BOUND('',#3853,.T.);
#4136=FACE_BOUND('',#3854,.T.);
#4137=FACE_BOUND('',#3855,.T.);
#4138=FACE_BOUND('',#3856,.T.);
#4139=FACE_BOUND('',#3857,.T.);
#4140=FACE_BOUND('',#3858,.T.);
#4141=FACE_BOUND('',#3859,.T.);
#4142=FACE_BOUND('',#3860,.T.);
#4143=FACE_BOUND('',#3861,.T.);
#4144=FACE_BOUND('',#3862,.T.);
#4145=FACE_BOUND('',#3863,.T.);
#4146=FACE_BOUND('',#3864,.T.);
#4147=FACE_BOUND('',#3865,.T.);
#4148=FACE_BOUND('',#3866,.T.);
#4149=FACE_BOUND('',#3867,.T.);
#4150=FACE_BOUND('',#3868,.T.);
#4151=FACE_BOUND('',#3869,.T.);
#4152=FACE_BOUND('',#3870,.T.);
#4153=FACE_BOUND('',#3871,.T.);
#4154=FACE_BOUND('',#3872,.T.);
#4155=FACE_BOUND('',#3873,.T.);
#4156=FACE_BOUND('',#3874,.T.);
#4157=FACE_BOUND('',#3875,.T.);
#4158=FACE_BOUND('',#3876,.T.);
#4159=FACE_BOUND('',#3877,.T.);
#4160=FACE_BOUND('',#3878,.T.);
#4161=FACE_BOUND('',#3879,.T.);
#4162=FACE_BOUND('',#3880,.T.);
#4163=FACE_BOUND('',#3881,.T.);
#4164=FACE_BOUND('',#3882,.T.);
#4165=FACE_BOUND('',#3883,.T.);
#4166=FACE_BOUND('',#3884,.T.);
#4167=FACE_BOUND('',#3885,.T.);
#4168=FACE_BOUND('',#3886,.T.);
#4169=FACE_BOUND('',#3887,.T.);
#4170=FACE_BOUND('',#3888,.T.);
#4171=FACE_BOUND('',#3889,.T.);
#4172=FACE_BOUND('',#3890,.T.);
#4173=FACE_BOUND('',#3891,.T.);
#4174=FACE_BOUND('',#3892,.T.);
#4175=FACE_BOUND('',#3893,.T.);
#4176=FACE_BOUND('',#3894,.T.);
#4177=FACE_BOUND('',#3895,.T.);
#4178=FACE_BOUND('',#3896,.T.);
#4179=FACE_BOUND('',#3897,.T.);
#4180=FACE_BOUND('',#3898,.T.);
#4181=FACE_BOUND('',#3899,.T.);
#4182=FACE_BOUND('',#3900,.T.);
#4183=FACE_BOUND('',#3901,.T.);
#4184=FACE_BOUND('',#3902,.T.);
#4185=FACE_BOUND('',#3903,.T.);
#4186=FACE_BOUND('',#3904,.T.);
#4187=FACE_BOUND('',#3905,.T.);
#4188=FACE_BOUND('',#3906,.T.);
#4189=FACE_BOUND('',#3907,.T.);
#4190=FACE_BOUND('',#3908,.T.);
#4191=FACE_BOUND('',#3909,.T.);
#4192=FACE_BOUND('',#3910,.T.);
#4193=FACE_BOUND('',#3911,.T.);
#4194=FACE_BOUND('',#3912,.T.);
#4195=FACE_BOUND('',#3913,.T.);
#4196=FACE_BOUND('',#3914,.T.);
#4197=FACE_BOUND('',#3915,.T.);
#4198=FACE_BOUND('',#3916,.T.);
#4199=FACE_BOUND('',#3917,.T.);
#4200=FACE_BOUND('',#3918,.T.);
#4201=FACE_BOUND('',#3919,.T.);
#4202=FACE_BOUND('',#3920,.T.);
#4203=FACE_BOUND('',#3921,.T.);
#4204=FACE_BOUND('',#3922,.T.);
#4205=FACE_BOUND('',#3923,.T.);
#4206=FACE_BOUND('',#3924,.T.);
#4207=FACE_BOUND('',#3925,.T.);
#4208=FACE_BOUND('',#3926,.T.);
#4209=FACE_BOUND('',#3927,.T.);
#4210=FACE_BOUND('',#3928,.T.);
#4211=FACE_BOUND('',#3929,.T.);
#4212=FACE_BOUND('',#3930,.T.);
#4213=FACE_BOUND('',#3931,.T.);
#4214=FACE_BOUND('',#3932,.T.);
#4215=FACE_BOUND('',#3933,.T.);
#4216=FACE_BOUND('',#3934,.T.);
#4217=FACE_BOUND('',#3935,.T.);
#4218=FACE_BOUND('',#3936,.T.);
#4219=FACE_BOUND('',#3937,.T.);
#4220=FACE_BOUND('',#3938,.T.);
#4221=FACE_BOUND('',#3939,.T.);
#4222=FACE_BOUND('',#3940,.T.);
#4223=FACE_BOUND('',#3941,.T.);
#4224=FACE_BOUND('',#3942,.T.);
#4225=FACE_BOUND('',#3943,.T.);
#4226=FACE_BOUND('',#3944,.T.);
#4227=FACE_BOUND('',#3945,.T.);
#4228=FACE_BOUND('',#3946,.T.);
#4229=FACE_BOUND('',#3947,.T.);
#4230=FACE_BOUND('',#3948,.T.);
#4231=FACE_BOUND('',#3949,.T.);
#4232=FACE_BOUND('',#3950,.T.);
#4233=FACE_BOUND('',#3951,.T.);
#4234=FACE_BOUND('',#3952,.T.);
#4235=FACE_BOUND('',#3953,.T.);
#4236=FACE_BOUND('',#3954,.T.);
#4237=FACE_BOUND('',#3955,.T.);
#4238=FACE_BOUND('',#3956,.T.);
#4239=PLANE('',#6285);
#4240=PLANE('',#6293);
#4241=PLANE('',#6302);
#4242=PLANE('',#6303);
#4243=PLANE('',#6304);
#4244=PLANE('',#6312);
#4245=PLANE('',#6320);
#4246=PLANE('',#6321);
#4247=PLANE('',#6322);
#4248=PLANE('',#6323);
#4249=PLANE('',#6326);
#4250=PLANE('',#6327);
#4251=PLANE('',#6328);
#4252=PLANE('',#6329);
#4253=PLANE('',#6332);
#4254=PLANE('',#6336);
#4255=PLANE('',#6337);
#4256=PLANE('',#6346);
#4257=PLANE('',#6361);
#4258=PLANE('',#6364);
#4259=PLANE('',#6367);
#4260=PLANE('',#6372);
#4261=PLANE('',#6375);
#4262=PLANE('',#6378);
#4263=PLANE('',#6381);
#4264=PLANE('',#6382);
#4265=PLANE('',#6383);
#4266=PLANE('',#6384);
#4267=PLANE('',#6385);
#4268=PLANE('',#6386);
#4269=PLANE('',#6387);
#4270=PLANE('',#6388);
#4271=PLANE('',#6389);
#4272=PLANE('',#6390);
#4273=PLANE('',#6391);
#4274=PLANE('',#6392);
#4275=PLANE('',#6393);
#4276=PLANE('',#6394);
#4277=PLANE('',#6395);
#4278=PLANE('',#6398);
#4279=PLANE('',#6399);
#4280=PLANE('',#6400);
#4281=PLANE('',#6401);
#4282=PLANE('',#6402);
#4283=PLANE('',#6403);
#4284=PLANE('',#6404);
#4285=PLANE('',#6405);
#4286=PLANE('',#6406);
#4287=PLANE('',#6407);
#4288=PLANE('',#6408);
#4289=PLANE('',#6409);
#4290=PLANE('',#6410);
#4291=PLANE('',#6411);
#4292=PLANE('',#6412);
#4293=PLANE('',#6413);
#4294=PLANE('',#6414);
#4295=PLANE('',#6415);
#4296=PLANE('',#6418);
#4297=PLANE('',#6419);
#4298=PLANE('',#6420);
#4299=PLANE('',#6421);
#4300=PLANE('',#6422);
#4301=PLANE('',#6423);
#4302=PLANE('',#6424);
#4303=PLANE('',#6425);
#4304=PLANE('',#6426);
#4305=PLANE('',#6427);
#4306=PLANE('',#6428);
#4307=PLANE('',#6429);
#4308=PLANE('',#6430);
#4309=PLANE('',#6431);
#4310=PLANE('',#6432);
#4311=PLANE('',#6433);
#4312=PLANE('',#6434);
#4313=PLANE('',#6435);
#4314=PLANE('',#6436);
#4315=PLANE('',#6437);
#4316=PLANE('',#6438);
#4317=PLANE('',#6439);
#4318=PLANE('',#6440);
#4319=PLANE('',#6441);
#4320=PLANE('',#6442);
#4321=PLANE('',#6443);
#4322=PLANE('',#6444);
#4323=PLANE('',#6445);
#4324=PLANE('',#6446);
#4325=PLANE('',#6447);
#4326=PLANE('',#6448);
#4327=PLANE('',#6449);
#4328=PLANE('',#6450);
#4329=PLANE('',#6451);
#4330=PLANE('',#6452);
#4331=PLANE('',#6453);
#4332=PLANE('',#6454);
#4333=PLANE('',#6455);
#4334=PLANE('',#6456);
#4335=PLANE('',#6457);
#4336=PLANE('',#6458);
#4337=PLANE('',#6459);
#4338=PLANE('',#6462);
#4339=PLANE('',#6463);
#4340=PLANE('',#6464);
#4341=PLANE('',#6465);
#4342=PLANE('',#6466);
#4343=PLANE('',#6467);
#4344=PLANE('',#6468);
#4345=PLANE('',#6469);
#4346=PLANE('',#6470);
#4347=PLANE('',#6471);
#4348=PLANE('',#6472);
#4349=PLANE('',#6473);
#4350=PLANE('',#6474);
#4351=PLANE('',#6475);
#4352=PLANE('',#6476);
#4353=PLANE('',#6477);
#4354=PLANE('',#6478);
#4355=PLANE('',#6479);
#4356=PLANE('',#6480);
#4357=PLANE('',#6481);
#4358=PLANE('',#6482);
#4359=PLANE('',#6483);
#4360=PLANE('',#6484);
#4361=PLANE('',#6485);
#4362=PLANE('',#6486);
#4363=PLANE('',#6487);
#4364=PLANE('',#6488);
#4365=PLANE('',#6489);
#4366=PLANE('',#6490);
#4367=PLANE('',#6491);
#4368=PLANE('',#6492);
#4369=PLANE('',#6493);
#4370=PLANE('',#6494);
#4371=PLANE('',#6495);
#4372=PLANE('',#6499);
#4373=PLANE('',#6504);
#4374=PLANE('',#6512);
#4375=PLANE('',#6516);
#4376=PLANE('',#6517);
#4377=PLANE('',#6522);
#4378=PLANE('',#6530);
#4379=PLANE('',#6534);
#4380=PLANE('',#6535);
#4381=PLANE('',#6536);
#4382=PLANE('',#6538);
#4383=PLANE('',#6539);
#4384=PLANE('',#6540);
#4385=PLANE('',#6545);
#4386=PLANE('',#6546);
#4387=PLANE('',#6547);
#4388=PLANE('',#6552);
#4389=PLANE('',#6553);
#4390=PLANE('',#6554);
#4391=PLANE('',#6555);
#4392=PLANE('',#6560);
#4393=PLANE('',#6561);
#4394=PLANE('',#6562);
#4395=PLANE('',#6563);
#4396=PLANE('',#6564);
#4397=PLANE('',#6565);
#4398=PLANE('',#6566);
#4399=PLANE('',#6567);
#4400=PLANE('',#6568);
#4401=PLANE('',#6569);
#4402=PLANE('',#6570);
#4403=PLANE('',#6571);
#4404=PLANE('',#6572);
#4405=PLANE('',#6573);
#4406=STYLED_ITEM('',(#4635),#6014);
#4407=STYLED_ITEM('',(#4636),#6015);
#4408=STYLED_ITEM('',(#4637),#6016);
#4409=STYLED_ITEM('',(#4638),#6017);
#4410=STYLED_ITEM('',(#4639),#6018);
#4411=STYLED_ITEM('',(#4640),#6019);
#4412=STYLED_ITEM('',(#4641),#6020);
#4413=STYLED_ITEM('',(#4642),#6021);
#4414=STYLED_ITEM('',(#4643),#6022);
#4415=STYLED_ITEM('',(#4644),#6023);
#4416=STYLED_ITEM('',(#4645),#6024);
#4417=STYLED_ITEM('',(#4646),#6025);
#4418=STYLED_ITEM('',(#4647),#6026);
#4419=STYLED_ITEM('',(#4648),#6027);
#4420=STYLED_ITEM('',(#4649),#6028);
#4421=STYLED_ITEM('',(#4650),#6029);
#4422=STYLED_ITEM('',(#4651),#6030);
#4423=STYLED_ITEM('',(#4652),#6031);
#4424=STYLED_ITEM('',(#4653),#6032);
#4425=STYLED_ITEM('',(#4654),#6033);
#4426=STYLED_ITEM('',(#4655),#6034);
#4427=STYLED_ITEM('',(#4656),#6035);
#4428=STYLED_ITEM('',(#4657),#6036);
#4429=STYLED_ITEM('',(#4658),#6037);
#4430=STYLED_ITEM('',(#4659),#6038);
#4431=STYLED_ITEM('',(#4660),#6039);
#4432=STYLED_ITEM('',(#4661),#6040);
#4433=STYLED_ITEM('',(#4662),#6041);
#4434=STYLED_ITEM('',(#4663),#6042);
#4435=STYLED_ITEM('',(#4664),#6043);
#4436=STYLED_ITEM('',(#4665),#6044);
#4437=STYLED_ITEM('',(#4666),#6045);
#4438=STYLED_ITEM('',(#4667),#6046);
#4439=STYLED_ITEM('',(#4668),#6047);
#4440=STYLED_ITEM('',(#4669),#6048);
#4441=STYLED_ITEM('',(#4670),#6049);
#4442=STYLED_ITEM('',(#4671),#6050);
#4443=STYLED_ITEM('',(#4672),#6051);
#4444=STYLED_ITEM('',(#4673),#6052);
#4445=STYLED_ITEM('',(#4674),#6053);
#4446=STYLED_ITEM('',(#4675),#6054);
#4447=STYLED_ITEM('',(#4676),#6055);
#4448=STYLED_ITEM('',(#4677),#6056);
#4449=STYLED_ITEM('',(#4678),#6057);
#4450=STYLED_ITEM('',(#4679),#6058);
#4451=STYLED_ITEM('',(#4680),#6059);
#4452=STYLED_ITEM('',(#4681),#6060);
#4453=STYLED_ITEM('',(#4682),#6061);
#4454=STYLED_ITEM('',(#4683),#6062);
#4455=STYLED_ITEM('',(#4684),#6063);
#4456=STYLED_ITEM('',(#4685),#6064);
#4457=STYLED_ITEM('',(#4686),#6065);
#4458=STYLED_ITEM('',(#4687),#6066);
#4459=STYLED_ITEM('',(#4688),#6067);
#4460=STYLED_ITEM('',(#4689),#6068);
#4461=STYLED_ITEM('',(#4690),#6069);
#4462=STYLED_ITEM('',(#4691),#6070);
#4463=STYLED_ITEM('',(#4692),#6071);
#4464=STYLED_ITEM('',(#4693),#6072);
#4465=STYLED_ITEM('',(#4694),#6073);
#4466=STYLED_ITEM('',(#4695),#6074);
#4467=STYLED_ITEM('',(#4696),#6075);
#4468=STYLED_ITEM('',(#4697),#6076);
#4469=STYLED_ITEM('',(#4698),#6077);
#4470=STYLED_ITEM('',(#4699),#6078);
#4471=STYLED_ITEM('',(#4700),#6079);
#4472=STYLED_ITEM('',(#4701),#6080);
#4473=STYLED_ITEM('',(#4702),#6081);
#4474=STYLED_ITEM('',(#4703),#6082);
#4475=STYLED_ITEM('',(#4704),#6083);
#4476=STYLED_ITEM('',(#4705),#6084);
#4477=STYLED_ITEM('',(#4706),#6085);
#4478=STYLED_ITEM('',(#4707),#6086);
#4479=STYLED_ITEM('',(#4708),#6087);
#4480=STYLED_ITEM('',(#4709),#6088);
#4481=STYLED_ITEM('',(#4710),#6089);
#4482=STYLED_ITEM('',(#4711),#6090);
#4483=STYLED_ITEM('',(#4712),#6091);
#4484=STYLED_ITEM('',(#4713),#6092);
#4485=STYLED_ITEM('',(#4714),#6093);
#4486=STYLED_ITEM('',(#4715),#6094);
#4487=STYLED_ITEM('',(#4716),#6095);
#4488=STYLED_ITEM('',(#4717),#6096);
#4489=STYLED_ITEM('',(#4718),#6097);
#4490=STYLED_ITEM('',(#4719),#6098);
#4491=STYLED_ITEM('',(#4720),#6099);
#4492=STYLED_ITEM('',(#4721),#6100);
#4493=STYLED_ITEM('',(#4722),#6101);
#4494=STYLED_ITEM('',(#4723),#6102);
#4495=STYLED_ITEM('',(#4724),#6103);
#4496=STYLED_ITEM('',(#4725),#6104);
#4497=STYLED_ITEM('',(#4726),#6105);
#4498=STYLED_ITEM('',(#4727),#6106);
#4499=STYLED_ITEM('',(#4728),#6107);
#4500=STYLED_ITEM('',(#4729),#6108);
#4501=STYLED_ITEM('',(#4730),#6109);
#4502=STYLED_ITEM('',(#4731),#6110);
#4503=STYLED_ITEM('',(#4732),#6111);
#4504=STYLED_ITEM('',(#4733),#6112);
#4505=STYLED_ITEM('',(#4734),#6113);
#4506=STYLED_ITEM('',(#4735),#6114);
#4507=STYLED_ITEM('',(#4736),#6115);
#4508=STYLED_ITEM('',(#4737),#6116);
#4509=STYLED_ITEM('',(#4738),#6117);
#4510=STYLED_ITEM('',(#4739),#6118);
#4511=STYLED_ITEM('',(#4740),#6119);
#4512=STYLED_ITEM('',(#4741),#6120);
#4513=STYLED_ITEM('',(#4742),#6121);
#4514=STYLED_ITEM('',(#4743),#6122);
#4515=STYLED_ITEM('',(#4744),#6123);
#4516=STYLED_ITEM('',(#4745),#6124);
#4517=STYLED_ITEM('',(#4746),#6125);
#4518=STYLED_ITEM('',(#4747),#6126);
#4519=STYLED_ITEM('',(#4748),#6127);
#4520=STYLED_ITEM('',(#4749),#6128);
#4521=STYLED_ITEM('',(#4750),#6129);
#4522=STYLED_ITEM('',(#4751),#6130);
#4523=STYLED_ITEM('',(#4752),#6131);
#4524=STYLED_ITEM('',(#4753),#6132);
#4525=STYLED_ITEM('',(#4754),#6133);
#4526=STYLED_ITEM('',(#4755),#6134);
#4527=STYLED_ITEM('',(#4756),#6135);
#4528=STYLED_ITEM('',(#4757),#6136);
#4529=STYLED_ITEM('',(#4758),#6137);
#4530=STYLED_ITEM('',(#4759),#6138);
#4531=STYLED_ITEM('',(#4760),#6139);
#4532=STYLED_ITEM('',(#4761),#6140);
#4533=STYLED_ITEM('',(#4762),#6141);
#4534=STYLED_ITEM('',(#4763),#6142);
#4535=STYLED_ITEM('',(#4764),#6143);
#4536=STYLED_ITEM('',(#4765),#6144);
#4537=STYLED_ITEM('',(#4766),#6145);
#4538=STYLED_ITEM('',(#4767),#6146);
#4539=STYLED_ITEM('',(#4768),#6147);
#4540=STYLED_ITEM('',(#4769),#6148);
#4541=STYLED_ITEM('',(#4770),#6149);
#4542=STYLED_ITEM('',(#4771),#6150);
#4543=STYLED_ITEM('',(#4772),#6151);
#4544=STYLED_ITEM('',(#4773),#6152);
#4545=STYLED_ITEM('',(#4774),#6153);
#4546=STYLED_ITEM('',(#4775),#6154);
#4547=STYLED_ITEM('',(#4776),#6155);
#4548=STYLED_ITEM('',(#4777),#6156);
#4549=STYLED_ITEM('',(#4778),#6157);
#4550=STYLED_ITEM('',(#4779),#6158);
#4551=STYLED_ITEM('',(#4780),#6159);
#4552=STYLED_ITEM('',(#4781),#6160);
#4553=STYLED_ITEM('',(#4782),#6161);
#4554=STYLED_ITEM('',(#4783),#6162);
#4555=STYLED_ITEM('',(#4784),#6163);
#4556=STYLED_ITEM('',(#4785),#6164);
#4557=STYLED_ITEM('',(#4786),#6165);
#4558=STYLED_ITEM('',(#4787),#6166);
#4559=STYLED_ITEM('',(#4788),#6167);
#4560=STYLED_ITEM('',(#4789),#6168);
#4561=STYLED_ITEM('',(#4790),#6169);
#4562=STYLED_ITEM('',(#4791),#6170);
#4563=STYLED_ITEM('',(#4792),#6171);
#4564=STYLED_ITEM('',(#4793),#6172);
#4565=STYLED_ITEM('',(#4794),#6173);
#4566=STYLED_ITEM('',(#4795),#6174);
#4567=STYLED_ITEM('',(#4796),#6175);
#4568=STYLED_ITEM('',(#4797),#6176);
#4569=STYLED_ITEM('',(#4798),#6177);
#4570=STYLED_ITEM('',(#4799),#6178);
#4571=STYLED_ITEM('',(#4800),#6179);
#4572=STYLED_ITEM('',(#4801),#6180);
#4573=STYLED_ITEM('',(#4802),#6181);
#4574=STYLED_ITEM('',(#4803),#6182);
#4575=STYLED_ITEM('',(#4804),#6183);
#4576=STYLED_ITEM('',(#4805),#6184);
#4577=STYLED_ITEM('',(#4806),#6185);
#4578=STYLED_ITEM('',(#4807),#6186);
#4579=STYLED_ITEM('',(#4808),#6187);
#4580=STYLED_ITEM('',(#4809),#6188);
#4581=STYLED_ITEM('',(#4810),#6189);
#4582=STYLED_ITEM('',(#4811),#6190);
#4583=STYLED_ITEM('',(#4812),#6191);
#4584=STYLED_ITEM('',(#4813),#6192);
#4585=STYLED_ITEM('',(#4814),#6193);
#4586=STYLED_ITEM('',(#4815),#6194);
#4587=STYLED_ITEM('',(#4816),#6195);
#4588=STYLED_ITEM('',(#4817),#6196);
#4589=STYLED_ITEM('',(#4818),#6197);
#4590=STYLED_ITEM('',(#4819),#6198);
#4591=STYLED_ITEM('',(#4820),#6199);
#4592=STYLED_ITEM('',(#4821),#6200);
#4593=STYLED_ITEM('',(#4822),#6201);
#4594=STYLED_ITEM('',(#4823),#6202);
#4595=STYLED_ITEM('',(#4824),#6203);
#4596=STYLED_ITEM('',(#4825),#6204);
#4597=STYLED_ITEM('',(#4826),#6205);
#4598=STYLED_ITEM('',(#4827),#6206);
#4599=STYLED_ITEM('',(#4828),#6207);
#4600=STYLED_ITEM('',(#4829),#6208);
#4601=STYLED_ITEM('',(#4830),#6209);
#4602=STYLED_ITEM('',(#4831),#6210);
#4603=STYLED_ITEM('',(#4832),#6211);
#4604=STYLED_ITEM('',(#4833),#6212);
#4605=STYLED_ITEM('',(#4834),#6213);
#4606=STYLED_ITEM('',(#4835),#6214);
#4607=STYLED_ITEM('',(#4836),#6215);
#4608=STYLED_ITEM('',(#4837),#6216);
#4609=STYLED_ITEM('',(#4838),#6217);
#4610=STYLED_ITEM('',(#4839),#6218);
#4611=STYLED_ITEM('',(#4840),#6219);
#4612=STYLED_ITEM('',(#4841),#6220);
#4613=STYLED_ITEM('',(#4842),#6221);
#4614=STYLED_ITEM('',(#4843),#6222);
#4615=STYLED_ITEM('',(#4844),#6223);
#4616=STYLED_ITEM('',(#4845),#6224);
#4617=STYLED_ITEM('',(#4846),#6225);
#4618=STYLED_ITEM('',(#4847),#6226);
#4619=STYLED_ITEM('',(#4848),#6227);
#4620=STYLED_ITEM('',(#4849),#6228);
#4621=STYLED_ITEM('',(#4850),#6229);
#4622=STYLED_ITEM('',(#4851),#6230);
#4623=STYLED_ITEM('',(#4852),#6231);
#4624=STYLED_ITEM('',(#4853),#6232);
#4625=STYLED_ITEM('',(#4854),#6233);
#4626=STYLED_ITEM('',(#4855),#6234);
#4627=STYLED_ITEM('',(#4856),#6235);
#4628=STYLED_ITEM('',(#4857),#6236);
#4629=STYLED_ITEM('',(#4858),#6237);
#4630=STYLED_ITEM('',(#4859),#6238);
#4631=STYLED_ITEM('',(#4860),#6239);
#4632=STYLED_ITEM('',(#4861),#6240);
#4633=STYLED_ITEM('',(#4862),#6241);
#4634=STYLED_ITEM('',(#4863),#6275);
#4635=PRESENTATION_STYLE_ASSIGNMENT((#4864));
#4636=PRESENTATION_STYLE_ASSIGNMENT((#4865));
#4637=PRESENTATION_STYLE_ASSIGNMENT((#4866));
#4638=PRESENTATION_STYLE_ASSIGNMENT((#4867));
#4639=PRESENTATION_STYLE_ASSIGNMENT((#4868));
#4640=PRESENTATION_STYLE_ASSIGNMENT((#4869));
#4641=PRESENTATION_STYLE_ASSIGNMENT((#4870));
#4642=PRESENTATION_STYLE_ASSIGNMENT((#4871));
#4643=PRESENTATION_STYLE_ASSIGNMENT((#4872));
#4644=PRESENTATION_STYLE_ASSIGNMENT((#4873));
#4645=PRESENTATION_STYLE_ASSIGNMENT((#4874));
#4646=PRESENTATION_STYLE_ASSIGNMENT((#4875));
#4647=PRESENTATION_STYLE_ASSIGNMENT((#4876));
#4648=PRESENTATION_STYLE_ASSIGNMENT((#4877));
#4649=PRESENTATION_STYLE_ASSIGNMENT((#4878));
#4650=PRESENTATION_STYLE_ASSIGNMENT((#4879));
#4651=PRESENTATION_STYLE_ASSIGNMENT((#4880));
#4652=PRESENTATION_STYLE_ASSIGNMENT((#4881));
#4653=PRESENTATION_STYLE_ASSIGNMENT((#4882));
#4654=PRESENTATION_STYLE_ASSIGNMENT((#4883));
#4655=PRESENTATION_STYLE_ASSIGNMENT((#4884));
#4656=PRESENTATION_STYLE_ASSIGNMENT((#4885));
#4657=PRESENTATION_STYLE_ASSIGNMENT((#4886));
#4658=PRESENTATION_STYLE_ASSIGNMENT((#4887));
#4659=PRESENTATION_STYLE_ASSIGNMENT((#4888));
#4660=PRESENTATION_STYLE_ASSIGNMENT((#4889));
#4661=PRESENTATION_STYLE_ASSIGNMENT((#4890));
#4662=PRESENTATION_STYLE_ASSIGNMENT((#4891));
#4663=PRESENTATION_STYLE_ASSIGNMENT((#4892));
#4664=PRESENTATION_STYLE_ASSIGNMENT((#4893));
#4665=PRESENTATION_STYLE_ASSIGNMENT((#4894));
#4666=PRESENTATION_STYLE_ASSIGNMENT((#4895));
#4667=PRESENTATION_STYLE_ASSIGNMENT((#4896));
#4668=PRESENTATION_STYLE_ASSIGNMENT((#4897));
#4669=PRESENTATION_STYLE_ASSIGNMENT((#4898));
#4670=PRESENTATION_STYLE_ASSIGNMENT((#4899));
#4671=PRESENTATION_STYLE_ASSIGNMENT((#4900));
#4672=PRESENTATION_STYLE_ASSIGNMENT((#4901));
#4673=PRESENTATION_STYLE_ASSIGNMENT((#4902));
#4674=PRESENTATION_STYLE_ASSIGNMENT((#4903));
#4675=PRESENTATION_STYLE_ASSIGNMENT((#4904));
#4676=PRESENTATION_STYLE_ASSIGNMENT((#4905));
#4677=PRESENTATION_STYLE_ASSIGNMENT((#4906));
#4678=PRESENTATION_STYLE_ASSIGNMENT((#4907));
#4679=PRESENTATION_STYLE_ASSIGNMENT((#4908));
#4680=PRESENTATION_STYLE_ASSIGNMENT((#4909));
#4681=PRESENTATION_STYLE_ASSIGNMENT((#4910));
#4682=PRESENTATION_STYLE_ASSIGNMENT((#4911));
#4683=PRESENTATION_STYLE_ASSIGNMENT((#4912));
#4684=PRESENTATION_STYLE_ASSIGNMENT((#4913));
#4685=PRESENTATION_STYLE_ASSIGNMENT((#4914));
#4686=PRESENTATION_STYLE_ASSIGNMENT((#4915));
#4687=PRESENTATION_STYLE_ASSIGNMENT((#4916));
#4688=PRESENTATION_STYLE_ASSIGNMENT((#4917));
#4689=PRESENTATION_STYLE_ASSIGNMENT((#4918));
#4690=PRESENTATION_STYLE_ASSIGNMENT((#4919));
#4691=PRESENTATION_STYLE_ASSIGNMENT((#4920));
#4692=PRESENTATION_STYLE_ASSIGNMENT((#4921));
#4693=PRESENTATION_STYLE_ASSIGNMENT((#4922));
#4694=PRESENTATION_STYLE_ASSIGNMENT((#4923));
#4695=PRESENTATION_STYLE_ASSIGNMENT((#4924));
#4696=PRESENTATION_STYLE_ASSIGNMENT((#4925));
#4697=PRESENTATION_STYLE_ASSIGNMENT((#4926));
#4698=PRESENTATION_STYLE_ASSIGNMENT((#4927));
#4699=PRESENTATION_STYLE_ASSIGNMENT((#4928));
#4700=PRESENTATION_STYLE_ASSIGNMENT((#4929));
#4701=PRESENTATION_STYLE_ASSIGNMENT((#4930));
#4702=PRESENTATION_STYLE_ASSIGNMENT((#4931));
#4703=PRESENTATION_STYLE_ASSIGNMENT((#4932));
#4704=PRESENTATION_STYLE_ASSIGNMENT((#4933));
#4705=PRESENTATION_STYLE_ASSIGNMENT((#4934));
#4706=PRESENTATION_STYLE_ASSIGNMENT((#4935));
#4707=PRESENTATION_STYLE_ASSIGNMENT((#4936));
#4708=PRESENTATION_STYLE_ASSIGNMENT((#4937));
#4709=PRESENTATION_STYLE_ASSIGNMENT((#4938));
#4710=PRESENTATION_STYLE_ASSIGNMENT((#4939));
#4711=PRESENTATION_STYLE_ASSIGNMENT((#4940));
#4712=PRESENTATION_STYLE_ASSIGNMENT((#4941));
#4713=PRESENTATION_STYLE_ASSIGNMENT((#4942));
#4714=PRESENTATION_STYLE_ASSIGNMENT((#4943));
#4715=PRESENTATION_STYLE_ASSIGNMENT((#4944));
#4716=PRESENTATION_STYLE_ASSIGNMENT((#4945));
#4717=PRESENTATION_STYLE_ASSIGNMENT((#4946));
#4718=PRESENTATION_STYLE_ASSIGNMENT((#4947));
#4719=PRESENTATION_STYLE_ASSIGNMENT((#4948));
#4720=PRESENTATION_STYLE_ASSIGNMENT((#4949));
#4721=PRESENTATION_STYLE_ASSIGNMENT((#4950));
#4722=PRESENTATION_STYLE_ASSIGNMENT((#4951));
#4723=PRESENTATION_STYLE_ASSIGNMENT((#4952));
#4724=PRESENTATION_STYLE_ASSIGNMENT((#4953));
#4725=PRESENTATION_STYLE_ASSIGNMENT((#4954));
#4726=PRESENTATION_STYLE_ASSIGNMENT((#4955));
#4727=PRESENTATION_STYLE_ASSIGNMENT((#4956));
#4728=PRESENTATION_STYLE_ASSIGNMENT((#4957));
#4729=PRESENTATION_STYLE_ASSIGNMENT((#4958));
#4730=PRESENTATION_STYLE_ASSIGNMENT((#4959));
#4731=PRESENTATION_STYLE_ASSIGNMENT((#4960));
#4732=PRESENTATION_STYLE_ASSIGNMENT((#4961));
#4733=PRESENTATION_STYLE_ASSIGNMENT((#4962));
#4734=PRESENTATION_STYLE_ASSIGNMENT((#4963));
#4735=PRESENTATION_STYLE_ASSIGNMENT((#4964));
#4736=PRESENTATION_STYLE_ASSIGNMENT((#4965));
#4737=PRESENTATION_STYLE_ASSIGNMENT((#4966));
#4738=PRESENTATION_STYLE_ASSIGNMENT((#4967));
#4739=PRESENTATION_STYLE_ASSIGNMENT((#4968));
#4740=PRESENTATION_STYLE_ASSIGNMENT((#4969));
#4741=PRESENTATION_STYLE_ASSIGNMENT((#4970));
#4742=PRESENTATION_STYLE_ASSIGNMENT((#4971));
#4743=PRESENTATION_STYLE_ASSIGNMENT((#4972));
#4744=PRESENTATION_STYLE_ASSIGNMENT((#4973));
#4745=PRESENTATION_STYLE_ASSIGNMENT((#4974));
#4746=PRESENTATION_STYLE_ASSIGNMENT((#4975));
#4747=PRESENTATION_STYLE_ASSIGNMENT((#4976));
#4748=PRESENTATION_STYLE_ASSIGNMENT((#4977));
#4749=PRESENTATION_STYLE_ASSIGNMENT((#4978));
#4750=PRESENTATION_STYLE_ASSIGNMENT((#4979));
#4751=PRESENTATION_STYLE_ASSIGNMENT((#4980));
#4752=PRESENTATION_STYLE_ASSIGNMENT((#4981));
#4753=PRESENTATION_STYLE_ASSIGNMENT((#4982));
#4754=PRESENTATION_STYLE_ASSIGNMENT((#4983));
#4755=PRESENTATION_STYLE_ASSIGNMENT((#4984));
#4756=PRESENTATION_STYLE_ASSIGNMENT((#4985));
#4757=PRESENTATION_STYLE_ASSIGNMENT((#4986));
#4758=PRESENTATION_STYLE_ASSIGNMENT((#4987));
#4759=PRESENTATION_STYLE_ASSIGNMENT((#4988));
#4760=PRESENTATION_STYLE_ASSIGNMENT((#4989));
#4761=PRESENTATION_STYLE_ASSIGNMENT((#4990));
#4762=PRESENTATION_STYLE_ASSIGNMENT((#4991));
#4763=PRESENTATION_STYLE_ASSIGNMENT((#4992));
#4764=PRESENTATION_STYLE_ASSIGNMENT((#4993));
#4765=PRESENTATION_STYLE_ASSIGNMENT((#4994));
#4766=PRESENTATION_STYLE_ASSIGNMENT((#4995));
#4767=PRESENTATION_STYLE_ASSIGNMENT((#4996));
#4768=PRESENTATION_STYLE_ASSIGNMENT((#4997));
#4769=PRESENTATION_STYLE_ASSIGNMENT((#4998));
#4770=PRESENTATION_STYLE_ASSIGNMENT((#4999));
#4771=PRESENTATION_STYLE_ASSIGNMENT((#5000));
#4772=PRESENTATION_STYLE_ASSIGNMENT((#5001));
#4773=PRESENTATION_STYLE_ASSIGNMENT((#5002));
#4774=PRESENTATION_STYLE_ASSIGNMENT((#5003));
#4775=PRESENTATION_STYLE_ASSIGNMENT((#5004));
#4776=PRESENTATION_STYLE_ASSIGNMENT((#5005));
#4777=PRESENTATION_STYLE_ASSIGNMENT((#5006));
#4778=PRESENTATION_STYLE_ASSIGNMENT((#5007));
#4779=PRESENTATION_STYLE_ASSIGNMENT((#5008));
#4780=PRESENTATION_STYLE_ASSIGNMENT((#5009));
#4781=PRESENTATION_STYLE_ASSIGNMENT((#5010));
#4782=PRESENTATION_STYLE_ASSIGNMENT((#5011));
#4783=PRESENTATION_STYLE_ASSIGNMENT((#5012));
#4784=PRESENTATION_STYLE_ASSIGNMENT((#5013));
#4785=PRESENTATION_STYLE_ASSIGNMENT((#5014));
#4786=PRESENTATION_STYLE_ASSIGNMENT((#5015));
#4787=PRESENTATION_STYLE_ASSIGNMENT((#5016));
#4788=PRESENTATION_STYLE_ASSIGNMENT((#5017));
#4789=PRESENTATION_STYLE_ASSIGNMENT((#5018));
#4790=PRESENTATION_STYLE_ASSIGNMENT((#5019));
#4791=PRESENTATION_STYLE_ASSIGNMENT((#5020));
#4792=PRESENTATION_STYLE_ASSIGNMENT((#5021));
#4793=PRESENTATION_STYLE_ASSIGNMENT((#5022));
#4794=PRESENTATION_STYLE_ASSIGNMENT((#5023));
#4795=PRESENTATION_STYLE_ASSIGNMENT((#5024));
#4796=PRESENTATION_STYLE_ASSIGNMENT((#5025));
#4797=PRESENTATION_STYLE_ASSIGNMENT((#5026));
#4798=PRESENTATION_STYLE_ASSIGNMENT((#5027));
#4799=PRESENTATION_STYLE_ASSIGNMENT((#5028));
#4800=PRESENTATION_STYLE_ASSIGNMENT((#5029));
#4801=PRESENTATION_STYLE_ASSIGNMENT((#5030));
#4802=PRESENTATION_STYLE_ASSIGNMENT((#5031));
#4803=PRESENTATION_STYLE_ASSIGNMENT((#5032));
#4804=PRESENTATION_STYLE_ASSIGNMENT((#5033));
#4805=PRESENTATION_STYLE_ASSIGNMENT((#5034));
#4806=PRESENTATION_STYLE_ASSIGNMENT((#5035));
#4807=PRESENTATION_STYLE_ASSIGNMENT((#5036));
#4808=PRESENTATION_STYLE_ASSIGNMENT((#5037));
#4809=PRESENTATION_STYLE_ASSIGNMENT((#5038));
#4810=PRESENTATION_STYLE_ASSIGNMENT((#5039));
#4811=PRESENTATION_STYLE_ASSIGNMENT((#5040));
#4812=PRESENTATION_STYLE_ASSIGNMENT((#5041));
#4813=PRESENTATION_STYLE_ASSIGNMENT((#5042));
#4814=PRESENTATION_STYLE_ASSIGNMENT((#5043));
#4815=PRESENTATION_STYLE_ASSIGNMENT((#5044));
#4816=PRESENTATION_STYLE_ASSIGNMENT((#5045));
#4817=PRESENTATION_STYLE_ASSIGNMENT((#5046));
#4818=PRESENTATION_STYLE_ASSIGNMENT((#5047));
#4819=PRESENTATION_STYLE_ASSIGNMENT((#5048));
#4820=PRESENTATION_STYLE_ASSIGNMENT((#5049));
#4821=PRESENTATION_STYLE_ASSIGNMENT((#5050));
#4822=PRESENTATION_STYLE_ASSIGNMENT((#5051));
#4823=PRESENTATION_STYLE_ASSIGNMENT((#5052));
#4824=PRESENTATION_STYLE_ASSIGNMENT((#5053));
#4825=PRESENTATION_STYLE_ASSIGNMENT((#5054));
#4826=PRESENTATION_STYLE_ASSIGNMENT((#5055));
#4827=PRESENTATION_STYLE_ASSIGNMENT((#5056));
#4828=PRESENTATION_STYLE_ASSIGNMENT((#5057));
#4829=PRESENTATION_STYLE_ASSIGNMENT((#5058));
#4830=PRESENTATION_STYLE_ASSIGNMENT((#5059));
#4831=PRESENTATION_STYLE_ASSIGNMENT((#5060));
#4832=PRESENTATION_STYLE_ASSIGNMENT((#5061));
#4833=PRESENTATION_STYLE_ASSIGNMENT((#5062));
#4834=PRESENTATION_STYLE_ASSIGNMENT((#5063));
#4835=PRESENTATION_STYLE_ASSIGNMENT((#5064));
#4836=PRESENTATION_STYLE_ASSIGNMENT((#5065));
#4837=PRESENTATION_STYLE_ASSIGNMENT((#5066));
#4838=PRESENTATION_STYLE_ASSIGNMENT((#5067));
#4839=PRESENTATION_STYLE_ASSIGNMENT((#5068));
#4840=PRESENTATION_STYLE_ASSIGNMENT((#5069));
#4841=PRESENTATION_STYLE_ASSIGNMENT((#5070));
#4842=PRESENTATION_STYLE_ASSIGNMENT((#5071));
#4843=PRESENTATION_STYLE_ASSIGNMENT((#5072));
#4844=PRESENTATION_STYLE_ASSIGNMENT((#5073));
#4845=PRESENTATION_STYLE_ASSIGNMENT((#5074));
#4846=PRESENTATION_STYLE_ASSIGNMENT((#5075));
#4847=PRESENTATION_STYLE_ASSIGNMENT((#5076));
#4848=PRESENTATION_STYLE_ASSIGNMENT((#5077));
#4849=PRESENTATION_STYLE_ASSIGNMENT((#5078));
#4850=PRESENTATION_STYLE_ASSIGNMENT((#5079));
#4851=PRESENTATION_STYLE_ASSIGNMENT((#5080));
#4852=PRESENTATION_STYLE_ASSIGNMENT((#5081));
#4853=PRESENTATION_STYLE_ASSIGNMENT((#5082));
#4854=PRESENTATION_STYLE_ASSIGNMENT((#5083));
#4855=PRESENTATION_STYLE_ASSIGNMENT((#5084));
#4856=PRESENTATION_STYLE_ASSIGNMENT((#5085));
#4857=PRESENTATION_STYLE_ASSIGNMENT((#5086));
#4858=PRESENTATION_STYLE_ASSIGNMENT((#5087));
#4859=PRESENTATION_STYLE_ASSIGNMENT((#5088));
#4860=PRESENTATION_STYLE_ASSIGNMENT((#5089));
#4861=PRESENTATION_STYLE_ASSIGNMENT((#5090));
#4862=PRESENTATION_STYLE_ASSIGNMENT((#5091));
#4863=PRESENTATION_STYLE_ASSIGNMENT((#5092));
#4864=SURFACE_STYLE_USAGE(.BOTH.,#5093);
#4865=SURFACE_STYLE_USAGE(.BOTH.,#5094);
#4866=SURFACE_STYLE_USAGE(.BOTH.,#5095);
#4867=SURFACE_STYLE_USAGE(.BOTH.,#5096);
#4868=SURFACE_STYLE_USAGE(.BOTH.,#5097);
#4869=SURFACE_STYLE_USAGE(.BOTH.,#5098);
#4870=SURFACE_STYLE_USAGE(.BOTH.,#5099);
#4871=SURFACE_STYLE_USAGE(.BOTH.,#5100);
#4872=SURFACE_STYLE_USAGE(.BOTH.,#5101);
#4873=SURFACE_STYLE_USAGE(.BOTH.,#5102);
#4874=SURFACE_STYLE_USAGE(.BOTH.,#5103);
#4875=SURFACE_STYLE_USAGE(.BOTH.,#5104);
#4876=SURFACE_STYLE_USAGE(.BOTH.,#5105);
#4877=SURFACE_STYLE_USAGE(.BOTH.,#5106);
#4878=SURFACE_STYLE_USAGE(.BOTH.,#5107);
#4879=SURFACE_STYLE_USAGE(.BOTH.,#5108);
#4880=SURFACE_STYLE_USAGE(.BOTH.,#5109);
#4881=SURFACE_STYLE_USAGE(.BOTH.,#5110);
#4882=SURFACE_STYLE_USAGE(.BOTH.,#5111);
#4883=SURFACE_STYLE_USAGE(.BOTH.,#5112);
#4884=SURFACE_STYLE_USAGE(.BOTH.,#5113);
#4885=SURFACE_STYLE_USAGE(.BOTH.,#5114);
#4886=SURFACE_STYLE_USAGE(.BOTH.,#5115);
#4887=SURFACE_STYLE_USAGE(.BOTH.,#5116);
#4888=SURFACE_STYLE_USAGE(.BOTH.,#5117);
#4889=SURFACE_STYLE_USAGE(.BOTH.,#5118);
#4890=SURFACE_STYLE_USAGE(.BOTH.,#5119);
#4891=SURFACE_STYLE_USAGE(.BOTH.,#5120);
#4892=SURFACE_STYLE_USAGE(.BOTH.,#5121);
#4893=SURFACE_STYLE_USAGE(.BOTH.,#5122);
#4894=SURFACE_STYLE_USAGE(.BOTH.,#5123);
#4895=SURFACE_STYLE_USAGE(.BOTH.,#5124);
#4896=SURFACE_STYLE_USAGE(.BOTH.,#5125);
#4897=SURFACE_STYLE_USAGE(.BOTH.,#5126);
#4898=SURFACE_STYLE_USAGE(.BOTH.,#5127);
#4899=SURFACE_STYLE_USAGE(.BOTH.,#5128);
#4900=SURFACE_STYLE_USAGE(.BOTH.,#5129);
#4901=SURFACE_STYLE_USAGE(.BOTH.,#5130);
#4902=SURFACE_STYLE_USAGE(.BOTH.,#5131);
#4903=SURFACE_STYLE_USAGE(.BOTH.,#5132);
#4904=SURFACE_STYLE_USAGE(.BOTH.,#5133);
#4905=SURFACE_STYLE_USAGE(.BOTH.,#5134);
#4906=SURFACE_STYLE_USAGE(.BOTH.,#5135);
#4907=SURFACE_STYLE_USAGE(.BOTH.,#5136);
#4908=SURFACE_STYLE_USAGE(.BOTH.,#5137);
#4909=SURFACE_STYLE_USAGE(.BOTH.,#5138);
#4910=SURFACE_STYLE_USAGE(.BOTH.,#5139);
#4911=SURFACE_STYLE_USAGE(.BOTH.,#5140);
#4912=SURFACE_STYLE_USAGE(.BOTH.,#5141);
#4913=SURFACE_STYLE_USAGE(.BOTH.,#5142);
#4914=SURFACE_STYLE_USAGE(.BOTH.,#5143);
#4915=SURFACE_STYLE_USAGE(.BOTH.,#5144);
#4916=SURFACE_STYLE_USAGE(.BOTH.,#5145);
#4917=SURFACE_STYLE_USAGE(.BOTH.,#5146);
#4918=SURFACE_STYLE_USAGE(.BOTH.,#5147);
#4919=SURFACE_STYLE_USAGE(.BOTH.,#5148);
#4920=SURFACE_STYLE_USAGE(.BOTH.,#5149);
#4921=SURFACE_STYLE_USAGE(.BOTH.,#5150);
#4922=SURFACE_STYLE_USAGE(.BOTH.,#5151);
#4923=SURFACE_STYLE_USAGE(.BOTH.,#5152);
#4924=SURFACE_STYLE_USAGE(.BOTH.,#5153);
#4925=SURFACE_STYLE_USAGE(.BOTH.,#5154);
#4926=SURFACE_STYLE_USAGE(.BOTH.,#5155);
#4927=SURFACE_STYLE_USAGE(.BOTH.,#5156);
#4928=SURFACE_STYLE_USAGE(.BOTH.,#5157);
#4929=SURFACE_STYLE_USAGE(.BOTH.,#5158);
#4930=SURFACE_STYLE_USAGE(.BOTH.,#5159);
#4931=SURFACE_STYLE_USAGE(.BOTH.,#5160);
#4932=SURFACE_STYLE_USAGE(.BOTH.,#5161);
#4933=SURFACE_STYLE_USAGE(.BOTH.,#5162);
#4934=SURFACE_STYLE_USAGE(.BOTH.,#5163);
#4935=SURFACE_STYLE_USAGE(.BOTH.,#5164);
#4936=SURFACE_STYLE_USAGE(.BOTH.,#5165);
#4937=SURFACE_STYLE_USAGE(.BOTH.,#5166);
#4938=SURFACE_STYLE_USAGE(.BOTH.,#5167);
#4939=SURFACE_STYLE_USAGE(.BOTH.,#5168);
#4940=SURFACE_STYLE_USAGE(.BOTH.,#5169);
#4941=SURFACE_STYLE_USAGE(.BOTH.,#5170);
#4942=SURFACE_STYLE_USAGE(.BOTH.,#5171);
#4943=SURFACE_STYLE_USAGE(.BOTH.,#5172);
#4944=SURFACE_STYLE_USAGE(.BOTH.,#5173);
#4945=SURFACE_STYLE_USAGE(.BOTH.,#5174);
#4946=SURFACE_STYLE_USAGE(.BOTH.,#5175);
#4947=SURFACE_STYLE_USAGE(.BOTH.,#5176);
#4948=SURFACE_STYLE_USAGE(.BOTH.,#5177);
#4949=SURFACE_STYLE_USAGE(.BOTH.,#5178);
#4950=SURFACE_STYLE_USAGE(.BOTH.,#5179);
#4951=SURFACE_STYLE_USAGE(.BOTH.,#5180);
#4952=SURFACE_STYLE_USAGE(.BOTH.,#5181);
#4953=SURFACE_STYLE_USAGE(.BOTH.,#5182);
#4954=SURFACE_STYLE_USAGE(.BOTH.,#5183);
#4955=SURFACE_STYLE_USAGE(.BOTH.,#5184);
#4956=SURFACE_STYLE_USAGE(.BOTH.,#5185);
#4957=SURFACE_STYLE_USAGE(.BOTH.,#5186);
#4958=SURFACE_STYLE_USAGE(.BOTH.,#5187);
#4959=SURFACE_STYLE_USAGE(.BOTH.,#5188);
#4960=SURFACE_STYLE_USAGE(.BOTH.,#5189);
#4961=SURFACE_STYLE_USAGE(.BOTH.,#5190);
#4962=SURFACE_STYLE_USAGE(.BOTH.,#5191);
#4963=SURFACE_STYLE_USAGE(.BOTH.,#5192);
#4964=SURFACE_STYLE_USAGE(.BOTH.,#5193);
#4965=SURFACE_STYLE_USAGE(.BOTH.,#5194);
#4966=SURFACE_STYLE_USAGE(.BOTH.,#5195);
#4967=SURFACE_STYLE_USAGE(.BOTH.,#5196);
#4968=SURFACE_STYLE_USAGE(.BOTH.,#5197);
#4969=SURFACE_STYLE_USAGE(.BOTH.,#5198);
#4970=SURFACE_STYLE_USAGE(.BOTH.,#5199);
#4971=SURFACE_STYLE_USAGE(.BOTH.,#5200);
#4972=SURFACE_STYLE_USAGE(.BOTH.,#5201);
#4973=SURFACE_STYLE_USAGE(.BOTH.,#5202);
#4974=SURFACE_STYLE_USAGE(.BOTH.,#5203);
#4975=SURFACE_STYLE_USAGE(.BOTH.,#5204);
#4976=SURFACE_STYLE_USAGE(.BOTH.,#5205);
#4977=SURFACE_STYLE_USAGE(.BOTH.,#5206);
#4978=SURFACE_STYLE_USAGE(.BOTH.,#5207);
#4979=SURFACE_STYLE_USAGE(.BOTH.,#5208);
#4980=SURFACE_STYLE_USAGE(.BOTH.,#5209);
#4981=SURFACE_STYLE_USAGE(.BOTH.,#5210);
#4982=SURFACE_STYLE_USAGE(.BOTH.,#5211);
#4983=SURFACE_STYLE_USAGE(.BOTH.,#5212);
#4984=SURFACE_STYLE_USAGE(.BOTH.,#5213);
#4985=SURFACE_STYLE_USAGE(.BOTH.,#5214);
#4986=SURFACE_STYLE_USAGE(.BOTH.,#5215);
#4987=SURFACE_STYLE_USAGE(.BOTH.,#5216);
#4988=SURFACE_STYLE_USAGE(.BOTH.,#5217);
#4989=SURFACE_STYLE_USAGE(.BOTH.,#5218);
#4990=SURFACE_STYLE_USAGE(.BOTH.,#5219);
#4991=SURFACE_STYLE_USAGE(.BOTH.,#5220);
#4992=SURFACE_STYLE_USAGE(.BOTH.,#5221);
#4993=SURFACE_STYLE_USAGE(.BOTH.,#5222);
#4994=SURFACE_STYLE_USAGE(.BOTH.,#5223);
#4995=SURFACE_STYLE_USAGE(.BOTH.,#5224);
#4996=SURFACE_STYLE_USAGE(.BOTH.,#5225);
#4997=SURFACE_STYLE_USAGE(.BOTH.,#5226);
#4998=SURFACE_STYLE_USAGE(.BOTH.,#5227);
#4999=SURFACE_STYLE_USAGE(.BOTH.,#5228);
#5000=SURFACE_STYLE_USAGE(.BOTH.,#5229);
#5001=SURFACE_STYLE_USAGE(.BOTH.,#5230);
#5002=SURFACE_STYLE_USAGE(.BOTH.,#5231);
#5003=SURFACE_STYLE_USAGE(.BOTH.,#5232);
#5004=SURFACE_STYLE_USAGE(.BOTH.,#5233);
#5005=SURFACE_STYLE_USAGE(.BOTH.,#5234);
#5006=SURFACE_STYLE_USAGE(.BOTH.,#5235);
#5007=SURFACE_STYLE_USAGE(.BOTH.,#5236);
#5008=SURFACE_STYLE_USAGE(.BOTH.,#5237);
#5009=SURFACE_STYLE_USAGE(.BOTH.,#5238);
#5010=SURFACE_STYLE_USAGE(.BOTH.,#5239);
#5011=SURFACE_STYLE_USAGE(.BOTH.,#5240);
#5012=SURFACE_STYLE_USAGE(.BOTH.,#5241);
#5013=SURFACE_STYLE_USAGE(.BOTH.,#5242);
#5014=SURFACE_STYLE_USAGE(.BOTH.,#5243);
#5015=SURFACE_STYLE_USAGE(.BOTH.,#5244);
#5016=SURFACE_STYLE_USAGE(.BOTH.,#5245);
#5017=SURFACE_STYLE_USAGE(.BOTH.,#5246);
#5018=SURFACE_STYLE_USAGE(.BOTH.,#5247);
#5019=SURFACE_STYLE_USAGE(.BOTH.,#5248);
#5020=SURFACE_STYLE_USAGE(.BOTH.,#5249);
#5021=SURFACE_STYLE_USAGE(.BOTH.,#5250);
#5022=SURFACE_STYLE_USAGE(.BOTH.,#5251);
#5023=SURFACE_STYLE_USAGE(.BOTH.,#5252);
#5024=SURFACE_STYLE_USAGE(.BOTH.,#5253);
#5025=SURFACE_STYLE_USAGE(.BOTH.,#5254);
#5026=SURFACE_STYLE_USAGE(.BOTH.,#5255);
#5027=SURFACE_STYLE_USAGE(.BOTH.,#5256);
#5028=SURFACE_STYLE_USAGE(.BOTH.,#5257);
#5029=SURFACE_STYLE_USAGE(.BOTH.,#5258);
#5030=SURFACE_STYLE_USAGE(.BOTH.,#5259);
#5031=SURFACE_STYLE_USAGE(.BOTH.,#5260);
#5032=SURFACE_STYLE_USAGE(.BOTH.,#5261);
#5033=SURFACE_STYLE_USAGE(.BOTH.,#5262);
#5034=SURFACE_STYLE_USAGE(.BOTH.,#5263);
#5035=SURFACE_STYLE_USAGE(.BOTH.,#5264);
#5036=SURFACE_STYLE_USAGE(.BOTH.,#5265);
#5037=SURFACE_STYLE_USAGE(.BOTH.,#5266);
#5038=SURFACE_STYLE_USAGE(.BOTH.,#5267);
#5039=SURFACE_STYLE_USAGE(.BOTH.,#5268);
#5040=SURFACE_STYLE_USAGE(.BOTH.,#5269);
#5041=SURFACE_STYLE_USAGE(.BOTH.,#5270);
#5042=SURFACE_STYLE_USAGE(.BOTH.,#5271);
#5043=SURFACE_STYLE_USAGE(.BOTH.,#5272);
#5044=SURFACE_STYLE_USAGE(.BOTH.,#5273);
#5045=SURFACE_STYLE_USAGE(.BOTH.,#5274);
#5046=SURFACE_STYLE_USAGE(.BOTH.,#5275);
#5047=SURFACE_STYLE_USAGE(.BOTH.,#5276);
#5048=SURFACE_STYLE_USAGE(.BOTH.,#5277);
#5049=SURFACE_STYLE_USAGE(.BOTH.,#5278);
#5050=SURFACE_STYLE_USAGE(.BOTH.,#5279);
#5051=SURFACE_STYLE_USAGE(.BOTH.,#5280);
#5052=SURFACE_STYLE_USAGE(.BOTH.,#5281);
#5053=SURFACE_STYLE_USAGE(.BOTH.,#5282);
#5054=SURFACE_STYLE_USAGE(.BOTH.,#5283);
#5055=SURFACE_STYLE_USAGE(.BOTH.,#5284);
#5056=SURFACE_STYLE_USAGE(.BOTH.,#5285);
#5057=SURFACE_STYLE_USAGE(.BOTH.,#5286);
#5058=SURFACE_STYLE_USAGE(.BOTH.,#5287);
#5059=SURFACE_STYLE_USAGE(.BOTH.,#5288);
#5060=SURFACE_STYLE_USAGE(.BOTH.,#5289);
#5061=SURFACE_STYLE_USAGE(.BOTH.,#5290);
#5062=SURFACE_STYLE_USAGE(.BOTH.,#5291);
#5063=SURFACE_STYLE_USAGE(.BOTH.,#5292);
#5064=SURFACE_STYLE_USAGE(.BOTH.,#5293);
#5065=SURFACE_STYLE_USAGE(.BOTH.,#5294);
#5066=SURFACE_STYLE_USAGE(.BOTH.,#5295);
#5067=SURFACE_STYLE_USAGE(.BOTH.,#5296);
#5068=SURFACE_STYLE_USAGE(.BOTH.,#5297);
#5069=SURFACE_STYLE_USAGE(.BOTH.,#5298);
#5070=SURFACE_STYLE_USAGE(.BOTH.,#5299);
#5071=SURFACE_STYLE_USAGE(.BOTH.,#5300);
#5072=SURFACE_STYLE_USAGE(.BOTH.,#5301);
#5073=SURFACE_STYLE_USAGE(.BOTH.,#5302);
#5074=SURFACE_STYLE_USAGE(.BOTH.,#5303);
#5075=SURFACE_STYLE_USAGE(.BOTH.,#5304);
#5076=SURFACE_STYLE_USAGE(.BOTH.,#5305);
#5077=SURFACE_STYLE_USAGE(.BOTH.,#5306);
#5078=SURFACE_STYLE_USAGE(.BOTH.,#5307);
#5079=SURFACE_STYLE_USAGE(.BOTH.,#5308);
#5080=SURFACE_STYLE_USAGE(.BOTH.,#5309);
#5081=SURFACE_STYLE_USAGE(.BOTH.,#5310);
#5082=SURFACE_STYLE_USAGE(.BOTH.,#5311);
#5083=SURFACE_STYLE_USAGE(.BOTH.,#5312);
#5084=SURFACE_STYLE_USAGE(.BOTH.,#5313);
#5085=SURFACE_STYLE_USAGE(.BOTH.,#5314);
#5086=SURFACE_STYLE_USAGE(.BOTH.,#5315);
#5087=SURFACE_STYLE_USAGE(.BOTH.,#5316);
#5088=SURFACE_STYLE_USAGE(.BOTH.,#5317);
#5089=SURFACE_STYLE_USAGE(.BOTH.,#5318);
#5090=SURFACE_STYLE_USAGE(.BOTH.,#5319);
#5091=SURFACE_STYLE_USAGE(.BOTH.,#5320);
#5092=SURFACE_STYLE_USAGE(.BOTH.,#5321);
#5093=SURFACE_SIDE_STYLE('',(#5322));
#5094=SURFACE_SIDE_STYLE('',(#5323));
#5095=SURFACE_SIDE_STYLE('',(#5324));
#5096=SURFACE_SIDE_STYLE('',(#5325));
#5097=SURFACE_SIDE_STYLE('',(#5326));
#5098=SURFACE_SIDE_STYLE('',(#5327));
#5099=SURFACE_SIDE_STYLE('',(#5328));
#5100=SURFACE_SIDE_STYLE('',(#5329));
#5101=SURFACE_SIDE_STYLE('',(#5330));
#5102=SURFACE_SIDE_STYLE('',(#5331));
#5103=SURFACE_SIDE_STYLE('',(#5332));
#5104=SURFACE_SIDE_STYLE('',(#5333));
#5105=SURFACE_SIDE_STYLE('',(#5334));
#5106=SURFACE_SIDE_STYLE('',(#5335));
#5107=SURFACE_SIDE_STYLE('',(#5336));
#5108=SURFACE_SIDE_STYLE('',(#5337));
#5109=SURFACE_SIDE_STYLE('',(#5338));
#5110=SURFACE_SIDE_STYLE('',(#5339));
#5111=SURFACE_SIDE_STYLE('',(#5340));
#5112=SURFACE_SIDE_STYLE('',(#5341));
#5113=SURFACE_SIDE_STYLE('',(#5342));
#5114=SURFACE_SIDE_STYLE('',(#5343));
#5115=SURFACE_SIDE_STYLE('',(#5344));
#5116=SURFACE_SIDE_STYLE('',(#5345));
#5117=SURFACE_SIDE_STYLE('',(#5346));
#5118=SURFACE_SIDE_STYLE('',(#5347));
#5119=SURFACE_SIDE_STYLE('',(#5348));
#5120=SURFACE_SIDE_STYLE('',(#5349));
#5121=SURFACE_SIDE_STYLE('',(#5350));
#5122=SURFACE_SIDE_STYLE('',(#5351));
#5123=SURFACE_SIDE_STYLE('',(#5352));
#5124=SURFACE_SIDE_STYLE('',(#5353));
#5125=SURFACE_SIDE_STYLE('',(#5354));
#5126=SURFACE_SIDE_STYLE('',(#5355));
#5127=SURFACE_SIDE_STYLE('',(#5356));
#5128=SURFACE_SIDE_STYLE('',(#5357));
#5129=SURFACE_SIDE_STYLE('',(#5358));
#5130=SURFACE_SIDE_STYLE('',(#5359));
#5131=SURFACE_SIDE_STYLE('',(#5360));
#5132=SURFACE_SIDE_STYLE('',(#5361));
#5133=SURFACE_SIDE_STYLE('',(#5362));
#5134=SURFACE_SIDE_STYLE('',(#5363));
#5135=SURFACE_SIDE_STYLE('',(#5364));
#5136=SURFACE_SIDE_STYLE('',(#5365));
#5137=SURFACE_SIDE_STYLE('',(#5366));
#5138=SURFACE_SIDE_STYLE('',(#5367));
#5139=SURFACE_SIDE_STYLE('',(#5368));
#5140=SURFACE_SIDE_STYLE('',(#5369));
#5141=SURFACE_SIDE_STYLE('',(#5370));
#5142=SURFACE_SIDE_STYLE('',(#5371));
#5143=SURFACE_SIDE_STYLE('',(#5372));
#5144=SURFACE_SIDE_STYLE('',(#5373));
#5145=SURFACE_SIDE_STYLE('',(#5374));
#5146=SURFACE_SIDE_STYLE('',(#5375));
#5147=SURFACE_SIDE_STYLE('',(#5376));
#5148=SURFACE_SIDE_STYLE('',(#5377));
#5149=SURFACE_SIDE_STYLE('',(#5378));
#5150=SURFACE_SIDE_STYLE('',(#5379));
#5151=SURFACE_SIDE_STYLE('',(#5380));
#5152=SURFACE_SIDE_STYLE('',(#5381));
#5153=SURFACE_SIDE_STYLE('',(#5382));
#5154=SURFACE_SIDE_STYLE('',(#5383));
#5155=SURFACE_SIDE_STYLE('',(#5384));
#5156=SURFACE_SIDE_STYLE('',(#5385));
#5157=SURFACE_SIDE_STYLE('',(#5386));
#5158=SURFACE_SIDE_STYLE('',(#5387));
#5159=SURFACE_SIDE_STYLE('',(#5388));
#5160=SURFACE_SIDE_STYLE('',(#5389));
#5161=SURFACE_SIDE_STYLE('',(#5390));
#5162=SURFACE_SIDE_STYLE('',(#5391));
#5163=SURFACE_SIDE_STYLE('',(#5392));
#5164=SURFACE_SIDE_STYLE('',(#5393));
#5165=SURFACE_SIDE_STYLE('',(#5394));
#5166=SURFACE_SIDE_STYLE('',(#5395));
#5167=SURFACE_SIDE_STYLE('',(#5396));
#5168=SURFACE_SIDE_STYLE('',(#5397));
#5169=SURFACE_SIDE_STYLE('',(#5398));
#5170=SURFACE_SIDE_STYLE('',(#5399));
#5171=SURFACE_SIDE_STYLE('',(#5400));
#5172=SURFACE_SIDE_STYLE('',(#5401));
#5173=SURFACE_SIDE_STYLE('',(#5402));
#5174=SURFACE_SIDE_STYLE('',(#5403));
#5175=SURFACE_SIDE_STYLE('',(#5404));
#5176=SURFACE_SIDE_STYLE('',(#5405));
#5177=SURFACE_SIDE_STYLE('',(#5406));
#5178=SURFACE_SIDE_STYLE('',(#5407));
#5179=SURFACE_SIDE_STYLE('',(#5408));
#5180=SURFACE_SIDE_STYLE('',(#5409));
#5181=SURFACE_SIDE_STYLE('',(#5410));
#5182=SURFACE_SIDE_STYLE('',(#5411));
#5183=SURFACE_SIDE_STYLE('',(#5412));
#5184=SURFACE_SIDE_STYLE('',(#5413));
#5185=SURFACE_SIDE_STYLE('',(#5414));
#5186=SURFACE_SIDE_STYLE('',(#5415));
#5187=SURFACE_SIDE_STYLE('',(#5416));
#5188=SURFACE_SIDE_STYLE('',(#5417));
#5189=SURFACE_SIDE_STYLE('',(#5418));
#5190=SURFACE_SIDE_STYLE('',(#5419));
#5191=SURFACE_SIDE_STYLE('',(#5420));
#5192=SURFACE_SIDE_STYLE('',(#5421));
#5193=SURFACE_SIDE_STYLE('',(#5422));
#5194=SURFACE_SIDE_STYLE('',(#5423));
#5195=SURFACE_SIDE_STYLE('',(#5424));
#5196=SURFACE_SIDE_STYLE('',(#5425));
#5197=SURFACE_SIDE_STYLE('',(#5426));
#5198=SURFACE_SIDE_STYLE('',(#5427));
#5199=SURFACE_SIDE_STYLE('',(#5428));
#5200=SURFACE_SIDE_STYLE('',(#5429));
#5201=SURFACE_SIDE_STYLE('',(#5430));
#5202=SURFACE_SIDE_STYLE('',(#5431));
#5203=SURFACE_SIDE_STYLE('',(#5432));
#5204=SURFACE_SIDE_STYLE('',(#5433));
#5205=SURFACE_SIDE_STYLE('',(#5434));
#5206=SURFACE_SIDE_STYLE('',(#5435));
#5207=SURFACE_SIDE_STYLE('',(#5436));
#5208=SURFACE_SIDE_STYLE('',(#5437));
#5209=SURFACE_SIDE_STYLE('',(#5438));
#5210=SURFACE_SIDE_STYLE('',(#5439));
#5211=SURFACE_SIDE_STYLE('',(#5440));
#5212=SURFACE_SIDE_STYLE('',(#5441));
#5213=SURFACE_SIDE_STYLE('',(#5442));
#5214=SURFACE_SIDE_STYLE('',(#5443));
#5215=SURFACE_SIDE_STYLE('',(#5444));
#5216=SURFACE_SIDE_STYLE('',(#5445));
#5217=SURFACE_SIDE_STYLE('',(#5446));
#5218=SURFACE_SIDE_STYLE('',(#5447));
#5219=SURFACE_SIDE_STYLE('',(#5448));
#5220=SURFACE_SIDE_STYLE('',(#5449));
#5221=SURFACE_SIDE_STYLE('',(#5450));
#5222=SURFACE_SIDE_STYLE('',(#5451));
#5223=SURFACE_SIDE_STYLE('',(#5452));
#5224=SURFACE_SIDE_STYLE('',(#5453));
#5225=SURFACE_SIDE_STYLE('',(#5454));
#5226=SURFACE_SIDE_STYLE('',(#5455));
#5227=SURFACE_SIDE_STYLE('',(#5456));
#5228=SURFACE_SIDE_STYLE('',(#5457));
#5229=SURFACE_SIDE_STYLE('',(#5458));
#5230=SURFACE_SIDE_STYLE('',(#5459));
#5231=SURFACE_SIDE_STYLE('',(#5460));
#5232=SURFACE_SIDE_STYLE('',(#5461));
#5233=SURFACE_SIDE_STYLE('',(#5462));
#5234=SURFACE_SIDE_STYLE('',(#5463));
#5235=SURFACE_SIDE_STYLE('',(#5464));
#5236=SURFACE_SIDE_STYLE('',(#5465));
#5237=SURFACE_SIDE_STYLE('',(#5466));
#5238=SURFACE_SIDE_STYLE('',(#5467));
#5239=SURFACE_SIDE_STYLE('',(#5468));
#5240=SURFACE_SIDE_STYLE('',(#5469));
#5241=SURFACE_SIDE_STYLE('',(#5470));
#5242=SURFACE_SIDE_STYLE('',(#5471));
#5243=SURFACE_SIDE_STYLE('',(#5472));
#5244=SURFACE_SIDE_STYLE('',(#5473));
#5245=SURFACE_SIDE_STYLE('',(#5474));
#5246=SURFACE_SIDE_STYLE('',(#5475));
#5247=SURFACE_SIDE_STYLE('',(#5476));
#5248=SURFACE_SIDE_STYLE('',(#5477));
#5249=SURFACE_SIDE_STYLE('',(#5478));
#5250=SURFACE_SIDE_STYLE('',(#5479));
#5251=SURFACE_SIDE_STYLE('',(#5480));
#5252=SURFACE_SIDE_STYLE('',(#5481));
#5253=SURFACE_SIDE_STYLE('',(#5482));
#5254=SURFACE_SIDE_STYLE('',(#5483));
#5255=SURFACE_SIDE_STYLE('',(#5484));
#5256=SURFACE_SIDE_STYLE('',(#5485));
#5257=SURFACE_SIDE_STYLE('',(#5486));
#5258=SURFACE_SIDE_STYLE('',(#5487));
#5259=SURFACE_SIDE_STYLE('',(#5488));
#5260=SURFACE_SIDE_STYLE('',(#5489));
#5261=SURFACE_SIDE_STYLE('',(#5490));
#5262=SURFACE_SIDE_STYLE('',(#5491));
#5263=SURFACE_SIDE_STYLE('',(#5492));
#5264=SURFACE_SIDE_STYLE('',(#5493));
#5265=SURFACE_SIDE_STYLE('',(#5494));
#5266=SURFACE_SIDE_STYLE('',(#5495));
#5267=SURFACE_SIDE_STYLE('',(#5496));
#5268=SURFACE_SIDE_STYLE('',(#5497));
#5269=SURFACE_SIDE_STYLE('',(#5498));
#5270=SURFACE_SIDE_STYLE('',(#5499));
#5271=SURFACE_SIDE_STYLE('',(#5500));
#5272=SURFACE_SIDE_STYLE('',(#5501));
#5273=SURFACE_SIDE_STYLE('',(#5502));
#5274=SURFACE_SIDE_STYLE('',(#5503));
#5275=SURFACE_SIDE_STYLE('',(#5504));
#5276=SURFACE_SIDE_STYLE('',(#5505));
#5277=SURFACE_SIDE_STYLE('',(#5506));
#5278=SURFACE_SIDE_STYLE('',(#5507));
#5279=SURFACE_SIDE_STYLE('',(#5508));
#5280=SURFACE_SIDE_STYLE('',(#5509));
#5281=SURFACE_SIDE_STYLE('',(#5510));
#5282=SURFACE_SIDE_STYLE('',(#5511));
#5283=SURFACE_SIDE_STYLE('',(#5512));
#5284=SURFACE_SIDE_STYLE('',(#5513));
#5285=SURFACE_SIDE_STYLE('',(#5514));
#5286=SURFACE_SIDE_STYLE('',(#5515));
#5287=SURFACE_SIDE_STYLE('',(#5516));
#5288=SURFACE_SIDE_STYLE('',(#5517));
#5289=SURFACE_SIDE_STYLE('',(#5518));
#5290=SURFACE_SIDE_STYLE('',(#5519));
#5291=SURFACE_SIDE_STYLE('',(#5520));
#5292=SURFACE_SIDE_STYLE('',(#5521));
#5293=SURFACE_SIDE_STYLE('',(#5522));
#5294=SURFACE_SIDE_STYLE('',(#5523));
#5295=SURFACE_SIDE_STYLE('',(#5524));
#5296=SURFACE_SIDE_STYLE('',(#5525));
#5297=SURFACE_SIDE_STYLE('',(#5526));
#5298=SURFACE_SIDE_STYLE('',(#5527));
#5299=SURFACE_SIDE_STYLE('',(#5528));
#5300=SURFACE_SIDE_STYLE('',(#5529));
#5301=SURFACE_SIDE_STYLE('',(#5530));
#5302=SURFACE_SIDE_STYLE('',(#5531));
#5303=SURFACE_SIDE_STYLE('',(#5532));
#5304=SURFACE_SIDE_STYLE('',(#5533));
#5305=SURFACE_SIDE_STYLE('',(#5534));
#5306=SURFACE_SIDE_STYLE('',(#5535));
#5307=SURFACE_SIDE_STYLE('',(#5536));
#5308=SURFACE_SIDE_STYLE('',(#5537));
#5309=SURFACE_SIDE_STYLE('',(#5538));
#5310=SURFACE_SIDE_STYLE('',(#5539));
#5311=SURFACE_SIDE_STYLE('',(#5540));
#5312=SURFACE_SIDE_STYLE('',(#5541));
#5313=SURFACE_SIDE_STYLE('',(#5542));
#5314=SURFACE_SIDE_STYLE('',(#5543));
#5315=SURFACE_SIDE_STYLE('',(#5544));
#5316=SURFACE_SIDE_STYLE('',(#5545));
#5317=SURFACE_SIDE_STYLE('',(#5546));
#5318=SURFACE_SIDE_STYLE('',(#5547));
#5319=SURFACE_SIDE_STYLE('',(#5548));
#5320=SURFACE_SIDE_STYLE('',(#5549));
#5321=SURFACE_SIDE_STYLE('',(#5550));
#5322=SURFACE_STYLE_FILL_AREA(#5551);
#5323=SURFACE_STYLE_FILL_AREA(#5552);
#5324=SURFACE_STYLE_FILL_AREA(#5553);
#5325=SURFACE_STYLE_FILL_AREA(#5554);
#5326=SURFACE_STYLE_FILL_AREA(#5555);
#5327=SURFACE_STYLE_FILL_AREA(#5556);
#5328=SURFACE_STYLE_FILL_AREA(#5557);
#5329=SURFACE_STYLE_FILL_AREA(#5558);
#5330=SURFACE_STYLE_FILL_AREA(#5559);
#5331=SURFACE_STYLE_FILL_AREA(#5560);
#5332=SURFACE_STYLE_FILL_AREA(#5561);
#5333=SURFACE_STYLE_FILL_AREA(#5562);
#5334=SURFACE_STYLE_FILL_AREA(#5563);
#5335=SURFACE_STYLE_FILL_AREA(#5564);
#5336=SURFACE_STYLE_FILL_AREA(#5565);
#5337=SURFACE_STYLE_FILL_AREA(#5566);
#5338=SURFACE_STYLE_FILL_AREA(#5567);
#5339=SURFACE_STYLE_FILL_AREA(#5568);
#5340=SURFACE_STYLE_FILL_AREA(#5569);
#5341=SURFACE_STYLE_FILL_AREA(#5570);
#5342=SURFACE_STYLE_FILL_AREA(#5571);
#5343=SURFACE_STYLE_FILL_AREA(#5572);
#5344=SURFACE_STYLE_FILL_AREA(#5573);
#5345=SURFACE_STYLE_FILL_AREA(#5574);
#5346=SURFACE_STYLE_FILL_AREA(#5575);
#5347=SURFACE_STYLE_FILL_AREA(#5576);
#5348=SURFACE_STYLE_FILL_AREA(#5577);
#5349=SURFACE_STYLE_FILL_AREA(#5578);
#5350=SURFACE_STYLE_FILL_AREA(#5579);
#5351=SURFACE_STYLE_FILL_AREA(#5580);
#5352=SURFACE_STYLE_FILL_AREA(#5581);
#5353=SURFACE_STYLE_FILL_AREA(#5582);
#5354=SURFACE_STYLE_FILL_AREA(#5583);
#5355=SURFACE_STYLE_FILL_AREA(#5584);
#5356=SURFACE_STYLE_FILL_AREA(#5585);
#5357=SURFACE_STYLE_FILL_AREA(#5586);
#5358=SURFACE_STYLE_FILL_AREA(#5587);
#5359=SURFACE_STYLE_FILL_AREA(#5588);
#5360=SURFACE_STYLE_FILL_AREA(#5589);
#5361=SURFACE_STYLE_FILL_AREA(#5590);
#5362=SURFACE_STYLE_FILL_AREA(#5591);
#5363=SURFACE_STYLE_FILL_AREA(#5592);
#5364=SURFACE_STYLE_FILL_AREA(#5593);
#5365=SURFACE_STYLE_FILL_AREA(#5594);
#5366=SURFACE_STYLE_FILL_AREA(#5595);
#5367=SURFACE_STYLE_FILL_AREA(#5596);
#5368=SURFACE_STYLE_FILL_AREA(#5597);
#5369=SURFACE_STYLE_FILL_AREA(#5598);
#5370=SURFACE_STYLE_FILL_AREA(#5599);
#5371=SURFACE_STYLE_FILL_AREA(#5600);
#5372=SURFACE_STYLE_FILL_AREA(#5601);
#5373=SURFACE_STYLE_FILL_AREA(#5602);
#5374=SURFACE_STYLE_FILL_AREA(#5603);
#5375=SURFACE_STYLE_FILL_AREA(#5604);
#5376=SURFACE_STYLE_FILL_AREA(#5605);
#5377=SURFACE_STYLE_FILL_AREA(#5606);
#5378=SURFACE_STYLE_FILL_AREA(#5607);
#5379=SURFACE_STYLE_FILL_AREA(#5608);
#5380=SURFACE_STYLE_FILL_AREA(#5609);
#5381=SURFACE_STYLE_FILL_AREA(#5610);
#5382=SURFACE_STYLE_FILL_AREA(#5611);
#5383=SURFACE_STYLE_FILL_AREA(#5612);
#5384=SURFACE_STYLE_FILL_AREA(#5613);
#5385=SURFACE_STYLE_FILL_AREA(#5614);
#5386=SURFACE_STYLE_FILL_AREA(#5615);
#5387=SURFACE_STYLE_FILL_AREA(#5616);
#5388=SURFACE_STYLE_FILL_AREA(#5617);
#5389=SURFACE_STYLE_FILL_AREA(#5618);
#5390=SURFACE_STYLE_FILL_AREA(#5619);
#5391=SURFACE_STYLE_FILL_AREA(#5620);
#5392=SURFACE_STYLE_FILL_AREA(#5621);
#5393=SURFACE_STYLE_FILL_AREA(#5622);
#5394=SURFACE_STYLE_FILL_AREA(#5623);
#5395=SURFACE_STYLE_FILL_AREA(#5624);
#5396=SURFACE_STYLE_FILL_AREA(#5625);
#5397=SURFACE_STYLE_FILL_AREA(#5626);
#5398=SURFACE_STYLE_FILL_AREA(#5627);
#5399=SURFACE_STYLE_FILL_AREA(#5628);
#5400=SURFACE_STYLE_FILL_AREA(#5629);
#5401=SURFACE_STYLE_FILL_AREA(#5630);
#5402=SURFACE_STYLE_FILL_AREA(#5631);
#5403=SURFACE_STYLE_FILL_AREA(#5632);
#5404=SURFACE_STYLE_FILL_AREA(#5633);
#5405=SURFACE_STYLE_FILL_AREA(#5634);
#5406=SURFACE_STYLE_FILL_AREA(#5635);
#5407=SURFACE_STYLE_FILL_AREA(#5636);
#5408=SURFACE_STYLE_FILL_AREA(#5637);
#5409=SURFACE_STYLE_FILL_AREA(#5638);
#5410=SURFACE_STYLE_FILL_AREA(#5639);
#5411=SURFACE_STYLE_FILL_AREA(#5640);
#5412=SURFACE_STYLE_FILL_AREA(#5641);
#5413=SURFACE_STYLE_FILL_AREA(#5642);
#5414=SURFACE_STYLE_FILL_AREA(#5643);
#5415=SURFACE_STYLE_FILL_AREA(#5644);
#5416=SURFACE_STYLE_FILL_AREA(#5645);
#5417=SURFACE_STYLE_FILL_AREA(#5646);
#5418=SURFACE_STYLE_FILL_AREA(#5647);
#5419=SURFACE_STYLE_FILL_AREA(#5648);
#5420=SURFACE_STYLE_FILL_AREA(#5649);
#5421=SURFACE_STYLE_FILL_AREA(#5650);
#5422=SURFACE_STYLE_FILL_AREA(#5651);
#5423=SURFACE_STYLE_FILL_AREA(#5652);
#5424=SURFACE_STYLE_FILL_AREA(#5653);
#5425=SURFACE_STYLE_FILL_AREA(#5654);
#5426=SURFACE_STYLE_FILL_AREA(#5655);
#5427=SURFACE_STYLE_FILL_AREA(#5656);
#5428=SURFACE_STYLE_FILL_AREA(#5657);
#5429=SURFACE_STYLE_FILL_AREA(#5658);
#5430=SURFACE_STYLE_FILL_AREA(#5659);
#5431=SURFACE_STYLE_FILL_AREA(#5660);
#5432=SURFACE_STYLE_FILL_AREA(#5661);
#5433=SURFACE_STYLE_FILL_AREA(#5662);
#5434=SURFACE_STYLE_FILL_AREA(#5663);
#5435=SURFACE_STYLE_FILL_AREA(#5664);
#5436=SURFACE_STYLE_FILL_AREA(#5665);
#5437=SURFACE_STYLE_FILL_AREA(#5666);
#5438=SURFACE_STYLE_FILL_AREA(#5667);
#5439=SURFACE_STYLE_FILL_AREA(#5668);
#5440=SURFACE_STYLE_FILL_AREA(#5669);
#5441=SURFACE_STYLE_FILL_AREA(#5670);
#5442=SURFACE_STYLE_FILL_AREA(#5671);
#5443=SURFACE_STYLE_FILL_AREA(#5672);
#5444=SURFACE_STYLE_FILL_AREA(#5673);
#5445=SURFACE_STYLE_FILL_AREA(#5674);
#5446=SURFACE_STYLE_FILL_AREA(#5675);
#5447=SURFACE_STYLE_FILL_AREA(#5676);
#5448=SURFACE_STYLE_FILL_AREA(#5677);
#5449=SURFACE_STYLE_FILL_AREA(#5678);
#5450=SURFACE_STYLE_FILL_AREA(#5679);
#5451=SURFACE_STYLE_FILL_AREA(#5680);
#5452=SURFACE_STYLE_FILL_AREA(#5681);
#5453=SURFACE_STYLE_FILL_AREA(#5682);
#5454=SURFACE_STYLE_FILL_AREA(#5683);
#5455=SURFACE_STYLE_FILL_AREA(#5684);
#5456=SURFACE_STYLE_FILL_AREA(#5685);
#5457=SURFACE_STYLE_FILL_AREA(#5686);
#5458=SURFACE_STYLE_FILL_AREA(#5687);
#5459=SURFACE_STYLE_FILL_AREA(#5688);
#5460=SURFACE_STYLE_FILL_AREA(#5689);
#5461=SURFACE_STYLE_FILL_AREA(#5690);
#5462=SURFACE_STYLE_FILL_AREA(#5691);
#5463=SURFACE_STYLE_FILL_AREA(#5692);
#5464=SURFACE_STYLE_FILL_AREA(#5693);
#5465=SURFACE_STYLE_FILL_AREA(#5694);
#5466=SURFACE_STYLE_FILL_AREA(#5695);
#5467=SURFACE_STYLE_FILL_AREA(#5696);
#5468=SURFACE_STYLE_FILL_AREA(#5697);
#5469=SURFACE_STYLE_FILL_AREA(#5698);
#5470=SURFACE_STYLE_FILL_AREA(#5699);
#5471=SURFACE_STYLE_FILL_AREA(#5700);
#5472=SURFACE_STYLE_FILL_AREA(#5701);
#5473=SURFACE_STYLE_FILL_AREA(#5702);
#5474=SURFACE_STYLE_FILL_AREA(#5703);
#5475=SURFACE_STYLE_FILL_AREA(#5704);
#5476=SURFACE_STYLE_FILL_AREA(#5705);
#5477=SURFACE_STYLE_FILL_AREA(#5706);
#5478=SURFACE_STYLE_FILL_AREA(#5707);
#5479=SURFACE_STYLE_FILL_AREA(#5708);
#5480=SURFACE_STYLE_FILL_AREA(#5709);
#5481=SURFACE_STYLE_FILL_AREA(#5710);
#5482=SURFACE_STYLE_FILL_AREA(#5711);
#5483=SURFACE_STYLE_FILL_AREA(#5712);
#5484=SURFACE_STYLE_FILL_AREA(#5713);
#5485=SURFACE_STYLE_FILL_AREA(#5714);
#5486=SURFACE_STYLE_FILL_AREA(#5715);
#5487=SURFACE_STYLE_FILL_AREA(#5716);
#5488=SURFACE_STYLE_FILL_AREA(#5717);
#5489=SURFACE_STYLE_FILL_AREA(#5718);
#5490=SURFACE_STYLE_FILL_AREA(#5719);
#5491=SURFACE_STYLE_FILL_AREA(#5720);
#5492=SURFACE_STYLE_FILL_AREA(#5721);
#5493=SURFACE_STYLE_FILL_AREA(#5722);
#5494=SURFACE_STYLE_FILL_AREA(#5723);
#5495=SURFACE_STYLE_FILL_AREA(#5724);
#5496=SURFACE_STYLE_FILL_AREA(#5725);
#5497=SURFACE_STYLE_FILL_AREA(#5726);
#5498=SURFACE_STYLE_FILL_AREA(#5727);
#5499=SURFACE_STYLE_FILL_AREA(#5728);
#5500=SURFACE_STYLE_FILL_AREA(#5729);
#5501=SURFACE_STYLE_FILL_AREA(#5730);
#5502=SURFACE_STYLE_FILL_AREA(#5731);
#5503=SURFACE_STYLE_FILL_AREA(#5732);
#5504=SURFACE_STYLE_FILL_AREA(#5733);
#5505=SURFACE_STYLE_FILL_AREA(#5734);
#5506=SURFACE_STYLE_FILL_AREA(#5735);
#5507=SURFACE_STYLE_FILL_AREA(#5736);
#5508=SURFACE_STYLE_FILL_AREA(#5737);
#5509=SURFACE_STYLE_FILL_AREA(#5738);
#5510=SURFACE_STYLE_FILL_AREA(#5739);
#5511=SURFACE_STYLE_FILL_AREA(#5740);
#5512=SURFACE_STYLE_FILL_AREA(#5741);
#5513=SURFACE_STYLE_FILL_AREA(#5742);
#5514=SURFACE_STYLE_FILL_AREA(#5743);
#5515=SURFACE_STYLE_FILL_AREA(#5744);
#5516=SURFACE_STYLE_FILL_AREA(#5745);
#5517=SURFACE_STYLE_FILL_AREA(#5746);
#5518=SURFACE_STYLE_FILL_AREA(#5747);
#5519=SURFACE_STYLE_FILL_AREA(#5748);
#5520=SURFACE_STYLE_FILL_AREA(#5749);
#5521=SURFACE_STYLE_FILL_AREA(#5750);
#5522=SURFACE_STYLE_FILL_AREA(#5751);
#5523=SURFACE_STYLE_FILL_AREA(#5752);
#5524=SURFACE_STYLE_FILL_AREA(#5753);
#5525=SURFACE_STYLE_FILL_AREA(#5754);
#5526=SURFACE_STYLE_FILL_AREA(#5755);
#5527=SURFACE_STYLE_FILL_AREA(#5756);
#5528=SURFACE_STYLE_FILL_AREA(#5757);
#5529=SURFACE_STYLE_FILL_AREA(#5758);
#5530=SURFACE_STYLE_FILL_AREA(#5759);
#5531=SURFACE_STYLE_FILL_AREA(#5760);
#5532=SURFACE_STYLE_FILL_AREA(#5761);
#5533=SURFACE_STYLE_FILL_AREA(#5762);
#5534=SURFACE_STYLE_FILL_AREA(#5763);
#5535=SURFACE_STYLE_FILL_AREA(#5764);
#5536=SURFACE_STYLE_FILL_AREA(#5765);
#5537=SURFACE_STYLE_FILL_AREA(#5766);
#5538=SURFACE_STYLE_FILL_AREA(#5767);
#5539=SURFACE_STYLE_FILL_AREA(#5768);
#5540=SURFACE_STYLE_FILL_AREA(#5769);
#5541=SURFACE_STYLE_FILL_AREA(#5770);
#5542=SURFACE_STYLE_FILL_AREA(#5771);
#5543=SURFACE_STYLE_FILL_AREA(#5772);
#5544=SURFACE_STYLE_FILL_AREA(#5773);
#5545=SURFACE_STYLE_FILL_AREA(#5774);
#5546=SURFACE_STYLE_FILL_AREA(#5775);
#5547=SURFACE_STYLE_FILL_AREA(#5776);
#5548=SURFACE_STYLE_FILL_AREA(#5777);
#5549=SURFACE_STYLE_FILL_AREA(#5778);
#5550=SURFACE_STYLE_FILL_AREA(#5779);
#5551=FILL_AREA_STYLE('',(#5780));
#5552=FILL_AREA_STYLE('',(#5781));
#5553=FILL_AREA_STYLE('',(#5782));
#5554=FILL_AREA_STYLE('',(#5783));
#5555=FILL_AREA_STYLE('',(#5784));
#5556=FILL_AREA_STYLE('',(#5785));
#5557=FILL_AREA_STYLE('',(#5786));
#5558=FILL_AREA_STYLE('',(#5787));
#5559=FILL_AREA_STYLE('',(#5788));
#5560=FILL_AREA_STYLE('',(#5789));
#5561=FILL_AREA_STYLE('',(#5790));
#5562=FILL_AREA_STYLE('',(#5791));
#5563=FILL_AREA_STYLE('',(#5792));
#5564=FILL_AREA_STYLE('',(#5793));
#5565=FILL_AREA_STYLE('',(#5794));
#5566=FILL_AREA_STYLE('',(#5795));
#5567=FILL_AREA_STYLE('',(#5796));
#5568=FILL_AREA_STYLE('',(#5797));
#5569=FILL_AREA_STYLE('',(#5798));
#5570=FILL_AREA_STYLE('',(#5799));
#5571=FILL_AREA_STYLE('',(#5800));
#5572=FILL_AREA_STYLE('',(#5801));
#5573=FILL_AREA_STYLE('',(#5802));
#5574=FILL_AREA_STYLE('',(#5803));
#5575=FILL_AREA_STYLE('',(#5804));
#5576=FILL_AREA_STYLE('',(#5805));
#5577=FILL_AREA_STYLE('',(#5806));
#5578=FILL_AREA_STYLE('',(#5807));
#5579=FILL_AREA_STYLE('',(#5808));
#5580=FILL_AREA_STYLE('',(#5809));
#5581=FILL_AREA_STYLE('',(#5810));
#5582=FILL_AREA_STYLE('',(#5811));
#5583=FILL_AREA_STYLE('',(#5812));
#5584=FILL_AREA_STYLE('',(#5813));
#5585=FILL_AREA_STYLE('',(#5814));
#5586=FILL_AREA_STYLE('',(#5815));
#5587=FILL_AREA_STYLE('',(#5816));
#5588=FILL_AREA_STYLE('',(#5817));
#5589=FILL_AREA_STYLE('',(#5818));
#5590=FILL_AREA_STYLE('',(#5819));
#5591=FILL_AREA_STYLE('',(#5820));
#5592=FILL_AREA_STYLE('',(#5821));
#5593=FILL_AREA_STYLE('',(#5822));
#5594=FILL_AREA_STYLE('',(#5823));
#5595=FILL_AREA_STYLE('',(#5824));
#5596=FILL_AREA_STYLE('',(#5825));
#5597=FILL_AREA_STYLE('',(#5826));
#5598=FILL_AREA_STYLE('',(#5827));
#5599=FILL_AREA_STYLE('',(#5828));
#5600=FILL_AREA_STYLE('',(#5829));
#5601=FILL_AREA_STYLE('',(#5830));
#5602=FILL_AREA_STYLE('',(#5831));
#5603=FILL_AREA_STYLE('',(#5832));
#5604=FILL_AREA_STYLE('',(#5833));
#5605=FILL_AREA_STYLE('',(#5834));
#5606=FILL_AREA_STYLE('',(#5835));
#5607=FILL_AREA_STYLE('',(#5836));
#5608=FILL_AREA_STYLE('',(#5837));
#5609=FILL_AREA_STYLE('',(#5838));
#5610=FILL_AREA_STYLE('',(#5839));
#5611=FILL_AREA_STYLE('',(#5840));
#5612=FILL_AREA_STYLE('',(#5841));
#5613=FILL_AREA_STYLE('',(#5842));
#5614=FILL_AREA_STYLE('',(#5843));
#5615=FILL_AREA_STYLE('',(#5844));
#5616=FILL_AREA_STYLE('',(#5845));
#5617=FILL_AREA_STYLE('',(#5846));
#5618=FILL_AREA_STYLE('',(#5847));
#5619=FILL_AREA_STYLE('',(#5848));
#5620=FILL_AREA_STYLE('',(#5849));
#5621=FILL_AREA_STYLE('',(#5850));
#5622=FILL_AREA_STYLE('',(#5851));
#5623=FILL_AREA_STYLE('',(#5852));
#5624=FILL_AREA_STYLE('',(#5853));
#5625=FILL_AREA_STYLE('',(#5854));
#5626=FILL_AREA_STYLE('',(#5855));
#5627=FILL_AREA_STYLE('',(#5856));
#5628=FILL_AREA_STYLE('',(#5857));
#5629=FILL_AREA_STYLE('',(#5858));
#5630=FILL_AREA_STYLE('',(#5859));
#5631=FILL_AREA_STYLE('',(#5860));
#5632=FILL_AREA_STYLE('',(#5861));
#5633=FILL_AREA_STYLE('',(#5862));
#5634=FILL_AREA_STYLE('',(#5863));
#5635=FILL_AREA_STYLE('',(#5864));
#5636=FILL_AREA_STYLE('',(#5865));
#5637=FILL_AREA_STYLE('',(#5866));
#5638=FILL_AREA_STYLE('',(#5867));
#5639=FILL_AREA_STYLE('',(#5868));
#5640=FILL_AREA_STYLE('',(#5869));
#5641=FILL_AREA_STYLE('',(#5870));
#5642=FILL_AREA_STYLE('',(#5871));
#5643=FILL_AREA_STYLE('',(#5872));
#5644=FILL_AREA_STYLE('',(#5873));
#5645=FILL_AREA_STYLE('',(#5874));
#5646=FILL_AREA_STYLE('',(#5875));
#5647=FILL_AREA_STYLE('',(#5876));
#5648=FILL_AREA_STYLE('',(#5877));
#5649=FILL_AREA_STYLE('',(#5878));
#5650=FILL_AREA_STYLE('',(#5879));
#5651=FILL_AREA_STYLE('',(#5880));
#5652=FILL_AREA_STYLE('',(#5881));
#5653=FILL_AREA_STYLE('',(#5882));
#5654=FILL_AREA_STYLE('',(#5883));
#5655=FILL_AREA_STYLE('',(#5884));
#5656=FILL_AREA_STYLE('',(#5885));
#5657=FILL_AREA_STYLE('',(#5886));
#5658=FILL_AREA_STYLE('',(#5887));
#5659=FILL_AREA_STYLE('',(#5888));
#5660=FILL_AREA_STYLE('',(#5889));
#5661=FILL_AREA_STYLE('',(#5890));
#5662=FILL_AREA_STYLE('',(#5891));
#5663=FILL_AREA_STYLE('',(#5892));
#5664=FILL_AREA_STYLE('',(#5893));
#5665=FILL_AREA_STYLE('',(#5894));
#5666=FILL_AREA_STYLE('',(#5895));
#5667=FILL_AREA_STYLE('',(#5896));
#5668=FILL_AREA_STYLE('',(#5897));
#5669=FILL_AREA_STYLE('',(#5898));
#5670=FILL_AREA_STYLE('',(#5899));
#5671=FILL_AREA_STYLE('',(#5900));
#5672=FILL_AREA_STYLE('',(#5901));
#5673=FILL_AREA_STYLE('',(#5902));
#5674=FILL_AREA_STYLE('',(#5903));
#5675=FILL_AREA_STYLE('',(#5904));
#5676=FILL_AREA_STYLE('',(#5905));
#5677=FILL_AREA_STYLE('',(#5906));
#5678=FILL_AREA_STYLE('',(#5907));
#5679=FILL_AREA_STYLE('',(#5908));
#5680=FILL_AREA_STYLE('',(#5909));
#5681=FILL_AREA_STYLE('',(#5910));
#5682=FILL_AREA_STYLE('',(#5911));
#5683=FILL_AREA_STYLE('',(#5912));
#5684=FILL_AREA_STYLE('',(#5913));
#5685=FILL_AREA_STYLE('',(#5914));
#5686=FILL_AREA_STYLE('',(#5915));
#5687=FILL_AREA_STYLE('',(#5916));
#5688=FILL_AREA_STYLE('',(#5917));
#5689=FILL_AREA_STYLE('',(#5918));
#5690=FILL_AREA_STYLE('',(#5919));
#5691=FILL_AREA_STYLE('',(#5920));
#5692=FILL_AREA_STYLE('',(#5921));
#5693=FILL_AREA_STYLE('',(#5922));
#5694=FILL_AREA_STYLE('',(#5923));
#5695=FILL_AREA_STYLE('',(#5924));
#5696=FILL_AREA_STYLE('',(#5925));
#5697=FILL_AREA_STYLE('',(#5926));
#5698=FILL_AREA_STYLE('',(#5927));
#5699=FILL_AREA_STYLE('',(#5928));
#5700=FILL_AREA_STYLE('',(#5929));
#5701=FILL_AREA_STYLE('',(#5930));
#5702=FILL_AREA_STYLE('',(#5931));
#5703=FILL_AREA_STYLE('',(#5932));
#5704=FILL_AREA_STYLE('',(#5933));
#5705=FILL_AREA_STYLE('',(#5934));
#5706=FILL_AREA_STYLE('',(#5935));
#5707=FILL_AREA_STYLE('',(#5936));
#5708=FILL_AREA_STYLE('',(#5937));
#5709=FILL_AREA_STYLE('',(#5938));
#5710=FILL_AREA_STYLE('',(#5939));
#5711=FILL_AREA_STYLE('',(#5940));
#5712=FILL_AREA_STYLE('',(#5941));
#5713=FILL_AREA_STYLE('',(#5942));
#5714=FILL_AREA_STYLE('',(#5943));
#5715=FILL_AREA_STYLE('',(#5944));
#5716=FILL_AREA_STYLE('',(#5945));
#5717=FILL_AREA_STYLE('',(#5946));
#5718=FILL_AREA_STYLE('',(#5947));
#5719=FILL_AREA_STYLE('',(#5948));
#5720=FILL_AREA_STYLE('',(#5949));
#5721=FILL_AREA_STYLE('',(#5950));
#5722=FILL_AREA_STYLE('',(#5951));
#5723=FILL_AREA_STYLE('',(#5952));
#5724=FILL_AREA_STYLE('',(#5953));
#5725=FILL_AREA_STYLE('',(#5954));
#5726=FILL_AREA_STYLE('',(#5955));
#5727=FILL_AREA_STYLE('',(#5956));
#5728=FILL_AREA_STYLE('',(#5957));
#5729=FILL_AREA_STYLE('',(#5958));
#5730=FILL_AREA_STYLE('',(#5959));
#5731=FILL_AREA_STYLE('',(#5960));
#5732=FILL_AREA_STYLE('',(#5961));
#5733=FILL_AREA_STYLE('',(#5962));
#5734=FILL_AREA_STYLE('',(#5963));
#5735=FILL_AREA_STYLE('',(#5964));
#5736=FILL_AREA_STYLE('',(#5965));
#5737=FILL_AREA_STYLE('',(#5966));
#5738=FILL_AREA_STYLE('',(#5967));
#5739=FILL_AREA_STYLE('',(#5968));
#5740=FILL_AREA_STYLE('',(#5969));
#5741=FILL_AREA_STYLE('',(#5970));
#5742=FILL_AREA_STYLE('',(#5971));
#5743=FILL_AREA_STYLE('',(#5972));
#5744=FILL_AREA_STYLE('',(#5973));
#5745=FILL_AREA_STYLE('',(#5974));
#5746=FILL_AREA_STYLE('',(#5975));
#5747=FILL_AREA_STYLE('',(#5976));
#5748=FILL_AREA_STYLE('',(#5977));
#5749=FILL_AREA_STYLE('',(#5978));
#5750=FILL_AREA_STYLE('',(#5979));
#5751=FILL_AREA_STYLE('',(#5980));
#5752=FILL_AREA_STYLE('',(#5981));
#5753=FILL_AREA_STYLE('',(#5982));
#5754=FILL_AREA_STYLE('',(#5983));
#5755=FILL_AREA_STYLE('',(#5984));
#5756=FILL_AREA_STYLE('',(#5985));
#5757=FILL_AREA_STYLE('',(#5986));
#5758=FILL_AREA_STYLE('',(#5987));
#5759=FILL_AREA_STYLE('',(#5988));
#5760=FILL_AREA_STYLE('',(#5989));
#5761=FILL_AREA_STYLE('',(#5990));
#5762=FILL_AREA_STYLE('',(#5991));
#5763=FILL_AREA_STYLE('',(#5992));
#5764=FILL_AREA_STYLE('',(#5993));
#5765=FILL_AREA_STYLE('',(#5994));
#5766=FILL_AREA_STYLE('',(#5995));
#5767=FILL_AREA_STYLE('',(#5996));
#5768=FILL_AREA_STYLE('',(#5997));
#5769=FILL_AREA_STYLE('',(#5998));
#5770=FILL_AREA_STYLE('',(#5999));
#5771=FILL_AREA_STYLE('',(#6000));
#5772=FILL_AREA_STYLE('',(#6001));
#5773=FILL_AREA_STYLE('',(#6002));
#5774=FILL_AREA_STYLE('',(#6003));
#5775=FILL_AREA_STYLE('',(#6004));
#5776=FILL_AREA_STYLE('',(#6005));
#5777=FILL_AREA_STYLE('',(#6006));
#5778=FILL_AREA_STYLE('',(#6007));
#5779=FILL_AREA_STYLE('',(#6008));
#5780=FILL_AREA_STYLE_COLOUR('',#6009);
#5781=FILL_AREA_STYLE_COLOUR('',#6009);
#5782=FILL_AREA_STYLE_COLOUR('',#6009);
#5783=FILL_AREA_STYLE_COLOUR('',#6009);
#5784=FILL_AREA_STYLE_COLOUR('',#6009);
#5785=FILL_AREA_STYLE_COLOUR('',#6009);
#5786=FILL_AREA_STYLE_COLOUR('',#6009);
#5787=FILL_AREA_STYLE_COLOUR('',#6009);
#5788=FILL_AREA_STYLE_COLOUR('',#6009);
#5789=FILL_AREA_STYLE_COLOUR('',#6009);
#5790=FILL_AREA_STYLE_COLOUR('',#6009);
#5791=FILL_AREA_STYLE_COLOUR('',#6009);
#5792=FILL_AREA_STYLE_COLOUR('',#6009);
#5793=FILL_AREA_STYLE_COLOUR('',#6009);
#5794=FILL_AREA_STYLE_COLOUR('',#6009);
#5795=FILL_AREA_STYLE_COLOUR('',#6009);
#5796=FILL_AREA_STYLE_COLOUR('',#6009);
#5797=FILL_AREA_STYLE_COLOUR('',#6009);
#5798=FILL_AREA_STYLE_COLOUR('',#6009);
#5799=FILL_AREA_STYLE_COLOUR('',#6009);
#5800=FILL_AREA_STYLE_COLOUR('',#6009);
#5801=FILL_AREA_STYLE_COLOUR('',#6009);
#5802=FILL_AREA_STYLE_COLOUR('',#6009);
#5803=FILL_AREA_STYLE_COLOUR('',#6009);
#5804=FILL_AREA_STYLE_COLOUR('',#6009);
#5805=FILL_AREA_STYLE_COLOUR('',#6009);
#5806=FILL_AREA_STYLE_COLOUR('',#6009);
#5807=FILL_AREA_STYLE_COLOUR('',#6009);
#5808=FILL_AREA_STYLE_COLOUR('',#6009);
#5809=FILL_AREA_STYLE_COLOUR('',#6009);
#5810=FILL_AREA_STYLE_COLOUR('',#6009);
#5811=FILL_AREA_STYLE_COLOUR('',#6009);
#5812=FILL_AREA_STYLE_COLOUR('',#6009);
#5813=FILL_AREA_STYLE_COLOUR('',#6009);
#5814=FILL_AREA_STYLE_COLOUR('',#6009);
#5815=FILL_AREA_STYLE_COLOUR('',#6009);
#5816=FILL_AREA_STYLE_COLOUR('',#6009);
#5817=FILL_AREA_STYLE_COLOUR('',#6009);
#5818=FILL_AREA_STYLE_COLOUR('',#6009);
#5819=FILL_AREA_STYLE_COLOUR('',#6009);
#5820=FILL_AREA_STYLE_COLOUR('',#6009);
#5821=FILL_AREA_STYLE_COLOUR('',#6009);
#5822=FILL_AREA_STYLE_COLOUR('',#6009);
#5823=FILL_AREA_STYLE_COLOUR('',#6009);
#5824=FILL_AREA_STYLE_COLOUR('',#6009);
#5825=FILL_AREA_STYLE_COLOUR('',#6009);
#5826=FILL_AREA_STYLE_COLOUR('',#6009);
#5827=FILL_AREA_STYLE_COLOUR('',#6009);
#5828=FILL_AREA_STYLE_COLOUR('',#6009);
#5829=FILL_AREA_STYLE_COLOUR('',#6009);
#5830=FILL_AREA_STYLE_COLOUR('',#6010);
#5831=FILL_AREA_STYLE_COLOUR('',#6010);
#5832=FILL_AREA_STYLE_COLOUR('',#6010);
#5833=FILL_AREA_STYLE_COLOUR('',#6010);
#5834=FILL_AREA_STYLE_COLOUR('',#6010);
#5835=FILL_AREA_STYLE_COLOUR('',#6010);
#5836=FILL_AREA_STYLE_COLOUR('',#6010);
#5837=FILL_AREA_STYLE_COLOUR('',#6010);
#5838=FILL_AREA_STYLE_COLOUR('',#6010);
#5839=FILL_AREA_STYLE_COLOUR('',#6010);
#5840=FILL_AREA_STYLE_COLOUR('',#6010);
#5841=FILL_AREA_STYLE_COLOUR('',#6010);
#5842=FILL_AREA_STYLE_COLOUR('',#6010);
#5843=FILL_AREA_STYLE_COLOUR('',#6010);
#5844=FILL_AREA_STYLE_COLOUR('',#6010);
#5845=FILL_AREA_STYLE_COLOUR('',#6010);
#5846=FILL_AREA_STYLE_COLOUR('',#6010);
#5847=FILL_AREA_STYLE_COLOUR('',#6010);
#5848=FILL_AREA_STYLE_COLOUR('',#6010);
#5849=FILL_AREA_STYLE_COLOUR('',#6010);
#5850=FILL_AREA_STYLE_COLOUR('',#6010);
#5851=FILL_AREA_STYLE_COLOUR('',#6009);
#5852=FILL_AREA_STYLE_COLOUR('',#6010);
#5853=FILL_AREA_STYLE_COLOUR('',#6010);
#5854=FILL_AREA_STYLE_COLOUR('',#6010);
#5855=FILL_AREA_STYLE_COLOUR('',#6010);
#5856=FILL_AREA_STYLE_COLOUR('',#6010);
#5857=FILL_AREA_STYLE_COLOUR('',#6010);
#5858=FILL_AREA_STYLE_COLOUR('',#6010);
#5859=FILL_AREA_STYLE_COLOUR('',#6010);
#5860=FILL_AREA_STYLE_COLOUR('',#6010);
#5861=FILL_AREA_STYLE_COLOUR('',#6010);
#5862=FILL_AREA_STYLE_COLOUR('',#6009);
#5863=FILL_AREA_STYLE_COLOUR('',#6010);
#5864=FILL_AREA_STYLE_COLOUR('',#6010);
#5865=FILL_AREA_STYLE_COLOUR('',#6010);
#5866=FILL_AREA_STYLE_COLOUR('',#6009);
#5867=FILL_AREA_STYLE_COLOUR('',#6010);
#5868=FILL_AREA_STYLE_COLOUR('',#6010);
#5869=FILL_AREA_STYLE_COLOUR('',#6010);
#5870=FILL_AREA_STYLE_COLOUR('',#6010);
#5871=FILL_AREA_STYLE_COLOUR('',#6010);
#5872=FILL_AREA_STYLE_COLOUR('',#6010);
#5873=FILL_AREA_STYLE_COLOUR('',#6010);
#5874=FILL_AREA_STYLE_COLOUR('',#6010);
#5875=FILL_AREA_STYLE_COLOUR('',#6010);
#5876=FILL_AREA_STYLE_COLOUR('',#6010);
#5877=FILL_AREA_STYLE_COLOUR('',#6010);
#5878=FILL_AREA_STYLE_COLOUR('',#6010);
#5879=FILL_AREA_STYLE_COLOUR('',#6010);
#5880=FILL_AREA_STYLE_COLOUR('',#6009);
#5881=FILL_AREA_STYLE_COLOUR('',#6010);
#5882=FILL_AREA_STYLE_COLOUR('',#6010);
#5883=FILL_AREA_STYLE_COLOUR('',#6010);
#5884=FILL_AREA_STYLE_COLOUR('',#6010);
#5885=FILL_AREA_STYLE_COLOUR('',#6010);
#5886=FILL_AREA_STYLE_COLOUR('',#6010);
#5887=FILL_AREA_STYLE_COLOUR('',#6010);
#5888=FILL_AREA_STYLE_COLOUR('',#6010);
#5889=FILL_AREA_STYLE_COLOUR('',#6010);
#5890=FILL_AREA_STYLE_COLOUR('',#6010);
#5891=FILL_AREA_STYLE_COLOUR('',#6010);
#5892=FILL_AREA_STYLE_COLOUR('',#6010);
#5893=FILL_AREA_STYLE_COLOUR('',#6009);
#5894=FILL_AREA_STYLE_COLOUR('',#6010);
#5895=FILL_AREA_STYLE_COLOUR('',#6010);
#5896=FILL_AREA_STYLE_COLOUR('',#6010);
#5897=FILL_AREA_STYLE_COLOUR('',#6010);
#5898=FILL_AREA_STYLE_COLOUR('',#6010);
#5899=FILL_AREA_STYLE_COLOUR('',#6010);
#5900=FILL_AREA_STYLE_COLOUR('',#6010);
#5901=FILL_AREA_STYLE_COLOUR('',#6009);
#5902=FILL_AREA_STYLE_COLOUR('',#6010);
#5903=FILL_AREA_STYLE_COLOUR('',#6010);
#5904=FILL_AREA_STYLE_COLOUR('',#6010);
#5905=FILL_AREA_STYLE_COLOUR('',#6010);
#5906=FILL_AREA_STYLE_COLOUR('',#6010);
#5907=FILL_AREA_STYLE_COLOUR('',#6010);
#5908=FILL_AREA_STYLE_COLOUR('',#6010);
#5909=FILL_AREA_STYLE_COLOUR('',#6010);
#5910=FILL_AREA_STYLE_COLOUR('',#6010);
#5911=FILL_AREA_STYLE_COLOUR('',#6010);
#5912=FILL_AREA_STYLE_COLOUR('',#6010);
#5913=FILL_AREA_STYLE_COLOUR('',#6010);
#5914=FILL_AREA_STYLE_COLOUR('',#6010);
#5915=FILL_AREA_STYLE_COLOUR('',#6010);
#5916=FILL_AREA_STYLE_COLOUR('',#6010);
#5917=FILL_AREA_STYLE_COLOUR('',#6010);
#5918=FILL_AREA_STYLE_COLOUR('',#6010);
#5919=FILL_AREA_STYLE_COLOUR('',#6010);
#5920=FILL_AREA_STYLE_COLOUR('',#6010);
#5921=FILL_AREA_STYLE_COLOUR('',#6010);
#5922=FILL_AREA_STYLE_COLOUR('',#6010);
#5923=FILL_AREA_STYLE_COLOUR('',#6010);
#5924=FILL_AREA_STYLE_COLOUR('',#6010);
#5925=FILL_AREA_STYLE_COLOUR('',#6010);
#5926=FILL_AREA_STYLE_COLOUR('',#6010);
#5927=FILL_AREA_STYLE_COLOUR('',#6010);
#5928=FILL_AREA_STYLE_COLOUR('',#6010);
#5929=FILL_AREA_STYLE_COLOUR('',#6010);
#5930=FILL_AREA_STYLE_COLOUR('',#6010);
#5931=FILL_AREA_STYLE_COLOUR('',#6010);
#5932=FILL_AREA_STYLE_COLOUR('',#6010);
#5933=FILL_AREA_STYLE_COLOUR('',#6010);
#5934=FILL_AREA_STYLE_COLOUR('',#6010);
#5935=FILL_AREA_STYLE_COLOUR('',#6010);
#5936=FILL_AREA_STYLE_COLOUR('',#6009);
#5937=FILL_AREA_STYLE_COLOUR('',#6011);
#5938=FILL_AREA_STYLE_COLOUR('',#6011);
#5939=FILL_AREA_STYLE_COLOUR('',#6011);
#5940=FILL_AREA_STYLE_COLOUR('',#6011);
#5941=FILL_AREA_STYLE_COLOUR('',#6011);
#5942=FILL_AREA_STYLE_COLOUR('',#6011);
#5943=FILL_AREA_STYLE_COLOUR('',#6011);
#5944=FILL_AREA_STYLE_COLOUR('',#6011);
#5945=FILL_AREA_STYLE_COLOUR('',#6011);
#5946=FILL_AREA_STYLE_COLOUR('',#6011);
#5947=FILL_AREA_STYLE_COLOUR('',#6011);
#5948=FILL_AREA_STYLE_COLOUR('',#6011);
#5949=FILL_AREA_STYLE_COLOUR('',#6011);
#5950=FILL_AREA_STYLE_COLOUR('',#6011);
#5951=FILL_AREA_STYLE_COLOUR('',#6011);
#5952=FILL_AREA_STYLE_COLOUR('',#6011);
#5953=FILL_AREA_STYLE_COLOUR('',#6011);
#5954=FILL_AREA_STYLE_COLOUR('',#6011);
#5955=FILL_AREA_STYLE_COLOUR('',#6011);
#5956=FILL_AREA_STYLE_COLOUR('',#6011);
#5957=FILL_AREA_STYLE_COLOUR('',#6011);
#5958=FILL_AREA_STYLE_COLOUR('',#6011);
#5959=FILL_AREA_STYLE_COLOUR('',#6011);
#5960=FILL_AREA_STYLE_COLOUR('',#6011);
#5961=FILL_AREA_STYLE_COLOUR('',#6011);
#5962=FILL_AREA_STYLE_COLOUR('',#6011);
#5963=FILL_AREA_STYLE_COLOUR('',#6011);
#5964=FILL_AREA_STYLE_COLOUR('',#6011);
#5965=FILL_AREA_STYLE_COLOUR('',#6011);
#5966=FILL_AREA_STYLE_COLOUR('',#6012);
#5967=FILL_AREA_STYLE_COLOUR('',#6012);
#5968=FILL_AREA_STYLE_COLOUR('',#6012);
#5969=FILL_AREA_STYLE_COLOUR('',#6012);
#5970=FILL_AREA_STYLE_COLOUR('',#6013);
#5971=FILL_AREA_STYLE_COLOUR('',#6012);
#5972=FILL_AREA_STYLE_COLOUR('',#6013);
#5973=FILL_AREA_STYLE_COLOUR('',#6012);
#5974=FILL_AREA_STYLE_COLOUR('',#6012);
#5975=FILL_AREA_STYLE_COLOUR('',#6012);
#5976=FILL_AREA_STYLE_COLOUR('',#6012);
#5977=FILL_AREA_STYLE_COLOUR('',#6012);
#5978=FILL_AREA_STYLE_COLOUR('',#6013);
#5979=FILL_AREA_STYLE_COLOUR('',#6012);
#5980=FILL_AREA_STYLE_COLOUR('',#6013);
#5981=FILL_AREA_STYLE_COLOUR('',#6012);
#5982=FILL_AREA_STYLE_COLOUR('',#6012);
#5983=FILL_AREA_STYLE_COLOUR('',#6012);
#5984=FILL_AREA_STYLE_COLOUR('',#6012);
#5985=FILL_AREA_STYLE_COLOUR('',#6012);
#5986=FILL_AREA_STYLE_COLOUR('',#6013);
#5987=FILL_AREA_STYLE_COLOUR('',#6013);
#5988=FILL_AREA_STYLE_COLOUR('',#6013);
#5989=FILL_AREA_STYLE_COLOUR('',#6013);
#5990=FILL_AREA_STYLE_COLOUR('',#6013);
#5991=FILL_AREA_STYLE_COLOUR('',#6013);
#5992=FILL_AREA_STYLE_COLOUR('',#6013);
#5993=FILL_AREA_STYLE_COLOUR('',#6013);
#5994=FILL_AREA_STYLE_COLOUR('',#6013);
#5995=FILL_AREA_STYLE_COLOUR('',#6013);
#5996=FILL_AREA_STYLE_COLOUR('',#6013);
#5997=FILL_AREA_STYLE_COLOUR('',#6013);
#5998=FILL_AREA_STYLE_COLOUR('',#6013);
#5999=FILL_AREA_STYLE_COLOUR('',#6013);
#6000=FILL_AREA_STYLE_COLOUR('',#6013);
#6001=FILL_AREA_STYLE_COLOUR('',#6013);
#6002=FILL_AREA_STYLE_COLOUR('',#6013);
#6003=FILL_AREA_STYLE_COLOUR('',#6013);
#6004=FILL_AREA_STYLE_COLOUR('',#6013);
#6005=FILL_AREA_STYLE_COLOUR('',#6013);
#6006=FILL_AREA_STYLE_COLOUR('',#6013);
#6007=FILL_AREA_STYLE_COLOUR('',#6013);
#6008=FILL_AREA_STYLE_COLOUR('',#6009);
#6009=COLOUR_RGB('',0.200000002980232,0.200000002980232,0.200000002980232);
#6010=COLOUR_RGB('',0.949999988079071,0.949999988079071,0.949999988079071);
#6011=COLOUR_RGB('',0.506983280181885,0.531564235687256,0.550000011920929);
#6012=COLOUR_RGB('',0.779999971389771,0.529999971389771,0.419999986886978);
#6013=COLOUR_RGB('',0.980000019073486,0.980000019073486,0.980000019073486);
#6014=ADVANCED_FACE('',(#3957,#3958,#3959,#3960,#3961,#3962,#3963,#3964,
#3965,#3966,#3967,#3968,#3969,#3970),#4239,.T.);
#6015=ADVANCED_FACE('',(#3971,#3972),#4240,.T.);
#6016=ADVANCED_FACE('',(#3973),#4241,.T.);
#6017=ADVANCED_FACE('',(#3974),#4242,.T.);
#6018=ADVANCED_FACE('',(#3975),#4243,.F.);
#6019=ADVANCED_FACE('',(#3976),#4244,.F.);
#6020=ADVANCED_FACE('',(#3977),#4245,.T.);
#6021=ADVANCED_FACE('',(#3978),#4246,.T.);
#6022=ADVANCED_FACE('',(#3979),#4247,.T.);
#6023=ADVANCED_FACE('',(#3980),#4248,.T.);
#6024=ADVANCED_FACE('',(#3981),#93,.F.);
#6025=ADVANCED_FACE('',(#3982),#4249,.T.);
#6026=ADVANCED_FACE('',(#3983),#4250,.T.);
#6027=ADVANCED_FACE('',(#3984),#4251,.T.);
#6028=ADVANCED_FACE('',(#3985),#4252,.T.);
#6029=ADVANCED_FACE('',(#3986),#94,.F.);
#6030=ADVANCED_FACE('',(#3987),#4253,.T.);
#6031=ADVANCED_FACE('',(#3988,#3989),#95,.T.);
#6032=ADVANCED_FACE('',(#3990),#4254,.T.);
#6033=ADVANCED_FACE('',(#3991,#3992),#4255,.F.);
#6034=ADVANCED_FACE('',(#3993),#4256,.F.);
#6035=ADVANCED_FACE('',(#3994),#96,.T.);
#6036=ADVANCED_FACE('',(#3995),#97,.T.);
#6037=ADVANCED_FACE('',(#3996),#98,.T.);
#6038=ADVANCED_FACE('',(#3997),#99,.T.);
#6039=ADVANCED_FACE('',(#3998),#100,.T.);
#6040=ADVANCED_FACE('',(#3999),#101,.T.);
#6041=ADVANCED_FACE('',(#4000),#102,.T.);
#6042=ADVANCED_FACE('',(#4001),#103,.T.);
#6043=ADVANCED_FACE('',(#4002),#104,.T.);
#6044=ADVANCED_FACE('',(#4003),#105,.T.);
#6045=ADVANCED_FACE('',(#4004),#106,.T.);
#6046=ADVANCED_FACE('',(#4005),#107,.T.);
#6047=ADVANCED_FACE('',(#4006),#108,.F.);
#6048=ADVANCED_FACE('',(#4007),#4257,.T.);
#6049=ADVANCED_FACE('',(#4008),#109,.F.);
#6050=ADVANCED_FACE('',(#4009),#4258,.T.);
#6051=ADVANCED_FACE('',(#4010),#110,.F.);
#6052=ADVANCED_FACE('',(#4011),#4259,.T.);
#6053=ADVANCED_FACE('',(#4012),#111,.F.);
#6054=ADVANCED_FACE('',(#4013),#112,.T.);
#6055=ADVANCED_FACE('',(#4014),#4260,.F.);
#6056=ADVANCED_FACE('',(#4015),#113,.T.);
#6057=ADVANCED_FACE('',(#4016),#4261,.F.);
#6058=ADVANCED_FACE('',(#4017),#114,.T.);
#6059=ADVANCED_FACE('',(#4018),#4262,.F.);
#6060=ADVANCED_FACE('',(#4019),#115,.T.);
#6061=ADVANCED_FACE('',(#4020),#4263,.F.);
#6062=ADVANCED_FACE('',(#4021),#4264,.T.);
#6063=ADVANCED_FACE('',(#4022,#4023),#4265,.F.);
#6064=ADVANCED_FACE('',(#4024),#4266,.F.);
#6065=ADVANCED_FACE('',(#4025),#4267,.F.);
#6066=ADVANCED_FACE('',(#4026),#4268,.F.);
#6067=ADVANCED_FACE('',(#4027),#4269,.F.);
#6068=ADVANCED_FACE('',(#4028),#4270,.F.);
#6069=ADVANCED_FACE('',(#4029),#4271,.F.);
#6070=ADVANCED_FACE('',(#4030),#4272,.F.);
#6071=ADVANCED_FACE('',(#4031),#4273,.F.);
#6072=ADVANCED_FACE('',(#4032),#42,.F.);
#6073=ADVANCED_FACE('',(#4033),#4274,.F.);
#6074=ADVANCED_FACE('',(#4034),#43,.F.);
#6075=ADVANCED_FACE('',(#4035),#4275,.F.);
#6076=ADVANCED_FACE('',(#4036),#4276,.F.);
#6077=ADVANCED_FACE('',(#4037),#44,.T.);
#6078=ADVANCED_FACE('',(#4038),#4277,.T.);
#6079=ADVANCED_FACE('',(#4039),#45,.T.);
#6080=ADVANCED_FACE('',(#4040),#116,.T.);
#6081=ADVANCED_FACE('',(#4041),#4278,.T.);
#6082=ADVANCED_FACE('',(#4042),#46,.T.);
#6083=ADVANCED_FACE('',(#4043),#4279,.T.);
#6084=ADVANCED_FACE('',(#4044,#4045),#4280,.F.);
#6085=ADVANCED_FACE('',(#4046),#4281,.T.);
#6086=ADVANCED_FACE('',(#4047),#4282,.T.);
#6087=ADVANCED_FACE('',(#4048),#4283,.T.);
#6088=ADVANCED_FACE('',(#4049),#4284,.T.);
#6089=ADVANCED_FACE('',(#4050),#4285,.T.);
#6090=ADVANCED_FACE('',(#4051),#4286,.T.);
#6091=ADVANCED_FACE('',(#4052),#47,.T.);
#6092=ADVANCED_FACE('',(#4053),#4287,.T.);
#6093=ADVANCED_FACE('',(#4054),#48,.T.);
#6094=ADVANCED_FACE('',(#4055),#49,.T.);
#6095=ADVANCED_FACE('',(#4056,#4057),#4288,.T.);
#6096=ADVANCED_FACE('',(#4058),#4289,.T.);
#6097=ADVANCED_FACE('',(#4059,#4060),#50,.T.);
#6098=ADVANCED_FACE('',(#4061,#4062),#51,.T.);
#6099=ADVANCED_FACE('',(#4063,#4064),#4290,.T.);
#6100=ADVANCED_FACE('',(#4065),#4291,.T.);
#6101=ADVANCED_FACE('',(#4066),#52,.T.);
#6102=ADVANCED_FACE('',(#4067),#4292,.T.);
#6103=ADVANCED_FACE('',(#4068),#53,.T.);
#6104=ADVANCED_FACE('',(#4069),#4293,.T.);
#6105=ADVANCED_FACE('',(#4070),#4294,.F.);
#6106=ADVANCED_FACE('',(#4071),#54,.T.);
#6107=ADVANCED_FACE('',(#4072),#4295,.T.);
#6108=ADVANCED_FACE('',(#4073),#55,.T.);
#6109=ADVANCED_FACE('',(#4074),#117,.T.);
#6110=ADVANCED_FACE('',(#4075),#4296,.T.);
#6111=ADVANCED_FACE('',(#4076),#56,.T.);
#6112=ADVANCED_FACE('',(#4077),#4297,.T.);
#6113=ADVANCED_FACE('',(#4078,#4079),#4298,.F.);
#6114=ADVANCED_FACE('',(#4080),#4299,.T.);
#6115=ADVANCED_FACE('',(#4081),#4300,.T.);
#6116=ADVANCED_FACE('',(#4082),#57,.T.);
#6117=ADVANCED_FACE('',(#4083),#4301,.T.);
#6118=ADVANCED_FACE('',(#4084),#58,.T.);
#6119=ADVANCED_FACE('',(#4085),#4302,.T.);
#6120=ADVANCED_FACE('',(#4086),#59,.T.);
#6121=ADVANCED_FACE('',(#4087),#60,.T.);
#6122=ADVANCED_FACE('',(#4088),#61,.T.);
#6123=ADVANCED_FACE('',(#4089),#4303,.T.);
#6124=ADVANCED_FACE('',(#4090),#62,.T.);
#6125=ADVANCED_FACE('',(#4091),#63,.T.);
#6126=ADVANCED_FACE('',(#4092,#4093),#4304,.T.);
#6127=ADVANCED_FACE('',(#4094),#4305,.T.);
#6128=ADVANCED_FACE('',(#4095),#4306,.T.);
#6129=ADVANCED_FACE('',(#4096),#64,.T.);
#6130=ADVANCED_FACE('',(#4097),#65,.T.);
#6131=ADVANCED_FACE('',(#4098),#4307,.T.);
#6132=ADVANCED_FACE('',(#4099),#66,.T.);
#6133=ADVANCED_FACE('',(#4100),#4308,.T.);
#6134=ADVANCED_FACE('',(#4101,#4102),#4309,.T.);
#6135=ADVANCED_FACE('',(#4103),#4310,.T.);
#6136=ADVANCED_FACE('',(#4104),#4311,.T.);
#6137=ADVANCED_FACE('',(#4105),#4312,.T.);
#6138=ADVANCED_FACE('',(#4106),#4313,.T.);
#6139=ADVANCED_FACE('',(#4107),#4314,.T.);
#6140=ADVANCED_FACE('',(#4108),#4315,.T.);
#6141=ADVANCED_FACE('',(#4109),#4316,.T.);
#6142=ADVANCED_FACE('',(#4110),#4317,.T.);
#6143=ADVANCED_FACE('',(#4111),#4318,.T.);
#6144=ADVANCED_FACE('',(#4112),#4319,.T.);
#6145=ADVANCED_FACE('',(#4113),#4320,.T.);
#6146=ADVANCED_FACE('',(#4114),#4321,.T.);
#6147=ADVANCED_FACE('',(#4115),#4322,.T.);
#6148=ADVANCED_FACE('',(#4116),#4323,.F.);
#6149=ADVANCED_FACE('',(#4117),#4324,.T.);
#6150=ADVANCED_FACE('',(#4118),#4325,.T.);
#6151=ADVANCED_FACE('',(#4119),#4326,.T.);
#6152=ADVANCED_FACE('',(#4120),#4327,.T.);
#6153=ADVANCED_FACE('',(#4121),#4328,.T.);
#6154=ADVANCED_FACE('',(#4122),#4329,.T.);
#6155=ADVANCED_FACE('',(#4123),#4330,.T.);
#6156=ADVANCED_FACE('',(#4124),#4331,.T.);
#6157=ADVANCED_FACE('',(#4125),#4332,.T.);
#6158=ADVANCED_FACE('',(#4126),#4333,.T.);
#6159=ADVANCED_FACE('',(#4127),#4334,.T.);
#6160=ADVANCED_FACE('',(#4128),#4335,.T.);
#6161=ADVANCED_FACE('',(#4129),#4336,.F.);
#6162=ADVANCED_FACE('',(#4130),#4337,.T.);
#6163=ADVANCED_FACE('',(#4131),#67,.T.);
#6164=ADVANCED_FACE('',(#4132),#118,.T.);
#6165=ADVANCED_FACE('',(#4133),#4338,.T.);
#6166=ADVANCED_FACE('',(#4134),#4339,.T.);
#6167=ADVANCED_FACE('',(#4135),#68,.T.);
#6168=ADVANCED_FACE('',(#4136),#4340,.T.);
#6169=ADVANCED_FACE('',(#4137,#4138),#4341,.T.);
#6170=ADVANCED_FACE('',(#4139),#4342,.T.);
#6171=ADVANCED_FACE('',(#4140),#4343,.T.);
#6172=ADVANCED_FACE('',(#4141),#4344,.T.);
#6173=ADVANCED_FACE('',(#4142),#4345,.T.);
#6174=ADVANCED_FACE('',(#4143),#4346,.T.);
#6175=ADVANCED_FACE('',(#4144),#4347,.T.);
#6176=ADVANCED_FACE('',(#4145),#4348,.T.);
#6177=ADVANCED_FACE('',(#4146),#4349,.T.);
#6178=ADVANCED_FACE('',(#4147),#4350,.T.);
#6179=ADVANCED_FACE('',(#4148),#4351,.T.);
#6180=ADVANCED_FACE('',(#4149),#4352,.T.);
#6181=ADVANCED_FACE('',(#4150),#4353,.T.);
#6182=ADVANCED_FACE('',(#4151),#4354,.T.);
#6183=ADVANCED_FACE('',(#4152),#4355,.F.);
#6184=ADVANCED_FACE('',(#4153),#4356,.T.);
#6185=ADVANCED_FACE('',(#4154),#4357,.T.);
#6186=ADVANCED_FACE('',(#4155),#4358,.T.);
#6187=ADVANCED_FACE('',(#4156),#4359,.T.);
#6188=ADVANCED_FACE('',(#4157),#4360,.T.);
#6189=ADVANCED_FACE('',(#4158),#4361,.T.);
#6190=ADVANCED_FACE('',(#4159),#4362,.T.);
#6191=ADVANCED_FACE('',(#4160),#4363,.T.);
#6192=ADVANCED_FACE('',(#4161),#4364,.T.);
#6193=ADVANCED_FACE('',(#4162),#4365,.T.);
#6194=ADVANCED_FACE('',(#4163),#4366,.T.);
#6195=ADVANCED_FACE('',(#4164),#4367,.T.);
#6196=ADVANCED_FACE('',(#4165),#4368,.T.);
#6197=ADVANCED_FACE('',(#4166),#4369,.T.);
#6198=ADVANCED_FACE('',(#4167),#4370,.T.);
#6199=ADVANCED_FACE('',(#4168),#4371,.T.);
#6200=ADVANCED_FACE('',(#4169),#119,.T.);
#6201=ADVANCED_FACE('',(#4170),#120,.F.);
#6202=ADVANCED_FACE('',(#4171),#18,.T.);
#6203=ADVANCED_FACE('',(#4172),#19,.T.);
#6204=ADVANCED_FACE('',(#4173),#4372,.F.);
#6205=ADVANCED_FACE('',(#4174),#69,.F.);
#6206=ADVANCED_FACE('',(#4175),#4373,.F.);
#6207=ADVANCED_FACE('',(#4176),#70,.F.);
#6208=ADVANCED_FACE('',(#4177),#121,.F.);
#6209=ADVANCED_FACE('',(#4178),#4374,.T.);
#6210=ADVANCED_FACE('',(#4179),#122,.T.);
#6211=ADVANCED_FACE('',(#4180),#4375,.F.);
#6212=ADVANCED_FACE('',(#4181),#4376,.T.);
#6213=ADVANCED_FACE('',(#4182),#71,.T.);
#6214=ADVANCED_FACE('',(#4183),#4377,.T.);
#6215=ADVANCED_FACE('',(#4184),#72,.T.);
#6216=ADVANCED_FACE('',(#4185),#123,.F.);
#6217=ADVANCED_FACE('',(#4186),#4378,.F.);
#6218=ADVANCED_FACE('',(#4187),#124,.T.);
#6219=ADVANCED_FACE('',(#4188),#4379,.T.);
#6220=ADVANCED_FACE('',(#4189),#73,.F.);
#6221=ADVANCED_FACE('',(#4190),#74,.F.);
#6222=ADVANCED_FACE('',(#4191),#75,.F.);
#6223=ADVANCED_FACE('',(#4192),#76,.F.);
#6224=ADVANCED_FACE('',(#4193),#77,.F.);
#6225=ADVANCED_FACE('',(#4194),#78,.F.);
#6226=ADVANCED_FACE('',(#4195),#79,.F.);
#6227=ADVANCED_FACE('',(#4196),#80,.F.);
#6228=ADVANCED_FACE('',(#4197),#81,.F.);
#6229=ADVANCED_FACE('',(#4198),#82,.F.);
#6230=ADVANCED_FACE('',(#4199),#4380,.F.);
#6231=ADVANCED_FACE('',(#4200),#83,.T.);
#6232=ADVANCED_FACE('',(#4201),#84,.T.);
#6233=ADVANCED_FACE('',(#4202),#85,.T.);
#6234=ADVANCED_FACE('',(#4203),#86,.T.);
#6235=ADVANCED_FACE('',(#4204),#87,.T.);
#6236=ADVANCED_FACE('',(#4205),#88,.T.);
#6237=ADVANCED_FACE('',(#4206),#89,.T.);
#6238=ADVANCED_FACE('',(#4207),#90,.T.);
#6239=ADVANCED_FACE('',(#4208),#91,.T.);
#6240=ADVANCED_FACE('',(#4209),#92,.T.);
#6241=ADVANCED_FACE('',(#4210),#4381,.F.);
#6242=ADVANCED_FACE('',(#4211),#4382,.F.);
#6243=ADVANCED_FACE('',(#4212),#4383,.T.);
#6244=ADVANCED_FACE('',(#4213),#4384,.T.);
#6245=ADVANCED_FACE('',(#4214),#4385,.T.);
#6246=ADVANCED_FACE('',(#4215),#4386,.T.);
#6247=ADVANCED_FACE('',(#4216),#4387,.F.);
#6248=ADVANCED_FACE('',(#4217),#4388,.T.);
#6249=ADVANCED_FACE('',(#4218),#4389,.T.);
#6250=ADVANCED_FACE('',(#4219),#4390,.T.);
#6251=ADVANCED_FACE('',(#4220),#4391,.T.);
#6252=ADVANCED_FACE('',(#4221),#125,.T.);
#6253=ADVANCED_FACE('',(#4222),#126,.T.);
#6254=ADVANCED_FACE('',(#4223),#127,.T.);
#6255=ADVANCED_FACE('',(#4224),#128,.T.);
#6256=ADVANCED_FACE('',(#4225),#4392,.T.);
#6257=ADVANCED_FACE('',(#4226),#4393,.T.);
#6258=ADVANCED_FACE('',(#4227),#4394,.F.);
#6259=ADVANCED_FACE('',(#4228),#4395,.F.);
#6260=ADVANCED_FACE('',(#4229),#4396,.T.);
#6261=ADVANCED_FACE('',(#4230),#4397,.F.);
#6262=ADVANCED_FACE('',(#4231),#4398,.F.);
#6263=ADVANCED_FACE('',(#4232),#4399,.T.);
#6264=ADVANCED_FACE('',(#4233),#4400,.T.);
#6265=ADVANCED_FACE('',(#4234),#4401,.T.);
#6266=ADVANCED_FACE('',(#4235),#4402,.T.);
#6267=ADVANCED_FACE('',(#4236),#4403,.F.);
#6268=ADVANCED_FACE('',(#4237),#4404,.F.);
#6269=ADVANCED_FACE('',(#4238),#4405,.F.);
#6270=CLOSED_SHELL('',(#6014,#6015,#6016,#6017,#6018,#6019,#6020,#6021,
#6022,#6023,#6024,#6025,#6026,#6027,#6028,#6029,#6030,#6031,#6032,#6033,
#6034,#6035,#6036,#6037,#6038,#6039,#6040,#6041,#6042,#6043,#6044,#6045,
#6046,#6047,#6048,#6049,#6050,#6051,#6052,#6053,#6054,#6055,#6056,#6057,
#6058,#6059,#6060,#6061,#6062,#6063,#6064,#6065,#6066,#6067,#6068,#6069,
#6070,#6071,#6072,#6073,#6074,#6075,#6076,#6077,#6078,#6079,#6080,#6081,
#6082,#6083,#6084,#6085,#6086,#6087,#6088,#6089,#6090,#6091,#6092,#6093,
#6094,#6095,#6096,#6097,#6098,#6099,#6100,#6101,#6102,#6103,#6104,#6105,
#6106,#6107,#6108,#6109,#6110,#6111,#6112,#6113,#6114,#6115,#6116,#6117,
#6118,#6119,#6120,#6121,#6122,#6123,#6124,#6125,#6126,#6127,#6128,#6129,
#6130,#6131,#6132,#6133,#6134,#6135,#6136,#6137,#6138,#6139,#6140,#6141,
#6142,#6143,#6144,#6145,#6146,#6147,#6148,#6149,#6150,#6151,#6152,#6153,
#6154,#6155,#6156,#6157,#6158,#6159,#6160,#6161,#6162,#6163,#6164,#6165,
#6166,#6167,#6168,#6169,#6170,#6171,#6172,#6173,#6174,#6175,#6176,#6177,
#6178,#6179,#6180,#6181,#6182,#6183,#6184,#6185,#6186,#6187,#6188,#6189,
#6190,#6191,#6192,#6193,#6194,#6195,#6196,#6197,#6198,#6199));
#6271=CLOSED_SHELL('',(#6200,#6201,#6202,#6203,#6204,#6205,#6206,#6207,
#6208,#6209,#6210,#6211,#6212,#6213,#6214,#6215,#6216,#6217,#6218,#6219,
#6220,#6221,#6222,#6223,#6224,#6225,#6226,#6227,#6228,#6229,#6230,#6231,
#6232,#6233,#6234,#6235,#6236,#6237,#6238,#6239,#6240,#6241));
#6272=CLOSED_SHELL('',(#6242,#6243,#6244,#6245,#6246,#6247,#6248,#6249,
#6250,#6251,#6252,#6253,#6254,#6255,#6256,#6257,#6258,#6259,#6260,#6261,
#6262,#6263,#6264,#6265,#6266,#6267,#6268,#6269));
#6273=MANIFOLD_SOLID_BREP('',#6270);
#6274=MANIFOLD_SOLID_BREP('',#6271);
#6275=MANIFOLD_SOLID_BREP('',#6272);
#6276=SHAPE_DEFINITION_REPRESENTATION(#11529,#6280);
#6277=SHAPE_DEFINITION_REPRESENTATION(#11528,#6281);
#6278=SHAPE_DEFINITION_REPRESENTATION(#11531,#6282);
#6279=SHAPE_DEFINITION_REPRESENTATION(#11533,#6283);
#6280=SHAPE_REPRESENTATION('Base',(#6284),#11518);
#6281=SHAPE_REPRESENTATION('784325xxx',(#6284,#6496,#6537,#6574),#11517);
#6282=SHAPE_REPRESENTATION('Coil',(#6284),#11519);
#6283=SHAPE_REPRESENTATION('Cap',(#6284),#11520);
#6284=AXIS2_PLACEMENT_3D('',#7641,#6575,#6576);
#6285=AXIS2_PLACEMENT_3D('',#7642,#6577,#6578);
#6286=AXIS2_PLACEMENT_3D('',#7718,#6581,#6582);
#6287=AXIS2_PLACEMENT_3D('',#7723,#6584,#6585);
#6288=AXIS2_PLACEMENT_3D('',#7727,#6587,#6588);
#6289=AXIS2_PLACEMENT_3D('',#7731,#6590,#6591);
#6290=AXIS2_PLACEMENT_3D('',#7815,#6604,#6605);
#6291=AXIS2_PLACEMENT_3D('',#7881,#6613,#6614);
#6292=AXIS2_PLACEMENT_3D('',#8021,#6647,#6648);
#6293=AXIS2_PLACEMENT_3D('',#8078,#6677,#6678);
#6294=AXIS2_PLACEMENT_3D('',#8082,#6680,#6681);
#6295=AXIS2_PLACEMENT_3D('',#8086,#6683,#6684);
#6296=AXIS2_PLACEMENT_3D('',#8090,#6686,#6687);
#6297=AXIS2_PLACEMENT_3D('',#8094,#6689,#6690);
#6298=AXIS2_PLACEMENT_3D('',#8098,#6692,#6693);
#6299=AXIS2_PLACEMENT_3D('',#8102,#6695,#6696);
#6300=AXIS2_PLACEMENT_3D('',#8106,#6698,#6699);
#6301=AXIS2_PLACEMENT_3D('',#8110,#6701,#6702);
#6302=AXIS2_PLACEMENT_3D('',#8111,#6703,#6704);
#6303=AXIS2_PLACEMENT_3D('',#8125,#6712,#6713);
#6304=AXIS2_PLACEMENT_3D('',#8139,#6721,#6722);
#6305=AXIS2_PLACEMENT_3D('',#8140,#6723,#6724);
#6306=AXIS2_PLACEMENT_3D('',#8144,#6726,#6727);
#6307=AXIS2_PLACEMENT_3D('',#8148,#6729,#6730);
#6308=AXIS2_PLACEMENT_3D('',#8152,#6732,#6733);
#6309=AXIS2_PLACEMENT_3D('',#8156,#6735,#6736);
#6310=AXIS2_PLACEMENT_3D('',#8157,#6737,#6738);
#6311=AXIS2_PLACEMENT_3D('',#8161,#6740,#6741);
#6312=AXIS2_PLACEMENT_3D('',#8162,#6742,#6743);
#6313=AXIS2_PLACEMENT_3D('',#8166,#6745,#6746);
#6314=AXIS2_PLACEMENT_3D('',#8167,#6747,#6748);
#6315=AXIS2_PLACEMENT_3D('',#8171,#6750,#6751);
#6316=AXIS2_PLACEMENT_3D('',#8172,#6752,#6753);
#6317=AXIS2_PLACEMENT_3D('',#8176,#6755,#6756);
#6318=AXIS2_PLACEMENT_3D('',#8180,#6758,#6759);
#6319=AXIS2_PLACEMENT_3D('',#8184,#6761,#6762);
#6320=AXIS2_PLACEMENT_3D('',#8185,#6763,#6764);
#6321=AXIS2_PLACEMENT_3D('',#8188,#6767,#6768);
#6322=AXIS2_PLACEMENT_3D('',#8191,#6771,#6772);
#6323=AXIS2_PLACEMENT_3D('',#8197,#6776,#6777);
#6324=AXIS2_PLACEMENT_3D('',#8203,#6781,#6782);
#6325=AXIS2_PLACEMENT_3D('',#8204,#6783,#6784);
#6326=AXIS2_PLACEMENT_3D('',#8207,#6786,#6787);
#6327=AXIS2_PLACEMENT_3D('',#8211,#6790,#6791);
#6328=AXIS2_PLACEMENT_3D('',#8217,#6795,#6796);
#6329=AXIS2_PLACEMENT_3D('',#8223,#6800,#6801);
#6330=AXIS2_PLACEMENT_3D('',#8229,#6805,#6806);
#6331=AXIS2_PLACEMENT_3D('',#8230,#6807,#6808);
#6332=AXIS2_PLACEMENT_3D('',#8233,#6810,#6811);
#6333=AXIS2_PLACEMENT_3D('',#8237,#6814,#6815);
#6334=AXIS2_PLACEMENT_3D('',#8238,#6816,#6817);
#6335=AXIS2_PLACEMENT_3D('',#8240,#6818,#6819);
#6336=AXIS2_PLACEMENT_3D('',#8242,#6820,#6821);
#6337=AXIS2_PLACEMENT_3D('',#8248,#6825,#6826);
#6338=AXIS2_PLACEMENT_3D('',#8249,#6827,#6828);
#6339=AXIS2_PLACEMENT_3D('',#8250,#6829,#6830);
#6340=AXIS2_PLACEMENT_3D('',#8251,#6831,#6832);
#6341=AXIS2_PLACEMENT_3D('',#8252,#6833,#6834);
#6342=AXIS2_PLACEMENT_3D('',#8253,#6835,#6836);
#6343=AXIS2_PLACEMENT_3D('',#8254,#6837,#6838);
#6344=AXIS2_PLACEMENT_3D('',#8255,#6839,#6840);
#6345=AXIS2_PLACEMENT_3D('',#8256,#6841,#6842);
#6346=AXIS2_PLACEMENT_3D('',#8257,#6843,#6844);
#6347=AXIS2_PLACEMENT_3D('',#8258,#6845,#6846);
#6348=AXIS2_PLACEMENT_3D('',#8259,#6847,#6848);
#6349=AXIS2_PLACEMENT_3D('',#8260,#6849,#6850);
#6350=AXIS2_PLACEMENT_3D('',#8261,#6851,#6852);
#6351=AXIS2_PLACEMENT_3D('',#8262,#6853,#6854);
#6352=AXIS2_PLACEMENT_3D('',#8263,#6855,#6856);
#6353=AXIS2_PLACEMENT_3D('',#8264,#6857,#6858);
#6354=AXIS2_PLACEMENT_3D('',#8265,#6859,#6860);
#6355=AXIS2_PLACEMENT_3D('',#8266,#6861,#6862);
#6356=AXIS2_PLACEMENT_3D('',#8267,#6863,#6864);
#6357=AXIS2_PLACEMENT_3D('',#8268,#6865,#6866);
#6358=AXIS2_PLACEMENT_3D('',#8269,#6867,#6868);
#6359=AXIS2_PLACEMENT_3D('',#8270,#6869,#6870);
#6360=AXIS2_PLACEMENT_3D('',#8273,#6872,#6873);
#6361=AXIS2_PLACEMENT_3D('',#8276,#6875,#6876);
#6362=AXIS2_PLACEMENT_3D('',#8280,#6879,#6880);
#6363=AXIS2_PLACEMENT_3D('',#8281,#6881,#6882);
#6364=AXIS2_PLACEMENT_3D('',#8284,#6884,#6885);
#6365=AXIS2_PLACEMENT_3D('',#8288,#6888,#6889);
#6366=AXIS2_PLACEMENT_3D('',#8289,#6890,#6891);
#6367=AXIS2_PLACEMENT_3D('',#8292,#6893,#6894);
#6368=AXIS2_PLACEMENT_3D('',#8296,#6897,#6898);
#6369=AXIS2_PLACEMENT_3D('',#8297,#6899,#6900);
#6370=AXIS2_PLACEMENT_3D('',#8300,#6902,#6903);
#6371=AXIS2_PLACEMENT_3D('',#8303,#6905,#6906);
#6372=AXIS2_PLACEMENT_3D('',#8306,#6908,#6909);
#6373=AXIS2_PLACEMENT_3D('',#8310,#6912,#6913);
#6374=AXIS2_PLACEMENT_3D('',#8311,#6914,#6915);
#6375=AXIS2_PLACEMENT_3D('',#8314,#6917,#6918);
#6376=AXIS2_PLACEMENT_3D('',#8318,#6921,#6922);
#6377=AXIS2_PLACEMENT_3D('',#8319,#6923,#6924);
#6378=AXIS2_PLACEMENT_3D('',#8322,#6926,#6927);
#6379=AXIS2_PLACEMENT_3D('',#8326,#6930,#6931);
#6380=AXIS2_PLACEMENT_3D('',#8327,#6932,#6933);
#6381=AXIS2_PLACEMENT_3D('',#8330,#6935,#6936);
#6382=AXIS2_PLACEMENT_3D('',#8332,#6938,#6939);
#6383=AXIS2_PLACEMENT_3D('',#8334,#6941,#6942);
#6384=AXIS2_PLACEMENT_3D('',#8335,#6943,#6944);
#6385=AXIS2_PLACEMENT_3D('',#8341,#6948,#6949);
#6386=AXIS2_PLACEMENT_3D('',#8345,#6952,#6953);
#6387=AXIS2_PLACEMENT_3D('',#8349,#6956,#6957);
#6388=AXIS2_PLACEMENT_3D('',#8353,#6960,#6961);
#6389=AXIS2_PLACEMENT_3D('',#8357,#6964,#6965);
#6390=AXIS2_PLACEMENT_3D('',#8361,#6968,#6969);
#6391=AXIS2_PLACEMENT_3D('',#8365,#6972,#6973);
#6392=AXIS2_PLACEMENT_3D('',#8399,#6977,#6978);
#6393=AXIS2_PLACEMENT_3D('',#8436,#6982,#6983);
#6394=AXIS2_PLACEMENT_3D('',#8438,#6985,#6986);
#6395=AXIS2_PLACEMENT_3D('',#8481,#6989,#6990);
#6396=AXIS2_PLACEMENT_3D('',#8508,#6995,#6996);
#6397=AXIS2_PLACEMENT_3D('',#8509,#6997,#6998);
#6398=AXIS2_PLACEMENT_3D('',#8512,#7000,#7001);
#6399=AXIS2_PLACEMENT_3D('',#8558,#7004,#7005);
#6400=AXIS2_PLACEMENT_3D('',#8561,#7008,#7009);
#6401=AXIS2_PLACEMENT_3D('',#8562,#7010,#7011);
#6402=AXIS2_PLACEMENT_3D('',#8563,#7012,#7013);
#6403=AXIS2_PLACEMENT_3D('',#8569,#7017,#7018);
#6404=AXIS2_PLACEMENT_3D('',#8573,#7021,#7022);
#6405=AXIS2_PLACEMENT_3D('',#8577,#7025,#7026);
#6406=AXIS2_PLACEMENT_3D('',#8581,#7029,#7030);
#6407=AXIS2_PLACEMENT_3D('',#8633,#7035,#7036);
#6408=AXIS2_PLACEMENT_3D('',#8713,#7040,#7041);
#6409=AXIS2_PLACEMENT_3D('',#8714,#7042,#7043);
#6410=AXIS2_PLACEMENT_3D('',#8840,#7044,#7045);
#6411=AXIS2_PLACEMENT_3D('',#8841,#7046,#7047);
#6412=AXIS2_PLACEMENT_3D('',#8899,#7050,#7051);
#6413=AXIS2_PLACEMENT_3D('',#8946,#7055,#7056);
#6414=AXIS2_PLACEMENT_3D('',#8948,#7058,#7059);
#6415=AXIS2_PLACEMENT_3D('',#8989,#7062,#7063);
#6416=AXIS2_PLACEMENT_3D('',#9016,#7068,#7069);
#6417=AXIS2_PLACEMENT_3D('',#9017,#7070,#7071);
#6418=AXIS2_PLACEMENT_3D('',#9020,#7073,#7074);
#6419=AXIS2_PLACEMENT_3D('',#9066,#7077,#7078);
#6420=AXIS2_PLACEMENT_3D('',#9069,#7081,#7082);
#6421=AXIS2_PLACEMENT_3D('',#9070,#7083,#7084);
#6422=AXIS2_PLACEMENT_3D('',#9071,#7085,#7086);
#6423=AXIS2_PLACEMENT_3D('',#9096,#7091,#7092);
#6424=AXIS2_PLACEMENT_3D('',#9114,#7096,#7097);
#6425=AXIS2_PLACEMENT_3D('',#9211,#7104,#7105);
#6426=AXIS2_PLACEMENT_3D('',#9277,#7109,#7110);
#6427=AXIS2_PLACEMENT_3D('',#9278,#7111,#7112);
#6428=AXIS2_PLACEMENT_3D('',#9279,#7113,#7114);
#6429=AXIS2_PLACEMENT_3D('',#9344,#7121,#7122);
#6430=AXIS2_PLACEMENT_3D('',#9374,#7126,#7127);
#6431=AXIS2_PLACEMENT_3D('',#9376,#7129,#7130);
#6432=AXIS2_PLACEMENT_3D('',#9377,#7131,#7132);
#6433=AXIS2_PLACEMENT_3D('',#9378,#7133,#7134);
#6434=AXIS2_PLACEMENT_3D('',#9384,#7138,#7139);
#6435=AXIS2_PLACEMENT_3D('',#9388,#7142,#7143);
#6436=AXIS2_PLACEMENT_3D('',#9392,#7146,#7147);
#6437=AXIS2_PLACEMENT_3D('',#9396,#7150,#7151);
#6438=AXIS2_PLACEMENT_3D('',#9400,#7154,#7155);
#6439=AXIS2_PLACEMENT_3D('',#9404,#7158,#7159);
#6440=AXIS2_PLACEMENT_3D('',#9408,#7162,#7163);
#6441=AXIS2_PLACEMENT_3D('',#9412,#7166,#7167);
#6442=AXIS2_PLACEMENT_3D('',#9416,#7170,#7171);
#6443=AXIS2_PLACEMENT_3D('',#9420,#7174,#7175);
#6444=AXIS2_PLACEMENT_3D('',#9424,#7178,#7179);
#6445=AXIS2_PLACEMENT_3D('',#9426,#7181,#7182);
#6446=AXIS2_PLACEMENT_3D('',#9427,#7183,#7184);
#6447=AXIS2_PLACEMENT_3D('',#9433,#7188,#7189);
#6448=AXIS2_PLACEMENT_3D('',#9437,#7192,#7193);
#6449=AXIS2_PLACEMENT_3D('',#9441,#7196,#7197);
#6450=AXIS2_PLACEMENT_3D('',#9445,#7200,#7201);
#6451=AXIS2_PLACEMENT_3D('',#9449,#7204,#7205);
#6452=AXIS2_PLACEMENT_3D('',#9453,#7208,#7209);
#6453=AXIS2_PLACEMENT_3D('',#9457,#7212,#7213);
#6454=AXIS2_PLACEMENT_3D('',#9461,#7216,#7217);
#6455=AXIS2_PLACEMENT_3D('',#9465,#7220,#7221);
#6456=AXIS2_PLACEMENT_3D('',#9469,#7224,#7225);
#6457=AXIS2_PLACEMENT_3D('',#9473,#7228,#7229);
#6458=AXIS2_PLACEMENT_3D('',#9475,#7231,#7232);
#6459=AXIS2_PLACEMENT_3D('',#9476,#7233,#7234);
#6460=AXIS2_PLACEMENT_3D('',#9512,#7239,#7240);
#6461=AXIS2_PLACEMENT_3D('',#9513,#7241,#7242);
#6462=AXIS2_PLACEMENT_3D('',#9516,#7244,#7245);
#6463=AXIS2_PLACEMENT_3D('',#9520,#7248,#7249);
#6464=AXIS2_PLACEMENT_3D('',#9581,#7254,#7255);
#6465=AXIS2_PLACEMENT_3D('',#9583,#7257,#7258);
#6466=AXIS2_PLACEMENT_3D('',#9584,#7259,#7260);
#6467=AXIS2_PLACEMENT_3D('',#9585,#7261,#7262);
#6468=AXIS2_PLACEMENT_3D('',#9591,#7266,#7267);
#6469=AXIS2_PLACEMENT_3D('',#9595,#7270,#7271);
#6470=AXIS2_PLACEMENT_3D('',#9599,#7274,#7275);
#6471=AXIS2_PLACEMENT_3D('',#9603,#7278,#7279);
#6472=AXIS2_PLACEMENT_3D('',#9607,#7282,#7283);
#6473=AXIS2_PLACEMENT_3D('',#9611,#7286,#7287);
#6474=AXIS2_PLACEMENT_3D('',#9615,#7290,#7291);
#6475=AXIS2_PLACEMENT_3D('',#9619,#7294,#7295);
#6476=AXIS2_PLACEMENT_3D('',#9623,#7298,#7299);
#6477=AXIS2_PLACEMENT_3D('',#9627,#7302,#7303);
#6478=AXIS2_PLACEMENT_3D('',#9631,#7306,#7307);
#6479=AXIS2_PLACEMENT_3D('',#9633,#7309,#7310);
#6480=AXIS2_PLACEMENT_3D('',#9634,#7311,#7312);
#6481=AXIS2_PLACEMENT_3D('',#9640,#7316,#7317);
#6482=AXIS2_PLACEMENT_3D('',#9644,#7320,#7321);
#6483=AXIS2_PLACEMENT_3D('',#9648,#7324,#7325);
#6484=AXIS2_PLACEMENT_3D('',#9652,#7328,#7329);
#6485=AXIS2_PLACEMENT_3D('',#9656,#7332,#7333);
#6486=AXIS2_PLACEMENT_3D('',#9660,#7336,#7337);
#6487=AXIS2_PLACEMENT_3D('',#9664,#7340,#7341);
#6488=AXIS2_PLACEMENT_3D('',#9668,#7344,#7345);
#6489=AXIS2_PLACEMENT_3D('',#9672,#7348,#7349);
#6490=AXIS2_PLACEMENT_3D('',#9676,#7352,#7353);
#6491=AXIS2_PLACEMENT_3D('',#9680,#7356,#7357);
#6492=AXIS2_PLACEMENT_3D('',#9684,#7360,#7361);
#6493=AXIS2_PLACEMENT_3D('',#9688,#7364,#7365);
#6494=AXIS2_PLACEMENT_3D('',#9692,#7368,#7369);
#6495=AXIS2_PLACEMENT_3D('',#9694,#7371,#7372);
#6496=AXIS2_PLACEMENT_3D('',#9695,#7373,#7374);
#6497=AXIS2_PLACEMENT_3D('',#9696,#7375,#7376);
#6498=AXIS2_PLACEMENT_3D('',#9945,#7379,#7380);
#6499=AXIS2_PLACEMENT_3D('',#10670,#7383,#7384);
#6500=AXIS2_PLACEMENT_3D('',#10676,#7387,#7388);
#6501=AXIS2_PLACEMENT_3D('',#10680,#7390,#7391);
#6502=AXIS2_PLACEMENT_3D('',#10688,#7395,#7396);
#6503=AXIS2_PLACEMENT_3D('',#10692,#7398,#7399);
#6504=AXIS2_PLACEMENT_3D('',#10726,#7404,#7405);
#6505=AXIS2_PLACEMENT_3D('',#10733,#7409,#7410);
#6506=AXIS2_PLACEMENT_3D('',#10737,#7412,#7413);
#6507=AXIS2_PLACEMENT_3D('',#10745,#7417,#7418);
#6508=AXIS2_PLACEMENT_3D('',#10749,#7420,#7421);
#6509=AXIS2_PLACEMENT_3D('',#10776,#7423,#7424);
#6510=AXIS2_PLACEMENT_3D('',#10777,#7425,#7426);
#6511=AXIS2_PLACEMENT_3D('',#10778,#7427,#7428);
#6512=AXIS2_PLACEMENT_3D('',#10779,#7429,#7430);
#6513=AXIS2_PLACEMENT_3D('',#10780,#7431,#7432);
#6514=AXIS2_PLACEMENT_3D('',#10781,#7433,#7434);
#6515=AXIS2_PLACEMENT_3D('',#10782,#7435,#7436);
#6516=AXIS2_PLACEMENT_3D('',#10783,#7437,#7438);
#6517=AXIS2_PLACEMENT_3D('',#10784,#7439,#7440);
#6518=AXIS2_PLACEMENT_3D('',#10790,#7443,#7444);
#6519=AXIS2_PLACEMENT_3D('',#10794,#7446,#7447);
#6520=AXIS2_PLACEMENT_3D('',#10802,#7451,#7452);
#6521=AXIS2_PLACEMENT_3D('',#10806,#7454,#7455);
#6522=AXIS2_PLACEMENT_3D('',#10840,#7460,#7461);
#6523=AXIS2_PLACEMENT_3D('',#10843,#7463,#7464);
#6524=AXIS2_PLACEMENT_3D('',#10847,#7466,#7467);
#6525=AXIS2_PLACEMENT_3D('',#10855,#7471,#7472);
#6526=AXIS2_PLACEMENT_3D('',#10859,#7474,#7475);
#6527=AXIS2_PLACEMENT_3D('',#10890,#7479,#7480);
#6528=AXIS2_PLACEMENT_3D('',#10891,#7481,#7482);
#6529=AXIS2_PLACEMENT_3D('',#10892,#7483,#7484);
#6530=AXIS2_PLACEMENT_3D('',#10893,#7485,#7486);
#6531=AXIS2_PLACEMENT_3D('',#10894,#7487,#7488);
#6532=AXIS2_PLACEMENT_3D('',#10895,#7489,#7490);
#6533=AXIS2_PLACEMENT_3D('',#10896,#7491,#7492);
#6534=AXIS2_PLACEMENT_3D('',#10897,#7493,#7494);
#6535=AXIS2_PLACEMENT_3D('',#11130,#7495,#7496);
#6536=AXIS2_PLACEMENT_3D('',#11363,#7497,#7498);
#6537=AXIS2_PLACEMENT_3D('',#11364,#7499,#7500);
#6538=AXIS2_PLACEMENT_3D('',#11365,#7501,#7502);
#6539=AXIS2_PLACEMENT_3D('',#11374,#7507,#7508);
#6540=AXIS2_PLACEMENT_3D('',#11383,#7513,#7514);
#6541=AXIS2_PLACEMENT_3D('',#11395,#7520,#7521);
#6542=AXIS2_PLACEMENT_3D('',#11399,#7523,#7524);
#6543=AXIS2_PLACEMENT_3D('',#11411,#7530,#7531);
#6544=AXIS2_PLACEMENT_3D('',#11415,#7533,#7534);
#6545=AXIS2_PLACEMENT_3D('',#11416,#7535,#7536);
#6546=AXIS2_PLACEMENT_3D('',#11424,#7541,#7542);
#6547=AXIS2_PLACEMENT_3D('',#11432,#7547,#7548);
#6548=AXIS2_PLACEMENT_3D('',#11434,#7550,#7551);
#6549=AXIS2_PLACEMENT_3D('',#11438,#7553,#7554);
#6550=AXIS2_PLACEMENT_3D('',#11444,#7558,#7559);
#6551=AXIS2_PLACEMENT_3D('',#11448,#7561,#7562);
#6552=AXIS2_PLACEMENT_3D('',#11453,#7565,#7566);
#6553=AXIS2_PLACEMENT_3D('',#11458,#7570,#7571);
#6554=AXIS2_PLACEMENT_3D('',#11461,#7574,#7575);
#6555=AXIS2_PLACEMENT_3D('',#11466,#7579,#7580);
#6556=AXIS2_PLACEMENT_3D('',#11469,#7583,#7584);
#6557=AXIS2_PLACEMENT_3D('',#11470,#7585,#7586);
#6558=AXIS2_PLACEMENT_3D('',#11471,#7587,#7588);
#6559=AXIS2_PLACEMENT_3D('',#11472,#7589,#7590);
#6560=AXIS2_PLACEMENT_3D('',#11473,#7591,#7592);
#6561=AXIS2_PLACEMENT_3D('',#11479,#7596,#7597);
#6562=AXIS2_PLACEMENT_3D('',#11485,#7601,#7602);
#6563=AXIS2_PLACEMENT_3D('',#11491,#7606,#7607);
#6564=AXIS2_PLACEMENT_3D('',#11497,#7611,#7612);
#6565=AXIS2_PLACEMENT_3D('',#11500,#7615,#7616);
#6566=AXIS2_PLACEMENT_3D('',#11501,#7617,#7618);
#6567=AXIS2_PLACEMENT_3D('',#11504,#7621,#7622);
#6568=AXIS2_PLACEMENT_3D('',#11505,#7623,#7624);
#6569=AXIS2_PLACEMENT_3D('',#11507,#7626,#7627);
#6570=AXIS2_PLACEMENT_3D('',#11509,#7629,#7630);
#6571=AXIS2_PLACEMENT_3D('',#11510,#7631,#7632);
#6572=AXIS2_PLACEMENT_3D('',#11512,#7634,#7635);
#6573=AXIS2_PLACEMENT_3D('',#11514,#7637,#7638);
#6574=AXIS2_PLACEMENT_3D('',#11515,#7639,#7640);
#6575=DIRECTION('',(0.,0.,1.));
#6576=DIRECTION('',(1.,0.,0.));
#6577=DIRECTION('',(0.,1.,0.));
#6578=DIRECTION('',(0.,0.,1.));
#6579=DIRECTION('',(0.998593309713131,0.,0.0530226536130927));
#6580=DIRECTION('',(0.998593309713132,0.,-0.0530226536130924));
#6581=DIRECTION('',(0.,-1.,0.));
#6582=DIRECTION('',(0.,0.,-1.));
#6583=DIRECTION('',(-1.,0.,0.));
#6584=DIRECTION('',(0.,-1.,0.));
#6585=DIRECTION('',(0.,0.,-1.));
#6586=DIRECTION('',(0.,0.,1.));
#6587=DIRECTION('',(0.,-1.,0.));
#6588=DIRECTION('',(0.,0.,1.));
#6589=DIRECTION('',(1.,0.,0.));
#6590=DIRECTION('',(0.,-1.,0.));
#6591=DIRECTION('',(0.,0.,1.));
#6592=DIRECTION('',(-1.82602471155453E-16,0.,-1.));
#6593=DIRECTION('',(-1.,0.,0.));
#6594=DIRECTION('',(0.,0.,-1.));
#6595=DIRECTION('',(-0.997267754456709,0.,0.0738716855153118));
#6596=DIRECTION('',(0.,0.,-1.));
#6597=DIRECTION('',(1.,0.,0.));
#6598=DIRECTION('',(0.,0.,1.));
#6599=DIRECTION('',(1.,0.,0.));
#6600=DIRECTION('',(0.,0.,1.));
#6601=DIRECTION('',(-1.,0.,0.));
#6602=DIRECTION('',(0.,0.,1.));
#6603=DIRECTION('',(0.,0.,1.));
#6604=DIRECTION('',(0.,1.,0.));
#6605=DIRECTION('',(0.,0.,-1.));
#6606=DIRECTION('',(0.999246775149692,0.,-0.0388057000058005));
#6607=DIRECTION('',(-1.,0.,0.));
#6608=DIRECTION('',(0.,0.,-1.));
#6609=DIRECTION('',(1.,0.,0.));
#6610=DIRECTION('',(0.,0.,1.));
#6611=DIRECTION('',(-1.,0.,0.));
#6612=DIRECTION('',(0.,0.,1.));
#6613=DIRECTION('',(0.,1.,0.));
#6614=DIRECTION('',(0.,0.,-1.));
#6615=DIRECTION('',(0.998823833424237,0.,-0.0484865938555424));
#6616=DIRECTION('',(-0.9982401237828,0.,0.0593013934920539));
#6617=DIRECTION('',(1.,0.,0.));
#6618=DIRECTION('',(0.997558967141626,0.,0.0698291276999304));
#6619=DIRECTION('',(0.,0.,1.));
#6620=DIRECTION('',(-1.,0.,0.));
#6621=DIRECTION('',(-0.842548339197975,0.,-0.538620734946896));
#6622=DIRECTION('',(-0.850118415059794,0.,0.526591568842707));
#6623=DIRECTION('',(0.,0.,-1.));
#6624=DIRECTION('',(0.852202232402579,0.,-0.523212533382048));
#6625=DIRECTION('',(-0.853968373033315,0.,-0.520324915662159));
#6626=DIRECTION('',(0.,0.,-1.));
#6627=DIRECTION('',(0.852053947514096,0.,0.523453981287415));
#6628=DIRECTION('',(0.84587951198739,0.,-0.533374025614272));
#6629=DIRECTION('',(0.,0.,1.));
#6630=DIRECTION('',(-0.849661003327697,0.,0.527329289366873));
#6631=DIRECTION('',(0.845425121414277,0.,0.534093965591875));
#6632=DIRECTION('',(0.,0.,1.));
#6633=DIRECTION('',(0.,0.,1.));
#6634=DIRECTION('',(1.,0.,0.));
#6635=DIRECTION('',(0.,0.,1.));
#6636=DIRECTION('',(-1.,0.,0.));
#6637=DIRECTION('',(0.,0.,-1.));
#6638=DIRECTION('',(0.910087991276284,0.,-0.414415067456166));
#6639=DIRECTION('',(0.,0.,-1.));
#6640=DIRECTION('',(-1.,0.,0.));
#6641=DIRECTION('',(0.,0.,-1.));
#6642=DIRECTION('',(1.,0.,0.));
#6643=DIRECTION('',(0.,0.,1.));
#6644=DIRECTION('',(-0.908947292860449,0.,0.416911044230854));
#6645=DIRECTION('',(0.,0.,1.));
#6646=DIRECTION('',(-1.,0.,0.));
#6647=DIRECTION('',(0.,1.,0.));
#6648=DIRECTION('',(0.,0.,-1.));
#6649=DIRECTION('',(1.,0.,0.));
#6650=DIRECTION('',(0.,0.,-1.));
#6651=DIRECTION('',(0.945568562162098,0.,0.325422946718118));
#6652=DIRECTION('',(0.,0.,1.));
#6653=DIRECTION('',(-0.946670776072253,0.,-0.322202485606113));
#6654=DIRECTION('',(0.,0.,-1.));
#6655=DIRECTION('',(0.944332294887195,0.,0.328993186605869));
#6656=DIRECTION('',(0.,0.,1.));
#6657=DIRECTION('',(0.946737480160607,0.,0.322006434189045));
#6658=DIRECTION('',(0.,0.,-1.));
#6659=DIRECTION('',(0.945568562162096,0.,0.325422946718123));
#6660=DIRECTION('',(0.,0.,1.));
#6661=DIRECTION('',(0.946839573924969,0.,0.321706110059449));
#6662=DIRECTION('',(0.876024555358193,0.,0.482266501438241));
#6663=DIRECTION('',(0.,0.,1.));
#6664=DIRECTION('',(-0.990715134949645,0.,-0.135954114986296));
#6665=DIRECTION('',(1.87758305635137E-15,0.,-1.));
#6666=DIRECTION('',(0.989874249794351,0.,0.141947066169296));
#6667=DIRECTION('',(9.97465998686667E-15,0.,-1.));
#6668=DIRECTION('',(-0.868243142124459,0.,-0.496138938356834));
#6669=DIRECTION('',(1.71607053537491E-15,0.,-1.));
#6670=DIRECTION('',(0.993939465655108,0.,0.109928788828215));
#6671=DIRECTION('',(0.,0.,-1.));
#6672=DIRECTION('',(-0.880664125414393,0.,-0.473741172169047));
#6673=DIRECTION('',(0.,0.,-1.));
#6674=DIRECTION('',(0.878624509572547,0.,0.477513320419862));
#6675=DIRECTION('',(0.,0.,1.));
#6676=DIRECTION('',(-0.991797237513226,0.,-0.127821123689055));
#6677=DIRECTION('',(0.,1.,0.));
#6678=DIRECTION('',(0.,0.,1.));
#6679=DIRECTION('',(1.,0.,2.55106393526001E-16));
#6680=DIRECTION('',(0.,1.,0.));
#6681=DIRECTION('',(0.,0.,1.));
#6682=DIRECTION('',(8.5035464508667E-17,0.,-1.));
#6683=DIRECTION('',(0.,1.,0.));
#6684=DIRECTION('',(0.,0.,1.));
#6685=DIRECTION('',(-1.,0.,-8.5035464508667E-17));
#6686=DIRECTION('',(0.,1.,0.));
#6687=DIRECTION('',(0.,0.,1.));
#6688=DIRECTION('',(-8.5035464508667E-17,0.,1.));
#6689=DIRECTION('',(0.,1.,0.));
#6690=DIRECTION('',(0.,0.,1.));
#6691=DIRECTION('',(-1.,0.,0.));
#6692=DIRECTION('',(0.,-1.,0.));
#6693=DIRECTION('',(0.,0.,-1.));
#6694=DIRECTION('',(0.,0.,-1.));
#6695=DIRECTION('',(0.,-1.,0.));
#6696=DIRECTION('',(0.,0.,1.));
#6697=DIRECTION('',(1.,0.,0.));
#6698=DIRECTION('',(0.,-1.,0.));
#6699=DIRECTION('',(0.,0.,1.));
#6700=DIRECTION('',(0.,0.,1.));
#6701=DIRECTION('',(0.,-1.,0.));
#6702=DIRECTION('',(0.,0.,-1.));
#6703=DIRECTION('',(1.,0.,8.5035464508667E-17));
#6704=DIRECTION('',(8.5035464508667E-17,0.,-1.));
#6705=DIRECTION('',(8.5035464508667E-17,0.,-1.));
#6706=DIRECTION('',(0.,-1.,0.));
#6707=DIRECTION('',(0.,0.,-1.));
#6708=DIRECTION('',(0.,-1.,0.));
#6709=DIRECTION('',(8.5035464508667E-17,0.,-1.));
#6710=DIRECTION('',(0.,1.,0.));
#6711=DIRECTION('',(0.,1.,0.));
#6712=DIRECTION('',(-1.,0.,-8.5035464508667E-17));
#6713=DIRECTION('',(-8.5035464508667E-17,0.,1.));
#6714=DIRECTION('',(-8.5035464508667E-17,0.,1.));
#6715=DIRECTION('',(0.,-1.,0.));
#6716=DIRECTION('',(0.,0.,1.));
#6717=DIRECTION('',(0.,-1.,0.));
#6718=DIRECTION('',(-8.5035464508667E-17,0.,1.));
#6719=DIRECTION('',(0.,1.,0.));
#6720=DIRECTION('',(0.,1.,0.));
#6721=DIRECTION('',(0.,1.,0.));
#6722=DIRECTION('',(0.,0.,1.));
#6723=DIRECTION('',(0.,1.,0.));
#6724=DIRECTION('',(0.,0.,1.));
#6725=DIRECTION('',(-1.,0.,-5.07229086542928E-16));
#6726=DIRECTION('',(0.,1.,0.));
#6727=DIRECTION('',(0.,0.,1.));
#6728=DIRECTION('',(-0.88405053309572,0.,-0.467391329544284));
#6729=DIRECTION('',(0.,1.,0.));
#6730=DIRECTION('',(1.,0.,0.));
#6731=DIRECTION('',(-0.88405053309572,0.,0.467391329544284));
#6732=DIRECTION('',(0.,1.,0.));
#6733=DIRECTION('',(0.,0.,1.));
#6734=DIRECTION('',(-1.,0.,5.07229086542927E-16));
#6735=DIRECTION('',(0.,1.,0.));
#6736=DIRECTION('',(0.,0.,1.));
#6737=DIRECTION('',(0.,1.,0.));
#6738=DIRECTION('',(0.,0.,1.));
#6739=DIRECTION('',(-1.,0.,-8.5035464508667E-17));
#6740=DIRECTION('',(0.,1.,0.));
#6741=DIRECTION('',(0.,0.,1.));
#6742=DIRECTION('',(0.,1.,0.));
#6743=DIRECTION('',(0.,0.,1.));
#6744=DIRECTION('',(1.,0.,-5.07229086542928E-16));
#6745=DIRECTION('',(0.,1.,0.));
#6746=DIRECTION('',(0.,0.,1.));
#6747=DIRECTION('',(0.,1.,0.));
#6748=DIRECTION('',(0.,0.,1.));
#6749=DIRECTION('',(1.,0.,2.55106393526001E-16));
#6750=DIRECTION('',(0.,1.,0.));
#6751=DIRECTION('',(0.,0.,1.));
#6752=DIRECTION('',(0.,1.,0.));
#6753=DIRECTION('',(0.,0.,1.));
#6754=DIRECTION('',(1.,0.,5.07229086542927E-16));
#6755=DIRECTION('',(0.,1.,0.));
#6756=DIRECTION('',(0.,0.,1.));
#6757=DIRECTION('',(0.88405053309572,0.,0.467391329544284));
#6758=DIRECTION('',(0.,1.,0.));
#6759=DIRECTION('',(1.,0.,0.));
#6760=DIRECTION('',(0.88405053309572,0.,-0.467391329544284));
#6761=DIRECTION('',(0.,1.,0.));
#6762=DIRECTION('',(0.,0.,1.));
#6763=DIRECTION('',(8.5035464508667E-17,0.,-1.));
#6764=DIRECTION('',(-1.,0.,-8.5035464508667E-17));
#6765=DIRECTION('',(0.,1.,0.));
#6766=DIRECTION('',(0.,1.,0.));
#6767=DIRECTION('',(-2.55106393526001E-16,0.,1.));
#6768=DIRECTION('',(1.,0.,2.55106393526001E-16));
#6769=DIRECTION('',(0.,1.,0.));
#6770=DIRECTION('',(0.,1.,0.));
#6771=DIRECTION('',(5.07229086542927E-16,0.,-1.));
#6772=DIRECTION('',(-1.,0.,-5.07229086542927E-16));
#6773=DIRECTION('',(0.,-1.,0.));
#6774=DIRECTION('',(1.,0.,5.07229086542927E-16));
#6775=DIRECTION('',(0.,-1.,0.));
#6776=DIRECTION('',(0.467391329544284,0.,-0.88405053309572));
#6777=DIRECTION('',(-0.88405053309572,0.,-0.467391329544284));
#6778=DIRECTION('',(0.,-1.,0.));
#6779=DIRECTION('',(0.88405053309572,0.,0.467391329544284));
#6780=DIRECTION('',(0.,-1.,0.));
#6781=DIRECTION('',(0.,-1.,0.));
#6782=DIRECTION('',(0.,0.,-1.));
#6783=DIRECTION('',(0.,1.,0.));
#6784=DIRECTION('',(1.,0.,0.));
#6785=DIRECTION('',(0.,-1.,0.));
#6786=DIRECTION('',(-0.467391329544284,0.,-0.88405053309572));
#6787=DIRECTION('',(-0.88405053309572,0.,0.467391329544284));
#6788=DIRECTION('',(0.88405053309572,0.,-0.467391329544284));
#6789=DIRECTION('',(0.,-1.,0.));
#6790=DIRECTION('',(-5.07229086542928E-16,0.,-1.));
#6791=DIRECTION('',(-1.,0.,5.07229086542928E-16));
#6792=DIRECTION('',(1.,0.,-5.07229086542928E-16));
#6793=DIRECTION('',(0.,-1.,0.));
#6794=DIRECTION('',(0.,-1.,0.));
#6795=DIRECTION('',(-5.07229086542928E-16,0.,1.));
#6796=DIRECTION('',(1.,0.,5.07229086542928E-16));
#6797=DIRECTION('',(0.,-1.,0.));
#6798=DIRECTION('',(-1.,0.,-5.07229086542928E-16));
#6799=DIRECTION('',(0.,-1.,0.));
#6800=DIRECTION('',(-0.467391329544284,0.,0.88405053309572));
#6801=DIRECTION('',(0.88405053309572,0.,0.467391329544284));
#6802=DIRECTION('',(0.,-1.,0.));
#6803=DIRECTION('',(-0.88405053309572,0.,-0.467391329544284));
#6804=DIRECTION('',(0.,-1.,0.));
#6805=DIRECTION('',(0.,-1.,0.));
#6806=DIRECTION('',(0.,0.,-1.));
#6807=DIRECTION('',(0.,1.,0.));
#6808=DIRECTION('',(1.,0.,0.));
#6809=DIRECTION('',(0.,-1.,0.));
#6810=DIRECTION('',(0.467391329544284,0.,0.88405053309572));
#6811=DIRECTION('',(0.88405053309572,0.,-0.467391329544284));
#6812=DIRECTION('',(-0.88405053309572,0.,0.467391329544284));
#6813=DIRECTION('',(0.,-1.,0.));
#6814=DIRECTION('',(0.,-1.,0.));
#6815=DIRECTION('',(0.,0.,-1.));
#6816=DIRECTION('',(0.,1.,0.));
#6817=DIRECTION('',(1.,0.,0.));
#6818=DIRECTION('',(0.,1.,0.));
#6819=DIRECTION('',(1.,0.,0.));
#6820=DIRECTION('',(5.07229086542927E-16,0.,1.));
#6821=DIRECTION('',(1.,0.,-5.07229086542927E-16));
#6822=DIRECTION('',(-1.,0.,5.07229086542927E-16));
#6823=DIRECTION('',(0.,-1.,0.));
#6824=DIRECTION('',(0.,-1.,0.));
#6825=DIRECTION('',(0.,1.,0.));
#6826=DIRECTION('',(0.,0.,1.));
#6827=DIRECTION('',(0.,1.,0.));
#6828=DIRECTION('',(0.,0.,1.));
#6829=DIRECTION('',(0.,1.,0.));
#6830=DIRECTION('',(0.,0.,1.));
#6831=DIRECTION('',(0.,1.,0.));
#6832=DIRECTION('',(0.,0.,1.));
#6833=DIRECTION('',(0.,1.,0.));
#6834=DIRECTION('',(0.,0.,1.));
#6835=DIRECTION('',(0.,1.,0.));
#6836=DIRECTION('',(0.,0.,1.));
#6837=DIRECTION('',(0.,1.,0.));
#6838=DIRECTION('',(0.,0.,1.));
#6839=DIRECTION('',(0.,1.,0.));
#6840=DIRECTION('',(0.,0.,1.));
#6841=DIRECTION('',(0.,1.,0.));
#6842=DIRECTION('',(0.,0.,1.));
#6843=DIRECTION('',(0.,1.,0.));
#6844=DIRECTION('',(0.,0.,1.));
#6845=DIRECTION('',(0.,-1.,0.));
#6846=DIRECTION('',(0.,0.,-1.));
#6847=DIRECTION('',(0.,1.,0.));
#6848=DIRECTION('',(0.,0.,1.));
#6849=DIRECTION('',(0.,1.,0.));
#6850=DIRECTION('',(0.,0.,1.));
#6851=DIRECTION('',(0.,1.,0.));
#6852=DIRECTION('',(0.,0.,1.));
#6853=DIRECTION('',(0.,1.,0.));
#6854=DIRECTION('',(0.,0.,1.));
#6855=DIRECTION('',(0.,-1.,0.));
#6856=DIRECTION('',(0.,0.,-1.));
#6857=DIRECTION('',(0.,-1.,0.));
#6858=DIRECTION('',(0.,0.,-1.));
#6859=DIRECTION('',(0.,-1.,0.));
#6860=DIRECTION('',(0.,0.,-1.));
#6861=DIRECTION('',(0.,-1.,0.));
#6862=DIRECTION('',(0.,0.,-1.));
#6863=DIRECTION('',(0.,-1.,0.));
#6864=DIRECTION('',(0.,0.,-1.));
#6865=DIRECTION('',(0.,-1.,0.));
#6866=DIRECTION('',(0.,0.,-1.));
#6867=DIRECTION('',(0.,-1.,0.));
#6868=DIRECTION('',(0.,0.,-1.));
#6869=DIRECTION('',(0.,1.,0.));
#6870=DIRECTION('',(0.,0.,1.));
#6871=DIRECTION('',(0.,1.,0.));
#6872=DIRECTION('',(0.,-1.,0.));
#6873=DIRECTION('',(0.,0.,-1.));
#6874=DIRECTION('',(0.,1.,0.));
#6875=DIRECTION('',(1.,0.,0.));
#6876=DIRECTION('',(0.,0.,-1.));
#6877=DIRECTION('',(0.,0.,-1.));
#6878=DIRECTION('',(0.,1.,0.));
#6879=DIRECTION('',(0.,1.,0.));
#6880=DIRECTION('',(0.,0.,1.));
#6881=DIRECTION('',(0.,-1.,0.));
#6882=DIRECTION('',(0.,0.,1.));
#6883=DIRECTION('',(0.,1.,0.));
#6884=DIRECTION('',(0.,0.,1.));
#6885=DIRECTION('',(1.,0.,0.));
#6886=DIRECTION('',(1.,0.,0.));
#6887=DIRECTION('',(0.,1.,0.));
#6888=DIRECTION('',(0.,1.,0.));
#6889=DIRECTION('',(0.,0.,1.));
#6890=DIRECTION('',(0.,-1.,0.));
#6891=DIRECTION('',(0.,0.,1.));
#6892=DIRECTION('',(0.,1.,0.));
#6893=DIRECTION('',(-1.,0.,0.));
#6894=DIRECTION('',(0.,0.,1.));
#6895=DIRECTION('',(0.,0.,1.));
#6896=DIRECTION('',(0.,1.,0.));
#6897=DIRECTION('',(0.,1.,0.));
#6898=DIRECTION('',(0.,0.,1.));
#6899=DIRECTION('',(0.,-1.,0.));
#6900=DIRECTION('',(0.,0.,-1.));
#6901=DIRECTION('',(0.,1.,0.));
#6902=DIRECTION('',(0.,1.,0.));
#6903=DIRECTION('',(0.,0.,1.));
#6904=DIRECTION('',(0.,1.,0.));
#6905=DIRECTION('',(0.,-1.,0.));
#6906=DIRECTION('',(0.,0.,-1.));
#6907=DIRECTION('',(0.,1.,0.));
#6908=DIRECTION('',(0.,0.,-1.));
#6909=DIRECTION('',(-1.,0.,0.));
#6910=DIRECTION('',(-1.,0.,0.));
#6911=DIRECTION('',(0.,1.,0.));
#6912=DIRECTION('',(0.,1.,0.));
#6913=DIRECTION('',(0.,0.,1.));
#6914=DIRECTION('',(0.,-1.,0.));
#6915=DIRECTION('',(0.,0.,-1.));
#6916=DIRECTION('',(0.,1.,0.));
#6917=DIRECTION('',(-1.,0.,0.));
#6918=DIRECTION('',(0.,0.,1.));
#6919=DIRECTION('',(0.,0.,1.));
#6920=DIRECTION('',(0.,1.,0.));
#6921=DIRECTION('',(0.,1.,0.));
#6922=DIRECTION('',(0.,0.,1.));
#6923=DIRECTION('',(0.,-1.,0.));
#6924=DIRECTION('',(0.,0.,1.));
#6925=DIRECTION('',(0.,1.,0.));
#6926=DIRECTION('',(0.,0.,1.));
#6927=DIRECTION('',(1.,0.,0.));
#6928=DIRECTION('',(1.,0.,0.));
#6929=DIRECTION('',(0.,1.,0.));
#6930=DIRECTION('',(0.,1.,0.));
#6931=DIRECTION('',(0.,0.,1.));
#6932=DIRECTION('',(0.,-1.,0.));
#6933=DIRECTION('',(0.,0.,1.));
#6934=DIRECTION('',(0.,1.,0.));
#6935=DIRECTION('',(1.,0.,-1.82602471155453E-16));
#6936=DIRECTION('',(-1.82602471155453E-16,0.,-1.));
#6937=DIRECTION('',(-1.82602471155453E-16,0.,-1.));
#6938=DIRECTION('',(0.,0.,-1.));
#6939=DIRECTION('',(-1.,0.,0.));
#6940=DIRECTION('',(-1.,0.,0.));
#6941=DIRECTION('',(0.,-1.,0.));
#6942=DIRECTION('',(0.,0.,-1.));
#6943=DIRECTION('',(0.,0.,-1.));
#6944=DIRECTION('',(-1.,0.,0.));
#6945=DIRECTION('',(0.,1.,0.));
#6946=DIRECTION('',(-1.,0.,0.));
#6947=DIRECTION('',(0.,1.,0.));
#6948=DIRECTION('',(-1.,0.,0.));
#6949=DIRECTION('',(0.,0.,1.));
#6950=DIRECTION('',(0.,1.,0.));
#6951=DIRECTION('',(0.,0.,1.));
#6952=DIRECTION('',(0.,0.,-1.));
#6953=DIRECTION('',(-1.,0.,0.));
#6954=DIRECTION('',(0.,1.,0.));
#6955=DIRECTION('',(-1.,0.,0.));
#6956=DIRECTION('',(-1.,0.,0.));
#6957=DIRECTION('',(0.,0.,1.));
#6958=DIRECTION('',(0.,1.,0.));
#6959=DIRECTION('',(0.,0.,1.));
#6960=DIRECTION('',(0.,0.,1.));
#6961=DIRECTION('',(1.,0.,0.));
#6962=DIRECTION('',(0.,1.,0.));
#6963=DIRECTION('',(1.,0.,0.));
#6964=DIRECTION('',(-1.,0.,0.));
#6965=DIRECTION('',(0.,0.,1.));
#6966=DIRECTION('',(0.,1.,0.));
#6967=DIRECTION('',(0.,0.,1.));
#6968=DIRECTION('',(0.,0.,1.));
#6969=DIRECTION('',(1.,0.,0.));
#6970=DIRECTION('',(0.,1.,0.));
#6971=DIRECTION('',(1.,0.,0.));
#6972=DIRECTION('',(1.,0.,0.));
#6973=DIRECTION('',(0.,0.,-1.));
#6974=DIRECTION('',(0.,1.,0.));
#6975=DIRECTION('',(0.,0.,-1.));
#6976=DIRECTION('',(0.,1.,0.));
#6977=DIRECTION('',(-0.0738716855153118,0.,-0.997267754456709));
#6978=DIRECTION('',(-0.997267754456709,0.,0.0738716855153118));
#6979=DIRECTION('',(0.,1.,0.));
#6980=DIRECTION('',(-0.997267754456709,0.,0.0738716855153118));
#6981=DIRECTION('',(0.,1.,0.));
#6982=DIRECTION('',(1.,0.,0.));
#6983=DIRECTION('',(0.,0.,-1.));
#6984=DIRECTION('',(0.,0.,-1.));
#6985=DIRECTION('',(0.,-1.,0.));
#6986=DIRECTION('',(0.,0.,-1.));
#6987=DIRECTION('',(0.,1.,0.));
#6988=DIRECTION('',(0.,1.,0.));
#6989=DIRECTION('',(-1.,0.,0.));
#6990=DIRECTION('',(0.,0.,1.));
#6991=DIRECTION('',(0.,1.,0.));
#6992=DIRECTION('',(0.,0.,1.));
#6993=DIRECTION('',(0.,1.,0.));
#6994=DIRECTION('',(0.,1.,0.));
#6995=DIRECTION('',(0.,1.,0.));
#6996=DIRECTION('',(0.,0.,1.));
#6997=DIRECTION('',(0.,1.,0.));
#6998=DIRECTION('',(0.,0.,-1.));
#6999=DIRECTION('',(0.,1.,0.));
#7000=DIRECTION('',(0.0388057000058005,0.,0.999246775149692));
#7001=DIRECTION('',(0.999246775149692,0.,-0.0388057000058005));
#7002=DIRECTION('',(0.999246775149692,0.,-0.0388057000058005));
#7003=DIRECTION('',(0.,1.,0.));
#7004=DIRECTION('',(1.,0.,0.));
#7005=DIRECTION('',(0.,0.,-1.));
#7006=DIRECTION('',(0.,0.,-1.));
#7007=DIRECTION('',(0.,0.,-1.));
#7008=DIRECTION('',(0.,-1.,0.));
#7009=DIRECTION('',(0.,0.,-1.));
#7010=DIRECTION('',(0.,1.,0.));
#7011=DIRECTION('',(0.,0.,1.));
#7012=DIRECTION('',(0.,0.,-1.));
#7013=DIRECTION('',(-1.,0.,0.));
#7014=DIRECTION('',(0.,1.,0.));
#7015=DIRECTION('',(-1.,0.,0.));
#7016=DIRECTION('',(0.,1.,0.));
#7017=DIRECTION('',(1.,0.,0.));
#7018=DIRECTION('',(0.,0.,-1.));
#7019=DIRECTION('',(0.,0.,-1.));
#7020=DIRECTION('',(0.,1.,0.));
#7021=DIRECTION('',(0.,0.,1.));
#7022=DIRECTION('',(1.,0.,0.));
#7023=DIRECTION('',(1.,0.,0.));
#7024=DIRECTION('',(0.,1.,0.));
#7025=DIRECTION('',(-1.,0.,0.));
#7026=DIRECTION('',(0.,0.,1.));
#7027=DIRECTION('',(0.,0.,1.));
#7028=DIRECTION('',(0.,1.,0.));
#7029=DIRECTION('',(0.,0.,-1.));
#7030=DIRECTION('',(-1.,0.,0.));
#7031=DIRECTION('',(-1.,0.,0.));
#7032=DIRECTION('',(0.,1.,0.));
#7033=DIRECTION('',(0.,1.,0.));
#7034=DIRECTION('',(0.,1.,0.));
#7035=DIRECTION('',(0.,0.,-1.));
#7036=DIRECTION('',(-1.,0.,0.));
#7037=DIRECTION('',(-1.,0.,0.));
#7038=DIRECTION('',(-1.,0.,0.));
#7039=DIRECTION('',(0.,1.,0.));
#7040=DIRECTION('',(0.,1.,0.));
#7041=DIRECTION('',(0.,0.,1.));
#7042=DIRECTION('',(0.,1.,0.));
#7043=DIRECTION('',(0.,0.,1.));
#7044=DIRECTION('',(0.,1.,0.));
#7045=DIRECTION('',(0.,0.,1.));
#7046=DIRECTION('',(0.,1.,0.));
#7047=DIRECTION('',(0.,0.,1.));
#7048=DIRECTION('',(0.,1.,0.));
#7049=DIRECTION('',(0.,1.,0.));
#7050=DIRECTION('',(0.0530226536130924,0.,0.998593309713131));
#7051=DIRECTION('',(0.998593309713131,0.,-0.0530226536130924));
#7052=DIRECTION('',(0.998593309713132,0.,-0.0530226536130924));
#7053=DIRECTION('',(0.,1.,0.));
#7054=DIRECTION('',(0.,1.,0.));
#7055=DIRECTION('',(-0.0530226536130927,0.,0.998593309713131));
#7056=DIRECTION('',(0.998593309713131,0.,0.0530226536130927));
#7057=DIRECTION('',(0.998593309713131,0.,0.0530226536130927));
#7058=DIRECTION('',(0.,-1.,0.));
#7059=DIRECTION('',(0.,0.,-1.));
#7060=DIRECTION('',(0.,1.,0.));
#7061=DIRECTION('',(0.,1.,0.));
#7062=DIRECTION('',(-1.,0.,0.));
#7063=DIRECTION('',(0.,0.,1.));
#7064=DIRECTION('',(0.,1.,0.));
#7065=DIRECTION('',(0.,0.,1.));
#7066=DIRECTION('',(0.,1.,0.));
#7067=DIRECTION('',(0.,1.,0.));
#7068=DIRECTION('',(0.,1.,0.));
#7069=DIRECTION('',(0.,0.,1.));
#7070=DIRECTION('',(0.,1.,0.));
#7071=DIRECTION('',(0.,0.,-1.));
#7072=DIRECTION('',(0.,1.,0.));
#7073=DIRECTION('',(0.0484865938555424,0.,0.998823833424237));
#7074=DIRECTION('',(0.998823833424237,0.,-0.0484865938555424));
#7075=DIRECTION('',(0.998823833424237,0.,-0.0484865938555424));
#7076=DIRECTION('',(0.,1.,0.));
#7077=DIRECTION('',(1.,0.,0.));
#7078=DIRECTION('',(0.,0.,-1.));
#7079=DIRECTION('',(0.,0.,-1.));
#7080=DIRECTION('',(0.,0.,-1.));
#7081=DIRECTION('',(0.,-1.,0.));
#7082=DIRECTION('',(0.,0.,-1.));
#7083=DIRECTION('',(0.,1.,0.));
#7084=DIRECTION('',(0.,0.,1.));
#7085=DIRECTION('',(-0.0593013934920539,0.,-0.9982401237828));
#7086=DIRECTION('',(-0.9982401237828,0.,0.0593013934920539));
#7087=DIRECTION('',(0.,1.,0.));
#7088=DIRECTION('',(-0.9982401237828,0.,0.0593013934920539));
#7089=DIRECTION('',(0.,1.,0.));
#7090=DIRECTION('',(0.,1.,0.));
#7091=DIRECTION('',(0.,0.,1.));
#7092=DIRECTION('',(1.,0.,0.));
#7093=DIRECTION('',(1.,0.,0.));
#7094=DIRECTION('',(0.,1.,0.));
#7095=DIRECTION('',(0.,1.,0.));
#7096=DIRECTION('',(-0.0698291276999304,0.,0.997558967141626));
#7097=DIRECTION('',(0.997558967141626,0.,0.0698291276999304));
#7098=DIRECTION('',(0.997558967141626,0.,0.0698291276999304));
#7099=DIRECTION('',(0.,1.,0.));
#7100=DIRECTION('',(0.,1.,0.));
#7101=DIRECTION('',(0.,1.,0.));
#7102=DIRECTION('',(0.,1.,0.));
#7103=DIRECTION('',(0.,1.,0.));
#7104=DIRECTION('',(0.,0.,-1.));
#7105=DIRECTION('',(-1.,0.,0.));
#7106=DIRECTION('',(-1.,0.,0.));
#7107=DIRECTION('',(-1.,0.,0.));
#7108=DIRECTION('',(0.,1.,0.));
#7109=DIRECTION('',(0.,1.,0.));
#7110=DIRECTION('',(0.,0.,1.));
#7111=DIRECTION('',(0.,1.,0.));
#7112=DIRECTION('',(0.,0.,1.));
#7113=DIRECTION('',(0.,0.,-1.));
#7114=DIRECTION('',(-1.,0.,0.));
#7115=DIRECTION('',(0.,1.,0.));
#7116=DIRECTION('',(-1.,0.,0.));
#7117=DIRECTION('',(0.,1.,0.));
#7118=DIRECTION('',(0.,1.,0.));
#7119=DIRECTION('',(0.,1.,0.));
#7120=DIRECTION('',(0.,1.,0.));
#7121=DIRECTION('',(0.,0.,1.));
#7122=DIRECTION('',(1.,0.,0.));
#7123=DIRECTION('',(1.,0.,0.));
#7124=DIRECTION('',(1.,0.,0.));
#7125=DIRECTION('',(0.,1.,0.));
#7126=DIRECTION('',(-1.,0.,0.));
#7127=DIRECTION('',(0.,0.,1.));
#7128=DIRECTION('',(0.,0.,1.));
#7129=DIRECTION('',(0.,1.,0.));
#7130=DIRECTION('',(0.,0.,1.));
#7131=DIRECTION('',(0.,1.,0.));
#7132=DIRECTION('',(0.,0.,1.));
#7133=DIRECTION('',(-0.526591568842707,0.,-0.850118415059794));
#7134=DIRECTION('',(-0.850118415059794,0.,0.526591568842707));
#7135=DIRECTION('',(0.,1.,0.));
#7136=DIRECTION('',(-0.850118415059794,0.,0.526591568842707));
#7137=DIRECTION('',(0.,1.,0.));
#7138=DIRECTION('',(1.,0.,0.));
#7139=DIRECTION('',(0.,0.,-1.));
#7140=DIRECTION('',(0.,0.,-1.));
#7141=DIRECTION('',(0.,1.,0.));
#7142=DIRECTION('',(0.523212533382048,0.,0.852202232402579));
#7143=DIRECTION('',(0.852202232402579,0.,-0.523212533382048));
#7144=DIRECTION('',(0.852202232402579,0.,-0.523212533382048));
#7145=DIRECTION('',(0.,1.,0.));
#7146=DIRECTION('',(0.520324915662159,0.,-0.853968373033315));
#7147=DIRECTION('',(-0.853968373033315,0.,-0.520324915662159));
#7148=DIRECTION('',(-0.853968373033315,0.,-0.520324915662159));
#7149=DIRECTION('',(0.,1.,0.));
#7150=DIRECTION('',(1.,0.,0.));
#7151=DIRECTION('',(0.,0.,-1.));
#7152=DIRECTION('',(0.,0.,-1.));
#7153=DIRECTION('',(0.,1.,0.));
#7154=DIRECTION('',(-0.523453981287415,0.,0.852053947514096));
#7155=DIRECTION('',(0.852053947514096,0.,0.523453981287415));
#7156=DIRECTION('',(0.852053947514096,0.,0.523453981287415));
#7157=DIRECTION('',(0.,1.,0.));
#7158=DIRECTION('',(0.533374025614272,0.,0.84587951198739));
#7159=DIRECTION('',(0.84587951198739,0.,-0.533374025614272));
#7160=DIRECTION('',(0.84587951198739,0.,-0.533374025614272));
#7161=DIRECTION('',(0.,1.,0.));
#7162=DIRECTION('',(-1.,0.,0.));
#7163=DIRECTION('',(0.,0.,1.));
#7164=DIRECTION('',(0.,0.,1.));
#7165=DIRECTION('',(0.,1.,0.));
#7166=DIRECTION('',(-0.527329289366873,0.,-0.849661003327697));
#7167=DIRECTION('',(-0.849661003327697,0.,0.527329289366873));
#7168=DIRECTION('',(-0.849661003327697,0.,0.527329289366873));
#7169=DIRECTION('',(0.,1.,0.));
#7170=DIRECTION('',(-0.534093965591875,0.,0.845425121414277));
#7171=DIRECTION('',(0.845425121414277,0.,0.534093965591875));
#7172=DIRECTION('',(0.845425121414277,0.,0.534093965591875));
#7173=DIRECTION('',(0.,1.,0.));
#7174=DIRECTION('',(-1.,0.,0.));
#7175=DIRECTION('',(0.,0.,1.));
#7176=DIRECTION('',(0.,0.,1.));
#7177=DIRECTION('',(0.,1.,0.));
#7178=DIRECTION('',(0.538620734946896,0.,-0.842548339197975));
#7179=DIRECTION('',(-0.842548339197975,0.,-0.538620734946896));
#7180=DIRECTION('',(-0.842548339197975,0.,-0.538620734946896));
#7181=DIRECTION('',(0.,-1.,0.));
#7182=DIRECTION('',(0.,0.,-1.));
#7183=DIRECTION('',(0.,0.,1.));
#7184=DIRECTION('',(1.,0.,0.));
#7185=DIRECTION('',(0.,1.,0.));
#7186=DIRECTION('',(1.,0.,0.));
#7187=DIRECTION('',(0.,1.,0.));
#7188=DIRECTION('',(-1.,0.,0.));
#7189=DIRECTION('',(0.,0.,1.));
#7190=DIRECTION('',(0.,0.,1.));
#7191=DIRECTION('',(0.,1.,0.));
#7192=DIRECTION('',(0.,0.,-1.));
#7193=DIRECTION('',(-1.,0.,0.));
#7194=DIRECTION('',(-1.,0.,0.));
#7195=DIRECTION('',(0.,1.,0.));
#7196=DIRECTION('',(1.,0.,0.));
#7197=DIRECTION('',(0.,0.,-1.));
#7198=DIRECTION('',(0.,0.,-1.));
#7199=DIRECTION('',(0.,1.,0.));
#7200=DIRECTION('',(0.414415067456166,0.,0.910087991276284));
#7201=DIRECTION('',(0.910087991276284,0.,-0.414415067456166));
#7202=DIRECTION('',(0.910087991276284,0.,-0.414415067456166));
#7203=DIRECTION('',(0.,1.,0.));
#7204=DIRECTION('',(1.,0.,0.));
#7205=DIRECTION('',(0.,0.,-1.));
#7206=DIRECTION('',(0.,0.,-1.));
#7207=DIRECTION('',(0.,1.,0.));
#7208=DIRECTION('',(0.,0.,-1.));
#7209=DIRECTION('',(-1.,0.,0.));
#7210=DIRECTION('',(-1.,0.,0.));
#7211=DIRECTION('',(0.,1.,0.));
#7212=DIRECTION('',(1.,0.,0.));
#7213=DIRECTION('',(0.,0.,-1.));
#7214=DIRECTION('',(0.,0.,-1.));
#7215=DIRECTION('',(0.,1.,0.));
#7216=DIRECTION('',(0.,0.,1.));
#7217=DIRECTION('',(1.,0.,0.));
#7218=DIRECTION('',(1.,0.,0.));
#7219=DIRECTION('',(0.,1.,0.));
#7220=DIRECTION('',(-1.,0.,0.));
#7221=DIRECTION('',(0.,0.,1.));
#7222=DIRECTION('',(0.,0.,1.));
#7223=DIRECTION('',(0.,1.,0.));
#7224=DIRECTION('',(-0.416911044230854,0.,-0.908947292860449));
#7225=DIRECTION('',(-0.908947292860449,0.,0.416911044230854));
#7226=DIRECTION('',(-0.908947292860449,0.,0.416911044230854));
#7227=DIRECTION('',(0.,1.,0.));
#7228=DIRECTION('',(-1.,0.,0.));
#7229=DIRECTION('',(0.,0.,1.));
#7230=DIRECTION('',(0.,0.,1.));
#7231=DIRECTION('',(0.,-1.,0.));
#7232=DIRECTION('',(0.,0.,-1.));
#7233=DIRECTION('',(0.,0.,-1.));
#7234=DIRECTION('',(-1.,0.,0.));
#7235=DIRECTION('',(0.,1.,0.));
#7236=DIRECTION('',(-1.,0.,0.));
#7237=DIRECTION('',(0.,1.,0.));
#7238=DIRECTION('',(0.,1.,0.));
#7239=DIRECTION('',(0.,1.,0.));
#7240=DIRECTION('',(0.,0.,1.));
#7241=DIRECTION('',(0.,1.,0.));
#7242=DIRECTION('',(0.,0.,-1.));
#7243=DIRECTION('',(0.,1.,0.));
#7244=DIRECTION('',(0.,0.,1.));
#7245=DIRECTION('',(1.,0.,0.));
#7246=DIRECTION('',(1.,0.,0.));
#7247=DIRECTION('',(0.,1.,0.));
#7248=DIRECTION('',(0.,0.,1.));
#7249=DIRECTION('',(1.,0.,0.));
#7250=DIRECTION('',(1.,0.,0.));
#7251=DIRECTION('',(0.,1.,0.));
#7252=DIRECTION('',(1.,0.,0.));
#7253=DIRECTION('',(0.,1.,0.));
#7254=DIRECTION('',(-1.,0.,0.));
#7255=DIRECTION('',(0.,0.,1.));
#7256=DIRECTION('',(0.,0.,1.));
#7257=DIRECTION('',(0.,1.,0.));
#7258=DIRECTION('',(0.,0.,1.));
#7259=DIRECTION('',(0.,1.,0.));
#7260=DIRECTION('',(0.,0.,1.));
#7261=DIRECTION('',(-0.325422946718118,0.,0.945568562162098));
#7262=DIRECTION('',(0.945568562162098,0.,0.325422946718118));
#7263=DIRECTION('',(0.,1.,0.));
#7264=DIRECTION('',(0.945568562162098,0.,0.325422946718118));
#7265=DIRECTION('',(0.,1.,0.));
#7266=DIRECTION('',(-1.,0.,0.));
#7267=DIRECTION('',(0.,0.,1.));
#7268=DIRECTION('',(0.,0.,1.));
#7269=DIRECTION('',(0.,1.,0.));
#7270=DIRECTION('',(0.322202485606113,0.,-0.946670776072254));
#7271=DIRECTION('',(-0.946670776072254,0.,-0.322202485606113));
#7272=DIRECTION('',(-0.946670776072253,0.,-0.322202485606113));
#7273=DIRECTION('',(0.,1.,0.));
#7274=DIRECTION('',(1.,0.,0.));
#7275=DIRECTION('',(0.,0.,-1.));
#7276=DIRECTION('',(0.,0.,-1.));
#7277=DIRECTION('',(0.,1.,0.));
#7278=DIRECTION('',(-0.328993186605869,0.,0.944332294887195));
#7279=DIRECTION('',(0.944332294887195,0.,0.328993186605869));
#7280=DIRECTION('',(0.944332294887195,0.,0.328993186605869));
#7281=DIRECTION('',(0.,1.,0.));
#7282=DIRECTION('',(-1.,0.,0.));
#7283=DIRECTION('',(0.,0.,1.));
#7284=DIRECTION('',(0.,0.,1.));
#7285=DIRECTION('',(0.,1.,0.));
#7286=DIRECTION('',(-0.322006434189045,0.,0.946737480160607));
#7287=DIRECTION('',(0.946737480160607,0.,0.322006434189045));
#7288=DIRECTION('',(0.946737480160607,0.,0.322006434189045));
#7289=DIRECTION('',(0.,1.,0.));
#7290=DIRECTION('',(1.,0.,0.));
#7291=DIRECTION('',(0.,0.,-1.));
#7292=DIRECTION('',(0.,0.,-1.));
#7293=DIRECTION('',(0.,1.,0.));
#7294=DIRECTION('',(-0.325422946718123,0.,0.945568562162096));
#7295=DIRECTION('',(0.945568562162096,0.,0.325422946718123));
#7296=DIRECTION('',(0.945568562162096,0.,0.325422946718123));
#7297=DIRECTION('',(0.,1.,0.));
#7298=DIRECTION('',(-1.,0.,0.));
#7299=DIRECTION('',(0.,0.,1.));
#7300=DIRECTION('',(0.,0.,1.));
#7301=DIRECTION('',(0.,1.,0.));
#7302=DIRECTION('',(-0.321706110059449,0.,0.94683957392497));
#7303=DIRECTION('',(0.94683957392497,0.,0.321706110059449));
#7304=DIRECTION('',(0.946839573924969,0.,0.321706110059449));
#7305=DIRECTION('',(0.,1.,0.));
#7306=DIRECTION('',(1.,0.,0.));
#7307=DIRECTION('',(0.,0.,-1.));
#7308=DIRECTION('',(0.,0.,-1.));
#7309=DIRECTION('',(0.,-1.,0.));
#7310=DIRECTION('',(0.,0.,-1.));
#7311=DIRECTION('',(-1.,0.,0.));
#7312=DIRECTION('',(0.,0.,1.));
#7313=DIRECTION('',(0.,1.,0.));
#7314=DIRECTION('',(0.,0.,1.));
#7315=DIRECTION('',(0.,1.,0.));
#7316=DIRECTION('',(0.135954114986296,0.,-0.990715134949645));
#7317=DIRECTION('',(-0.990715134949645,0.,-0.135954114986296));
#7318=DIRECTION('',(-0.990715134949645,0.,-0.135954114986296));
#7319=DIRECTION('',(0.,1.,0.));
#7320=DIRECTION('',(1.,0.,1.87758305635137E-15));
#7321=DIRECTION('',(1.87758305635137E-15,0.,-1.));
#7322=DIRECTION('',(1.87758305635137E-15,0.,-1.));
#7323=DIRECTION('',(0.,1.,0.));
#7324=DIRECTION('',(-0.141947066169296,0.,0.989874249794351));
#7325=DIRECTION('',(0.989874249794351,0.,0.141947066169296));
#7326=DIRECTION('',(0.989874249794351,0.,0.141947066169296));
#7327=DIRECTION('',(0.,1.,0.));
#7328=DIRECTION('',(1.,0.,9.97465998686667E-15));
#7329=DIRECTION('',(9.97465998686667E-15,0.,-1.));
#7330=DIRECTION('',(9.97465998686667E-15,0.,-1.));
#7331=DIRECTION('',(0.,1.,0.));
#7332=DIRECTION('',(0.496138938356834,0.,-0.868243142124459));
#7333=DIRECTION('',(-0.868243142124459,0.,-0.496138938356834));
#7334=DIRECTION('',(-0.868243142124459,0.,-0.496138938356834));
#7335=DIRECTION('',(0.,1.,0.));
#7336=DIRECTION('',(1.,0.,1.71607053537491E-15));
#7337=DIRECTION('',(1.71607053537491E-15,0.,-1.));
#7338=DIRECTION('',(1.71607053537491E-15,0.,-1.));
#7339=DIRECTION('',(0.,1.,0.));
#7340=DIRECTION('',(-0.109928788828215,0.,0.993939465655108));
#7341=DIRECTION('',(0.993939465655108,0.,0.109928788828215));
#7342=DIRECTION('',(0.993939465655108,0.,0.109928788828215));
#7343=DIRECTION('',(0.,1.,0.));
#7344=DIRECTION('',(1.,0.,0.));
#7345=DIRECTION('',(0.,0.,-1.));
#7346=DIRECTION('',(0.,0.,-1.));
#7347=DIRECTION('',(0.,1.,0.));
#7348=DIRECTION('',(0.473741172169047,0.,-0.880664125414393));
#7349=DIRECTION('',(-0.880664125414393,0.,-0.473741172169047));
#7350=DIRECTION('',(-0.880664125414393,0.,-0.473741172169047));
#7351=DIRECTION('',(0.,1.,0.));
#7352=DIRECTION('',(1.,0.,0.));
#7353=DIRECTION('',(0.,0.,-1.));
#7354=DIRECTION('',(0.,0.,-1.));
#7355=DIRECTION('',(0.,1.,0.));
#7356=DIRECTION('',(-0.477513320419862,0.,0.878624509572547));
#7357=DIRECTION('',(0.878624509572547,0.,0.477513320419862));
#7358=DIRECTION('',(0.878624509572547,0.,0.477513320419862));
#7359=DIRECTION('',(0.,1.,0.));
#7360=DIRECTION('',(-1.,0.,0.));
#7361=DIRECTION('',(0.,0.,1.));
#7362=DIRECTION('',(0.,0.,1.));
#7363=DIRECTION('',(0.,1.,0.));
#7364=DIRECTION('',(0.127821123689055,0.,-0.991797237513227));
#7365=DIRECTION('',(-0.991797237513227,0.,-0.127821123689055));
#7366=DIRECTION('',(-0.991797237513226,0.,-0.127821123689055));
#7367=DIRECTION('',(0.,1.,0.));
#7368=DIRECTION('',(-0.482266501438241,0.,0.876024555358193));
#7369=DIRECTION('',(0.876024555358193,0.,0.482266501438241));
#7370=DIRECTION('',(0.876024555358193,0.,0.482266501438241));
#7371=DIRECTION('',(0.,1.,0.));
#7372=DIRECTION('',(0.,0.,1.));
#7373=DIRECTION('',(0.,0.,1.));
#7374=DIRECTION('',(1.,0.,0.));
#7375=DIRECTION('',(0.,0.,1.));
#7376=DIRECTION('',(1.,0.,0.));
#7377=DIRECTION('',(0.,0.,-1.));
#7378=DIRECTION('',(0.,0.,-1.));
#7379=DIRECTION('',(0.,0.,1.));
#7380=DIRECTION('',(1.,0.,0.));
#7381=DIRECTION('',(0.,0.,-1.));
#7382=DIRECTION('',(0.,0.,-1.));
#7383=DIRECTION('',(1.38843414364522E-14,1.,0.));
#7384=DIRECTION('',(-1.,1.38843414364522E-14,0.));
#7385=DIRECTION('',(-1.,1.38843414364522E-14,0.));
#7386=DIRECTION('',(1.,0.,1.09885355319482E-16));
#7387=DIRECTION('',(0.,1.,0.));
#7388=DIRECTION('',(-1.,0.,1.36998372338519E-15));
#7389=DIRECTION('',(0.,0.,1.));
#7390=DIRECTION('',(0.,1.,0.));
#7391=DIRECTION('',(-3.77113799125385E-15,0.,-1.));
#7392=DIRECTION('',(-1.,0.,0.));
#7393=DIRECTION('',(1.09885355319482E-16,0.,1.));
#7394=DIRECTION('',(-1.,0.,0.));
#7395=DIRECTION('',(0.,1.,0.));
#7396=DIRECTION('',(-2.89120579329426E-14,0.,-1.));
#7397=DIRECTION('',(0.,0.,1.));
#7398=DIRECTION('',(0.,1.,0.));
#7399=DIRECTION('',(-1.,0.,1.05032085459519E-14));
#7400=DIRECTION('',(1.,0.,1.09885355319482E-16));
#7401=DIRECTION('',(-1.,1.38843414364522E-14,0.));
#7402=DIRECTION('',(0.,0.,-1.));
#7403=DIRECTION('',(-1.,1.38843414364522E-14,0.));
#7404=DIRECTION('',(-1.38843414364522E-14,-1.,0.));
#7405=DIRECTION('',(1.,-1.38843414364522E-14,0.));
#7406=DIRECTION('',(0.,0.,-1.));
#7407=DIRECTION('',(-1.,1.38843414364522E-14,0.));
#7408=DIRECTION('',(1.,0.,1.09885355319482E-16));
#7409=DIRECTION('',(0.,1.,0.));
#7410=DIRECTION('',(-1.,0.,1.02242523619878E-12));
#7411=DIRECTION('',(0.,0.,1.));
#7412=DIRECTION('',(0.,1.,0.));
#7413=DIRECTION('',(-1.04083408558575E-12,0.,-1.));
#7414=DIRECTION('',(-1.,0.,0.));
#7415=DIRECTION('',(1.09885355319482E-16,0.,1.));
#7416=DIRECTION('',(-1.,0.,0.));
#7417=DIRECTION('',(0.,1.,0.));
#7418=DIRECTION('',(-1.35760967685138E-13,0.,-1.));
#7419=DIRECTION('',(0.,0.,1.));
#7420=DIRECTION('',(0.,1.,0.));
#7421=DIRECTION('',(-1.,0.,1.33359813417269E-13));
#7422=DIRECTION('',(1.,0.,1.09885355319482E-16));
#7423=DIRECTION('',(0.,0.,1.));
#7424=DIRECTION('',(1.,0.,0.));
#7425=DIRECTION('',(0.,0.,1.));
#7426=DIRECTION('',(0.965496328176457,0.260416666666668,0.));
#7427=DIRECTION('',(0.,0.,1.));
#7428=DIRECTION('',(0.965496328176457,0.260416666666668,0.));
#7429=DIRECTION('',(0.,0.,1.));
#7430=DIRECTION('',(1.,0.,0.));
#7431=DIRECTION('',(0.,0.,1.));
#7432=DIRECTION('',(0.965496328176458,0.260416666666667,0.));
#7433=DIRECTION('',(0.,0.,1.));
#7434=DIRECTION('',(1.,0.,0.));
#7435=DIRECTION('',(0.,0.,1.));
#7436=DIRECTION('',(0.965496328176458,0.260416666666667,0.));
#7437=DIRECTION('',(0.,0.,1.));
#7438=DIRECTION('',(1.,0.,0.));
#7439=DIRECTION('',(1.22464677318184E-16,-1.,0.));
#7440=DIRECTION('',(1.,1.22464677318184E-16,0.));
#7441=DIRECTION('',(1.,1.22464677318184E-16,0.));
#7442=DIRECTION('',(-1.,0.,1.44560289664734E-15));
#7443=DIRECTION('',(0.,-1.,0.));
#7444=DIRECTION('',(1.,0.,8.67361737988409E-15));
#7445=DIRECTION('',(0.,0.,1.));
#7446=DIRECTION('',(0.,-1.,0.));
#7447=DIRECTION('',(2.8912057932947E-14,0.,-1.));
#7448=DIRECTION('',(1.,0.,1.17422617958719E-16));
#7449=DIRECTION('',(-1.56302551460606E-15,0.,1.));
#7450=DIRECTION('',(1.,0.,1.17422617958719E-16));
#7451=DIRECTION('',(0.,-1.,0.));
#7452=DIRECTION('',(3.77113799125392E-15,0.,-1.));
#7453=DIRECTION('',(0.,0.,1.));
#7454=DIRECTION('',(0.,-1.,0.));
#7455=DIRECTION('',(1.,0.,5.78241158658936E-15));
#7456=DIRECTION('',(-1.,0.,1.44560289664734E-15));
#7457=DIRECTION('',(1.,1.22464677318184E-16,0.));
#7458=DIRECTION('',(0.,0.,-1.));
#7459=DIRECTION('',(1.,1.22464677318184E-16,0.));
#7460=DIRECTION('',(-1.22464677318184E-16,1.,0.));
#7461=DIRECTION('',(-1.,-1.22464677318184E-16,0.));
#7462=DIRECTION('',(-1.,0.,1.44560289664734E-15));
#7463=DIRECTION('',(0.,-1.,0.));
#7464=DIRECTION('',(1.,0.,-2.02384405530628E-14));
#7465=DIRECTION('',(0.,0.,1.));
#7466=DIRECTION('',(0.,-1.,0.));
#7467=DIRECTION('',(-3.01691039300314E-14,0.,-1.));
#7468=DIRECTION('',(1.,0.,1.17422617958719E-16));
#7469=DIRECTION('',(-1.56302551460606E-15,0.,1.));
#7470=DIRECTION('',(1.,0.,1.17422617958719E-16));
#7471=DIRECTION('',(0.,-1.,0.));
#7472=DIRECTION('',(-2.31296463463576E-13,0.,-1.));
#7473=DIRECTION('',(0.,0.,1.));
#7474=DIRECTION('',(0.,-1.,0.));
#7475=DIRECTION('',(1.,0.,-6.93889390390727E-14));
#7476=DIRECTION('',(-1.,0.,1.44560289664734E-15));
#7477=DIRECTION('',(1.,1.22464677318184E-16,0.));
#7478=DIRECTION('',(0.,0.,-1.));
#7479=DIRECTION('',(0.,0.,-1.));
#7480=DIRECTION('',(-1.,0.,0.));
#7481=DIRECTION('',(0.,0.,-1.));
#7482=DIRECTION('',(-0.965496328176458,0.260416666666664,0.));
#7483=DIRECTION('',(0.,0.,-1.));
#7484=DIRECTION('',(-0.965496328176458,0.260416666666664,0.));
#7485=DIRECTION('',(0.,0.,-1.));
#7486=DIRECTION('',(-1.,0.,0.));
#7487=DIRECTION('',(0.,0.,-1.));
#7488=DIRECTION('',(-0.965496328176458,0.260416666666667,0.));
#7489=DIRECTION('',(0.,0.,-1.));
#7490=DIRECTION('',(-1.,0.,0.));
#7491=DIRECTION('',(0.,0.,-1.));
#7492=DIRECTION('',(-0.965496328176458,0.260416666666667,0.));
#7493=DIRECTION('',(0.,0.,-1.));
#7494=DIRECTION('',(-1.,0.,0.));
#7495=DIRECTION('',(-1.,-1.41931920761738E-14,1.09885355319482E-16));
#7496=DIRECTION('',(-1.41931920761738E-14,1.,1.55962395440802E-30));
#7497=DIRECTION('',(1.,3.15404268359418E-15,1.56302551460606E-15));
#7498=DIRECTION('',(3.15404268359418E-15,-1.,4.92984918861427E-30));
#7499=DIRECTION('',(0.,1.,2.22044604925031E-16));
#7500=DIRECTION('',(1.,0.,0.));
#7501=DIRECTION('',(-1.,0.,0.));
#7502=DIRECTION('',(0.,0.,1.));
#7503=DIRECTION('',(0.,0.,-1.));
#7504=DIRECTION('',(0.,1.,0.));
#7505=DIRECTION('',(0.,0.,1.));
#7506=DIRECTION('',(0.,1.,0.));
#7507=DIRECTION('',(-1.,0.,0.));
#7508=DIRECTION('',(0.,0.,1.));
#7509=DIRECTION('',(0.,1.,0.));
#7510=DIRECTION('',(0.,0.,-1.));
#7511=DIRECTION('',(0.,1.,0.));
#7512=DIRECTION('',(0.,0.,1.));
#7513=DIRECTION('',(0.,1.,0.));
#7514=DIRECTION('',(0.,0.,1.));
#7515=DIRECTION('',(-8.50354645086671E-17,0.,1.));
#7516=DIRECTION('',(1.,0.,-2.71050543121376E-15));
#7517=DIRECTION('',(6.19544098563145E-17,0.,1.));
#7518=DIRECTION('',(-1.,0.,-2.71050543121376E-15));
#7519=DIRECTION('',(-8.50354645086671E-17,0.,1.));
#7520=DIRECTION('',(0.,1.,0.));
#7521=DIRECTION('',(0.,0.,1.));
#7522=DIRECTION('',(1.,0.,1.70070929017334E-16));
#7523=DIRECTION('',(0.,1.,0.));
#7524=DIRECTION('',(0.,0.,1.));
#7525=DIRECTION('',(1.70070929017334E-16,0.,-1.));
#7526=DIRECTION('',(-1.,0.,0.));
#7527=DIRECTION('',(6.19544098563145E-17,0.,-1.));
#7528=DIRECTION('',(1.,0.,0.));
#7529=DIRECTION('',(1.70070929017334E-16,0.,-1.));
#7530=DIRECTION('',(0.,1.,0.));
#7531=DIRECTION('',(0.,0.,1.));
#7532=DIRECTION('',(-1.,0.,3.40141858034668E-16));
#7533=DIRECTION('',(0.,1.,0.));
#7534=DIRECTION('',(0.,0.,1.));
#7535=DIRECTION('',(1.,0.,1.70070929017334E-16));
#7536=DIRECTION('',(1.70070929017334E-16,0.,-1.));
#7537=DIRECTION('',(0.,1.,0.));
#7538=DIRECTION('',(-1.20258307190853E-16,0.707106781186547,0.707106781186548));
#7539=DIRECTION('',(0.,1.,0.));
#7540=DIRECTION('',(1.70070929017334E-16,0.,-1.));
#7541=DIRECTION('',(-1.,0.,-8.50354645086671E-17));
#7542=DIRECTION('',(-8.50354645086671E-17,0.,1.));
#7543=DIRECTION('',(0.,1.,0.));
#7544=DIRECTION('',(-6.01291535954265E-17,-0.707106781186547,0.707106781186548));
#7545=DIRECTION('',(0.,1.,0.));
#7546=DIRECTION('',(-8.50354645086671E-17,0.,1.));
#7547=DIRECTION('',(0.,1.,0.));
#7548=DIRECTION('',(0.,0.,1.));
#7549=DIRECTION('',(1.,0.,0.));
#7550=DIRECTION('',(0.,1.,0.));
#7551=DIRECTION('',(0.,0.,1.));
#7552=DIRECTION('',(1.,0.,1.70070929017334E-16));
#7553=DIRECTION('',(0.,1.,0.));
#7554=DIRECTION('',(0.,0.,1.));
#7555=DIRECTION('',(-8.50354645086671E-17,0.,1.));
#7556=DIRECTION('',(-1.,0.,-2.71050543121376E-15));
#7557=DIRECTION('',(1.,0.,-2.71050543121376E-15));
#7558=DIRECTION('',(0.,1.,0.));
#7559=DIRECTION('',(0.,0.,1.));
#7560=DIRECTION('',(-1.,0.,3.40141858034668E-16));
#7561=DIRECTION('',(0.,1.,0.));
#7562=DIRECTION('',(0.,0.,1.));
#7563=DIRECTION('',(1.70070929017334E-16,0.,-1.));
#7564=DIRECTION('',(-1.,0.,0.));
#7565=DIRECTION('',(1.,0.,1.70070929017334E-16));
#7566=DIRECTION('',(1.70070929017334E-16,0.,-1.));
#7567=DIRECTION('',(-1.20258307190853E-16,-0.707106781186547,0.707106781186548));
#7568=DIRECTION('',(0.,1.,0.));
#7569=DIRECTION('',(0.,1.,0.));
#7570=DIRECTION('',(-3.40141858034668E-16,0.,-1.));
#7571=DIRECTION('',(-1.,0.,3.40141858034668E-16));
#7572=DIRECTION('',(0.,1.,0.));
#7573=DIRECTION('',(0.,1.,0.));
#7574=DIRECTION('',(-1.,0.,-8.50354645086671E-17));
#7575=DIRECTION('',(-8.50354645086671E-17,0.,1.));
#7576=DIRECTION('',(-6.01291535954265E-17,0.707106781186547,0.707106781186548));
#7577=DIRECTION('',(0.,1.,0.));
#7578=DIRECTION('',(0.,1.,0.));
#7579=DIRECTION('',(-1.70070929017334E-16,0.,1.));
#7580=DIRECTION('',(1.,0.,1.70070929017334E-16));
#7581=DIRECTION('',(0.,1.,0.));
#7582=DIRECTION('',(0.,1.,0.));
#7583=DIRECTION('',(0.,1.,0.));
#7584=DIRECTION('',(0.,0.,1.));
#7585=DIRECTION('',(0.,1.,0.));
#7586=DIRECTION('',(0.,0.,1.));
#7587=DIRECTION('',(0.,1.,0.));
#7588=DIRECTION('',(0.,0.,1.));
#7589=DIRECTION('',(0.,1.,0.));
#7590=DIRECTION('',(0.,0.,1.));
#7591=DIRECTION('',(2.71050543121376E-15,0.,1.));
#7592=DIRECTION('',(1.,0.,-2.71050543121376E-15));
#7593=DIRECTION('',(0.,1.,0.));
#7594=DIRECTION('',(-1.,0.,2.71050543121376E-15));
#7595=DIRECTION('',(1.,0.,0.));
#7596=DIRECTION('',(2.71050543121376E-15,0.,-1.));
#7597=DIRECTION('',(-1.,0.,-2.71050543121376E-15));
#7598=DIRECTION('',(1.,0.,2.71050543121376E-15));
#7599=DIRECTION('',(0.,1.,0.));
#7600=DIRECTION('',(-1.,0.,0.));
#7601=DIRECTION('',(0.,0.,-1.));
#7602=DIRECTION('',(-1.,0.,0.));
#7603=DIRECTION('',(-1.,0.,0.));
#7604=DIRECTION('',(0.,1.,0.));
#7605=DIRECTION('',(-1.,0.,0.));
#7606=DIRECTION('',(0.,0.,1.));
#7607=DIRECTION('',(1.,0.,0.));
#7608=DIRECTION('',(0.,1.,0.));
#7609=DIRECTION('',(1.,0.,0.));
#7610=DIRECTION('',(1.,0.,0.));
#7611=DIRECTION('',(-1.,0.,6.19544098563145E-17));
#7612=DIRECTION('',(6.19544098563145E-17,0.,1.));
#7613=DIRECTION('',(-6.19544098563145E-17,0.,-1.));
#7614=DIRECTION('',(6.19544098563145E-17,0.,1.));
#7615=DIRECTION('',(0.,-1.,0.));
#7616=DIRECTION('',(0.,0.,-1.));
#7617=DIRECTION('',(-1.,0.,-6.19544098563145E-17));
#7618=DIRECTION('',(-6.19544098563145E-17,0.,1.));
#7619=DIRECTION('',(-6.19544098563145E-17,0.,1.));
#7620=DIRECTION('',(-6.19544098563145E-17,0.,1.));
#7621=DIRECTION('',(0.,1.,0.));
#7622=DIRECTION('',(0.,0.,1.));
#7623=DIRECTION('',(0.,0.707106781186548,-0.707106781186547));
#7624=DIRECTION('',(-1.,0.,0.));
#7625=DIRECTION('',(0.577350269189626,-0.577350269189626,-0.577350269189626));
#7626=DIRECTION('',(0.707106781186548,0.707106781186547,4.38083833338107E-17));
#7627=DIRECTION('',(6.19544098563145E-17,0.,-1.));
#7628=DIRECTION('',(-0.577350269189626,0.577350269189626,-0.577350269189626));
#7629=DIRECTION('',(0.,0.707106781186548,0.707106781186547));
#7630=DIRECTION('',(1.,0.,0.));
#7631=DIRECTION('',(-1.91661677085422E-15,-0.707106781186548,0.707106781186547));
#7632=DIRECTION('',(-1.,0.,-2.71050543121376E-15));
#7633=DIRECTION('',(0.577350269189625,0.577350269189625,0.577350269189627));
#7634=DIRECTION('',(0.707106781186548,-0.707106781186547,-4.38083833338107E-17));
#7635=DIRECTION('',(6.19544098563145E-17,0.,1.));
#7636=DIRECTION('',(-0.577350269189625,-0.577350269189625,0.577350269189627));
#7637=DIRECTION('',(-1.91661677085422E-15,-0.707106781186548,-0.707106781186547));
#7638=DIRECTION('',(1.,0.,-2.71050543121376E-15));
#7639=DIRECTION('',(6.93889390390723E-17,-1.17675359986113E-16,1.));
#7640=DIRECTION('',(-1.,2.35257460071336E-16,6.93889390390723E-17));
#7641=CARTESIAN_POINT('',(0.,0.,0.));
#7642=CARTESIAN_POINT('',(0.,1.95,0.));
#7643=CARTESIAN_POINT('',(2.25644111906311,1.95,-1.31554977228367));
#7644=CARTESIAN_POINT('',(2.25644111906311,1.95,-1.31554977228367));
#7645=CARTESIAN_POINT('',(2.32996096291477,1.95,-1.31164606376057));
#7646=CARTESIAN_POINT('',(2.32996096291477,1.95,-1.31164606376057));
#7647=CARTESIAN_POINT('',(2.31304489264802,1.95,-1.21665582303188));
#7648=CARTESIAN_POINT('',(2.30393623942746,1.95,-1.14053350683149));
#7649=CARTESIAN_POINT('',(2.30393623942746,1.95,-1.02537410540013));
#7650=CARTESIAN_POINT('',(2.31044242029928,1.95,-0.981132075471695));
#7651=CARTESIAN_POINT('',(2.32280416395576,1.95,-0.94990240728692));
#7652=CARTESIAN_POINT('',(2.33538855815464,1.95,-0.918110253521331));
#7653=CARTESIAN_POINT('',(2.3514313597918,1.95,-0.892648015614831));
#7654=CARTESIAN_POINT('',(2.37160052049447,1.95,-0.873129472999348));
#7655=CARTESIAN_POINT('',(2.39210565324538,1.95,-0.853285796143627));
#7656=CARTESIAN_POINT('',(2.42104749512036,1.95,-0.838646714378658));
#7657=CARTESIAN_POINT('',(2.45683148991542,1.95,-0.828236824983733));
#7658=CARTESIAN_POINT('',(2.51930351740279,1.95,-0.810063144260133));
#7659=CARTESIAN_POINT('',(2.59671437865973,1.95,-0.800910865322053));
#7660=CARTESIAN_POINT('',(2.78279115159401,1.95,-0.800910865322053));
#7661=CARTESIAN_POINT('',(2.85175666883539,1.95,-0.804163955757967));
#7662=CARTESIAN_POINT('',(2.94414443721535,1.95,-0.817176317501624));
#7663=CARTESIAN_POINT('',(2.98578399479505,1.95,-0.829538061158098));
#7664=CARTESIAN_POINT('',(3.02286922576448,1.95,-0.847755367599216));
#7665=CARTESIAN_POINT('',(3.06047859711705,1.95,-0.866230146509253));
#7666=CARTESIAN_POINT('',(3.08728041639558,1.95,-0.892648015614831));
#7667=CARTESIAN_POINT('',(3.10354586857515,1.95,-0.928432010409887));
#7668=CARTESIAN_POINT('',(3.11992272796142,1.95,-0.964461101059703));
#7669=CARTESIAN_POINT('',(3.12826935588809,1.95,-1.01301236174365));
#7670=CARTESIAN_POINT('',(3.12826935588809,1.95,-1.13923227065712));
#7671=CARTESIAN_POINT('',(3.11981132075472,1.95,-1.21795705920624));
#7672=CARTESIAN_POINT('',(3.10224463240078,1.95,-1.31164606376057));
#7673=CARTESIAN_POINT('',(3.10224463240078,1.95,-1.31164606376057));
#7674=CARTESIAN_POINT('',(3.10224463240078,1.95,-1.31164606376057));
#7675=CARTESIAN_POINT('',(3.17576447625244,1.95,-1.31554977228367));
#7676=CARTESIAN_POINT('',(3.17576447625244,1.95,-1.31554977228367));
#7677=CARTESIAN_POINT('',(3.19528301886792,1.95,-1.22186076772934));
#7678=CARTESIAN_POINT('',(3.20439167208848,1.95,-1.14118412491867));
#7679=CARTESIAN_POINT('',(3.20439167208848,1.95,-1.00845803513337));
#7680=CARTESIAN_POINT('',(3.19788549121666,1.95,-0.9544567338972));
#7681=CARTESIAN_POINT('',(3.16925829538061,1.95,-0.873780091086529));
#7682=CARTESIAN_POINT('',(3.14973975276513,1.95,-0.840598568640205));
#7683=CARTESIAN_POINT('',(3.124365647365,1.95,-0.814573845152892));
#7684=CARTESIAN_POINT('',(3.09899967208515,1.95,-0.788557460250484));
#7685=CARTESIAN_POINT('',(3.06515940143136,1.95,-0.769030579050096));
#7686=CARTESIAN_POINT('',(3.02417046193884,1.95,-0.754716981132073));
#7687=CARTESIAN_POINT('',(2.94897651477639,1.95,-0.728458777361059));
#7688=CARTESIAN_POINT('',(2.8478529603123,1.95,-0.713728041639556));
#7689=CARTESIAN_POINT('',(2.51408588158751,1.95,-0.713728041639556));
#7690=CARTESIAN_POINT('',(2.37745608327912,1.95,-0.746258945998697));
#7691=CARTESIAN_POINT('',(2.31109303838647,1.95,-0.811971372804162));
#7692=CARTESIAN_POINT('',(2.25584149579324,1.95,-0.866681233607256));
#7693=CARTESIAN_POINT('',(2.22781392322707,1.95,-0.947950553025373));
#7694=CARTESIAN_POINT('',(2.22781392322707,1.95,-1.13402732595966));
#7695=CARTESIAN_POINT('',(2.23692257644763,1.95,-1.21990891346779));
#7696=CARTESIAN_POINT('',(2.25644111906311,1.95,-1.31554977228367));
#7697=CARTESIAN_POINT('',(2.8478529603123,1.95,-1.44632400780741));
#7698=CARTESIAN_POINT('',(2.71968119713728,1.95,-1.44632400780741));
#7699=CARTESIAN_POINT('',(2.62859466493168,1.95,-1.46844502277163));
#7700=CARTESIAN_POINT('',(2.57459336369551,1.95,-1.5113858165257));
#7701=CARTESIAN_POINT('',(2.52067370070931,1.95,-1.55426169311713));
#7702=CARTESIAN_POINT('',(2.49391672088484,1.95,-1.62914769030579));
#7703=CARTESIAN_POINT('',(2.49391672088484,1.95,-1.83799609629148));
#7704=CARTESIAN_POINT('',(2.52124268054652,1.95,-1.91151594014313));
#7705=CARTESIAN_POINT('',(2.57459336369551,1.95,-1.95510735198438));
#7706=CARTESIAN_POINT('',(2.62801541581331,1.95,-1.99875707749527));
#7707=CARTESIAN_POINT('',(2.71968119713728,1.95,-2.02016916070266));
#7708=CARTESIAN_POINT('',(2.9766753415745,1.95,-2.02016916070266));
#7709=CARTESIAN_POINT('',(3.06841249186727,1.95,-2.));
#7710=CARTESIAN_POINT('',(3.17771633051399,1.95,-1.92062459336369));
#7711=CARTESIAN_POINT('',(3.20439167208848,1.95,-1.84515289525049));
#7712=CARTESIAN_POINT('',(3.20439167208848,1.95,-1.62264150943396));
#7713=CARTESIAN_POINT('',(3.17771633051399,1.95,-1.54716981132075));
#7714=CARTESIAN_POINT('',(3.06841249186727,1.95,-1.46649316851008));
#7715=CARTESIAN_POINT('',(2.9766753415745,1.95,-1.44632400780741));
#7716=CARTESIAN_POINT('',(2.8478529603123,1.95,-1.44632400780741));
#7717=CARTESIAN_POINT('',(2.8478529603123,1.95,-1.44632400780741));
#7718=CARTESIAN_POINT('',(-4.8,1.95,4.8));
#7719=CARTESIAN_POINT('',(-4.8,1.95,4.9));
#7720=CARTESIAN_POINT('',(-4.9,1.95,4.8));
#7721=CARTESIAN_POINT('',(4.7,1.95,4.9));
#7722=CARTESIAN_POINT('',(4.7,1.95,4.9));
#7723=CARTESIAN_POINT('',(4.7,1.95,4.7));
#7724=CARTESIAN_POINT('',(4.9,1.95,4.7));
#7725=CARTESIAN_POINT('',(4.9,1.95,-4.7));
#7726=CARTESIAN_POINT('',(4.9,1.95,-4.7));
#7727=CARTESIAN_POINT('',(4.8,1.95,-4.7));
#7728=CARTESIAN_POINT('',(4.8,1.95,-4.8));
#7729=CARTESIAN_POINT('',(-4.8,1.95,-4.8));
#7730=CARTESIAN_POINT('',(-4.8,1.95,-4.8));
#7731=CARTESIAN_POINT('',(-4.8,1.95,-4.7));
#7732=CARTESIAN_POINT('',(-4.9,1.95,-4.7));
#7733=CARTESIAN_POINT('',(-4.9,1.95,4.8));
#7734=CARTESIAN_POINT('',(2.50757970071568,1.95,0.387117761873783));
#7735=CARTESIAN_POINT('',(2.57979830839297,1.95,0.387117761873783));
#7736=CARTESIAN_POINT('',(2.50757970071568,1.95,0.387117761873783));
#7737=CARTESIAN_POINT('',(2.57979830839297,1.95,0.387117761873783));
#7738=CARTESIAN_POINT('',(2.57979830839297,1.95,0.616135328562137));
#7739=CARTESIAN_POINT('',(3.12241379310345,1.95,0.380611581001955));
#7740=CARTESIAN_POINT('',(3.12566688353936,1.95,0.422468011277383));
#7741=CARTESIAN_POINT('',(3.13217306441119,1.95,0.464324441552811));
#7742=CARTESIAN_POINT('',(3.13217306441119,1.95,0.506180871828239));
#7743=CARTESIAN_POINT('',(3.13217306441119,1.95,0.553675992192586));
#7744=CARTESIAN_POINT('',(3.11825753412137,1.95,0.58372468632632));
#7745=CARTESIAN_POINT('',(3.09118412491867,1.95,0.596616785946652));
#7746=CARTESIAN_POINT('',(3.06385816525699,1.95,0.609629147690309));
#7747=CARTESIAN_POINT('',(3.00595315549772,1.95,0.616135328562137));
#7748=CARTESIAN_POINT('',(2.91746909564086,1.95,0.616135328562137));
#7749=CARTESIAN_POINT('',(2.80491216655823,1.95,0.616135328562137));
#7750=CARTESIAN_POINT('',(2.6923552374756,1.95,0.616135328562137));
#7751=CARTESIAN_POINT('',(2.57979830839297,1.95,0.616135328562137));
#7752=CARTESIAN_POINT('',(3.12241379310345,1.95,0.380611581001955));
#7753=CARTESIAN_POINT('',(3.12241379310345,1.95,0.380611581001955));
#7754=CARTESIAN_POINT('',(3.19268054651919,1.95,0.375406636304492));
#7755=CARTESIAN_POINT('',(2.57979830839297,1.95,0.698113207547173));
#7756=CARTESIAN_POINT('',(2.70601821730644,1.95,0.698113207547173));
#7757=CARTESIAN_POINT('',(2.83223812621991,1.95,0.698113207547173));
#7758=CARTESIAN_POINT('',(2.95845803513338,1.95,0.698113207547173));
#7759=CARTESIAN_POINT('',(3.05540013012362,1.95,0.698113207547173));
#7760=CARTESIAN_POINT('',(3.12117828742466,1.95,0.684533173341706));
#7761=CARTESIAN_POINT('',(3.15494469746259,1.95,0.657774886141838));
#7762=CARTESIAN_POINT('',(3.18942745608328,1.95,0.630448926480159));
#7763=CARTESIAN_POINT('',(3.20634352635003,1.95,0.582303188028629));
#7764=CARTESIAN_POINT('',(3.20634352635003,1.95,0.481457384515292));
#7765=CARTESIAN_POINT('',(3.20178919973975,1.95,0.435263500325312));
#7766=CARTESIAN_POINT('',(3.19268054651919,1.95,0.375406636304492));
#7767=CARTESIAN_POINT('',(2.57979830839297,1.95,0.698113207547173));
#7768=CARTESIAN_POINT('',(2.57979830839297,1.95,0.698113207547173));
#7769=CARTESIAN_POINT('',(2.57979830839297,1.95,0.79895901106051));
#7770=CARTESIAN_POINT('',(2.57979830839297,1.95,0.79895901106051));
#7771=CARTESIAN_POINT('',(2.50757970071568,1.95,0.79895901106051));
#7772=CARTESIAN_POINT('',(2.50757970071568,1.95,0.79895901106051));
#7773=CARTESIAN_POINT('',(2.50757970071568,1.95,0.698113207547173));
#7774=CARTESIAN_POINT('',(2.50757970071568,1.95,0.698113207547173));
#7775=CARTESIAN_POINT('',(2.29287573194535,1.95,0.698113207547173));
#7776=CARTESIAN_POINT('',(2.29287573194535,1.95,0.698113207547173));
#7777=CARTESIAN_POINT('',(2.29287573194535,1.95,0.616135328562137));
#7778=CARTESIAN_POINT('',(2.29287573194535,1.95,0.616135328562137));
#7779=CARTESIAN_POINT('',(2.50757970071568,1.95,0.616135328562137));
#7780=CARTESIAN_POINT('',(2.50757970071568,1.95,0.616135328562137));
#7781=CARTESIAN_POINT('',(3.18552374756018,1.95,-3.40858815875081));
#7782=CARTESIAN_POINT('',(3.19853610930384,1.95,-3.30579050097592));
#7783=CARTESIAN_POINT('',(3.20439167208848,1.95,-3.21860767729343));
#7784=CARTESIAN_POINT('',(3.20439167208848,1.95,-3.1476903057905));
#7785=CARTESIAN_POINT('',(3.20439167208848,1.95,-3.04879635653871));
#7786=CARTESIAN_POINT('',(3.17446324007807,1.95,-2.98048145738451));
#7787=CARTESIAN_POINT('',(3.11720884840599,1.95,-2.94079375406636));
#7788=CARTESIAN_POINT('',(3.06025908105941,1.95,-2.90131721079203));
#7789=CARTESIAN_POINT('',(2.97147039687703,1.95,-2.88223812621991));
#7790=CARTESIAN_POINT('',(2.61363044892648,1.95,-2.88223812621991));
#7791=CARTESIAN_POINT('',(2.49391672088484,1.95,-2.97592713077423));
#7792=CARTESIAN_POINT('',(2.49391672088484,1.95,-3.25439167208848));
#7793=CARTESIAN_POINT('',(2.51994144437215,1.95,-3.3220559531555));
#7794=CARTESIAN_POINT('',(2.5713402732596,1.95,-3.36629798308393));
#7795=CARTESIAN_POINT('',(2.62306078832876,1.95,-3.41081690744725));
#7796=CARTESIAN_POINT('',(2.70536759921926,1.95,-3.43331164606376));
#7797=CARTESIAN_POINT('',(2.81792452830189,1.95,-3.43331164606376));
#7798=CARTESIAN_POINT('',(2.83982867057038,1.95,-3.43331164606376));
#7799=CARTESIAN_POINT('',(2.86173281283886,1.95,-3.43157666449794));
#7800=CARTESIAN_POINT('',(2.88363695510735,1.95,-3.43070917371503));
#7801=CARTESIAN_POINT('',(3.18552374756018,1.95,-3.40858815875081));
#7802=CARTESIAN_POINT('',(2.88363695510735,1.95,-3.43070917371503));
#7803=CARTESIAN_POINT('',(2.88363695510735,1.95,-3.43070917371503));
#7804=CARTESIAN_POINT('',(2.88363695510735,1.95,-2.96551724137931));
#7805=CARTESIAN_POINT('',(2.88363695510735,1.95,-2.96551724137931));
#7806=CARTESIAN_POINT('',(2.96756668835394,1.95,-2.96551724137931));
#7807=CARTESIAN_POINT('',(3.03002602472349,1.95,-2.97983083929733));
#7808=CARTESIAN_POINT('',(3.07036434612882,1.95,-3.00845803513337));
#7809=CARTESIAN_POINT('',(3.11100974126112,1.95,-3.03730315425952));
#7810=CARTESIAN_POINT('',(3.13087182823682,1.95,-3.08653220559531));
#7811=CARTESIAN_POINT('',(3.13087182823682,1.95,-3.22641509433962));
#7812=CARTESIAN_POINT('',(3.12826935588809,1.95,-3.29603122966818));
#7813=CARTESIAN_POINT('',(3.12241379310345,1.95,-3.36499674690956));
#7814=CARTESIAN_POINT('',(3.12241379310345,1.95,-3.36499674690956));
#7815=CARTESIAN_POINT('',(0.0906328623296853,1.95,-3.09693606651181));
#7816=CARTESIAN_POINT('',(3.11851008458035,1.95,-3.40598568640208));
#7817=CARTESIAN_POINT('',(3.11851008458035,1.95,-3.40598568640208));
#7818=CARTESIAN_POINT('',(3.14063109954457,1.95,-2.62589459986987));
#7819=CARTESIAN_POINT('',(3.18357189329863,1.95,-2.55432661027976));
#7820=CARTESIAN_POINT('',(3.20439167208848,1.95,-2.4808067664281));
#7821=CARTESIAN_POINT('',(3.20439167208848,1.95,-2.37345478204294));
#7822=CARTESIAN_POINT('',(3.20113858165257,1.95,-2.34417696811971));
#7823=CARTESIAN_POINT('',(3.18552374756018,1.95,-2.29472999349382));
#7824=CARTESIAN_POINT('',(3.16990891346779,1.95,-2.27000650618087));
#7825=CARTESIAN_POINT('',(3.1471372804164,1.95,-2.24398178269356));
#7826=CARTESIAN_POINT('',(3.10163431808891,1.95,-2.19197839717643));
#7827=CARTESIAN_POINT('',(3.00985686402082,1.95,-2.1665582303188));
#7828=CARTESIAN_POINT('',(2.73919973975276,1.95,-2.1665582303188));
#7829=CARTESIAN_POINT('',(2.64225764476252,1.95,-2.18802862719583));
#7830=CARTESIAN_POINT('',(2.58305139882889,1.95,-2.23227065712427));
#7831=CARTESIAN_POINT('',(2.52415712691489,1.95,-2.27627956360945));
#7832=CARTESIAN_POINT('',(2.49391672088484,1.95,-2.34938191281717));
#7833=CARTESIAN_POINT('',(2.49391672088484,1.95,-2.49381912817176));
#7834=CARTESIAN_POINT('',(2.49977228366949,1.95,-2.55107351984385));
#7835=CARTESIAN_POINT('',(2.51213402732596,1.95,-2.62589459986987));
#7836=CARTESIAN_POINT('',(3.14063109954457,1.95,-2.62589459986987));
#7837=CARTESIAN_POINT('',(2.51213402732596,1.95,-2.62589459986987));
#7838=CARTESIAN_POINT('',(2.51213402732596,1.95,-2.62589459986987));
#7839=CARTESIAN_POINT('',(2.20439167208848,1.95,-2.62589459986987));
#7840=CARTESIAN_POINT('',(2.20439167208848,1.95,-2.62589459986987));
#7841=CARTESIAN_POINT('',(2.20439167208848,1.95,-2.70787247885491));
#7842=CARTESIAN_POINT('',(2.20439167208848,1.95,-2.70787247885491));
#7843=CARTESIAN_POINT('',(3.19072869225764,1.95,-2.70787247885491));
#7844=CARTESIAN_POINT('',(3.19072869225764,1.95,-2.70787247885491));
#7845=CARTESIAN_POINT('',(3.19072869225764,1.95,-2.62589459986987));
#7846=CARTESIAN_POINT('',(3.19072869225764,1.95,-2.62589459986987));
#7847=CARTESIAN_POINT('',(3.18552374756018,1.95,-0.238126219908911));
#7848=CARTESIAN_POINT('',(3.19853610930384,1.95,-0.134677944046842));
#7849=CARTESIAN_POINT('',(3.20439167208848,1.95,-0.047495120364344));
#7850=CARTESIAN_POINT('',(3.20439167208848,1.95,0.0234222511385845));
#7851=CARTESIAN_POINT('',(3.20439167208848,1.95,0.121665582303191));
#7852=CARTESIAN_POINT('',(3.17446324007807,1.95,0.19063109954457));
#7853=CARTESIAN_POINT('',(3.11720884840599,1.95,0.230318802862722));
#7854=CARTESIAN_POINT('',(3.06025908105941,1.95,0.269795346137053));
#7855=CARTESIAN_POINT('',(2.97147039687703,1.95,0.288874430709177));
#7856=CARTESIAN_POINT('',(2.61363044892648,1.95,0.288874430709177));
#7857=CARTESIAN_POINT('',(2.49391672088484,1.95,0.19518542615485));
#7858=CARTESIAN_POINT('',(2.49391672088484,1.95,-0.0832791151593986));
#7859=CARTESIAN_POINT('',(2.51994144437215,1.95,-0.150943396226412));
#7860=CARTESIAN_POINT('',(2.5713402732596,1.95,-0.195185426154844));
#7861=CARTESIAN_POINT('',(2.62306078832876,1.95,-0.239704350518171));
#7862=CARTESIAN_POINT('',(2.70536759921926,1.95,-0.262849707221858));
#7863=CARTESIAN_POINT('',(2.81792452830189,1.95,-0.262849707221858));
#7864=CARTESIAN_POINT('',(2.83982867057038,1.95,-0.262849707221858));
#7865=CARTESIAN_POINT('',(2.86173281283886,1.95,-0.260680980264582));
#7866=CARTESIAN_POINT('',(2.88363695510735,1.95,-0.259596616785944));
#7867=CARTESIAN_POINT('',(3.18552374756018,1.95,-0.238126219908911));
#7868=CARTESIAN_POINT('',(2.88363695510735,1.95,-0.259596616785944));
#7869=CARTESIAN_POINT('',(2.88363695510735,1.95,-0.259596616785944));
#7870=CARTESIAN_POINT('',(2.88363695510735,1.95,0.205595315549775));
#7871=CARTESIAN_POINT('',(2.88363695510735,1.95,0.205595315549775));
#7872=CARTESIAN_POINT('',(2.96756668835394,1.95,0.205595315549775));
#7873=CARTESIAN_POINT('',(3.03002602472349,1.95,0.191281717631753));
#7874=CARTESIAN_POINT('',(3.07036434612882,1.95,0.162003903708526));
#7875=CARTESIAN_POINT('',(3.11039337728654,1.95,0.132950574642436));
#7876=CARTESIAN_POINT('',(3.13087182823682,1.95,0.0839297332465869));
#7877=CARTESIAN_POINT('',(3.13087182823682,1.95,-0.055302537410537));
#7878=CARTESIAN_POINT('',(3.12826935588809,1.95,-0.124918672739099));
#7879=CARTESIAN_POINT('',(3.12241379310345,1.95,-0.193884189980478));
#7880=CARTESIAN_POINT('',(3.12241379310345,1.95,-0.193884189980478));
#7881=CARTESIAN_POINT('',(0.0906328623288479,1.95,0.0741764904173547));
#7882=CARTESIAN_POINT('',(3.11851008458035,1.95,-0.234873129472995));
#7883=CARTESIAN_POINT('',(3.11851008458035,1.95,-0.234873129472997));
#7884=CARTESIAN_POINT('',(2.775634352635,1.95,1.02602472348732));
#7885=CARTESIAN_POINT('',(2.75416395575797,1.95,1.02602472348732));
#7886=CARTESIAN_POINT('',(2.73269355888094,1.95,1.02602472348732));
#7887=CARTESIAN_POINT('',(2.7112231620039,1.95,1.02602472348732));
#7888=CARTESIAN_POINT('',(2.66047495120364,1.95,1.02602472348732));
#7889=CARTESIAN_POINT('',(2.62404033832141,1.95,1.03708523096942));
#7890=CARTESIAN_POINT('',(2.57914769030579,1.95,1.08197787898504));
#7891=CARTESIAN_POINT('',(2.56808718282368,1.95,1.11190631099545));
#7892=CARTESIAN_POINT('',(2.56808718282368,1.95,1.20754716981132));
#7893=CARTESIAN_POINT('',(2.57329212752114,1.95,1.28301886792453));
#7894=CARTESIAN_POINT('',(2.58435263500325,1.95,1.37605725439168));
#7895=CARTESIAN_POINT('',(2.5860486719303,1.95,1.39032391795448));
#7896=CARTESIAN_POINT('',(2.58695510735198,1.95,1.40468445022772));
#7897=CARTESIAN_POINT('',(2.58825634352635,1.95,1.41899804814574));
#7898=CARTESIAN_POINT('',(2.775634352635,1.95,1.02602472348732));
#7899=CARTESIAN_POINT('',(2.58825634352635,1.95,1.41899804814574));
#7900=CARTESIAN_POINT('',(2.58825634352635,1.95,1.41899804814574));
#7901=CARTESIAN_POINT('',(2.52254391672088,1.95,1.42290175666884));
#7902=CARTESIAN_POINT('',(2.52254391672088,1.95,1.42290175666884));
#7903=CARTESIAN_POINT('',(2.50367599219258,1.95,1.32270657124268));
#7904=CARTESIAN_POINT('',(2.49391672088484,1.95,1.234873129473));
#7905=CARTESIAN_POINT('',(2.49391672088484,1.95,1.08392973324659));
#7906=CARTESIAN_POINT('',(2.51213402732596,1.95,1.02992843201041));
#7907=CARTESIAN_POINT('',(2.54726740403383,1.95,0.996096291476906));
#7908=CARTESIAN_POINT('',(2.58273836122965,1.95,0.961939073436494));
#7909=CARTESIAN_POINT('',(2.63770331815224,1.95,0.945348080676646));
#7910=CARTESIAN_POINT('',(2.7112231620039,1.95,0.945348080676646));
#7911=CARTESIAN_POINT('',(2.7112231620039,1.95,0.945348080676646));
#7912=CARTESIAN_POINT('',(2.7112231620039,1.95,0.945348080676646));
#7913=CARTESIAN_POINT('',(3.07752114508783,1.95,0.945348080676646));
#7914=CARTESIAN_POINT('',(3.07752114508783,1.95,0.945348080676646));
#7915=CARTESIAN_POINT('',(3.11135328562134,1.95,0.941444372153548));
#7916=CARTESIAN_POINT('',(3.13152244632401,1.95,0.912166558230321));
#7917=CARTESIAN_POINT('',(3.13802862719584,1.95,0.856213402732598));
#7918=CARTESIAN_POINT('',(3.13802862719584,1.95,0.856213402732598));
#7919=CARTESIAN_POINT('',(3.13802862719584,1.95,0.856213402732598));
#7920=CARTESIAN_POINT('',(3.20309043591412,1.95,0.860767729342879));
#7921=CARTESIAN_POINT('',(3.20309043591412,1.95,0.860767729342879));
#7922=CARTESIAN_POINT('',(3.20309043591412,1.95,0.930383864671441));
#7923=CARTESIAN_POINT('',(3.184873129473,1.95,0.982433311646066));
#7924=CARTESIAN_POINT('',(3.14843851659076,1.95,1.01496421600521));
#7925=CARTESIAN_POINT('',(3.14843851659076,1.95,1.01496421600521));
#7926=CARTESIAN_POINT('',(3.14843851659076,1.95,1.01496421600521));
#7927=CARTESIAN_POINT('',(3.18617436564736,1.95,1.10084580351334));
#7928=CARTESIAN_POINT('',(3.20439167208848,1.95,1.18672739102147));
#7929=CARTESIAN_POINT('',(3.20439167208848,1.95,1.33376707872479));
#7930=CARTESIAN_POINT('',(3.18747560182173,1.95,1.37996096291477));
#7931=CARTESIAN_POINT('',(3.11720884840599,1.95,1.44372153545869));
#7932=CARTESIAN_POINT('',(3.06711125569291,1.95,1.45998698763826));
#7933=CARTESIAN_POINT('',(2.93698763825634,1.95,1.45998698763826));
#7934=CARTESIAN_POINT('',(2.88819128171763,1.95,1.44372153545869));
#7935=CARTESIAN_POINT('',(2.82573194534808,1.95,1.37865972674041));
#7936=CARTESIAN_POINT('',(2.8062134027326,1.95,1.32791151594015));
#7937=CARTESIAN_POINT('',(2.79905660377358,1.95,1.25829538061158));
#7938=CARTESIAN_POINT('',(2.7910987629259,1.95,1.18088729236595));
#7939=CARTESIAN_POINT('',(2.7834417696812,1.95,1.10344827586207));
#7940=CARTESIAN_POINT('',(2.775634352635,1.95,1.02602472348732));
#7941=CARTESIAN_POINT('',(3.19072869225764,1.95,1.93623942745609));
#7942=CARTESIAN_POINT('',(3.19072869225764,1.95,1.93623942745609));
#7943=CARTESIAN_POINT('',(3.19072869225764,1.95,2.28236824983735));
#7944=CARTESIAN_POINT('',(3.19072869225764,1.95,2.28236824983735));
#7945=CARTESIAN_POINT('',(2.2414769030579,1.95,2.28236824983735));
#7946=CARTESIAN_POINT('',(2.2414769030579,1.95,2.28236824983735));
#7947=CARTESIAN_POINT('',(2.2414769030579,1.95,2.16699197571026));
#7948=CARTESIAN_POINT('',(2.2414769030579,1.95,2.05161570158317));
#7949=CARTESIAN_POINT('',(2.2414769030579,1.95,1.93623942745609));
#7950=CARTESIAN_POINT('',(2.2414769030579,1.95,1.71112556929083));
#7951=CARTESIAN_POINT('',(2.39502277163305,1.95,1.5985686402082));
#7952=CARTESIAN_POINT('',(3.02872478854912,1.95,1.5985686402082));
#7953=CARTESIAN_POINT('',(3.19072869225764,1.95,1.71112556929083));
#7954=CARTESIAN_POINT('',(3.19072869225764,1.95,1.93623942745609));
#7955=CARTESIAN_POINT('',(3.19072869225764,1.95,3.43331164606376));
#7956=CARTESIAN_POINT('',(3.19072869225764,1.95,3.43331164606376));
#7957=CARTESIAN_POINT('',(2.72358490566038,1.95,3.13467794404685));
#7958=CARTESIAN_POINT('',(2.72358490566038,1.95,3.13467794404685));
#7959=CARTESIAN_POINT('',(2.2414769030579,1.95,3.43331164606376));
#7960=CARTESIAN_POINT('',(2.2414769030579,1.95,3.43331164606376));
#7961=CARTESIAN_POINT('',(2.2414769030579,1.95,3.33767078724789));
#7962=CARTESIAN_POINT('',(2.2414769030579,1.95,3.33767078724789));
#7963=CARTESIAN_POINT('',(2.66112556929083,1.95,3.08002602472349));
#7964=CARTESIAN_POINT('',(2.66112556929083,1.95,3.08002602472349));
#7965=CARTESIAN_POINT('',(2.2414769030579,1.95,2.82433311646064));
#7966=CARTESIAN_POINT('',(2.2414769030579,1.95,2.82433311646064));
#7967=CARTESIAN_POINT('',(2.2414769030579,1.95,2.7312947299935));
#7968=CARTESIAN_POINT('',(2.2414769030579,1.95,2.7312947299935));
#7969=CARTESIAN_POINT('',(2.72228366948601,1.95,3.0266753415745));
#7970=CARTESIAN_POINT('',(2.72228366948601,1.95,3.0266753415745));
#7971=CARTESIAN_POINT('',(3.19072869225764,1.95,2.7312947299935));
#7972=CARTESIAN_POINT('',(3.19072869225764,1.95,2.7312947299935));
#7973=CARTESIAN_POINT('',(3.19072869225764,1.95,2.82693558880937));
#7974=CARTESIAN_POINT('',(3.19072869225764,1.95,2.82693558880937));
#7975=CARTESIAN_POINT('',(2.78083929733247,1.95,3.08132726089786));
#7976=CARTESIAN_POINT('',(2.78083929733247,1.95,3.08132726089786));
#7977=CARTESIAN_POINT('',(3.19072869225764,1.95,3.34027325959662));
#7978=CARTESIAN_POINT('',(3.19072869225764,1.95,3.34027325959662));
#7979=CARTESIAN_POINT('',(0.769778789850358,1.95,-0.287573194534805));
#7980=CARTESIAN_POINT('',(0.769778789850358,1.95,-0.287573194534805));
#7981=CARTESIAN_POINT('',(0.769778789850358,1.95,-0.257644762524395));
#7982=CARTESIAN_POINT('',(0.769778789850358,1.95,-0.257644762524395));
#7983=CARTESIAN_POINT('',(1.64355888093689,1.95,-0.257644762524395));
#7984=CARTESIAN_POINT('',(1.64355888093689,1.95,-0.257644762524395));
#7985=CARTESIAN_POINT('',(1.64355888093689,1.95,-0.173064411190628));
#7986=CARTESIAN_POINT('',(1.64355888093689,1.95,-0.173064411190628));
#7987=CARTESIAN_POINT('',(0.693656473649967,1.95,-0.173064411190628));
#7988=CARTESIAN_POINT('',(0.693656473649967,1.95,-0.173064411190628));
#7989=CARTESIAN_POINT('',(0.693656473649967,1.95,-0.339622641509431));
#7990=CARTESIAN_POINT('',(0.693656473649967,1.95,-0.339622641509431));
#7991=CARTESIAN_POINT('',(1.56808718282368,1.95,-0.73780091086532));
#7992=CARTESIAN_POINT('',(1.56808718282368,1.95,-0.73780091086532));
#7993=CARTESIAN_POINT('',(1.56808718282368,1.95,-0.769030579050096));
#7994=CARTESIAN_POINT('',(1.56808718282368,1.95,-0.769030579050096));
#7995=CARTESIAN_POINT('',(0.693656473649967,1.95,-0.769030579050096));
#7996=CARTESIAN_POINT('',(0.693656473649967,1.95,-0.769030579050096));
#7997=CARTESIAN_POINT('',(0.693656473649967,1.95,-0.852960312296679));
#7998=CARTESIAN_POINT('',(0.693656473649967,1.95,-0.852960312296679));
#7999=CARTESIAN_POINT('',(1.64355888093689,1.95,-0.852960312296679));
#8000=CARTESIAN_POINT('',(1.64355888093689,1.95,-0.852960312296679));
#8001=CARTESIAN_POINT('',(1.64355888093689,1.95,-0.688353936239425));
#8002=CARTESIAN_POINT('',(1.64355888093689,1.95,-0.688353936239425));
#8003=CARTESIAN_POINT('',(1.64355888093689,1.95,0.553025374105403));
#8004=CARTESIAN_POINT('',(1.64355888093689,1.95,0.553025374105403));
#8005=CARTESIAN_POINT('',(1.64355888093689,1.95,0.638256343526353));
#8006=CARTESIAN_POINT('',(1.64355888093689,1.95,0.638256343526353));
#8007=CARTESIAN_POINT('',(0.693656473649967,1.95,0.638256343526353));
#8008=CARTESIAN_POINT('',(0.693656473649967,1.95,0.638256343526353));
#8009=CARTESIAN_POINT('',(0.693656473649967,1.95,0.52244632400781));
#8010=CARTESIAN_POINT('',(0.693656473649967,1.95,0.406636304489267));
#8011=CARTESIAN_POINT('',(0.693656473649967,1.95,0.290826284970724));
#8012=CARTESIAN_POINT('',(0.693656473649967,1.95,0.189329863370205));
#8013=CARTESIAN_POINT('',(0.718379960962914,1.95,0.11450878334418));
#8014=CARTESIAN_POINT('',(0.767176317501626,1.95,0.067013662979833));
#8015=CARTESIAN_POINT('',(0.816631963867591,1.95,0.0188768338502939));
#8016=CARTESIAN_POINT('',(0.892094990240728,1.95,-0.00520494469745977));
#8017=CARTESIAN_POINT('',(1.20634352635003,1.95,-0.00520494469745977));
#8018=CARTESIAN_POINT('',(1.31304489264802,1.95,0.0936890045543294));
#8019=CARTESIAN_POINT('',(1.31239427456083,1.95,0.290826284970724));
#8020=CARTESIAN_POINT('',(1.31239427456083,1.95,0.290826284970724));
#8021=CARTESIAN_POINT('',(61.499439648732,1.95,0.421925829538064));
#8022=CARTESIAN_POINT('',(1.31239427456083,1.95,0.553025374105405));
#8023=CARTESIAN_POINT('',(1.31239427456083,1.95,0.553025374105403));
#8024=CARTESIAN_POINT('',(-1.28558265678482,1.95,-0.472826086956519));
#8025=CARTESIAN_POINT('',(-1.28558265678482,1.95,-0.472826086956519));
#8026=CARTESIAN_POINT('',(-1.28558265678482,1.95,-1.46739130434782));
#8027=CARTESIAN_POINT('',(-1.28558265678482,1.95,-1.46739130434782));
#8028=CARTESIAN_POINT('',(-1.07634352635003,1.95,-1.39538043478261));
#8029=CARTESIAN_POINT('',(-1.07634352635003,1.95,-1.39538043478261));
#8030=CARTESIAN_POINT('',(-1.07634352635003,1.95,-0.168478260869563));
#8031=CARTESIAN_POINT('',(-1.07634352635003,1.95,-0.168478260869563));
#8032=CARTESIAN_POINT('',(-3.07634352635003,1.95,-0.849184782608693));
#8033=CARTESIAN_POINT('',(-3.07634352635003,1.95,-0.849184782608693));
#8034=CARTESIAN_POINT('',(-3.07634352635003,1.95,-2.07744565217391));
#8035=CARTESIAN_POINT('',(-3.07634352635003,1.95,-2.07744565217391));
#8036=CARTESIAN_POINT('',(-2.86574570026308,1.95,-2.00407608695652));
#8037=CARTESIAN_POINT('',(-2.86574570026308,1.95,-2.00407608695652));
#8038=CARTESIAN_POINT('',(-2.86574570026308,1.95,-1.00951086956521));
#8039=CARTESIAN_POINT('',(-2.86574570026308,1.95,-1.00951086956521));
#8040=CARTESIAN_POINT('',(-2.19862613504569,1.95,-0.782608695652172));
#8041=CARTESIAN_POINT('',(-2.19862613504569,1.95,-0.782608695652172));
#8042=CARTESIAN_POINT('',(-2.19862613504569,1.95,-1.61005434782609));
#8043=CARTESIAN_POINT('',(-2.19862613504569,1.95,-1.61005434782609));
#8044=CARTESIAN_POINT('',(-1.9893870046109,1.95,-1.53804347826087));
#8045=CARTESIAN_POINT('',(-1.9893870046109,1.95,-1.53804347826087));
#8046=CARTESIAN_POINT('',(-1.9893870046109,1.95,-0.711956521739128));
#8047=CARTESIAN_POINT('',(-1.9893870046109,1.95,-0.711956521739128));
#8048=CARTESIAN_POINT('',(-2.78422396113264,1.95,0.741847826086959));
#8049=CARTESIAN_POINT('',(-2.78422396113264,1.95,0.741847826086959));
#8050=CARTESIAN_POINT('',(-1.07634352635003,1.95,1.68206521739131));
#8051=CARTESIAN_POINT('',(-1.07634352635003,1.95,1.68206521739131));
#8052=CARTESIAN_POINT('',(-1.07634352635003,1.95,2.07744565217392));
#8053=CARTESIAN_POINT('',(-1.07634352635003,1.95,2.07744565217392));
#8054=CARTESIAN_POINT('',(-3.07634352635003,1.95,1.80298913043479));
#8055=CARTESIAN_POINT('',(-3.07634352635003,1.95,1.80298913043479));
#8056=CARTESIAN_POINT('',(-3.07634352635003,1.95,1.57201086956522));
#8057=CARTESIAN_POINT('',(-3.07634352635003,1.95,1.57201086956522));
#8058=CARTESIAN_POINT('',(-1.28558265678482,1.95,1.82880434782609));
#8059=CARTESIAN_POINT('',(-1.28558265678482,1.95,1.82880434782609));
#8060=CARTESIAN_POINT('',(-1.28558265678481,1.95,1.78532608695652));
#8061=CARTESIAN_POINT('',(-1.28558265678481,1.95,1.78532608695652));
#8062=CARTESIAN_POINT('',(-3.05460439591525,1.95,0.774456521739133));
#8063=CARTESIAN_POINT('',(-3.05460439591525,1.95,0.774456521739133));
#8064=CARTESIAN_POINT('',(-3.05460439591525,1.95,0.521739130434785));
#8065=CARTESIAN_POINT('',(-3.05460439591525,1.95,0.521739130434785));
#8066=CARTESIAN_POINT('',(-1.28558265678481,1.95,0.717391304347829));
#8067=CARTESIAN_POINT('',(-1.28558265678482,1.95,0.717391304347829));
#8068=CARTESIAN_POINT('',(-1.28558265678482,1.95,0.673913043478264));
#8069=CARTESIAN_POINT('',(-1.28558265678482,1.95,0.673913043478264));
#8070=CARTESIAN_POINT('',(-3.07634352635003,1.95,-0.289402173913041));
#8071=CARTESIAN_POINT('',(-3.07634352635003,1.95,-0.289402173913041));
#8072=CARTESIAN_POINT('',(-3.07634352635003,1.95,-0.520380434782606));
#8073=CARTESIAN_POINT('',(-3.07634352635003,1.95,-0.520380434782606));
#8074=CARTESIAN_POINT('',(-1.07634352635003,1.95,0.566576086956525));
#8075=CARTESIAN_POINT('',(-1.07634352635003,1.95,0.566576086956525));
#8076=CARTESIAN_POINT('',(-1.07634352635003,1.95,0.961956521739133));
#8077=CARTESIAN_POINT('',(-1.07634352635003,1.95,0.961956521739133));
#8078=CARTESIAN_POINT('',(0.,1.95,0.));
#8079=CARTESIAN_POINT('',(-5.1,1.95,5.1));
#8080=CARTESIAN_POINT('',(-4.8,1.95,5.1));
#8081=CARTESIAN_POINT('',(4.8,1.95,5.1));
#8082=CARTESIAN_POINT('',(4.8,1.95,4.8));
#8083=CARTESIAN_POINT('',(5.1,1.95,4.8));
#8084=CARTESIAN_POINT('',(5.1,1.95,5.1));
#8085=CARTESIAN_POINT('',(5.1,1.95,-4.8));
#8086=CARTESIAN_POINT('',(4.8,1.95,-4.8));
#8087=CARTESIAN_POINT('',(4.8,1.95,-5.1));
#8088=CARTESIAN_POINT('',(5.1,1.95,-5.1));
#8089=CARTESIAN_POINT('',(-4.8,1.95,-5.1));
#8090=CARTESIAN_POINT('',(-4.8,1.95,-4.8));
#8091=CARTESIAN_POINT('',(-5.1,1.95,-4.8));
#8092=CARTESIAN_POINT('',(-5.1,1.95,-5.1));
#8093=CARTESIAN_POINT('',(-5.1,1.95,4.8));
#8094=CARTESIAN_POINT('',(-4.8,1.95,4.8));
#8095=CARTESIAN_POINT('',(4.7,1.95,5.));
#8096=CARTESIAN_POINT('',(4.7,1.95,5.));
#8097=CARTESIAN_POINT('',(-4.7,1.95,5.));
#8098=CARTESIAN_POINT('',(-4.7,1.95,4.7));
#8099=CARTESIAN_POINT('',(-5.,1.95,4.7));
#8100=CARTESIAN_POINT('',(-5.,1.95,4.7));
#8101=CARTESIAN_POINT('',(-5.,1.95,-4.7));
#8102=CARTESIAN_POINT('',(-4.7,1.95,-4.7));
#8103=CARTESIAN_POINT('',(-4.7,1.95,-5.));
#8104=CARTESIAN_POINT('',(-4.7,1.95,-5.));
#8105=CARTESIAN_POINT('',(4.7,1.95,-5.));
#8106=CARTESIAN_POINT('',(4.7,1.95,-4.7));
#8107=CARTESIAN_POINT('',(5.,1.95,-4.7));
#8108=CARTESIAN_POINT('',(5.,1.95,-4.7));
#8109=CARTESIAN_POINT('',(5.,1.95,4.7));
#8110=CARTESIAN_POINT('',(4.7,1.95,4.7));
#8111=CARTESIAN_POINT('',(5.1,-1.95,5.1));
#8112=CARTESIAN_POINT('',(5.1,-1.95,5.1));
#8113=CARTESIAN_POINT('',(5.1,-1.95,4.8));
#8114=CARTESIAN_POINT('',(5.1,-1.95,2.55));
#8115=CARTESIAN_POINT('',(5.1,-1.95,2.55));
#8116=CARTESIAN_POINT('',(5.1,0.65,2.55));
#8117=CARTESIAN_POINT('',(5.1,0.65,2.45));
#8118=CARTESIAN_POINT('',(5.1,0.65,-2.55));
#8119=CARTESIAN_POINT('',(5.1,-1.95,-2.55));
#8120=CARTESIAN_POINT('',(5.1,-1.95,-2.55));
#8121=CARTESIAN_POINT('',(5.1,-1.95,5.1));
#8122=CARTESIAN_POINT('',(5.1,-1.95,-4.8));
#8123=CARTESIAN_POINT('',(5.1,-1.95,-4.8));
#8124=CARTESIAN_POINT('',(5.1,-1.95,4.8));
#8125=CARTESIAN_POINT('',(-5.1,-1.95,-5.1));
#8126=CARTESIAN_POINT('',(-5.1,-1.95,-5.1));
#8127=CARTESIAN_POINT('',(-5.1,-1.95,-4.8));
#8128=CARTESIAN_POINT('',(-5.1,-1.95,-2.55));
#8129=CARTESIAN_POINT('',(-5.1,-1.95,-2.55));
#8130=CARTESIAN_POINT('',(-5.1,0.65,-2.55));
#8131=CARTESIAN_POINT('',(-5.1,0.65,2.45));
#8132=CARTESIAN_POINT('',(-5.1,0.65,2.55));
#8133=CARTESIAN_POINT('',(-5.1,-1.95,2.55));
#8134=CARTESIAN_POINT('',(-5.1,-1.95,2.55));
#8135=CARTESIAN_POINT('',(-5.1,-1.95,-5.1));
#8136=CARTESIAN_POINT('',(-5.1,-1.95,4.8));
#8137=CARTESIAN_POINT('',(-5.1,-1.95,4.8));
#8138=CARTESIAN_POINT('',(-5.1,-1.95,-4.8));
#8139=CARTESIAN_POINT('',(0.,-1.95,0.));
#8140=CARTESIAN_POINT('',(5.,-1.95,-2.55));
#8141=CARTESIAN_POINT('',(5.,-1.95,-2.45));
#8142=CARTESIAN_POINT('',(5.1,-1.95,-2.45));
#8143=CARTESIAN_POINT('',(4.3194233747451,-1.95,-2.45));
#8144=CARTESIAN_POINT('',(4.3194233747451,-1.95,-2.75));
#8145=CARTESIAN_POINT('',(4.17920597588181,-1.95,-2.48478484007128));
#8146=CARTESIAN_POINT('',(4.245,-1.95,-2.45));
#8147=CARTESIAN_POINT('',(1.93967401760878,-1.95,-3.66880971234724));
#8148=CARTESIAN_POINT('',(0.,-1.95,0.));
#8149=CARTESIAN_POINT('',(-1.93967401760878,-1.95,-3.66880971234724));
#8150=CARTESIAN_POINT('',(-4.245,-1.95,-2.45));
#8151=CARTESIAN_POINT('',(-4.17920597588181,-1.95,-2.48478484007128));
#8152=CARTESIAN_POINT('',(-4.3194233747451,-1.95,-2.75));
#8153=CARTESIAN_POINT('',(-4.3194233747451,-1.95,-2.45));
#8154=CARTESIAN_POINT('',(-5.1,-1.95,-2.45));
#8155=CARTESIAN_POINT('',(-5.,-1.95,-2.45));
#8156=CARTESIAN_POINT('',(-5.,-1.95,-2.55));
#8157=CARTESIAN_POINT('',(-4.8,-1.95,-4.8));
#8158=CARTESIAN_POINT('',(-4.8,-1.95,-5.1));
#8159=CARTESIAN_POINT('',(5.1,-1.95,-5.1));
#8160=CARTESIAN_POINT('',(4.8,-1.95,-5.1));
#8161=CARTESIAN_POINT('',(4.8,-1.95,-4.8));
#8162=CARTESIAN_POINT('',(0.,-1.95,0.));
#8163=CARTESIAN_POINT('',(5.1,-1.95,2.45));
#8164=CARTESIAN_POINT('',(4.3194233747451,-1.95,2.45));
#8165=CARTESIAN_POINT('',(5.,-1.95,2.45));
#8166=CARTESIAN_POINT('',(5.,-1.95,2.55));
#8167=CARTESIAN_POINT('',(4.8,-1.95,4.8));
#8168=CARTESIAN_POINT('',(4.8,-1.95,5.1));
#8169=CARTESIAN_POINT('',(-5.1,-1.95,5.1));
#8170=CARTESIAN_POINT('',(-4.8,-1.95,5.1));
#8171=CARTESIAN_POINT('',(-4.8,-1.95,4.8));
#8172=CARTESIAN_POINT('',(-5.,-1.95,2.55));
#8173=CARTESIAN_POINT('',(-5.,-1.95,2.45));
#8174=CARTESIAN_POINT('',(-5.1,-1.95,2.45));
#8175=CARTESIAN_POINT('',(-4.3194233747451,-1.95,2.45));
#8176=CARTESIAN_POINT('',(-4.3194233747451,-1.95,2.75));
#8177=CARTESIAN_POINT('',(-4.17920597588181,-1.95,2.48478484007128));
#8178=CARTESIAN_POINT('',(-4.245,-1.95,2.45));
#8179=CARTESIAN_POINT('',(-1.93967401760878,-1.95,3.66880971234724));
#8180=CARTESIAN_POINT('',(0.,-1.95,0.));
#8181=CARTESIAN_POINT('',(1.93967401760878,-1.95,3.66880971234724));
#8182=CARTESIAN_POINT('',(4.245,-1.95,2.45));
#8183=CARTESIAN_POINT('',(4.17920597588181,-1.95,2.48478484007128));
#8184=CARTESIAN_POINT('',(4.3194233747451,-1.95,2.75));
#8185=CARTESIAN_POINT('',(5.1,-1.95,-5.1));
#8186=CARTESIAN_POINT('',(4.8,-1.95,-5.1));
#8187=CARTESIAN_POINT('',(-4.8,-1.95,-5.1));
#8188=CARTESIAN_POINT('',(-5.1,-1.95,5.1));
#8189=CARTESIAN_POINT('',(4.8,-1.95,5.1));
#8190=CARTESIAN_POINT('',(-4.8,-1.95,5.1));
#8191=CARTESIAN_POINT('',(-5.1,0.65,2.45));
#8192=CARTESIAN_POINT('',(-5.,0.65,2.45));
#8193=CARTESIAN_POINT('',(-5.,0.65,2.45));
#8194=CARTESIAN_POINT('',(-5.1,0.65,2.45));
#8195=CARTESIAN_POINT('',(-4.3194233747451,0.65,2.45));
#8196=CARTESIAN_POINT('',(-4.3194233747451,0.65,2.45));
#8197=CARTESIAN_POINT('',(-4.245,0.65,2.45));
#8198=CARTESIAN_POINT('',(-4.17920597588181,0.65,2.48478484007128));
#8199=CARTESIAN_POINT('',(-4.17920597588181,0.65,2.48478484007128));
#8200=CARTESIAN_POINT('',(-4.245,0.65,2.45));
#8201=CARTESIAN_POINT('',(-1.93967401760878,0.65,3.66880971234724));
#8202=CARTESIAN_POINT('',(-1.93967401760878,0.65,3.66880971234724));
#8203=CARTESIAN_POINT('',(0.,0.65,0.));
#8204=CARTESIAN_POINT('',(0.,0.65,0.));
#8205=CARTESIAN_POINT('',(1.93967401760878,0.65,3.66880971234724));
#8206=CARTESIAN_POINT('',(1.93967401760878,0.65,3.66880971234724));
#8207=CARTESIAN_POINT('',(4.245,0.65,2.45));
#8208=CARTESIAN_POINT('',(4.245,0.65,2.45));
#8209=CARTESIAN_POINT('',(4.17920597588181,0.65,2.48478484007128));
#8210=CARTESIAN_POINT('',(4.17920597588181,0.65,2.48478484007128));
#8211=CARTESIAN_POINT('',(5.1,0.65,2.45));
#8212=CARTESIAN_POINT('',(5.1,0.65,2.45));
#8213=CARTESIAN_POINT('',(4.3194233747451,0.65,2.45));
#8214=CARTESIAN_POINT('',(5.,0.65,2.45));
#8215=CARTESIAN_POINT('',(5.,0.65,2.45));
#8216=CARTESIAN_POINT('',(4.3194233747451,0.65,2.45));
#8217=CARTESIAN_POINT('',(5.1,0.65,-2.45));
#8218=CARTESIAN_POINT('',(5.,0.65,-2.45));
#8219=CARTESIAN_POINT('',(5.,0.65,-2.45));
#8220=CARTESIAN_POINT('',(5.1,0.65,-2.45));
#8221=CARTESIAN_POINT('',(4.3194233747451,0.65,-2.45));
#8222=CARTESIAN_POINT('',(4.3194233747451,0.65,-2.45));
#8223=CARTESIAN_POINT('',(4.245,0.65,-2.45));
#8224=CARTESIAN_POINT('',(4.17920597588181,0.65,-2.48478484007128));
#8225=CARTESIAN_POINT('',(4.17920597588181,0.65,-2.48478484007128));
#8226=CARTESIAN_POINT('',(4.245,0.65,-2.45));
#8227=CARTESIAN_POINT('',(1.93967401760878,0.65,-3.66880971234724));
#8228=CARTESIAN_POINT('',(1.93967401760878,0.65,-3.66880971234724));
#8229=CARTESIAN_POINT('',(0.,0.65,0.));
#8230=CARTESIAN_POINT('',(0.,0.65,0.));
#8231=CARTESIAN_POINT('',(-1.93967401760878,0.65,-3.66880971234724));
#8232=CARTESIAN_POINT('',(-1.93967401760878,0.65,-3.66880971234724));
#8233=CARTESIAN_POINT('',(-4.245,0.65,-2.45));
#8234=CARTESIAN_POINT('',(-4.245,0.65,-2.45));
#8235=CARTESIAN_POINT('',(-4.17920597588181,0.65,-2.48478484007128));
#8236=CARTESIAN_POINT('',(-4.17920597588181,0.65,-2.48478484007128));
#8237=CARTESIAN_POINT('',(0.,0.65,0.));
#8238=CARTESIAN_POINT('',(0.,0.65,0.));
#8239=CARTESIAN_POINT('',(1.95,0.65,0.));
#8240=CARTESIAN_POINT('',(0.,-1.95,0.));
#8241=CARTESIAN_POINT('',(1.95,-1.95,0.));
#8242=CARTESIAN_POINT('',(-5.1,0.65,-2.45));
#8243=CARTESIAN_POINT('',(-5.1,0.65,-2.45));
#8244=CARTESIAN_POINT('',(-4.3194233747451,0.65,-2.45));
#8245=CARTESIAN_POINT('',(-5.,0.65,-2.45));
#8246=CARTESIAN_POINT('',(-5.,0.65,-2.45));
#8247=CARTESIAN_POINT('',(-4.3194233747451,0.65,-2.45));
#8248=CARTESIAN_POINT('',(0.,0.65,0.));
#8249=CARTESIAN_POINT('',(-5.,0.65,-2.55));
#8250=CARTESIAN_POINT('',(-4.3194233747451,0.65,-2.75));
#8251=CARTESIAN_POINT('',(4.3194233747451,0.65,-2.75));
#8252=CARTESIAN_POINT('',(5.,0.65,-2.55));
#8253=CARTESIAN_POINT('',(5.,0.65,2.55));
#8254=CARTESIAN_POINT('',(4.3194233747451,0.65,2.75));
#8255=CARTESIAN_POINT('',(-4.3194233747451,0.65,2.75));
#8256=CARTESIAN_POINT('',(-5.,0.65,2.55));
#8257=CARTESIAN_POINT('',(0.,-1.95,0.));
#8258=CARTESIAN_POINT('',(4.3194233747451,0.65,2.75));
#8259=CARTESIAN_POINT('',(-4.8,-1.95,4.8));
#8260=CARTESIAN_POINT('',(-4.8,-1.95,-4.8));
#8261=CARTESIAN_POINT('',(4.8,-1.95,-4.8));
#8262=CARTESIAN_POINT('',(4.8,-1.95,4.8));
#8263=CARTESIAN_POINT('',(4.3194233747451,0.65,-2.75));
#8264=CARTESIAN_POINT('',(-4.3194233747451,0.65,-2.75));
#8265=CARTESIAN_POINT('',(-4.3194233747451,0.65,2.75));
#8266=CARTESIAN_POINT('',(-5.,-1.95,2.55));
#8267=CARTESIAN_POINT('',(-5.,0.65,-2.55));
#8268=CARTESIAN_POINT('',(5.,-1.95,-2.55));
#8269=CARTESIAN_POINT('',(5.,0.65,2.55));
#8270=CARTESIAN_POINT('',(-4.7,1.94,4.7));
#8271=CARTESIAN_POINT('',(-4.7,1.94,5.));
#8272=CARTESIAN_POINT('',(-4.7,1.94,5.));
#8273=CARTESIAN_POINT('',(-4.7,1.94,4.7));
#8274=CARTESIAN_POINT('',(-5.,1.94,4.7));
#8275=CARTESIAN_POINT('',(-5.,1.94,4.7));
#8276=CARTESIAN_POINT('',(-5.,1.94,4.7));
#8277=CARTESIAN_POINT('',(-5.,1.94,4.7));
#8278=CARTESIAN_POINT('',(-5.,1.94,-4.7));
#8279=CARTESIAN_POINT('',(-5.,1.94,-4.7));
#8280=CARTESIAN_POINT('',(-4.7,1.94,-4.7));
#8281=CARTESIAN_POINT('',(-4.7,1.94,-4.7));
#8282=CARTESIAN_POINT('',(-4.7,1.94,-5.));
#8283=CARTESIAN_POINT('',(-4.7,1.94,-5.));
#8284=CARTESIAN_POINT('',(-4.7,1.94,-5.));
#8285=CARTESIAN_POINT('',(-4.7,1.94,-5.));
#8286=CARTESIAN_POINT('',(4.7,1.94,-5.));
#8287=CARTESIAN_POINT('',(4.7,1.94,-5.));
#8288=CARTESIAN_POINT('',(4.7,1.94,-4.7));
#8289=CARTESIAN_POINT('',(4.7,1.94,-4.7));
#8290=CARTESIAN_POINT('',(5.,1.94,-4.7));
#8291=CARTESIAN_POINT('',(5.,1.94,-4.7));
#8292=CARTESIAN_POINT('',(5.,1.94,-4.7));
#8293=CARTESIAN_POINT('',(5.,1.94,-4.7));
#8294=CARTESIAN_POINT('',(5.,1.94,4.7));
#8295=CARTESIAN_POINT('',(5.,1.94,4.7));
#8296=CARTESIAN_POINT('',(4.7,1.94,4.7));
#8297=CARTESIAN_POINT('',(4.7,1.94,4.7));
#8298=CARTESIAN_POINT('',(4.7,1.94,5.));
#8299=CARTESIAN_POINT('',(4.7,1.94,5.));
#8300=CARTESIAN_POINT('',(-4.8,1.94,4.8));
#8301=CARTESIAN_POINT('',(-4.9,1.94,4.8));
#8302=CARTESIAN_POINT('',(-4.9,1.94,4.8));
#8303=CARTESIAN_POINT('',(-4.8,1.94,4.8));
#8304=CARTESIAN_POINT('',(-4.8,1.94,4.9));
#8305=CARTESIAN_POINT('',(-4.8,1.94,4.9));
#8306=CARTESIAN_POINT('',(4.7,1.94,4.9));
#8307=CARTESIAN_POINT('',(4.7,1.94,4.9));
#8308=CARTESIAN_POINT('',(4.7,1.94,4.9));
#8309=CARTESIAN_POINT('',(4.7,1.94,4.9));
#8310=CARTESIAN_POINT('',(4.7,1.94,4.7));
#8311=CARTESIAN_POINT('',(4.7,1.94,4.7));
#8312=CARTESIAN_POINT('',(4.9,1.94,4.7));
#8313=CARTESIAN_POINT('',(4.9,1.94,4.7));
#8314=CARTESIAN_POINT('',(4.9,1.94,-4.7));
#8315=CARTESIAN_POINT('',(4.9,1.94,-4.7));
#8316=CARTESIAN_POINT('',(4.9,1.94,-4.7));
#8317=CARTESIAN_POINT('',(4.9,1.94,-4.7));
#8318=CARTESIAN_POINT('',(4.8,1.94,-4.7));
#8319=CARTESIAN_POINT('',(4.8,1.94,-4.7));
#8320=CARTESIAN_POINT('',(4.8,1.94,-4.8));
#8321=CARTESIAN_POINT('',(4.8,1.94,-4.8));
#8322=CARTESIAN_POINT('',(-4.8,1.94,-4.8));
#8323=CARTESIAN_POINT('',(-4.8,1.94,-4.8));
#8324=CARTESIAN_POINT('',(-4.8,1.94,-4.8));
#8325=CARTESIAN_POINT('',(-4.8,1.94,-4.8));
#8326=CARTESIAN_POINT('',(-4.8,1.94,-4.7));
#8327=CARTESIAN_POINT('',(-4.8,1.94,-4.7));
#8328=CARTESIAN_POINT('',(-4.9,1.94,-4.7));
#8329=CARTESIAN_POINT('',(-4.9,1.94,-4.7));
#8330=CARTESIAN_POINT('',(-4.9,1.94,4.8));
#8331=CARTESIAN_POINT('',(-4.9,1.94,4.8));
#8332=CARTESIAN_POINT('',(4.7,1.94,5.));
#8333=CARTESIAN_POINT('',(4.7,1.94,5.));
#8334=CARTESIAN_POINT('',(-4.7,1.94,4.7));
#8335=CARTESIAN_POINT('',(2.50757970071568,1.85,0.387117761873783));
#8336=CARTESIAN_POINT('',(2.50757970071568,1.85,0.387117761873783));
#8337=CARTESIAN_POINT('',(2.50757970071568,1.85,0.387117761873783));
#8338=CARTESIAN_POINT('',(2.50757970071568,1.85,0.387117761873783));
#8339=CARTESIAN_POINT('',(2.57979830839297,1.85,0.387117761873783));
#8340=CARTESIAN_POINT('',(2.57979830839297,1.85,0.387117761873783));
#8341=CARTESIAN_POINT('',(2.50757970071568,1.85,0.616135328562137));
#8342=CARTESIAN_POINT('',(2.50757970071568,1.85,0.616135328562137));
#8343=CARTESIAN_POINT('',(2.50757970071568,1.85,0.616135328562137));
#8344=CARTESIAN_POINT('',(2.50757970071568,1.85,0.616135328562137));
#8345=CARTESIAN_POINT('',(2.29287573194535,1.85,0.616135328562137));
#8346=CARTESIAN_POINT('',(2.29287573194535,1.85,0.616135328562137));
#8347=CARTESIAN_POINT('',(2.29287573194535,1.85,0.616135328562137));
#8348=CARTESIAN_POINT('',(2.29287573194535,1.85,0.616135328562137));
#8349=CARTESIAN_POINT('',(2.29287573194535,1.85,0.698113207547173));
#8350=CARTESIAN_POINT('',(2.29287573194535,1.85,0.698113207547173));
#8351=CARTESIAN_POINT('',(2.29287573194535,1.85,0.698113207547173));
#8352=CARTESIAN_POINT('',(2.29287573194535,1.85,0.698113207547173));
#8353=CARTESIAN_POINT('',(2.50757970071568,1.85,0.698113207547173));
#8354=CARTESIAN_POINT('',(2.50757970071568,1.85,0.698113207547173));
#8355=CARTESIAN_POINT('',(2.50757970071568,1.85,0.698113207547173));
#8356=CARTESIAN_POINT('',(2.50757970071568,1.85,0.698113207547173));
#8357=CARTESIAN_POINT('',(2.50757970071568,1.85,0.79895901106051));
#8358=CARTESIAN_POINT('',(2.50757970071568,1.85,0.79895901106051));
#8359=CARTESIAN_POINT('',(2.50757970071568,1.85,0.79895901106051));
#8360=CARTESIAN_POINT('',(2.50757970071568,1.85,0.79895901106051));
#8361=CARTESIAN_POINT('',(2.57979830839297,1.85,0.79895901106051));
#8362=CARTESIAN_POINT('',(2.57979830839297,1.85,0.79895901106051));
#8363=CARTESIAN_POINT('',(2.57979830839297,1.85,0.79895901106051));
#8364=CARTESIAN_POINT('',(2.57979830839297,1.85,0.79895901106051));
#8365=CARTESIAN_POINT('',(2.57979830839297,1.85,0.698113207547173));
#8366=CARTESIAN_POINT('',(2.57979830839297,1.85,0.698113207547173));
#8367=CARTESIAN_POINT('',(2.57979830839297,1.85,0.698113207547173));
#8368=CARTESIAN_POINT('',(2.57979830839297,1.85,0.698113207547173));
#8369=CARTESIAN_POINT('',(2.57979830839297,1.85,0.698113207547173));
#8370=CARTESIAN_POINT('',(2.57979830839297,1.95,0.698113207547173));
#8371=CARTESIAN_POINT('',(2.65310505532456,1.85,0.698113207547173));
#8372=CARTESIAN_POINT('',(2.65310505532456,1.95,0.698113207547173));
#8373=CARTESIAN_POINT('',(2.76715173816709,1.85,0.698236440491086));
#8374=CARTESIAN_POINT('',(2.76715173816709,1.95,0.698236440491086));
#8375=CARTESIAN_POINT('',(2.90286773217649,1.85,0.697907819307317));
#8376=CARTESIAN_POINT('',(2.90286773217649,1.95,0.697907819307317));
#8377=CARTESIAN_POINT('',(3.0930712254547,1.85,0.699222304042394));
#8378=CARTESIAN_POINT('',(3.0930712254547,1.95,0.699222304042394));
#8379=CARTESIAN_POINT('',(3.20839405140312,1.85,0.634182461736306));
#8380=CARTESIAN_POINT('',(3.20839405140312,1.95,0.634182461736306));
#8381=CARTESIAN_POINT('',(3.21399111757127,1.85,0.515447531789546));
#8382=CARTESIAN_POINT('',(3.21399111757127,1.95,0.515447531789546));
#8383=CARTESIAN_POINT('',(3.19268054651919,1.85,0.375406636304492));
#8384=CARTESIAN_POINT('',(3.19268054651919,1.95,0.375406636304492));
#8385=CARTESIAN_POINT('',(3.19268054651919,1.85,0.375406636304492));
#8386=CARTESIAN_POINT('',(3.19268054651919,1.85,0.375406636304492));
#8387=CARTESIAN_POINT('',(2.57979830839297,1.85,0.698113207547173));
#8388=CARTESIAN_POINT('',(2.70601821730644,1.85,0.698113207547173));
#8389=CARTESIAN_POINT('',(2.83223812621991,1.85,0.698113207547173));
#8390=CARTESIAN_POINT('',(2.95845803513338,1.85,0.698113207547173));
#8391=CARTESIAN_POINT('',(3.05540013012362,1.85,0.698113207547173));
#8392=CARTESIAN_POINT('',(3.12117828742466,1.85,0.684533173341706));
#8393=CARTESIAN_POINT('',(3.15494469746259,1.85,0.657774886141838));
#8394=CARTESIAN_POINT('',(3.18942745608328,1.85,0.630448926480159));
#8395=CARTESIAN_POINT('',(3.20634352635003,1.85,0.582303188028629));
#8396=CARTESIAN_POINT('',(3.20634352635003,1.85,0.481457384515292));
#8397=CARTESIAN_POINT('',(3.20178919973975,1.85,0.435263500325312));
#8398=CARTESIAN_POINT('',(3.19268054651919,1.85,0.375406636304492));
#8399=CARTESIAN_POINT('',(3.12241379310345,1.85,0.380611581001955));
#8400=CARTESIAN_POINT('',(3.12241379310345,1.85,0.380611581001955));
#8401=CARTESIAN_POINT('',(3.12241379310345,1.85,0.380611581001955));
#8402=CARTESIAN_POINT('',(3.12241379310345,1.85,0.380611581001955));
#8403=CARTESIAN_POINT('',(3.12241379310345,1.85,0.380611581001955));
#8404=CARTESIAN_POINT('',(3.12241379310345,1.95,0.380611581001955));
#8405=CARTESIAN_POINT('',(3.12481638950324,1.85,0.411524988012574));
#8406=CARTESIAN_POINT('',(3.12481638950324,1.95,0.411524988012574));
#8407=CARTESIAN_POINT('',(3.13460918838901,1.85,0.468129104356296));
#8408=CARTESIAN_POINT('',(3.13460918838901,1.95,0.468129104356296));
#8409=CARTESIAN_POINT('',(3.12542795458551,1.85,0.623118918463871));
#8410=CARTESIAN_POINT('',(3.12542795458551,1.95,0.623118918463871));
#8411=CARTESIAN_POINT('',(3.00711282334709,1.85,0.613573621282675));
#8412=CARTESIAN_POINT('',(3.00711282334709,1.95,0.613573621282675));
#8413=CARTESIAN_POINT('',(2.85451227313892,1.85,0.616609718799075));
#8414=CARTESIAN_POINT('',(2.85451227313892,1.95,0.616609718799075));
#8415=CARTESIAN_POINT('',(2.73756744928007,1.85,0.615850694419975));
#8416=CARTESIAN_POINT('',(2.73756744928007,1.95,0.615850694419975));
#8417=CARTESIAN_POINT('',(2.64183629295733,1.85,0.616135328562137));
#8418=CARTESIAN_POINT('',(2.64183629295733,1.95,0.616135328562137));
#8419=CARTESIAN_POINT('',(2.57979830839297,1.85,0.616135328562137));
#8420=CARTESIAN_POINT('',(2.57979830839297,1.95,0.616135328562137));
#8421=CARTESIAN_POINT('',(2.57979830839297,1.85,0.616135328562137));
#8422=CARTESIAN_POINT('',(2.57979830839297,1.85,0.616135328562137));
#8423=CARTESIAN_POINT('',(3.12241379310345,1.85,0.380611581001955));
#8424=CARTESIAN_POINT('',(3.12566688353936,1.85,0.422468011277383));
#8425=CARTESIAN_POINT('',(3.13217306441119,1.85,0.464324441552811));
#8426=CARTESIAN_POINT('',(3.13217306441119,1.85,0.506180871828239));
#8427=CARTESIAN_POINT('',(3.13217306441119,1.85,0.553675992192586));
#8428=CARTESIAN_POINT('',(3.11825753412137,1.85,0.58372468632632));
#8429=CARTESIAN_POINT('',(3.09118412491867,1.85,0.596616785946652));
#8430=CARTESIAN_POINT('',(3.06385816525699,1.85,0.609629147690309));
#8431=CARTESIAN_POINT('',(3.00595315549772,1.85,0.616135328562137));
#8432=CARTESIAN_POINT('',(2.91746909564086,1.85,0.616135328562137));
#8433=CARTESIAN_POINT('',(2.80491216655823,1.85,0.616135328562137));
#8434=CARTESIAN_POINT('',(2.6923552374756,1.85,0.616135328562137));
#8435=CARTESIAN_POINT('',(2.57979830839297,1.85,0.616135328562137));
#8436=CARTESIAN_POINT('',(2.57979830839297,1.85,0.387117761873783));
#8437=CARTESIAN_POINT('',(2.57979830839297,1.85,0.387117761873783));
#8438=CARTESIAN_POINT('',(3.03735824942519,1.85,0.694448152976962));
#8439=CARTESIAN_POINT('',(2.81532205595316,1.85,-3.35133376707872));
#8440=CARTESIAN_POINT('',(2.81532205595316,1.95,-3.35133376707872));
#8441=CARTESIAN_POINT('',(2.73352234486195,1.85,-3.35133376707872));
#8442=CARTESIAN_POINT('',(2.73352234486195,1.95,-3.35133376707872));
#8443=CARTESIAN_POINT('',(2.61754071023079,1.85,-3.33685014222606));
#8444=CARTESIAN_POINT('',(2.61754071023079,1.95,-3.33685014222606));
#8445=CARTESIAN_POINT('',(2.54491360093878,1.85,-3.18454739769756));
#8446=CARTESIAN_POINT('',(2.54491360093878,1.95,-3.18454739769756));
#8447=CARTESIAN_POINT('',(2.59749428865019,1.85,-2.99638760441962));
#8448=CARTESIAN_POINT('',(2.59749428865019,1.95,-2.99638760441962));
#8449=CARTESIAN_POINT('',(2.7242847873221,1.85,-2.96551724137931));
#8450=CARTESIAN_POINT('',(2.7242847873221,1.95,-2.96551724137931));
#8451=CARTESIAN_POINT('',(2.81532205595316,1.85,-2.96551724137931));
#8452=CARTESIAN_POINT('',(2.81532205595316,1.95,-2.96551724137931));
#8453=CARTESIAN_POINT('',(2.81532205595316,1.95,-3.35133376707872));
#8454=CARTESIAN_POINT('',(2.72488614183474,1.95,-3.35133376707872));
#8455=CARTESIAN_POINT('',(2.66112556929083,1.95,-3.33636955107352));
#8456=CARTESIAN_POINT('',(2.62273910214704,1.95,-3.30709173715029));
#8457=CARTESIAN_POINT('',(2.58403890615809,1.95,-3.27757463851465));
#8458=CARTESIAN_POINT('',(2.56548471047495,1.95,-3.22966818477553));
#8459=CARTESIAN_POINT('',(2.56548471047495,1.95,-3.09954456733897));
#8460=CARTESIAN_POINT('',(2.58500325309044,1.95,-3.05009759271308));
#8461=CARTESIAN_POINT('',(2.66437865972674,1.95,-2.98243331164606));
#8462=CARTESIAN_POINT('',(2.72748861418347,1.95,-2.96551724137931));
#8463=CARTESIAN_POINT('',(2.81532205595316,1.95,-2.96551724137931));
#8464=CARTESIAN_POINT('',(2.81532205595316,1.95,-3.35133376707872));
#8465=CARTESIAN_POINT('',(2.81532205595316,1.95,-2.96551724137931));
#8466=CARTESIAN_POINT('',(2.81532205595316,1.85,-3.35133376707872));
#8467=CARTESIAN_POINT('',(2.81532205595316,1.85,-3.35133376707872));
#8468=CARTESIAN_POINT('',(2.81532205595316,1.85,-3.35133376707872));
#8469=CARTESIAN_POINT('',(2.72488614183474,1.85,-3.35133376707872));
#8470=CARTESIAN_POINT('',(2.66112556929083,1.85,-3.33636955107352));
#8471=CARTESIAN_POINT('',(2.62273910214704,1.85,-3.30709173715029));
#8472=CARTESIAN_POINT('',(2.58403890615809,1.85,-3.27757463851465));
#8473=CARTESIAN_POINT('',(2.56548471047495,1.85,-3.22966818477553));
#8474=CARTESIAN_POINT('',(2.56548471047495,1.85,-3.09954456733897));
#8475=CARTESIAN_POINT('',(2.58500325309044,1.85,-3.05009759271308));
#8476=CARTESIAN_POINT('',(2.66437865972674,1.85,-2.98243331164606));
#8477=CARTESIAN_POINT('',(2.72748861418347,1.85,-2.96551724137931));
#8478=CARTESIAN_POINT('',(2.81532205595316,1.85,-2.96551724137931));
#8479=CARTESIAN_POINT('',(2.81532205595316,1.85,-2.96551724137931));
#8480=CARTESIAN_POINT('',(2.81532205595316,1.85,-2.96551724137931));
#8481=CARTESIAN_POINT('',(2.88363695510735,1.85,-3.43070917371503));
#8482=CARTESIAN_POINT('',(2.88363695510735,1.85,-3.43070917371503));
#8483=CARTESIAN_POINT('',(2.88363695510735,1.85,-3.43070917371503));
#8484=CARTESIAN_POINT('',(2.88363695510735,1.85,-3.43070917371503));
#8485=CARTESIAN_POINT('',(2.88363695510735,1.85,-2.96551724137931));
#8486=CARTESIAN_POINT('',(2.88363695510735,1.85,-2.96551724137931));
#8487=CARTESIAN_POINT('',(2.88363695510735,1.85,-2.96551724137931));
#8488=CARTESIAN_POINT('',(2.88363695510735,1.95,-2.96551724137931));
#8489=CARTESIAN_POINT('',(3.00656897384397,1.85,-2.96551724137931));
#8490=CARTESIAN_POINT('',(3.00656897384397,1.95,-2.96551724137931));
#8491=CARTESIAN_POINT('',(3.16083861221071,1.85,-3.01617615767794));
#8492=CARTESIAN_POINT('',(3.16083861221071,1.95,-3.01617615767794));
#8493=CARTESIAN_POINT('',(3.13126310495976,1.85,-3.26077151837961));
#8494=CARTESIAN_POINT('',(3.13126310495976,1.95,-3.26077151837961));
#8495=CARTESIAN_POINT('',(3.12241379310345,1.85,-3.36499674690956));
#8496=CARTESIAN_POINT('',(3.12241379310345,1.95,-3.36499674690956));
#8497=CARTESIAN_POINT('',(2.88363695510735,1.85,-2.96551724137931));
#8498=CARTESIAN_POINT('',(2.96756668835394,1.85,-2.96551724137931));
#8499=CARTESIAN_POINT('',(3.03002602472349,1.85,-2.97983083929733));
#8500=CARTESIAN_POINT('',(3.07036434612882,1.85,-3.00845803513337));
#8501=CARTESIAN_POINT('',(3.11100974126112,1.85,-3.03730315425952));
#8502=CARTESIAN_POINT('',(3.13087182823682,1.85,-3.08653220559531));
#8503=CARTESIAN_POINT('',(3.13087182823682,1.85,-3.22641509433962));
#8504=CARTESIAN_POINT('',(3.12826935588809,1.85,-3.29603122966818));
#8505=CARTESIAN_POINT('',(3.12241379310345,1.85,-3.36499674690956));
#8506=CARTESIAN_POINT('',(3.12241379310345,1.85,-3.36499674690956));
#8507=CARTESIAN_POINT('',(3.12241379310345,1.85,-3.36499674690956));
#8508=CARTESIAN_POINT('',(0.0906328623296853,1.85,-3.09693606651181));
#8509=CARTESIAN_POINT('',(0.0906328623296853,1.85,-3.09693606651181));
#8510=CARTESIAN_POINT('',(3.11851008458035,1.85,-3.40598568640208));
#8511=CARTESIAN_POINT('',(3.11851008458035,1.85,-3.40598568640208));
#8512=CARTESIAN_POINT('',(3.11851008458035,1.85,-3.40598568640208));
#8513=CARTESIAN_POINT('',(3.11851008458035,1.85,-3.40598568640208));
#8514=CARTESIAN_POINT('',(3.18552374756018,1.85,-3.40858815875081));
#8515=CARTESIAN_POINT('',(3.18552374756018,1.85,-3.40858815875081));
#8516=CARTESIAN_POINT('',(3.18552374756018,1.85,-3.40858815875081));
#8517=CARTESIAN_POINT('',(3.18552374756018,1.95,-3.40858815875081));
#8518=CARTESIAN_POINT('',(3.1969715336674,1.85,-3.31815064850379));
#8519=CARTESIAN_POINT('',(3.1969715336674,1.95,-3.31815064850379));
#8520=CARTESIAN_POINT('',(3.21716510914552,1.85,-3.18280678771693));
#8521=CARTESIAN_POINT('',(3.21716510914552,1.95,-3.18280678771693));
#8522=CARTESIAN_POINT('',(3.1692774993789,1.85,-2.9268029089152));
#8523=CARTESIAN_POINT('',(3.1692774993789,1.95,-2.9268029089152));
#8524=CARTESIAN_POINT('',(2.9526631791401,1.85,-2.87374953438909));
#8525=CARTESIAN_POINT('',(2.9526631791401,1.95,-2.87374953438909));
#8526=CARTESIAN_POINT('',(2.62533772093541,1.85,-2.89238366532001));
#8527=CARTESIAN_POINT('',(2.62533772093541,1.95,-2.89238366532001));
#8528=CARTESIAN_POINT('',(2.49003249345887,1.85,-3.02797158936069));
#8529=CARTESIAN_POINT('',(2.49003249345887,1.95,-3.02797158936069));
#8530=CARTESIAN_POINT('',(2.48951126850262,1.85,-3.29721256998166));
#8531=CARTESIAN_POINT('',(2.48951126850262,1.95,-3.29721256998166));
#8532=CARTESIAN_POINT('',(2.6133300370047,1.85,-3.42616815301874));
#8533=CARTESIAN_POINT('',(2.6133300370047,1.95,-3.42616815301874));
#8534=CARTESIAN_POINT('',(2.80694717967856,1.85,-3.43374639254389));
#8535=CARTESIAN_POINT('',(2.80694717967856,1.95,-3.43374639254389));
#8536=CARTESIAN_POINT('',(2.88363695510735,1.85,-3.43070917371503));
#8537=CARTESIAN_POINT('',(2.88363695510735,1.95,-3.43070917371503));
#8538=CARTESIAN_POINT('',(3.18552374756018,1.85,-3.40858815875081));
#8539=CARTESIAN_POINT('',(3.19853610930384,1.85,-3.30579050097592));
#8540=CARTESIAN_POINT('',(3.20439167208848,1.85,-3.21860767729343));
#8541=CARTESIAN_POINT('',(3.20439167208848,1.85,-3.1476903057905));
#8542=CARTESIAN_POINT('',(3.20439167208848,1.85,-3.04879635653871));
#8543=CARTESIAN_POINT('',(3.17446324007807,1.85,-2.98048145738451));
#8544=CARTESIAN_POINT('',(3.11720884840599,1.85,-2.94079375406636));
#8545=CARTESIAN_POINT('',(3.06025908105941,1.85,-2.90131721079203));
#8546=CARTESIAN_POINT('',(2.97147039687703,1.85,-2.88223812621991));
#8547=CARTESIAN_POINT('',(2.61363044892648,1.85,-2.88223812621991));
#8548=CARTESIAN_POINT('',(2.49391672088484,1.85,-2.97592713077423));
#8549=CARTESIAN_POINT('',(2.49391672088484,1.85,-3.25439167208848));
#8550=CARTESIAN_POINT('',(2.51994144437215,1.85,-3.3220559531555));
#8551=CARTESIAN_POINT('',(2.5713402732596,1.85,-3.36629798308393));
#8552=CARTESIAN_POINT('',(2.62306078832876,1.85,-3.41081690744725));
#8553=CARTESIAN_POINT('',(2.70536759921926,1.85,-3.43331164606376));
#8554=CARTESIAN_POINT('',(2.81792452830189,1.85,-3.43331164606376));
#8555=CARTESIAN_POINT('',(2.83982867057038,1.85,-3.43331164606376));
#8556=CARTESIAN_POINT('',(2.86173281283886,1.85,-3.43157666449794));
#8557=CARTESIAN_POINT('',(2.88363695510735,1.85,-3.43070917371503));
#8558=CARTESIAN_POINT('',(2.81532205595316,1.85,-2.96551724137931));
#8559=CARTESIAN_POINT('',(2.81532205595316,1.95,-2.96551724137931));
#8560=CARTESIAN_POINT('',(2.81532205595316,1.85,-2.96551724137931));
#8561=CARTESIAN_POINT('',(3.11487732580629,1.85,-3.0646602687787));
#8562=CARTESIAN_POINT('',(0.,1.95,0.));
#8563=CARTESIAN_POINT('',(2.51213402732596,1.85,-2.62589459986987));
#8564=CARTESIAN_POINT('',(2.51213402732596,1.85,-2.62589459986987));
#8565=CARTESIAN_POINT('',(2.51213402732596,1.85,-2.62589459986987));
#8566=CARTESIAN_POINT('',(2.51213402732596,1.85,-2.62589459986987));
#8567=CARTESIAN_POINT('',(2.20439167208848,1.85,-2.62589459986987));
#8568=CARTESIAN_POINT('',(2.20439167208848,1.85,-2.62589459986987));
#8569=CARTESIAN_POINT('',(2.20439167208848,1.85,-2.62589459986987));
#8570=CARTESIAN_POINT('',(2.20439167208848,1.85,-2.62589459986987));
#8571=CARTESIAN_POINT('',(2.20439167208848,1.85,-2.70787247885491));
#8572=CARTESIAN_POINT('',(2.20439167208848,1.85,-2.70787247885491));
#8573=CARTESIAN_POINT('',(2.20439167208848,1.85,-2.70787247885491));
#8574=CARTESIAN_POINT('',(2.20439167208848,1.85,-2.70787247885491));
#8575=CARTESIAN_POINT('',(3.19072869225764,1.85,-2.70787247885491));
#8576=CARTESIAN_POINT('',(3.19072869225764,1.85,-2.70787247885491));
#8577=CARTESIAN_POINT('',(3.19072869225764,1.85,-2.70787247885491));
#8578=CARTESIAN_POINT('',(3.19072869225764,1.85,-2.70787247885491));
#8579=CARTESIAN_POINT('',(3.19072869225764,1.85,-2.62589459986987));
#8580=CARTESIAN_POINT('',(3.19072869225764,1.85,-2.62589459986987));
#8581=CARTESIAN_POINT('',(3.19072869225764,1.85,-2.62589459986987));
#8582=CARTESIAN_POINT('',(3.19072869225764,1.85,-2.62589459986987));
#8583=CARTESIAN_POINT('',(3.14063109954457,1.85,-2.62589459986987));
#8584=CARTESIAN_POINT('',(3.14063109954457,1.85,-2.62589459986987));
#8585=CARTESIAN_POINT('',(3.08597918022121,1.85,-2.30448926480156));
#8586=CARTESIAN_POINT('',(3.08597918022121,1.95,-2.30448926480156));
#8587=CARTESIAN_POINT('',(3.1332016555629,1.85,-2.35171174014325));
#8588=CARTESIAN_POINT('',(3.1332016555629,1.95,-2.35171174014325));
#8589=CARTESIAN_POINT('',(3.14330120050883,1.85,-2.40549786037182));
#8590=CARTESIAN_POINT('',(3.14330120050883,1.95,-2.40549786037182));
#8591=CARTESIAN_POINT('',(3.1040805037727,1.85,-2.56167837153046));
#8592=CARTESIAN_POINT('',(3.1040805037727,1.95,-2.56167837153046));
#8593=CARTESIAN_POINT('',(3.08558876038569,1.85,-2.600503615531));
#8594=CARTESIAN_POINT('',(3.08558876038569,1.95,-2.600503615531));
#8595=CARTESIAN_POINT('',(3.07231620039037,1.85,-2.62589459986987));
#8596=CARTESIAN_POINT('',(3.07231620039037,1.95,-2.62589459986987));
#8597=CARTESIAN_POINT('',(3.08597918022121,1.95,-2.30448926480156));
#8598=CARTESIAN_POINT('',(3.10322055953155,1.95,-2.3217306441119));
#8599=CARTESIAN_POINT('',(3.11525699414444,1.95,-2.33897202342225));
#8600=CARTESIAN_POINT('',(3.12111255692908,1.95,-2.355888093689));
#8601=CARTESIAN_POINT('',(3.12703773670853,1.95,-2.3730052797185));
#8602=CARTESIAN_POINT('',(3.13087182823682,1.95,-2.39492517891997));
#8603=CARTESIAN_POINT('',(3.13087182823682,1.95,-2.44827586206896));
#8604=CARTESIAN_POINT('',(3.12631750162654,1.95,-2.47950553025374));
#8605=CARTESIAN_POINT('',(3.11590761223162,1.95,-2.51463890696161));
#8606=CARTESIAN_POINT('',(3.10555023173654,1.95,-2.5495950661325));
#8607=CARTESIAN_POINT('',(3.09638906961613,1.95,-2.57709824333116));
#8608=CARTESIAN_POINT('',(3.08728041639558,1.95,-2.59726740403383));
#8609=CARTESIAN_POINT('',(3.08285598846995,1.95,-2.60706435158344));
#8610=CARTESIAN_POINT('',(3.07730427239211,1.95,-2.61635220125786));
#8611=CARTESIAN_POINT('',(3.07231620039037,1.95,-2.62589459986987));
#8612=CARTESIAN_POINT('',(3.08597918022121,1.95,-2.30448926480156));
#8613=CARTESIAN_POINT('',(3.07231620039037,1.95,-2.62589459986987));
#8614=CARTESIAN_POINT('',(3.08597918022121,1.85,-2.30448926480156));
#8615=CARTESIAN_POINT('',(3.08597918022121,1.85,-2.30448926480156));
#8616=CARTESIAN_POINT('',(3.08597918022121,1.85,-2.30448926480156));
#8617=CARTESIAN_POINT('',(3.10322055953155,1.85,-2.3217306441119));
#8618=CARTESIAN_POINT('',(3.11525699414444,1.85,-2.33897202342225));
#8619=CARTESIAN_POINT('',(3.12111255692908,1.85,-2.355888093689));
#8620=CARTESIAN_POINT('',(3.12703773670853,1.85,-2.3730052797185));
#8621=CARTESIAN_POINT('',(3.13087182823682,1.85,-2.39492517891997));
#8622=CARTESIAN_POINT('',(3.13087182823682,1.85,-2.44827586206896));
#8623=CARTESIAN_POINT('',(3.12631750162654,1.85,-2.47950553025374));
#8624=CARTESIAN_POINT('',(3.11590761223162,1.85,-2.51463890696161));
#8625=CARTESIAN_POINT('',(3.10555023173654,1.85,-2.5495950661325));
#8626=CARTESIAN_POINT('',(3.09638906961613,1.85,-2.57709824333116));
#8627=CARTESIAN_POINT('',(3.08728041639558,1.85,-2.59726740403383));
#8628=CARTESIAN_POINT('',(3.08285598846995,1.85,-2.60706435158344));
#8629=CARTESIAN_POINT('',(3.07730427239211,1.85,-2.61635220125786));
#8630=CARTESIAN_POINT('',(3.07231620039037,1.85,-2.62589459986987));
#8631=CARTESIAN_POINT('',(3.07231620039037,1.85,-2.62589459986987));
#8632=CARTESIAN_POINT('',(3.07231620039037,1.85,-2.62589459986987));
#8633=CARTESIAN_POINT('',(3.07231620039037,1.85,-2.62589459986987));
#8634=CARTESIAN_POINT('',(3.07231620039037,1.95,-2.62589459986987));
#8635=CARTESIAN_POINT('',(2.58305139882889,1.95,-2.62589459986987));
#8636=CARTESIAN_POINT('',(3.07231620039037,1.85,-2.62589459986987));
#8637=CARTESIAN_POINT('',(2.58305139882889,1.85,-2.62589459986987));
#8638=CARTESIAN_POINT('',(2.58305139882889,1.85,-2.62589459986987));
#8639=CARTESIAN_POINT('',(2.58305139882889,1.85,-2.62589459986987));
#8640=CARTESIAN_POINT('',(2.58305139882889,1.95,-2.62589459986987));
#8641=CARTESIAN_POINT('',(2.56435762598995,1.85,-2.50273562587214));
#8642=CARTESIAN_POINT('',(2.56435762598995,1.95,-2.50273562587214));
#8643=CARTESIAN_POINT('',(2.5609444163677,1.85,-2.36446335066619));
#8644=CARTESIAN_POINT('',(2.5609444163677,1.95,-2.36446335066619));
#8645=CARTESIAN_POINT('',(2.64556337937376,1.85,-2.26151384829349));
#8646=CARTESIAN_POINT('',(2.64556337937376,1.95,-2.26151384829349));
#8647=CARTESIAN_POINT('',(2.93597342347345,1.85,-2.24088770025422));
#8648=CARTESIAN_POINT('',(2.93597342347345,1.95,-2.24088770025422));
#8649=CARTESIAN_POINT('',(3.056776034287,1.85,-2.27528611886735));
#8650=CARTESIAN_POINT('',(3.056776034287,1.95,-2.27528611886735));
#8651=CARTESIAN_POINT('',(3.08597918022121,1.85,-2.30448926480156));
#8652=CARTESIAN_POINT('',(3.08597918022121,1.95,-2.30448926480156));
#8653=CARTESIAN_POINT('',(2.58305139882889,1.95,-2.62589459986987));
#8654=CARTESIAN_POINT('',(2.57199089134678,1.95,-2.5530253741054));
#8655=CARTESIAN_POINT('',(2.56678594664932,1.95,-2.49642160052049));
#8656=CARTESIAN_POINT('',(2.56678594664932,1.95,-2.3786597267404));
#8657=CARTESIAN_POINT('',(2.5902081977879,1.95,-2.32530904359141));
#8658=CARTESIAN_POINT('',(2.63770331815224,1.95,-2.295380611581));
#8659=CARTESIAN_POINT('',(2.68490498310534,1.95,-2.26563709667905));
#8660=CARTESIAN_POINT('',(2.75806766428107,1.95,-2.25113858165257));
#8661=CARTESIAN_POINT('',(2.97407286922576,1.95,-2.25113858165257));
#8662=CARTESIAN_POINT('',(3.05019518542615,1.95,-2.2687052700065));
#8663=CARTESIAN_POINT('',(3.08597918022121,1.95,-2.30448926480156));
#8664=CARTESIAN_POINT('',(2.58305139882889,1.85,-2.62589459986987));
#8665=CARTESIAN_POINT('',(2.57199089134678,1.85,-2.5530253741054));
#8666=CARTESIAN_POINT('',(2.56678594664932,1.85,-2.49642160052049));
#8667=CARTESIAN_POINT('',(2.56678594664932,1.85,-2.3786597267404));
#8668=CARTESIAN_POINT('',(2.5902081977879,1.85,-2.32530904359141));
#8669=CARTESIAN_POINT('',(2.63770331815224,1.85,-2.295380611581));
#8670=CARTESIAN_POINT('',(2.68490498310534,1.85,-2.26563709667905));
#8671=CARTESIAN_POINT('',(2.75806766428107,1.85,-2.25113858165257));
#8672=CARTESIAN_POINT('',(2.97407286922576,1.85,-2.25113858165257));
#8673=CARTESIAN_POINT('',(3.05019518542615,1.85,-2.2687052700065));
#8674=CARTESIAN_POINT('',(3.08597918022121,1.85,-2.30448926480156));
#8675=CARTESIAN_POINT('',(3.14063109954457,1.85,-2.62589459986987));
#8676=CARTESIAN_POINT('',(3.14063109954457,1.95,-2.62589459986987));
#8677=CARTESIAN_POINT('',(3.21251405407271,1.85,-2.5060896756563));
#8678=CARTESIAN_POINT('',(3.21251405407271,1.95,-2.5060896756563));
#8679=CARTESIAN_POINT('',(3.22707325037258,1.85,-2.30323214165787));
#8680=CARTESIAN_POINT('',(3.22707325037258,1.95,-2.30323214165787));
#8681=CARTESIAN_POINT('',(3.08307488799477,1.85,-2.1804938396787));
#8682=CARTESIAN_POINT('',(3.08307488799477,1.95,-2.1804938396787));
#8683=CARTESIAN_POINT('',(2.86584545803689,1.85,-2.15873445971581));
#8684=CARTESIAN_POINT('',(2.86584545803689,1.95,-2.15873445971581));
#8685=CARTESIAN_POINT('',(2.64894202983749,1.85,-2.18409448373696));
#8686=CARTESIAN_POINT('',(2.64894202983749,1.95,-2.18409448373696));
#8687=CARTESIAN_POINT('',(2.53964869688844,1.85,-2.25475253137151));
#8688=CARTESIAN_POINT('',(2.53964869688844,1.95,-2.25475253137151));
#8689=CARTESIAN_POINT('',(2.48719873410591,1.85,-2.38465329025905));
#8690=CARTESIAN_POINT('',(2.48719873410591,1.95,-2.38465329025905));
#8691=CARTESIAN_POINT('',(2.4934240576129,1.85,-2.51265004634347));
#8692=CARTESIAN_POINT('',(2.4934240576129,1.95,-2.51265004634347));
#8693=CARTESIAN_POINT('',(2.51213402732596,1.85,-2.62589459986987));
#8694=CARTESIAN_POINT('',(2.51213402732596,1.95,-2.62589459986987));
#8695=CARTESIAN_POINT('',(3.14063109954457,1.85,-2.62589459986987));
#8696=CARTESIAN_POINT('',(3.18357189329863,1.85,-2.55432661027976));
#8697=CARTESIAN_POINT('',(3.20439167208848,1.85,-2.4808067664281));
#8698=CARTESIAN_POINT('',(3.20439167208848,1.85,-2.37345478204294));
#8699=CARTESIAN_POINT('',(3.20113858165257,1.85,-2.34417696811971));
#8700=CARTESIAN_POINT('',(3.18552374756018,1.85,-2.29472999349382));
#8701=CARTESIAN_POINT('',(3.16990891346779,1.85,-2.27000650618087));
#8702=CARTESIAN_POINT('',(3.1471372804164,1.85,-2.24398178269356));
#8703=CARTESIAN_POINT('',(3.10163431808891,1.85,-2.19197839717643));
#8704=CARTESIAN_POINT('',(3.00985686402082,1.85,-2.1665582303188));
#8705=CARTESIAN_POINT('',(2.73919973975276,1.85,-2.1665582303188));
#8706=CARTESIAN_POINT('',(2.64225764476252,1.85,-2.18802862719583));
#8707=CARTESIAN_POINT('',(2.58305139882889,1.85,-2.23227065712427));
#8708=CARTESIAN_POINT('',(2.52415712691489,1.85,-2.27627956360945));
#8709=CARTESIAN_POINT('',(2.49391672088484,1.85,-2.34938191281717));
#8710=CARTESIAN_POINT('',(2.49391672088484,1.85,-2.49381912817176));
#8711=CARTESIAN_POINT('',(2.49977228366949,1.85,-2.55107351984385));
#8712=CARTESIAN_POINT('',(2.51213402732596,1.85,-2.62589459986987));
#8713=CARTESIAN_POINT('',(2.8658997916633,1.85,-2.16658769371315));
#8714=CARTESIAN_POINT('',(0.,1.95,0.));
#8715=CARTESIAN_POINT('',(2.66216620951442,1.85,-1.54465589360475));
#8716=CARTESIAN_POINT('',(2.66216620951442,1.95,-1.54465589360475));
#8717=CARTESIAN_POINT('',(2.83877108273488,1.85,-1.52658107253489));
#8718=CARTESIAN_POINT('',(2.83877108273488,1.95,-1.52658107253489));
#8719=CARTESIAN_POINT('',(2.98689092866205,1.85,-1.53909286542735));
#8720=CARTESIAN_POINT('',(2.98689092866205,1.95,-1.53909286542735));
#8721=CARTESIAN_POINT('',(3.08557220898696,1.85,-1.55986239823658));
#8722=CARTESIAN_POINT('',(3.08557220898696,1.95,-1.55986239823658));
#8723=CARTESIAN_POINT('',(3.14058113865417,1.85,-1.66580362728331));
#8724=CARTESIAN_POINT('',(3.14058113865417,1.95,-1.66580362728331));
#8725=CARTESIAN_POINT('',(3.12711206148976,1.85,-1.83200985978761));
#8726=CARTESIAN_POINT('',(3.12711206148976,1.95,-1.83200985978761));
#8727=CARTESIAN_POINT('',(3.07876597339161,1.85,-1.90453057639367));
#8728=CARTESIAN_POINT('',(3.07876597339161,1.95,-1.90453057639367));
#8729=CARTESIAN_POINT('',(2.99107976234679,1.85,-1.93187449721441));
#8730=CARTESIAN_POINT('',(2.99107976234679,1.95,-1.93187449721441));
#8731=CARTESIAN_POINT('',(2.78132835287368,1.85,-1.94098073808815));
#8732=CARTESIAN_POINT('',(2.78132835287368,1.95,-1.94098073808815));
#8733=CARTESIAN_POINT('',(2.63787661363557,1.85,-1.91357164589413));
#8734=CARTESIAN_POINT('',(2.63787661363557,1.95,-1.91357164589413));
#8735=CARTESIAN_POINT('',(2.5565957313849,1.85,-1.83067793188762));
#8736=CARTESIAN_POINT('',(2.5565957313849,1.95,-1.83067793188762));
#8737=CARTESIAN_POINT('',(2.56659628623182,1.85,-1.60488803340106));
#8738=CARTESIAN_POINT('',(2.56659628623182,1.95,-1.60488803340106));
#8739=CARTESIAN_POINT('',(2.66216620951442,1.85,-1.54465589360475));
#8740=CARTESIAN_POINT('',(2.66216620951442,1.95,-1.54465589360475));
#8741=CARTESIAN_POINT('',(2.83877108273488,1.85,-1.52658107253489));
#8742=CARTESIAN_POINT('',(2.83877108273488,1.95,-1.52658107253489));
#8743=CARTESIAN_POINT('',(2.98689092866205,1.85,-1.53909286542735));
#8744=CARTESIAN_POINT('',(2.98689092866205,1.95,-1.53909286542735));
#8745=CARTESIAN_POINT('',(2.84590110605075,1.85,-1.53155497722836));
#8746=CARTESIAN_POINT('',(2.9539037085231,1.85,-1.53155497722836));
#8747=CARTESIAN_POINT('',(3.02872478854912,1.85,-1.54391672088484));
#8748=CARTESIAN_POINT('',(3.07036434612882,1.85,-1.56929082628497));
#8749=CARTESIAN_POINT('',(3.11124035120172,1.85,-1.59419964187627));
#8750=CARTESIAN_POINT('',(3.13217306441119,1.85,-1.64866623292127));
#8751=CARTESIAN_POINT('',(3.13217306441119,1.85,-1.81782693558881));
#8752=CARTESIAN_POINT('',(3.11135328562134,1.85,-1.87247885491217));
#8753=CARTESIAN_POINT('',(3.06971372804164,1.85,-1.89785296031229));
#8754=CARTESIAN_POINT('',(3.02731061795514,1.85,-1.92369235552126));
#8755=CARTESIAN_POINT('',(2.95325309043591,1.85,-1.93623942745608));
#8756=CARTESIAN_POINT('',(2.73919973975276,1.85,-1.93623942745608));
#8757=CARTESIAN_POINT('',(2.66567989590111,1.85,-1.92192582953806));
#8758=CARTESIAN_POINT('',(2.5863044892648,1.85,-1.86467143786597));
#8759=CARTESIAN_POINT('',(2.56678594664932,1.85,-1.81132075471698));
#8760=CARTESIAN_POINT('',(2.56678594664932,1.85,-1.65647364996747));
#8761=CARTESIAN_POINT('',(2.5863044892648,1.85,-1.60312296681848));
#8762=CARTESIAN_POINT('',(2.66437865972674,1.85,-1.54586857514639));
#8763=CARTESIAN_POINT('',(2.7378985035784,1.85,-1.53155497722836));
#8764=CARTESIAN_POINT('',(2.84590110605075,1.85,-1.53155497722836));
#8765=CARTESIAN_POINT('',(2.84590110605075,1.85,-1.53155497722836));
#8766=CARTESIAN_POINT('',(2.84590110605075,1.95,-1.53155497722836));
#8767=CARTESIAN_POINT('',(2.9539037085231,1.95,-1.53155497722836));
#8768=CARTESIAN_POINT('',(3.02872478854912,1.95,-1.54391672088484));
#8769=CARTESIAN_POINT('',(3.07036434612882,1.95,-1.56929082628497));
#8770=CARTESIAN_POINT('',(3.11124035120172,1.95,-1.59419964187627));
#8771=CARTESIAN_POINT('',(3.13217306441119,1.95,-1.64866623292127));
#8772=CARTESIAN_POINT('',(3.13217306441119,1.95,-1.81782693558881));
#8773=CARTESIAN_POINT('',(3.11135328562134,1.95,-1.87247885491217));
#8774=CARTESIAN_POINT('',(3.06971372804164,1.95,-1.89785296031229));
#8775=CARTESIAN_POINT('',(3.02731061795514,1.95,-1.92369235552126));
#8776=CARTESIAN_POINT('',(2.95325309043591,1.95,-1.93623942745608));
#8777=CARTESIAN_POINT('',(2.73919973975276,1.95,-1.93623942745608));
#8778=CARTESIAN_POINT('',(2.66567989590111,1.95,-1.92192582953806));
#8779=CARTESIAN_POINT('',(2.5863044892648,1.95,-1.86467143786597));
#8780=CARTESIAN_POINT('',(2.56678594664932,1.95,-1.81132075471698));
#8781=CARTESIAN_POINT('',(2.56678594664932,1.95,-1.65647364996747));
#8782=CARTESIAN_POINT('',(2.5863044892648,1.95,-1.60312296681848));
#8783=CARTESIAN_POINT('',(2.66437865972674,1.95,-1.54586857514639));
#8784=CARTESIAN_POINT('',(2.7378985035784,1.95,-1.53155497722836));
#8785=CARTESIAN_POINT('',(2.84590110605075,1.95,-1.53155497722836));
#8786=CARTESIAN_POINT('',(2.84590110605075,1.95,-1.53155497722836));
#8787=CARTESIAN_POINT('',(3.06859248746975,1.85,-1.46415112393968));
#8788=CARTESIAN_POINT('',(3.06859248746975,1.95,-1.46415112393968));
#8789=CARTESIAN_POINT('',(2.86203367564621,1.85,-1.4391241382181));
#8790=CARTESIAN_POINT('',(2.86203367564621,1.95,-1.4391241382181));
#8791=CARTESIAN_POINT('',(2.67938609367341,1.85,-1.45792212051802));
#8792=CARTESIAN_POINT('',(2.67938609367341,1.95,-1.45792212051802));
#8793=CARTESIAN_POINT('',(2.55177110381808,1.85,-1.50383371579444));
#8794=CARTESIAN_POINT('',(2.55177110381808,1.95,-1.50383371579444));
#8795=CARTESIAN_POINT('',(2.4827944780718,1.85,-1.65405150361375));
#8796=CARTESIAN_POINT('',(2.4827944780718,1.95,-1.65405150361375));
#8797=CARTESIAN_POINT('',(2.50094815873064,1.85,-1.85661015190331));
#8798=CARTESIAN_POINT('',(2.50094815873064,1.95,-1.85661015190331));
#8799=CARTESIAN_POINT('',(2.56252420548434,1.85,-1.96102759159923));
#8800=CARTESIAN_POINT('',(2.56252420548434,1.95,-1.96102759159923));
#8801=CARTESIAN_POINT('',(2.67471499685276,1.85,-2.01491057683838));
#8802=CARTESIAN_POINT('',(2.67471499685276,1.95,-2.01491057683838));
#8803=CARTESIAN_POINT('',(2.92800185543067,1.85,-2.02671290237309));
#8804=CARTESIAN_POINT('',(2.92800185543067,1.95,-2.02671290237309));
#8805=CARTESIAN_POINT('',(3.10536333861791,1.85,-1.98692741023473));
#8806=CARTESIAN_POINT('',(3.10536333861791,1.95,-1.98692741023473));
#8807=CARTESIAN_POINT('',(3.19067781356328,1.85,-1.90441883056607));
#8808=CARTESIAN_POINT('',(3.19067781356328,1.95,-1.90441883056607));
#8809=CARTESIAN_POINT('',(3.21507763262243,1.85,-1.69719997762323));
#8810=CARTESIAN_POINT('',(3.21507763262243,1.95,-1.69719997762323));
#8811=CARTESIAN_POINT('',(3.17127214395568,1.85,-1.53096098454119));
#8812=CARTESIAN_POINT('',(3.17127214395568,1.95,-1.53096098454119));
#8813=CARTESIAN_POINT('',(3.06859248746975,1.85,-1.46415112393968));
#8814=CARTESIAN_POINT('',(3.06859248746975,1.95,-1.46415112393968));
#8815=CARTESIAN_POINT('',(2.86203367564621,1.85,-1.4391241382181));
#8816=CARTESIAN_POINT('',(2.86203367564621,1.95,-1.4391241382181));
#8817=CARTESIAN_POINT('',(2.67938609367341,1.85,-1.45792212051802));
#8818=CARTESIAN_POINT('',(2.67938609367341,1.95,-1.45792212051802));
#8819=CARTESIAN_POINT('',(2.8478529603123,1.85,-1.44632400780741));
#8820=CARTESIAN_POINT('',(2.71968119713728,1.85,-1.44632400780741));
#8821=CARTESIAN_POINT('',(2.62859466493168,1.85,-1.46844502277163));
#8822=CARTESIAN_POINT('',(2.57459336369551,1.85,-1.5113858165257));
#8823=CARTESIAN_POINT('',(2.52067370070931,1.85,-1.55426169311713));
#8824=CARTESIAN_POINT('',(2.49391672088484,1.85,-1.62914769030579));
#8825=CARTESIAN_POINT('',(2.49391672088484,1.85,-1.83799609629148));
#8826=CARTESIAN_POINT('',(2.52124268054652,1.85,-1.91151594014313));
#8827=CARTESIAN_POINT('',(2.57459336369551,1.85,-1.95510735198438));
#8828=CARTESIAN_POINT('',(2.62801541581331,1.85,-1.99875707749527));
#8829=CARTESIAN_POINT('',(2.71968119713728,1.85,-2.02016916070266));
#8830=CARTESIAN_POINT('',(2.9766753415745,1.85,-2.02016916070266));
#8831=CARTESIAN_POINT('',(3.06841249186727,1.85,-2.));
#8832=CARTESIAN_POINT('',(3.17771633051399,1.85,-1.92062459336369));
#8833=CARTESIAN_POINT('',(3.20439167208848,1.85,-1.84515289525049));
#8834=CARTESIAN_POINT('',(3.20439167208848,1.85,-1.62264150943396));
#8835=CARTESIAN_POINT('',(3.17771633051399,1.85,-1.54716981132075));
#8836=CARTESIAN_POINT('',(3.06841249186727,1.85,-1.46649316851008));
#8837=CARTESIAN_POINT('',(2.9766753415745,1.85,-1.44632400780741));
#8838=CARTESIAN_POINT('',(2.8478529603123,1.85,-1.44632400780741));
#8839=CARTESIAN_POINT('',(2.8478529603123,1.85,-1.44632400780741));
#8840=CARTESIAN_POINT('',(2.87749193467553,1.85,-2.01979695022697));
#8841=CARTESIAN_POINT('',(0.,1.95,0.));
#8842=CARTESIAN_POINT('',(2.32996096291477,1.85,-1.31164606376057));
#8843=CARTESIAN_POINT('',(2.32996096291477,1.95,-1.31164606376057));
#8844=CARTESIAN_POINT('',(2.31095244583189,1.85,-1.20490592937212));
#8845=CARTESIAN_POINT('',(2.31095244583189,1.95,-1.20490592937212));
#8846=CARTESIAN_POINT('',(2.29964259035749,1.85,-1.08044519761343));
#8847=CARTESIAN_POINT('',(2.29964259035749,1.95,-1.08044519761343));
#8848=CARTESIAN_POINT('',(2.30962593358153,1.85,-0.985556749062285));
#8849=CARTESIAN_POINT('',(2.30962593358153,1.95,-0.985556749062285));
#8850=CARTESIAN_POINT('',(2.34421588495471,1.85,-0.879481839316541));
#8851=CARTESIAN_POINT('',(2.34421588495471,1.95,-0.879481839316541));
#8852=CARTESIAN_POINT('',(2.49612319710547,1.85,-0.797679273059952));
#8853=CARTESIAN_POINT('',(2.49612319710547,1.95,-0.797679273059952));
#8854=CARTESIAN_POINT('',(2.80916002376443,1.85,-0.798500000593006));
#8855=CARTESIAN_POINT('',(2.80916002376443,1.95,-0.798500000593006));
#8856=CARTESIAN_POINT('',(2.9400547420987,1.85,-0.817912357800041));
#8857=CARTESIAN_POINT('',(2.9400547420987,1.95,-0.817912357800041));
#8858=CARTESIAN_POINT('',(3.0133580412525,1.85,-0.835606578238139));
#8859=CARTESIAN_POINT('',(3.0133580412525,1.95,-0.835606578238139));
#8860=CARTESIAN_POINT('',(3.1350028682997,1.85,-0.937047886388194));
#8861=CARTESIAN_POINT('',(3.1350028682997,1.95,-0.937047886388194));
#8862=CARTESIAN_POINT('',(3.1291220057495,1.85,-1.04663481624314));
#8863=CARTESIAN_POINT('',(3.1291220057495,1.95,-1.04663481624314));
#8864=CARTESIAN_POINT('',(3.12073185848416,1.85,-1.21304752464919));
#8865=CARTESIAN_POINT('',(3.12073185848416,1.95,-1.21304752464919));
#8866=CARTESIAN_POINT('',(3.10224463240078,1.85,-1.31164606376057));
#8867=CARTESIAN_POINT('',(3.10224463240078,1.95,-1.31164606376057));
#8868=CARTESIAN_POINT('',(2.32996096291477,1.85,-1.31164606376057));
#8869=CARTESIAN_POINT('',(2.32996096291477,1.85,-1.31164606376057));
#8870=CARTESIAN_POINT('',(2.32996096291477,1.85,-1.31164606376057));
#8871=CARTESIAN_POINT('',(2.31304489264802,1.85,-1.21665582303188));
#8872=CARTESIAN_POINT('',(2.30393623942746,1.85,-1.14053350683149));
#8873=CARTESIAN_POINT('',(2.30393623942746,1.85,-1.02537410540013));
#8874=CARTESIAN_POINT('',(2.31044242029928,1.85,-0.981132075471695));
#8875=CARTESIAN_POINT('',(2.32280416395576,1.85,-0.94990240728692));
#8876=CARTESIAN_POINT('',(2.33538855815464,1.85,-0.918110253521331));
#8877=CARTESIAN_POINT('',(2.3514313597918,1.85,-0.892648015614831));
#8878=CARTESIAN_POINT('',(2.37160052049447,1.85,-0.873129472999348));
#8879=CARTESIAN_POINT('',(2.39210565324538,1.85,-0.853285796143627));
#8880=CARTESIAN_POINT('',(2.42104749512036,1.85,-0.838646714378658));
#8881=CARTESIAN_POINT('',(2.45683148991542,1.85,-0.828236824983733));
#8882=CARTESIAN_POINT('',(2.51930351740279,1.85,-0.810063144260133));
#8883=CARTESIAN_POINT('',(2.59671437865973,1.85,-0.800910865322053));
#8884=CARTESIAN_POINT('',(2.78279115159401,1.85,-0.800910865322053));
#8885=CARTESIAN_POINT('',(2.85175666883539,1.85,-0.804163955757967));
#8886=CARTESIAN_POINT('',(2.94414443721535,1.85,-0.817176317501624));
#8887=CARTESIAN_POINT('',(2.98578399479505,1.85,-0.829538061158098));
#8888=CARTESIAN_POINT('',(3.02286922576448,1.85,-0.847755367599216));
#8889=CARTESIAN_POINT('',(3.06047859711705,1.85,-0.866230146509253));
#8890=CARTESIAN_POINT('',(3.08728041639558,1.85,-0.892648015614831));
#8891=CARTESIAN_POINT('',(3.10354586857515,1.85,-0.928432010409887));
#8892=CARTESIAN_POINT('',(3.11992272796142,1.85,-0.964461101059703));
#8893=CARTESIAN_POINT('',(3.12826935588809,1.85,-1.01301236174365));
#8894=CARTESIAN_POINT('',(3.12826935588809,1.85,-1.13923227065712));
#8895=CARTESIAN_POINT('',(3.11981132075472,1.85,-1.21795705920624));
#8896=CARTESIAN_POINT('',(3.10224463240078,1.85,-1.31164606376057));
#8897=CARTESIAN_POINT('',(3.10224463240078,1.85,-1.31164606376057));
#8898=CARTESIAN_POINT('',(3.10224463240078,1.85,-1.31164606376057));
#8899=CARTESIAN_POINT('',(3.10224463240078,1.85,-1.31164606376057));
#8900=CARTESIAN_POINT('',(3.10224463240078,1.85,-1.31164606376057));
#8901=CARTESIAN_POINT('',(3.17576447625244,1.85,-1.31554977228367));
#8902=CARTESIAN_POINT('',(3.17576447625244,1.85,-1.31554977228367));
#8903=CARTESIAN_POINT('',(3.17576447625244,1.85,-1.31554977228367));
#8904=CARTESIAN_POINT('',(3.17576447625244,1.95,-1.31554977228367));
#8905=CARTESIAN_POINT('',(3.202449733276,1.85,-1.18746053857057));
#8906=CARTESIAN_POINT('',(3.202449733276,1.95,-1.18746053857057));
#8907=CARTESIAN_POINT('',(3.21114093398968,1.85,-0.9798357201232));
#8908=CARTESIAN_POINT('',(3.21114093398968,1.95,-0.9798357201232));
#8909=CARTESIAN_POINT('',(3.16750706909112,1.85,-0.830092578973908));
#8910=CARTESIAN_POINT('',(3.16750706909112,1.95,-0.830092578973908));
#8911=CARTESIAN_POINT('',(2.97899140354328,1.85,-0.720770796966977));
#8912=CARTESIAN_POINT('',(2.97899140354328,1.95,-0.720770796966977));
#8913=CARTESIAN_POINT('',(2.67596883092749,1.85,-0.706149903230136));
#8914=CARTESIAN_POINT('',(2.67596883092749,1.95,-0.706149903230136));
#8915=CARTESIAN_POINT('',(2.40644174078283,1.85,-0.739334623711455));
#8916=CARTESIAN_POINT('',(2.40644174078283,1.95,-0.739334623711455));
#8917=CARTESIAN_POINT('',(2.22939105569233,1.85,-0.848675677045301));
#8918=CARTESIAN_POINT('',(2.22939105569233,1.95,-0.848675677045301));
#8919=CARTESIAN_POINT('',(2.21291289734509,1.85,-1.10226148586538));
#8920=CARTESIAN_POINT('',(2.21291289734509,1.95,-1.10226148586538));
#8921=CARTESIAN_POINT('',(2.25644111906311,1.85,-1.31554977228367));
#8922=CARTESIAN_POINT('',(2.25644111906311,1.95,-1.31554977228367));
#8923=CARTESIAN_POINT('',(3.17576447625244,1.85,-1.31554977228367));
#8924=CARTESIAN_POINT('',(3.19528301886792,1.85,-1.22186076772934));
#8925=CARTESIAN_POINT('',(3.20439167208848,1.85,-1.14118412491867));
#8926=CARTESIAN_POINT('',(3.20439167208848,1.85,-1.00845803513337));
#8927=CARTESIAN_POINT('',(3.19788549121666,1.85,-0.9544567338972));
#8928=CARTESIAN_POINT('',(3.16925829538061,1.85,-0.873780091086529));
#8929=CARTESIAN_POINT('',(3.14973975276513,1.85,-0.840598568640205));
#8930=CARTESIAN_POINT('',(3.124365647365,1.85,-0.814573845152892));
#8931=CARTESIAN_POINT('',(3.09899967208515,1.85,-0.788557460250484));
#8932=CARTESIAN_POINT('',(3.06515940143136,1.85,-0.769030579050096));
#8933=CARTESIAN_POINT('',(3.02417046193884,1.85,-0.754716981132073));
#8934=CARTESIAN_POINT('',(2.94897651477639,1.85,-0.728458777361059));
#8935=CARTESIAN_POINT('',(2.8478529603123,1.85,-0.713728041639556));
#8936=CARTESIAN_POINT('',(2.51408588158751,1.85,-0.713728041639556));
#8937=CARTESIAN_POINT('',(2.37745608327912,1.85,-0.746258945998697));
#8938=CARTESIAN_POINT('',(2.31109303838647,1.85,-0.811971372804162));
#8939=CARTESIAN_POINT('',(2.25584149579324,1.85,-0.866681233607256));
#8940=CARTESIAN_POINT('',(2.22781392322707,1.85,-0.947950553025373));
#8941=CARTESIAN_POINT('',(2.22781392322707,1.85,-1.13402732595966));
#8942=CARTESIAN_POINT('',(2.23692257644763,1.85,-1.21990891346779));
#8943=CARTESIAN_POINT('',(2.25644111906311,1.85,-1.31554977228367));
#8944=CARTESIAN_POINT('',(2.25644111906311,1.85,-1.31554977228367));
#8945=CARTESIAN_POINT('',(2.25644111906311,1.85,-1.31554977228367));
#8946=CARTESIAN_POINT('',(2.25644111906311,1.85,-1.31554977228367));
#8947=CARTESIAN_POINT('',(2.25644111906311,1.85,-1.31554977228367));
#8948=CARTESIAN_POINT('',(2.78316616298813,1.85,-0.802245684112237));
#8949=CARTESIAN_POINT('',(2.81532205595316,1.85,-0.180221210149639));
#8950=CARTESIAN_POINT('',(2.81532205595316,1.95,-0.180221210149639));
#8951=CARTESIAN_POINT('',(2.72533384437988,1.85,-0.180221210149639));
#8952=CARTESIAN_POINT('',(2.72533384437988,1.95,-0.180221210149639));
#8953=CARTESIAN_POINT('',(2.60126110264385,1.85,-0.157256240558524));
#8954=CARTESIAN_POINT('',(2.60126110264385,1.95,-0.157256240558524));
#8955=CARTESIAN_POINT('',(2.54745175764717,1.85,0.00219357314577273));
#8956=CARTESIAN_POINT('',(2.54745175764717,1.95,0.00219357314577273));
#8957=CARTESIAN_POINT('',(2.60187342647947,1.85,0.175841189343796));
#8958=CARTESIAN_POINT('',(2.60187342647947,1.95,0.175841189343796));
#8959=CARTESIAN_POINT('',(2.72704944697462,1.85,0.205595315549775));
#8960=CARTESIAN_POINT('',(2.72704944697462,1.95,0.205595315549775));
#8961=CARTESIAN_POINT('',(2.81532205595316,1.85,0.205595315549775));
#8962=CARTESIAN_POINT('',(2.81532205595316,1.95,0.205595315549775));
#8963=CARTESIAN_POINT('',(2.81532205595316,1.95,-0.180221210149639));
#8964=CARTESIAN_POINT('',(2.72488614183474,1.95,-0.180221210149639));
#8965=CARTESIAN_POINT('',(2.66112556929083,1.95,-0.165907612231617));
#8966=CARTESIAN_POINT('',(2.58435263500325,1.95,-0.106050748210798));
#8967=CARTESIAN_POINT('',(2.56548471047495,1.95,-0.0592062459336344));
#8968=CARTESIAN_POINT('',(2.56548471047495,1.95,0.0715679895901139));
#8969=CARTESIAN_POINT('',(2.58500325309044,1.95,0.121014964216008));
#8970=CARTESIAN_POINT('',(2.66437865972674,1.95,0.188679245283021));
#8971=CARTESIAN_POINT('',(2.72748861418347,1.95,0.205595315549775));
#8972=CARTESIAN_POINT('',(2.81532205595316,1.95,0.205595315549775));
#8973=CARTESIAN_POINT('',(2.81532205595316,1.95,-0.180221210149639));
#8974=CARTESIAN_POINT('',(2.81532205595316,1.95,0.205595315549775));
#8975=CARTESIAN_POINT('',(2.81532205595316,1.85,-0.180221210149639));
#8976=CARTESIAN_POINT('',(2.81532205595316,1.85,-0.180221210149639));
#8977=CARTESIAN_POINT('',(2.81532205595316,1.85,-0.180221210149639));
#8978=CARTESIAN_POINT('',(2.72488614183474,1.85,-0.180221210149639));
#8979=CARTESIAN_POINT('',(2.66112556929083,1.85,-0.165907612231617));
#8980=CARTESIAN_POINT('',(2.58435263500325,1.85,-0.106050748210798));
#8981=CARTESIAN_POINT('',(2.56548471047495,1.85,-0.0592062459336344));
#8982=CARTESIAN_POINT('',(2.56548471047495,1.85,0.0715679895901139));
#8983=CARTESIAN_POINT('',(2.58500325309044,1.85,0.121014964216008));
#8984=CARTESIAN_POINT('',(2.66437865972674,1.85,0.188679245283021));
#8985=CARTESIAN_POINT('',(2.72748861418347,1.85,0.205595315549775));
#8986=CARTESIAN_POINT('',(2.81532205595316,1.85,0.205595315549775));
#8987=CARTESIAN_POINT('',(2.81532205595316,1.85,0.205595315549775));
#8988=CARTESIAN_POINT('',(2.81532205595316,1.85,0.205595315549775));
#8989=CARTESIAN_POINT('',(2.88363695510735,1.85,-0.259596616785944));
#8990=CARTESIAN_POINT('',(2.88363695510735,1.85,-0.259596616785944));
#8991=CARTESIAN_POINT('',(2.88363695510735,1.85,-0.259596616785944));
#8992=CARTESIAN_POINT('',(2.88363695510735,1.85,-0.259596616785944));
#8993=CARTESIAN_POINT('',(2.88363695510735,1.85,0.205595315549775));
#8994=CARTESIAN_POINT('',(2.88363695510735,1.85,0.205595315549775));
#8995=CARTESIAN_POINT('',(2.88363695510735,1.85,0.205595315549775));
#8996=CARTESIAN_POINT('',(2.88363695510735,1.95,0.205595315549775));
#8997=CARTESIAN_POINT('',(3.00628615715976,1.85,0.205595315549775));
#8998=CARTESIAN_POINT('',(3.00628615715976,1.95,0.205595315549775));
#8999=CARTESIAN_POINT('',(3.15996571326382,1.85,0.154351480942616));
#9000=CARTESIAN_POINT('',(3.15996571326382,1.95,0.154351480942616));
#9001=CARTESIAN_POINT('',(3.13131490258505,1.85,-0.0890489005305489));
#9002=CARTESIAN_POINT('',(3.13131490258505,1.95,-0.0890489005305489));
#9003=CARTESIAN_POINT('',(3.12241379310345,1.85,-0.193884189980478));
#9004=CARTESIAN_POINT('',(3.12241379310345,1.95,-0.193884189980478));
#9005=CARTESIAN_POINT('',(2.88363695510735,1.85,0.205595315549775));
#9006=CARTESIAN_POINT('',(2.96756668835394,1.85,0.205595315549775));
#9007=CARTESIAN_POINT('',(3.03002602472349,1.85,0.191281717631753));
#9008=CARTESIAN_POINT('',(3.07036434612882,1.85,0.162003903708526));
#9009=CARTESIAN_POINT('',(3.11039337728654,1.85,0.132950574642436));
#9010=CARTESIAN_POINT('',(3.13087182823682,1.85,0.0839297332465869));
#9011=CARTESIAN_POINT('',(3.13087182823682,1.85,-0.055302537410537));
#9012=CARTESIAN_POINT('',(3.12826935588809,1.85,-0.124918672739099));
#9013=CARTESIAN_POINT('',(3.12241379310345,1.85,-0.193884189980478));
#9014=CARTESIAN_POINT('',(3.12241379310345,1.85,-0.193884189980478));
#9015=CARTESIAN_POINT('',(3.12241379310345,1.85,-0.193884189980478));
#9016=CARTESIAN_POINT('',(0.0906328623288479,1.85,0.0741764904173547));
#9017=CARTESIAN_POINT('',(0.0906328623288479,1.85,0.0741764904173547));
#9018=CARTESIAN_POINT('',(3.11851008458035,1.85,-0.234873129472995));
#9019=CARTESIAN_POINT('',(3.11851008458035,1.85,-0.234873129472995));
#9020=CARTESIAN_POINT('',(3.11851008458035,1.85,-0.234873129472997));
#9021=CARTESIAN_POINT('',(3.11851008458035,1.85,-0.234873129472997));
#9022=CARTESIAN_POINT('',(3.18552374756018,1.85,-0.238126219908911));
#9023=CARTESIAN_POINT('',(3.18552374756018,1.85,-0.238126219908911));
#9024=CARTESIAN_POINT('',(3.18552374756018,1.85,-0.238126219908911));
#9025=CARTESIAN_POINT('',(3.18552374756018,1.95,-0.238126219908911));
#9026=CARTESIAN_POINT('',(3.19694831876681,1.85,-0.147300878816213));
#9027=CARTESIAN_POINT('',(3.19694831876681,1.95,-0.147300878816213));
#9028=CARTESIAN_POINT('',(3.21707732976263,1.85,-0.0121810594860573));
#9029=CARTESIAN_POINT('',(3.21707732976263,1.95,-0.0121810594860573));
#9030=CARTESIAN_POINT('',(3.16957338183129,1.85,0.243997021212749));
#9031=CARTESIAN_POINT('',(3.16957338183129,1.95,0.243997021212749));
#9032=CARTESIAN_POINT('',(2.95308086070495,1.85,0.297374675491187));
#9033=CARTESIAN_POINT('',(2.95308086070495,1.95,0.297374675491187));
#9034=CARTESIAN_POINT('',(2.62550227020962,1.85,0.278801995472048));
#9035=CARTESIAN_POINT('',(2.62550227020962,1.95,0.278801995472048));
#9036=CARTESIAN_POINT('',(2.49003781652361,1.85,0.143245186589914));
#9037=CARTESIAN_POINT('',(2.49003781652361,1.95,0.143245186589914));
#9038=CARTESIAN_POINT('',(2.48949751220271,1.85,-0.126131240172394));
#9039=CARTESIAN_POINT('',(2.48949751220271,1.95,-0.126131240172394));
#9040=CARTESIAN_POINT('',(2.61339877459846,1.85,-0.255090664395317));
#9041=CARTESIAN_POINT('',(2.61339877459846,1.95,-0.255090664395317));
#9042=CARTESIAN_POINT('',(2.80695168021172,1.85,-0.263392917523351));
#9043=CARTESIAN_POINT('',(2.80695168021172,1.95,-0.263392917523351));
#9044=CARTESIAN_POINT('',(2.88363695510735,1.85,-0.259596616785944));
#9045=CARTESIAN_POINT('',(2.88363695510735,1.95,-0.259596616785944));
#9046=CARTESIAN_POINT('',(3.18552374756018,1.85,-0.238126219908911));
#9047=CARTESIAN_POINT('',(3.19853610930384,1.85,-0.134677944046842));
#9048=CARTESIAN_POINT('',(3.20439167208848,1.85,-0.047495120364344));
#9049=CARTESIAN_POINT('',(3.20439167208848,1.85,0.0234222511385845));
#9050=CARTESIAN_POINT('',(3.20439167208848,1.85,0.121665582303191));
#9051=CARTESIAN_POINT('',(3.17446324007807,1.85,0.19063109954457));
#9052=CARTESIAN_POINT('',(3.11720884840599,1.85,0.230318802862722));
#9053=CARTESIAN_POINT('',(3.06025908105941,1.85,0.269795346137053));
#9054=CARTESIAN_POINT('',(2.97147039687703,1.85,0.288874430709177));
#9055=CARTESIAN_POINT('',(2.61363044892648,1.85,0.288874430709177));
#9056=CARTESIAN_POINT('',(2.49391672088484,1.85,0.19518542615485));
#9057=CARTESIAN_POINT('',(2.49391672088484,1.85,-0.0832791151593986));
#9058=CARTESIAN_POINT('',(2.51994144437215,1.85,-0.150943396226412));
#9059=CARTESIAN_POINT('',(2.5713402732596,1.85,-0.195185426154844));
#9060=CARTESIAN_POINT('',(2.62306078832876,1.85,-0.239704350518171));
#9061=CARTESIAN_POINT('',(2.70536759921926,1.85,-0.262849707221858));
#9062=CARTESIAN_POINT('',(2.81792452830189,1.85,-0.262849707221858));
#9063=CARTESIAN_POINT('',(2.83982867057038,1.85,-0.262849707221858));
#9064=CARTESIAN_POINT('',(2.86173281283886,1.85,-0.260680980264582));
#9065=CARTESIAN_POINT('',(2.88363695510735,1.85,-0.259596616785944));
#9066=CARTESIAN_POINT('',(2.81532205595316,1.85,0.205595315549775));
#9067=CARTESIAN_POINT('',(2.81532205595316,1.95,0.205595315549775));
#9068=CARTESIAN_POINT('',(2.81532205595316,1.85,0.205595315549775));
#9069=CARTESIAN_POINT('',(3.11438312156811,1.85,0.106312344226115));
#9070=CARTESIAN_POINT('',(0.,1.95,0.));
#9071=CARTESIAN_POINT('',(2.58825634352635,1.85,1.41899804814574));
#9072=CARTESIAN_POINT('',(2.58825634352635,1.85,1.41899804814574));
#9073=CARTESIAN_POINT('',(2.58825634352635,1.85,1.41899804814574));
#9074=CARTESIAN_POINT('',(2.58825634352635,1.85,1.41899804814574));
#9075=CARTESIAN_POINT('',(2.52254391672088,1.85,1.42290175666884));
#9076=CARTESIAN_POINT('',(2.52254391672088,1.85,1.42290175666884));
#9077=CARTESIAN_POINT('',(2.52254391672088,1.85,1.42290175666884));
#9078=CARTESIAN_POINT('',(2.52254391672088,1.95,1.42290175666884));
#9079=CARTESIAN_POINT('',(2.46979049801734,1.85,1.14276291251897));
#9080=CARTESIAN_POINT('',(2.46979049801734,1.95,1.14276291251897));
#9081=CARTESIAN_POINT('',(2.45296412296456,1.85,0.945348080676646));
#9082=CARTESIAN_POINT('',(2.45296412296456,1.95,0.945348080676646));
#9083=CARTESIAN_POINT('',(2.7112231620039,1.85,0.945348080676646));
#9084=CARTESIAN_POINT('',(2.7112231620039,1.95,0.945348080676646));
#9085=CARTESIAN_POINT('',(2.52254391672088,1.85,1.42290175666884));
#9086=CARTESIAN_POINT('',(2.50367599219258,1.85,1.32270657124268));
#9087=CARTESIAN_POINT('',(2.49391672088484,1.85,1.234873129473));
#9088=CARTESIAN_POINT('',(2.49391672088484,1.85,1.08392973324659));
#9089=CARTESIAN_POINT('',(2.51213402732596,1.85,1.02992843201041));
#9090=CARTESIAN_POINT('',(2.54726740403383,1.85,0.996096291476906));
#9091=CARTESIAN_POINT('',(2.58273836122965,1.85,0.961939073436494));
#9092=CARTESIAN_POINT('',(2.63770331815224,1.85,0.945348080676646));
#9093=CARTESIAN_POINT('',(2.7112231620039,1.85,0.945348080676646));
#9094=CARTESIAN_POINT('',(2.7112231620039,1.85,0.945348080676646));
#9095=CARTESIAN_POINT('',(2.7112231620039,1.85,0.945348080676646));
#9096=CARTESIAN_POINT('',(2.7112231620039,1.85,0.945348080676646));
#9097=CARTESIAN_POINT('',(2.7112231620039,1.85,0.945348080676646));
#9098=CARTESIAN_POINT('',(3.07752114508783,1.85,0.945348080676646));
#9099=CARTESIAN_POINT('',(3.07752114508783,1.85,0.945348080676646));
#9100=CARTESIAN_POINT('',(3.07752114508783,1.85,0.945348080676646));
#9101=CARTESIAN_POINT('',(3.07752114508783,1.95,0.945348080676646));
#9102=CARTESIAN_POINT('',(3.11135328562134,1.85,0.941444372153548));
#9103=CARTESIAN_POINT('',(3.11135328562134,1.95,0.941444372153548));
#9104=CARTESIAN_POINT('',(3.13152244632401,1.85,0.912166558230322));
#9105=CARTESIAN_POINT('',(3.13152244632401,1.95,0.912166558230322));
#9106=CARTESIAN_POINT('',(3.13802862719584,1.85,0.856213402732598));
#9107=CARTESIAN_POINT('',(3.13802862719584,1.95,0.856213402732598));
#9108=CARTESIAN_POINT('',(3.07752114508783,1.85,0.945348080676646));
#9109=CARTESIAN_POINT('',(3.11135328562134,1.85,0.941444372153548));
#9110=CARTESIAN_POINT('',(3.13152244632401,1.85,0.912166558230321));
#9111=CARTESIAN_POINT('',(3.13802862719584,1.85,0.856213402732598));
#9112=CARTESIAN_POINT('',(3.13802862719584,1.85,0.856213402732598));
#9113=CARTESIAN_POINT('',(3.13802862719584,1.85,0.856213402732598));
#9114=CARTESIAN_POINT('',(3.13802862719584,1.85,0.856213402732598));
#9115=CARTESIAN_POINT('',(3.13802862719584,1.85,0.856213402732598));
#9116=CARTESIAN_POINT('',(3.20309043591412,1.85,0.860767729342879));
#9117=CARTESIAN_POINT('',(3.20309043591412,1.85,0.860767729342879));
#9118=CARTESIAN_POINT('',(3.20309043591412,1.85,0.860767729342879));
#9119=CARTESIAN_POINT('',(3.20309043591412,1.95,0.860767729342879));
#9120=CARTESIAN_POINT('',(3.20309043591412,1.85,0.930383864671441));
#9121=CARTESIAN_POINT('',(3.20309043591412,1.95,0.930383864671441));
#9122=CARTESIAN_POINT('',(3.184873129473,1.85,0.982433311646066));
#9123=CARTESIAN_POINT('',(3.184873129473,1.95,0.982433311646066));
#9124=CARTESIAN_POINT('',(3.14843851659076,1.85,1.01496421600521));
#9125=CARTESIAN_POINT('',(3.14843851659076,1.95,1.01496421600521));
#9126=CARTESIAN_POINT('',(3.20309043591412,1.85,0.860767729342879));
#9127=CARTESIAN_POINT('',(3.20309043591412,1.85,0.930383864671441));
#9128=CARTESIAN_POINT('',(3.184873129473,1.85,0.982433311646066));
#9129=CARTESIAN_POINT('',(3.14843851659076,1.85,1.01496421600521));
#9130=CARTESIAN_POINT('',(3.14843851659076,1.85,1.01496421600521));
#9131=CARTESIAN_POINT('',(3.14843851659076,1.85,1.01496421600521));
#9132=CARTESIAN_POINT('',(3.14843851659076,1.85,1.01496421600521));
#9133=CARTESIAN_POINT('',(3.14843851659076,1.95,1.01496421600521));
#9134=CARTESIAN_POINT('',(3.19411942032081,1.85,1.1189276520805));
#9135=CARTESIAN_POINT('',(3.19411942032081,1.95,1.1189276520805));
#9136=CARTESIAN_POINT('',(3.2305029153461,1.85,1.29551348733036));
#9137=CARTESIAN_POINT('',(3.2305029153461,1.95,1.29551348733036));
#9138=CARTESIAN_POINT('',(3.1508879173709,1.85,1.43667633956104));
#9139=CARTESIAN_POINT('',(3.1508879173709,1.95,1.43667633956104));
#9140=CARTESIAN_POINT('',(3.0021049442992,1.85,1.47112611118854));
#9141=CARTESIAN_POINT('',(3.0021049442992,1.95,1.47112611118854));
#9142=CARTESIAN_POINT('',(2.85817145013317,1.85,1.43873539673272));
#9143=CARTESIAN_POINT('',(2.85817145013317,1.95,1.43873539673272));
#9144=CARTESIAN_POINT('',(2.80133007684211,1.85,1.32454266225632));
#9145=CARTESIAN_POINT('',(2.80133007684211,1.95,1.32454266225632));
#9146=CARTESIAN_POINT('',(2.79059984728087,1.85,1.16307037942222));
#9147=CARTESIAN_POINT('',(2.79059984728087,1.95,1.16307037942222));
#9148=CARTESIAN_POINT('',(2.78038996678791,1.85,1.07318456383696));
#9149=CARTESIAN_POINT('',(2.78038996678791,1.95,1.07318456383696));
#9150=CARTESIAN_POINT('',(2.775634352635,1.85,1.02602472348732));
#9151=CARTESIAN_POINT('',(2.775634352635,1.95,1.02602472348732));
#9152=CARTESIAN_POINT('',(3.14843851659076,1.85,1.01496421600521));
#9153=CARTESIAN_POINT('',(3.18617436564736,1.85,1.10084580351334));
#9154=CARTESIAN_POINT('',(3.20439167208848,1.85,1.18672739102147));
#9155=CARTESIAN_POINT('',(3.20439167208848,1.85,1.33376707872479));
#9156=CARTESIAN_POINT('',(3.18747560182173,1.85,1.37996096291477));
#9157=CARTESIAN_POINT('',(3.11720884840599,1.85,1.44372153545869));
#9158=CARTESIAN_POINT('',(3.06711125569291,1.85,1.45998698763826));
#9159=CARTESIAN_POINT('',(2.93698763825634,1.85,1.45998698763826));
#9160=CARTESIAN_POINT('',(2.88819128171763,1.85,1.44372153545869));
#9161=CARTESIAN_POINT('',(2.82573194534808,1.85,1.37865972674041));
#9162=CARTESIAN_POINT('',(2.8062134027326,1.85,1.32791151594015));
#9163=CARTESIAN_POINT('',(2.79905660377358,1.85,1.25829538061158));
#9164=CARTESIAN_POINT('',(2.7910987629259,1.85,1.18088729236595));
#9165=CARTESIAN_POINT('',(2.7834417696812,1.85,1.10344827586207));
#9166=CARTESIAN_POINT('',(2.775634352635,1.85,1.02602472348732));
#9167=CARTESIAN_POINT('',(2.775634352635,1.85,1.02602472348732));
#9168=CARTESIAN_POINT('',(2.775634352635,1.85,1.02602472348732));
#9169=CARTESIAN_POINT('',(2.99684450227716,1.85,1.37475601821731));
#9170=CARTESIAN_POINT('',(2.99684450227716,1.95,1.37475601821731));
#9171=CARTESIAN_POINT('',(3.09759491689702,1.85,1.37475601821731));
#9172=CARTESIAN_POINT('',(3.09759491689702,1.95,1.37475601821731));
#9173=CARTESIAN_POINT('',(3.16379688107683,1.85,1.25356214255416));
#9174=CARTESIAN_POINT('',(3.16379688107683,1.95,1.25356214255416));
#9175=CARTESIAN_POINT('',(3.1123689646488,1.85,1.09600856861472));
#9176=CARTESIAN_POINT('',(3.1123689646488,1.95,1.09600856861472));
#9177=CARTESIAN_POINT('',(3.08728041639558,1.85,1.02602472348732));
#9178=CARTESIAN_POINT('',(3.08728041639558,1.95,1.02602472348732));
#9179=CARTESIAN_POINT('',(2.99684450227716,1.95,1.37475601821731));
#9180=CARTESIAN_POINT('',(3.08923227065712,1.95,1.37475601821731));
#9181=CARTESIAN_POINT('',(3.1354261548471,1.95,1.33702016916071));
#9182=CARTESIAN_POINT('',(3.13477553675992,1.95,1.2615484710475));
#9183=CARTESIAN_POINT('',(3.13448955875697,1.95,1.2283750227054));
#9184=CARTESIAN_POINT('',(3.13152244632401,1.95,1.19258295380612));
#9185=CARTESIAN_POINT('',(3.12371502927781,1.95,1.15289525048797));
#9186=CARTESIAN_POINT('',(3.11603083407892,1.95,1.11383392489359));
#9187=CARTESIAN_POINT('',(3.10744957709824,1.95,1.0832791151594));
#9188=CARTESIAN_POINT('',(3.09964216005205,1.95,1.06050748210801));
#9189=CARTESIAN_POINT('',(3.09568237195679,1.95,1.0489581001635));
#9190=CARTESIAN_POINT('',(3.0914009976144,1.95,1.03751897636088));
#9191=CARTESIAN_POINT('',(3.08728041639558,1.95,1.02602472348732));
#9192=CARTESIAN_POINT('',(2.99684450227716,1.95,1.37475601821731));
#9193=CARTESIAN_POINT('',(3.08728041639558,1.95,1.02602472348732));
#9194=CARTESIAN_POINT('',(2.99684450227716,1.85,1.37475601821731));
#9195=CARTESIAN_POINT('',(2.99684450227716,1.85,1.37475601821731));
#9196=CARTESIAN_POINT('',(2.99684450227716,1.85,1.37475601821731));
#9197=CARTESIAN_POINT('',(3.08923227065712,1.85,1.37475601821731));
#9198=CARTESIAN_POINT('',(3.1354261548471,1.85,1.33702016916071));
#9199=CARTESIAN_POINT('',(3.13477553675992,1.85,1.2615484710475));
#9200=CARTESIAN_POINT('',(3.13448955875697,1.85,1.2283750227054));
#9201=CARTESIAN_POINT('',(3.13152244632401,1.85,1.19258295380612));
#9202=CARTESIAN_POINT('',(3.12371502927781,1.85,1.15289525048797));
#9203=CARTESIAN_POINT('',(3.11603083407892,1.85,1.11383392489359));
#9204=CARTESIAN_POINT('',(3.10744957709824,1.85,1.0832791151594));
#9205=CARTESIAN_POINT('',(3.09964216005205,1.85,1.06050748210801));
#9206=CARTESIAN_POINT('',(3.09568237195679,1.85,1.0489581001635));
#9207=CARTESIAN_POINT('',(3.0914009976144,1.85,1.03751897636088));
#9208=CARTESIAN_POINT('',(3.08728041639558,1.85,1.02602472348732));
#9209=CARTESIAN_POINT('',(3.08728041639558,1.85,1.02602472348732));
#9210=CARTESIAN_POINT('',(3.08728041639558,1.85,1.02602472348732));
#9211=CARTESIAN_POINT('',(3.08728041639558,1.85,1.02602472348732));
#9212=CARTESIAN_POINT('',(3.08728041639558,1.95,1.02602472348732));
#9213=CARTESIAN_POINT('',(2.8400455432661,1.95,1.02602472348732));
#9214=CARTESIAN_POINT('',(3.08728041639558,1.85,1.02602472348732));
#9215=CARTESIAN_POINT('',(2.8400455432661,1.85,1.02602472348732));
#9216=CARTESIAN_POINT('',(2.8400455432661,1.85,1.02602472348732));
#9217=CARTESIAN_POINT('',(2.8400455432661,1.85,1.02602472348732));
#9218=CARTESIAN_POINT('',(2.8400455432661,1.95,1.02602472348732));
#9219=CARTESIAN_POINT('',(2.84736463756211,1.85,1.09775184758816));
#9220=CARTESIAN_POINT('',(2.84736463756211,1.95,1.09775184758816));
#9221=CARTESIAN_POINT('',(2.85110705830618,1.85,1.20011646201708));
#9222=CARTESIAN_POINT('',(2.85110705830618,1.95,1.20011646201708));
#9223=CARTESIAN_POINT('',(2.88504183543135,1.85,1.35750690147839));
#9224=CARTESIAN_POINT('',(2.88504183543135,1.95,1.35750690147839));
#9225=CARTESIAN_POINT('',(2.95283815888038,1.85,1.37475601821731));
#9226=CARTESIAN_POINT('',(2.95283815888038,1.95,1.37475601821731));
#9227=CARTESIAN_POINT('',(2.99684450227716,1.85,1.37475601821731));
#9228=CARTESIAN_POINT('',(2.99684450227716,1.95,1.37475601821731));
#9229=CARTESIAN_POINT('',(2.8400455432661,1.95,1.02602472348732));
#9230=CARTESIAN_POINT('',(2.84763608761657,1.95,1.10041205812189));
#9231=CARTESIAN_POINT('',(2.85522663196703,1.95,1.17479939275646));
#9232=CARTESIAN_POINT('',(2.8628171763175,1.95,1.24918672739102));
#9233=CARTESIAN_POINT('',(2.86732537501723,1.95,1.29336707464837));
#9234=CARTESIAN_POINT('',(2.87973324658425,1.95,1.3259596616786));
#9235=CARTESIAN_POINT('',(2.90120364346129,1.95,1.34547820429408));
#9236=CARTESIAN_POINT('',(2.92303026110099,1.95,1.36532058396654));
#9237=CARTESIAN_POINT('',(2.95520494469746,1.95,1.37475601821731));
#9238=CARTESIAN_POINT('',(2.99684450227716,1.95,1.37475601821731));
#9239=CARTESIAN_POINT('',(2.8400455432661,1.85,1.02602472348732));
#9240=CARTESIAN_POINT('',(2.84763608761657,1.85,1.10041205812189));
#9241=CARTESIAN_POINT('',(2.85522663196703,1.85,1.17479939275646));
#9242=CARTESIAN_POINT('',(2.8628171763175,1.85,1.24918672739102));
#9243=CARTESIAN_POINT('',(2.86732537501723,1.85,1.29336707464837));
#9244=CARTESIAN_POINT('',(2.87973324658425,1.85,1.3259596616786));
#9245=CARTESIAN_POINT('',(2.90120364346129,1.85,1.34547820429408));
#9246=CARTESIAN_POINT('',(2.92303026110099,1.85,1.36532058396654));
#9247=CARTESIAN_POINT('',(2.95520494469746,1.85,1.37475601821731));
#9248=CARTESIAN_POINT('',(2.99684450227716,1.85,1.37475601821731));
#9249=CARTESIAN_POINT('',(2.775634352635,1.85,1.02602472348732));
#9250=CARTESIAN_POINT('',(2.775634352635,1.95,1.02602472348732));
#9251=CARTESIAN_POINT('',(2.72971448730003,1.85,1.02602472348732));
#9252=CARTESIAN_POINT('',(2.72971448730003,1.95,1.02602472348732));
#9253=CARTESIAN_POINT('',(2.6199402225614,1.85,1.02171731512044));
#9254=CARTESIAN_POINT('',(2.6199402225614,1.95,1.02171731512044));
#9255=CARTESIAN_POINT('',(2.55925464970326,1.85,1.10876777156891));
#9256=CARTESIAN_POINT('',(2.55925464970326,1.95,1.10876777156891));
#9257=CARTESIAN_POINT('',(2.5709250488065,1.85,1.24164018601358));
#9258=CARTESIAN_POINT('',(2.5709250488065,1.95,1.24164018601358));
#9259=CARTESIAN_POINT('',(2.58409916622323,1.85,1.37326909781144));
#9260=CARTESIAN_POINT('',(2.58409916622323,1.95,1.37326909781144));
#9261=CARTESIAN_POINT('',(2.58825634352635,1.85,1.41899804814574));
#9262=CARTESIAN_POINT('',(2.58825634352635,1.95,1.41899804814574));
#9263=CARTESIAN_POINT('',(2.775634352635,1.85,1.02602472348732));
#9264=CARTESIAN_POINT('',(2.75416395575797,1.85,1.02602472348732));
#9265=CARTESIAN_POINT('',(2.73269355888094,1.85,1.02602472348732));
#9266=CARTESIAN_POINT('',(2.7112231620039,1.85,1.02602472348732));
#9267=CARTESIAN_POINT('',(2.66047495120364,1.85,1.02602472348732));
#9268=CARTESIAN_POINT('',(2.62404033832141,1.85,1.03708523096942));
#9269=CARTESIAN_POINT('',(2.57914769030579,1.85,1.08197787898504));
#9270=CARTESIAN_POINT('',(2.56808718282368,1.85,1.11190631099545));
#9271=CARTESIAN_POINT('',(2.56808718282368,1.85,1.20754716981132));
#9272=CARTESIAN_POINT('',(2.57329212752114,1.85,1.28301886792453));
#9273=CARTESIAN_POINT('',(2.58435263500325,1.85,1.37605725439168));
#9274=CARTESIAN_POINT('',(2.5860486719303,1.85,1.39032391795448));
#9275=CARTESIAN_POINT('',(2.58695510735198,1.85,1.40468445022772));
#9276=CARTESIAN_POINT('',(2.58825634352635,1.85,1.41899804814574));
#9277=CARTESIAN_POINT('',(2.5024902919964,1.85,1.07941522494737));
#9278=CARTESIAN_POINT('',(0.,1.95,0.));
#9279=CARTESIAN_POINT('',(3.19072869225764,1.85,2.28236824983735));
#9280=CARTESIAN_POINT('',(3.19072869225764,1.85,2.28236824983735));
#9281=CARTESIAN_POINT('',(3.19072869225764,1.85,2.28236824983735));
#9282=CARTESIAN_POINT('',(3.19072869225764,1.85,2.28236824983735));
#9283=CARTESIAN_POINT('',(2.2414769030579,1.85,2.28236824983735));
#9284=CARTESIAN_POINT('',(2.2414769030579,1.85,2.28236824983735));
#9285=CARTESIAN_POINT('',(2.2414769030579,1.85,2.28236824983735));
#9286=CARTESIAN_POINT('',(2.2414769030579,1.95,2.28236824983735));
#9287=CARTESIAN_POINT('',(2.2414769030579,1.85,2.21269027322919));
#9288=CARTESIAN_POINT('',(2.2414769030579,1.95,2.21269027322919));
#9289=CARTESIAN_POINT('',(2.24396665186676,1.85,2.07610787241641));
#9290=CARTESIAN_POINT('',(2.24396665186676,1.95,2.07610787241641));
#9291=CARTESIAN_POINT('',(2.22902815901362,1.85,1.78075465156246));
#9292=CARTESIAN_POINT('',(2.22902815901362,1.95,1.78075465156246));
#9293=CARTESIAN_POINT('',(2.38764394067269,1.85,1.61045296656692));
#9294=CARTESIAN_POINT('',(2.38764394067269,1.95,1.61045296656692));
#9295=CARTESIAN_POINT('',(2.78967534507638,1.85,1.59015239114075));
#9296=CARTESIAN_POINT('',(2.78967534507638,1.95,1.59015239114075));
#9297=CARTESIAN_POINT('',(3.10194639903603,1.85,1.65476355942899));
#9298=CARTESIAN_POINT('',(3.10194639903603,1.95,1.65476355942899));
#9299=CARTESIAN_POINT('',(3.19072869225764,1.85,1.79827090549641));
#9300=CARTESIAN_POINT('',(3.19072869225764,1.95,1.79827090549641));
#9301=CARTESIAN_POINT('',(3.19072869225764,1.85,1.93623942745609));
#9302=CARTESIAN_POINT('',(3.19072869225764,1.95,1.93623942745609));
#9303=CARTESIAN_POINT('',(2.2414769030579,1.85,2.28236824983735));
#9304=CARTESIAN_POINT('',(2.2414769030579,1.85,2.16699197571026));
#9305=CARTESIAN_POINT('',(2.2414769030579,1.85,2.05161570158317));
#9306=CARTESIAN_POINT('',(2.2414769030579,1.85,1.93623942745609));
#9307=CARTESIAN_POINT('',(2.2414769030579,1.85,1.71112556929083));
#9308=CARTESIAN_POINT('',(2.39502277163305,1.85,1.5985686402082));
#9309=CARTESIAN_POINT('',(3.02872478854912,1.85,1.5985686402082));
#9310=CARTESIAN_POINT('',(3.19072869225764,1.85,1.71112556929083));
#9311=CARTESIAN_POINT('',(3.19072869225764,1.85,1.93623942745609));
#9312=CARTESIAN_POINT('',(3.19072869225764,1.85,1.93623942745609));
#9313=CARTESIAN_POINT('',(3.19072869225764,1.85,1.93623942745609));
#9314=CARTESIAN_POINT('',(2.70276512687053,1.85,1.6857514638907));
#9315=CARTESIAN_POINT('',(2.70276512687053,1.95,1.6857514638907));
#9316=CARTESIAN_POINT('',(2.51018241103447,1.85,1.6857514638907));
#9317=CARTESIAN_POINT('',(2.51018241103447,1.95,1.6857514638907));
#9318=CARTESIAN_POINT('',(2.26908712955143,1.85,1.77747039301931));
#9319=CARTESIAN_POINT('',(2.26908712955143,1.95,1.77747039301931));
#9320=CARTESIAN_POINT('',(2.3175992192583,1.85,2.06745365979586));
#9321=CARTESIAN_POINT('',(2.3175992192583,1.95,2.06745365979586));
#9322=CARTESIAN_POINT('',(2.3175992192583,1.85,2.19778789850358));
#9323=CARTESIAN_POINT('',(2.3175992192583,1.95,2.19778789850358));
#9324=CARTESIAN_POINT('',(2.70276512687053,1.95,1.6857514638907));
#9325=CARTESIAN_POINT('',(2.44642160052049,1.95,1.6857514638907));
#9326=CARTESIAN_POINT('',(2.3175992192583,1.95,1.7690305790501));
#9327=CARTESIAN_POINT('',(2.3175992192583,1.95,1.93623942745609));
#9328=CARTESIAN_POINT('',(2.3175992192583,1.95,2.02342225113858));
#9329=CARTESIAN_POINT('',(2.3175992192583,1.95,2.11060507482108));
#9330=CARTESIAN_POINT('',(2.3175992192583,1.95,2.19778789850358));
#9331=CARTESIAN_POINT('',(2.70276512687053,1.95,1.6857514638907));
#9332=CARTESIAN_POINT('',(2.3175992192583,1.95,2.19778789850358));
#9333=CARTESIAN_POINT('',(2.70276512687053,1.85,1.6857514638907));
#9334=CARTESIAN_POINT('',(2.70276512687053,1.85,1.6857514638907));
#9335=CARTESIAN_POINT('',(2.70276512687053,1.85,1.6857514638907));
#9336=CARTESIAN_POINT('',(2.44642160052049,1.85,1.6857514638907));
#9337=CARTESIAN_POINT('',(2.3175992192583,1.85,1.7690305790501));
#9338=CARTESIAN_POINT('',(2.3175992192583,1.85,1.93623942745609));
#9339=CARTESIAN_POINT('',(2.3175992192583,1.85,2.02342225113858));
#9340=CARTESIAN_POINT('',(2.3175992192583,1.85,2.11060507482108));
#9341=CARTESIAN_POINT('',(2.3175992192583,1.85,2.19778789850358));
#9342=CARTESIAN_POINT('',(2.3175992192583,1.85,2.19778789850358));
#9343=CARTESIAN_POINT('',(2.3175992192583,1.85,2.19778789850358));
#9344=CARTESIAN_POINT('',(2.3175992192583,1.85,2.19778789850358));
#9345=CARTESIAN_POINT('',(2.3175992192583,1.95,2.19778789850358));
#9346=CARTESIAN_POINT('',(3.11590761223162,1.95,2.19778789850358));
#9347=CARTESIAN_POINT('',(2.3175992192583,1.85,2.19778789850358));
#9348=CARTESIAN_POINT('',(3.11590761223162,1.85,2.19778789850358));
#9349=CARTESIAN_POINT('',(3.11590761223162,1.85,2.19778789850358));
#9350=CARTESIAN_POINT('',(3.11590761223162,1.85,2.19778789850358));
#9351=CARTESIAN_POINT('',(3.11590761223162,1.95,2.19778789850358));
#9352=CARTESIAN_POINT('',(3.11590761223162,1.85,2.06333843876487));
#9353=CARTESIAN_POINT('',(3.11590761223162,1.95,2.06333843876487));
#9354=CARTESIAN_POINT('',(3.1646504604826,1.85,1.771023666377));
#9355=CARTESIAN_POINT('',(3.1646504604826,1.95,1.771023666377));
#9356=CARTESIAN_POINT('',(2.90687201114276,1.85,1.6857514638907));
#9357=CARTESIAN_POINT('',(2.90687201114276,1.95,1.6857514638907));
#9358=CARTESIAN_POINT('',(2.70276512687053,1.85,1.6857514638907));
#9359=CARTESIAN_POINT('',(2.70276512687053,1.95,1.6857514638907));
#9360=CARTESIAN_POINT('',(3.11590761223162,1.95,2.19778789850358));
#9361=CARTESIAN_POINT('',(3.11590761223162,1.95,2.11060507482108));
#9362=CARTESIAN_POINT('',(3.11590761223162,1.95,2.02342225113858));
#9363=CARTESIAN_POINT('',(3.11590761223162,1.95,1.93623942745609));
#9364=CARTESIAN_POINT('',(3.11590761223162,1.95,1.7690305790501));
#9365=CARTESIAN_POINT('',(2.97862719583604,1.95,1.6857514638907));
#9366=CARTESIAN_POINT('',(2.70276512687053,1.95,1.6857514638907));
#9367=CARTESIAN_POINT('',(3.11590761223162,1.85,2.19778789850358));
#9368=CARTESIAN_POINT('',(3.11590761223162,1.85,2.11060507482108));
#9369=CARTESIAN_POINT('',(3.11590761223162,1.85,2.02342225113858));
#9370=CARTESIAN_POINT('',(3.11590761223162,1.85,1.93623942745609));
#9371=CARTESIAN_POINT('',(3.11590761223162,1.85,1.7690305790501));
#9372=CARTESIAN_POINT('',(2.97862719583604,1.85,1.6857514638907));
#9373=CARTESIAN_POINT('',(2.70276512687053,1.85,1.6857514638907));
#9374=CARTESIAN_POINT('',(3.19072869225764,1.85,1.93623942745609));
#9375=CARTESIAN_POINT('',(3.19072869225764,1.85,1.93623942745609));
#9376=CARTESIAN_POINT('',(2.50843642700233,1.85,1.61787791517449));
#9377=CARTESIAN_POINT('',(0.,1.95,0.));
#9378=CARTESIAN_POINT('',(2.72358490566038,1.85,3.13467794404685));
#9379=CARTESIAN_POINT('',(2.72358490566038,1.85,3.13467794404685));
#9380=CARTESIAN_POINT('',(2.72358490566038,1.85,3.13467794404685));
#9381=CARTESIAN_POINT('',(2.72358490566038,1.85,3.13467794404685));
#9382=CARTESIAN_POINT('',(2.2414769030579,1.85,3.43331164606376));
#9383=CARTESIAN_POINT('',(2.2414769030579,1.85,3.43331164606376));
#9384=CARTESIAN_POINT('',(2.2414769030579,1.85,3.43331164606376));
#9385=CARTESIAN_POINT('',(2.2414769030579,1.85,3.43331164606376));
#9386=CARTESIAN_POINT('',(2.2414769030579,1.85,3.33767078724789));
#9387=CARTESIAN_POINT('',(2.2414769030579,1.85,3.33767078724789));
#9388=CARTESIAN_POINT('',(2.2414769030579,1.85,3.33767078724789));
#9389=CARTESIAN_POINT('',(2.2414769030579,1.85,3.33767078724789));
#9390=CARTESIAN_POINT('',(2.66112556929083,1.85,3.08002602472349));
#9391=CARTESIAN_POINT('',(2.66112556929083,1.85,3.08002602472349));
#9392=CARTESIAN_POINT('',(2.66112556929083,1.85,3.08002602472349));
#9393=CARTESIAN_POINT('',(2.66112556929083,1.85,3.08002602472349));
#9394=CARTESIAN_POINT('',(2.2414769030579,1.85,2.82433311646064));
#9395=CARTESIAN_POINT('',(2.2414769030579,1.85,2.82433311646064));
#9396=CARTESIAN_POINT('',(2.2414769030579,1.85,2.82433311646064));
#9397=CARTESIAN_POINT('',(2.2414769030579,1.85,2.82433311646064));
#9398=CARTESIAN_POINT('',(2.2414769030579,1.85,2.7312947299935));
#9399=CARTESIAN_POINT('',(2.2414769030579,1.85,2.7312947299935));
#9400=CARTESIAN_POINT('',(2.2414769030579,1.85,2.7312947299935));
#9401=CARTESIAN_POINT('',(2.2414769030579,1.85,2.7312947299935));
#9402=CARTESIAN_POINT('',(2.72228366948601,1.85,3.0266753415745));
#9403=CARTESIAN_POINT('',(2.72228366948601,1.85,3.0266753415745));
#9404=CARTESIAN_POINT('',(2.72228366948601,1.85,3.0266753415745));
#9405=CARTESIAN_POINT('',(2.72228366948601,1.85,3.0266753415745));
#9406=CARTESIAN_POINT('',(3.19072869225764,1.85,2.7312947299935));
#9407=CARTESIAN_POINT('',(3.19072869225764,1.85,2.7312947299935));
#9408=CARTESIAN_POINT('',(3.19072869225764,1.85,2.7312947299935));
#9409=CARTESIAN_POINT('',(3.19072869225764,1.85,2.7312947299935));
#9410=CARTESIAN_POINT('',(3.19072869225764,1.85,2.82693558880937));
#9411=CARTESIAN_POINT('',(3.19072869225764,1.85,2.82693558880937));
#9412=CARTESIAN_POINT('',(3.19072869225764,1.85,2.82693558880937));
#9413=CARTESIAN_POINT('',(3.19072869225764,1.85,2.82693558880937));
#9414=CARTESIAN_POINT('',(2.78083929733247,1.85,3.08132726089786));
#9415=CARTESIAN_POINT('',(2.78083929733247,1.85,3.08132726089786));
#9416=CARTESIAN_POINT('',(2.78083929733247,1.85,3.08132726089786));
#9417=CARTESIAN_POINT('',(2.78083929733247,1.85,3.08132726089786));
#9418=CARTESIAN_POINT('',(3.19072869225764,1.85,3.34027325959662));
#9419=CARTESIAN_POINT('',(3.19072869225764,1.85,3.34027325959662));
#9420=CARTESIAN_POINT('',(3.19072869225764,1.85,3.34027325959662));
#9421=CARTESIAN_POINT('',(3.19072869225764,1.85,3.34027325959662));
#9422=CARTESIAN_POINT('',(3.19072869225764,1.85,3.43331164606376));
#9423=CARTESIAN_POINT('',(3.19072869225764,1.85,3.43331164606376));
#9424=CARTESIAN_POINT('',(3.19072869225764,1.85,3.43331164606376));
#9425=CARTESIAN_POINT('',(3.19072869225764,1.85,3.43331164606376));
#9426=CARTESIAN_POINT('',(0.,1.85,0.));
#9427=CARTESIAN_POINT('',(0.769778789850358,1.85,-0.257644762524395));
#9428=CARTESIAN_POINT('',(0.769778789850358,1.85,-0.257644762524395));
#9429=CARTESIAN_POINT('',(0.769778789850358,1.85,-0.257644762524395));
#9430=CARTESIAN_POINT('',(0.769778789850358,1.85,-0.257644762524395));
#9431=CARTESIAN_POINT('',(1.64355888093689,1.85,-0.257644762524395));
#9432=CARTESIAN_POINT('',(1.64355888093689,1.85,-0.257644762524395));
#9433=CARTESIAN_POINT('',(1.64355888093689,1.85,-0.257644762524395));
#9434=CARTESIAN_POINT('',(1.64355888093689,1.85,-0.257644762524395));
#9435=CARTESIAN_POINT('',(1.64355888093689,1.85,-0.173064411190628));
#9436=CARTESIAN_POINT('',(1.64355888093689,1.85,-0.173064411190628));
#9437=CARTESIAN_POINT('',(1.64355888093689,1.85,-0.173064411190628));
#9438=CARTESIAN_POINT('',(1.64355888093689,1.85,-0.173064411190628));
#9439=CARTESIAN_POINT('',(0.693656473649967,1.85,-0.173064411190628));
#9440=CARTESIAN_POINT('',(0.693656473649967,1.85,-0.173064411190628));
#9441=CARTESIAN_POINT('',(0.693656473649967,1.85,-0.173064411190628));
#9442=CARTESIAN_POINT('',(0.693656473649967,1.85,-0.173064411190628));
#9443=CARTESIAN_POINT('',(0.693656473649967,1.85,-0.339622641509431));
#9444=CARTESIAN_POINT('',(0.693656473649967,1.85,-0.339622641509431));
#9445=CARTESIAN_POINT('',(0.693656473649967,1.85,-0.339622641509431));
#9446=CARTESIAN_POINT('',(0.693656473649967,1.85,-0.339622641509431));
#9447=CARTESIAN_POINT('',(1.56808718282368,1.85,-0.73780091086532));
#9448=CARTESIAN_POINT('',(1.56808718282368,1.85,-0.73780091086532));
#9449=CARTESIAN_POINT('',(1.56808718282368,1.85,-0.73780091086532));
#9450=CARTESIAN_POINT('',(1.56808718282368,1.85,-0.73780091086532));
#9451=CARTESIAN_POINT('',(1.56808718282368,1.85,-0.769030579050096));
#9452=CARTESIAN_POINT('',(1.56808718282368,1.85,-0.769030579050096));
#9453=CARTESIAN_POINT('',(1.56808718282368,1.85,-0.769030579050096));
#9454=CARTESIAN_POINT('',(1.56808718282368,1.85,-0.769030579050096));
#9455=CARTESIAN_POINT('',(0.693656473649967,1.85,-0.769030579050096));
#9456=CARTESIAN_POINT('',(0.693656473649967,1.85,-0.769030579050096));
#9457=CARTESIAN_POINT('',(0.693656473649967,1.85,-0.769030579050096));
#9458=CARTESIAN_POINT('',(0.693656473649967,1.85,-0.769030579050096));
#9459=CARTESIAN_POINT('',(0.693656473649967,1.85,-0.852960312296679));
#9460=CARTESIAN_POINT('',(0.693656473649967,1.85,-0.852960312296679));
#9461=CARTESIAN_POINT('',(0.693656473649967,1.85,-0.852960312296679));
#9462=CARTESIAN_POINT('',(0.693656473649967,1.85,-0.852960312296679));
#9463=CARTESIAN_POINT('',(1.64355888093689,1.85,-0.852960312296679));
#9464=CARTESIAN_POINT('',(1.64355888093689,1.85,-0.852960312296679));
#9465=CARTESIAN_POINT('',(1.64355888093689,1.85,-0.852960312296679));
#9466=CARTESIAN_POINT('',(1.64355888093689,1.85,-0.852960312296679));
#9467=CARTESIAN_POINT('',(1.64355888093689,1.85,-0.688353936239425));
#9468=CARTESIAN_POINT('',(1.64355888093689,1.85,-0.688353936239425));
#9469=CARTESIAN_POINT('',(1.64355888093689,1.85,-0.688353936239425));
#9470=CARTESIAN_POINT('',(1.64355888093689,1.85,-0.688353936239425));
#9471=CARTESIAN_POINT('',(0.769778789850358,1.85,-0.287573194534805));
#9472=CARTESIAN_POINT('',(0.769778789850358,1.85,-0.287573194534805));
#9473=CARTESIAN_POINT('',(0.769778789850358,1.85,-0.287573194534805));
#9474=CARTESIAN_POINT('',(0.769778789850358,1.85,-0.287573194534805));
#9475=CARTESIAN_POINT('',(0.,1.85,0.));
#9476=CARTESIAN_POINT('',(1.64355888093689,1.85,0.638256343526353));
#9477=CARTESIAN_POINT('',(1.64355888093689,1.85,0.638256343526353));
#9478=CARTESIAN_POINT('',(1.64355888093689,1.85,0.638256343526353));
#9479=CARTESIAN_POINT('',(1.64355888093689,1.85,0.638256343526353));
#9480=CARTESIAN_POINT('',(0.693656473649967,1.85,0.638256343526353));
#9481=CARTESIAN_POINT('',(0.693656473649967,1.85,0.638256343526353));
#9482=CARTESIAN_POINT('',(0.693656473649967,1.85,0.638256343526353));
#9483=CARTESIAN_POINT('',(0.693656473649967,1.95,0.638256343526353));
#9484=CARTESIAN_POINT('',(0.693656473649967,1.85,0.527215802646042));
#9485=CARTESIAN_POINT('',(0.693656473649967,1.95,0.527215802646042));
#9486=CARTESIAN_POINT('',(0.683904860075579,1.85,0.374963913494091));
#9487=CARTESIAN_POINT('',(0.683904860075579,1.95,0.374963913494091));
#9488=CARTESIAN_POINT('',(0.709909162940615,1.85,0.114725705950763));
#9489=CARTESIAN_POINT('',(0.709909162940615,1.95,0.114725705950763));
#9490=CARTESIAN_POINT('',(0.839515916264468,1.85,-0.0146614897423562));
#9491=CARTESIAN_POINT('',(0.839515916264468,1.95,-0.0146614897423562));
#9492=CARTESIAN_POINT('',(1.22923158272283,1.85,-0.0160249509775502));
#9493=CARTESIAN_POINT('',(1.22923158272283,1.95,-0.0160249509775502));
#9494=CARTESIAN_POINT('',(1.31282641008177,1.85,0.15988922212651));
#9495=CARTESIAN_POINT('',(1.31282641008177,1.95,0.15988922212651));
#9496=CARTESIAN_POINT('',(1.31239427456083,1.85,0.290826284970724));
#9497=CARTESIAN_POINT('',(1.31239427456083,1.95,0.290826284970724));
#9498=CARTESIAN_POINT('',(0.693656473649967,1.85,0.638256343526353));
#9499=CARTESIAN_POINT('',(0.693656473649967,1.85,0.52244632400781));
#9500=CARTESIAN_POINT('',(0.693656473649967,1.85,0.406636304489267));
#9501=CARTESIAN_POINT('',(0.693656473649967,1.85,0.290826284970724));
#9502=CARTESIAN_POINT('',(0.693656473649967,1.85,0.189329863370205));
#9503=CARTESIAN_POINT('',(0.718379960962914,1.85,0.11450878334418));
#9504=CARTESIAN_POINT('',(0.767176317501626,1.85,0.067013662979833));
#9505=CARTESIAN_POINT('',(0.816631963867591,1.85,0.0188768338502939));
#9506=CARTESIAN_POINT('',(0.892094990240728,1.85,-0.00520494469745977));
#9507=CARTESIAN_POINT('',(1.20634352635003,1.85,-0.00520494469745977));
#9508=CARTESIAN_POINT('',(1.31304489264802,1.85,0.0936890045543294));
#9509=CARTESIAN_POINT('',(1.31239427456083,1.85,0.290826284970724));
#9510=CARTESIAN_POINT('',(1.31239427456083,1.85,0.290826284970724));
#9511=CARTESIAN_POINT('',(1.31239427456083,1.85,0.290826284970724));
#9512=CARTESIAN_POINT('',(61.499439648732,1.85,0.421925829538064));
#9513=CARTESIAN_POINT('',(61.499439648732,1.85,0.421925829538064));
#9514=CARTESIAN_POINT('',(1.31239427456083,1.85,0.553025374105405));
#9515=CARTESIAN_POINT('',(1.31239427456083,1.85,0.553025374105405));
#9516=CARTESIAN_POINT('',(1.31239427456083,1.85,0.553025374105403));
#9517=CARTESIAN_POINT('',(1.31239427456083,1.85,0.553025374105403));
#9518=CARTESIAN_POINT('',(1.64355888093689,1.85,0.553025374105403));
#9519=CARTESIAN_POINT('',(1.64355888093689,1.85,0.553025374105403));
#9520=CARTESIAN_POINT('',(0.768477553675992,1.85,0.553025374105403));
#9521=CARTESIAN_POINT('',(0.768477553675992,1.95,0.553025374105403));
#9522=CARTESIAN_POINT('',(0.768477553675992,1.95,0.553025374105403));
#9523=CARTESIAN_POINT('',(1.23757319453481,1.95,0.553025374105403));
#9524=CARTESIAN_POINT('',(0.768477553675992,1.85,0.553025374105403));
#9525=CARTESIAN_POINT('',(0.768477553675992,1.85,0.553025374105403));
#9526=CARTESIAN_POINT('',(0.768477553675992,1.85,0.553025374105403));
#9527=CARTESIAN_POINT('',(1.23757319453481,1.85,0.553025374105403));
#9528=CARTESIAN_POINT('',(1.23757319453481,1.85,0.553025374105403));
#9529=CARTESIAN_POINT('',(1.23757319453481,1.85,0.553025374105403));
#9530=CARTESIAN_POINT('',(1.23757319453481,1.95,0.553025374105403));
#9531=CARTESIAN_POINT('',(1.23757319453481,1.85,0.501096926899002));
#9532=CARTESIAN_POINT('',(1.23757319453481,1.95,0.501096926899002));
#9533=CARTESIAN_POINT('',(1.23519970973885,1.85,0.400285045022262));
#9534=CARTESIAN_POINT('',(1.23519970973885,1.95,0.400285045022262));
#9535=CARTESIAN_POINT('',(1.24588039132066,1.85,0.230797146990795));
#9536=CARTESIAN_POINT('',(1.24588039132066,1.95,0.230797146990795));
#9537=CARTESIAN_POINT('',(1.18087156628457,1.85,0.110735700847851));
#9538=CARTESIAN_POINT('',(1.18087156628457,1.95,0.110735700847851));
#9539=CARTESIAN_POINT('',(1.01028199107644,1.85,0.0716102214644672));
#9540=CARTESIAN_POINT('',(1.01028199107644,1.95,0.0716102214644672));
#9541=CARTESIAN_POINT('',(0.825128423828212,1.85,0.0995965867148643));
#9542=CARTESIAN_POINT('',(0.825128423828212,1.95,0.0995965867148643));
#9543=CARTESIAN_POINT('',(0.761152935487987,1.85,0.223818457643397));
#9544=CARTESIAN_POINT('',(0.761152935487987,1.95,0.223818457643397));
#9545=CARTESIAN_POINT('',(0.770000454948589,1.85,0.40227519132213));
#9546=CARTESIAN_POINT('',(0.770000454948589,1.95,0.40227519132213));
#9547=CARTESIAN_POINT('',(0.768477553675992,1.85,0.501097197979226));
#9548=CARTESIAN_POINT('',(0.768477553675992,1.95,0.501097197979226));
#9549=CARTESIAN_POINT('',(0.768477553675992,1.85,0.553025374105403));
#9550=CARTESIAN_POINT('',(0.768477553675992,1.95,0.553025374105403));
#9551=CARTESIAN_POINT('',(1.23757319453481,1.95,0.553025374105403));
#9552=CARTESIAN_POINT('',(1.23757319453481,1.95,0.465625677727177));
#9553=CARTESIAN_POINT('',(1.23757319453481,1.95,0.378225981348951));
#9554=CARTESIAN_POINT('',(1.23757319453481,1.95,0.290826284970724));
#9555=CARTESIAN_POINT('',(1.23757319453481,1.95,0.151594014313601));
#9556=CARTESIAN_POINT('',(1.15624593363695,1.95,0.0826284970722208));
#9557=CARTESIAN_POINT('',(0.916818477553676,1.95,0.0826284970722208));
#9558=CARTESIAN_POINT('',(0.86021470396877,1.95,0.098893949251792));
#9559=CARTESIAN_POINT('',(0.823129472999349,1.95,0.132075471698116));
#9560=CARTESIAN_POINT('',(0.787090235723938,1.95,0.1643211050498));
#9561=CARTESIAN_POINT('',(0.769128171763174,1.95,0.217306441119066));
#9562=CARTESIAN_POINT('',(0.768477553675992,1.95,0.290826284970724));
#9563=CARTESIAN_POINT('',(0.767704165603107,1.95,0.378219137206713));
#9564=CARTESIAN_POINT('',(0.768477553675992,1.95,0.465625677727177));
#9565=CARTESIAN_POINT('',(0.768477553675992,1.95,0.553025374105403));
#9566=CARTESIAN_POINT('',(1.23757319453481,1.85,0.553025374105403));
#9567=CARTESIAN_POINT('',(1.23757319453481,1.85,0.465625677727177));
#9568=CARTESIAN_POINT('',(1.23757319453481,1.85,0.378225981348951));
#9569=CARTESIAN_POINT('',(1.23757319453481,1.85,0.290826284970724));
#9570=CARTESIAN_POINT('',(1.23757319453481,1.85,0.151594014313601));
#9571=CARTESIAN_POINT('',(1.15624593363695,1.85,0.0826284970722208));
#9572=CARTESIAN_POINT('',(0.916818477553676,1.85,0.0826284970722208));
#9573=CARTESIAN_POINT('',(0.86021470396877,1.85,0.098893949251792));
#9574=CARTESIAN_POINT('',(0.823129472999349,1.85,0.132075471698116));
#9575=CARTESIAN_POINT('',(0.787090235723938,1.85,0.1643211050498));
#9576=CARTESIAN_POINT('',(0.769128171763174,1.85,0.217306441119066));
#9577=CARTESIAN_POINT('',(0.768477553675992,1.85,0.290826284970724));
#9578=CARTESIAN_POINT('',(0.767704165603107,1.85,0.378219137206713));
#9579=CARTESIAN_POINT('',(0.768477553675992,1.85,0.465625677727177));
#9580=CARTESIAN_POINT('',(0.768477553675992,1.85,0.553025374105403));
#9581=CARTESIAN_POINT('',(1.64355888093689,1.85,0.553025374105403));
#9582=CARTESIAN_POINT('',(1.64355888093689,1.85,0.553025374105403));
#9583=CARTESIAN_POINT('',(0.822294709587073,1.85,0.0283766780730044));
#9584=CARTESIAN_POINT('',(0.,1.95,0.));
#9585=CARTESIAN_POINT('',(-1.28558265678482,1.85,-1.46739130434782));
#9586=CARTESIAN_POINT('',(-1.28558265678482,1.85,-1.46739130434782));
#9587=CARTESIAN_POINT('',(-1.28558265678482,1.85,-1.46739130434782));
#9588=CARTESIAN_POINT('',(-1.28558265678482,1.85,-1.46739130434782));
#9589=CARTESIAN_POINT('',(-1.07634352635003,1.85,-1.39538043478261));
#9590=CARTESIAN_POINT('',(-1.07634352635003,1.85,-1.39538043478261));
#9591=CARTESIAN_POINT('',(-1.07634352635003,1.85,-1.39538043478261));
#9592=CARTESIAN_POINT('',(-1.07634352635003,1.85,-1.39538043478261));
#9593=CARTESIAN_POINT('',(-1.07634352635003,1.85,-0.168478260869563));
#9594=CARTESIAN_POINT('',(-1.07634352635003,1.85,-0.168478260869563));
#9595=CARTESIAN_POINT('',(-1.07634352635003,1.85,-0.168478260869563));
#9596=CARTESIAN_POINT('',(-1.07634352635003,1.85,-0.168478260869563));
#9597=CARTESIAN_POINT('',(-3.07634352635003,1.85,-0.849184782608693));
#9598=CARTESIAN_POINT('',(-3.07634352635003,1.85,-0.849184782608693));
#9599=CARTESIAN_POINT('',(-3.07634352635003,1.85,-0.849184782608693));
#9600=CARTESIAN_POINT('',(-3.07634352635003,1.85,-0.849184782608693));
#9601=CARTESIAN_POINT('',(-3.07634352635003,1.85,-2.07744565217391));
#9602=CARTESIAN_POINT('',(-3.07634352635003,1.85,-2.07744565217391));
#9603=CARTESIAN_POINT('',(-3.07634352635003,1.85,-2.07744565217391));
#9604=CARTESIAN_POINT('',(-3.07634352635003,1.85,-2.07744565217391));
#9605=CARTESIAN_POINT('',(-2.86574570026308,1.85,-2.00407608695652));
#9606=CARTESIAN_POINT('',(-2.86574570026308,1.85,-2.00407608695652));
#9607=CARTESIAN_POINT('',(-2.86574570026308,1.85,-2.00407608695652));
#9608=CARTESIAN_POINT('',(-2.86574570026308,1.85,-2.00407608695652));
#9609=CARTESIAN_POINT('',(-2.86574570026308,1.85,-1.00951086956521));
#9610=CARTESIAN_POINT('',(-2.86574570026308,1.85,-1.00951086956521));
#9611=CARTESIAN_POINT('',(-2.86574570026308,1.85,-1.00951086956521));
#9612=CARTESIAN_POINT('',(-2.86574570026308,1.85,-1.00951086956521));
#9613=CARTESIAN_POINT('',(-2.19862613504569,1.85,-0.782608695652172));
#9614=CARTESIAN_POINT('',(-2.19862613504569,1.85,-0.782608695652172));
#9615=CARTESIAN_POINT('',(-2.19862613504569,1.85,-0.782608695652172));
#9616=CARTESIAN_POINT('',(-2.19862613504569,1.85,-0.782608695652172));
#9617=CARTESIAN_POINT('',(-2.19862613504569,1.85,-1.61005434782609));
#9618=CARTESIAN_POINT('',(-2.19862613504569,1.85,-1.61005434782609));
#9619=CARTESIAN_POINT('',(-2.19862613504569,1.85,-1.61005434782609));
#9620=CARTESIAN_POINT('',(-2.19862613504569,1.85,-1.61005434782609));
#9621=CARTESIAN_POINT('',(-1.9893870046109,1.85,-1.53804347826087));
#9622=CARTESIAN_POINT('',(-1.9893870046109,1.85,-1.53804347826087));
#9623=CARTESIAN_POINT('',(-1.9893870046109,1.85,-1.53804347826087));
#9624=CARTESIAN_POINT('',(-1.9893870046109,1.85,-1.53804347826087));
#9625=CARTESIAN_POINT('',(-1.9893870046109,1.85,-0.711956521739128));
#9626=CARTESIAN_POINT('',(-1.9893870046109,1.85,-0.711956521739128));
#9627=CARTESIAN_POINT('',(-1.9893870046109,1.85,-0.711956521739128));
#9628=CARTESIAN_POINT('',(-1.9893870046109,1.85,-0.711956521739128));
#9629=CARTESIAN_POINT('',(-1.28558265678482,1.85,-0.472826086956519));
#9630=CARTESIAN_POINT('',(-1.28558265678482,1.85,-0.472826086956519));
#9631=CARTESIAN_POINT('',(-1.28558265678482,1.85,-0.472826086956519));
#9632=CARTESIAN_POINT('',(-1.28558265678482,1.85,-0.472826086956519));
#9633=CARTESIAN_POINT('',(0.,1.85,0.));
#9634=CARTESIAN_POINT('',(-1.07634352635003,1.85,1.68206521739131));
#9635=CARTESIAN_POINT('',(-1.07634352635003,1.85,1.68206521739131));
#9636=CARTESIAN_POINT('',(-1.07634352635003,1.85,1.68206521739131));
#9637=CARTESIAN_POINT('',(-1.07634352635003,1.85,1.68206521739131));
#9638=CARTESIAN_POINT('',(-1.07634352635003,1.85,2.07744565217392));
#9639=CARTESIAN_POINT('',(-1.07634352635003,1.85,2.07744565217392));
#9640=CARTESIAN_POINT('',(-1.07634352635003,1.85,2.07744565217392));
#9641=CARTESIAN_POINT('',(-1.07634352635003,1.85,2.07744565217392));
#9642=CARTESIAN_POINT('',(-3.07634352635003,1.85,1.80298913043479));
#9643=CARTESIAN_POINT('',(-3.07634352635003,1.85,1.80298913043479));
#9644=CARTESIAN_POINT('',(-3.07634352635003,1.85,1.80298913043479));
#9645=CARTESIAN_POINT('',(-3.07634352635003,1.85,1.80298913043479));
#9646=CARTESIAN_POINT('',(-3.07634352635003,1.85,1.57201086956522));
#9647=CARTESIAN_POINT('',(-3.07634352635003,1.85,1.57201086956522));
#9648=CARTESIAN_POINT('',(-3.07634352635003,1.85,1.57201086956522));
#9649=CARTESIAN_POINT('',(-3.07634352635003,1.85,1.57201086956522));
#9650=CARTESIAN_POINT('',(-1.28558265678482,1.85,1.82880434782609));
#9651=CARTESIAN_POINT('',(-1.28558265678482,1.85,1.82880434782609));
#9652=CARTESIAN_POINT('',(-1.28558265678482,1.85,1.82880434782609));
#9653=CARTESIAN_POINT('',(-1.28558265678482,1.85,1.82880434782609));
#9654=CARTESIAN_POINT('',(-1.28558265678481,1.85,1.78532608695652));
#9655=CARTESIAN_POINT('',(-1.28558265678481,1.85,1.78532608695652));
#9656=CARTESIAN_POINT('',(-1.28558265678481,1.85,1.78532608695652));
#9657=CARTESIAN_POINT('',(-1.28558265678481,1.85,1.78532608695652));
#9658=CARTESIAN_POINT('',(-3.05460439591525,1.85,0.774456521739133));
#9659=CARTESIAN_POINT('',(-3.05460439591525,1.85,0.774456521739133));
#9660=CARTESIAN_POINT('',(-3.05460439591525,1.85,0.774456521739133));
#9661=CARTESIAN_POINT('',(-3.05460439591525,1.85,0.774456521739133));
#9662=CARTESIAN_POINT('',(-3.05460439591525,1.85,0.521739130434785));
#9663=CARTESIAN_POINT('',(-3.05460439591525,1.85,0.521739130434785));
#9664=CARTESIAN_POINT('',(-3.05460439591525,1.85,0.521739130434785));
#9665=CARTESIAN_POINT('',(-3.05460439591525,1.85,0.521739130434785));
#9666=CARTESIAN_POINT('',(-1.28558265678481,1.85,0.717391304347829));
#9667=CARTESIAN_POINT('',(-1.28558265678481,1.85,0.717391304347829));
#9668=CARTESIAN_POINT('',(-1.28558265678482,1.85,0.717391304347829));
#9669=CARTESIAN_POINT('',(-1.28558265678482,1.85,0.717391304347829));
#9670=CARTESIAN_POINT('',(-1.28558265678482,1.85,0.673913043478264));
#9671=CARTESIAN_POINT('',(-1.28558265678482,1.85,0.673913043478264));
#9672=CARTESIAN_POINT('',(-1.28558265678482,1.85,0.673913043478264));
#9673=CARTESIAN_POINT('',(-1.28558265678482,1.85,0.673913043478264));
#9674=CARTESIAN_POINT('',(-3.07634352635003,1.85,-0.289402173913041));
#9675=CARTESIAN_POINT('',(-3.07634352635003,1.85,-0.289402173913041));
#9676=CARTESIAN_POINT('',(-3.07634352635003,1.85,-0.289402173913041));
#9677=CARTESIAN_POINT('',(-3.07634352635003,1.85,-0.289402173913041));
#9678=CARTESIAN_POINT('',(-3.07634352635003,1.85,-0.520380434782606));
#9679=CARTESIAN_POINT('',(-3.07634352635003,1.85,-0.520380434782606));
#9680=CARTESIAN_POINT('',(-3.07634352635003,1.85,-0.520380434782606));
#9681=CARTESIAN_POINT('',(-3.07634352635003,1.85,-0.520380434782606));
#9682=CARTESIAN_POINT('',(-1.07634352635003,1.85,0.566576086956525));
#9683=CARTESIAN_POINT('',(-1.07634352635003,1.85,0.566576086956525));
#9684=CARTESIAN_POINT('',(-1.07634352635003,1.85,0.566576086956525));
#9685=CARTESIAN_POINT('',(-1.07634352635003,1.85,0.566576086956525));
#9686=CARTESIAN_POINT('',(-1.07634352635003,1.85,0.961956521739133));
#9687=CARTESIAN_POINT('',(-1.07634352635003,1.85,0.961956521739133));
#9688=CARTESIAN_POINT('',(-1.07634352635003,1.85,0.961956521739133));
#9689=CARTESIAN_POINT('',(-1.07634352635003,1.85,0.961956521739133));
#9690=CARTESIAN_POINT('',(-2.78422396113264,1.85,0.741847826086959));
#9691=CARTESIAN_POINT('',(-2.78422396113264,1.85,0.741847826086959));
#9692=CARTESIAN_POINT('',(-2.78422396113264,1.85,0.741847826086959));
#9693=CARTESIAN_POINT('',(-2.78422396113264,1.85,0.741847826086959));
#9694=CARTESIAN_POINT('',(0.,1.85,0.));
#9695=CARTESIAN_POINT('',(0.,0.,0.));
#9696=CARTESIAN_POINT('',(0.,0.,0.));
#9697=CARTESIAN_POINT('',(-4.65,0.,0.));
#9698=CARTESIAN_POINT('',(-4.65,-2.68467875173176,0.0210526315789474));
#9699=CARTESIAN_POINT('',(-2.325,-4.02701812759764,0.0421052631578947));
#9700=CARTESIAN_POINT('',(-3.28767465734264E-16,-5.36935750346352,0.0631578947368421));
#9701=CARTESIAN_POINT('',(2.325,-4.02701812759764,0.0842105263157895));
#9702=CARTESIAN_POINT('',(4.65,-2.68467875173176,0.105263157894737));
#9703=CARTESIAN_POINT('',(4.65,-5.69441954527405E-16,0.126315789473684));
#9704=CARTESIAN_POINT('',(4.65,2.68467875173176,0.147368421052632));
#9705=CARTESIAN_POINT('',(2.325,4.02701812759764,0.168421052631579));
#9706=CARTESIAN_POINT('',(9.86302397202793E-16,5.36935750346352,0.189473684210526));
#9707=CARTESIAN_POINT('',(-2.325,4.02701812759764,0.210526315789474));
#9708=CARTESIAN_POINT('',(-4.65,2.68467875173176,0.231578947368421));
#9709=CARTESIAN_POINT('',(-4.65,1.13888390905481E-15,0.252631578947368));
#9710=CARTESIAN_POINT('',(-4.65,-2.68467875173176,0.273684210526316));
#9711=CARTESIAN_POINT('',(-2.325,-4.02701812759764,0.294736842105263));
#9712=CARTESIAN_POINT('',(-6.41278479090256E-15,-5.36935750346352,0.315789473684211));
#9713=CARTESIAN_POINT('',(2.325,-4.02701812759764,0.336842105263158));
#9714=CARTESIAN_POINT('',(4.65,-2.68467875173177,0.357894736842105));
#9715=CARTESIAN_POINT('',(4.65,-1.70832586358222E-15,0.378947368421053));
#9716=CARTESIAN_POINT('',(4.65,2.68467875173176,0.4));
#9717=CARTESIAN_POINT('',(2.32500000000001,4.02701812759764,0.421052631578947));
#9718=CARTESIAN_POINT('',(2.30137226013985E-15,5.36935750346352,0.442105263157895));
#9719=CARTESIAN_POINT('',(-2.325,4.02701812759764,0.463157894736842));
#9720=CARTESIAN_POINT('',(-4.65,2.68467875173177,0.484210526315789));
#9721=CARTESIAN_POINT('',(-4.65,2.27776781810962E-15,0.505263157894737));
#9722=CARTESIAN_POINT('',(-4.65,-2.68467875173175,0.526315789473684));
#9723=CARTESIAN_POINT('',(-2.32500000000001,-4.02701812759764,0.547368421052632));
#9724=CARTESIAN_POINT('',(-1.24968021160709E-14,-5.36935750346352,0.568421052631579));
#9725=CARTESIAN_POINT('',(2.325,-4.02701812759764,0.589473684210526));
#9726=CARTESIAN_POINT('',(4.65,-2.68467875173177,0.610526315789474));
#9727=CARTESIAN_POINT('',(4.65,-1.11072690758482E-14,0.631578947368421));
#9728=CARTESIAN_POINT('',(4.65,2.68467875173175,0.652631578947368));
#9729=CARTESIAN_POINT('',(2.32500000000001,4.02701812759764,0.673684210526316));
#9730=CARTESIAN_POINT('',(1.31543370475394E-14,5.36935750346352,0.694736842105263));
#9731=CARTESIAN_POINT('',(-2.32499999999999,4.02701812759765,0.715789473684211));
#9732=CARTESIAN_POINT('',(-4.64999999999999,2.68467875173178,0.736842105263158));
#9733=CARTESIAN_POINT('',(-4.65,3.41665172716443E-15,0.757894736842105));
#9734=CARTESIAN_POINT('',(-4.65,-2.68467875173175,0.778947368421053));
#9735=CARTESIAN_POINT('',(-2.32500000000001,-4.02701812759764,0.8));
#9736=CARTESIAN_POINT('',(-1.38118719790079E-14,-5.36935750346352,0.821052631578947));
#9737=CARTESIAN_POINT('',(2.32499999999999,-4.02701812759765,0.842105263157895));
#9738=CARTESIAN_POINT('',(4.64999999999999,-2.68467875173178,0.863157894736842));
#9739=CARTESIAN_POINT('',(4.65,-3.98609368169184E-15,0.88421052631579));
#9740=CARTESIAN_POINT('',(4.65,2.68467875173175,0.905263157894737));
#9741=CARTESIAN_POINT('',(2.32500000000001,4.02701812759763,0.926315789473684));
#9742=CARTESIAN_POINT('',(1.44694069104764E-14,5.36935750346352,0.947368421052632));
#9743=CARTESIAN_POINT('',(-2.32499999999999,4.02701812759765,0.968421052631579));
#9744=CARTESIAN_POINT('',(-4.64999999999999,2.68467875173178,0.989473684210526));
#9745=CARTESIAN_POINT('',(-4.65,4.55553563621924E-15,1.01052631578947));
#9746=CARTESIAN_POINT('',(-4.65,-2.68467875173175,1.03157894736842));
#9747=CARTESIAN_POINT('',(-2.32500000000001,-4.02701812759763,1.05263157894737));
#9748=CARTESIAN_POINT('',(-1.5126941841945E-14,-5.36935750346352,1.07368421052632));
#9749=CARTESIAN_POINT('',(2.32499999999999,-4.02701812759765,1.09473684210526));
#9750=CARTESIAN_POINT('',(4.64999999999999,-2.68467875173178,1.11578947368421));
#9751=CARTESIAN_POINT('',(4.65,-2.1645096197169E-14,1.13684210526316));
#9752=CARTESIAN_POINT('',(4.65,2.68467875173175,1.15789473684211));
#9753=CARTESIAN_POINT('',(2.32500000000001,4.02701812759763,1.17894736842105));
#9754=CARTESIAN_POINT('',(1.57844767734135E-14,5.36935750346352,1.2));
#9755=CARTESIAN_POINT('',(-2.32499999999999,4.02701812759765,1.22105263157895));
#9756=CARTESIAN_POINT('',(-4.64999999999999,2.68467875173178,1.24210526315789));
#9757=CARTESIAN_POINT('',(-4.65,2.22145381516964E-14,1.26315789473684));
#9758=CARTESIAN_POINT('',(-4.65,-2.68467875173175,1.28421052631579));
#9759=CARTESIAN_POINT('',(-2.32500000000001,-4.02701812759763,1.30526315789474));
#9760=CARTESIAN_POINT('',(-3.5517801553807E-14,-5.36935750346352,1.32631578947368));
#9761=CARTESIAN_POINT('',(2.32499999999999,-4.02701812759765,1.34736842105263));
#9762=CARTESIAN_POINT('',(4.65,-2.68467875173176,1.36842105263158));
#9763=CARTESIAN_POINT('',(4.65,-2.27839801062238E-14,1.38947368421053));
#9764=CARTESIAN_POINT('',(4.65,2.68467875173175,1.41052631578947));
#9765=CARTESIAN_POINT('',(2.32500000000003,4.02701812759763,1.43157894736842));
#9766=CARTESIAN_POINT('',(1.70995466363506E-14,5.36935750346352,1.45263157894737));
#9767=CARTESIAN_POINT('',(-2.32499999999997,4.02701812759766,1.47368421052632));
#9768=CARTESIAN_POINT('',(-4.64999999999999,2.68467875173178,1.49473684210526));
#9769=CARTESIAN_POINT('',(-4.65,6.83330345432887E-15,1.51578947368421));
#9770=CARTESIAN_POINT('',(-4.65000000000002,-2.68467875173173,1.53684210526316));
#9771=CARTESIAN_POINT('',(-2.32500000000001,-4.02701812759763,1.55789473684211));
#9772=CARTESIAN_POINT('',(-3.6832871416744E-14,-5.36935750346352,1.57894736842105));
#9773=CARTESIAN_POINT('',(2.32499999999998,-4.02701812759765,1.6));
#9774=CARTESIAN_POINT('',(4.65,-2.68467875173176,1.62105263157895));
#9775=CARTESIAN_POINT('',(4.65,-2.39228640152786E-14,1.64210526315789));
#9776=CARTESIAN_POINT('',(4.65,2.68467875173175,1.66315789473684));
#9777=CARTESIAN_POINT('',(2.32500000000003,4.02701812759763,1.68421052631579));
#9778=CARTESIAN_POINT('',(1.84146164992876E-14,5.36935750346352,1.70526315789474));
#9779=CARTESIAN_POINT('',(-2.32499999999997,4.02701812759766,1.72631578947368));
#9780=CARTESIAN_POINT('',(-4.64999999999999,2.68467875173178,1.74736842105263));
#9781=CARTESIAN_POINT('',(-4.65,7.97218736338368E-15,1.76842105263158));
#9782=CARTESIAN_POINT('',(-4.65000000000002,-2.68467875173173,1.78947368421053));
#9783=CARTESIAN_POINT('',(-2.32500000000001,-4.02701812759763,1.81052631578947));
#9784=CARTESIAN_POINT('',(-3.81479412796811E-14,-5.36935750346352,1.83157894736842));
#9785=CARTESIAN_POINT('',(2.32499999999998,-4.02701812759765,1.85263157894737));
#9786=CARTESIAN_POINT('',(4.64999999999998,-2.6846787517318,1.87368421052632));
#9787=CARTESIAN_POINT('',(4.65,-2.50617479243334E-14,1.89473684210526));
#9788=CARTESIAN_POINT('',(4.65000000000001,2.68467875173175,1.91578947368421));
#9789=CARTESIAN_POINT('',(2.32500000000003,4.02701812759762,1.93684210526316));
#9790=CARTESIAN_POINT('',(1.97296863622247E-14,5.36935750346352,1.95789473684211));
#9791=CARTESIAN_POINT('',(-2.32499999999997,4.02701812759766,1.97894736842105));
#9792=CARTESIAN_POINT('',(-4.64999999999999,2.68467875173178,2.));
#9793=CARTESIAN_POINT('',(-4.65,9.11107127243849E-15,2.02105263157895));
#9794=CARTESIAN_POINT('',(-4.65000000000002,-2.68467875173173,2.04210526315789));
#9795=CARTESIAN_POINT('',(-2.32500000000001,-4.02701812759763,2.06315789473684));
#9796=CARTESIAN_POINT('',(-3.94630111426181E-14,-5.36935750346352,2.08421052631579));
#9797=CARTESIAN_POINT('',(2.32499999999998,-4.02701812759765,2.10526315789474));
#9798=CARTESIAN_POINT('',(4.64999999999998,-2.6846787517318,2.12631578947368));
#9799=CARTESIAN_POINT('',(4.65,-2.62006318333882E-14,2.14736842105263));
#9800=CARTESIAN_POINT('',(4.65000000000001,2.68467875173175,2.16842105263158));
#9801=CARTESIAN_POINT('',(2.32500000000003,4.02701812759762,2.18947368421053));
#9802=CARTESIAN_POINT('',(2.10447562251617E-14,5.36935750346352,2.21052631578947));
#9803=CARTESIAN_POINT('',(-2.32499999999997,4.02701812759766,2.23157894736842));
#9804=CARTESIAN_POINT('',(-4.64999999999999,2.68467875173178,2.25263157894737));
#9805=CARTESIAN_POINT('',(-4.65,4.3290192394338E-14,2.27368421052632));
#9806=CARTESIAN_POINT('',(-4.65000000000002,-2.68467875173173,2.29473684210526));
#9807=CARTESIAN_POINT('',(-2.32500000000001,-4.02701812759763,2.31578947368421));
#9808=CARTESIAN_POINT('',(-4.07780810055552E-14,-5.36935750346352,2.33684210526316));
#9809=CARTESIAN_POINT('',(2.32499999999998,-4.02701812759765,2.35789473684211));
#9810=CARTESIAN_POINT('',(4.64999999999998,-2.6846787517318,2.37894736842105));
#9811=CARTESIAN_POINT('',(4.65,-2.7339515742443E-14,2.4));
#9812=CARTESIAN_POINT('',(4.65000000000003,2.68467875173171,2.42105263157895));
#9813=CARTESIAN_POINT('',(2.32500000000003,4.02701812759762,2.44210526315789));
#9814=CARTESIAN_POINT('',(2.23598260880988E-14,5.36935750346352,2.46315789473684));
#9815=CARTESIAN_POINT('',(-2.32499999999997,4.02701812759766,2.48421052631579));
#9816=CARTESIAN_POINT('',(-4.64999999999999,2.68467875173179,2.50526315789474));
#9817=CARTESIAN_POINT('',(-4.65,4.44290763033928E-14,2.52631578947368));
#9818=CARTESIAN_POINT('',(-4.48955792602053,-1.2109375,0.0102222856763776));
#9819=CARTESIAN_POINT('',(4.48955792602053,-1.2109375,2.38977771432362));
#9820=CARTESIAN_POINT('',(4.48955792602053,-1.2109375,16.9465460908597));
#9821=CARTESIAN_POINT('',(4.48955792602053,-1.2109375,2.58977771432362));
#9822=CARTESIAN_POINT('',(-4.65,0.,0.2));
#9823=CARTESIAN_POINT('',(-4.65,-2.68467875173176,0.221052631578947));
#9824=CARTESIAN_POINT('',(-2.325,-4.02701812759764,0.242105263157895));
#9825=CARTESIAN_POINT('',(-3.28767465734264E-16,-5.36935750346352,0.263157894736842));
#9826=CARTESIAN_POINT('',(2.325,-4.02701812759764,0.284210526315789));
#9827=CARTESIAN_POINT('',(4.65,-2.68467875173176,0.305263157894737));
#9828=CARTESIAN_POINT('',(4.65,-5.69441954527405E-16,0.326315789473684));
#9829=CARTESIAN_POINT('',(4.65,2.68467875173176,0.347368421052632));
#9830=CARTESIAN_POINT('',(2.325,4.02701812759764,0.368421052631579));
#9831=CARTESIAN_POINT('',(9.86302397202793E-16,5.36935750346352,0.389473684210526));
#9832=CARTESIAN_POINT('',(-2.325,4.02701812759764,0.410526315789474));
#9833=CARTESIAN_POINT('',(-4.65,2.68467875173176,0.431578947368421));
#9834=CARTESIAN_POINT('',(-4.65,1.13888390905481E-15,0.452631578947368));
#9835=CARTESIAN_POINT('',(-4.65,-2.68467875173176,0.473684210526316));
#9836=CARTESIAN_POINT('',(-2.325,-4.02701812759764,0.494736842105263));
#9837=CARTESIAN_POINT('',(-6.41278479090256E-15,-5.36935750346352,0.515789473684211));
#9838=CARTESIAN_POINT('',(2.325,-4.02701812759764,0.536842105263158));
#9839=CARTESIAN_POINT('',(4.65,-2.68467875173177,0.557894736842105));
#9840=CARTESIAN_POINT('',(4.65,-1.70832586358222E-15,0.578947368421053));
#9841=CARTESIAN_POINT('',(4.65,2.68467875173176,0.6));
#9842=CARTESIAN_POINT('',(2.32500000000001,4.02701812759764,0.621052631578947));
#9843=CARTESIAN_POINT('',(2.30137226013985E-15,5.36935750346352,0.642105263157895));
#9844=CARTESIAN_POINT('',(-2.325,4.02701812759764,0.663157894736842));
#9845=CARTESIAN_POINT('',(-4.65,2.68467875173177,0.684210526315789));
#9846=CARTESIAN_POINT('',(-4.65,2.27776781810962E-15,0.705263157894737));
#9847=CARTESIAN_POINT('',(-4.65,-2.68467875173175,0.726315789473684));
#9848=CARTESIAN_POINT('',(-2.32500000000001,-4.02701812759764,0.747368421052632));
#9849=CARTESIAN_POINT('',(-1.24968021160709E-14,-5.36935750346352,0.768421052631579));
#9850=CARTESIAN_POINT('',(2.325,-4.02701812759764,0.789473684210526));
#9851=CARTESIAN_POINT('',(4.65,-2.68467875173177,0.810526315789474));
#9852=CARTESIAN_POINT('',(4.65,-1.11072690758482E-14,0.831578947368421));
#9853=CARTESIAN_POINT('',(4.65,2.68467875173175,0.852631578947368));
#9854=CARTESIAN_POINT('',(2.32500000000001,4.02701812759764,0.873684210526316));
#9855=CARTESIAN_POINT('',(1.31543370475394E-14,5.36935750346352,0.894736842105263));
#9856=CARTESIAN_POINT('',(-2.32499999999999,4.02701812759765,0.91578947368421));
#9857=CARTESIAN_POINT('',(-4.64999999999999,2.68467875173178,0.936842105263158));
#9858=CARTESIAN_POINT('',(-4.65,3.41665172716443E-15,0.957894736842105));
#9859=CARTESIAN_POINT('',(-4.65,-2.68467875173175,0.978947368421053));
#9860=CARTESIAN_POINT('',(-2.32500000000001,-4.02701812759764,1.));
#9861=CARTESIAN_POINT('',(-1.38118719790079E-14,-5.36935750346352,1.02105263157895));
#9862=CARTESIAN_POINT('',(2.32499999999999,-4.02701812759765,1.04210526315789));
#9863=CARTESIAN_POINT('',(4.64999999999999,-2.68467875173178,1.06315789473684));
#9864=CARTESIAN_POINT('',(4.65,-3.98609368169184E-15,1.08421052631579));
#9865=CARTESIAN_POINT('',(4.65,2.68467875173175,1.10526315789474));
#9866=CARTESIAN_POINT('',(2.32500000000001,4.02701812759763,1.12631578947368));
#9867=CARTESIAN_POINT('',(1.44694069104764E-14,5.36935750346352,1.14736842105263));
#9868=CARTESIAN_POINT('',(-2.32499999999999,4.02701812759765,1.16842105263158));
#9869=CARTESIAN_POINT('',(-4.64999999999999,2.68467875173178,1.18947368421053));
#9870=CARTESIAN_POINT('',(-4.65,4.55553563621924E-15,1.21052631578947));
#9871=CARTESIAN_POINT('',(-4.65,-2.68467875173175,1.23157894736842));
#9872=CARTESIAN_POINT('',(-2.32500000000001,-4.02701812759763,1.25263157894737));
#9873=CARTESIAN_POINT('',(-1.5126941841945E-14,-5.36935750346352,1.27368421052632));
#9874=CARTESIAN_POINT('',(2.32499999999999,-4.02701812759765,1.29473684210526));
#9875=CARTESIAN_POINT('',(4.64999999999999,-2.68467875173178,1.31578947368421));
#9876=CARTESIAN_POINT('',(4.65,-2.1645096197169E-14,1.33684210526316));
#9877=CARTESIAN_POINT('',(4.65,2.68467875173175,1.35789473684211));
#9878=CARTESIAN_POINT('',(2.32500000000001,4.02701812759763,1.37894736842105));
#9879=CARTESIAN_POINT('',(1.57844767734135E-14,5.36935750346352,1.4));
#9880=CARTESIAN_POINT('',(-2.32499999999999,4.02701812759765,1.42105263157895));
#9881=CARTESIAN_POINT('',(-4.64999999999999,2.68467875173178,1.4421052631579));
#9882=CARTESIAN_POINT('',(-4.65,2.22145381516964E-14,1.46315789473684));
#9883=CARTESIAN_POINT('',(-4.65,-2.68467875173175,1.48421052631579));
#9884=CARTESIAN_POINT('',(-2.32500000000001,-4.02701812759763,1.50526315789474));
#9885=CARTESIAN_POINT('',(-3.5517801553807E-14,-5.36935750346352,1.52631578947368));
#9886=CARTESIAN_POINT('',(2.32499999999999,-4.02701812759765,1.54736842105263));
#9887=CARTESIAN_POINT('',(4.65,-2.68467875173176,1.56842105263158));
#9888=CARTESIAN_POINT('',(4.65,-2.27839801062238E-14,1.58947368421053));
#9889=CARTESIAN_POINT('',(4.65,2.68467875173175,1.61052631578947));
#9890=CARTESIAN_POINT('',(2.32500000000003,4.02701812759763,1.63157894736842));
#9891=CARTESIAN_POINT('',(1.70995466363506E-14,5.36935750346352,1.65263157894737));
#9892=CARTESIAN_POINT('',(-2.32499999999997,4.02701812759766,1.67368421052632));
#9893=CARTESIAN_POINT('',(-4.64999999999999,2.68467875173178,1.69473684210526));
#9894=CARTESIAN_POINT('',(-4.65,6.83330345432887E-15,1.71578947368421));
#9895=CARTESIAN_POINT('',(-4.65000000000002,-2.68467875173173,1.73684210526316));
#9896=CARTESIAN_POINT('',(-2.32500000000001,-4.02701812759763,1.75789473684211));
#9897=CARTESIAN_POINT('',(-3.6832871416744E-14,-5.36935750346352,1.77894736842105));
#9898=CARTESIAN_POINT('',(2.32499999999998,-4.02701812759765,1.8));
#9899=CARTESIAN_POINT('',(4.65,-2.68467875173176,1.82105263157895));
#9900=CARTESIAN_POINT('',(4.65,-2.39228640152786E-14,1.84210526315789));
#9901=CARTESIAN_POINT('',(4.65,2.68467875173175,1.86315789473684));
#9902=CARTESIAN_POINT('',(2.32500000000003,4.02701812759763,1.88421052631579));
#9903=CARTESIAN_POINT('',(1.84146164992876E-14,5.36935750346352,1.90526315789474));
#9904=CARTESIAN_POINT('',(-2.32499999999997,4.02701812759766,1.92631578947368));
#9905=CARTESIAN_POINT('',(-4.64999999999999,2.68467875173178,1.94736842105263));
#9906=CARTESIAN_POINT('',(-4.65,7.97218736338368E-15,1.96842105263158));
#9907=CARTESIAN_POINT('',(-4.65000000000002,-2.68467875173173,1.98947368421053));
#9908=CARTESIAN_POINT('',(-2.32500000000001,-4.02701812759763,2.01052631578947));
#9909=CARTESIAN_POINT('',(-3.81479412796811E-14,-5.36935750346352,2.03157894736842));
#9910=CARTESIAN_POINT('',(2.32499999999998,-4.02701812759765,2.05263157894737));
#9911=CARTESIAN_POINT('',(4.64999999999998,-2.6846787517318,2.07368421052632));
#9912=CARTESIAN_POINT('',(4.65,-2.50617479243334E-14,2.09473684210526));
#9913=CARTESIAN_POINT('',(4.65000000000001,2.68467875173175,2.11578947368421));
#9914=CARTESIAN_POINT('',(2.32500000000003,4.02701812759762,2.13684210526316));
#9915=CARTESIAN_POINT('',(1.97296863622247E-14,5.36935750346352,2.15789473684211));
#9916=CARTESIAN_POINT('',(-2.32499999999997,4.02701812759766,2.17894736842105));
#9917=CARTESIAN_POINT('',(-4.64999999999999,2.68467875173178,2.2));
#9918=CARTESIAN_POINT('',(-4.65,9.11107127243849E-15,2.22105263157895));
#9919=CARTESIAN_POINT('',(-4.65000000000002,-2.68467875173173,2.24210526315789));
#9920=CARTESIAN_POINT('',(-2.32500000000001,-4.02701812759763,2.26315789473684));
#9921=CARTESIAN_POINT('',(-3.94630111426181E-14,-5.36935750346352,2.28421052631579));
#9922=CARTESIAN_POINT('',(2.32499999999998,-4.02701812759765,2.30526315789474));
#9923=CARTESIAN_POINT('',(4.64999999999998,-2.6846787517318,2.32631578947368));
#9924=CARTESIAN_POINT('',(4.65,-2.62006318333882E-14,2.34736842105263));
#9925=CARTESIAN_POINT('',(4.65000000000001,2.68467875173175,2.36842105263158));
#9926=CARTESIAN_POINT('',(2.32500000000003,4.02701812759762,2.38947368421053));
#9927=CARTESIAN_POINT('',(2.10447562251617E-14,5.36935750346352,2.41052631578947));
#9928=CARTESIAN_POINT('',(-2.32499999999997,4.02701812759766,2.43157894736842));
#9929=CARTESIAN_POINT('',(-4.64999999999999,2.68467875173178,2.45263157894737));
#9930=CARTESIAN_POINT('',(-4.65,4.3290192394338E-14,2.47368421052632));
#9931=CARTESIAN_POINT('',(-4.65000000000002,-2.68467875173173,2.49473684210526));
#9932=CARTESIAN_POINT('',(-2.32500000000001,-4.02701812759763,2.51578947368421));
#9933=CARTESIAN_POINT('',(-4.07780810055552E-14,-5.36935750346352,2.53684210526316));
#9934=CARTESIAN_POINT('',(2.32499999999998,-4.02701812759765,2.55789473684211));
#9935=CARTESIAN_POINT('',(4.64999999999998,-2.6846787517318,2.57894736842105));
#9936=CARTESIAN_POINT('',(4.65,-2.7339515742443E-14,2.6));
#9937=CARTESIAN_POINT('',(4.65000000000003,2.68467875173171,2.62105263157895));
#9938=CARTESIAN_POINT('',(2.32500000000003,4.02701812759762,2.64210526315789));
#9939=CARTESIAN_POINT('',(2.23598260880988E-14,5.36935750346352,2.66315789473684));
#9940=CARTESIAN_POINT('',(-2.32499999999997,4.02701812759766,2.68421052631579));
#9941=CARTESIAN_POINT('',(-4.64999999999999,2.68467875173179,2.70526315789474));
#9942=CARTESIAN_POINT('',(-4.65,4.44290763033928E-14,2.72631578947368));
#9943=CARTESIAN_POINT('',(-4.48955792602053,-1.2109375,0.21022228567638));
#9944=CARTESIAN_POINT('',(-4.48955792602053,-1.2109375,14.4419527765465));
#9945=CARTESIAN_POINT('',(0.,0.,0.));
#9946=CARTESIAN_POINT('',(-2.45,0.,0.2));
#9947=CARTESIAN_POINT('',(-2.45,-1.41450815951458,0.221052631578948));
#9948=CARTESIAN_POINT('',(-1.225,-2.12176223927187,0.242105263157895));
#9949=CARTESIAN_POINT('',(-1.73221567967516E-16,-2.82901631902917,0.263157894736842));
#9950=CARTESIAN_POINT('',(1.225,-2.12176223927187,0.28421052631579));
#9951=CARTESIAN_POINT('',(2.45,-1.41450815951458,0.305263157894737));
#9952=CARTESIAN_POINT('',(2.45,-3.00028556686482E-16,0.326315789473685));
#9953=CARTESIAN_POINT('',(2.45,1.41450815951458,0.347368421052632));
#9954=CARTESIAN_POINT('',(1.225,2.12176223927187,0.368421052631579));
#9955=CARTESIAN_POINT('',(5.19664703902546E-16,2.82901631902917,0.389473684210527));
#9956=CARTESIAN_POINT('',(-1.225,2.12176223927188,0.410526315789474));
#9957=CARTESIAN_POINT('',(-2.45,1.41450815951458,0.431578947368421));
#9958=CARTESIAN_POINT('',(-2.45,6.00057113372965E-16,0.452631578947369));
#9959=CARTESIAN_POINT('',(-2.45,-1.41450815951458,0.473684210526316));
#9960=CARTESIAN_POINT('',(-1.225,-2.12176223927187,0.494736842105263));
#9961=CARTESIAN_POINT('',(-3.37877908337877E-15,-2.82901631902917,0.515789473684211));
#9962=CARTESIAN_POINT('',(1.225,-2.12176223927188,0.536842105263158));
#9963=CARTESIAN_POINT('',(2.45,-1.41450815951459,0.557894736842106));
#9964=CARTESIAN_POINT('',(2.45,-9.00085670059447E-16,0.578947368421053));
#9965=CARTESIAN_POINT('',(2.45,1.41450815951458,0.6));
#9966=CARTESIAN_POINT('',(1.225,2.12176223927187,0.621052631578948));
#9967=CARTESIAN_POINT('',(1.21255097577261E-15,2.82901631902917,0.642105263157895));
#9968=CARTESIAN_POINT('',(-1.225,2.12176223927188,0.663157894736842));
#9969=CARTESIAN_POINT('',(-2.45,1.41450815951459,0.68421052631579));
#9970=CARTESIAN_POINT('',(-2.45,1.20011422674593E-15,0.705263157894737));
#9971=CARTESIAN_POINT('',(-2.45,-1.41450815951458,0.726315789473684));
#9972=CARTESIAN_POINT('',(-1.225,-2.12176223927187,0.747368421052632));
#9973=CARTESIAN_POINT('',(-6.58433659879002E-15,-2.82901631902917,0.768421052631579));
#9974=CARTESIAN_POINT('',(1.225,-2.12176223927188,0.789473684210527));
#9975=CARTESIAN_POINT('',(2.45,-1.41450815951459,0.810526315789474));
#9976=CARTESIAN_POINT('',(2.45,-5.85221703996302E-15,0.831578947368421));
#9977=CARTESIAN_POINT('',(2.45,1.41450815951458,0.852631578947369));
#9978=CARTESIAN_POINT('',(1.225,2.12176223927187,0.873684210526316));
#9979=CARTESIAN_POINT('',(6.93077973472505E-15,2.82901631902917,0.894736842105263));
#9980=CARTESIAN_POINT('',(-1.22499999999999,2.12176223927188,0.915789473684211));
#9981=CARTESIAN_POINT('',(-2.44999999999999,1.41450815951459,0.936842105263158));
#9982=CARTESIAN_POINT('',(-2.45,1.80017134011889E-15,0.957894736842106));
#9983=CARTESIAN_POINT('',(-2.45,-1.41450815951458,0.978947368421053));
#9984=CARTESIAN_POINT('',(-1.225,-2.12176223927187,1.));
#9985=CARTESIAN_POINT('',(-7.27722287066008E-15,-2.82901631902917,1.02105263157895));
#9986=CARTESIAN_POINT('',(1.22499999999999,-2.12176223927188,1.0421052631579));
#9987=CARTESIAN_POINT('',(2.44999999999999,-1.41450815951459,1.06315789473684));
#9988=CARTESIAN_POINT('',(2.45,-2.10019989680538E-15,1.08421052631579));
#9989=CARTESIAN_POINT('',(2.45,1.41450815951458,1.10526315789474));
#9990=CARTESIAN_POINT('',(1.225,2.12176223927187,1.12631578947368));
#9991=CARTESIAN_POINT('',(7.62366600659511E-15,2.82901631902917,1.14736842105263));
#9992=CARTESIAN_POINT('',(-1.22499999999999,2.12176223927188,1.16842105263158));
#9993=CARTESIAN_POINT('',(-2.44999999999999,1.41450815951459,1.18947368421053));
#9994=CARTESIAN_POINT('',(-2.45,2.40022845349186E-15,1.21052631578947));
#9995=CARTESIAN_POINT('',(-2.45,-1.41450815951458,1.23157894736842));
#9996=CARTESIAN_POINT('',(-1.225,-2.12176223927187,1.25263157894737));
#9997=CARTESIAN_POINT('',(-7.97010914253014E-15,-2.82901631902917,1.27368421052632));
#9998=CARTESIAN_POINT('',(1.22499999999999,-2.12176223927188,1.29473684210526));
#9999=CARTESIAN_POINT('',(2.44999999999999,-1.41450815951459,1.31578947368421));
#10000=CARTESIAN_POINT('',(2.45,-1.14044055232396E-14,1.33684210526316));
#10001=CARTESIAN_POINT('',(2.45,1.41450815951458,1.35789473684211));
#10002=CARTESIAN_POINT('',(1.225,2.12176223927187,1.37894736842105));
#10003=CARTESIAN_POINT('',(8.31655227846517E-15,2.82901631902917,1.4));
#10004=CARTESIAN_POINT('',(-1.22499999999999,2.12176223927188,1.42105263157895));
#10005=CARTESIAN_POINT('',(-2.44999999999999,1.41450815951459,1.4421052631579));
#10006=CARTESIAN_POINT('',(-2.45,1.1704434079926E-14,1.46315789473684));
#10007=CARTESIAN_POINT('',(-2.45,-1.41450815951458,1.48421052631579));
#10008=CARTESIAN_POINT('',(-1.225,-2.12176223927187,1.50526315789474));
#10009=CARTESIAN_POINT('',(-1.8713680388565E-14,-2.82901631902917,1.52631578947368));
#10010=CARTESIAN_POINT('',(1.22499999999999,-2.12176223927188,1.54736842105263));
#10011=CARTESIAN_POINT('',(2.45,-1.41450815951458,1.56842105263158));
#10012=CARTESIAN_POINT('',(2.45,-1.20044626366125E-14,1.58947368421053));
#10013=CARTESIAN_POINT('',(2.45,1.41450815951458,1.61052631578947));
#10014=CARTESIAN_POINT('',(1.22500000000001,2.12176223927187,1.63157894736842));
#10015=CARTESIAN_POINT('',(9.00943855033524E-15,2.82901631902917,1.65263157894737));
#10016=CARTESIAN_POINT('',(-1.22499999999998,2.12176223927188,1.67368421052632));
#10017=CARTESIAN_POINT('',(-2.44999999999999,1.41450815951459,1.69473684210526));
#10018=CARTESIAN_POINT('',(-2.45,3.60034268023779E-15,1.71578947368421));
#10019=CARTESIAN_POINT('',(-2.45000000000001,-1.41450815951457,1.73684210526316));
#10020=CARTESIAN_POINT('',(-1.22500000000001,-2.12176223927187,1.75789473684211));
#10021=CARTESIAN_POINT('',(-1.9406566660435E-14,-2.82901631902917,1.77894736842105));
#10022=CARTESIAN_POINT('',(1.22499999999999,-2.12176223927188,1.8));
#10023=CARTESIAN_POINT('',(2.45,-1.41450815951459,1.82105263157895));
#10024=CARTESIAN_POINT('',(2.45,-1.26045197499855E-14,1.8421052631579));
#10025=CARTESIAN_POINT('',(2.45,1.41450815951458,1.86315789473684));
#10026=CARTESIAN_POINT('',(1.22500000000001,2.12176223927187,1.88421052631579));
#10027=CARTESIAN_POINT('',(9.7023248222053E-15,2.82901631902917,1.90526315789474));
#10028=CARTESIAN_POINT('',(-1.22499999999998,2.12176223927188,1.92631578947368));
#10029=CARTESIAN_POINT('',(-2.44999999999999,1.41450815951459,1.94736842105263));
#10030=CARTESIAN_POINT('',(-2.45,4.20039979361075E-15,1.96842105263158));
#10031=CARTESIAN_POINT('',(-2.45000000000001,-1.41450815951457,1.98947368421053));
#10032=CARTESIAN_POINT('',(-1.22500000000001,-2.12176223927187,2.01052631578947));
#10033=CARTESIAN_POINT('',(-2.00994529323051E-14,-2.82901631902917,2.03157894736842));
#10034=CARTESIAN_POINT('',(1.22499999999999,-2.12176223927188,2.05263157894737));
#10035=CARTESIAN_POINT('',(2.44999999999999,-1.4145081595146,2.07368421052632));
#10036=CARTESIAN_POINT('',(2.45,-1.32045768633585E-14,2.09473684210526));
#10037=CARTESIAN_POINT('',(2.45,1.41450815951458,2.11578947368421));
#10038=CARTESIAN_POINT('',(1.22500000000001,2.12176223927187,2.13684210526316));
#10039=CARTESIAN_POINT('',(1.03952110940754E-14,2.82901631902917,2.15789473684211));
#10040=CARTESIAN_POINT('',(-1.22499999999998,2.12176223927188,2.17894736842105));
#10041=CARTESIAN_POINT('',(-2.44999999999999,1.41450815951459,2.2));
#10042=CARTESIAN_POINT('',(-2.45,4.80045690698372E-15,2.22105263157895));
#10043=CARTESIAN_POINT('',(-2.45000000000001,-1.41450815951457,2.24210526315789));
#10044=CARTESIAN_POINT('',(-1.22500000000001,-2.12176223927187,2.26315789473684));
#10045=CARTESIAN_POINT('',(-2.07923392041751E-14,-2.82901631902917,2.28421052631579));
#10046=CARTESIAN_POINT('',(1.22499999999999,-2.12176223927188,2.30526315789474));
#10047=CARTESIAN_POINT('',(2.44999999999999,-1.4145081595146,2.32631578947368));
#10048=CARTESIAN_POINT('',(2.45,-1.38046339767314E-14,2.34736842105263));
#10049=CARTESIAN_POINT('',(2.45,1.41450815951458,2.36842105263158));
#10050=CARTESIAN_POINT('',(1.22500000000001,2.12176223927187,2.38947368421053));
#10051=CARTESIAN_POINT('',(1.10880973659454E-14,2.82901631902917,2.41052631578947));
#10052=CARTESIAN_POINT('',(-1.22499999999998,2.12176223927188,2.43157894736842));
#10053=CARTESIAN_POINT('',(-2.44999999999999,1.4145081595146,2.45263157894737));
#10054=CARTESIAN_POINT('',(-2.45,2.28088110464791E-14,2.47368421052632));
#10055=CARTESIAN_POINT('',(-2.45000000000001,-1.41450815951457,2.49473684210526));
#10056=CARTESIAN_POINT('',(-1.22500000000001,-2.12176223927187,2.51578947368421));
#10057=CARTESIAN_POINT('',(-2.14852254760452E-14,-2.82901631902917,2.53684210526316));
#10058=CARTESIAN_POINT('',(1.22499999999999,-2.12176223927188,2.55789473684211));
#10059=CARTESIAN_POINT('',(2.44999999999999,-1.4145081595146,2.57894736842105));
#10060=CARTESIAN_POINT('',(2.45,-1.44046910901044E-14,2.6));
#10061=CARTESIAN_POINT('',(2.45000000000001,1.41450815951456,2.62105263157895));
#10062=CARTESIAN_POINT('',(1.22500000000001,2.12176223927187,2.64210526315789));
#10063=CARTESIAN_POINT('',(1.17809836378155E-14,2.82901631902917,2.66315789473684));
#10064=CARTESIAN_POINT('',(-1.22499999999998,2.12176223927188,2.68421052631579));
#10065=CARTESIAN_POINT('',(-2.44999999999999,1.4145081595146,2.70526315789474));
#10066=CARTESIAN_POINT('',(-2.45,2.34088681598521E-14,2.72631578947368));
#10067=CARTESIAN_POINT('',(-2.36546600403232,-0.638020833333333,0.210222285676384));
#10068=CARTESIAN_POINT('',(2.36546600403232,-0.638020833333333,2.58977771432362));
#10069=CARTESIAN_POINT('',(2.36546600403232,-0.638020833333333,16.9465460908597));
#10070=CARTESIAN_POINT('',(2.36546600403232,-0.638020833333333,2.38977771432362));
#10071=CARTESIAN_POINT('',(-2.44999999999999,0.,0.));
#10072=CARTESIAN_POINT('',(-2.44999999999999,-1.41450815951458,0.0210526315789474));
#10073=CARTESIAN_POINT('',(-1.225,-2.12176223927187,0.0421052631578947));
#10074=CARTESIAN_POINT('',(-1.73221567967515E-16,-2.82901631902916,0.0631578947368421));
#10075=CARTESIAN_POINT('',(1.225,-2.12176223927187,0.0842105263157895));
#10076=CARTESIAN_POINT('',(2.44999999999999,-1.41450815951458,0.105263157894737));
#10077=CARTESIAN_POINT('',(2.44999999999999,-3.00028556686482E-16,0.126315789473684));
#10078=CARTESIAN_POINT('',(2.44999999999999,1.41450815951458,0.147368421052632));
#10079=CARTESIAN_POINT('',(1.225,2.12176223927187,0.168421052631579));
#10080=CARTESIAN_POINT('',(5.19664703902545E-16,2.82901631902916,0.189473684210526));
#10081=CARTESIAN_POINT('',(-1.225,2.12176223927187,0.210526315789474));
#10082=CARTESIAN_POINT('',(-2.44999999999999,1.41450815951458,0.231578947368421));
#10083=CARTESIAN_POINT('',(-2.44999999999999,6.00057113372963E-16,0.252631578947368));
#10084=CARTESIAN_POINT('',(-2.45,-1.41450815951458,0.273684210526316));
#10085=CARTESIAN_POINT('',(-1.225,-2.12176223927187,0.294736842105263));
#10086=CARTESIAN_POINT('',(-3.37877908337876E-15,-2.82901631902916,0.315789473684211));
#10087=CARTESIAN_POINT('',(1.22499999999999,-2.12176223927187,0.336842105263158));
#10088=CARTESIAN_POINT('',(2.44999999999999,-1.41450815951458,0.357894736842105));
#10089=CARTESIAN_POINT('',(2.44999999999999,-9.00085670059445E-16,0.378947368421053));
#10090=CARTESIAN_POINT('',(2.45,1.41450815951458,0.4));
#10091=CARTESIAN_POINT('',(1.225,2.12176223927187,0.421052631578947));
#10092=CARTESIAN_POINT('',(1.21255097577261E-15,2.82901631902916,0.442105263157895));
#10093=CARTESIAN_POINT('',(-1.22499999999999,2.12176223927187,0.463157894736842));
#10094=CARTESIAN_POINT('',(-2.44999999999999,1.41450815951458,0.484210526315789));
#10095=CARTESIAN_POINT('',(-2.44999999999999,1.20011422674593E-15,0.505263157894737));
#10096=CARTESIAN_POINT('',(-2.45,-1.41450815951458,0.526315789473684));
#10097=CARTESIAN_POINT('',(-1.225,-2.12176223927187,0.547368421052632));
#10098=CARTESIAN_POINT('',(-6.58433659879E-15,-2.82901631902916,0.568421052631579));
#10099=CARTESIAN_POINT('',(1.22499999999999,-2.12176223927187,0.589473684210526));
#10100=CARTESIAN_POINT('',(2.44999999999999,-1.41450815951458,0.610526315789474));
#10101=CARTESIAN_POINT('',(2.44999999999999,-5.85221703996301E-15,0.631578947368421));
#10102=CARTESIAN_POINT('',(2.45,1.41450815951458,0.652631578947368));
#10103=CARTESIAN_POINT('',(1.225,2.12176223927187,0.673684210526316));
#10104=CARTESIAN_POINT('',(6.93077973472503E-15,2.82901631902916,0.694736842105263));
#10105=CARTESIAN_POINT('',(-1.22499999999999,2.12176223927187,0.715789473684211));
#10106=CARTESIAN_POINT('',(-2.44999999999999,1.41450815951459,0.736842105263158));
#10107=CARTESIAN_POINT('',(-2.44999999999999,1.80017134011889E-15,0.757894736842105));
#10108=CARTESIAN_POINT('',(-2.45,-1.41450815951458,0.778947368421053));
#10109=CARTESIAN_POINT('',(-1.225,-2.12176223927187,0.8));
#10110=CARTESIAN_POINT('',(-7.27722287066006E-15,-2.82901631902916,0.821052631578947));
#10111=CARTESIAN_POINT('',(1.22499999999999,-2.12176223927187,0.842105263157895));
#10112=CARTESIAN_POINT('',(2.44999999999999,-1.41450815951459,0.863157894736842));
#10113=CARTESIAN_POINT('',(2.44999999999999,-2.10019989680537E-15,0.88421052631579));
#10114=CARTESIAN_POINT('',(2.45,1.41450815951458,0.905263157894737));
#10115=CARTESIAN_POINT('',(1.225,2.12176223927187,0.926315789473684));
#10116=CARTESIAN_POINT('',(7.62366600659509E-15,2.82901631902916,0.947368421052632));
#10117=CARTESIAN_POINT('',(-1.22499999999999,2.12176223927187,0.968421052631579));
#10118=CARTESIAN_POINT('',(-2.44999999999999,1.41450815951459,0.989473684210526));
#10119=CARTESIAN_POINT('',(-2.44999999999999,2.40022845349185E-15,1.01052631578947));
#10120=CARTESIAN_POINT('',(-2.45,-1.41450815951458,1.03157894736842));
#10121=CARTESIAN_POINT('',(-1.225,-2.12176223927187,1.05263157894737));
#10122=CARTESIAN_POINT('',(-7.97010914253012E-15,-2.82901631902916,1.07368421052632));
#10123=CARTESIAN_POINT('',(1.22499999999999,-2.12176223927187,1.09473684210526));
#10124=CARTESIAN_POINT('',(2.44999999999999,-1.41450815951459,1.11578947368421));
#10125=CARTESIAN_POINT('',(2.44999999999999,-1.14044055232395E-14,1.13684210526316));
#10126=CARTESIAN_POINT('',(2.45,1.41450815951458,1.15789473684211));
#10127=CARTESIAN_POINT('',(1.225,2.12176223927187,1.17894736842105));
#10128=CARTESIAN_POINT('',(8.31655227846515E-15,2.82901631902916,1.2));
#10129=CARTESIAN_POINT('',(-1.22499999999999,2.12176223927187,1.22105263157895));
#10130=CARTESIAN_POINT('',(-2.44999999999999,1.41450815951459,1.24210526315789));
#10131=CARTESIAN_POINT('',(-2.44999999999999,1.1704434079926E-14,1.26315789473684));
#10132=CARTESIAN_POINT('',(-2.45,-1.41450815951457,1.28421052631579));
#10133=CARTESIAN_POINT('',(-1.225,-2.12176223927187,1.30526315789474));
#10134=CARTESIAN_POINT('',(-1.87136803885649E-14,-2.82901631902916,1.32631578947368));
#10135=CARTESIAN_POINT('',(1.22499999999999,-2.12176223927187,1.34736842105263));
#10136=CARTESIAN_POINT('',(2.44999999999999,-1.41450815951458,1.36842105263158));
#10137=CARTESIAN_POINT('',(2.44999999999999,-1.20044626366125E-14,1.38947368421053));
#10138=CARTESIAN_POINT('',(2.45,1.41450815951457,1.41052631578947));
#10139=CARTESIAN_POINT('',(1.22500000000001,2.12176223927186,1.43157894736842));
#10140=CARTESIAN_POINT('',(9.00943855033522E-15,2.82901631902916,1.45263157894737));
#10141=CARTESIAN_POINT('',(-1.22499999999998,2.12176223927188,1.47368421052632));
#10142=CARTESIAN_POINT('',(-2.44999999999999,1.41450815951459,1.49473684210526));
#10143=CARTESIAN_POINT('',(-2.44999999999999,3.60034268023778E-15,1.51578947368421));
#10144=CARTESIAN_POINT('',(-2.45,-1.41450815951457,1.53684210526316));
#10145=CARTESIAN_POINT('',(-1.225,-2.12176223927187,1.55789473684211));
#10146=CARTESIAN_POINT('',(-1.9406566660435E-14,-2.82901631902916,1.57894736842105));
#10147=CARTESIAN_POINT('',(1.22499999999999,-2.12176223927187,1.6));
#10148=CARTESIAN_POINT('',(2.44999999999999,-1.41450815951458,1.62105263157895));
#10149=CARTESIAN_POINT('',(2.44999999999999,-1.26045197499855E-14,1.64210526315789));
#10150=CARTESIAN_POINT('',(2.45,1.41450815951457,1.66315789473684));
#10151=CARTESIAN_POINT('',(1.22500000000001,2.12176223927186,1.68421052631579));
#10152=CARTESIAN_POINT('',(9.70232482220528E-15,2.82901631902916,1.70526315789474));
#10153=CARTESIAN_POINT('',(-1.22499999999998,2.12176223927188,1.72631578947368));
#10154=CARTESIAN_POINT('',(-2.44999999999999,1.41450815951459,1.74736842105263));
#10155=CARTESIAN_POINT('',(-2.44999999999999,4.20039979361074E-15,1.76842105263158));
#10156=CARTESIAN_POINT('',(-2.45,-1.41450815951456,1.78947368421053));
#10157=CARTESIAN_POINT('',(-1.225,-2.12176223927187,1.81052631578947));
#10158=CARTESIAN_POINT('',(-2.0099452932305E-14,-2.82901631902916,1.83157894736842));
#10159=CARTESIAN_POINT('',(1.22499999999999,-2.12176223927187,1.85263157894737));
#10160=CARTESIAN_POINT('',(2.44999999999998,-1.4145081595146,1.87368421052632));
#10161=CARTESIAN_POINT('',(2.44999999999999,-1.32045768633584E-14,1.89473684210526));
#10162=CARTESIAN_POINT('',(2.45,1.41450815951457,1.91578947368421));
#10163=CARTESIAN_POINT('',(1.22500000000001,2.12176223927186,1.93684210526316));
#10164=CARTESIAN_POINT('',(1.03952110940753E-14,2.82901631902916,1.95789473684211));
#10165=CARTESIAN_POINT('',(-1.22499999999998,2.12176223927188,1.97894736842105));
#10166=CARTESIAN_POINT('',(-2.44999999999999,1.41450815951459,2.));
#10167=CARTESIAN_POINT('',(-2.44999999999999,4.80045690698371E-15,2.02105263157895));
#10168=CARTESIAN_POINT('',(-2.45,-1.41450815951456,2.04210526315789));
#10169=CARTESIAN_POINT('',(-1.225,-2.12176223927187,2.06315789473684));
#10170=CARTESIAN_POINT('',(-2.07923392041751E-14,-2.82901631902916,2.08421052631579));
#10171=CARTESIAN_POINT('',(1.22499999999999,-2.12176223927187,2.10526315789474));
#10172=CARTESIAN_POINT('',(2.44999999999998,-1.4145081595146,2.12631578947368));
#10173=CARTESIAN_POINT('',(2.44999999999999,-1.38046339767314E-14,2.14736842105263));
#10174=CARTESIAN_POINT('',(2.45,1.41450815951457,2.16842105263158));
#10175=CARTESIAN_POINT('',(1.22500000000001,2.12176223927186,2.18947368421053));
#10176=CARTESIAN_POINT('',(1.10880973659454E-14,2.82901631902916,2.21052631578947));
#10177=CARTESIAN_POINT('',(-1.22499999999998,2.12176223927188,2.23157894736842));
#10178=CARTESIAN_POINT('',(-2.44999999999999,1.41450815951459,2.25263157894737));
#10179=CARTESIAN_POINT('',(-2.44999999999999,2.28088110464791E-14,2.27368421052632));
#10180=CARTESIAN_POINT('',(-2.45,-1.41450815951456,2.29473684210526));
#10181=CARTESIAN_POINT('',(-1.225,-2.12176223927186,2.31578947368421));
#10182=CARTESIAN_POINT('',(-2.14852254760452E-14,-2.82901631902916,2.33684210526316));
#10183=CARTESIAN_POINT('',(1.22499999999999,-2.12176223927188,2.35789473684211));
#10184=CARTESIAN_POINT('',(2.44999999999998,-1.4145081595146,2.37894736842105));
#10185=CARTESIAN_POINT('',(2.44999999999999,-1.44046910901044E-14,2.4));
#10186=CARTESIAN_POINT('',(2.45000000000001,1.41450815951455,2.42105263157895));
#10187=CARTESIAN_POINT('',(1.22500000000001,2.12176223927186,2.44210526315789));
#10188=CARTESIAN_POINT('',(1.17809836378155E-14,2.82901631902916,2.46315789473684));
#10189=CARTESIAN_POINT('',(-1.22499999999998,2.12176223927188,2.48421052631579));
#10190=CARTESIAN_POINT('',(-2.44999999999999,1.41450815951459,2.50526315789474));
#10191=CARTESIAN_POINT('',(-2.44999999999999,2.3408868159852E-14,2.52631578947368));
#10192=CARTESIAN_POINT('',(-2.36546600403231,-0.638020833333332,0.0102222856763827));
#10193=CARTESIAN_POINT('',(-2.36546600403232,-0.638020833333332,14.4419527765465));
#10194=CARTESIAN_POINT('',(-2.36546600403232,-0.638020833333333,0.210222285676378));
#10195=CARTESIAN_POINT('',(-2.10180721233093,-1.61553735920521,0.227036610744044));
#10196=CARTESIAN_POINT('',(-1.225,-2.12176223927187,0.242105263157895));
#10197=CARTESIAN_POINT('',(-1.73221567967516E-16,-2.82901631902917,0.263157894736842));
#10198=CARTESIAN_POINT('',(1.225,-2.12176223927187,0.28421052631579));
#10199=CARTESIAN_POINT('',(2.45,-1.41450815951458,0.305263157894737));
#10200=CARTESIAN_POINT('',(2.45,-3.00028556686482E-16,0.326315789473685));
#10201=CARTESIAN_POINT('',(2.45,1.41450815951458,0.347368421052632));
#10202=CARTESIAN_POINT('',(1.225,2.12176223927187,0.368421052631579));
#10203=CARTESIAN_POINT('',(5.19664703902546E-16,2.82901631902917,0.389473684210527));
#10204=CARTESIAN_POINT('',(-1.225,2.12176223927188,0.410526315789474));
#10205=CARTESIAN_POINT('',(-2.45,1.41450815951458,0.431578947368421));
#10206=CARTESIAN_POINT('',(-2.45,0.,0.452631578947369));
#10207=CARTESIAN_POINT('',(-2.45,-1.41450815951458,0.473684210526316));
#10208=CARTESIAN_POINT('',(-1.225,-2.12176223927187,0.494736842105263));
#10209=CARTESIAN_POINT('',(-1.73221567967516E-16,-2.82901631902917,0.515789473684211));
#10210=CARTESIAN_POINT('',(1.225,-2.12176223927187,0.536842105263158));
#10211=CARTESIAN_POINT('',(2.45,-1.41450815951458,0.557894736842106));
#10212=CARTESIAN_POINT('',(2.45,-3.00028556686482E-16,0.578947368421053));
#10213=CARTESIAN_POINT('',(2.45,1.41450815951458,0.6));
#10214=CARTESIAN_POINT('',(1.225,2.12176223927187,0.621052631578948));
#10215=CARTESIAN_POINT('',(5.19664703902546E-16,2.82901631902917,0.642105263157895));
#10216=CARTESIAN_POINT('',(-1.225,2.12176223927188,0.663157894736842));
#10217=CARTESIAN_POINT('',(-2.45,1.41450815951458,0.68421052631579));
#10218=CARTESIAN_POINT('',(-2.45,0.,0.705263157894737));
#10219=CARTESIAN_POINT('',(-2.45,-1.41450815951458,0.726315789473684));
#10220=CARTESIAN_POINT('',(-1.225,-2.12176223927187,0.747368421052632));
#10221=CARTESIAN_POINT('',(-1.73221567967516E-16,-2.82901631902917,0.768421052631579));
#10222=CARTESIAN_POINT('',(1.225,-2.12176223927187,0.789473684210527));
#10223=CARTESIAN_POINT('',(2.45,-1.41450815951458,0.810526315789474));
#10224=CARTESIAN_POINT('',(2.45,-3.00028556686482E-16,0.831578947368421));
#10225=CARTESIAN_POINT('',(2.45,1.41450815951458,0.852631578947369));
#10226=CARTESIAN_POINT('',(1.225,2.12176223927187,0.873684210526316));
#10227=CARTESIAN_POINT('',(5.19664703902546E-16,2.82901631902917,0.894736842105263));
#10228=CARTESIAN_POINT('',(-1.225,2.12176223927188,0.915789473684211));
#10229=CARTESIAN_POINT('',(-2.45,1.41450815951458,0.936842105263158));
#10230=CARTESIAN_POINT('',(-2.45,0.,0.957894736842106));
#10231=CARTESIAN_POINT('',(-2.45,-1.41450815951458,0.978947368421053));
#10232=CARTESIAN_POINT('',(-1.225,-2.12176223927187,1.));
#10233=CARTESIAN_POINT('',(-1.73221567967516E-16,-2.82901631902917,1.02105263157895));
#10234=CARTESIAN_POINT('',(1.225,-2.12176223927187,1.0421052631579));
#10235=CARTESIAN_POINT('',(2.45,-1.41450815951458,1.06315789473684));
#10236=CARTESIAN_POINT('',(2.45,-3.00028556686482E-16,1.08421052631579));
#10237=CARTESIAN_POINT('',(2.45,1.41450815951458,1.10526315789474));
#10238=CARTESIAN_POINT('',(1.225,2.12176223927187,1.12631578947368));
#10239=CARTESIAN_POINT('',(5.19664703902546E-16,2.82901631902917,1.14736842105263));
#10240=CARTESIAN_POINT('',(-1.225,2.12176223927188,1.16842105263158));
#10241=CARTESIAN_POINT('',(-2.45,1.41450815951458,1.18947368421053));
#10242=CARTESIAN_POINT('',(-2.45,0.,1.21052631578947));
#10243=CARTESIAN_POINT('',(-2.45,-1.41450815951458,1.23157894736842));
#10244=CARTESIAN_POINT('',(-1.225,-2.12176223927187,1.25263157894737));
#10245=CARTESIAN_POINT('',(-1.73221567967516E-16,-2.82901631902917,1.27368421052632));
#10246=CARTESIAN_POINT('',(1.225,-2.12176223927187,1.29473684210526));
#10247=CARTESIAN_POINT('',(2.45,-1.41450815951458,1.31578947368421));
#10248=CARTESIAN_POINT('',(2.45,-3.00028556686482E-16,1.33684210526316));
#10249=CARTESIAN_POINT('',(2.45,1.41450815951458,1.35789473684211));
#10250=CARTESIAN_POINT('',(1.225,2.12176223927187,1.37894736842105));
#10251=CARTESIAN_POINT('',(5.19664703902546E-16,2.82901631902917,1.4));
#10252=CARTESIAN_POINT('',(-1.225,2.12176223927188,1.42105263157895));
#10253=CARTESIAN_POINT('',(-2.45,1.41450815951458,1.4421052631579));
#10254=CARTESIAN_POINT('',(-2.45,0.,1.46315789473684));
#10255=CARTESIAN_POINT('',(-2.45,-1.41450815951458,1.48421052631579));
#10256=CARTESIAN_POINT('',(-1.225,-2.12176223927187,1.50526315789474));
#10257=CARTESIAN_POINT('',(-1.73221567967516E-16,-2.82901631902917,1.52631578947368));
#10258=CARTESIAN_POINT('',(1.225,-2.12176223927187,1.54736842105263));
#10259=CARTESIAN_POINT('',(2.45,-1.41450815951458,1.56842105263158));
#10260=CARTESIAN_POINT('',(2.45,-3.00028556686482E-16,1.58947368421053));
#10261=CARTESIAN_POINT('',(2.45,1.41450815951458,1.61052631578947));
#10262=CARTESIAN_POINT('',(1.225,2.12176223927187,1.63157894736842));
#10263=CARTESIAN_POINT('',(5.19664703902546E-16,2.82901631902917,1.65263157894737));
#10264=CARTESIAN_POINT('',(-1.225,2.12176223927188,1.67368421052632));
#10265=CARTESIAN_POINT('',(-2.45,1.41450815951458,1.69473684210526));
#10266=CARTESIAN_POINT('',(-2.45,0.,1.71578947368421));
#10267=CARTESIAN_POINT('',(-2.45,-1.41450815951458,1.73684210526316));
#10268=CARTESIAN_POINT('',(-1.225,-2.12176223927187,1.75789473684211));
#10269=CARTESIAN_POINT('',(-1.73221567967516E-16,-2.82901631902917,1.77894736842105));
#10270=CARTESIAN_POINT('',(1.225,-2.12176223927187,1.8));
#10271=CARTESIAN_POINT('',(2.45,-1.41450815951458,1.82105263157895));
#10272=CARTESIAN_POINT('',(2.45,-3.00028556686482E-16,1.8421052631579));
#10273=CARTESIAN_POINT('',(2.45,1.41450815951458,1.86315789473684));
#10274=CARTESIAN_POINT('',(1.225,2.12176223927187,1.88421052631579));
#10275=CARTESIAN_POINT('',(5.19664703902546E-16,2.82901631902917,1.90526315789474));
#10276=CARTESIAN_POINT('',(-1.225,2.12176223927188,1.92631578947368));
#10277=CARTESIAN_POINT('',(-2.45,1.41450815951458,1.94736842105263));
#10278=CARTESIAN_POINT('',(-2.45,0.,1.96842105263158));
#10279=CARTESIAN_POINT('',(-2.45,-1.41450815951458,1.98947368421053));
#10280=CARTESIAN_POINT('',(-1.225,-2.12176223927187,2.01052631578947));
#10281=CARTESIAN_POINT('',(-1.73221567967516E-16,-2.82901631902917,2.03157894736842));
#10282=CARTESIAN_POINT('',(1.225,-2.12176223927187,2.05263157894737));
#10283=CARTESIAN_POINT('',(2.45,-1.41450815951458,2.07368421052632));
#10284=CARTESIAN_POINT('',(2.45,-3.00028556686482E-16,2.09473684210526));
#10285=CARTESIAN_POINT('',(2.45,1.41450815951458,2.11578947368421));
#10286=CARTESIAN_POINT('',(1.225,2.12176223927187,2.13684210526316));
#10287=CARTESIAN_POINT('',(5.19664703902546E-16,2.82901631902917,2.15789473684211));
#10288=CARTESIAN_POINT('',(-1.225,2.12176223927188,2.17894736842105));
#10289=CARTESIAN_POINT('',(-2.45,1.41450815951458,2.2));
#10290=CARTESIAN_POINT('',(-2.45,0.,2.22105263157895));
#10291=CARTESIAN_POINT('',(-2.45,-1.41450815951458,2.24210526315789));
#10292=CARTESIAN_POINT('',(-1.225,-2.12176223927187,2.26315789473684));
#10293=CARTESIAN_POINT('',(-1.73221567967516E-16,-2.82901631902917,2.28421052631579));
#10294=CARTESIAN_POINT('',(1.225,-2.12176223927187,2.30526315789474));
#10295=CARTESIAN_POINT('',(2.45,-1.41450815951458,2.32631578947368));
#10296=CARTESIAN_POINT('',(2.45,-3.00028556686482E-16,2.34736842105263));
#10297=CARTESIAN_POINT('',(2.45,1.41450815951458,2.36842105263158));
#10298=CARTESIAN_POINT('',(1.225,2.12176223927187,2.38947368421053));
#10299=CARTESIAN_POINT('',(5.19664703902546E-16,2.82901631902917,2.41052631578947));
#10300=CARTESIAN_POINT('',(-1.225,2.12176223927188,2.43157894736842));
#10301=CARTESIAN_POINT('',(-2.45,1.41450815951458,2.45263157894737));
#10302=CARTESIAN_POINT('',(-2.45,0.,2.47368421052632));
#10303=CARTESIAN_POINT('',(-2.45,-1.41450815951458,2.49473684210526));
#10304=CARTESIAN_POINT('',(-1.225,-2.12176223927187,2.51578947368421));
#10305=CARTESIAN_POINT('',(-1.73221567967516E-16,-2.82901631902917,2.53684210526316));
#10306=CARTESIAN_POINT('',(1.225,-2.12176223927187,2.55789473684211));
#10307=CARTESIAN_POINT('',(2.10180721233093,-1.6155373592052,2.57296338925596));
#10308=CARTESIAN_POINT('',(2.36546600403232,-0.638020833333326,2.58977771432362));
#10309=CARTESIAN_POINT('',(-4.48955792602053,-1.2109375,0.210222285676378));
#10310=CARTESIAN_POINT('',(-3.98914430095463,-3.0662239674711,0.227036610744044));
#10311=CARTESIAN_POINT('',(-2.325,-4.02701812759764,0.242105263157895));
#10312=CARTESIAN_POINT('',(-3.28767465734264E-16,-5.36935750346352,0.263157894736842));
#10313=CARTESIAN_POINT('',(2.325,-4.02701812759764,0.284210526315789));
#10314=CARTESIAN_POINT('',(4.65,-2.68467875173176,0.305263157894737));
#10315=CARTESIAN_POINT('',(4.65,-5.69441954527405E-16,0.326315789473684));
#10316=CARTESIAN_POINT('',(4.65,2.68467875173176,0.347368421052632));
#10317=CARTESIAN_POINT('',(2.325,4.02701812759764,0.368421052631579));
#10318=CARTESIAN_POINT('',(9.86302397202793E-16,5.36935750346352,0.389473684210526));
#10319=CARTESIAN_POINT('',(-2.325,4.02701812759764,0.410526315789474));
#10320=CARTESIAN_POINT('',(-4.65,2.68467875173176,0.431578947368421));
#10321=CARTESIAN_POINT('',(-4.65,0.,0.452631578947368));
#10322=CARTESIAN_POINT('',(-4.65,-2.68467875173176,0.473684210526316));
#10323=CARTESIAN_POINT('',(-2.325,-4.02701812759764,0.494736842105263));
#10324=CARTESIAN_POINT('',(-3.28767465734264E-16,-5.36935750346352,0.515789473684211));
#10325=CARTESIAN_POINT('',(2.325,-4.02701812759764,0.536842105263158));
#10326=CARTESIAN_POINT('',(4.65,-2.68467875173176,0.557894736842105));
#10327=CARTESIAN_POINT('',(4.65,-5.69441954527405E-16,0.578947368421053));
#10328=CARTESIAN_POINT('',(4.65,2.68467875173176,0.6));
#10329=CARTESIAN_POINT('',(2.325,4.02701812759764,0.621052631578947));
#10330=CARTESIAN_POINT('',(9.86302397202793E-16,5.36935750346352,0.642105263157895));
#10331=CARTESIAN_POINT('',(-2.325,4.02701812759764,0.663157894736842));
#10332=CARTESIAN_POINT('',(-4.65,2.68467875173176,0.684210526315789));
#10333=CARTESIAN_POINT('',(-4.65,0.,0.705263157894737));
#10334=CARTESIAN_POINT('',(-4.65,-2.68467875173176,0.726315789473684));
#10335=CARTESIAN_POINT('',(-2.325,-4.02701812759764,0.747368421052632));
#10336=CARTESIAN_POINT('',(-3.28767465734264E-16,-5.36935750346352,0.768421052631579));
#10337=CARTESIAN_POINT('',(2.325,-4.02701812759764,0.789473684210526));
#10338=CARTESIAN_POINT('',(4.65,-2.68467875173176,0.810526315789474));
#10339=CARTESIAN_POINT('',(4.65,-5.69441954527405E-16,0.831578947368421));
#10340=CARTESIAN_POINT('',(4.65,2.68467875173176,0.852631578947368));
#10341=CARTESIAN_POINT('',(2.325,4.02701812759764,0.873684210526316));
#10342=CARTESIAN_POINT('',(9.86302397202793E-16,5.36935750346352,0.894736842105263));
#10343=CARTESIAN_POINT('',(-2.325,4.02701812759764,0.91578947368421));
#10344=CARTESIAN_POINT('',(-4.65,2.68467875173176,0.936842105263158));
#10345=CARTESIAN_POINT('',(-4.65,0.,0.957894736842105));
#10346=CARTESIAN_POINT('',(-4.65,-2.68467875173176,0.978947368421053));
#10347=CARTESIAN_POINT('',(-2.325,-4.02701812759764,1.));
#10348=CARTESIAN_POINT('',(-3.28767465734264E-16,-5.36935750346352,1.02105263157895));
#10349=CARTESIAN_POINT('',(2.325,-4.02701812759764,1.04210526315789));
#10350=CARTESIAN_POINT('',(4.65,-2.68467875173176,1.06315789473684));
#10351=CARTESIAN_POINT('',(4.65,-5.69441954527405E-16,1.08421052631579));
#10352=CARTESIAN_POINT('',(4.65,2.68467875173176,1.10526315789474));
#10353=CARTESIAN_POINT('',(2.325,4.02701812759764,1.12631578947368));
#10354=CARTESIAN_POINT('',(9.86302397202793E-16,5.36935750346352,1.14736842105263));
#10355=CARTESIAN_POINT('',(-2.325,4.02701812759764,1.16842105263158));
#10356=CARTESIAN_POINT('',(-4.65,2.68467875173176,1.18947368421053));
#10357=CARTESIAN_POINT('',(-4.65,0.,1.21052631578947));
#10358=CARTESIAN_POINT('',(-4.65,-2.68467875173176,1.23157894736842));
#10359=CARTESIAN_POINT('',(-2.325,-4.02701812759764,1.25263157894737));
#10360=CARTESIAN_POINT('',(-3.28767465734264E-16,-5.36935750346352,1.27368421052632));
#10361=CARTESIAN_POINT('',(2.325,-4.02701812759764,1.29473684210526));
#10362=CARTESIAN_POINT('',(4.65,-2.68467875173176,1.31578947368421));
#10363=CARTESIAN_POINT('',(4.65,-5.69441954527405E-16,1.33684210526316));
#10364=CARTESIAN_POINT('',(4.65,2.68467875173176,1.35789473684211));
#10365=CARTESIAN_POINT('',(2.325,4.02701812759764,1.37894736842105));
#10366=CARTESIAN_POINT('',(9.86302397202793E-16,5.36935750346352,1.4));
#10367=CARTESIAN_POINT('',(-2.325,4.02701812759764,1.42105263157895));
#10368=CARTESIAN_POINT('',(-4.65,2.68467875173176,1.4421052631579));
#10369=CARTESIAN_POINT('',(-4.65,0.,1.46315789473684));
#10370=CARTESIAN_POINT('',(-4.65,-2.68467875173176,1.48421052631579));
#10371=CARTESIAN_POINT('',(-2.325,-4.02701812759764,1.50526315789474));
#10372=CARTESIAN_POINT('',(-3.28767465734264E-16,-5.36935750346352,1.52631578947368));
#10373=CARTESIAN_POINT('',(2.325,-4.02701812759764,1.54736842105263));
#10374=CARTESIAN_POINT('',(4.65,-2.68467875173176,1.56842105263158));
#10375=CARTESIAN_POINT('',(4.65,-5.69441954527405E-16,1.58947368421053));
#10376=CARTESIAN_POINT('',(4.65,2.68467875173176,1.61052631578947));
#10377=CARTESIAN_POINT('',(2.325,4.02701812759764,1.63157894736842));
#10378=CARTESIAN_POINT('',(9.86302397202793E-16,5.36935750346352,1.65263157894737));
#10379=CARTESIAN_POINT('',(-2.325,4.02701812759764,1.67368421052632));
#10380=CARTESIAN_POINT('',(-4.65,2.68467875173176,1.69473684210526));
#10381=CARTESIAN_POINT('',(-4.65,0.,1.71578947368421));
#10382=CARTESIAN_POINT('',(-4.65,-2.68467875173176,1.73684210526316));
#10383=CARTESIAN_POINT('',(-2.325,-4.02701812759764,1.75789473684211));
#10384=CARTESIAN_POINT('',(-3.28767465734264E-16,-5.36935750346352,1.77894736842105));
#10385=CARTESIAN_POINT('',(2.325,-4.02701812759764,1.8));
#10386=CARTESIAN_POINT('',(4.65,-2.68467875173176,1.82105263157895));
#10387=CARTESIAN_POINT('',(4.65,-5.69441954527405E-16,1.84210526315789));
#10388=CARTESIAN_POINT('',(4.65,2.68467875173176,1.86315789473684));
#10389=CARTESIAN_POINT('',(2.325,4.02701812759764,1.88421052631579));
#10390=CARTESIAN_POINT('',(9.86302397202793E-16,5.36935750346352,1.90526315789474));
#10391=CARTESIAN_POINT('',(-2.325,4.02701812759764,1.92631578947368));
#10392=CARTESIAN_POINT('',(-4.65,2.68467875173176,1.94736842105263));
#10393=CARTESIAN_POINT('',(-4.65,0.,1.96842105263158));
#10394=CARTESIAN_POINT('',(-4.65,-2.68467875173176,1.98947368421053));
#10395=CARTESIAN_POINT('',(-2.325,-4.02701812759764,2.01052631578947));
#10396=CARTESIAN_POINT('',(-3.28767465734264E-16,-5.36935750346352,2.03157894736842));
#10397=CARTESIAN_POINT('',(2.325,-4.02701812759764,2.05263157894737));
#10398=CARTESIAN_POINT('',(4.65,-2.68467875173176,2.07368421052632));
#10399=CARTESIAN_POINT('',(4.65,-5.69441954527405E-16,2.09473684210526));
#10400=CARTESIAN_POINT('',(4.65,2.68467875173176,2.11578947368421));
#10401=CARTESIAN_POINT('',(2.325,4.02701812759764,2.13684210526316));
#10402=CARTESIAN_POINT('',(9.86302397202793E-16,5.36935750346352,2.15789473684211));
#10403=CARTESIAN_POINT('',(-2.325,4.02701812759764,2.17894736842105));
#10404=CARTESIAN_POINT('',(-4.65,2.68467875173176,2.2));
#10405=CARTESIAN_POINT('',(-4.65,0.,2.22105263157895));
#10406=CARTESIAN_POINT('',(-4.65,-2.68467875173176,2.24210526315789));
#10407=CARTESIAN_POINT('',(-2.325,-4.02701812759764,2.26315789473684));
#10408=CARTESIAN_POINT('',(-3.28767465734264E-16,-5.36935750346352,2.28421052631579));
#10409=CARTESIAN_POINT('',(2.325,-4.02701812759764,2.30526315789474));
#10410=CARTESIAN_POINT('',(4.65,-2.68467875173176,2.32631578947368));
#10411=CARTESIAN_POINT('',(4.65,-5.69441954527405E-16,2.34736842105263));
#10412=CARTESIAN_POINT('',(4.65,2.68467875173176,2.36842105263158));
#10413=CARTESIAN_POINT('',(2.325,4.02701812759764,2.38947368421053));
#10414=CARTESIAN_POINT('',(9.86302397202793E-16,5.36935750346352,2.41052631578947));
#10415=CARTESIAN_POINT('',(-2.325,4.02701812759764,2.43157894736842));
#10416=CARTESIAN_POINT('',(-4.65,2.68467875173176,2.45263157894737));
#10417=CARTESIAN_POINT('',(-4.65,0.,2.47368421052632));
#10418=CARTESIAN_POINT('',(-4.65,-2.68467875173176,2.49473684210526));
#10419=CARTESIAN_POINT('',(-2.325,-4.02701812759764,2.51578947368421));
#10420=CARTESIAN_POINT('',(-3.28767465734264E-16,-5.36935750346352,2.53684210526316));
#10421=CARTESIAN_POINT('',(2.325,-4.02701812759764,2.55789473684211));
#10422=CARTESIAN_POINT('',(3.98914430095463,-3.0662239674711,2.57296338925596));
#10423=CARTESIAN_POINT('',(4.48955792602053,-1.21093749999999,2.58977771432362));
#10424=CARTESIAN_POINT('',(4.48955792602053,-1.21093749999999,2.58977771432362));
#10425=CARTESIAN_POINT('',(3.7815272853578,-1.01996527777776,2.58977771432362));
#10426=CARTESIAN_POINT('',(3.07349664469506,-0.828993055555549,2.58977771432362));
#10427=CARTESIAN_POINT('',(2.36546600403232,-0.638020833333326,2.58977771432362));
#10428=CARTESIAN_POINT('',(-4.48955792602053,-1.2109375,0.210222285676378));
#10429=CARTESIAN_POINT('',(-3.78152728535779,-1.01996527777778,0.210222285676378));
#10430=CARTESIAN_POINT('',(-3.07349664469506,-0.828993055555556,0.210222285676378));
#10431=CARTESIAN_POINT('',(-2.36546600403232,-0.638020833333333,0.210222285676378));
#10432=CARTESIAN_POINT('',(-4.48955792602053,-1.2109375,0.0102222856763776));
#10433=CARTESIAN_POINT('',(-3.98914430095462,-3.06622396747111,0.0270366107440441));
#10434=CARTESIAN_POINT('',(-2.325,-4.02701812759764,0.0421052631578947));
#10435=CARTESIAN_POINT('',(-3.28767465734264E-16,-5.36935750346352,0.0631578947368421));
#10436=CARTESIAN_POINT('',(2.325,-4.02701812759764,0.0842105263157895));
#10437=CARTESIAN_POINT('',(4.65,-2.68467875173176,0.105263157894737));
#10438=CARTESIAN_POINT('',(4.65,-5.69441954527405E-16,0.126315789473684));
#10439=CARTESIAN_POINT('',(4.65,2.68467875173176,0.147368421052632));
#10440=CARTESIAN_POINT('',(2.325,4.02701812759764,0.168421052631579));
#10441=CARTESIAN_POINT('',(9.86302397202793E-16,5.36935750346352,0.189473684210526));
#10442=CARTESIAN_POINT('',(-2.325,4.02701812759764,0.210526315789474));
#10443=CARTESIAN_POINT('',(-4.65,2.68467875173176,0.231578947368421));
#10444=CARTESIAN_POINT('',(-4.65,0.,0.252631578947368));
#10445=CARTESIAN_POINT('',(-4.65,-2.68467875173176,0.273684210526316));
#10446=CARTESIAN_POINT('',(-2.325,-4.02701812759764,0.294736842105263));
#10447=CARTESIAN_POINT('',(-3.28767465734264E-16,-5.36935750346352,0.315789473684211));
#10448=CARTESIAN_POINT('',(2.325,-4.02701812759764,0.336842105263158));
#10449=CARTESIAN_POINT('',(4.65,-2.68467875173176,0.357894736842105));
#10450=CARTESIAN_POINT('',(4.65,-5.69441954527405E-16,0.378947368421053));
#10451=CARTESIAN_POINT('',(4.65,2.68467875173176,0.4));
#10452=CARTESIAN_POINT('',(2.325,4.02701812759764,0.421052631578947));
#10453=CARTESIAN_POINT('',(9.86302397202793E-16,5.36935750346352,0.442105263157895));
#10454=CARTESIAN_POINT('',(-2.325,4.02701812759764,0.463157894736842));
#10455=CARTESIAN_POINT('',(-4.65,2.68467875173176,0.484210526315789));
#10456=CARTESIAN_POINT('',(-4.65,0.,0.505263157894737));
#10457=CARTESIAN_POINT('',(-4.65,-2.68467875173176,0.526315789473684));
#10458=CARTESIAN_POINT('',(-2.325,-4.02701812759764,0.547368421052632));
#10459=CARTESIAN_POINT('',(-3.28767465734264E-16,-5.36935750346352,0.568421052631579));
#10460=CARTESIAN_POINT('',(2.325,-4.02701812759764,0.589473684210526));
#10461=CARTESIAN_POINT('',(4.65,-2.68467875173176,0.610526315789474));
#10462=CARTESIAN_POINT('',(4.65,-5.69441954527405E-16,0.631578947368421));
#10463=CARTESIAN_POINT('',(4.65,2.68467875173176,0.652631578947368));
#10464=CARTESIAN_POINT('',(2.325,4.02701812759764,0.673684210526316));
#10465=CARTESIAN_POINT('',(9.86302397202793E-16,5.36935750346352,0.694736842105263));
#10466=CARTESIAN_POINT('',(-2.325,4.02701812759764,0.715789473684211));
#10467=CARTESIAN_POINT('',(-4.65,2.68467875173176,0.736842105263158));
#10468=CARTESIAN_POINT('',(-4.65,0.,0.757894736842105));
#10469=CARTESIAN_POINT('',(-4.65,-2.68467875173176,0.778947368421053));
#10470=CARTESIAN_POINT('',(-2.325,-4.02701812759764,0.8));
#10471=CARTESIAN_POINT('',(-3.28767465734264E-16,-5.36935750346352,0.821052631578947));
#10472=CARTESIAN_POINT('',(2.325,-4.02701812759764,0.842105263157895));
#10473=CARTESIAN_POINT('',(4.65,-2.68467875173176,0.863157894736842));
#10474=CARTESIAN_POINT('',(4.65,-5.69441954527405E-16,0.88421052631579));
#10475=CARTESIAN_POINT('',(4.65,2.68467875173176,0.905263157894737));
#10476=CARTESIAN_POINT('',(2.325,4.02701812759764,0.926315789473684));
#10477=CARTESIAN_POINT('',(9.86302397202793E-16,5.36935750346352,0.947368421052632));
#10478=CARTESIAN_POINT('',(-2.325,4.02701812759764,0.968421052631579));
#10479=CARTESIAN_POINT('',(-4.65,2.68467875173176,0.989473684210526));
#10480=CARTESIAN_POINT('',(-4.65,0.,1.01052631578947));
#10481=CARTESIAN_POINT('',(-4.65,-2.68467875173176,1.03157894736842));
#10482=CARTESIAN_POINT('',(-2.325,-4.02701812759764,1.05263157894737));
#10483=CARTESIAN_POINT('',(-3.28767465734264E-16,-5.36935750346352,1.07368421052632));
#10484=CARTESIAN_POINT('',(2.325,-4.02701812759764,1.09473684210526));
#10485=CARTESIAN_POINT('',(4.65,-2.68467875173176,1.11578947368421));
#10486=CARTESIAN_POINT('',(4.65,-5.69441954527405E-16,1.13684210526316));
#10487=CARTESIAN_POINT('',(4.65,2.68467875173176,1.15789473684211));
#10488=CARTESIAN_POINT('',(2.325,4.02701812759764,1.17894736842105));
#10489=CARTESIAN_POINT('',(9.86302397202793E-16,5.36935750346352,1.2));
#10490=CARTESIAN_POINT('',(-2.325,4.02701812759764,1.22105263157895));
#10491=CARTESIAN_POINT('',(-4.65,2.68467875173176,1.24210526315789));
#10492=CARTESIAN_POINT('',(-4.65,0.,1.26315789473684));
#10493=CARTESIAN_POINT('',(-4.65,-2.68467875173176,1.28421052631579));
#10494=CARTESIAN_POINT('',(-2.325,-4.02701812759764,1.30526315789474));
#10495=CARTESIAN_POINT('',(-3.28767465734264E-16,-5.36935750346352,1.32631578947368));
#10496=CARTESIAN_POINT('',(2.325,-4.02701812759764,1.34736842105263));
#10497=CARTESIAN_POINT('',(4.65,-2.68467875173176,1.36842105263158));
#10498=CARTESIAN_POINT('',(4.65,-5.69441954527405E-16,1.38947368421053));
#10499=CARTESIAN_POINT('',(4.65,2.68467875173176,1.41052631578947));
#10500=CARTESIAN_POINT('',(2.325,4.02701812759764,1.43157894736842));
#10501=CARTESIAN_POINT('',(9.86302397202793E-16,5.36935750346352,1.45263157894737));
#10502=CARTESIAN_POINT('',(-2.325,4.02701812759764,1.47368421052632));
#10503=CARTESIAN_POINT('',(-4.65,2.68467875173176,1.49473684210526));
#10504=CARTESIAN_POINT('',(-4.65,0.,1.51578947368421));
#10505=CARTESIAN_POINT('',(-4.65,-2.68467875173176,1.53684210526316));
#10506=CARTESIAN_POINT('',(-2.325,-4.02701812759764,1.55789473684211));
#10507=CARTESIAN_POINT('',(-3.28767465734264E-16,-5.36935750346352,1.57894736842105));
#10508=CARTESIAN_POINT('',(2.325,-4.02701812759764,1.6));
#10509=CARTESIAN_POINT('',(4.65,-2.68467875173176,1.62105263157895));
#10510=CARTESIAN_POINT('',(4.65,-5.69441954527405E-16,1.64210526315789));
#10511=CARTESIAN_POINT('',(4.65,2.68467875173176,1.66315789473684));
#10512=CARTESIAN_POINT('',(2.325,4.02701812759764,1.68421052631579));
#10513=CARTESIAN_POINT('',(9.86302397202793E-16,5.36935750346352,1.70526315789474));
#10514=CARTESIAN_POINT('',(-2.325,4.02701812759764,1.72631578947368));
#10515=CARTESIAN_POINT('',(-4.65,2.68467875173176,1.74736842105263));
#10516=CARTESIAN_POINT('',(-4.65,0.,1.76842105263158));
#10517=CARTESIAN_POINT('',(-4.65,-2.68467875173176,1.78947368421053));
#10518=CARTESIAN_POINT('',(-2.325,-4.02701812759764,1.81052631578947));
#10519=CARTESIAN_POINT('',(-3.28767465734264E-16,-5.36935750346352,1.83157894736842));
#10520=CARTESIAN_POINT('',(2.325,-4.02701812759764,1.85263157894737));
#10521=CARTESIAN_POINT('',(4.65,-2.68467875173176,1.87368421052632));
#10522=CARTESIAN_POINT('',(4.65,-5.69441954527405E-16,1.89473684210526));
#10523=CARTESIAN_POINT('',(4.65,2.68467875173176,1.91578947368421));
#10524=CARTESIAN_POINT('',(2.325,4.02701812759764,1.93684210526316));
#10525=CARTESIAN_POINT('',(9.86302397202793E-16,5.36935750346352,1.95789473684211));
#10526=CARTESIAN_POINT('',(-2.325,4.02701812759764,1.97894736842105));
#10527=CARTESIAN_POINT('',(-4.65,2.68467875173176,2.));
#10528=CARTESIAN_POINT('',(-4.65,0.,2.02105263157895));
#10529=CARTESIAN_POINT('',(-4.65,-2.68467875173176,2.04210526315789));
#10530=CARTESIAN_POINT('',(-2.325,-4.02701812759764,2.06315789473684));
#10531=CARTESIAN_POINT('',(-3.28767465734264E-16,-5.36935750346352,2.08421052631579));
#10532=CARTESIAN_POINT('',(2.325,-4.02701812759764,2.10526315789474));
#10533=CARTESIAN_POINT('',(4.65,-2.68467875173176,2.12631578947368));
#10534=CARTESIAN_POINT('',(4.65,-5.69441954527405E-16,2.14736842105263));
#10535=CARTESIAN_POINT('',(4.65,2.68467875173176,2.16842105263158));
#10536=CARTESIAN_POINT('',(2.325,4.02701812759764,2.18947368421053));
#10537=CARTESIAN_POINT('',(9.86302397202793E-16,5.36935750346352,2.21052631578947));
#10538=CARTESIAN_POINT('',(-2.325,4.02701812759764,2.23157894736842));
#10539=CARTESIAN_POINT('',(-4.65,2.68467875173176,2.25263157894737));
#10540=CARTESIAN_POINT('',(-4.65,0.,2.27368421052632));
#10541=CARTESIAN_POINT('',(-4.65,-2.68467875173176,2.29473684210526));
#10542=CARTESIAN_POINT('',(-2.325,-4.02701812759764,2.31578947368421));
#10543=CARTESIAN_POINT('',(-3.28767465734264E-16,-5.36935750346352,2.33684210526316));
#10544=CARTESIAN_POINT('',(2.325,-4.02701812759764,2.35789473684211));
#10545=CARTESIAN_POINT('',(3.98914430095463,-3.0662239674711,2.37296338925596));
#10546=CARTESIAN_POINT('',(4.48955792602053,-1.21093749999999,2.38977771432362));
#10547=CARTESIAN_POINT('',(-2.36546600403232,-0.638020833333332,0.0102222856763776));
#10548=CARTESIAN_POINT('',(-2.10180721233093,-1.6155373592052,0.0270366107440441));
#10549=CARTESIAN_POINT('',(-1.225,-2.12176223927187,0.0421052631578947));
#10550=CARTESIAN_POINT('',(-1.73221567967515E-16,-2.82901631902916,0.0631578947368421));
#10551=CARTESIAN_POINT('',(1.225,-2.12176223927187,0.0842105263157895));
#10552=CARTESIAN_POINT('',(2.44999999999999,-1.41450815951458,0.105263157894737));
#10553=CARTESIAN_POINT('',(2.44999999999999,-3.00028556686482E-16,0.126315789473684));
#10554=CARTESIAN_POINT('',(2.44999999999999,1.41450815951458,0.147368421052632));
#10555=CARTESIAN_POINT('',(1.225,2.12176223927187,0.168421052631579));
#10556=CARTESIAN_POINT('',(5.19664703902545E-16,2.82901631902916,0.189473684210526));
#10557=CARTESIAN_POINT('',(-1.225,2.12176223927187,0.210526315789474));
#10558=CARTESIAN_POINT('',(-2.44999999999999,1.41450815951458,0.231578947368421));
#10559=CARTESIAN_POINT('',(-2.44999999999999,0.,0.252631578947368));
#10560=CARTESIAN_POINT('',(-2.44999999999999,-1.41450815951458,0.273684210526316));
#10561=CARTESIAN_POINT('',(-1.225,-2.12176223927187,0.294736842105263));
#10562=CARTESIAN_POINT('',(-1.73221567967515E-16,-2.82901631902916,0.315789473684211));
#10563=CARTESIAN_POINT('',(1.225,-2.12176223927187,0.336842105263158));
#10564=CARTESIAN_POINT('',(2.44999999999999,-1.41450815951458,0.357894736842105));
#10565=CARTESIAN_POINT('',(2.44999999999999,-3.00028556686482E-16,0.378947368421053));
#10566=CARTESIAN_POINT('',(2.44999999999999,1.41450815951458,0.4));
#10567=CARTESIAN_POINT('',(1.225,2.12176223927187,0.421052631578947));
#10568=CARTESIAN_POINT('',(5.19664703902545E-16,2.82901631902916,0.442105263157895));
#10569=CARTESIAN_POINT('',(-1.225,2.12176223927187,0.463157894736842));
#10570=CARTESIAN_POINT('',(-2.44999999999999,1.41450815951458,0.484210526315789));
#10571=CARTESIAN_POINT('',(-2.44999999999999,0.,0.505263157894737));
#10572=CARTESIAN_POINT('',(-2.44999999999999,-1.41450815951458,0.526315789473684));
#10573=CARTESIAN_POINT('',(-1.225,-2.12176223927187,0.547368421052632));
#10574=CARTESIAN_POINT('',(-1.73221567967515E-16,-2.82901631902916,0.568421052631579));
#10575=CARTESIAN_POINT('',(1.225,-2.12176223927187,0.589473684210526));
#10576=CARTESIAN_POINT('',(2.44999999999999,-1.41450815951458,0.610526315789474));
#10577=CARTESIAN_POINT('',(2.44999999999999,-3.00028556686482E-16,0.631578947368421));
#10578=CARTESIAN_POINT('',(2.44999999999999,1.41450815951458,0.652631578947368));
#10579=CARTESIAN_POINT('',(1.225,2.12176223927187,0.673684210526316));
#10580=CARTESIAN_POINT('',(5.19664703902545E-16,2.82901631902916,0.694736842105263));
#10581=CARTESIAN_POINT('',(-1.225,2.12176223927187,0.715789473684211));
#10582=CARTESIAN_POINT('',(-2.44999999999999,1.41450815951458,0.736842105263158));
#10583=CARTESIAN_POINT('',(-2.44999999999999,0.,0.757894736842105));
#10584=CARTESIAN_POINT('',(-2.44999999999999,-1.41450815951458,0.778947368421053));
#10585=CARTESIAN_POINT('',(-1.225,-2.12176223927187,0.8));
#10586=CARTESIAN_POINT('',(-1.73221567967515E-16,-2.82901631902916,0.821052631578947));
#10587=CARTESIAN_POINT('',(1.225,-2.12176223927187,0.842105263157895));
#10588=CARTESIAN_POINT('',(2.44999999999999,-1.41450815951458,0.863157894736842));
#10589=CARTESIAN_POINT('',(2.44999999999999,-3.00028556686482E-16,0.88421052631579));
#10590=CARTESIAN_POINT('',(2.44999999999999,1.41450815951458,0.905263157894737));
#10591=CARTESIAN_POINT('',(1.225,2.12176223927187,0.926315789473684));
#10592=CARTESIAN_POINT('',(5.19664703902545E-16,2.82901631902916,0.947368421052632));
#10593=CARTESIAN_POINT('',(-1.225,2.12176223927187,0.968421052631579));
#10594=CARTESIAN_POINT('',(-2.44999999999999,1.41450815951458,0.989473684210526));
#10595=CARTESIAN_POINT('',(-2.44999999999999,0.,1.01052631578947));
#10596=CARTESIAN_POINT('',(-2.44999999999999,-1.41450815951458,1.03157894736842));
#10597=CARTESIAN_POINT('',(-1.225,-2.12176223927187,1.05263157894737));
#10598=CARTESIAN_POINT('',(-1.73221567967515E-16,-2.82901631902916,1.07368421052632));
#10599=CARTESIAN_POINT('',(1.225,-2.12176223927187,1.09473684210526));
#10600=CARTESIAN_POINT('',(2.44999999999999,-1.41450815951458,1.11578947368421));
#10601=CARTESIAN_POINT('',(2.44999999999999,-3.00028556686482E-16,1.13684210526316));
#10602=CARTESIAN_POINT('',(2.44999999999999,1.41450815951458,1.15789473684211));
#10603=CARTESIAN_POINT('',(1.225,2.12176223927187,1.17894736842105));
#10604=CARTESIAN_POINT('',(5.19664703902545E-16,2.82901631902916,1.2));
#10605=CARTESIAN_POINT('',(-1.225,2.12176223927187,1.22105263157895));
#10606=CARTESIAN_POINT('',(-2.44999999999999,1.41450815951458,1.24210526315789));
#10607=CARTESIAN_POINT('',(-2.44999999999999,0.,1.26315789473684));
#10608=CARTESIAN_POINT('',(-2.44999999999999,-1.41450815951458,1.28421052631579));
#10609=CARTESIAN_POINT('',(-1.225,-2.12176223927187,1.30526315789474));
#10610=CARTESIAN_POINT('',(-1.73221567967515E-16,-2.82901631902916,1.32631578947368));
#10611=CARTESIAN_POINT('',(1.225,-2.12176223927187,1.34736842105263));
#10612=CARTESIAN_POINT('',(2.44999999999999,-1.41450815951458,1.36842105263158));
#10613=CARTESIAN_POINT('',(2.44999999999999,-3.00028556686482E-16,1.38947368421053));
#10614=CARTESIAN_POINT('',(2.44999999999999,1.41450815951458,1.41052631578947));
#10615=CARTESIAN_POINT('',(1.225,2.12176223927187,1.43157894736842));
#10616=CARTESIAN_POINT('',(5.19664703902545E-16,2.82901631902916,1.45263157894737));
#10617=CARTESIAN_POINT('',(-1.225,2.12176223927187,1.47368421052632));
#10618=CARTESIAN_POINT('',(-2.44999999999999,1.41450815951458,1.49473684210526));
#10619=CARTESIAN_POINT('',(-2.44999999999999,0.,1.51578947368421));
#10620=CARTESIAN_POINT('',(-2.44999999999999,-1.41450815951458,1.53684210526316));
#10621=CARTESIAN_POINT('',(-1.225,-2.12176223927187,1.55789473684211));
#10622=CARTESIAN_POINT('',(-1.73221567967515E-16,-2.82901631902916,1.57894736842105));
#10623=CARTESIAN_POINT('',(1.225,-2.12176223927187,1.6));
#10624=CARTESIAN_POINT('',(2.44999999999999,-1.41450815951458,1.62105263157895));
#10625=CARTESIAN_POINT('',(2.44999999999999,-3.00028556686482E-16,1.64210526315789));
#10626=CARTESIAN_POINT('',(2.44999999999999,1.41450815951458,1.66315789473684));
#10627=CARTESIAN_POINT('',(1.225,2.12176223927187,1.68421052631579));
#10628=CARTESIAN_POINT('',(5.19664703902545E-16,2.82901631902916,1.70526315789474));
#10629=CARTESIAN_POINT('',(-1.225,2.12176223927187,1.72631578947368));
#10630=CARTESIAN_POINT('',(-2.44999999999999,1.41450815951458,1.74736842105263));
#10631=CARTESIAN_POINT('',(-2.44999999999999,0.,1.76842105263158));
#10632=CARTESIAN_POINT('',(-2.44999999999999,-1.41450815951458,1.78947368421053));
#10633=CARTESIAN_POINT('',(-1.225,-2.12176223927187,1.81052631578947));
#10634=CARTESIAN_POINT('',(-1.73221567967515E-16,-2.82901631902916,1.83157894736842));
#10635=CARTESIAN_POINT('',(1.225,-2.12176223927187,1.85263157894737));
#10636=CARTESIAN_POINT('',(2.44999999999999,-1.41450815951458,1.87368421052632));
#10637=CARTESIAN_POINT('',(2.44999999999999,-3.00028556686482E-16,1.89473684210526));
#10638=CARTESIAN_POINT('',(2.44999999999999,1.41450815951458,1.91578947368421));
#10639=CARTESIAN_POINT('',(1.225,2.12176223927187,1.93684210526316));
#10640=CARTESIAN_POINT('',(5.19664703902545E-16,2.82901631902916,1.95789473684211));
#10641=CARTESIAN_POINT('',(-1.225,2.12176223927187,1.97894736842105));
#10642=CARTESIAN_POINT('',(-2.44999999999999,1.41450815951458,2.));
#10643=CARTESIAN_POINT('',(-2.44999999999999,0.,2.02105263157895));
#10644=CARTESIAN_POINT('',(-2.44999999999999,-1.41450815951458,2.04210526315789));
#10645=CARTESIAN_POINT('',(-1.225,-2.12176223927187,2.06315789473684));
#10646=CARTESIAN_POINT('',(-1.73221567967515E-16,-2.82901631902916,2.08421052631579));
#10647=CARTESIAN_POINT('',(1.225,-2.12176223927187,2.10526315789474));
#10648=CARTESIAN_POINT('',(2.44999999999999,-1.41450815951458,2.12631578947368));
#10649=CARTESIAN_POINT('',(2.44999999999999,-3.00028556686482E-16,2.14736842105263));
#10650=CARTESIAN_POINT('',(2.44999999999999,1.41450815951458,2.16842105263158));
#10651=CARTESIAN_POINT('',(1.225,2.12176223927187,2.18947368421053));
#10652=CARTESIAN_POINT('',(5.19664703902545E-16,2.82901631902916,2.21052631578947));
#10653=CARTESIAN_POINT('',(-1.225,2.12176223927187,2.23157894736842));
#10654=CARTESIAN_POINT('',(-2.44999999999999,1.41450815951458,2.25263157894737));
#10655=CARTESIAN_POINT('',(-2.44999999999999,0.,2.27368421052632));
#10656=CARTESIAN_POINT('',(-2.44999999999999,-1.41450815951458,2.29473684210526));
#10657=CARTESIAN_POINT('',(-1.225,-2.12176223927187,2.31578947368421));
#10658=CARTESIAN_POINT('',(-1.73221567967515E-16,-2.82901631902916,2.33684210526316));
#10659=CARTESIAN_POINT('',(1.225,-2.12176223927187,2.35789473684211));
#10660=CARTESIAN_POINT('',(2.10180721233093,-1.6155373592052,2.37296338925596));
#10661=CARTESIAN_POINT('',(2.36546600403232,-0.638020833333325,2.38977771432362));
#10662=CARTESIAN_POINT('',(4.48955792602053,-1.21093749999999,2.38977771432362));
#10663=CARTESIAN_POINT('',(3.78152728535779,-1.01996527777776,2.38977771432362));
#10664=CARTESIAN_POINT('',(3.07349664469506,-0.828993055555548,2.38977771432362));
#10665=CARTESIAN_POINT('',(2.36546600403232,-0.638020833333325,2.38977771432362));
#10666=CARTESIAN_POINT('',(-2.36546600403223,-0.638020833333637,0.0102222856763829));
#10667=CARTESIAN_POINT('',(-3.07349664469497,-0.82899305555586,0.0102222856763813));
#10668=CARTESIAN_POINT('',(-3.78152728535779,-1.01996527777778,0.0102222856763776));
#10669=CARTESIAN_POINT('',(-4.48955792602053,-1.2109375,0.0102222856763776));
#10670=CARTESIAN_POINT('',(-4.63438237524701,-1.1,14.4419527765465));
#10671=CARTESIAN_POINT('',(-4.63438237524701,-1.1,0.210222285676388));
#10672=CARTESIAN_POINT('',(-4.634382375247,-1.1,0.210222285676381));
#10673=CARTESIAN_POINT('',(-4.65000000000002,-1.1,0.210222285676381));
#10674=CARTESIAN_POINT('',(-5.02,-1.1,0.210222285676385));
#10675=CARTESIAN_POINT('',(-5.02,-1.1,0.210222285676381));
#10676=CARTESIAN_POINT('',(-5.02,-1.1,-0.01977771432362));
#10677=CARTESIAN_POINT('',(-5.25,-1.1,-0.0197777143236197));
#10678=CARTESIAN_POINT('',(-5.25000000000001,-1.1,-0.6));
#10679=CARTESIAN_POINT('',(-5.25,-1.1,-0.6));
#10680=CARTESIAN_POINT('',(-5.02,-1.1,-0.6));
#10681=CARTESIAN_POINT('',(-5.02,-1.1,-0.830000000000002));
#10682=CARTESIAN_POINT('',(-2.25,-1.1,-0.830000000000005));
#10683=CARTESIAN_POINT('',(-2.25,-1.1,-0.830000000000001));
#10684=CARTESIAN_POINT('',(-2.25,-1.1,-15.0617304908702));
#10685=CARTESIAN_POINT('',(-2.25,-1.1,-0.630000000000002));
#10686=CARTESIAN_POINT('',(-2.25,-1.1,-0.630000000000004));
#10687=CARTESIAN_POINT('',(-5.02,-1.1,-0.630000000000003));
#10688=CARTESIAN_POINT('',(-5.02,-1.1,-0.6));
#10689=CARTESIAN_POINT('',(-5.05,-1.1,-0.6));
#10690=CARTESIAN_POINT('',(-5.05000000000001,-1.1,-0.6));
#10691=CARTESIAN_POINT('',(-5.05,-1.1,-0.0197777143236197));
#10692=CARTESIAN_POINT('',(-5.02,-1.1,-0.01977771432362));
#10693=CARTESIAN_POINT('',(-5.02,-1.1,0.0102222856763823));
#10694=CARTESIAN_POINT('',(-5.02,-1.1,0.0102222856763843));
#10695=CARTESIAN_POINT('',(-4.65000000000002,-1.1,0.0102222856763789));
#10696=CARTESIAN_POINT('',(-4.63438237524701,-1.1,0.0102222856763808));
#10697=CARTESIAN_POINT('',(-4.634382375247,-1.1,0.0102222856763795));
#10698=CARTESIAN_POINT('',(-4.634382375247,-1.1,14.4419527765465));
#10699=CARTESIAN_POINT('',(-4.63438237524698,1.1,0.210222285676378));
#10700=CARTESIAN_POINT('',(-4.63958825016465,1.1,0.210222285676378));
#10701=CARTESIAN_POINT('',(-4.64479412508231,1.1,0.210222285676378));
#10702=CARTESIAN_POINT('',(-4.64999999999999,1.1,0.210222285676378));
#10703=CARTESIAN_POINT('',(-4.63438237524699,0.366666666666665,0.210222285676378));
#10704=CARTESIAN_POINT('',(-4.63958825016466,0.366666666666665,0.210222285676378));
#10705=CARTESIAN_POINT('',(-4.64479412508233,0.366666666666662,0.210222285676378));
#10706=CARTESIAN_POINT('',(-4.65,0.366666666666666,0.210222285676378));
#10707=CARTESIAN_POINT('',(-4.634382375247,-0.366666666666666,0.210222285676378));
#10708=CARTESIAN_POINT('',(-4.63958825016467,-0.366666666666666,0.210222285676378));
#10709=CARTESIAN_POINT('',(-4.64479412508234,-0.366666666666669,0.210222285676378));
#10710=CARTESIAN_POINT('',(-4.65000000000001,-0.366666666666665,0.210222285676378));
#10711=CARTESIAN_POINT('',(-4.63438237524701,-1.1,0.210222285676378));
#10712=CARTESIAN_POINT('',(-4.63958825016468,-1.1,0.210222285676378));
#10713=CARTESIAN_POINT('',(-4.64479412508235,-1.1,0.210222285676378));
#10714=CARTESIAN_POINT('',(-4.65000000000002,-1.1,0.210222285676378));
#10715=CARTESIAN_POINT('',(-4.634382375247,1.1,0.210222285676378));
#10716=CARTESIAN_POINT('',(-4.634382375247,0.366666666666666,0.210222285676378));
#10717=CARTESIAN_POINT('',(-4.634382375247,-0.366666666666668,0.210222285676378));
#10718=CARTESIAN_POINT('',(-4.634382375247,-1.1,0.210222285676378));
#10719=CARTESIAN_POINT('',(-4.634382375247,1.1,0.210222285676386));
#10720=CARTESIAN_POINT('',(-4.63438237524698,1.10000000000001,0.210222285676394));
#10721=CARTESIAN_POINT('',(-4.64999999999999,1.1,0.21022228567638));
#10722=CARTESIAN_POINT('',(-4.64999999999999,1.1,0.210222285676378));
#10723=CARTESIAN_POINT('',(-4.65,0.366666666666667,0.210222285676378));
#10724=CARTESIAN_POINT('',(-4.65000000000001,-0.366666666666667,0.210222285676378));
#10725=CARTESIAN_POINT('',(-4.65000000000002,-1.1,0.210222285676378));
#10726=CARTESIAN_POINT('',(-4.63438237524698,1.10000000000001,14.4419527765465));
#10727=CARTESIAN_POINT('',(-4.634382375247,1.1,14.4419527765465));
#10728=CARTESIAN_POINT('',(-4.63438237524699,1.10000000000001,0.0102222856763829));
#10729=CARTESIAN_POINT('',(-4.63438237524698,1.10000000000001,0.0102222856763843));
#10730=CARTESIAN_POINT('',(-4.64999999999999,1.10000000000001,0.0102222856763839));
#10731=CARTESIAN_POINT('',(-5.01999999999997,1.10000000000001,0.0102222856763895));
#10732=CARTESIAN_POINT('',(-5.01999999999997,1.10000000000001,0.0102222856763849));
#10733=CARTESIAN_POINT('',(-5.02,1.10000000000001,-0.01977771432362));
#10734=CARTESIAN_POINT('',(-5.05000000000001,1.10000000000001,-0.0197777143235889));
#10735=CARTESIAN_POINT('',(-5.05000000000001,1.10000000000001,-0.599999999999969));
#10736=CARTESIAN_POINT('',(-5.05000000000001,1.10000000000001,-0.599999999999969));
#10737=CARTESIAN_POINT('',(-5.02,1.10000000000001,-0.6));
#10738=CARTESIAN_POINT('',(-5.02000000000003,1.10000000000001,-0.630000000000005));
#10739=CARTESIAN_POINT('',(-2.25000000000003,1.10000000000001,-0.630000000000009));
#10740=CARTESIAN_POINT('',(-2.25000000000003,1.10000000000001,-0.630000000000004));
#10741=CARTESIAN_POINT('',(-2.25000000000003,1.10000000000001,-15.0617304908702));
#10742=CARTESIAN_POINT('',(-2.25000000000003,1.1,-0.83));
#10743=CARTESIAN_POINT('',(-2.25000000000003,1.10000000000001,-0.830000000000007));
#10744=CARTESIAN_POINT('',(-5.02000000000003,1.1,-0.830000000000001));
#10745=CARTESIAN_POINT('',(-5.02,1.10000000000001,-0.6));
#10746=CARTESIAN_POINT('',(-5.25,1.1,-0.599999999999969));
#10747=CARTESIAN_POINT('',(-5.25000000000001,1.10000000000001,-0.599999999999969));
#10748=CARTESIAN_POINT('',(-5.25,1.1,-0.0197777143235886));
#10749=CARTESIAN_POINT('',(-5.02,1.10000000000001,-0.01977771432362));
#10750=CARTESIAN_POINT('',(-5.01999999999997,1.1,0.210222285676381));
#10751=CARTESIAN_POINT('',(-5.01999999999997,1.10000000000001,0.210222285676387));
#10752=CARTESIAN_POINT('',(-4.63438237524701,-1.1,0.0102222856763776));
#10753=CARTESIAN_POINT('',(-4.63958825016468,-1.1,0.0102222856763776));
#10754=CARTESIAN_POINT('',(-4.64479412508235,-1.1,0.0102222856763776));
#10755=CARTESIAN_POINT('',(-4.65000000000002,-1.1,0.0102222856763776));
#10756=CARTESIAN_POINT('',(-4.634382375247,-0.366666666666665,0.0102222856763793));
#10757=CARTESIAN_POINT('',(-4.63958825016467,-0.366666666666665,0.0102222856763793));
#10758=CARTESIAN_POINT('',(-4.64479412508234,-0.366666666666668,0.0102222856763793));
#10759=CARTESIAN_POINT('',(-4.65000000000001,-0.366666666666664,0.0102222856763793));
#10760=CARTESIAN_POINT('',(-4.63438237524699,0.366666666666671,0.0102222856763811));
#10761=CARTESIAN_POINT('',(-4.63958825016466,0.366666666666671,0.0102222856763811));
#10762=CARTESIAN_POINT('',(-4.64479412508233,0.366666666666668,0.0102222856763811));
#10763=CARTESIAN_POINT('',(-4.65,0.366666666666671,0.0102222856763811));
#10764=CARTESIAN_POINT('',(-4.63438237524698,1.10000000000001,0.0102222856763828));
#10765=CARTESIAN_POINT('',(-4.63958825016465,1.10000000000001,0.0102222856763828));
#10766=CARTESIAN_POINT('',(-4.64479412508231,1.1,0.0102222856763828));
#10767=CARTESIAN_POINT('',(-4.64999999999999,1.10000000000001,0.0102222856763828));
#10768=CARTESIAN_POINT('',(-4.634382375247,-1.1,0.0102222856763776));
#10769=CARTESIAN_POINT('',(-4.634382375247,-0.366666666666666,0.0102222856763794));
#10770=CARTESIAN_POINT('',(-4.634382375247,0.36666666666667,0.0102222856763811));
#10771=CARTESIAN_POINT('',(-4.634382375247,1.10000000000001,0.0102222856763829));
#10772=CARTESIAN_POINT('',(-4.65000000000002,-1.1,0.0102222856763776));
#10773=CARTESIAN_POINT('',(-4.65000000000001,-0.366666666666665,0.0102222856763794));
#10774=CARTESIAN_POINT('',(-4.65,0.366666666666671,0.0102222856763811));
#10775=CARTESIAN_POINT('',(-4.64999999999999,1.10000000000001,0.0102222856763829));
#10776=CARTESIAN_POINT('',(-4.634382375247,-1.25,0.));
#10777=CARTESIAN_POINT('',(-4.634382375247,-1.25,0.0102222856763808));
#10778=CARTESIAN_POINT('',(-4.634382375247,-1.25,0.210222285676388));
#10779=CARTESIAN_POINT('',(-3.42751196502642,-0.924479166666667,0.210222285676378));
#10780=CARTESIAN_POINT('',(-4.634382375247,-1.25,0.210222285676394));
#10781=CARTESIAN_POINT('',(-4.634382375247,-1.25,0.));
#10782=CARTESIAN_POINT('',(-4.634382375247,-1.25,0.0102222856763843));
#10783=CARTESIAN_POINT('',(-3.42751196502642,-0.924479166666666,0.0102222856763802));
#10784=CARTESIAN_POINT('',(4.634382375247,-1.1,16.9465460908597));
#10785=CARTESIAN_POINT('',(4.634382375247,-1.1,2.38977771432362));
#10786=CARTESIAN_POINT('',(4.634382375247,-1.1,2.38977771432362));
#10787=CARTESIAN_POINT('',(4.65,-1.1,2.38977771432362));
#10788=CARTESIAN_POINT('',(4.95,-1.1,2.38977771432362));
#10789=CARTESIAN_POINT('',(4.95,-1.1,2.38977771432362));
#10790=CARTESIAN_POINT('',(4.95,-1.1,2.28977771432362));
#10791=CARTESIAN_POINT('',(5.05,-1.1,2.28977771432362));
#10792=CARTESIAN_POINT('',(5.05,-1.1,-0.6));
#10793=CARTESIAN_POINT('',(5.05,-1.1,-0.600000000000001));
#10794=CARTESIAN_POINT('',(5.02,-1.1,-0.6));
#10795=CARTESIAN_POINT('',(5.02,-1.1,-0.63));
#10796=CARTESIAN_POINT('',(2.25,-1.1,-0.63));
#10797=CARTESIAN_POINT('',(2.25,-1.1,-0.63));
#10798=CARTESIAN_POINT('',(2.25000000000002,-1.1,-15.1867683765361));
#10799=CARTESIAN_POINT('',(2.25,-1.1,-0.830000000000001));
#10800=CARTESIAN_POINT('',(2.25,-1.1,-0.83));
#10801=CARTESIAN_POINT('',(5.02,-1.1,-0.830000000000001));
#10802=CARTESIAN_POINT('',(5.02,-1.1,-0.6));
#10803=CARTESIAN_POINT('',(5.25,-1.1,-0.6));
#10804=CARTESIAN_POINT('',(5.25,-1.1,-0.6));
#10805=CARTESIAN_POINT('',(5.25,-1.1,2.28977771432362));
#10806=CARTESIAN_POINT('',(4.95,-1.1,2.28977771432362));
#10807=CARTESIAN_POINT('',(4.95,-1.1,2.58977771432362));
#10808=CARTESIAN_POINT('',(4.95,-1.1,2.58977771432362));
#10809=CARTESIAN_POINT('',(4.65,-1.1,2.58977771432362));
#10810=CARTESIAN_POINT('',(4.634382375247,-1.1,2.58977771432362));
#10811=CARTESIAN_POINT('',(4.634382375247,-1.1,2.58977771432362));
#10812=CARTESIAN_POINT('',(4.634382375247,-1.1,16.9465460908597));
#10813=CARTESIAN_POINT('',(4.63438237524701,1.10000000000001,2.58977771432362));
#10814=CARTESIAN_POINT('',(4.63958825016467,1.10000000000001,2.58977771432362));
#10815=CARTESIAN_POINT('',(4.64479412508234,1.10000000000001,2.58977771432362));
#10816=CARTESIAN_POINT('',(4.65000000000001,1.10000000000001,2.58977771432362));
#10817=CARTESIAN_POINT('',(4.63438237524701,0.366666666666678,2.58977771432362));
#10818=CARTESIAN_POINT('',(4.63958825016467,0.366666666666678,2.58977771432362));
#10819=CARTESIAN_POINT('',(4.64479412508234,0.366666666666678,2.58977771432362));
#10820=CARTESIAN_POINT('',(4.65,0.366666666666678,2.58977771432362));
#10821=CARTESIAN_POINT('',(4.63438237524701,-0.366666666666667,2.58977771432362));
#10822=CARTESIAN_POINT('',(4.63958825016467,-0.366666666666667,2.58977771432362));
#10823=CARTESIAN_POINT('',(4.64479412508234,-0.366666666666667,2.58977771432362));
#10824=CARTESIAN_POINT('',(4.65,-0.366666666666667,2.58977771432362));
#10825=CARTESIAN_POINT('',(4.634382375247,-1.1,2.58977771432362));
#10826=CARTESIAN_POINT('',(4.63958825016467,-1.1,2.58977771432362));
#10827=CARTESIAN_POINT('',(4.64479412508233,-1.1,2.58977771432362));
#10828=CARTESIAN_POINT('',(4.65,-1.1,2.58977771432362));
#10829=CARTESIAN_POINT('',(4.65000000000001,1.10000000000001,2.58977771432362));
#10830=CARTESIAN_POINT('',(4.65,0.366666666666673,2.58977771432362));
#10831=CARTESIAN_POINT('',(4.65,-0.366666666666661,2.58977771432362));
#10832=CARTESIAN_POINT('',(4.65,-1.09999999999999,2.58977771432362));
#10833=CARTESIAN_POINT('',(4.65000000000001,1.10000000000001,2.58977771432362));
#10834=CARTESIAN_POINT('',(4.63438237524701,1.10000000000001,2.58977771432362));
#10835=CARTESIAN_POINT('',(4.63438237524701,1.10000000000001,2.58977771432362));
#10836=CARTESIAN_POINT('',(4.63438237524701,1.10000000000001,2.58977771432362));
#10837=CARTESIAN_POINT('',(4.63438237524701,0.366666666666673,2.58977771432362));
#10838=CARTESIAN_POINT('',(4.63438237524701,-0.366666666666661,2.58977771432362));
#10839=CARTESIAN_POINT('',(4.634382375247,-1.09999999999999,2.58977771432362));
#10840=CARTESIAN_POINT('',(4.63438237524701,1.10000000000001,16.9465460908597));
#10841=CARTESIAN_POINT('',(4.95000000000001,1.10000000000001,2.58977771432362));
#10842=CARTESIAN_POINT('',(4.95000000000001,1.10000000000001,2.58977771432362));
#10843=CARTESIAN_POINT('',(4.95,1.10000000000001,2.28977771432362));
#10844=CARTESIAN_POINT('',(5.25,1.10000000000001,2.28977771432361));
#10845=CARTESIAN_POINT('',(5.25,1.10000000000001,-0.600000000000008));
#10846=CARTESIAN_POINT('',(5.25,1.10000000000001,-0.600000000000008));
#10847=CARTESIAN_POINT('',(5.02,1.10000000000001,-0.6));
#10848=CARTESIAN_POINT('',(5.01999999999999,1.10000000000001,-0.830000000000001));
#10849=CARTESIAN_POINT('',(2.24999999999999,1.10000000000001,-0.83));
#10850=CARTESIAN_POINT('',(2.24999999999999,1.10000000000001,-0.830000000000001));
#10851=CARTESIAN_POINT('',(2.25000000000002,1.10000000000001,-15.1867683765361));
#10852=CARTESIAN_POINT('',(2.24999999999999,1.10000000000001,-0.63));
#10853=CARTESIAN_POINT('',(2.24999999999999,1.10000000000001,-0.63));
#10854=CARTESIAN_POINT('',(5.01999999999999,1.10000000000001,-0.63));
#10855=CARTESIAN_POINT('',(5.02,1.10000000000001,-0.6));
#10856=CARTESIAN_POINT('',(5.05,1.10000000000001,-0.600000000000008));
#10857=CARTESIAN_POINT('',(5.05,1.10000000000001,-0.600000000000008));
#10858=CARTESIAN_POINT('',(5.05,1.10000000000001,2.28977771432361));
#10859=CARTESIAN_POINT('',(4.95,1.10000000000001,2.28977771432362));
#10860=CARTESIAN_POINT('',(4.95000000000001,1.10000000000001,2.38977771432362));
#10861=CARTESIAN_POINT('',(4.95000000000001,1.10000000000001,2.38977771432362));
#10862=CARTESIAN_POINT('',(4.65000000000001,1.10000000000001,2.38977771432362));
#10863=CARTESIAN_POINT('',(4.63438237524701,1.10000000000001,2.38977771432362));
#10864=CARTESIAN_POINT('',(4.63438237524701,1.10000000000001,2.38977771432362));
#10865=CARTESIAN_POINT('',(4.63438237524701,1.10000000000001,16.9465460908597));
#10866=CARTESIAN_POINT('',(4.634382375247,-1.1,2.38977771432362));
#10867=CARTESIAN_POINT('',(4.63958825016467,-1.1,2.38977771432362));
#10868=CARTESIAN_POINT('',(4.64479412508233,-1.1,2.38977771432362));
#10869=CARTESIAN_POINT('',(4.65,-1.1,2.38977771432362));
#10870=CARTESIAN_POINT('',(4.63438237524701,-0.366666666666662,2.38977771432362));
#10871=CARTESIAN_POINT('',(4.63958825016467,-0.366666666666662,2.38977771432362));
#10872=CARTESIAN_POINT('',(4.64479412508234,-0.366666666666662,2.38977771432362));
#10873=CARTESIAN_POINT('',(4.65,-0.366666666666662,2.38977771432362));
#10874=CARTESIAN_POINT('',(4.63438237524701,0.36666666666668,2.38977771432362));
#10875=CARTESIAN_POINT('',(4.63958825016467,0.36666666666668,2.38977771432362));
#10876=CARTESIAN_POINT('',(4.64479412508234,0.36666666666668,2.38977771432362));
#10877=CARTESIAN_POINT('',(4.65,0.36666666666668,2.38977771432362));
#10878=CARTESIAN_POINT('',(4.63438237524701,1.10000000000001,2.38977771432362));
#10879=CARTESIAN_POINT('',(4.63958825016467,1.10000000000001,2.38977771432362));
#10880=CARTESIAN_POINT('',(4.64479412508234,1.10000000000001,2.38977771432362));
#10881=CARTESIAN_POINT('',(4.65000000000001,1.10000000000001,2.38977771432362));
#10882=CARTESIAN_POINT('',(4.65,-1.09999999999999,2.38977771432362));
#10883=CARTESIAN_POINT('',(4.65,-0.366666666666659,2.38977771432362));
#10884=CARTESIAN_POINT('',(4.65,0.366666666666676,2.38977771432362));
#10885=CARTESIAN_POINT('',(4.65000000000001,1.10000000000001,2.38977771432362));
#10886=CARTESIAN_POINT('',(4.634382375247,-1.09999999999999,2.38977771432362));
#10887=CARTESIAN_POINT('',(4.63438237524701,-0.366666666666659,2.38977771432362));
#10888=CARTESIAN_POINT('',(4.63438237524701,0.366666666666676,2.38977771432362));
#10889=CARTESIAN_POINT('',(4.63438237524701,1.10000000000001,2.38977771432362));
#10890=CARTESIAN_POINT('',(4.634382375247,-1.25,2.5));
#10891=CARTESIAN_POINT('',(4.634382375247,-1.25,2.58977771432362));
#10892=CARTESIAN_POINT('',(4.634382375247,-1.25,2.38977771432362));
#10893=CARTESIAN_POINT('',(3.42751196502642,-0.924479166666667,2.58977771432362));
#10894=CARTESIAN_POINT('',(4.634382375247,-1.25,2.58977771432362));
#10895=CARTESIAN_POINT('',(4.634382375247,-1.25,2.5));
#10896=CARTESIAN_POINT('',(4.634382375247,-1.25,2.38977771432362));
#10897=CARTESIAN_POINT('',(3.42751196502642,-0.924479166666666,2.38977771432362));
#10898=CARTESIAN_POINT('',(-5.01999999999997,1.10000000000001,0.0102222856763797));
#10899=CARTESIAN_POINT('',(-4.89666666666664,1.10000000000001,0.0102222856764749));
#10900=CARTESIAN_POINT('',(-4.77333333333331,1.10000000000001,0.0102222856763802));
#10901=CARTESIAN_POINT('',(-4.64999999999999,1.10000000000001,0.0102222856763802));
#10902=CARTESIAN_POINT('',(-5.01999999999998,0.36666666666667,0.0102222856763797));
#10903=CARTESIAN_POINT('',(-4.89666666666665,0.36666666666667,0.0102222856764749));
#10904=CARTESIAN_POINT('',(-4.77333333333333,0.36666666666667,0.0102222856763802));
#10905=CARTESIAN_POINT('',(-4.65,0.36666666666667,0.0102222856763802));
#10906=CARTESIAN_POINT('',(-5.01999999999999,-0.366666666666665,0.0102222856763797));
#10907=CARTESIAN_POINT('',(-4.89666666666667,-0.366666666666665,0.0102222856764749));
#10908=CARTESIAN_POINT('',(-4.77333333333333,-0.366666666666665,0.0102222856763802));
#10909=CARTESIAN_POINT('',(-4.65000000000001,-0.366666666666665,0.0102222856763802));
#10910=CARTESIAN_POINT('',(-5.02,-1.1,0.0102222856763797));
#10911=CARTESIAN_POINT('',(-4.89666666666667,-1.1,0.0102222856764749));
#10912=CARTESIAN_POINT('',(-4.77333333333335,-1.1,0.0102222856763802));
#10913=CARTESIAN_POINT('',(-4.65000000000002,-1.1,0.0102222856763802));
#10914=CARTESIAN_POINT('',(-5.01999999999997,1.10000000000001,0.0102222856763797));
#10915=CARTESIAN_POINT('',(-5.01999999999998,0.366666666666671,0.0102222856763797));
#10916=CARTESIAN_POINT('',(-5.01999999999999,-0.366666666666665,0.0102222856763797));
#10917=CARTESIAN_POINT('',(-5.02,-1.1,0.0102222856763797));
#10918=CARTESIAN_POINT('',(-5.02,-1.1,0.210222285676377));
#10919=CARTESIAN_POINT('',(-4.89666666666667,-1.1,0.210222285676478));
#10920=CARTESIAN_POINT('',(-4.77333333333335,-1.1,0.210222285676378));
#10921=CARTESIAN_POINT('',(-4.65000000000002,-1.1,0.210222285676378));
#10922=CARTESIAN_POINT('',(-5.01999999999999,-0.366666666666667,0.210222285676377));
#10923=CARTESIAN_POINT('',(-4.89666666666666,-0.366666666666667,0.210222285676478));
#10924=CARTESIAN_POINT('',(-4.77333333333333,-0.366666666666667,0.210222285676378));
#10925=CARTESIAN_POINT('',(-4.65000000000001,-0.366666666666667,0.210222285676378));
#10926=CARTESIAN_POINT('',(-5.01999999999998,0.366666666666666,0.210222285676377));
#10927=CARTESIAN_POINT('',(-4.89666666666664,0.366666666666666,0.210222285676478));
#10928=CARTESIAN_POINT('',(-4.77333333333333,0.366666666666666,0.210222285676378));
#10929=CARTESIAN_POINT('',(-4.65,0.366666666666666,0.210222285676378));
#10930=CARTESIAN_POINT('',(-5.01999999999997,1.1,0.210222285676377));
#10931=CARTESIAN_POINT('',(-4.89666666666664,1.1,0.210222285676478));
#10932=CARTESIAN_POINT('',(-4.77333333333332,1.1,0.210222285676378));
#10933=CARTESIAN_POINT('',(-4.64999999999999,1.1,0.210222285676378));
#10934=CARTESIAN_POINT('',(-5.02,-1.1,0.210222285676377));
#10935=CARTESIAN_POINT('',(-5.01999999999999,-0.366666666666667,0.210222285676377));
#10936=CARTESIAN_POINT('',(-5.01999999999998,0.366666666666667,0.210222285676377));
#10937=CARTESIAN_POINT('',(-5.01999999999997,1.1,0.210222285676377));
#10938=CARTESIAN_POINT('',(-5.05,1.10000000000001,-0.0197777143235885));
#10939=CARTESIAN_POINT('',(-5.04999999261972,1.10000000000001,-0.0119041204565357));
#10940=CARTESIAN_POINT('',(-5.04676643013757,1.10000000000001,-0.00411773758999212));
#10941=CARTESIAN_POINT('',(-5.03565997673358,1.10000000000001,0.00698871581398991));
#10942=CARTESIAN_POINT('',(-5.02787359386701,1.10000000000001,0.0102222782961516));
#10943=CARTESIAN_POINT('',(-5.01999999999997,1.10000000000001,0.0102222856763797));
#10944=CARTESIAN_POINT('',(-5.05,0.36666666666667,-0.0197777143235989));
#10945=CARTESIAN_POINT('',(-5.04999999261972,0.36666666666667,-0.0119041204565475));
#10946=CARTESIAN_POINT('',(-5.04676643013759,0.36666666666667,-0.00411773758999949));
#10947=CARTESIAN_POINT('',(-5.03565997673358,0.36666666666667,0.00698871581398254));
#10948=CARTESIAN_POINT('',(-5.02787359386704,0.36666666666667,0.0102222782961488));
#10949=CARTESIAN_POINT('',(-5.01999999999998,0.36666666666667,0.0102222856763797));
#10950=CARTESIAN_POINT('',(-5.05,-0.366666666666665,-0.0197777143236093));
#10951=CARTESIAN_POINT('',(-5.04999999261978,-0.366666666666665,-0.0119041204565592));
#10952=CARTESIAN_POINT('',(-5.0467664301376,-0.366666666666665,-0.00411773759000686));
#10953=CARTESIAN_POINT('',(-5.03565997673359,-0.366666666666665,0.00698871581397516));
#10954=CARTESIAN_POINT('',(-5.02787359386705,-0.366666666666665,0.010222278296146));
#10955=CARTESIAN_POINT('',(-5.01999999999999,-0.366666666666665,0.0102222856763797));
#10956=CARTESIAN_POINT('',(-5.05,-1.1,-0.0197777143236197));
#10957=CARTESIAN_POINT('',(-5.04999999261978,-1.1,-0.0119041204565701));
#10958=CARTESIAN_POINT('',(-5.04676643013759,-1.1,-0.00411773759001423));
#10959=CARTESIAN_POINT('',(-5.03565997673361,-1.1,0.00698871581396779));
#10960=CARTESIAN_POINT('',(-5.02787359386705,-1.1,0.0102222782961435));
#10961=CARTESIAN_POINT('',(-5.02,-1.1,0.0102222856763797));
#10962=CARTESIAN_POINT('',(-5.05,1.10000000000001,-0.0197777143235885));
#10963=CARTESIAN_POINT('',(-5.05,0.366666666666671,-0.0197777143235989));
#10964=CARTESIAN_POINT('',(-5.05,-0.366666666666665,-0.0197777143236093));
#10965=CARTESIAN_POINT('',(-5.05,-1.1,-0.0197777143236197));
#10966=CARTESIAN_POINT('',(-5.25,-1.1,-0.0197777143236197));
#10967=CARTESIAN_POINT('',(-5.24999994341799,-1.1,0.0405865053237683));
#10968=CARTESIAN_POINT('',(-5.22520929772151,-1.1,0.100282107300684));
#10969=CARTESIAN_POINT('',(-5.1400598216243,-1.1,0.185431583397885));
#10970=CARTESIAN_POINT('',(-5.08036421964739,-1.1,0.210222229094386));
#10971=CARTESIAN_POINT('',(-5.02,-1.1,0.210222285676377));
#10972=CARTESIAN_POINT('',(-5.25,-0.366666666666667,-0.0197777143236093));
#10973=CARTESIAN_POINT('',(-5.24999994341799,-0.366666666666667,0.0405865053237792));
#10974=CARTESIAN_POINT('',(-5.22520929772152,-0.366666666666667,0.100282107300692));
#10975=CARTESIAN_POINT('',(-5.14005982162428,-0.366666666666667,0.185431583397892));
#10976=CARTESIAN_POINT('',(-5.08036421964739,-0.366666666666667,0.210222229094387));
#10977=CARTESIAN_POINT('',(-5.01999999999999,-0.366666666666667,0.210222285676377));
#10978=CARTESIAN_POINT('',(-5.25,0.366666666666666,-0.0197777143235989));
#10979=CARTESIAN_POINT('',(-5.24999994341799,0.366666666666666,0.0405865053237913));
#10980=CARTESIAN_POINT('',(-5.2252092977215,0.366666666666666,0.100282107300699));
#10981=CARTESIAN_POINT('',(-5.14005982162428,0.366666666666666,0.185431583397899));
#10982=CARTESIAN_POINT('',(-5.08036421964736,0.366666666666666,0.210222229094392));
#10983=CARTESIAN_POINT('',(-5.01999999999998,0.366666666666666,0.210222285676377));
#10984=CARTESIAN_POINT('',(-5.25,1.1,-0.0197777143235885));
#10985=CARTESIAN_POINT('',(-5.24999994341799,1.1,0.0405865053238031));
#10986=CARTESIAN_POINT('',(-5.22520929772149,1.1,0.100282107300706));
#10987=CARTESIAN_POINT('',(-5.14005982162428,1.1,0.185431583397907));
#10988=CARTESIAN_POINT('',(-5.08036421964736,1.1,0.210222229094393));
#10989=CARTESIAN_POINT('',(-5.01999999999997,1.1,0.210222285676377));
#10990=CARTESIAN_POINT('',(-5.25,-1.1,-0.0197777143236197));
#10991=CARTESIAN_POINT('',(-5.25,-0.366666666666667,-0.0197777143236093));
#10992=CARTESIAN_POINT('',(-5.25,0.366666666666667,-0.0197777143235989));
#10993=CARTESIAN_POINT('',(-5.25,1.1,-0.0197777143235885));
#10994=CARTESIAN_POINT('',(-5.05,1.10000000000001,-0.599999999999969));
#10995=CARTESIAN_POINT('',(-5.05,1.10000000000001,-0.406592571441177));
#10996=CARTESIAN_POINT('',(-5.05,1.10000000000001,-0.213185142882379));
#10997=CARTESIAN_POINT('',(-5.05,1.10000000000001,-0.0197777143235885));
#10998=CARTESIAN_POINT('',(-5.05,0.36666666666667,-0.599999999999979));
#10999=CARTESIAN_POINT('',(-5.05,0.36666666666667,-0.406592571441188));
#11000=CARTESIAN_POINT('',(-5.05,0.36666666666667,-0.213185142882389));
#11001=CARTESIAN_POINT('',(-5.05,0.36666666666667,-0.0197777143235989));
#11002=CARTESIAN_POINT('',(-5.05,-0.366666666666665,-0.599999999999989));
#11003=CARTESIAN_POINT('',(-5.05,-0.366666666666665,-0.406592571441198));
#11004=CARTESIAN_POINT('',(-5.05,-0.366666666666665,-0.2131851428824));
#11005=CARTESIAN_POINT('',(-5.05,-0.366666666666665,-0.0197777143236093));
#11006=CARTESIAN_POINT('',(-5.05,-1.1,-0.6));
#11007=CARTESIAN_POINT('',(-5.05,-1.1,-0.406592571441208));
#11008=CARTESIAN_POINT('',(-5.05,-1.1,-0.21318514288241));
#11009=CARTESIAN_POINT('',(-5.05,-1.1,-0.0197777143236197));
#11010=CARTESIAN_POINT('',(-5.05,1.10000000000001,-0.599999999999969));
#11011=CARTESIAN_POINT('',(-5.05,0.366666666666671,-0.599999999999979));
#11012=CARTESIAN_POINT('',(-5.05,-0.366666666666665,-0.599999999999989));
#11013=CARTESIAN_POINT('',(-5.05,-1.1,-0.6));
#11014=CARTESIAN_POINT('',(-5.25,-1.1,-0.6));
#11015=CARTESIAN_POINT('',(-5.25,-1.1,-0.406592571441208));
#11016=CARTESIAN_POINT('',(-5.25,-1.1,-0.21318514288241));
#11017=CARTESIAN_POINT('',(-5.25,-1.1,-0.0197777143236197));
#11018=CARTESIAN_POINT('',(-5.25,-0.366666666666667,-0.599999999999989));
#11019=CARTESIAN_POINT('',(-5.25,-0.366666666666667,-0.406592571441198));
#11020=CARTESIAN_POINT('',(-5.25,-0.366666666666667,-0.2131851428824));
#11021=CARTESIAN_POINT('',(-5.25,-0.366666666666667,-0.0197777143236093));
#11022=CARTESIAN_POINT('',(-5.25,0.366666666666666,-0.599999999999979));
#11023=CARTESIAN_POINT('',(-5.25,0.366666666666666,-0.406592571441188));
#11024=CARTESIAN_POINT('',(-5.25,0.366666666666666,-0.213185142882389));
#11025=CARTESIAN_POINT('',(-5.25,0.366666666666666,-0.0197777143235989));
#11026=CARTESIAN_POINT('',(-5.25,1.1,-0.599999999999969));
#11027=CARTESIAN_POINT('',(-5.25,1.1,-0.406592571441177));
#11028=CARTESIAN_POINT('',(-5.25,1.1,-0.213185142882379));
#11029=CARTESIAN_POINT('',(-5.25,1.1,-0.0197777143235885));
#11030=CARTESIAN_POINT('',(-5.25,-1.1,-0.6));
#11031=CARTESIAN_POINT('',(-5.25,-0.366666666666667,-0.599999999999989));
#11032=CARTESIAN_POINT('',(-5.25,0.366666666666667,-0.599999999999979));
#11033=CARTESIAN_POINT('',(-5.25,1.1,-0.599999999999969));
#11034=CARTESIAN_POINT('',(-5.02000000000003,1.10000000000001,-0.63));
#11035=CARTESIAN_POINT('',(-5.0278735938671,1.10000000000001,-0.629999992619736));
#11036=CARTESIAN_POINT('',(-5.0356599767336,1.10000000000001,-0.62676643013758));
#11037=CARTESIAN_POINT('',(-5.04676643013764,1.10000000000001,-0.615659976733569));
#11038=CARTESIAN_POINT('',(-5.04999999261972,1.10000000000001,-0.607873593867027));
#11039=CARTESIAN_POINT('',(-5.05,1.10000000000001,-0.599999999999969));
#11040=CARTESIAN_POINT('',(-5.02000000000002,0.36666666666667,-0.63));
#11041=CARTESIAN_POINT('',(-5.0278735938671,0.36666666666667,-0.629999992619732));
#11042=CARTESIAN_POINT('',(-5.03565997673359,0.36666666666667,-0.62676643013758));
#11043=CARTESIAN_POINT('',(-5.04676643013763,0.36666666666667,-0.615659976733584));
#11044=CARTESIAN_POINT('',(-5.04999999261972,0.36666666666667,-0.607873593867032));
#11045=CARTESIAN_POINT('',(-5.05,0.36666666666667,-0.599999999999979));
#11046=CARTESIAN_POINT('',(-5.02000000000001,-0.366666666666665,-0.63));
#11047=CARTESIAN_POINT('',(-5.02787359386708,-0.366666666666665,-0.629999992619738));
#11048=CARTESIAN_POINT('',(-5.03565997673358,-0.366666666666665,-0.626766430137588));
#11049=CARTESIAN_POINT('',(-5.04676643013762,-0.366666666666665,-0.615659976733591));
#11050=CARTESIAN_POINT('',(-5.04999999261972,-0.366666666666665,-0.607873593867044));
#11051=CARTESIAN_POINT('',(-5.05,-0.366666666666665,-0.599999999999989));
#11052=CARTESIAN_POINT('',(-5.02,-1.1,-0.63));
#11053=CARTESIAN_POINT('',(-5.02787359386707,-1.1,-0.629999992619741));
#11054=CARTESIAN_POINT('',(-5.03565997673358,-1.1,-0.626766430137595));
#11055=CARTESIAN_POINT('',(-5.04676643013762,-1.1,-0.615659976733598));
#11056=CARTESIAN_POINT('',(-5.04999999261972,-1.1,-0.607873593867056));
#11057=CARTESIAN_POINT('',(-5.05,-1.1,-0.6));
#11058=CARTESIAN_POINT('',(-5.02000000000003,1.10000000000001,-0.63));
#11059=CARTESIAN_POINT('',(-5.02000000000002,0.366666666666671,-0.63));
#11060=CARTESIAN_POINT('',(-5.02000000000001,-0.366666666666665,-0.63));
#11061=CARTESIAN_POINT('',(-5.02,-1.1,-0.63));
#11062=CARTESIAN_POINT('',(-5.02,-1.1,-0.829999999999998));
#11063=CARTESIAN_POINT('',(-5.08036421964744,-1.1,-0.829999943417982));
#11064=CARTESIAN_POINT('',(-5.14005982162424,-1.1,-0.805209297721527));
#11065=CARTESIAN_POINT('',(-5.22520929772157,-1.1,-0.720059821624282));
#11066=CARTESIAN_POINT('',(-5.24999994341799,-1.1,-0.660364219647406));
#11067=CARTESIAN_POINT('',(-5.25,-1.1,-0.6));
#11068=CARTESIAN_POINT('',(-5.02000000000001,-0.366666666666667,-0.829999999999998));
#11069=CARTESIAN_POINT('',(-5.08036421964744,-0.366666666666667,-0.829999943417977));
#11070=CARTESIAN_POINT('',(-5.14005982162426,-0.366666666666667,-0.805209297721527));
#11071=CARTESIAN_POINT('',(-5.22520929772156,-0.366666666666667,-0.720059821624267));
#11072=CARTESIAN_POINT('',(-5.24999994341799,-0.366666666666667,-0.6603642196474));
#11073=CARTESIAN_POINT('',(-5.25,-0.366666666666667,-0.599999999999989));
#11074=CARTESIAN_POINT('',(-5.02000000000002,0.366666666666666,-0.829999999999998));
#11075=CARTESIAN_POINT('',(-5.08036421964744,0.366666666666666,-0.829999943417979));
#11076=CARTESIAN_POINT('',(-5.14005982162428,0.366666666666666,-0.805209297721512));
#11077=CARTESIAN_POINT('',(-5.22520929772156,0.366666666666666,-0.720059821624267));
#11078=CARTESIAN_POINT('',(-5.24999994341799,0.366666666666666,-0.660364219647382));
#11079=CARTESIAN_POINT('',(-5.25,0.366666666666666,-0.599999999999979));
#11080=CARTESIAN_POINT('',(-5.02000000000003,1.1,-0.829999999999998));
#11081=CARTESIAN_POINT('',(-5.08036421964746,1.1,-0.829999943417975));
#11082=CARTESIAN_POINT('',(-5.14005982162428,1.1,-0.805209297721512));
#11083=CARTESIAN_POINT('',(-5.22520929772158,1.1,-0.720059821624252));
#11084=CARTESIAN_POINT('',(-5.24999994341799,1.1,-0.660364219647377));
#11085=CARTESIAN_POINT('',(-5.25,1.1,-0.599999999999969));
#11086=CARTESIAN_POINT('',(-5.02,-1.1,-0.829999999999998));
#11087=CARTESIAN_POINT('',(-5.02000000000001,-0.366666666666667,-0.829999999999998));
#11088=CARTESIAN_POINT('',(-5.02000000000002,0.366666666666667,-0.829999999999998));
#11089=CARTESIAN_POINT('',(-5.02000000000003,1.1,-0.829999999999998));
#11090=CARTESIAN_POINT('',(-2.25000000000003,1.10000000000001,-0.63));
#11091=CARTESIAN_POINT('',(-3.17333333333336,1.10000000000001,-0.63));
#11092=CARTESIAN_POINT('',(-4.0966666666667,1.10000000000001,-0.63));
#11093=CARTESIAN_POINT('',(-5.02000000000003,1.10000000000001,-0.63));
#11094=CARTESIAN_POINT('',(-2.25000000000002,0.36666666666667,-0.63));
#11095=CARTESIAN_POINT('',(-3.17333333333336,0.36666666666667,-0.63));
#11096=CARTESIAN_POINT('',(-4.09666666666668,0.36666666666667,-0.63));
#11097=CARTESIAN_POINT('',(-5.02000000000002,0.36666666666667,-0.63));
#11098=CARTESIAN_POINT('',(-2.25000000000001,-0.366666666666665,-0.63));
#11099=CARTESIAN_POINT('',(-3.17333333333335,-0.366666666666665,-0.63));
#11100=CARTESIAN_POINT('',(-4.09666666666667,-0.366666666666665,-0.63));
#11101=CARTESIAN_POINT('',(-5.02000000000001,-0.366666666666665,-0.63));
#11102=CARTESIAN_POINT('',(-2.25,-1.1,-0.63));
#11103=CARTESIAN_POINT('',(-3.17333333333333,-1.1,-0.63));
#11104=CARTESIAN_POINT('',(-4.09666666666666,-1.1,-0.63));
#11105=CARTESIAN_POINT('',(-5.02,-1.1,-0.63));
#11106=CARTESIAN_POINT('',(-2.25000000000003,1.10000000000001,-0.63));
#11107=CARTESIAN_POINT('',(-2.25000000000002,0.366666666666671,-0.63));
#11108=CARTESIAN_POINT('',(-2.25000000000001,-0.366666666666665,-0.63));
#11109=CARTESIAN_POINT('',(-2.25,-1.1,-0.63));
#11110=CARTESIAN_POINT('',(-2.25,-1.1,-0.829999999999998));
#11111=CARTESIAN_POINT('',(-3.17333333333333,-1.1,-0.829999999999998));
#11112=CARTESIAN_POINT('',(-4.09666666666666,-1.1,-0.829999999999998));
#11113=CARTESIAN_POINT('',(-5.02,-1.1,-0.829999999999998));
#11114=CARTESIAN_POINT('',(-2.25000000000001,-0.366666666666667,-0.829999999999998));
#11115=CARTESIAN_POINT('',(-3.17333333333335,-0.366666666666667,-0.829999999999998));
#11116=CARTESIAN_POINT('',(-4.09666666666667,-0.366666666666667,-0.829999999999998));
#11117=CARTESIAN_POINT('',(-5.02000000000001,-0.366666666666667,-0.829999999999998));
#11118=CARTESIAN_POINT('',(-2.25000000000002,0.366666666666666,-0.829999999999998));
#11119=CARTESIAN_POINT('',(-3.17333333333336,0.366666666666666,-0.829999999999998));
#11120=CARTESIAN_POINT('',(-4.09666666666668,0.366666666666666,-0.829999999999998));
#11121=CARTESIAN_POINT('',(-5.02000000000002,0.366666666666666,-0.829999999999998));
#11122=CARTESIAN_POINT('',(-2.25000000000003,1.1,-0.829999999999998));
#11123=CARTESIAN_POINT('',(-3.17333333333336,1.1,-0.829999999999998));
#11124=CARTESIAN_POINT('',(-4.0966666666667,1.1,-0.829999999999998));
#11125=CARTESIAN_POINT('',(-5.02000000000003,1.1,-0.829999999999998));
#11126=CARTESIAN_POINT('',(-2.25,-1.1,-0.829999999999998));
#11127=CARTESIAN_POINT('',(-2.25000000000001,-0.366666666666667,-0.829999999999998));
#11128=CARTESIAN_POINT('',(-2.25000000000002,0.366666666666667,-0.829999999999998));
#11129=CARTESIAN_POINT('',(-2.25000000000003,1.1,-0.829999999999998));
#11130=CARTESIAN_POINT('',(-2.25000000000002,1.95156391047391E-15,-0.730000000000002));
#11131=CARTESIAN_POINT('',(4.95,-1.09999999999999,2.58977771432362));
#11132=CARTESIAN_POINT('',(4.85,-1.09999999999999,2.58977771432362));
#11133=CARTESIAN_POINT('',(4.75000000000001,-1.09999999999999,2.58977771432356));
#11134=CARTESIAN_POINT('',(4.65,-1.09999999999999,2.58977771432362));
#11135=CARTESIAN_POINT('',(4.95000000000001,-0.366666666666662,2.58977771432362));
#11136=CARTESIAN_POINT('',(4.84999999999999,-0.366666666666662,2.58977771432362));
#11137=CARTESIAN_POINT('',(4.75000000000002,-0.366666666666662,2.58977771432356));
#11138=CARTESIAN_POINT('',(4.65,-0.366666666666662,2.58977771432362));
#11139=CARTESIAN_POINT('',(4.95000000000001,0.366666666666674,2.58977771432362));
#11140=CARTESIAN_POINT('',(4.85,0.366666666666674,2.58977771432362));
#11141=CARTESIAN_POINT('',(4.75000000000002,0.366666666666674,2.58977771432356));
#11142=CARTESIAN_POINT('',(4.65000000000001,0.366666666666674,2.58977771432362));
#11143=CARTESIAN_POINT('',(4.95000000000001,1.10000000000001,2.58977771432362));
#11144=CARTESIAN_POINT('',(4.85,1.10000000000001,2.58977771432362));
#11145=CARTESIAN_POINT('',(4.75000000000002,1.10000000000001,2.58977771432356));
#11146=CARTESIAN_POINT('',(4.65000000000001,1.10000000000001,2.58977771432362));
#11147=CARTESIAN_POINT('',(4.95,-1.09999999999999,2.58977771432362));
#11148=CARTESIAN_POINT('',(4.95000000000001,-0.366666666666661,2.58977771432362));
#11149=CARTESIAN_POINT('',(4.95000000000001,0.366666666666673,2.58977771432362));
#11150=CARTESIAN_POINT('',(4.95000000000001,1.10000000000001,2.58977771432362));
#11151=CARTESIAN_POINT('',(4.95000000000001,1.10000000000001,2.38977771432361));
#11152=CARTESIAN_POINT('',(4.85,1.10000000000001,2.38977771432362));
#11153=CARTESIAN_POINT('',(4.75000000000002,1.10000000000001,2.38977771432356));
#11154=CARTESIAN_POINT('',(4.65000000000001,1.10000000000001,2.38977771432362));
#11155=CARTESIAN_POINT('',(4.95000000000001,0.366666666666677,2.38977771432361));
#11156=CARTESIAN_POINT('',(4.84999999999999,0.366666666666677,2.38977771432362));
#11157=CARTESIAN_POINT('',(4.75000000000002,0.366666666666677,2.38977771432356));
#11158=CARTESIAN_POINT('',(4.65000000000001,0.366666666666677,2.38977771432362));
#11159=CARTESIAN_POINT('',(4.95000000000001,-0.36666666666666,2.38977771432361));
#11160=CARTESIAN_POINT('',(4.85,-0.36666666666666,2.38977771432362));
#11161=CARTESIAN_POINT('',(4.75000000000001,-0.36666666666666,2.38977771432356));
#11162=CARTESIAN_POINT('',(4.65,-0.36666666666666,2.38977771432362));
#11163=CARTESIAN_POINT('',(4.95,-1.09999999999999,2.38977771432361));
#11164=CARTESIAN_POINT('',(4.85,-1.09999999999999,2.38977771432362));
#11165=CARTESIAN_POINT('',(4.75000000000001,-1.09999999999999,2.38977771432356));
#11166=CARTESIAN_POINT('',(4.65,-1.09999999999999,2.38977771432362));
#11167=CARTESIAN_POINT('',(4.95000000000001,1.10000000000001,2.38977771432361));
#11168=CARTESIAN_POINT('',(4.95000000000001,0.366666666666676,2.38977771432361));
#11169=CARTESIAN_POINT('',(4.95000000000001,-0.366666666666659,2.38977771432361));
#11170=CARTESIAN_POINT('',(4.95,-1.09999999999999,2.38977771432361));
#11171=CARTESIAN_POINT('',(5.25,-1.09999999999999,2.28977771432362));
#11172=CARTESIAN_POINT('',(5.25,-1.09999999999999,2.36851471641212));
#11173=CARTESIAN_POINT('',(5.21766571659432,-1.09999999999999,2.4463760664412));
#11174=CARTESIAN_POINT('',(5.1065983521176,-1.09999999999999,2.55744343091799));
#11175=CARTESIAN_POINT('',(5.02873700208847,-1.09999999999999,2.58977771432362));
#11176=CARTESIAN_POINT('',(4.95,-1.09999999999999,2.58977771432362));
#11177=CARTESIAN_POINT('',(5.25,-0.366666666666662,2.28977771432362));
#11178=CARTESIAN_POINT('',(5.25,-0.366666666666662,2.36851471641211));
#11179=CARTESIAN_POINT('',(5.21766571659432,-0.366666666666662,2.44637606644119));
#11180=CARTESIAN_POINT('',(5.1065983521176,-0.366666666666662,2.55744343091798));
#11181=CARTESIAN_POINT('',(5.02873700208847,-0.366666666666662,2.58977771432362));
#11182=CARTESIAN_POINT('',(4.95,-0.366666666666662,2.58977771432362));
#11183=CARTESIAN_POINT('',(5.25,0.366666666666674,2.28977771432362));
#11184=CARTESIAN_POINT('',(5.25,0.366666666666674,2.36851471641212));
#11185=CARTESIAN_POINT('',(5.21766571659433,0.366666666666674,2.44637606644118));
#11186=CARTESIAN_POINT('',(5.1065983521176,0.366666666666674,2.55744343091799));
#11187=CARTESIAN_POINT('',(5.02873700208848,0.366666666666674,2.58977771432362));
#11188=CARTESIAN_POINT('',(4.95000000000001,0.366666666666674,2.58977771432362));
#11189=CARTESIAN_POINT('',(5.25,1.10000000000001,2.28977771432361));
#11190=CARTESIAN_POINT('',(5.25,1.10000000000001,2.36851471641212));
#11191=CARTESIAN_POINT('',(5.21766571659433,1.10000000000001,2.44637606644118));
#11192=CARTESIAN_POINT('',(5.1065983521176,1.10000000000001,2.55744343091799));
#11193=CARTESIAN_POINT('',(5.02873700208848,1.10000000000001,2.58977771432362));
#11194=CARTESIAN_POINT('',(4.95000000000001,1.10000000000001,2.58977771432362));
#11195=CARTESIAN_POINT('',(5.25,-1.09999999999999,2.28977771432362));
#11196=CARTESIAN_POINT('',(5.25,-0.366666666666661,2.28977771432362));
#11197=CARTESIAN_POINT('',(5.25,0.366666666666673,2.28977771432362));
#11198=CARTESIAN_POINT('',(5.25,1.10000000000001,2.28977771432361));
#11199=CARTESIAN_POINT('',(5.05,1.10000000000001,2.28977771432361));
#11200=CARTESIAN_POINT('',(5.05,1.10000000000001,2.31602338168646));
#11201=CARTESIAN_POINT('',(5.03922190553144,1.10000000000001,2.34197716502946));
#11202=CARTESIAN_POINT('',(5.00219945070588,1.10000000000001,2.37899961985509));
#11203=CARTESIAN_POINT('',(4.97624566736283,1.10000000000001,2.38977771432362));
#11204=CARTESIAN_POINT('',(4.95000000000001,1.10000000000001,2.38977771432362));
#11205=CARTESIAN_POINT('',(5.05,0.366666666666677,2.28977771432362));
#11206=CARTESIAN_POINT('',(5.05,0.366666666666677,2.31602338168646));
#11207=CARTESIAN_POINT('',(5.03922190553144,0.366666666666677,2.34197716502946));
#11208=CARTESIAN_POINT('',(5.00219945070588,0.366666666666677,2.37899961985509));
#11209=CARTESIAN_POINT('',(4.97624566736282,0.366666666666677,2.38977771432362));
#11210=CARTESIAN_POINT('',(4.95000000000001,0.366666666666677,2.38977771432362));
#11211=CARTESIAN_POINT('',(5.05,-0.36666666666666,2.28977771432362));
#11212=CARTESIAN_POINT('',(5.05,-0.36666666666666,2.31602338168646));
#11213=CARTESIAN_POINT('',(5.03922190553146,-0.36666666666666,2.34197716502946));
#11214=CARTESIAN_POINT('',(5.00219945070585,-0.36666666666666,2.37899961985509));
#11215=CARTESIAN_POINT('',(4.97624566736284,-0.36666666666666,2.38977771432362));
#11216=CARTESIAN_POINT('',(4.95,-0.36666666666666,2.38977771432362));
#11217=CARTESIAN_POINT('',(5.05,-1.09999999999999,2.28977771432362));
#11218=CARTESIAN_POINT('',(5.05,-1.09999999999999,2.31602338168646));
#11219=CARTESIAN_POINT('',(5.03922190553146,-1.09999999999999,2.34197716502946));
#11220=CARTESIAN_POINT('',(5.00219945070585,-1.09999999999999,2.37899961985509));
#11221=CARTESIAN_POINT('',(4.97624566736284,-1.09999999999999,2.38977771432362));
#11222=CARTESIAN_POINT('',(4.95,-1.09999999999999,2.38977771432362));
#11223=CARTESIAN_POINT('',(5.05,1.10000000000001,2.28977771432361));
#11224=CARTESIAN_POINT('',(5.05,0.366666666666676,2.28977771432362));
#11225=CARTESIAN_POINT('',(5.05,-0.366666666666659,2.28977771432362));
#11226=CARTESIAN_POINT('',(5.05,-1.09999999999999,2.28977771432362));
#11227=CARTESIAN_POINT('',(5.25,-1.09999999999999,-0.600000000000001));
#11228=CARTESIAN_POINT('',(5.25,-1.09999999999999,0.363259238107872));
#11229=CARTESIAN_POINT('',(5.25,-1.09999999999999,1.32651847621575));
#11230=CARTESIAN_POINT('',(5.25,-1.09999999999999,2.28977771432362));
#11231=CARTESIAN_POINT('',(5.25,-0.366666666666662,-0.600000000000003));
#11232=CARTESIAN_POINT('',(5.25,-0.366666666666662,0.36325923810787));
#11233=CARTESIAN_POINT('',(5.25,-0.366666666666662,1.32651847621575));
#11234=CARTESIAN_POINT('',(5.25,-0.366666666666662,2.28977771432362));
#11235=CARTESIAN_POINT('',(5.25,0.366666666666674,-0.600000000000005));
#11236=CARTESIAN_POINT('',(5.25,0.366666666666674,0.363259238107868));
#11237=CARTESIAN_POINT('',(5.24999999999999,0.366666666666674,1.32651847621575));
#11238=CARTESIAN_POINT('',(5.25,0.366666666666674,2.28977771432362));
#11239=CARTESIAN_POINT('',(5.25,1.10000000000001,-0.600000000000008));
#11240=CARTESIAN_POINT('',(5.25,1.10000000000001,0.363259238107863));
#11241=CARTESIAN_POINT('',(5.24999999999999,1.10000000000001,1.32651847621575));
#11242=CARTESIAN_POINT('',(5.25,1.10000000000001,2.28977771432362));
#11243=CARTESIAN_POINT('',(5.25,-1.09999999999999,-0.600000000000001));
#11244=CARTESIAN_POINT('',(5.25,-0.366666666666661,-0.600000000000003));
#11245=CARTESIAN_POINT('',(5.25,0.366666666666673,-0.600000000000005));
#11246=CARTESIAN_POINT('',(5.25,1.10000000000001,-0.600000000000008));
#11247=CARTESIAN_POINT('',(5.05,1.10000000000001,-0.600000000000008));
#11248=CARTESIAN_POINT('',(5.05,1.10000000000001,0.363259238107863));
#11249=CARTESIAN_POINT('',(5.04999999999998,1.10000000000001,1.32651847621575));
#11250=CARTESIAN_POINT('',(5.05,1.10000000000001,2.28977771432361));
#11251=CARTESIAN_POINT('',(5.05,0.366666666666677,-0.600000000000005));
#11252=CARTESIAN_POINT('',(5.05,0.366666666666677,0.363259238107867));
#11253=CARTESIAN_POINT('',(5.04999999999999,0.366666666666677,1.32651847621575));
#11254=CARTESIAN_POINT('',(5.05,0.366666666666677,2.28977771432362));
#11255=CARTESIAN_POINT('',(5.05,-0.36666666666666,-0.600000000000003));
#11256=CARTESIAN_POINT('',(5.05,-0.36666666666666,0.363259238107869));
#11257=CARTESIAN_POINT('',(5.04999999999999,-0.36666666666666,1.32651847621575));
#11258=CARTESIAN_POINT('',(5.05,-0.36666666666666,2.28977771432362));
#11259=CARTESIAN_POINT('',(5.05,-1.09999999999999,-0.600000000000001));
#11260=CARTESIAN_POINT('',(5.05,-1.09999999999999,0.363259238107871));
#11261=CARTESIAN_POINT('',(5.05,-1.09999999999999,1.32651847621575));
#11262=CARTESIAN_POINT('',(5.05,-1.09999999999999,2.28977771432362));
#11263=CARTESIAN_POINT('',(5.05,1.10000000000001,-0.600000000000008));
#11264=CARTESIAN_POINT('',(5.05,0.366666666666676,-0.600000000000006));
#11265=CARTESIAN_POINT('',(5.05,-0.366666666666659,-0.600000000000003));
#11266=CARTESIAN_POINT('',(5.05,-1.09999999999999,-0.600000000000001));
#11267=CARTESIAN_POINT('',(5.02,-1.09999999999999,-0.830000000000001));
#11268=CARTESIAN_POINT('',(5.08036421964736,-1.09999999999999,-0.829999943417976));
#11269=CARTESIAN_POINT('',(5.14005982162434,-1.09999999999999,-0.80520929772147));
#11270=CARTESIAN_POINT('',(5.22520929772147,-1.09999999999999,-0.720059821624337));
#11271=CARTESIAN_POINT('',(5.24999994341795,-1.09999999999999,-0.660364219647366));
#11272=CARTESIAN_POINT('',(5.25,-1.09999999999999,-0.600000000000001));
#11273=CARTESIAN_POINT('',(5.02,-0.366666666666662,-0.830000000000001));
#11274=CARTESIAN_POINT('',(5.08036421964737,-0.366666666666662,-0.829999943417976));
#11275=CARTESIAN_POINT('',(5.14005982162433,-0.366666666666662,-0.805209297721471));
#11276=CARTESIAN_POINT('',(5.22520929772149,-0.366666666666662,-0.720059821624339));
#11277=CARTESIAN_POINT('',(5.24999994341795,-0.366666666666662,-0.660364219647368));
#11278=CARTESIAN_POINT('',(5.25,-0.366666666666662,-0.600000000000003));
#11279=CARTESIAN_POINT('',(5.02,0.366666666666674,-0.830000000000001));
#11280=CARTESIAN_POINT('',(5.08036421964737,0.366666666666674,-0.829999943417976));
#11281=CARTESIAN_POINT('',(5.14005982162433,0.366666666666674,-0.805209297721473));
#11282=CARTESIAN_POINT('',(5.22520929772149,0.366666666666674,-0.720059821624341));
#11283=CARTESIAN_POINT('',(5.24999994341795,0.366666666666674,-0.66036421964737));
#11284=CARTESIAN_POINT('',(5.25,0.366666666666674,-0.600000000000005));
#11285=CARTESIAN_POINT('',(5.01999999999999,1.10000000000001,-0.830000000000001));
#11286=CARTESIAN_POINT('',(5.08036421964737,1.10000000000001,-0.829999943417976));
#11287=CARTESIAN_POINT('',(5.14005982162432,1.10000000000001,-0.805209297721475));
#11288=CARTESIAN_POINT('',(5.22520929772148,1.10000000000001,-0.720059821624343));
#11289=CARTESIAN_POINT('',(5.24999994341795,1.10000000000001,-0.660364219647373));
#11290=CARTESIAN_POINT('',(5.25,1.10000000000001,-0.600000000000008));
#11291=CARTESIAN_POINT('',(5.02,-1.09999999999999,-0.83));
#11292=CARTESIAN_POINT('',(5.02,-0.366666666666661,-0.83));
#11293=CARTESIAN_POINT('',(5.02,0.366666666666673,-0.83));
#11294=CARTESIAN_POINT('',(5.01999999999999,1.10000000000001,-0.83));
#11295=CARTESIAN_POINT('',(5.01999999999999,1.10000000000001,-0.63));
#11296=CARTESIAN_POINT('',(5.02787359386704,1.10000000000001,-0.62999999261975));
#11297=CARTESIAN_POINT('',(5.0356599767336,1.10000000000001,-0.626766430137579));
#11298=CARTESIAN_POINT('',(5.04676643013758,1.10000000000001,-0.615659976733626));
#11299=CARTESIAN_POINT('',(5.04999999261972,1.10000000000001,-0.607873593867048));
#11300=CARTESIAN_POINT('',(5.05,1.10000000000001,-0.600000000000008));
#11301=CARTESIAN_POINT('',(5.02,0.366666666666677,-0.63));
#11302=CARTESIAN_POINT('',(5.02787359386705,0.366666666666677,-0.62999999261975));
#11303=CARTESIAN_POINT('',(5.0356599767336,0.366666666666677,-0.626766430137576));
#11304=CARTESIAN_POINT('',(5.04676643013758,0.366666666666677,-0.615659976733623));
#11305=CARTESIAN_POINT('',(5.04999999261972,0.366666666666677,-0.607873593867046));
#11306=CARTESIAN_POINT('',(5.05,0.366666666666677,-0.600000000000005));
#11307=CARTESIAN_POINT('',(5.02,-0.36666666666666,-0.63));
#11308=CARTESIAN_POINT('',(5.02787359386705,-0.36666666666666,-0.62999999261975));
#11309=CARTESIAN_POINT('',(5.0356599767336,-0.36666666666666,-0.626766430137576));
#11310=CARTESIAN_POINT('',(5.04676643013759,-0.36666666666666,-0.615659976733622));
#11311=CARTESIAN_POINT('',(5.04999999261972,-0.36666666666666,-0.607873593867043));
#11312=CARTESIAN_POINT('',(5.05,-0.36666666666666,-0.600000000000003));
#11313=CARTESIAN_POINT('',(5.02,-1.09999999999999,-0.63));
#11314=CARTESIAN_POINT('',(5.02787359386704,-1.09999999999999,-0.62999999261975));
#11315=CARTESIAN_POINT('',(5.03565997673362,-1.09999999999999,-0.626766430137574));
#11316=CARTESIAN_POINT('',(5.04676643013757,-1.09999999999999,-0.615659976733621));
#11317=CARTESIAN_POINT('',(5.04999999261972,-1.09999999999999,-0.607873593867041));
#11318=CARTESIAN_POINT('',(5.05,-1.09999999999999,-0.600000000000001));
#11319=CARTESIAN_POINT('',(5.01999999999999,1.10000000000001,-0.63));
#11320=CARTESIAN_POINT('',(5.02,0.366666666666676,-0.63));
#11321=CARTESIAN_POINT('',(5.02,-0.366666666666659,-0.63));
#11322=CARTESIAN_POINT('',(5.02,-1.09999999999999,-0.63));
#11323=CARTESIAN_POINT('',(2.25,-1.09999999999999,-0.830000000000001));
#11324=CARTESIAN_POINT('',(3.17333333333333,-1.09999999999999,-0.830000000000001));
#11325=CARTESIAN_POINT('',(4.09666666666667,-1.09999999999999,-0.830000000000001));
#11326=CARTESIAN_POINT('',(5.02,-1.09999999999999,-0.830000000000001));
#11327=CARTESIAN_POINT('',(2.25,-0.366666666666662,-0.830000000000001));
#11328=CARTESIAN_POINT('',(3.17333333333333,-0.366666666666662,-0.830000000000001));
#11329=CARTESIAN_POINT('',(4.09666666666666,-0.366666666666662,-0.830000000000001));
#11330=CARTESIAN_POINT('',(5.02,-0.366666666666662,-0.830000000000001));
#11331=CARTESIAN_POINT('',(2.25,0.366666666666674,-0.830000000000001));
#11332=CARTESIAN_POINT('',(3.17333333333332,0.366666666666674,-0.830000000000001));
#11333=CARTESIAN_POINT('',(4.09666666666667,0.366666666666674,-0.830000000000001));
#11334=CARTESIAN_POINT('',(5.02,0.366666666666674,-0.830000000000001));
#11335=CARTESIAN_POINT('',(2.24999999999999,1.10000000000001,-0.830000000000001));
#11336=CARTESIAN_POINT('',(3.17333333333333,1.10000000000001,-0.830000000000001));
#11337=CARTESIAN_POINT('',(4.09666666666666,1.10000000000001,-0.830000000000001));
#11338=CARTESIAN_POINT('',(5.01999999999999,1.10000000000001,-0.830000000000001));
#11339=CARTESIAN_POINT('',(2.25,-1.09999999999999,-0.830000000000001));
#11340=CARTESIAN_POINT('',(2.25,-0.366666666666661,-0.830000000000001));
#11341=CARTESIAN_POINT('',(2.24999999999999,0.366666666666673,-0.830000000000001));
#11342=CARTESIAN_POINT('',(2.24999999999999,1.10000000000001,-0.830000000000001));
#11343=CARTESIAN_POINT('',(2.24999999999999,1.10000000000001,-0.63));
#11344=CARTESIAN_POINT('',(3.17333333333333,1.10000000000001,-0.63));
#11345=CARTESIAN_POINT('',(4.09666666666666,1.10000000000001,-0.63));
#11346=CARTESIAN_POINT('',(5.01999999999999,1.10000000000001,-0.63));
#11347=CARTESIAN_POINT('',(2.25,0.366666666666677,-0.63));
#11348=CARTESIAN_POINT('',(3.17333333333332,0.366666666666677,-0.63));
#11349=CARTESIAN_POINT('',(4.09666666666667,0.366666666666677,-0.63));
#11350=CARTESIAN_POINT('',(5.02,0.366666666666677,-0.63));
#11351=CARTESIAN_POINT('',(2.25,-0.36666666666666,-0.63));
#11352=CARTESIAN_POINT('',(3.17333333333333,-0.36666666666666,-0.63));
#11353=CARTESIAN_POINT('',(4.09666666666666,-0.36666666666666,-0.63));
#11354=CARTESIAN_POINT('',(5.02,-0.36666666666666,-0.63));
#11355=CARTESIAN_POINT('',(2.25,-1.09999999999999,-0.63));
#11356=CARTESIAN_POINT('',(3.17333333333332,-1.09999999999999,-0.63));
#11357=CARTESIAN_POINT('',(4.09666666666668,-1.09999999999999,-0.63));
#11358=CARTESIAN_POINT('',(5.02,-1.09999999999999,-0.63));
#11359=CARTESIAN_POINT('',(2.24999999999999,1.10000000000001,-0.630000000000001));
#11360=CARTESIAN_POINT('',(2.24999999999999,0.366666666666676,-0.630000000000001));
#11361=CARTESIAN_POINT('',(2.25,-0.366666666666659,-0.630000000000001));
#11362=CARTESIAN_POINT('',(2.25,-1.09999999999999,-0.630000000000001));
#11363=CARTESIAN_POINT('',(2.25,5.93600689435814E-15,-0.73));
#11364=CARTESIAN_POINT('',(0.,-1.93977771432362,-5.75046169420639E-16));
#11365=CARTESIAN_POINT('',(4.7,-0.4,-1.75));
#11366=CARTESIAN_POINT('',(4.7,0.2,1.75));
#11367=CARTESIAN_POINT('',(4.7,0.2,1.75));
#11368=CARTESIAN_POINT('',(4.7,0.2,-1.75));
#11369=CARTESIAN_POINT('',(4.7,-0.4,1.75));
#11370=CARTESIAN_POINT('',(4.7,-0.4,1.75));
#11371=CARTESIAN_POINT('',(4.7,-0.4,-1.75));
#11372=CARTESIAN_POINT('',(4.7,-0.4,-1.75));
#11373=CARTESIAN_POINT('',(4.7,-0.4,-1.75));
#11374=CARTESIAN_POINT('',(-4.7,-0.4,-1.75));
#11375=CARTESIAN_POINT('',(-4.7,-0.4,1.75));
#11376=CARTESIAN_POINT('',(-4.7,-0.4,1.75));
#11377=CARTESIAN_POINT('',(-4.7,0.2,1.75));
#11378=CARTESIAN_POINT('',(-4.7,0.2,1.75));
#11379=CARTESIAN_POINT('',(-4.7,0.2,-1.75));
#11380=CARTESIAN_POINT('',(-4.7,-0.4,-1.75));
#11381=CARTESIAN_POINT('',(-4.7,-0.4,-1.75));
#11382=CARTESIAN_POINT('',(-4.7,-0.4,-1.75));
#11383=CARTESIAN_POINT('',(0.,0.4,0.));
#11384=CARTESIAN_POINT('',(-5.1,0.4,-5.1));
#11385=CARTESIAN_POINT('',(-5.1,0.4,-4.79999999999999));
#11386=CARTESIAN_POINT('',(-5.1,0.4,-1.85));
#11387=CARTESIAN_POINT('',(-5.01443504774549E-15,0.4,-1.85000000000001));
#11388=CARTESIAN_POINT('',(-1.6,0.4,-1.85000000000001));
#11389=CARTESIAN_POINT('',(-1.6,0.4,9.91270557701033E-17));
#11390=CARTESIAN_POINT('',(-1.6,0.4,1.85000000000001));
#11391=CARTESIAN_POINT('',(-5.01443504774549E-15,0.4,1.85000000000001));
#11392=CARTESIAN_POINT('',(-5.1,0.4,1.85));
#11393=CARTESIAN_POINT('',(-5.1,0.4,-5.1));
#11394=CARTESIAN_POINT('',(-5.1,0.4,4.8));
#11395=CARTESIAN_POINT('',(-4.8,0.4,4.8));
#11396=CARTESIAN_POINT('',(-4.8,0.4,5.1));
#11397=CARTESIAN_POINT('',(-5.1,0.4,5.1));
#11398=CARTESIAN_POINT('',(4.8,0.4,5.1));
#11399=CARTESIAN_POINT('',(4.8,0.4,4.8));
#11400=CARTESIAN_POINT('',(5.1,0.4,4.8));
#11401=CARTESIAN_POINT('',(5.1,0.4,5.1));
#11402=CARTESIAN_POINT('',(5.1,0.4,1.85));
#11403=CARTESIAN_POINT('',(1.7,0.4,1.85));
#11404=CARTESIAN_POINT('',(1.6,0.4,1.85));
#11405=CARTESIAN_POINT('',(1.6,0.4,-1.75));
#11406=CARTESIAN_POINT('',(1.6,0.4,-1.85));
#11407=CARTESIAN_POINT('',(5.1,0.4,-1.85));
#11408=CARTESIAN_POINT('',(5.1,0.4,-1.85));
#11409=CARTESIAN_POINT('',(5.1,0.4,5.1));
#11410=CARTESIAN_POINT('',(5.1,0.4,-4.8));
#11411=CARTESIAN_POINT('',(4.8,0.4,-4.8));
#11412=CARTESIAN_POINT('',(4.8,0.4,-5.1));
#11413=CARTESIAN_POINT('',(5.1,0.4,-5.1));
#11414=CARTESIAN_POINT('',(-4.8,0.4,-5.09999999999999));
#11415=CARTESIAN_POINT('',(-4.8,0.4,-4.79999999999999));
#11416=CARTESIAN_POINT('',(5.1,-0.4,5.1));
#11417=CARTESIAN_POINT('',(5.1,-0.4,1.75));
#11418=CARTESIAN_POINT('',(5.1,-0.4,1.75));
#11419=CARTESIAN_POINT('',(5.1,0.3,1.75));
#11420=CARTESIAN_POINT('',(5.1,1.625,3.075));
#11421=CARTESIAN_POINT('',(5.1,-0.4,4.8));
#11422=CARTESIAN_POINT('',(5.1,-0.4,4.8));
#11423=CARTESIAN_POINT('',(5.1,-0.4,5.1));
#11424=CARTESIAN_POINT('',(-5.1,-0.4,-5.1));
#11425=CARTESIAN_POINT('',(-5.1,-0.4,-1.75));
#11426=CARTESIAN_POINT('',(-5.1,-0.4,-1.75));
#11427=CARTESIAN_POINT('',(-5.1,0.3,-1.75));
#11428=CARTESIAN_POINT('',(-5.1,1.625,-3.075));
#11429=CARTESIAN_POINT('',(-5.1,-0.4,-4.79999999999999));
#11430=CARTESIAN_POINT('',(-5.1,-0.4,-4.79999999999999));
#11431=CARTESIAN_POINT('',(-5.1,-0.4,-5.1));
#11432=CARTESIAN_POINT('',(0.,-0.4,0.));
#11433=CARTESIAN_POINT('',(4.7,-0.4,1.75));
#11434=CARTESIAN_POINT('',(4.8,-0.4,4.8));
#11435=CARTESIAN_POINT('',(4.8,-0.4,5.1));
#11436=CARTESIAN_POINT('',(-5.1,-0.4,5.1));
#11437=CARTESIAN_POINT('',(-4.8,-0.4,5.1));
#11438=CARTESIAN_POINT('',(-4.8,-0.4,4.8));
#11439=CARTESIAN_POINT('',(-5.1,-0.4,4.8));
#11440=CARTESIAN_POINT('',(-5.1,-0.4,-5.1));
#11441=CARTESIAN_POINT('',(-5.1,-0.4,1.75));
#11442=CARTESIAN_POINT('',(-4.7,-0.4,1.75));
#11443=CARTESIAN_POINT('',(-5.1,-0.4,-1.75));
#11444=CARTESIAN_POINT('',(-4.8,-0.4,-4.79999999999999));
#11445=CARTESIAN_POINT('',(-4.8,-0.4,-5.09999999999999));
#11446=CARTESIAN_POINT('',(5.1,-0.4,-5.1));
#11447=CARTESIAN_POINT('',(4.8,-0.4,-5.1));
#11448=CARTESIAN_POINT('',(4.8,-0.4,-4.8));
#11449=CARTESIAN_POINT('',(5.1,-0.4,-4.8));
#11450=CARTESIAN_POINT('',(5.1,-0.4,5.1));
#11451=CARTESIAN_POINT('',(5.1,-0.4,-1.75));
#11452=CARTESIAN_POINT('',(5.1,-0.4,-1.75));
#11453=CARTESIAN_POINT('',(5.1,-0.4,5.1));
#11454=CARTESIAN_POINT('',(5.1,-3.475,2.025));
#11455=CARTESIAN_POINT('',(5.1,0.3,-1.75));
#11456=CARTESIAN_POINT('',(5.1,-0.4,-1.75));
#11457=CARTESIAN_POINT('',(5.1,-0.4,-4.8));
#11458=CARTESIAN_POINT('',(5.1,-0.4,-5.1));
#11459=CARTESIAN_POINT('',(4.8,-0.4,-5.1));
#11460=CARTESIAN_POINT('',(-4.8,-0.4,-5.09999999999999));
#11461=CARTESIAN_POINT('',(-5.1,-0.4,-5.1));
#11462=CARTESIAN_POINT('',(-5.1,-3.475,-2.025));
#11463=CARTESIAN_POINT('',(-5.1,0.3,1.75));
#11464=CARTESIAN_POINT('',(-5.1,-0.4,1.75));
#11465=CARTESIAN_POINT('',(-5.1,-0.4,4.8));
#11466=CARTESIAN_POINT('',(-5.1,-0.4,5.1));
#11467=CARTESIAN_POINT('',(-4.8,-0.4,5.1));
#11468=CARTESIAN_POINT('',(4.8,-0.4,5.1));
#11469=CARTESIAN_POINT('',(4.8,-0.4,4.8));
#11470=CARTESIAN_POINT('',(-4.8,-0.4,-4.79999999999999));
#11471=CARTESIAN_POINT('',(4.8,-0.4,-4.8));
#11472=CARTESIAN_POINT('',(-4.8,-0.4,4.8));
#11473=CARTESIAN_POINT('',(-5.1,-0.4,-1.75));
#11474=CARTESIAN_POINT('',(-1.7,0.2,-1.75));
#11475=CARTESIAN_POINT('',(-1.7,0.2,-1.75));
#11476=CARTESIAN_POINT('',(-1.7,0.3,-1.75));
#11477=CARTESIAN_POINT('',(-5.1,0.3,-1.75));
#11478=CARTESIAN_POINT('',(-4.7,0.2,-1.75));
#11479=CARTESIAN_POINT('',(-4.7,-0.4,1.75));
#11480=CARTESIAN_POINT('',(-4.7,0.3,1.75));
#11481=CARTESIAN_POINT('',(-1.7,0.3,1.75));
#11482=CARTESIAN_POINT('',(-1.7,0.2,1.75));
#11483=CARTESIAN_POINT('',(-1.7,0.2,1.75));
#11484=CARTESIAN_POINT('',(-1.7,0.2,1.75));
#11485=CARTESIAN_POINT('',(5.1,-0.4,-1.75));
#11486=CARTESIAN_POINT('',(1.7,0.3,-1.75));
#11487=CARTESIAN_POINT('',(1.7,0.3,-1.75));
#11488=CARTESIAN_POINT('',(1.7,0.2,-1.75));
#11489=CARTESIAN_POINT('',(1.7,0.2,-1.75));
#11490=CARTESIAN_POINT('',(4.7,0.2,-1.75));
#11491=CARTESIAN_POINT('',(4.7,-0.4,1.75));
#11492=CARTESIAN_POINT('',(1.7,0.2,1.75));
#11493=CARTESIAN_POINT('',(1.7,0.2,1.75));
#11494=CARTESIAN_POINT('',(1.7,0.3,1.75));
#11495=CARTESIAN_POINT('',(5.1,0.3,1.75));
#11496=CARTESIAN_POINT('',(1.7,0.2,1.75));
#11497=CARTESIAN_POINT('',(-1.7,0.2,-1.75));
#11498=CARTESIAN_POINT('',(-1.7,0.3,-1.75));
#11499=CARTESIAN_POINT('',(-1.7,0.2,-1.75));
#11500=CARTESIAN_POINT('',(0.,0.2,0.));
#11501=CARTESIAN_POINT('',(1.7,0.2,-1.75));
#11502=CARTESIAN_POINT('',(1.7,0.3,1.75));
#11503=CARTESIAN_POINT('',(1.7,0.2,-1.75));
#11504=CARTESIAN_POINT('',(0.,0.2,0.));
#11505=CARTESIAN_POINT('',(4.7,0.3,1.75));
#11506=CARTESIAN_POINT('',(2.7,-0.7,0.750000000000001));
#11507=CARTESIAN_POINT('',(1.7,0.3,-1.75));
#11508=CARTESIAN_POINT('',(2.83333333333333,-0.833333333333333,-0.616666666666665));
#11509=CARTESIAN_POINT('',(5.1,0.3,-1.75));
#11510=CARTESIAN_POINT('',(-5.01443504774549E-15,0.4,1.85000000000001));
#11511=CARTESIAN_POINT('',(-1.06666666666667,0.933333333333332,2.38333333333334));
#11512=CARTESIAN_POINT('',(-1.6,0.4,9.91270557701033E-17));
#11513=CARTESIAN_POINT('',(-1.06666666666667,0.933333333333332,-2.38333333333334));
#11514=CARTESIAN_POINT('',(-5.01443504774549E-15,0.4,-1.85000000000001));
#11515=CARTESIAN_POINT('',(4.33680868994202E-16,-2.35,-7.80625564189563E-15));
#11516=MECHANICAL_DESIGN_GEOMETRIC_PRESENTATION_REPRESENTATION('',(#4406,
#4407,#4408,#4409,#4410,#4411,#4412,#4413,#4414,#4415,#4416,#4417,#4418,
#4419,#4420,#4421,#4422,#4423,#4424,#4425,#4426,#4427,#4428,#4429,#4430,
#4431,#4432,#4433,#4434,#4435,#4436,#4437,#4438,#4439,#4440,#4441,#4442,
#4443,#4444,#4445,#4446,#4447,#4448,#4449,#4450,#4451,#4452,#4453,#4454,
#4455,#4456,#4457,#4458,#4459,#4460,#4461,#4462,#4463,#4464,#4465,#4466,
#4467,#4468,#4469,#4470,#4471,#4472,#4473,#4474,#4475,#4476,#4477,#4478,
#4479,#4480,#4481,#4482,#4483,#4484,#4485,#4486,#4487,#4488,#4489,#4490,
#4491,#4492,#4493,#4494,#4495,#4496,#4497,#4498,#4499,#4500,#4501,#4502,
#4503,#4504,#4505,#4506,#4507,#4508,#4509,#4510,#4511,#4512,#4513,#4514,
#4515,#4516,#4517,#4518,#4519,#4520,#4521,#4522,#4523,#4524,#4525,#4526,
#4527,#4528,#4529,#4530,#4531,#4532,#4533,#4534,#4535,#4536,#4537,#4538,
#4539,#4540,#4541,#4542,#4543,#4544,#4545,#4546,#4547,#4548,#4549,#4550,
#4551,#4552,#4553,#4554,#4555,#4556,#4557,#4558,#4559,#4560,#4561,#4562,
#4563,#4564,#4565,#4566,#4567,#4568,#4569,#4570,#4571,#4572,#4573,#4574,
#4575,#4576,#4577,#4578,#4579,#4580,#4581,#4582,#4583,#4584,#4585,#4586,
#4587,#4588,#4589,#4590,#4591,#4592,#4593,#4594,#4595,#4596,#4597,#4598,
#4599,#4600,#4601,#4602,#4603,#4604,#4605,#4606,#4607,#4608,#4609,#4610,
#4611,#4612,#4613,#4614,#4615,#4616,#4617,#4618,#4619,#4620,#4621,#4622,
#4623,#4624,#4625,#4626,#4627,#4628,#4629,#4630,#4631,#4632,#4633,#4634),
#11517);
#11517=(
GEOMETRIC_REPRESENTATION_CONTEXT(3)
GLOBAL_UNCERTAINTY_ASSIGNED_CONTEXT((#11521))
GLOBAL_UNIT_ASSIGNED_CONTEXT((#11527,#11526,#11525))
REPRESENTATION_CONTEXT('784325xxx','TOP_LEVEL_ASSEMBLY_PART')
);
#11518=(
GEOMETRIC_REPRESENTATION_CONTEXT(3)
GLOBAL_UNCERTAINTY_ASSIGNED_CONTEXT((#11522))
GLOBAL_UNIT_ASSIGNED_CONTEXT((#11527,#11526,#11525))
REPRESENTATION_CONTEXT('Base','COMPONENT_PART')
);
#11519=(
GEOMETRIC_REPRESENTATION_CONTEXT(3)
GLOBAL_UNCERTAINTY_ASSIGNED_CONTEXT((#11523))
GLOBAL_UNIT_ASSIGNED_CONTEXT((#11527,#11526,#11525))
REPRESENTATION_CONTEXT('Coil','COMPONENT_PART')
);
#11520=(
GEOMETRIC_REPRESENTATION_CONTEXT(3)
GLOBAL_UNCERTAINTY_ASSIGNED_CONTEXT((#11524))
GLOBAL_UNIT_ASSIGNED_CONTEXT((#11527,#11526,#11525))
REPRESENTATION_CONTEXT('Cap','COMPONENT_PART')
);
#11521=UNCERTAINTY_MEASURE_WITH_UNIT(LENGTH_MEASURE(0.005),#11527,
'DISTANCE_ACCURACY_VALUE','Maximum Tolerance applied to model');
#11522=UNCERTAINTY_MEASURE_WITH_UNIT(LENGTH_MEASURE(0.005),#11527,
'DISTANCE_ACCURACY_VALUE','Maximum Tolerance applied to model');
#11523=UNCERTAINTY_MEASURE_WITH_UNIT(LENGTH_MEASURE(0.005),#11527,
'DISTANCE_ACCURACY_VALUE','Maximum Tolerance applied to model');
#11524=UNCERTAINTY_MEASURE_WITH_UNIT(LENGTH_MEASURE(0.005),#11527,
'DISTANCE_ACCURACY_VALUE','Maximum Tolerance applied to model');
#11525=(
NAMED_UNIT(*)
SI_UNIT($,.STERADIAN.)
SOLID_ANGLE_UNIT()
);
#11526=(
NAMED_UNIT(*)
PLANE_ANGLE_UNIT()
SI_UNIT($,.RADIAN.)
);
#11527=(
LENGTH_UNIT()
NAMED_UNIT(*)
SI_UNIT(.MILLI.,.METRE.)
);
#11528=PRODUCT_DEFINITION_SHAPE('','',#11535);
#11529=PRODUCT_DEFINITION_SHAPE('','',#11536);
#11530=PRODUCT_DEFINITION_SHAPE(' ','NAUO PRDDFN',#27);
#11531=PRODUCT_DEFINITION_SHAPE('','',#11537);
#11532=PRODUCT_DEFINITION_SHAPE(' ','NAUO PRDDFN',#28);
#11533=PRODUCT_DEFINITION_SHAPE('','',#11538);
#11534=PRODUCT_DEFINITION_SHAPE(' ','NAUO PRDDFN',#29);
#11535=PRODUCT_DEFINITION('','',#11543,#11539);
#11536=PRODUCT_DEFINITION('','',#11544,#11540);
#11537=PRODUCT_DEFINITION('','',#11545,#11541);
#11538=PRODUCT_DEFINITION('','',#11546,#11542);
#11539=PRODUCT_DEFINITION_CONTEXT('',#11564,'design');
#11540=PRODUCT_DEFINITION_CONTEXT('',#11564,'design');
#11541=PRODUCT_DEFINITION_CONTEXT('',#11564,'design');
#11542=PRODUCT_DEFINITION_CONTEXT('',#11564,'design');
#11543=PRODUCT_DEFINITION_FORMATION_WITH_SPECIFIED_SOURCE('','',#11551,
 .NOT_KNOWN.);
#11544=PRODUCT_DEFINITION_FORMATION_WITH_SPECIFIED_SOURCE('','',#11552,
 .NOT_KNOWN.);
#11545=PRODUCT_DEFINITION_FORMATION_WITH_SPECIFIED_SOURCE('','',#11553,
 .NOT_KNOWN.);
#11546=PRODUCT_DEFINITION_FORMATION_WITH_SPECIFIED_SOURCE('','',#11554,
 .NOT_KNOWN.);
#11547=PRODUCT_RELATED_PRODUCT_CATEGORY('','',(#11551));
#11548=PRODUCT_RELATED_PRODUCT_CATEGORY('','',(#11552));
#11549=PRODUCT_RELATED_PRODUCT_CATEGORY('','',(#11553));
#11550=PRODUCT_RELATED_PRODUCT_CATEGORY('','',(#11554));
#11551=PRODUCT('784325xxx','784325xxx','784325xxx',(#11559));
#11552=PRODUCT('Base','Base','Base',(#11560));
#11553=PRODUCT('Coil','Coil','Coil',(#11561));
#11554=PRODUCT('Cap','Cap','Cap',(#11562));
#11555=PRODUCT_CATEGORY('','');
#11556=PRODUCT_CATEGORY('','');
#11557=PRODUCT_CATEGORY('','');
#11558=PRODUCT_CATEGORY('','');
#11559=PRODUCT_CONTEXT('',#11564,'mechanical');
#11560=PRODUCT_CONTEXT('',#11564,'mechanical');
#11561=PRODUCT_CONTEXT('',#11564,'mechanical');
#11562=PRODUCT_CONTEXT('',#11564,'mechanical');
#11563=APPLICATION_PROTOCOL_DEFINITION('international standard',
'automotive_design',2010,#11564);
#11564=APPLICATION_CONTEXT(
'core data for automotive mechanical design processes');
ENDSEC;
END-ISO-10303-21;
