ISO-10303-21;
HEADER;
FILE_DESCRIPTION (( 'STEP AP214' ),
    '1' );
FILE_NAME ('AZV3001FZ4-7.STEP',
    '2025-12-12T15:26:34',
    ( '' ),
    ( '' ),
    'SwSTEP 2.0',
    'SolidWorks 2021',
    '' );
FILE_SCHEMA (( 'AUTOMOTIVE_DESIGN' ));
ENDSEC;

DATA;
#1 = EDGE_CURVE ( 'NONE', #1012, #1197, #1678, .T. ) ;
#2 = DIRECTION ( 'NONE',  ( 0.000000000000000000, 1.000000000000000000, 0.000000000000000000 ) ) ;
#3 = DIRECTION ( 'NONE',  ( -2.710505431213761578E-16, 0.000000000000000000, 1.000000000000000000 ) ) ;
#4 = SURFACE_STYLE_FILL_AREA ( #643 ) ;
#5 = VERTEX_POINT ( 'NONE', #433 ) ;
#6 = CARTESIAN_POINT ( 'NONE',  ( 0.3999999999999999667, 0.1100000000000000144, -0.5000000000000000000 ) ) ;
#8 = DIRECTION ( 'NONE',  ( -1.000000000000000000, 0.000000000000000000, -0.000000000000000000 ) ) ;
#7 = DIRECTION ( 'NONE',  ( 1.000000000000000000, 0.000000000000000000, -0.000000000000000000 ) ) ;
#9 = ORIENTED_EDGE ( 'NONE', *, *, #1445, .F. ) ;
#10 = LINE ( 'NONE', #1721, #515 ) ;
#11 = PRODUCT ( 'AZV3001FZ4-7', 'AZV3001FZ4-7', '', ( #570 ) ) ;
#12 = ORIENTED_EDGE ( 'NONE', *, *, #838, .F. ) ;
#13 = CARTESIAN_POINT ( 'NONE',  ( -0.6000000000000000888, 0.1100000000000000144, -0.4949999999999999956 ) ) ;
#14 = EDGE_CURVE ( 'NONE', #131, #1170, #748, .T. ) ;
#15 = DIRECTION ( 'NONE',  ( -0.000000000000000000, -0.000000000000000000, -1.000000000000000000 ) ) ;
#16 = VERTEX_POINT ( 'NONE', #1672 ) ;
#17 = UNCERTAINTY_MEASURE_WITH_UNIT (LENGTH_MEASURE( 1.000000000000000082E-05 ), #630, 'distance_accuracy_value', 'NONE');
#18 = CARTESIAN_POINT ( 'NONE',  ( -0.09999999999999441280, -0.02000000000000000042, -0.1250000000000001110 ) ) ;
#20 = DIRECTION ( 'NONE',  ( 3.614007241618348278E-16, 0.000000000000000000, -1.000000000000000000 ) ) ;
#19 = DIRECTION ( 'NONE',  ( -0.000000000000000000, 0.000000000000000000, -1.000000000000000000 ) ) ;
#21 = ORIENTED_EDGE ( 'NONE', *, *, #399, .T. ) ;
#22 = VECTOR ( 'NONE', #874, 1000.000000000000000 ) ;
#23 = ORIENTED_EDGE ( 'NONE', *, *, #1388, .T. ) ;
#24 =( GEOMETRIC_REPRESENTATION_CONTEXT ( 3 ) GLOBAL_UNCERTAINTY_ASSIGNED_CONTEXT ( ( #1288 ) ) GLOBAL_UNIT_ASSIGNED_CONTEXT ( ( #1583, #638, #1719 ) ) REPRESENTATION_CONTEXT ( 'NONE', 'WORKASPACE' ) );
#25 = AXIS2_PLACEMENT_3D ( 'NONE', #686, #561, #1160 ) ;
#26 = EDGE_CURVE ( 'NONE', #659, #991, #1038, .T. ) ;
#27 = AXIS2_PLACEMENT_3D ( 'NONE', #950, #185, #61 ) ;
#28 = FACE_OUTER_BOUND ( 'NONE', #175, .T. ) ;
#29 = VECTOR ( 'NONE', #31, 1000.000000000000000 ) ;
#30 = EDGE_CURVE ( 'NONE', #1197, #1437, #1837, .T. ) ;
#31 = DIRECTION ( 'NONE',  ( -1.000000000000000000, -1.355252715606880049E-16, -0.000000000000000000 ) ) ;
#32 = VECTOR ( 'NONE', #361, 1000.000000000000000 ) ;
#33 = DIRECTION ( 'NONE',  ( -0.000000000000000000, -0.000000000000000000, -1.000000000000000000 ) ) ;
#34 = ORIENTED_EDGE ( 'NONE', *, *, #1861, .T. ) ;
#35 = ADVANCED_FACE ( 'NONE', ( #904 ), #1538, .F. ) ;
#36 = LINE ( 'NONE', #978, #359 ) ;
#37 = ORIENTED_EDGE ( 'NONE', *, *, #1291, .F. ) ;
#38 = EDGE_LOOP ( 'NONE', ( #1996, #90, #1163, #620 ) ) ;
#39 = CARTESIAN_POINT ( 'NONE',  ( 0.3999999999999999667, 0.06000000000000001166, -0.4949999999999999956 ) ) ;
#40 = LINE ( 'NONE', #180, #490 ) ;
#41 = FACE_OUTER_BOUND ( 'NONE', #1253, .T. ) ;
#42 = LINE ( 'NONE', #1091, #134 ) ;
#43 = UNCERTAINTY_MEASURE_WITH_UNIT (LENGTH_MEASURE( 1.000000000000000082E-05 ), #1567, 'distance_accuracy_value', 'NONE');
#44 = EDGE_CURVE ( 'NONE', #1887, #1003, #1088, .T. ) ;
#45 = CARTESIAN_POINT ( 'NONE',  ( 0.6000000000000056399, 0.000000000000000000, -0.1250000000000001110 ) ) ;
#46 = CARTESIAN_POINT ( 'NONE',  ( 0.1000000000000056816, 0.000000000000000000, -0.1250000000000001110 ) ) ;
#47 = ORIENTED_EDGE ( 'NONE', *, *, #692, .F. ) ;
#48 = CARTESIAN_POINT ( 'NONE',  ( -0.6000000000000000888, 0.1100000000000000144, -0.4949999999999999956 ) ) ;
#49 = LINE ( 'NONE', #234, #1880 ) ;
#50 = VERTEX_POINT ( 'NONE', #928 ) ;
#51 = EDGE_CURVE ( 'NONE', #735, #1170, #10, .T. ) ;
#52 = CARTESIAN_POINT ( 'NONE',  ( -0.3999999999999999667, 0.1100000000000000422, 0.5000000000000000000 ) ) ;
#53 = ORIENTED_EDGE ( 'NONE', *, *, #1774, .F. ) ;
#54 = DIRECTION ( 'NONE',  ( 0.000000000000000000, 0.000000000000000000, 1.000000000000000000 ) ) ;
#55 = VERTEX_POINT ( 'NONE', #328 ) ;
#56 = VECTOR ( 'NONE', #971, 1000.000000000000000 ) ;
#57 = DIRECTION ( 'NONE',  ( -0.7071067811865479058, 0.000000000000000000, 0.7071067811865472397 ) ) ;
#58 = DIRECTION ( 'NONE',  ( -0.000000000000000000, 0.000000000000000000, 1.000000000000000000 ) ) ;
#59 = LINE ( 'NONE', #1132, #32 ) ;
#60 = DIRECTION ( 'NONE',  ( 3.614007241618349264E-16, 0.000000000000000000, -1.000000000000000000 ) ) ;
#62 = DIRECTION ( 'NONE',  ( -1.000000000000000000, -1.355252715606880049E-16, -0.000000000000000000 ) ) ;
#61 = DIRECTION ( 'NONE',  ( 1.000000000000000000, 0.000000000000000000, 0.000000000000000000 ) ) ;
#63 = VERTEX_POINT ( 'NONE', #640 ) ;
#64 =( NAMED_UNIT ( * ) SI_UNIT ( $, .STERADIAN. ) SOLID_ANGLE_UNIT ( ) );
#65 = VECTOR ( 'NONE', #879, 1000.000000000000000 ) ;
#66 = ORIENTED_EDGE ( 'NONE', *, *, #1933, .F. ) ;
#67 = CARTESIAN_POINT ( 'NONE',  ( -0.3999999999999943046, 0.000000000000000000, -0.1250000000000001110 ) ) ;
#68 = DIRECTION ( 'NONE',  ( -0.000000000000000000, -0.000000000000000000, -1.000000000000000000 ) ) ;
#69 = VERTEX_POINT ( 'NONE', #1264 ) ;
#70 = CARTESIAN_POINT ( 'NONE',  ( -0.1000000000000000472, 0.1100000000000000144, 0.4949999999999999956 ) ) ;
#71 = CARTESIAN_POINT ( 'NONE',  ( 0.3999999999999999667, 0.1100000000000000144, 0.4949999999999999956 ) ) ;
#72 = ADVANCED_FACE ( 'NONE', ( #479, #2027, #780, #1098 ), #1405, .F. ) ;
#73 = PLANE ( 'NONE',  #428 ) ;
#74 = DIRECTION ( 'NONE',  ( 0.000000000000000000, -0.000000000000000000, -1.000000000000000000 ) ) ;
#75 = ORIENTED_EDGE ( 'NONE', *, *, #543, .T. ) ;
#76 = ORIENTED_EDGE ( 'NONE', *, *, #486, .F. ) ;
#77 = CARTESIAN_POINT ( 'NONE',  ( 0.3999999999999999667, -0.02000000000000000042, 0.1250000000000000555 ) ) ;
#78 = EDGE_LOOP ( 'NONE', ( #644, #1195, #519, #121 ) ) ;
#79 = CARTESIAN_POINT ( 'NONE',  ( -0.3999999999999999667, 0.1100000000000000422, -0.4949999999999999956 ) ) ;
#80 = CARTESIAN_POINT ( 'NONE',  ( 0.09999999999999993616, -0.02000000000000000042, 0.4250000000000000444 ) ) ;
#81 = EDGE_CURVE ( 'NONE', #1854, #1584, #746, .T. ) ;
#82 = CARTESIAN_POINT ( 'NONE',  ( -0.1000000000000000472, 0.1100000000000000144, 0.4949999999999999956 ) ) ;
#83 = DIRECTION ( 'NONE',  ( 1.000000000000000000, -0.000000000000000000, 0.000000000000000000 ) ) ;
#84 = DIRECTION ( 'NONE',  ( 1.000000000000000000, 0.000000000000000000, 1.355252715606880789E-16 ) ) ;
#85 = ORIENTED_EDGE ( 'NONE', *, *, #1871, .F. ) ;
#86 = COLOUR_RGB ( '',0.7921568627450980005, 0.8196078431372548767, 0.9333333333333333481 ) ;
#87 = ORIENTED_EDGE ( 'NONE', *, *, #1985, .F. ) ;
#88 = CARTESIAN_POINT ( 'NONE',  ( -0.6000000000000000888, -0.02000000000000000042, 0.2250000000000000611 ) ) ;
#89 = CARTESIAN_POINT ( 'NONE',  ( -0.6000000000000000888, 0.1100000000000000144, -0.5000000000000000000 ) ) ;
#90 = ORIENTED_EDGE ( 'NONE', *, *, #1198, .F. ) ;
#91 = DIRECTION ( 'NONE',  ( -0.000000000000000000, -0.000000000000000000, 1.000000000000000000 ) ) ;
#92 = CARTESIAN_POINT ( 'NONE',  ( -0.1000000000000000472, 0.06000000000000001166, -0.5000000000000000000 ) ) ;
#93 = VECTOR ( 'NONE', #1835, 1000.000000000000000 ) ;
#94 = EDGE_CURVE ( 'NONE', #965, #1078, #881, .T. ) ;
#95 = AXIS2_PLACEMENT_3D ( 'NONE', #1649, #1505, #58 ) ;
#96 = PLANE ( 'NONE',  #1434 ) ;
#97 = LINE ( 'NONE', #255, #523 ) ;
#98 = APPLICATION_PROTOCOL_DEFINITION ( 'draft international standard', 'automotive_design', 1998, #380 ) ;
#99 = EDGE_CURVE ( 'NONE', #1037, #1549, #903, .T. ) ;
#100 = VECTOR ( 'NONE', #1558, 1000.000000000000000 ) ;
#101 = VECTOR ( 'NONE', #20, 1000.000000000000000 ) ;
#102 = VECTOR ( 'NONE', #1192, 1000.000000000000000 ) ;
#103 = CARTESIAN_POINT ( 'NONE',  ( -0.5999999999999943157, -0.02000000000000000042, -0.4250000000000000999 ) ) ;
#104 = ORIENTED_EDGE ( 'NONE', *, *, #1031, .F. ) ;
#105 = DIRECTION ( 'NONE',  ( -0.000000000000000000, 1.000000000000000000, 0.000000000000000000 ) ) ;
#106 = DIRECTION ( 'NONE',  ( -0.000000000000000000, 0.000000000000000000, 1.000000000000000000 ) ) ;
#107 = LINE ( 'NONE', #282, #1236 ) ;
#108 = FACE_OUTER_BOUND ( 'NONE', #1798, .T. ) ;
#109 = FACE_OUTER_BOUND ( 'NONE', #1980, .T. ) ;
#110 = EDGE_CURVE ( 'NONE', #877, #1887, #356, .T. ) ;
#111 = ORIENTED_EDGE ( 'NONE', *, *, #1802, .F. ) ;
#112 = ORIENTED_EDGE ( 'NONE', *, *, #1129, .F. ) ;
#113 = DIRECTION ( 'NONE',  ( 1.355252715606880296E-16, -1.000000000000000000, 0.000000000000000000 ) ) ;
#114 = ADVANCED_BREP_SHAPE_REPRESENTATION ( 'AZV3001FZ4-7', ( #589, #284 ), #120 ) ;
#115 = VERTEX_POINT ( 'NONE', #46 ) ;
#116 = DIRECTION ( 'NONE',  ( -0.000000000000000000, 1.000000000000000000, -0.000000000000000000 ) ) ;
#117 = DIRECTION ( 'NONE',  ( -0.000000000000000000, -0.000000000000000000, 1.000000000000000000 ) ) ;
#118 = FACE_OUTER_BOUND ( 'NONE', #560, .T. ) ;
#119 = ADVANCED_FACE ( 'NONE', ( #109 ), #259, .F. ) ;
#120 =( GEOMETRIC_REPRESENTATION_CONTEXT ( 3 ) GLOBAL_UNCERTAINTY_ASSIGNED_CONTEXT ( ( #257 ) ) GLOBAL_UNIT_ASSIGNED_CONTEXT ( ( #1681, #438, #1840 ) ) REPRESENTATION_CONTEXT ( 'NONE', 'WORKASPACE' ) );
#121 = ORIENTED_EDGE ( 'NONE', *, *, #1612, .T. ) ;
#122 = DIRECTION ( 'NONE',  ( -0.000000000000000000, -0.000000000000000000, 1.000000000000000000 ) ) ;
#123 = EDGE_CURVE ( 'NONE', #131, #1818, #408, .T. ) ;
#124 = ORIENTED_EDGE ( 'NONE', *, *, #706, .F. ) ;
#125 = ADVANCED_FACE ( 'NONE', ( #853 ), #1777, .T. ) ;
#126 = PLANE ( 'NONE',  #1726 ) ;
#127 = DIRECTION ( 'NONE',  ( -0.000000000000000000, -0.000000000000000000, 1.000000000000000000 ) ) ;
#128 = COLOUR_RGB ( '',0.2509803921568627416, 0.2509803921568627416, 0.2509803921568627416 ) ;
#129 = PRESENTATION_LAYER_ASSIGNMENT (  '', '', ( #1525 ) ) ;
#130 = CARTESIAN_POINT ( 'NONE',  ( -0.7000000000000001776, 0.3699999999999999956, 0.5000000000000000000 ) ) ;
#131 = VERTEX_POINT ( 'NONE', #1807 ) ;
#132 = VERTEX_POINT ( 'NONE', #1491 ) ;
#133 = CARTESIAN_POINT ( 'NONE',  ( 0.3999999999999998557, 0.000000000000000000, 0.4250000000000000444 ) ) ;
#134 = VECTOR ( 'NONE', #33, 1000.000000000000000 ) ;
#135 = VERTEX_POINT ( 'NONE', #1161 ) ;
#136 = EDGE_CURVE ( 'NONE', #1511, #135, #860, .T. ) ;
#137 = CARTESIAN_POINT ( 'NONE',  ( 0.3999999999999999667, 0.06000000000000001166, 0.5000000000000000000 ) ) ;
#138 = EDGE_CURVE ( 'NONE', #919, #759, #687, .T. ) ;
#139 = PLANE ( 'NONE',  #2014 ) ;
#140 = VERTEX_POINT ( 'NONE', #1940 ) ;
#141 = CARTESIAN_POINT ( 'NONE',  ( -0.09999999999999430178, -0.02000000000000000042, -0.4250000000000000999 ) ) ;
#142 = DIRECTION ( 'NONE',  ( -0.000000000000000000, 0.000000000000000000, 1.000000000000000000 ) ) ;
#143 = ORIENTED_EDGE ( 'NONE', *, *, #952, .T. ) ;
#144 = EDGE_LOOP ( 'NONE', ( #1512, #695, #1736, #182 ) ) ;
#145 = ORIENTED_EDGE ( 'NONE', *, *, #322, .F. ) ;
#146 = SURFACE_STYLE_USAGE ( .BOTH. , #1418 ) ;
#147 = EDGE_CURVE ( 'NONE', #1748, #982, #1664, .T. ) ;
#148 = DIRECTION ( 'NONE',  ( 1.000000000000000000, 1.355252715606880296E-16, 0.000000000000000000 ) ) ;
#149 = ORIENTED_EDGE ( 'NONE', *, *, #1145, .T. ) ;
#150 = CARTESIAN_POINT ( 'NONE',  ( -0.5999999999999943157, -0.02000000000000000042, -0.4250000000000000999 ) ) ;
#151 = PLANE ( 'NONE',  #1599 ) ;
#152 = CARTESIAN_POINT ( 'NONE',  ( 0.6999999999999997335, 0.3699999999999999956, 0.5000000000000000000 ) ) ;
#153 = ORIENTED_EDGE ( 'NONE', *, *, #165, .T. ) ;
#154 = ORIENTED_EDGE ( 'NONE', *, *, #952, .F. ) ;
#155 = EDGE_LOOP ( 'NONE', ( #625, #459, #1424, #1359 ) ) ;
#156 = LINE ( 'NONE', #760, #970 ) ;
#157 = LINE ( 'NONE', #612, #1328 ) ;
#158 = FACE_OUTER_BOUND ( 'NONE', #1518, .T. ) ;
#159 = VERTEX_POINT ( 'NONE', #1636 ) ;
#160 = DIRECTION ( 'NONE',  ( 3.614007241618348278E-16, 0.000000000000000000, -1.000000000000000000 ) ) ;
#161 = LINE ( 'NONE', #1250, #1882 ) ;
#162 = VECTOR ( 'NONE', #911, 1000.000000000000000 ) ;
#163 = CARTESIAN_POINT ( 'NONE',  ( 0.3999999999999999667, 0.06000000000000001166, 0.4949999999999999956 ) ) ;
#164 = ORIENTED_EDGE ( 'NONE', *, *, #44, .T. ) ;
#165 = EDGE_CURVE ( 'NONE', #598, #540, #1349, .T. ) ;
#166 = AXIS2_PLACEMENT_3D ( 'NONE', #1794, #105, #721 ) ;
#167 = VERTEX_POINT ( 'NONE', #1929 ) ;
#168 = PRESENTATION_LAYER_ASSIGNMENT (  '', '', ( #840 ) ) ;
#169 = VECTOR ( 'NONE', #1814, 1000.000000000000000 ) ;
#170 = LINE ( 'NONE', #482, #743 ) ;
#171 = LINE ( 'NONE', #333, #205 ) ;
#172 = ORIENTED_EDGE ( 'NONE', *, *, #1329, .F. ) ;
#173 = LINE ( 'NONE', #786, #1850 ) ;
#174 = DIRECTION ( 'NONE',  ( -1.000000000000000000, 0.000000000000000000, -0.000000000000000000 ) ) ;
#175 = EDGE_LOOP ( 'NONE', ( #1296, #1492, #1026, #1845 ) ) ;
#176 = SURFACE_STYLE_FILL_AREA ( #1735 ) ;
#177 = ADVANCED_FACE ( 'NONE', ( #417 ), #1035, .T. ) ;
#178 = EDGE_LOOP ( 'NONE', ( #1051, #1317, #736, #1540 ) ) ;
#179 = CARTESIAN_POINT ( 'NONE',  ( -0.4000000000000000777, -0.000000000000000000, 0.4250000000000000444 ) ) ;
#180 = CARTESIAN_POINT ( 'NONE',  ( 0.6000000000000000888, 0.1100000000000000422, -0.4949999999999999956 ) ) ;
#181 = DIRECTION ( 'NONE',  ( 0.000000000000000000, 0.000000000000000000, -1.000000000000000000 ) ) ;
#182 = ORIENTED_EDGE ( 'NONE', *, *, #1283, .T. ) ;
#183 = DIRECTION ( 'NONE',  ( 3.614007241618349264E-16, 0.000000000000000000, -1.000000000000000000 ) ) ;
#184 = LINE ( 'NONE', #1546, #1043 ) ;
#185 = DIRECTION ( 'NONE',  ( -0.000000000000000000, 0.000000000000000000, 1.000000000000000000 ) ) ;
#186 = EDGE_CURVE ( 'NONE', #875, #1644, #1961, .T. ) ;
#187 = ORIENTED_EDGE ( 'NONE', *, *, #543, .F. ) ;
#188 = EDGE_CURVE ( 'NONE', #1879, #1068, #400, .T. ) ;
#189 = LINE ( 'NONE', #633, #360 ) ;
#190 =( NAMED_UNIT ( * ) SI_UNIT ( $, .STERADIAN. ) SOLID_ANGLE_UNIT ( ) );
#191 = ORIENTED_EDGE ( 'NONE', *, *, #1989, .T. ) ;
#192 = FILL_AREA_STYLE_COLOUR ( '', #86 ) ;
#193 = LINE ( 'NONE', #1479, #1273 ) ;
#194 = EDGE_LOOP ( 'NONE', ( #1243, #1074, #1574, #260 ) ) ;
#195 = ORIENTED_EDGE ( 'NONE', *, *, #94, .T. ) ;
#196 = AXIS2_PLACEMENT_3D ( 'NONE', #1582, #174, #142 ) ;
#197 = VECTOR ( 'NONE', #1654, 1000.000000000000000 ) ;
#198 = EDGE_CURVE ( 'NONE', #982, #1003, #1014, .T. ) ;
#199 = AXIS2_PLACEMENT_3D ( 'NONE', #752, #1083, #761 ) ;
#200 = LINE ( 'NONE', #533, #942 ) ;
#201 = VECTOR ( 'NONE', #1795, 1000.000000000000000 ) ;
#202 = DIRECTION ( 'NONE',  ( 3.614007241618348278E-16, 0.000000000000000000, -1.000000000000000000 ) ) ;
#203 = EDGE_CURVE ( 'NONE', #737, #16, #383, .T. ) ;
#204 = LINE ( 'NONE', #613, #1180 ) ;
#205 = VECTOR ( 'NONE', #1578, 1000.000000000000000 ) ;
#206 = ORIENTED_EDGE ( 'NONE', *, *, #975, .F. ) ;
#207 = LINE ( 'NONE', #1921, #1301 ) ;
#208 = SURFACE_STYLE_FILL_AREA ( #976 ) ;
#209 = DIRECTION ( 'NONE',  ( -0.000000000000000000, -0.000000000000000000, 1.000000000000000000 ) ) ;
#210 = ORIENTED_EDGE ( 'NONE', *, *, #1103, .T. ) ;
#211 = EDGE_CURVE ( 'NONE', #2012, #965, #240, .T. ) ;
#212 = UNCERTAINTY_MEASURE_WITH_UNIT (LENGTH_MEASURE( 1.000000000000000082E-05 ), #1111, 'distance_accuracy_value', 'NONE');
#213 = LINE ( 'NONE', #1159, #1004 ) ;
#214 = DIRECTION ( 'NONE',  ( -1.000000000000000000, 0.000000000000000000, 0.000000000000000000 ) ) ;
#215 = EDGE_LOOP ( 'NONE', ( #1836, #670, #1812, #404 ) ) ;
#216 = CARTESIAN_POINT ( 'NONE',  ( -0.5000000000000000000, 0.000000000000000000, 0.1250000000000000833 ) ) ;
#217 = CARTESIAN_POINT ( 'NONE',  ( 0.6000000000000000888, 0.1100000000000000422, -0.4949999999999999956 ) ) ;
#218 = DIRECTION ( 'NONE',  ( -0.000000000000000000, 1.000000000000000000, -0.000000000000000000 ) ) ;
#220 = CARTESIAN_POINT ( 'NONE',  ( -0.5999999999999944267, -0.02000000000000000042, -0.1250000000000001110 ) ) ;
#219 = DIRECTION ( 'NONE',  ( -0.000000000000000000, -0.000000000000000000, 1.000000000000000000 ) ) ;
#221 = ORIENTED_EDGE ( 'NONE', *, *, #1154, .F. ) ;
#222 = SURFACE_STYLE_FILL_AREA ( #1433 ) ;
#223 = PLANE ( 'NONE',  #1564 ) ;
#224 = LINE ( 'NONE', #1013, #1881 ) ;
#225 = CARTESIAN_POINT ( 'NONE',  ( -0.6000000000000000888, 0.06000000000000001166, -0.4949999999999999956 ) ) ;
#226 = EDGE_CURVE ( 'NONE', #1925, #1854, #1481, .T. ) ;
#227 = ORIENTED_EDGE ( 'NONE', *, *, #1383, .T. ) ;
#228 = VECTOR ( 'NONE', #316, 1000.000000000000000 ) ;
#229 = LINE ( 'NONE', #387, #232 ) ;
#230 = DIRECTION ( 'NONE',  ( -1.000000000000000000, -0.000000000000000000, -0.000000000000000000 ) ) ;
#231 = CARTESIAN_POINT ( 'NONE',  ( 0.1000000000000056816, 0.000000000000000000, -0.4250000000000000444 ) ) ;
#232 = VECTOR ( 'NONE', #1954, 1000.000000000000000 ) ;
#233 = CARTESIAN_POINT ( 'NONE',  ( -0.7000000000000001776, 0.3699999999999999956, 0.5000000000000000000 ) ) ;
#234 = CARTESIAN_POINT ( 'NONE',  ( -0.7000000000000001776, 0.3699999999999999956, 0.5000000000000000000 ) ) ;
#235 = ORIENTED_EDGE ( 'NONE', *, *, #81, .F. ) ;
#236 = VECTOR ( 'NONE', #954, 1000.000000000000000 ) ;
#237 = VECTOR ( 'NONE', #1767, 1000.000000000000000 ) ;
#238 = FILL_AREA_STYLE_COLOUR ( '', #1979 ) ;
#239 = DIRECTION ( 'NONE',  ( 0.000000000000000000, 0.000000000000000000, -1.000000000000000000 ) ) ;
#240 = LINE ( 'NONE', #1790, #894 ) ;
#241 = VERTEX_POINT ( 'NONE', #77 ) ;
#242 = EDGE_CURVE ( 'NONE', #1471, #1827, #1203, .T. ) ;
#243 = CARTESIAN_POINT ( 'NONE',  ( 0.1000000000000056816, -0.02000000000000000042, -0.1250000000000001110 ) ) ;
#244 = LINE ( 'NONE', #391, #1566 ) ;
#246 = LINE ( 'NONE', #1488, #1821 ) ;
#245 = PLANE ( 'NONE',  #1298 ) ;
#247 = ORIENTED_EDGE ( 'NONE', *, *, #583, .F. ) ;
#248 = DIRECTION ( 'NONE',  ( 1.000000000000000000, 0.000000000000000000, 1.355252715606880789E-16 ) ) ;
#249 = DIRECTION ( 'NONE',  ( 0.000000000000000000, 0.000000000000000000, 1.000000000000000000 ) ) ;
#250 = ORIENTED_EDGE ( 'NONE', *, *, #1597, .T. ) ;
#251 = EDGE_CURVE ( 'NONE', #1733, #1037, #1816, .T. ) ;
#252 = DIRECTION ( 'NONE',  ( -0.000000000000000000, 1.000000000000000000, -0.000000000000000000 ) ) ;
#253 = EDGE_CURVE ( 'NONE', #317, #1085, #40, .T. ) ;
#254 = PLANE ( 'NONE',  #299 ) ;
#255 = CARTESIAN_POINT ( 'NONE',  ( 0.3999999999999999667, 0.1100000000000000144, -0.5000000000000000000 ) ) ;
#256 = EDGE_LOOP ( 'NONE', ( #1863, #1899, #946, #1868, #907 ) ) ;
#257 = UNCERTAINTY_MEASURE_WITH_UNIT (LENGTH_MEASURE( 1.000000000000000082E-05 ), #1681, 'distance_accuracy_value', 'NONE');
#258 = DIRECTION ( 'NONE',  ( -0.000000000000000000, 1.000000000000000000, -0.000000000000000000 ) ) ;
#259 = PLANE ( 'NONE',  #1841 ) ;
#260 = ORIENTED_EDGE ( 'NONE', *, *, #1056, .T. ) ;
#261 = DIRECTION ( 'NONE',  ( 0.000000000000000000, 1.000000000000000000, 0.000000000000000000 ) ) ;
#262 = CARTESIAN_POINT ( 'NONE',  ( -0.09999999999999430178, -0.02000000000000000042, -0.4250000000000000999 ) ) ;
#263 = CARTESIAN_POINT ( 'NONE',  ( -0.6000000000000000888, 0.1100000000000000144, 0.4949999999999999956 ) ) ;
#264 = DIRECTION ( 'NONE',  ( -1.000000000000000000, 0.000000000000000000, -0.000000000000000000 ) ) ;
#265 = VECTOR ( 'NONE', #1550, 1000.000000000000000 ) ;
#266 = EDGE_CURVE ( 'NONE', #540, #1712, #411, .T. ) ;
#267 = PLANE ( 'NONE',  #1503 ) ;
#268 = VECTOR ( 'NONE', #816, 1000.000000000000000 ) ;
#269 = VECTOR ( 'NONE', #62, 1000.000000000000000 ) ;
#270 = CARTESIAN_POINT ( 'NONE',  ( -0.4000000000000000777, 0.000000000000000000, 0.4250000000000000444 ) ) ;
#271 = ORIENTED_EDGE ( 'NONE', *, *, #1283, .F. ) ;
#272 = EDGE_LOOP ( 'NONE', ( #672, #1404, #862, #1746 ) ) ;
#273 = ORIENTED_EDGE ( 'NONE', *, *, #1049, .T. ) ;
#274 = DIRECTION ( 'NONE',  ( -1.000000000000000000, 0.000000000000000000, -0.000000000000000000 ) ) ;
#275 = DIRECTION ( 'NONE',  ( 1.000000000000000000, 0.000000000000000000, 0.000000000000000000 ) ) ;
#276 = CARTESIAN_POINT ( 'NONE',  ( -0.1000000000000000472, 0.06000000000000001166, 0.4949999999999999956 ) ) ;
#277 = ADVANCED_FACE ( 'NONE', ( #1475 ), #1780, .F. ) ;
#278 = CARTESIAN_POINT ( 'NONE',  ( -0.5999999999999944267, -0.02000000000000000042, -0.1250000000000001110 ) ) ;
#279 = EDGE_LOOP ( 'NONE', ( #657, #1773, #37, #301 ) ) ;
#280 = VERTEX_POINT ( 'NONE', #388 ) ;
#281 = DIRECTION ( 'NONE',  ( -0.000000000000000000, -1.000000000000000000, -0.000000000000000000 ) ) ;
#282 = CARTESIAN_POINT ( 'NONE',  ( -0.3999999999999999667, 0.06000000000000003941, -0.4949999999999999956 ) ) ;
#283 = CARTESIAN_POINT ( 'NONE',  ( -0.6000000000000000888, 0.000000000000000000, 0.1250000000000000555 ) ) ;
#284 = AXIS2_PLACEMENT_3D ( 'NONE', #406, #1184, #1022 ) ;
#285 = ADVANCED_FACE ( 'NONE', ( #1964 ), #420, .F. ) ;
#286 = ORIENTED_EDGE ( 'NONE', *, *, #726, .T. ) ;
#287 = ORIENTED_EDGE ( 'NONE', *, *, #1406, .T. ) ;
#288 = ADVANCED_FACE ( 'NONE', ( #566 ), #1626, .F. ) ;
#289 = VERTEX_POINT ( 'NONE', #80 ) ;
#290 = LINE ( 'NONE', #1339, #680 ) ;
#291 = VECTOR ( 'NONE', #709, 1000.000000000000000 ) ;
#292 = DIRECTION ( 'NONE',  ( 0.000000000000000000, -0.000000000000000000, 1.000000000000000000 ) ) ;
#293 = AXIS2_PLACEMENT_3D ( 'NONE', #1371, #1858, #1971 ) ;
#294 = VECTOR ( 'NONE', #230, 1000.000000000000000 ) ;
#295 = AXIS2_PLACEMENT_3D ( 'NONE', #1239, #902, #1075 ) ;
#296 = MECHANICAL_DESIGN_GEOMETRIC_PRESENTATION_REPRESENTATION (  '', ( #1178 ), #1073 ) ;
#297 = ORIENTED_EDGE ( 'NONE', *, *, #532, .F. ) ;
#298 = CARTESIAN_POINT ( 'NONE',  ( -0.6000000000000000888, 0.06000000000000001166, -0.4949999999999999956 ) ) ;
#299 = AXIS2_PLACEMENT_3D ( 'NONE', #1286, #513, #1513 ) ;
#300 = VECTOR ( 'NONE', #691, 1000.000000000000000 ) ;
#301 = ORIENTED_EDGE ( 'NONE', *, *, #838, .T. ) ;
#302 = CARTESIAN_POINT ( 'NONE',  ( 0.6000000000000000888, 0.06000000000000003941, 0.5000000000000000000 ) ) ;
#303 = CARTESIAN_POINT ( 'NONE',  ( 0.4000000000000056288, -0.02000000000000000042, -0.4250000000000000999 ) ) ;
#304 = EDGE_LOOP ( 'NONE', ( #798, #1381, #1431, #1743 ) ) ;
#305 = DIRECTION ( 'NONE',  ( 0.000000000000000000, -1.000000000000000000, 0.000000000000000000 ) ) ;
#306 = CARTESIAN_POINT ( 'NONE',  ( 0.1000000000000000472, 0.1100000000000000422, 0.4949999999999999956 ) ) ;
#307 = ORIENTED_EDGE ( 'NONE', *, *, #975, .T. ) ;
#308 = ORIENTED_EDGE ( 'NONE', *, *, #1937, .F. ) ;
#309 = ORIENTED_EDGE ( 'NONE', *, *, #1, .T. ) ;
#310 = LINE ( 'NONE', #340, #236 ) ;
#311 = CARTESIAN_POINT ( 'NONE',  ( -0.6000000000000000888, 0.06000000000000001166, 0.4949999999999999956 ) ) ;
#313 = LINE ( 'NONE', #1127, #101 ) ;
#312 = CARTESIAN_POINT ( 'NONE',  ( -0.1000000000000000472, 0.1100000000000000144, -0.5000000000000000000 ) ) ;
#314 = DIRECTION ( 'NONE',  ( -1.000000000000000000, 0.000000000000000000, 0.000000000000000000 ) ) ;
#315 = ORIENTED_EDGE ( 'NONE', *, *, #1122, .F. ) ;
#316 = DIRECTION ( 'NONE',  ( -0.000000000000000000, 1.000000000000000000, -0.000000000000000000 ) ) ;
#317 = VERTEX_POINT ( 'NONE', #531 ) ;
#318 = CARTESIAN_POINT ( 'NONE',  ( 0.3999999999999999667, 0.1100000000000000144, 0.4949999999999999956 ) ) ;
#319 = ADVANCED_FACE ( 'NONE', ( #1165 ), #1336, .F. ) ;
#320 = PLANE ( 'NONE',  #1436 ) ;
#321 = EDGE_LOOP ( 'NONE', ( #1859, #1970, #940, #1229 ) ) ;
#322 = EDGE_CURVE ( 'NONE', #446, #55, #1768, .T. ) ;
#323 = VECTOR ( 'NONE', #719, 1000.000000000000000 ) ;
#324 = CARTESIAN_POINT ( 'NONE',  ( 0.1000000000000000472, 0.06000000000000003941, 0.4949999999999999956 ) ) ;
#325 = LINE ( 'NONE', #364, #837 ) ;
#326 = DIRECTION ( 'NONE',  ( -1.000000000000000000, 0.000000000000000000, -0.000000000000000000 ) ) ;
#327 = ORIENTED_EDGE ( 'NONE', *, *, #226, .T. ) ;
#328 = CARTESIAN_POINT ( 'NONE',  ( 0.1000000000000000472, 0.06000000000000003941, -0.5000000000000000000 ) ) ;
#329 = VECTOR ( 'NONE', #1040, 1000.000000000000000 ) ;
#330 = ORIENTED_EDGE ( 'NONE', *, *, #1244, .T. ) ;
#331 = AXIS2_PLACEMENT_3D ( 'NONE', #263, #274, #106 ) ;
#332 = VECTOR ( 'NONE', #1745, 1000.000000000000000 ) ;
#333 = CARTESIAN_POINT ( 'NONE',  ( -0.09999999999999430178, -0.02000000000000000042, -0.4250000000000000999 ) ) ;
#334 = VERTEX_POINT ( 'NONE', #1322 ) ;
#335 = FACE_OUTER_BOUND ( 'NONE', #1765, .T. ) ;
#336 = ADVANCED_FACE ( 'NONE', ( #1304 ), #1190, .T. ) ;
#337 = DIRECTION ( 'NONE',  ( 1.000000000000000000, 1.355252715606880296E-16, 0.000000000000000000 ) ) ;
#338 = SURFACE_SIDE_STYLE ('',( #176 ) ) ;
#339 = ORIENTED_EDGE ( 'NONE', *, *, #1683, .F. ) ;
#340 = CARTESIAN_POINT ( 'NONE',  ( -0.1000000000000000472, 0.1100000000000000144, 0.4949999999999999956 ) ) ;
#341 = CARTESIAN_POINT ( 'NONE',  ( -0.09999999999999441280, -0.02000000000000000042, -0.1250000000000001110 ) ) ;
#342 = FACE_OUTER_BOUND ( 'NONE', #215, .T. ) ;
#343 = ORIENTED_EDGE ( 'NONE', *, *, #1734, .T. ) ;
#344 = LINE ( 'NONE', #646, #555 ) ;
#346 = CARTESIAN_POINT ( 'NONE',  ( -0.1000000000000001582, 0.000000000000000000, 0.4250000000000000444 ) ) ;
#345 = DIRECTION ( 'NONE',  ( -0.000000000000000000, 1.000000000000000000, -0.000000000000000000 ) ) ;
#347 = FACE_OUTER_BOUND ( 'NONE', #384, .T. ) ;
#348 = VERTEX_POINT ( 'NONE', #575 ) ;
#349 = EDGE_CURVE ( 'NONE', #69, #1925, #1920, .T. ) ;
#350 = PLANE ( 'NONE',  #295 ) ;
#351 = ORIENTED_EDGE ( 'NONE', *, *, #889, .T. ) ;
#352 =( GEOMETRIC_REPRESENTATION_CONTEXT ( 3 ) GLOBAL_UNCERTAINTY_ASSIGNED_CONTEXT ( ( #1580 ) ) GLOBAL_UNIT_ASSIGNED_CONTEXT ( ( #996, #830, #64 ) ) REPRESENTATION_CONTEXT ( 'NONE', 'WORKASPACE' ) );
#353 = CARTESIAN_POINT ( 'NONE',  ( 0.6000000000000000888, 0.1100000000000000422, 0.4949999999999999956 ) ) ;
#354 = ORIENTED_EDGE ( 'NONE', *, *, #1486, .T. ) ;
#355 = VECTOR ( 'NONE', #382, 1000.000000000000000 ) ;
#356 = LINE ( 'NONE', #1615, #56 ) ;
#357 = VERTEX_POINT ( 'NONE', #1186 ) ;
#358 = ADVANCED_FACE ( 'NONE', ( #1469 ), #1634, .F. ) ;
#359 = VECTOR ( 'NONE', #1309, 1000.000000000000000 ) ;
#360 = VECTOR ( 'NONE', #2, 1000.000000000000000 ) ;
#361 = DIRECTION ( 'NONE',  ( 1.000000000000000000, 0.000000000000000000, 0.000000000000000000 ) ) ;
#362 = VECTOR ( 'NONE', #275, 1000.000000000000000 ) ;
#363 = LINE ( 'NONE', #1912, #618 ) ;
#364 = CARTESIAN_POINT ( 'NONE',  ( -0.5999999999999943157, -0.02000000000000000042, -0.4250000000000000999 ) ) ;
#365 = DIRECTION ( 'NONE',  ( -1.000000000000000000, 0.000000000000000000, -0.000000000000000000 ) ) ;
#366 = ORIENTED_EDGE ( 'NONE', *, *, #605, .T. ) ;
#367 = DIRECTION ( 'NONE',  ( -1.355252715606880296E-16, 1.000000000000000000, 0.000000000000000000 ) ) ;
#368 = DIRECTION ( 'NONE',  ( -1.000000000000000000, -1.355252715606880296E-16, 0.000000000000000000 ) ) ;
#370 = PLANE ( 'NONE',  #870 ) ;
#369 = LINE ( 'NONE', #1447, #1785 ) ;
#371 = ORIENTED_EDGE ( 'NONE', *, *, #674, .F. ) ;
#372 = DIRECTION ( 'NONE',  ( 1.000000000000000000, 0.000000000000000000, 2.710505431213761578E-16 ) ) ;
#373 = CARTESIAN_POINT ( 'NONE',  ( -0.1000000000000000472, 0.06000000000000001166, -0.5000000000000000000 ) ) ;
#374 = LINE ( 'NONE', #530, #1367 ) ;
#375 = CARTESIAN_POINT ( 'NONE',  ( -0.5999999999999944267, -0.02000000000000000042, -0.1250000000000001110 ) ) ;
#376 = DIRECTION ( 'NONE',  ( -0.000000000000000000, -0.000000000000000000, -1.000000000000000000 ) ) ;
#377 =( NAMED_UNIT ( * ) PLANE_ANGLE_UNIT ( ) SI_UNIT ( $, .RADIAN. ) );
#378 = DIRECTION ( 'NONE',  ( -0.000000000000000000, -1.000000000000000000, -0.000000000000000000 ) ) ;
#379 = ORIENTED_EDGE ( 'NONE', *, *, #1172, .F. ) ;
#380 = APPLICATION_CONTEXT ( 'automotive_design' ) ;
#381 = ADVANCED_FACE ( 'NONE', ( #1452 ), #1614, .F. ) ;
#382 = DIRECTION ( 'NONE',  ( 1.000000000000000000, 0.000000000000000000, 1.355252715606880789E-16 ) ) ;
#383 = LINE ( 'NONE', #572, #1976 ) ;
#384 = EDGE_LOOP ( 'NONE', ( #580, #1586, #308, #75 ) ) ;
#385 = VERTEX_POINT ( 'NONE', #852 ) ;
#386 = VECTOR ( 'NONE', #1227, 1000.000000000000000 ) ;
#387 = CARTESIAN_POINT ( 'NONE',  ( 0.6999999999999997335, 0.000000000000000000, 0.5000000000000000000 ) ) ;
#388 = CARTESIAN_POINT ( 'NONE',  ( 0.1000000000000000472, 0.1100000000000000422, -0.4949999999999999956 ) ) ;
#389 = VECTOR ( 'NONE', #1875, 1000.000000000000000 ) ;
#390 = VECTOR ( 'NONE', #658, 1000.000000000000000 ) ;
#391 = CARTESIAN_POINT ( 'NONE',  ( -0.6000000000000001998, -0.02000000000000000042, 0.4250000000000000444 ) ) ;
#392 = CARTESIAN_POINT ( 'NONE',  ( 0.1000000000000000472, 0.06000000000000003941, -0.4949999999999999956 ) ) ;
#393 = ORIENTED_EDGE ( 'NONE', *, *, #810, .F. ) ;
#394 = AXIS2_PLACEMENT_3D ( 'NONE', #751, #1813, #1364 ) ;
#395 = ADVANCED_FACE ( 'NONE', ( #665 ), #708, .F. ) ;
#396 = VECTOR ( 'NONE', #84, 1000.000000000000000 ) ;
#397 = EDGE_LOOP ( 'NONE', ( #1327, #327, #537, #953 ) ) ;
#398 = CARTESIAN_POINT ( 'NONE',  ( -0.6000000000000000888, -0.02000000000000000042, 0.1250000000000000555 ) ) ;
#399 = EDGE_CURVE ( 'NONE', #1148, #1549, #1480, .T. ) ;
#400 = LINE ( 'NONE', #562, #802 ) ;
#401 = VERTEX_POINT ( 'NONE', #67 ) ;
#402 = ADVANCED_FACE ( 'NONE', ( #980 ), #1759, .F. ) ;
#403 = DIRECTION ( 'NONE',  ( -0.000000000000000000, -0.000000000000000000, 1.000000000000000000 ) ) ;
#404 = ORIENTED_EDGE ( 'NONE', *, *, #1791, .T. ) ;
#405 = PLANE ( 'NONE',  #1398 ) ;
#406 = CARTESIAN_POINT ( 'NONE',  ( 0.000000000000000000, 0.000000000000000000, 0.000000000000000000 ) ) ;
#407 = LINE ( 'NONE', #1024, #197 ) ;
#408 = LINE ( 'NONE', #1655, #323 ) ;
#409 = ORIENTED_EDGE ( 'NONE', *, *, #522, .T. ) ;
#410 = LINE ( 'NONE', #1657, #1208 ) ;
#411 = LINE ( 'NONE', #1811, #1752 ) ;
#412 = EDGE_CURVE ( 'NONE', #241, #167, #1173, .T. ) ;
#413 = FACE_OUTER_BOUND ( 'NONE', #272, .T. ) ;
#414 = CARTESIAN_POINT ( 'NONE',  ( -0.5999999999999944267, -0.02000000000000000042, -0.1250000000000001110 ) ) ;
#415 = APPLICATION_PROTOCOL_DEFINITION ( 'draft international standard', 'automotive_design', 1998, #1462 ) ;
#416 = DIRECTION ( 'NONE',  ( 1.000000000000000000, 1.355252715606880049E-16, 0.000000000000000000 ) ) ;
#417 = FACE_OUTER_BOUND ( 'NONE', #1265, .T. ) ;
#418 = DIRECTION ( 'NONE',  ( -0.000000000000000000, -1.000000000000000000, -0.000000000000000000 ) ) ;
#419 = LINE ( 'NONE', #216, #1363 ) ;
#420 = PLANE ( 'NONE',  #518 ) ;
#421 = PRODUCT_RELATED_PRODUCT_CATEGORY ( 'part', '', ( #11 ) ) ;
#422 = ORIENTED_EDGE ( 'NONE', *, *, #1238, .F. ) ;
#423 = VECTOR ( 'NONE', #418, 1000.000000000000000 ) ;
#424 = LINE ( 'NONE', #1839, #717 ) ;
#425 = PLANE ( 'NONE',  #429 ) ;
#426 = VECTOR ( 'NONE', #1228, 1000.000000000000000 ) ;
#427 = LINE ( 'NONE', #888, #900 ) ;
#428 = AXIS2_PLACEMENT_3D ( 'NONE', #233, #83, #1619 ) ;
#429 = AXIS2_PLACEMENT_3D ( 'NONE', #414, #1661, #264 ) ;
#430 = LINE ( 'NONE', #913, #1334 ) ;
#431 = DIRECTION ( 'NONE',  ( -0.000000000000000000, 1.000000000000000000, -0.000000000000000000 ) ) ;
#432 = ORIENTED_EDGE ( 'NONE', *, *, #1989, .F. ) ;
#433 = CARTESIAN_POINT ( 'NONE',  ( 0.5999999999999999778, -0.02000000000000000042, 0.4250000000000000444 ) ) ;
#434 = LINE ( 'NONE', #892, #1137 ) ;
#435 = EDGE_LOOP ( 'NONE', ( #66, #1918, #76, #339 ) ) ;
#436 = DIRECTION ( 'NONE',  ( -0.000000000000000000, 1.000000000000000000, -0.000000000000000000 ) ) ;
#437 = CARTESIAN_POINT ( 'NONE',  ( -0.3999999999999999667, 0.06000000000000003941, -0.4949999999999999956 ) ) ;
#438 =( NAMED_UNIT ( * ) PLANE_ANGLE_UNIT ( ) SI_UNIT ( $, .RADIAN. ) );
#439 = ORIENTED_EDGE ( 'NONE', *, *, #44, .F. ) ;
#440 = ORIENTED_EDGE ( 'NONE', *, *, #503, .F. ) ;
#441 = FACE_BOUND ( 'NONE', #304, .T. ) ;
#442 = VERTEX_POINT ( 'NONE', #528 ) ;
#443 = FACE_BOUND ( 'NONE', #256, .T. ) ;
#444 = CARTESIAN_POINT ( 'NONE',  ( 0.09999999999999993616, -0.02000000000000000042, 0.1250000000000000833 ) ) ;
#445 = VERTEX_POINT ( 'NONE', #821 ) ;
#446 = VERTEX_POINT ( 'NONE', #373 ) ;
#447 = VERTEX_POINT ( 'NONE', #1928 ) ;
#448 = EDGE_LOOP ( 'NONE', ( #1502, #845, #1667, #710 ) ) ;
#449 = FACE_BOUND ( 'NONE', #478, .T. ) ;
#450 = VECTOR ( 'NONE', #122, 1000.000000000000000 ) ;
#451 = VECTOR ( 'NONE', #634, 1000.000000000000000 ) ;
#452 = PLANE ( 'NONE',  #2010 ) ;
#453 = EDGE_LOOP ( 'NONE', ( #1787, #1981, #550, #286 ) ) ;
#454 =( GEOMETRIC_REPRESENTATION_CONTEXT ( 3 ) GLOBAL_UNCERTAINTY_ASSIGNED_CONTEXT ( ( #831 ) ) GLOBAL_UNIT_ASSIGNED_CONTEXT ( ( #1324, #1796, #704 ) ) REPRESENTATION_CONTEXT ( 'NONE', 'WORKASPACE' ) );
#455 = EDGE_CURVE ( 'NONE', #115, #1148, #224, .T. ) ;
#456 = VECTOR ( 'NONE', #794, 999.9999999999998863 ) ;
#458 = DIRECTION ( 'NONE',  ( 0.000000000000000000, 0.000000000000000000, -1.000000000000000000 ) ) ;
#457 = PLANE ( 'NONE',  #1070 ) ;
#459 = ORIENTED_EDGE ( 'NONE', *, *, #1388, .F. ) ;
#460 = CARTESIAN_POINT ( 'NONE',  ( 0.3999999999999999667, -0.02000000000000000042, 0.1250000000000000555 ) ) ;
#461 = AXIS2_PLACEMENT_3D ( 'NONE', #683, #1911, #368 ) ;
#462 = VECTOR ( 'NONE', #1458, 1000.000000000000000 ) ;
#463 = ORIENTED_EDGE ( 'NONE', *, *, #1530, .T. ) ;
#464 = LINE ( 'NONE', #444, #1297 ) ;
#465 = ORIENTED_EDGE ( 'NONE', *, *, #693, .F. ) ;
#466 = DIRECTION ( 'NONE',  ( -0.000000000000000000, -0.000000000000000000, 1.000000000000000000 ) ) ;
#467 = DIRECTION ( 'NONE',  ( 1.000000000000000000, 0.000000000000000000, 0.000000000000000000 ) ) ;
#468 = DIRECTION ( 'NONE',  ( -1.355252715606880789E-16, 0.000000000000000000, 1.000000000000000000 ) ) ;
#469 = VERTEX_POINT ( 'NONE', #88 ) ;
#470 = ADVANCED_FACE ( 'NONE', ( #1330 ), #1950, .F. ) ;
#471 = EDGE_LOOP ( 'NONE', ( #547, #1369, #824, #917 ) ) ;
#472 = CARTESIAN_POINT ( 'NONE',  ( -0.6000000000000000888, 0.000000000000000000, 0.2250000000000000611 ) ) ;
#473 = ADVANCED_FACE ( 'NONE', ( #517 ), #1776, .T. ) ;
#474 =( NAMED_UNIT ( * ) PLANE_ANGLE_UNIT ( ) SI_UNIT ( $, .RADIAN. ) );
#475 = DIRECTION ( 'NONE',  ( 0.000000000000000000, -1.000000000000000000, 0.000000000000000000 ) ) ;
#476 = DIRECTION ( 'NONE',  ( -1.000000000000000000, -0.000000000000000000, -0.000000000000000000 ) ) ;
#477 = LINE ( 'NONE', #1120, #934 ) ;
#478 = EDGE_LOOP ( 'NONE', ( #221, #1350, #1282, #1407 ) ) ;
#479 = FACE_BOUND ( 'NONE', #1311, .T. ) ;
#480 = EDGE_LOOP ( 'NONE', ( #2017, #972, #1176, #504 ) ) ;
#481 = EDGE_CURVE ( 'NONE', #63, #735, #999, .T. ) ;
#482 = CARTESIAN_POINT ( 'NONE',  ( 0.3999999999999998557, -0.02000000000000000042, 0.4250000000000000444 ) ) ;
#483 = EDGE_CURVE ( 'NONE', #401, #1548, #407, .T. ) ;
#484 = FACE_OUTER_BOUND ( 'NONE', #1716, .T. ) ;
#485 = ORIENTED_EDGE ( 'NONE', *, *, #1571, .F. ) ;
#486 = EDGE_CURVE ( 'NONE', #1128, #334, #1442, .T. ) ;
#487 = LINE ( 'NONE', #6, #1600 ) ;
#489 = CARTESIAN_POINT ( 'NONE',  ( 0.3999999999999999667, 0.000000000000000000, 0.1250000000000000555 ) ) ;
#488 = CARTESIAN_POINT ( 'NONE',  ( 0.000000000000000000, -0.02000000000000000042, 0.000000000000000000 ) ) ;
#490 = VECTOR ( 'NONE', #1152, 1000.000000000000000 ) ;
#491 = ORIENTED_EDGE ( 'NONE', *, *, #1517, .T. ) ;
#492 = VECTOR ( 'NONE', #1106, 1000.000000000000000 ) ;
#493 = ORIENTED_EDGE ( 'NONE', *, *, #1903, .F. ) ;
#494 = VECTOR ( 'NONE', #1668, 1000.000000000000000 ) ;
#495 = VECTOR ( 'NONE', #711, 1000.000000000000000 ) ;
#496 = DIRECTION ( 'NONE',  ( -0.000000000000000000, -0.000000000000000000, 1.000000000000000000 ) ) ;
#497 = CARTESIAN_POINT ( 'NONE',  ( -0.6000000000000000888, 0.1100000000000000144, 0.4949999999999999956 ) ) ;
#498 = ORIENTED_EDGE ( 'NONE', *, *, #880, .T. ) ;
#499 = LINE ( 'NONE', #936, #713 ) ;
#500 = CARTESIAN_POINT ( 'NONE',  ( -0.1000000000000000472, 0.06000000000000001166, 0.4949999999999999956 ) ) ;
#501 = PLANE ( 'NONE',  #1500 ) ;
#502 = VERTEX_POINT ( 'NONE', #1904 ) ;
#503 = EDGE_CURVE ( 'NONE', #666, #1092, #1384, .T. ) ;
#504 = ORIENTED_EDGE ( 'NONE', *, *, #1374, .T. ) ;
#505 = CARTESIAN_POINT ( 'NONE',  ( -0.09999999999999430178, -0.02000000000000000042, -0.4250000000000000999 ) ) ;
#506 = CARTESIAN_POINT ( 'NONE',  ( 0.6000000000000000888, 0.1100000000000000422, -0.5000000000000000000 ) ) ;
#507 = CARTESIAN_POINT ( 'NONE',  ( -0.5999999999999944267, 0.000000000000000000, -0.1250000000000001110 ) ) ;
#508 = ORIENTED_EDGE ( 'NONE', *, *, #94, .F. ) ;
#509 = FACE_OUTER_BOUND ( 'NONE', #1215, .T. ) ;
#510 = ORIENTED_EDGE ( 'NONE', *, *, #674, .T. ) ;
#511 = ORIENTED_EDGE ( 'NONE', *, *, #1467, .F. ) ;
#512 = CARTESIAN_POINT ( 'NONE',  ( 0.4000000000000056288, 0.000000000000000000, -0.4250000000000000999 ) ) ;
#513 = DIRECTION ( 'NONE',  ( 0.000000000000000000, 0.000000000000000000, -1.000000000000000000 ) ) ;
#514 = LINE ( 'NONE', #1125, #332 ) ;
#515 = VECTOR ( 'NONE', #1866, 1000.000000000000000 ) ;
#516 = ADVANCED_FACE ( 'NONE', ( #1995 ), #1225, .F. ) ;
#517 = FACE_OUTER_BOUND ( 'NONE', #1621, .T. ) ;
#518 = AXIS2_PLACEMENT_3D ( 'NONE', #712, #1658, #1313 ) ;
#519 = ORIENTED_EDGE ( 'NONE', *, *, #871, .T. ) ;
#520 = VECTOR ( 'NONE', #958, 1000.000000000000000 ) ;
#521 = DIRECTION ( 'NONE',  ( -0.000000000000000000, -0.000000000000000000, 1.000000000000000000 ) ) ;
#522 = EDGE_CURVE ( 'NONE', #877, #982, #1554, .T. ) ;
#523 = VECTOR ( 'NONE', #1020, 1000.000000000000000 ) ;
#524 = FACE_OUTER_BOUND ( 'NONE', #78, .T. ) ;
#525 = LINE ( 'NONE', #1935, #781 ) ;
#526 = VERTEX_POINT ( 'NONE', #1084 ) ;
#527 = SURFACE_STYLE_USAGE ( .BOTH. , #1611 ) ;
#528 = CARTESIAN_POINT ( 'NONE',  ( 0.4000000000000056288, -0.02000000000000000042, -0.4250000000000000999 ) ) ;
#529 = EDGE_LOOP ( 'NONE', ( #995, #1656, #1171, #1212 ) ) ;
#530 = CARTESIAN_POINT ( 'NONE',  ( -0.5999999999999943157, 0.000000000000000000, -0.4250000000000000999 ) ) ;
#531 = CARTESIAN_POINT ( 'NONE',  ( 0.6000000000000000888, 0.06000000000000003941, -0.4949999999999999956 ) ) ;
#532 = EDGE_CURVE ( 'NONE', #1576, #1128, #157, .T. ) ;
#533 = CARTESIAN_POINT ( 'NONE',  ( -0.1000000000000000472, 0.06000000000000001166, 0.4949999999999999956 ) ) ;
#534 = EDGE_CURVE ( 'NONE', #357, #1389, #771, .T. ) ;
#535 = FILL_AREA_STYLE_COLOUR ( '', #867 ) ;
#536 = PLANE ( 'NONE',  #1758 ) ;
#537 = ORIENTED_EDGE ( 'NONE', *, *, #1784, .T. ) ;
#538 = ORIENTED_EDGE ( 'NONE', *, *, #1103, .F. ) ;
#539 = DIRECTION ( 'NONE',  ( -0.000000000000000000, 1.000000000000000000, -0.000000000000000000 ) ) ;
#540 = VERTEX_POINT ( 'NONE', #1704 ) ;
#541 = CARTESIAN_POINT ( 'NONE',  ( -0.1000000000000000472, -0.02000000000000000042, 0.1250000000000000555 ) ) ;
#542 = FACE_OUTER_BOUND ( 'NONE', #2003, .T. ) ;
#543 = EDGE_CURVE ( 'NONE', #1162, #854, #1100, .T. ) ;
#544 = CARTESIAN_POINT ( 'NONE',  ( 0.4000000000000055178, -0.02000000000000000042, -0.1250000000000001110 ) ) ;
#546 = DIRECTION ( 'NONE',  ( -1.000000000000000000, 0.000000000000000000, -0.000000000000000000 ) ) ;
#545 = LINE ( 'NONE', #1756, #897 ) ;
#547 = ORIENTED_EDGE ( 'NONE', *, *, #1058, .T. ) ;
#548 = ORIENTED_EDGE ( 'NONE', *, *, #1542, .T. ) ;
#549 = DIRECTION ( 'NONE',  ( 1.000000000000000000, 0.000000000000000000, 3.614007241618349264E-16 ) ) ;
#550 = ORIENTED_EDGE ( 'NONE', *, *, #1937, .T. ) ;
#551 = CARTESIAN_POINT ( 'NONE',  ( 0.3999999999999999667, 0.1100000000000000144, 0.5000000000000000000 ) ) ;
#552 = DIRECTION ( 'NONE',  ( -2.710505431213761578E-16, 0.000000000000000000, 1.000000000000000000 ) ) ;
#553 = AXIS2_PLACEMENT_3D ( 'NONE', #70, #1028, #839 ) ;
#554 = VECTOR ( 'NONE', #1799, 1000.000000000000000 ) ;
#555 = VECTOR ( 'NONE', #1260, 1000.000000000000000 ) ;
#556 = DIRECTION ( 'NONE',  ( 3.614007241618348278E-16, 0.000000000000000000, -1.000000000000000000 ) ) ;
#557 = DIRECTION ( 'NONE',  ( -1.000000000000000000, 0.000000000000000000, -0.000000000000000000 ) ) ;
#558 = AXIS2_PLACEMENT_3D ( 'NONE', #1199, #1062, #724 ) ;
#559 = VECTOR ( 'NONE', #1894, 1000.000000000000000 ) ;
#560 = EDGE_LOOP ( 'NONE', ( #1351, #307, #1541, #1320 ) ) ;
#561 = DIRECTION ( 'NONE',  ( 1.000000000000000000, 0.000000000000000000, 3.614007241618349264E-16 ) ) ;
#562 = CARTESIAN_POINT ( 'NONE',  ( -0.1000000000000000472, 0.1100000000000000144, -0.4949999999999999956 ) ) ;
#563 = EDGE_CURVE ( 'NONE', #1969, #1042, #464, .T. ) ;
#564 = ORIENTED_EDGE ( 'NONE', *, *, #1064, .T. ) ;
#565 = DIRECTION ( 'NONE',  ( 0.000000000000000000, -1.000000000000000000, 0.000000000000000000 ) ) ;
#566 = FACE_OUTER_BOUND ( 'NONE', #1760, .T. ) ;
#567 = PLANE ( 'NONE',  #331 ) ;
#568 = LINE ( 'NONE', #220, #102 ) ;
#569 = EDGE_LOOP ( 'NONE', ( #153, #790, #1579, #1520 ) ) ;
#570 = PRODUCT_CONTEXT ( 'NONE', #380, 'mechanical' ) ;
#571 = ADVANCED_FACE ( 'NONE', ( #1257 ), #1499, .F. ) ;
#572 = CARTESIAN_POINT ( 'NONE',  ( 0.4000000000000055178, -0.02000000000000000042, -0.1250000000000001110 ) ) ;
#573 = ADVANCED_FACE ( 'NONE', ( #484 ), #452, .F. ) ;
#574 = CARTESIAN_POINT ( 'NONE',  ( 0.1000000000000056816, -0.02000000000000000042, -0.4250000000000000444 ) ) ;
#575 = CARTESIAN_POINT ( 'NONE',  ( 0.3999999999999999667, 0.1100000000000000144, -0.5000000000000000000 ) ) ;
#576 = VERTEX_POINT ( 'NONE', #1535 ) ;
#577 = CARTESIAN_POINT ( 'NONE',  ( 0.6000000000000056399, -0.02000000000000000042, -0.1250000000000001110 ) ) ;
#578 = CARTESIAN_POINT ( 'NONE',  ( 0.4000000000000055178, 0.000000000000000000, -0.1250000000000001110 ) ) ;
#579 = CARTESIAN_POINT ( 'NONE',  ( 0.3999999999999998557, -0.02000000000000000042, 0.4250000000000000444 ) ) ;
#580 = ORIENTED_EDGE ( 'NONE', *, *, #933, .T. ) ;
#581 = CARTESIAN_POINT ( 'NONE',  ( -0.6000000000000000888, 0.1100000000000000144, -0.4949999999999999956 ) ) ;
#582 = ORIENTED_EDGE ( 'NONE', *, *, #1958, .F. ) ;
#583 = EDGE_CURVE ( 'NONE', #385, #63, #1217, .T. ) ;
#584 = VECTOR ( 'NONE', #1001, 1000.000000000000000 ) ;
#585 = LINE ( 'NONE', #715, #1045 ) ;
#586 = ADVANCED_FACE ( 'NONE', ( #1375 ), #139, .T. ) ;
#587 = LINE ( 'NONE', #1522, #65 ) ;
#588 = AXIS2_PLACEMENT_3D ( 'NONE', #1959, #742, #1515 ) ;
#589 = MANIFOLD_SOLID_BREP ( 'Mirror1', #1067 ) ;
#590 = VECTOR ( 'NONE', #117, 1000.000000000000000 ) ;
#591 = ORIENTED_EDGE ( 'NONE', *, *, #1753, .T. ) ;
#592 = VERTEX_POINT ( 'NONE', #276 ) ;
#593 = EDGE_LOOP ( 'NONE', ( #510, #511, #1844, #912 ) ) ;
#594 = FACE_BOUND ( 'NONE', #1213, .T. ) ;
#595 = EDGE_CURVE ( 'NONE', #50, #1748, #1057, .T. ) ;
#596 = DIRECTION ( 'NONE',  ( -0.000000000000000000, 1.000000000000000000, -0.000000000000000000 ) ) ;
#597 = ORIENTED_EDGE ( 'NONE', *, *, #1713, .F. ) ;
#598 = VERTEX_POINT ( 'NONE', #1226 ) ;
#599 = ORIENTED_EDGE ( 'NONE', *, *, #1683, .T. ) ;
#600 = ORIENTED_EDGE ( 'NONE', *, *, #483, .T. ) ;
#601 = LINE ( 'NONE', #1974, #494 ) ;
#602 = ADVANCED_FACE ( 'NONE', ( #108 ), #1201, .F. ) ;
#603 = SURFACE_SIDE_STYLE ('',( #1988 ) ) ;
#604 = ORIENTED_EDGE ( 'NONE', *, *, #1058, .F. ) ;
#605 = EDGE_CURVE ( 'NONE', #1068, #1263, #427, .T. ) ;
#606 = CARTESIAN_POINT ( 'NONE',  ( -0.09999999999999441280, -0.02000000000000000042, -0.1250000000000001110 ) ) ;
#607 = ADVANCED_FACE ( 'NONE', ( #118 ), #1033, .F. ) ;
#608 = EDGE_LOOP ( 'NONE', ( #1414, #1353, #422, #1360 ) ) ;
#609 = EDGE_LOOP ( 'NONE', ( #1222, #1999, #247, #1308 ) ) ;
#610 = LINE ( 'NONE', #1232, #901 ) ;
#611 = COLOUR_RGB ( '',0.2509803921568627416, 0.2509803921568627416, 0.2509803921568627416 ) ;
#612 = CARTESIAN_POINT ( 'NONE',  ( 0.6000000000000056399, -0.02000000000000000042, -0.4250000000000000444 ) ) ;
#613 = CARTESIAN_POINT ( 'NONE',  ( -0.1000000000000000472, 0.1100000000000000144, 0.5000000000000000000 ) ) ;
#614 = ORIENTED_EDGE ( 'NONE', *, *, #1342, .T. ) ;
#615 = VECTOR ( 'NONE', #91, 1000.000000000000000 ) ;
#616 = LINE ( 'NONE', #925, #492 ) ;
#617 = DIRECTION ( 'NONE',  ( 1.355252715606880296E-16, -1.000000000000000000, 0.000000000000000000 ) ) ;
#618 = VECTOR ( 'NONE', #1496, 1000.000000000000000 ) ;
#619 = ADVANCED_FACE ( 'NONE', ( #1662 ), #267, .F. ) ;
#620 = ORIENTED_EDGE ( 'NONE', *, *, #81, .T. ) ;
#621 = ORIENTED_EDGE ( 'NONE', *, *, #51, .T. ) ;
#622 = FACE_OUTER_BOUND ( 'NONE', #1900, .T. ) ;
#623 = CARTESIAN_POINT ( 'NONE',  ( -0.6000000000000000888, 0.1100000000000000144, -0.4949999999999999956 ) ) ;
#624 = FILL_AREA_STYLE_COLOUR ( '', #1568 ) ;
#625 = ORIENTED_EDGE ( 'NONE', *, *, #138, .T. ) ;
#626 = DIRECTION ( 'NONE',  ( -0.000000000000000000, -0.000000000000000000, 1.000000000000000000 ) ) ;
#628 = CARTESIAN_POINT ( 'NONE',  ( 0.3999999999999998557, -0.02000000000000000042, 0.4250000000000000444 ) ) ;
#627 = CARTESIAN_POINT ( 'NONE',  ( -0.3999999999999999667, 0.06000000000000003941, -0.5000000000000000000 ) ) ;
#629 = ORIENTED_EDGE ( 'NONE', *, *, #1747, .T. ) ;
#630 =( LENGTH_UNIT ( ) NAMED_UNIT ( * ) SI_UNIT ( .MILLI., .METRE. ) );
#631 = EDGE_CURVE ( 'NONE', #5, #875, #1095, .T. ) ;
#632 = VERTEX_POINT ( 'NONE', #489 ) ;
#633 = CARTESIAN_POINT ( 'NONE',  ( -0.3999999999999999667, 0.1100000000000000422, -0.5000000000000000000 ) ) ;
#634 = DIRECTION ( 'NONE',  ( -0.000000000000000000, -0.000000000000000000, 1.000000000000000000 ) ) ;
#635 = EDGE_LOOP ( 'NONE', ( #1679, #1913, #685, #273 ) ) ;
#636 = DIRECTION ( 'NONE',  ( -1.000000000000000000, -0.000000000000000000, -0.000000000000000000 ) ) ;
#637 = DIRECTION ( 'NONE',  ( -0.000000000000000000, 1.000000000000000000, -0.000000000000000000 ) ) ;
#638 =( NAMED_UNIT ( * ) PLANE_ANGLE_UNIT ( ) SI_UNIT ( $, .RADIAN. ) );
#639 = ORIENTED_EDGE ( 'NONE', *, *, #1487, .T. ) ;
#640 = CARTESIAN_POINT ( 'NONE',  ( 0.6999999999999997335, 0.3699999999999999956, -0.5000000000000000000 ) ) ;
#641 = ORIENTED_EDGE ( 'NONE', *, *, #198, .T. ) ;
#642 = ADVANCED_FACE ( 'NONE', ( #509 ), #778, .F. ) ;
#643 = FILL_AREA_STYLE ('',( #624 ) ) ;
#644 = ORIENTED_EDGE ( 'NONE', *, *, #1861, .F. ) ;
#645 = VECTOR ( 'NONE', #539, 1000.000000000000000 ) ;
#646 = CARTESIAN_POINT ( 'NONE',  ( 0.4000000000000055178, -0.02000000000000000042, -0.1250000000000001110 ) ) ;
#647 = LINE ( 'NONE', #1086, #1910 ) ;
#648 = VECTOR ( 'NONE', #1041, 1000.000000000000000 ) ;
#649 = CARTESIAN_POINT ( 'NONE',  ( -0.5999999999999943157, -0.02000000000000000042, -0.4250000000000000999 ) ) ;
#650 = AXIS2_PLACEMENT_3D ( 'NONE', #278, #1356, #1826 ) ;
#651 = ORIENTED_EDGE ( 'NONE', *, *, #880, .F. ) ;
#652 = VECTOR ( 'NONE', #896, 1000.000000000000000 ) ;
#653 = VECTOR ( 'NONE', #740, 1000.000000000000000 ) ;
#654 = PRESENTATION_STYLE_ASSIGNMENT (( #146 ) ) ;
#655 = DIRECTION ( 'NONE',  ( 1.000000000000000000, 0.000000000000000000, 1.355252715606880789E-16 ) ) ;
#656 = CARTESIAN_POINT ( 'NONE',  ( 0.3999999999999999667, 0.06000000000000001166, 0.4949999999999999956 ) ) ;
#657 = ORIENTED_EDGE ( 'NONE', *, *, #1425, .T. ) ;
#658 = DIRECTION ( 'NONE',  ( 1.000000000000000000, 1.355252715606880049E-16, 0.000000000000000000 ) ) ;
#659 = VERTEX_POINT ( 'NONE', #949 ) ;
#660 = CARTESIAN_POINT ( 'NONE',  ( 0.09999999999999993616, -0.02000000000000000042, 0.4250000000000000444 ) ) ;
#661 = EDGE_CURVE ( 'NONE', #1003, #979, #313, .T. ) ;
#662 =( LENGTH_UNIT ( ) NAMED_UNIT ( * ) SI_UNIT ( .MILLI., .METRE. ) );
#663 = CARTESIAN_POINT ( 'NONE',  ( -0.09999999999999441280, 0.000000000000000000, -0.1250000000000001110 ) ) ;
#664 = ORIENTED_EDGE ( 'NONE', *, *, #1612, .F. ) ;
#665 = FACE_OUTER_BOUND ( 'NONE', #1272, .T. ) ;
#666 = VERTEX_POINT ( 'NONE', #1741 ) ;
#667 = LINE ( 'NONE', #1293, #1851 ) ;
#668 = LINE ( 'NONE', #1608, #268 ) ;
#669 = DIRECTION ( 'NONE',  ( 0.000000000000000000, -1.000000000000000000, 0.000000000000000000 ) ) ;
#670 = ORIENTED_EDGE ( 'NONE', *, *, #1027, .F. ) ;
#671 = FACE_OUTER_BOUND ( 'NONE', #609, .T. ) ;
#672 = ORIENTED_EDGE ( 'NONE', *, *, #1314, .T. ) ;
#673 =( GEOMETRIC_REPRESENTATION_CONTEXT ( 3 ) GLOBAL_UNCERTAINTY_ASSIGNED_CONTEXT ( ( #17 ) ) GLOBAL_UNIT_ASSIGNED_CONTEXT ( ( #630, #1877, #951 ) ) REPRESENTATION_CONTEXT ( 'NONE', 'WORKASPACE' ) );
#674 = EDGE_CURVE ( 'NONE', #1254, #445, #1251, .T. ) ;
#675 = CARTESIAN_POINT ( 'NONE',  ( 0.6999999999999997335, 0.3699999999999999956, -0.5000000000000000000 ) ) ;
#676 = EDGE_LOOP ( 'NONE', ( #621, #818, #1110, #1207 ) ) ;
#677 = VECTOR ( 'NONE', #1617, 1000.000000000000000 ) ;
#678 = ADVANCED_FACE ( 'NONE', ( #1593 ), #803, .F. ) ;
#679 = FACE_OUTER_BOUND ( 'NONE', #757, .T. ) ;
#680 = VECTOR ( 'NONE', #1216, 1000.000000000000000 ) ;
#681 = DIRECTION ( 'NONE',  ( -0.000000000000000000, -0.000000000000000000, 1.000000000000000000 ) ) ;
#682 = AXIS2_PLACEMENT_3D ( 'NONE', #353, #1258, #181 ) ;
#683 = CARTESIAN_POINT ( 'NONE',  ( 0.3999999999999999667, 0.06000000000000001166, -0.4949999999999999956 ) ) ;
#684 = CARTESIAN_POINT ( 'NONE',  ( -0.1000000000000001582, 0.000000000000000000, 0.4250000000000000444 ) ) ;
#685 = ORIENTED_EDGE ( 'NONE', *, *, #1639, .F. ) ;
#686 = CARTESIAN_POINT ( 'NONE',  ( -0.1000000000000001582, -0.02000000000000000042, 0.4250000000000000444 ) ) ;
#687 = LINE ( 'NONE', #1341, #861 ) ;
#688 = ORIENTED_EDGE ( 'NONE', *, *, #186, .T. ) ;
#689 = EDGE_CURVE ( 'NONE', #1078, #1962, #1430, .T. ) ;
#690 = FACE_OUTER_BOUND ( 'NONE', #750, .T. ) ;
#691 = DIRECTION ( 'NONE',  ( -1.000000000000000000, -1.355252715606880049E-16, -0.000000000000000000 ) ) ;
#692 = EDGE_CURVE ( 'NONE', #445, #1042, #1113, .T. ) ;
#693 = EDGE_CURVE ( 'NONE', #1188, #576, #1896, .T. ) ;
#694 = CARTESIAN_POINT ( 'NONE',  ( 0.000000000000000000, -0.02000000000000000042, 0.000000000000000000 ) ) ;
#695 = ORIENTED_EDGE ( 'NONE', *, *, #882, .F. ) ;
#696 = CARTESIAN_POINT ( 'NONE',  ( 0.3999999999999998557, -0.02000000000000000042, 0.4250000000000000444 ) ) ;
#697 = CARTESIAN_POINT ( 'NONE',  ( -0.3999999999999999667, 0.1100000000000000422, 0.5000000000000000000 ) ) ;
#698 = ORIENTED_EDGE ( 'NONE', *, *, #1517, .F. ) ;
#699 = CARTESIAN_POINT ( 'NONE',  ( -0.1000000000000001582, -0.02000000000000000042, 0.4250000000000000444 ) ) ;
#700 = DIRECTION ( 'NONE',  ( 1.000000000000000000, 0.000000000000000000, 2.710505431213761578E-16 ) ) ;
#701 = PLANE ( 'NONE',  #811 ) ;
#702 = EDGE_CURVE ( 'NONE', #759, #1242, #204, .T. ) ;
#703 = CARTESIAN_POINT ( 'NONE',  ( 0.3999999999999998557, 0.000000000000000000, 0.4250000000000000444 ) ) ;
#705 = CARTESIAN_POINT ( 'NONE',  ( 0.3999999999999998557, -0.02000000000000000042, 0.4250000000000000444 ) ) ;
#704 =( NAMED_UNIT ( * ) SI_UNIT ( $, .STERADIAN. ) SOLID_ANGLE_UNIT ( ) );
#706 = EDGE_CURVE ( 'NONE', #241, #632, #1853, .T. ) ;
#707 = SURFACE_STYLE_FILL_AREA ( #1158 ) ;
#708 = PLANE ( 'NONE',  #1978 ) ;
#709 = DIRECTION ( 'NONE',  ( 0.000000000000000000, -1.000000000000000000, 0.000000000000000000 ) ) ;
#710 = ORIENTED_EDGE ( 'NONE', *, *, #51, .F. ) ;
#711 = DIRECTION ( 'NONE',  ( -0.000000000000000000, 1.000000000000000000, -0.000000000000000000 ) ) ;
#712 = CARTESIAN_POINT ( 'NONE',  ( -0.6000000000000001998, -0.02000000000000000042, 0.4250000000000000444 ) ) ;
#713 = VECTOR ( 'NONE', #1104, 1000.000000000000000 ) ;
#714 = VECTOR ( 'NONE', #1224, 1000.000000000000000 ) ;
#715 = CARTESIAN_POINT ( 'NONE',  ( 0.6999999999999997335, 0.3699999999999999956, 0.5000000000000000000 ) ) ;
#716 = CARTESIAN_POINT ( 'NONE',  ( 0.3999999999999999667, 0.1100000000000000144, 0.4949999999999999956 ) ) ;
#717 = VECTOR ( 'NONE', #436, 1000.000000000000000 ) ;
#718 = AXIS2_PLACEMENT_3D ( 'NONE', #705, #857, #1307 ) ;
#719 = DIRECTION ( 'NONE',  ( -0.000000000000000000, -0.000000000000000000, 1.000000000000000000 ) ) ;
#720 = ORIENTED_EDGE ( 'NONE', *, *, #1090, .F. ) ;
#721 = DIRECTION ( 'NONE',  ( 0.000000000000000000, -0.000000000000000000, 1.000000000000000000 ) ) ;
#722 = CARTESIAN_POINT ( 'NONE',  ( -0.1000000000000000472, 0.1100000000000000144, -0.4949999999999999956 ) ) ;
#723 = EDGE_LOOP ( 'NONE', ( #1528, #1686, #309, #1591 ) ) ;
#724 = DIRECTION ( 'NONE',  ( 0.000000000000000000, -0.000000000000000000, 1.000000000000000000 ) ) ;
#725 = LINE ( 'NONE', #1032, #590 ) ;
#726 = EDGE_CURVE ( 'NONE', #659, #846, #1934, .T. ) ;
#727 = DIRECTION ( 'NONE',  ( -1.000000000000000000, -1.355252715606880296E-16, 0.000000000000000000 ) ) ;
#728 = ORIENTED_EDGE ( 'NONE', *, *, #412, .F. ) ;
#729 = ORIENTED_EDGE ( 'NONE', *, *, #1154, .T. ) ;
#730 = EDGE_CURVE ( 'NONE', #1887, #469, #244, .T. ) ;
#731 = ORIENTED_EDGE ( 'NONE', *, *, #1348, .T. ) ;
#732 = DIRECTION ( 'NONE',  ( -1.000000000000000000, 0.000000000000000000, -0.000000000000000000 ) ) ;
#733 = LINE ( 'NONE', #1355, #842 ) ;
#734 = CARTESIAN_POINT ( 'NONE',  ( 0.4000000000000055178, 0.000000000000000000, -0.1250000000000001110 ) ) ;
#735 = VERTEX_POINT ( 'NONE', #1010 ) ;
#736 = ORIENTED_EDGE ( 'NONE', *, *, #138, .F. ) ;
#737 = VERTEX_POINT ( 'NONE', #1181 ) ;
#738 = ADVANCED_FACE ( 'NONE', ( #41 ), #1315, .F. ) ;
#739 = CARTESIAN_POINT ( 'NONE',  ( -0.4000000000000000777, -0.02000000000000000042, 0.4250000000000000444 ) ) ;
#740 = DIRECTION ( 'NONE',  ( 1.000000000000000000, 1.355252715606880049E-16, 0.000000000000000000 ) ) ;
#741 = PRESENTATION_LAYER_ASSIGNMENT (  '', '', ( #1331 ) ) ;
#742 = DIRECTION ( 'NONE',  ( -1.000000000000000000, 0.000000000000000000, -0.000000000000000000 ) ) ;
#743 = VECTOR ( 'NONE', #1862, 1000.000000000000000 ) ;
#744 = ORIENTED_EDGE ( 'NONE', *, *, #1770, .T. ) ;
#745 = VECTOR ( 'NONE', #1153, 1000.000000000000000 ) ;
#746 = LINE ( 'NONE', #150, #93 ) ;
#747 = ORIENTED_EDGE ( 'NONE', *, *, #522, .F. ) ;
#748 = LINE ( 'NONE', #1220, #423 ) ;
#749 = EDGE_CURVE ( 'NONE', #592, #1984, #668, .T. ) ;
#750 = EDGE_LOOP ( 'NONE', ( #987, #1893, #1376, #793 ) ) ;
#751 = CARTESIAN_POINT ( 'NONE',  ( -0.4000000000000000777, -0.02000000000000000042, 0.4250000000000000444 ) ) ;
#752 = CARTESIAN_POINT ( 'NONE',  ( -0.3999999999999999667, 0.1100000000000000422, 0.4949999999999999956 ) ) ;
#753 = FILL_AREA_STYLE ('',( #899 ) ) ;
#754 = ORIENTED_EDGE ( 'NONE', *, *, #99, .T. ) ;
#755 = DIRECTION ( 'NONE',  ( 0.000000000000000000, 0.000000000000000000, 1.000000000000000000 ) ) ;
#756 = EDGE_LOOP ( 'NONE', ( #1822, #1569, #728, #1623 ) ) ;
#757 = EDGE_LOOP ( 'NONE', ( #145, #1594, #366, #564 ) ) ;
#758 = CARTESIAN_POINT ( 'NONE',  ( 0.5999999999999999778, 0.000000000000000000, 0.1250000000000000833 ) ) ;
#759 = VERTEX_POINT ( 'NONE', #1944 ) ;
#760 = CARTESIAN_POINT ( 'NONE',  ( 0.1000000000000056816, 0.000000000000000000, -0.1250000000000001110 ) ) ;
#761 = DIRECTION ( 'NONE',  ( 0.000000000000000000, 0.000000000000000000, -1.000000000000000000 ) ) ;
#762 = VERTEX_POINT ( 'NONE', #1459 ) ;
#763 = EDGE_CURVE ( 'NONE', #965, #1471, #1294, .T. ) ;
#764 = DIRECTION ( 'NONE',  ( 1.000000000000000000, 0.000000000000000000, 2.710505431213761578E-16 ) ) ;
#765 = ORIENTED_EDGE ( 'NONE', *, *, #889, .F. ) ;
#766 = DIRECTION ( 'NONE',  ( 1.000000000000000000, 1.355252715606880296E-16, 0.000000000000000000 ) ) ;
#767 = ORIENTED_EDGE ( 'NONE', *, *, #1871, .T. ) ;
#768 = CARTESIAN_POINT ( 'NONE',  ( 0.09999999999999993616, 0.000000000000000000, 0.1250000000000000833 ) ) ;
#769 = AXIS2_PLACEMENT_3D ( 'NONE', #1319, #1332, #1951 ) ;
#770 = VECTOR ( 'NONE', #431, 1000.000000000000000 ) ;
#771 = LINE ( 'NONE', #1409, #162 ) ;
#772 = PLANE ( 'NONE',  #1277 ) ;
#773 = ORIENTED_EDGE ( 'NONE', *, *, #251, .F. ) ;
#774 = VECTOR ( 'NONE', #1377, 1000.000000000000000 ) ;
#775 = VECTOR ( 'NONE', #116, 1000.000000000000000 ) ;
#776 = ADVANCED_FACE ( 'NONE', ( #524 ), #1167, .T. ) ;
#778 = PLANE ( 'NONE',  #1689 ) ;
#777 = FACE_OUTER_BOUND ( 'NONE', #782, .T. ) ;
#779 = LINE ( 'NONE', #939, #1947 ) ;
#780 = FACE_BOUND ( 'NONE', #1696, .T. ) ;
#781 = VECTOR ( 'NONE', #1448, 1000.000000000000000 ) ;
#782 = EDGE_LOOP ( 'NONE', ( #582, #1280, #968, #1972 ) ) ;
#783 = LINE ( 'NONE', #944, #2018 ) ;
#784 = DIRECTION ( 'NONE',  ( -0.000000000000000000, 1.000000000000000000, -0.000000000000000000 ) ) ;
#785 = ORIENTED_EDGE ( 'NONE', *, *, #1825, .T. ) ;
#786 = CARTESIAN_POINT ( 'NONE',  ( -0.6000000000000000888, 0.1100000000000000144, 0.5000000000000000000 ) ) ;
#787 = CARTESIAN_POINT ( 'NONE',  ( 0.09999999999999993616, 0.000000000000000000, 0.4250000000000000444 ) ) ;
#788 = PRESENTATION_STYLE_ASSIGNMENT (( #1708 ) ) ;
#789 = VERTEX_POINT ( 'NONE', #1642 ) ;
#790 = ORIENTED_EDGE ( 'NONE', *, *, #266, .T. ) ;
#791 = DIRECTION ( 'NONE',  ( 1.355252715606880296E-16, -1.000000000000000000, 0.000000000000000000 ) ) ;
#792 = FACE_OUTER_BOUND ( 'NONE', #529, .T. ) ;
#793 = ORIENTED_EDGE ( 'NONE', *, *, #1112, .T. ) ;
#794 = DIRECTION ( 'NONE',  ( -0.7071067811865479058, 0.000000000000000000, 0.7071067811865472397 ) ) ;
#795 = MECHANICAL_DESIGN_GEOMETRIC_PRESENTATION_REPRESENTATION (  '', ( #1318 ), #352 ) ;
#796 = CARTESIAN_POINT ( 'NONE',  ( -0.4000000000000000777, 0.000000000000000000, 0.1250000000000000833 ) ) ;
#797 = EDGE_LOOP ( 'NONE', ( #104, #1223, #767, #1860 ) ) ;
#798 = ORIENTED_EDGE ( 'NONE', *, *, #1713, .T. ) ;
#799 = EDGE_CURVE ( 'NONE', #526, #2029, #1306, .T. ) ;
#800 = DIRECTION ( 'NONE',  ( -0.000000000000000000, -0.000000000000000000, -1.000000000000000000 ) ) ;
#801 = ADVANCED_FACE ( 'NONE', ( #985 ), #73, .F. ) ;
#802 = VECTOR ( 'NONE', #1646, 1000.000000000000000 ) ;
#803 = PLANE ( 'NONE',  #809 ) ;
#804 = VECTOR ( 'NONE', #261, 1000.000000000000000 ) ;
#805 = VECTOR ( 'NONE', #1290, 1000.000000000000000 ) ;
#806 = ORIENTED_EDGE ( 'NONE', *, *, #532, .T. ) ;
#807 = VECTOR ( 'NONE', #1771, 1000.000000000000000 ) ;
#808 = EDGE_LOOP ( 'NONE', ( #959, #1141, #34, #1130 ) ) ;
#809 = AXIS2_PLACEMENT_3D ( 'NONE', #926, #1559, #966 ) ;
#810 = EDGE_CURVE ( 'NONE', #1644, #632, #1018, .T. ) ;
#811 = AXIS2_PLACEMENT_3D ( 'NONE', #48, #1008, #1606 ) ;
#812 = DIRECTION ( 'NONE',  ( -1.000000000000000000, -1.355252715606880296E-16, 0.000000000000000000 ) ) ;
#813 = DIRECTION ( 'NONE',  ( 3.614007241618348278E-16, 0.000000000000000000, -1.000000000000000000 ) ) ;
#814 = ORIENTED_EDGE ( 'NONE', *, *, #1895, .T. ) ;
#815 = PLANE ( 'NONE',  #1338 ) ;
#816 = DIRECTION ( 'NONE',  ( 1.000000000000000000, 1.355252715606880049E-16, 0.000000000000000000 ) ) ;
#817 = LINE ( 'NONE', #828, #1916 ) ;
#818 = ORIENTED_EDGE ( 'NONE', *, *, #14, .F. ) ;
#819 = DIRECTION ( 'NONE',  ( 1.000000000000000000, 0.000000000000000000, 2.710505431213761578E-16 ) ) ;
#820 = ADVANCED_FACE ( 'NONE', ( #1652 ), #254, .F. ) ;
#821 = CARTESIAN_POINT ( 'NONE',  ( -0.1000000000000000472, 0.000000000000000000, 0.1250000000000000555 ) ) ;
#822 = ORIENTED_EDGE ( 'NONE', *, *, #730, .F. ) ;
#823 = CARTESIAN_POINT ( 'NONE',  ( -0.3999999999999999667, 0.06000000000000003941, 0.5000000000000000000 ) ) ;
#824 = ORIENTED_EDGE ( 'NONE', *, *, #689, .F. ) ;
#825 = CARTESIAN_POINT ( 'NONE',  ( -0.3999999999999999667, 0.1100000000000000422, 0.4949999999999999956 ) ) ;
#826 = DIRECTION ( 'NONE',  ( 3.614007241618348278E-16, 0.000000000000000000, -1.000000000000000000 ) ) ;
#828 = CARTESIAN_POINT ( 'NONE',  ( 0.3999999999999999667, 0.06000000000000001166, -0.4949999999999999956 ) ) ;
#827 = LINE ( 'NONE', #1134, #807 ) ;
#829 = ORIENTED_EDGE ( 'NONE', *, *, #2008, .T. ) ;
#830 =( NAMED_UNIT ( * ) PLANE_ANGLE_UNIT ( ) SI_UNIT ( $, .RADIAN. ) );
#831 = UNCERTAINTY_MEASURE_WITH_UNIT (LENGTH_MEASURE( 1.000000000000000082E-05 ), #1324, 'distance_accuracy_value', 'NONE');
#832 = ADVANCED_FACE ( 'NONE', ( #1507 ), #567, .F. ) ;
#833 = DIRECTION ( 'NONE',  ( -1.000000000000000000, 0.000000000000000000, 0.000000000000000000 ) ) ;
#834 = AXIS2_PLACEMENT_3D ( 'NONE', #722, #1029, #1345 ) ;
#835 = CARTESIAN_POINT ( 'NONE',  ( -0.3999999999999999667, 0.1100000000000000422, -0.4949999999999999956 ) ) ;
#836 = EDGE_LOOP ( 'NONE', ( #600, #1647, #2007, #906 ) ) ;
#837 = VECTOR ( 'NONE', #372, 1000.000000000000000 ) ;
#838 = EDGE_CURVE ( 'NONE', #132, #334, #878, .T. ) ;
#839 = DIRECTION ( 'NONE',  ( -0.000000000000000000, 0.000000000000000000, 1.000000000000000000 ) ) ;
#840 = STYLED_ITEM ( 'NONE', ( #1133 ), #801 ) ;
#841 = LINE ( 'NONE', #660, #1009 ) ;
#842 = VECTOR ( 'NONE', #1805, 1000.000000000000000 ) ;
#843 = CARTESIAN_POINT ( 'NONE',  ( 0.3999999999999999667, -0.02000000000000000042, 0.1250000000000000555 ) ) ;
#844 = CARTESIAN_POINT ( 'NONE',  ( -0.1000000000000001582, -0.02000000000000000042, 0.4250000000000000444 ) ) ;
#845 = ORIENTED_EDGE ( 'NONE', *, *, #1117, .F. ) ;
#846 = VERTEX_POINT ( 'NONE', #1690 ) ;
#847 = ADVANCED_FACE ( 'NONE', ( #413 ), #96, .F. ) ;
#848 = CARTESIAN_POINT ( 'NONE',  ( 0.1000000000000056816, -0.02000000000000000042, -0.1250000000000001110 ) ) ;
#849 = DIRECTION ( 'NONE',  ( -1.000000000000000000, -1.355252715606880296E-16, 0.000000000000000000 ) ) ;
#850 = EDGE_CURVE ( 'NONE', #1242, #159, #1495, .T. ) ;
#851 = FACE_OUTER_BOUND ( 'NONE', #2021, .T. ) ;
#852 = CARTESIAN_POINT ( 'NONE',  ( 0.6999999999999997335, 0.3699999999999999956, 0.5000000000000000000 ) ) ;
#853 = FACE_OUTER_BOUND ( 'NONE', #480, .T. ) ;
#854 = VERTEX_POINT ( 'NONE', #137 ) ;
#855 = CARTESIAN_POINT ( 'NONE',  ( -0.09999999999999430178, 0.000000000000000000, -0.4250000000000000999 ) ) ;
#856 = LINE ( 'NONE', #1994, #714 ) ;
#857 = DIRECTION ( 'NONE',  ( 0.000000000000000000, 0.000000000000000000, -1.000000000000000000 ) ) ;
#858 = DIRECTION ( 'NONE',  ( 1.000000000000000000, 0.000000000000000000, 1.355252715606880789E-16 ) ) ;
#859 = DIRECTION ( 'NONE',  ( 1.000000000000000000, 0.000000000000000000, 2.710505431213761578E-16 ) ) ;
#860 = LINE ( 'NONE', #835, #1268 ) ;
#861 = VECTOR ( 'NONE', #1501, 1000.000000000000000 ) ;
#862 = ORIENTED_EDGE ( 'NONE', *, *, #1530, .F. ) ;
#863 = VECTOR ( 'NONE', #813, 1000.000000000000000 ) ;
#864 = PLANE ( 'NONE',  #166 ) ;
#865 = DIRECTION ( 'NONE',  ( 1.000000000000000000, 1.355252715606880049E-16, 0.000000000000000000 ) ) ;
#866 = VECTOR ( 'NONE', #1456, 1000.000000000000000 ) ;
#867 = COLOUR_RGB ( '',0.2509803921568627416, 0.2509803921568627416, 0.2509803921568627416 ) ;
#868 = LINE ( 'NONE', #1680, #1914 ) ;
#869 = LINE ( 'NONE', #1967, #362 ) ;
#870 = AXIS2_PLACEMENT_3D ( 'NONE', #1653, #986, #546 ) ;
#871 = EDGE_CURVE ( 'NONE', #1092, #317, #868, .T. ) ;
#872 = CARTESIAN_POINT ( 'NONE',  ( 0.4000000000000055178, -0.02000000000000000042, -0.1250000000000001110 ) ) ;
#873 = ADVANCED_FACE ( 'NONE', ( #1191 ), #1373, .F. ) ;
#874 = DIRECTION ( 'NONE',  ( 3.614007241618348278E-16, 0.000000000000000000, -1.000000000000000000 ) ) ;
#875 = VERTEX_POINT ( 'NONE', #1354 ) ;
#876 = CARTESIAN_POINT ( 'NONE',  ( -0.7000000000000001776, 0.000000000000000000, 0.5000000000000000000 ) ) ;
#877 = VERTEX_POINT ( 'NONE', #739 ) ;
#878 = LINE ( 'NONE', #577, #775 ) ;
#879 = DIRECTION ( 'NONE',  ( -0.000000000000000000, -0.000000000000000000, 1.000000000000000000 ) ) ;
#880 = EDGE_CURVE ( 'NONE', #1511, #1012, #601, .T. ) ;
#881 = LINE ( 'NONE', #1357, #1878 ) ;
#882 = EDGE_CURVE ( 'NONE', #385, #2026, #585, .T. ) ;
#883 = ORIENTED_EDGE ( 'NONE', *, *, #455, .F. ) ;
#884 = CARTESIAN_POINT ( 'NONE',  ( 0.5999999999999999778, -0.02000000000000000042, 0.4250000000000000444 ) ) ;
#885 = ORIENTED_EDGE ( 'NONE', *, *, #123, .F. ) ;
#886 = FACE_BOUND ( 'NONE', #1930, .T. ) ;
#887 = LINE ( 'NONE', #1347, #1533 ) ;
#888 = CARTESIAN_POINT ( 'NONE',  ( -0.1000000000000000472, 0.06000000000000001166, -0.4949999999999999956 ) ) ;
#889 = EDGE_CURVE ( 'NONE', #1549, #1089, #290, .T. ) ;
#890 = ORIENTED_EDGE ( 'NONE', *, *, #1400, .T. ) ;
#891 = EDGE_CURVE ( 'NONE', #140, #2029, #1030, .T. ) ;
#892 = CARTESIAN_POINT ( 'NONE',  ( 0.3999999999999998557, 0.000000000000000000, 0.4250000000000000444 ) ) ;
#893 = ORIENTED_EDGE ( 'NONE', *, *, #253, .F. ) ;
#894 = VECTOR ( 'NONE', #1193, 1000.000000000000000 ) ;
#895 = AXIS2_PLACEMENT_3D ( 'NONE', #696, #549, #1140 ) ;
#896 = DIRECTION ( 'NONE',  ( 0.000000000000000000, -1.000000000000000000, 0.000000000000000000 ) ) ;
#897 = VECTOR ( 'NONE', #1168, 1000.000000000000000 ) ;
#898 = COLOUR_RGB ( '',0.7921568627450980005, 0.8196078431372548767, 0.9333333333333333481 ) ;
#899 = FILL_AREA_STYLE_COLOUR ( '', #898 ) ;
#900 = VECTOR ( 'NONE', #416, 1000.000000000000000 ) ;
#901 = VECTOR ( 'NONE', #1408, 1000.000000000000000 ) ;
#902 = DIRECTION ( 'NONE',  ( 0.000000000000000000, 0.000000000000000000, -1.000000000000000000 ) ) ;
#903 = LINE ( 'NONE', #141, #386 ) ;
#904 = FACE_OUTER_BOUND ( 'NONE', #756, .T. ) ;
#905 = PLANE ( 'NONE',  #1270 ) ;
#906 = ORIENTED_EDGE ( 'NONE', *, *, #1703, .T. ) ;
#907 = ORIENTED_EDGE ( 'NONE', *, *, #147, .F. ) ;
#908 = CARTESIAN_POINT ( 'NONE',  ( 0.3999999999999999667, 0.1100000000000000144, -0.4949999999999999956 ) ) ;
#909 = ADVANCED_FACE ( 'NONE', ( #1966 ), #1210, .F. ) ;
#910 = CARTESIAN_POINT ( 'NONE',  ( 0.4000000000000000777, 0.1100000000000000144, 0.5000000000000000000 ) ) ;
#911 = DIRECTION ( 'NONE',  ( 1.000000000000000000, 0.000000000000000000, 1.355252715606880789E-16 ) ) ;
#912 = ORIENTED_EDGE ( 'NONE', *, *, #1677, .T. ) ;
#913 = CARTESIAN_POINT ( 'NONE',  ( 0.3999999999999999667, 0.06000000000000001166, 0.4949999999999999956 ) ) ;
#914 = FACE_OUTER_BOUND ( 'NONE', #1952, .T. ) ;
#915 = LINE ( 'NONE', #1742, #390 ) ;
#916 = ORIENTED_EDGE ( 'NONE', *, *, #1509, .F. ) ;
#917 = ORIENTED_EDGE ( 'NONE', *, *, #1090, .T. ) ;
#918 = ORIENTED_EDGE ( 'NONE', *, *, #661, .T. ) ;
#919 = VERTEX_POINT ( 'NONE', #1986 ) ;
#920 = DIRECTION ( 'NONE',  ( 0.000000000000000000, -1.000000000000000000, 0.000000000000000000 ) ) ;
#921 = DIRECTION ( 'NONE',  ( -2.710505431213761578E-16, 0.000000000000000000, 1.000000000000000000 ) ) ;
#922 = DIRECTION ( 'NONE',  ( -0.7071067811865473507, 0.000000000000000000, -0.7071067811865477948 ) ) ;
#923 = PRODUCT_DEFINITION_FORMATION_WITH_SPECIFIED_SOURCE ( 'ANY', '', #11, .NOT_KNOWN. ) ;
#924 = ORIENTED_EDGE ( 'NONE', *, *, #1122, .T. ) ;
#926 = CARTESIAN_POINT ( 'NONE',  ( -0.6000000000000000888, 0.1100000000000000144, 0.4949999999999999956 ) ) ;
#925 = CARTESIAN_POINT ( 'NONE',  ( -0.6000000000000000888, 0.1100000000000000144, -0.4949999999999999956 ) ) ;
#927 = ORIENTED_EDGE ( 'NONE', *, *, #810, .T. ) ;
#928 = CARTESIAN_POINT ( 'NONE',  ( -0.5000000000000000000, 0.000000000000000000, 0.1250000000000000833 ) ) ;
#929 = EDGE_LOOP ( 'NONE', ( #250, #1516, #1204, #639 ) ) ;
#930 = PLANE ( 'NONE',  #1788 ) ;
#931 =( NAMED_UNIT ( * ) SI_UNIT ( $, .STERADIAN. ) SOLID_ANGLE_UNIT ( ) );
#932 = CARTESIAN_POINT ( 'NONE',  ( -0.7000000000000001776, 0.000000000000000000, -0.5000000000000000000 ) ) ;
#933 = EDGE_CURVE ( 'NONE', #854, #991, #856, .T. ) ;
#934 = VECTOR ( 'NONE', #1096, 1000.000000000000000 ) ;
#935 = PRODUCT_DEFINITION_CONTEXT ( 'detailed design', #1462, 'design' ) ;
#936 = CARTESIAN_POINT ( 'NONE',  ( 0.09999999999999993616, -0.02000000000000000042, 0.4250000000000000444 ) ) ;
#937 = MECHANICAL_DESIGN_GEOMETRIC_PRESENTATION_REPRESENTATION (  '', ( #1819 ), #1468 ) ;
#938 = FACE_OUTER_BOUND ( 'NONE', #1466, .T. ) ;
#939 = CARTESIAN_POINT ( 'NONE',  ( 0.1000000000000000472, 0.1100000000000000422, -0.4949999999999999956 ) ) ;
#940 = ORIENTED_EDGE ( 'NONE', *, *, #1142, .T. ) ;
#941 = SURFACE_STYLE_USAGE ( .BOTH. , #338 ) ;
#942 = VECTOR ( 'NONE', #681, 1000.000000000000000 ) ;
#943 = ORIENTED_EDGE ( 'NONE', *, *, #891, .T. ) ;
#944 = CARTESIAN_POINT ( 'NONE',  ( 0.1000000000000000472, 0.06000000000000003941, 0.4949999999999999956 ) ) ;
#945 = SURFACE_STYLE_USAGE ( .BOTH. , #1247 ) ;
#946 = ORIENTED_EDGE ( 'NONE', *, *, #661, .F. ) ;
#947 = CARTESIAN_POINT ( 'NONE',  ( -0.6000000000000001998, -0.02000000000000000042, 0.4250000000000000444 ) ) ;
#949 = CARTESIAN_POINT ( 'NONE',  ( 0.6000000000000000888, 0.06000000000000003941, 0.4949999999999999956 ) ) ;
#948 = DIRECTION ( 'NONE',  ( -0.000000000000000000, -0.000000000000000000, -1.000000000000000000 ) ) ;
#950 = CARTESIAN_POINT ( 'NONE',  ( 0.000000000000000000, 0.000000000000000000, 0.4949999999999999956 ) ) ;
#951 =( NAMED_UNIT ( * ) SI_UNIT ( $, .STERADIAN. ) SOLID_ANGLE_UNIT ( ) );
#952 = EDGE_CURVE ( 'NONE', #1389, #1748, #424, .T. ) ;
#953 = ORIENTED_EDGE ( 'NONE', *, *, #1129, .T. ) ;
#954 = DIRECTION ( 'NONE',  ( -1.000000000000000000, -1.355252715606880049E-16, -0.000000000000000000 ) ) ;
#955 = ORIENTED_EDGE ( 'NONE', *, *, #1571, .T. ) ;
#956 = PLANE ( 'NONE',  #969 ) ;
#958 = DIRECTION ( 'NONE',  ( 3.614007241618348278E-16, 0.000000000000000000, -1.000000000000000000 ) ) ;
#957 = CARTESIAN_POINT ( 'NONE',  ( -0.6000000000000000888, 0.1100000000000000144, 0.4949999999999999956 ) ) ;
#959 = ORIENTED_EDGE ( 'NONE', *, *, #1256, .T. ) ;
#960 = ADVANCED_FACE ( 'NONE', ( #1823, #443, #1054, #886, #594, #1521, #449 ), #126, .T. ) ;
#961 = ORIENTED_EDGE ( 'NONE', *, *, #1906, .F. ) ;
#962 = EDGE_CURVE ( 'NONE', #1089, #115, #156, .T. ) ;
#963 = EDGE_CURVE ( 'NONE', #447, #789, #310, .T. ) ;
#964 = VECTOR ( 'NONE', #1685, 1000.000000000000000 ) ;
#965 = VERTEX_POINT ( 'NONE', #1588 ) ;
#966 = DIRECTION ( 'NONE',  ( -1.000000000000000000, -1.355252715606880296E-16, 0.000000000000000000 ) ) ;
#967 = VECTOR ( 'NONE', #476, 1000.000000000000000 ) ;
#968 = ORIENTED_EDGE ( 'NONE', *, *, #503, .T. ) ;
#969 = AXIS2_PLACEMENT_3D ( 'NONE', #947, #1581, #183 ) ;
#970 = VECTOR ( 'NONE', #496, 1000.000000000000000 ) ;
#971 = DIRECTION ( 'NONE',  ( -1.000000000000000000, -0.000000000000000000, -0.000000000000000000 ) ) ;
#972 = ORIENTED_EDGE ( 'NONE', *, *, #1429, .F. ) ;
#973 = VECTOR ( 'NONE', #1169, 1000.000000000000000 ) ;
#974 = CARTESIAN_POINT ( 'NONE',  ( 0.1000000000000056816, -0.02000000000000000042, -0.4250000000000000444 ) ) ;
#975 = EDGE_CURVE ( 'NONE', #875, #241, #170, .T. ) ;
#976 = FILL_AREA_STYLE ('',( #535 ) ) ;
#977 = LINE ( 'NONE', #1609, #1472 ) ;
#978 = CARTESIAN_POINT ( 'NONE',  ( -0.6000000000000000888, 0.1100000000000000144, -0.5000000000000000000 ) ) ;
#979 = VERTEX_POINT ( 'NONE', #472 ) ;
#980 = FACE_OUTER_BOUND ( 'NONE', #1604, .T. ) ;
#981 = VERTEX_POINT ( 'NONE', #1565 ) ;
#982 = VERTEX_POINT ( 'NONE', #179 ) ;
#983 = CARTESIAN_POINT ( 'NONE',  ( -0.3999999999999999667, 0.1100000000000000422, 0.4949999999999999956 ) ) ;
#984 = EDGE_CURVE ( 'NONE', #140, #1162, #1714, .T. ) ;
#985 = FACE_OUTER_BOUND ( 'NONE', #1237, .T. ) ;
#986 = DIRECTION ( 'NONE',  ( 0.000000000000000000, 0.000000000000000000, -1.000000000000000000 ) ) ;
#987 = ORIENTED_EDGE ( 'NONE', *, *, #850, .T. ) ;
#988 = ADVANCED_FACE ( 'NONE', ( #622 ), #930, .T. ) ;
#989 = EDGE_CURVE ( 'NONE', #1712, #135, #189, .T. ) ;
#990 = CARTESIAN_POINT ( 'NONE',  ( -0.09999999999999441280, -0.02000000000000000042, -0.1250000000000001110 ) ) ;
#991 = VERTEX_POINT ( 'NONE', #302 ) ;
#992 = DIRECTION ( 'NONE',  ( 1.000000000000000000, 0.000000000000000000, 2.710505431213761578E-16 ) ) ;
#993 = PLANE ( 'NONE',  #1953 ) ;
#994 = CARTESIAN_POINT ( 'NONE',  ( -0.1000000000000000472, 0.1100000000000000144, 0.5000000000000000000 ) ) ;
#995 = ORIENTED_EDGE ( 'NONE', *, *, #1445, .T. ) ;
#996 =( LENGTH_UNIT ( ) NAMED_UNIT ( * ) SI_UNIT ( .MILLI., .METRE. ) );
#997 = UNCERTAINTY_MEASURE_WITH_UNIT (LENGTH_MEASURE( 1.000000000000000082E-05 ), #662, 'distance_accuracy_value', 'NONE');
#998 = EDGE_CURVE ( 'NONE', #1984, #919, #783, .T. ) ;
#999 = LINE ( 'NONE', #675, #554 ) ;
#1000 = AXIS2_PLACEMENT_3D ( 'NONE', #694, #1316, #1011 ) ;
#1001 = DIRECTION ( 'NONE',  ( -1.000000000000000000, -0.000000000000000000, -0.000000000000000000 ) ) ;
#1002 = EDGE_CURVE ( 'NONE', #666, #348, #1883, .T. ) ;
#1003 = VERTEX_POINT ( 'NONE', #1543 ) ;
#1004 = VECTOR ( 'NONE', #819, 1000.000000000000000 ) ;
#1005 = LINE ( 'NONE', #1493, #615 ) ;
#1006 = DIRECTION ( 'NONE',  ( -1.000000000000000000, 0.000000000000000000, -0.000000000000000000 ) ) ;
#1007 = VECTOR ( 'NONE', #655, 1000.000000000000000 ) ;
#1008 = DIRECTION ( 'NONE',  ( 1.000000000000000000, 0.000000000000000000, -0.000000000000000000 ) ) ;
#1009 = VECTOR ( 'NONE', #1144, 1000.000000000000000 ) ;
#1010 = CARTESIAN_POINT ( 'NONE',  ( 0.6999999999999997335, 0.000000000000000000, -0.5000000000000000000 ) ) ;
#1011 = DIRECTION ( 'NONE',  ( 0.000000000000000000, -0.000000000000000000, 1.000000000000000000 ) ) ;
#1012 = VERTEX_POINT ( 'NONE', #13 ) ;
#1013 = CARTESIAN_POINT ( 'NONE',  ( -0.09999999999999441280, 0.000000000000000000, -0.1250000000000001110 ) ) ;
#1014 = LINE ( 'NONE', #1187, #584 ) ;
#1015 = ORIENTED_EDGE ( 'NONE', *, *, #1352, .F. ) ;
#1016 = ADVANCED_FACE ( 'NONE', ( #28 ), #1382, .F. ) ;
#1017 = CARTESIAN_POINT ( 'NONE',  ( 0.5999999999999999778, -0.02000000000000000042, 0.4250000000000000444 ) ) ;
#1018 = LINE ( 'NONE', #703, #1602 ) ;
#1020 = DIRECTION ( 'NONE',  ( -1.000000000000000000, -1.355252715606880049E-16, 0.000000000000000000 ) ) ;
#1019 = CARTESIAN_POINT ( 'NONE',  ( -0.7000000000000001776, 0.3699999999999999956, -0.5000000000000000000 ) ) ;
#1021 = ORIENTED_EDGE ( 'NONE', *, *, #1906, .T. ) ;
#1022 = DIRECTION ( 'NONE',  ( 1.000000000000000000, 0.000000000000000000, 0.000000000000000000 ) ) ;
#1023 = PRESENTATION_STYLE_ASSIGNMENT (( #1464 ) ) ;
#1024 = CARTESIAN_POINT ( 'NONE',  ( -0.5999999999999944267, 0.000000000000000000, -0.1250000000000001110 ) ) ;
#1025 = DIRECTION ( 'NONE',  ( -1.355252715606880296E-16, 1.000000000000000000, 0.000000000000000000 ) ) ;
#1026 = ORIENTED_EDGE ( 'NONE', *, *, #1497, .F. ) ;
#1027 = EDGE_CURVE ( 'NONE', #357, #50, #610, .T. ) ;
#1028 = DIRECTION ( 'NONE',  ( -1.000000000000000000, 0.000000000000000000, -0.000000000000000000 ) ) ;
#1029 = DIRECTION ( 'NONE',  ( 1.000000000000000000, 0.000000000000000000, -0.000000000000000000 ) ) ;
#1030 = LINE ( 'NONE', #1804, #1275 ) ;
#1031 = EDGE_CURVE ( 'NONE', #55, #1711, #1279, .T. ) ;
#1032 = CARTESIAN_POINT ( 'NONE',  ( -0.6000000000000000888, 0.1100000000000000144, 0.4949999999999999956 ) ) ;
#1033 = PLANE ( 'NONE',  #1757 ) ;
#1034 = ORIENTED_EDGE ( 'NONE', *, *, #1417, .T. ) ;
#1035 = PLANE ( 'NONE',  #769 ) ;
#1036 = MECHANICAL_DESIGN_GEOMETRIC_PRESENTATION_REPRESENTATION (  '', ( #1722 ), #673 ) ;
#1037 = VERTEX_POINT ( 'NONE', #505 ) ;
#1038 = LINE ( 'NONE', #1370, #450 ) ;
#1039 = VECTOR ( 'NONE', #2006, 1000.000000000000000 ) ;
#1040 = DIRECTION ( 'NONE',  ( -0.000000000000000000, -0.000000000000000000, -1.000000000000000000 ) ) ;
#1041 = DIRECTION ( 'NONE',  ( 1.000000000000000000, 1.355252715606880049E-16, 0.000000000000000000 ) ) ;
#1042 = VERTEX_POINT ( 'NONE', #768 ) ;
#1043 = VECTOR ( 'NONE', #948, 1000.000000000000000 ) ;
#1044 = ADVANCED_FACE ( 'NONE', ( #1901 ), #993, .F. ) ;
#1045 = VECTOR ( 'NONE', #281, 1000.000000000000000 ) ;
#1046 = DIRECTION ( 'NONE',  ( 0.000000000000000000, 0.000000000000000000, -1.000000000000000000 ) ) ;
#1047 = DIRECTION ( 'NONE',  ( -0.000000000000000000, -0.000000000000000000, -1.000000000000000000 ) ) ;
#1048 = VECTOR ( 'NONE', #376, 1000.000000000000000 ) ;
#1049 = EDGE_CURVE ( 'NONE', #167, #1595, #1627, .T. ) ;
#1050 = DIRECTION ( 'NONE',  ( 1.000000000000000000, 1.355252715606880049E-16, 0.000000000000000000 ) ) ;
#1051 = ORIENTED_EDGE ( 'NONE', *, *, #850, .F. ) ;
#1052 = VERTEX_POINT ( 'NONE', #512 ) ;
#1053 = ORIENTED_EDGE ( 'NONE', *, *, #1948, .F. ) ;
#1054 = FACE_BOUND ( 'NONE', #1393, .T. ) ;
#1055 = LINE ( 'NONE', #1987, #653 ) ;
#1056 = EDGE_CURVE ( 'NONE', #592, #159, #200, .T. ) ;
#1057 = LINE ( 'NONE', #283, #1209 ) ;
#1058 = EDGE_CURVE ( 'NONE', #1827, #1965, #1769, .T. ) ;
#1059 = EDGE_LOOP ( 'NONE', ( #629, #1126, #195, #1705 ) ) ;
#1060 = FACE_BOUND ( 'NONE', #569, .T. ) ;
#1061 = ORIENTED_EDGE ( 'NONE', *, *, #963, .T. ) ;
#1062 = DIRECTION ( 'NONE',  ( -0.000000000000000000, 1.000000000000000000, 0.000000000000000000 ) ) ;
#1063 = CARTESIAN_POINT ( 'NONE',  ( 0.6999999999999997335, 0.3699999999999999956, 0.5000000000000000000 ) ) ;
#1064 = EDGE_CURVE ( 'NONE', #1263, #55, #1618, .T. ) ;
#1065 = ORIENTED_EDGE ( 'NONE', *, *, #1688, .F. ) ;
#1066 = ADVANCED_FACE ( 'NONE', ( #542 ), #815, .F. ) ;
#1067 = CLOSED_SHELL ( 'NONE', ( #1651, #2022, #381, #1659, #960, #1832, #801, #72, #1218, #909, #285, #847, #470, #1016, #277, #1269, #1266, #402, #35, #1847, #607, #395, #642, #288, #602, #1557, #619, #738, #573, #319, #1323, #1441, #1946, #516, #1670, #873, #1206, #1044, #1131, #1869, #1302, #1326, #1066, #1842, #1762, #1494, #820, #832, #678, #2028, #571, #1888, #1605, #1700, #776, #473, #358, #988, #336, #1587, #1607, #119, #1081, #125, #177, #586, #1922 ) ) ;
#1068 = VERTEX_POINT ( 'NONE', #1166 ) ;
#1069 = VECTOR ( 'NONE', #784, 1000.000000000000000 ) ;
#1070 = AXIS2_PLACEMENT_3D ( 'NONE', #488, #305, #1572 ) ;
#1071 = FILL_AREA_STYLE_COLOUR ( '', #1601 ) ;
#1072 = VECTOR ( 'NONE', #1874, 1000.000000000000000 ) ;
#1073 =( GEOMETRIC_REPRESENTATION_CONTEXT ( 3 ) GLOBAL_UNCERTAINTY_ASSIGNED_CONTEXT ( ( #43 ) ) GLOBAL_UNIT_ASSIGNED_CONTEXT ( ( #1567, #474, #931 ) ) REPRESENTATION_CONTEXT ( 'NONE', 'WORKASPACE' ) );
#1074 = ORIENTED_EDGE ( 'NONE', *, *, #998, .F. ) ;
#1075 = DIRECTION ( 'NONE',  ( 1.000000000000000000, 0.000000000000000000, 0.000000000000000000 ) ) ;
#1076 = LINE ( 'NONE', #1706, #774 ) ;
#1077 = ORIENTED_EDGE ( 'NONE', *, *, #242, .F. ) ;
#1078 = VERTEX_POINT ( 'NONE', #983 ) ;
#1079 = DIRECTION ( 'NONE',  ( 0.000000000000000000, 0.000000000000000000, 1.000000000000000000 ) ) ;
#1080 = ORIENTED_EDGE ( 'NONE', *, *, #1417, .F. ) ;
#1081 = ADVANCED_FACE ( 'NONE', ( #1438 ), #701, .T. ) ;
#1082 = DIRECTION ( 'NONE',  ( 0.000000000000000000, -0.000000000000000000, -1.000000000000000000 ) ) ;
#1083 = DIRECTION ( 'NONE',  ( 1.000000000000000000, 0.000000000000000000, 0.000000000000000000 ) ) ;
#1084 = CARTESIAN_POINT ( 'NONE',  ( 0.6000000000000000888, 0.1100000000000000422, 0.5000000000000000000 ) ) ;
#1085 = VERTEX_POINT ( 'NONE', #217 ) ;
#1086 = CARTESIAN_POINT ( 'NONE',  ( 0.4000000000000056288, 0.000000000000000000, -0.4250000000000000999 ) ) ;
#1087 = EDGE_LOOP ( 'NONE', ( #1927, #12, #1015, #806 ) ) ;
#1088 = LINE ( 'NONE', #1710, #228 ) ;
#1089 = VERTEX_POINT ( 'NONE', #231 ) ;
#1090 = EDGE_CURVE ( 'NONE', #1078, #1827, #1943, .T. ) ;
#1091 = CARTESIAN_POINT ( 'NONE',  ( -0.1000000000000000472, 0.06000000000000001166, -0.4949999999999999956 ) ) ;
#1092 = VERTEX_POINT ( 'NONE', #39 ) ;
#1093 = CARTESIAN_POINT ( 'NONE',  ( -0.1000000000000000472, 0.1100000000000000144, -0.4949999999999999956 ) ) ;
#1095 = LINE ( 'NONE', #628, #1884 ) ;
#1094 = LINE ( 'NONE', #1718, #1724 ) ;
#1096 = DIRECTION ( 'NONE',  ( 1.000000000000000000, 1.355252715606880049E-16, 0.000000000000000000 ) ) ;
#1097 = ORIENTED_EDGE ( 'NONE', *, *, #1374, .F. ) ;
#1098 = FACE_OUTER_BOUND ( 'NONE', #144, .T. ) ;
#1099 = ORIENTED_EDGE ( 'NONE', *, *, #1352, .T. ) ;
#1100 = LINE ( 'NONE', #1715, #451 ) ;
#1101 = ORIENTED_EDGE ( 'NONE', *, *, #1450, .F. ) ;
#1102 = VECTOR ( 'NONE', #565, 1000.000000000000000 ) ;
#1103 = EDGE_CURVE ( 'NONE', #1969, #289, #841, .T. ) ;
#1104 = DIRECTION ( 'NONE',  ( -0.000000000000000000, 1.000000000000000000, -0.000000000000000000 ) ) ;
#1105 = VECTOR ( 'NONE', #1446, 1000.000000000000000 ) ;
#1106 = DIRECTION ( 'NONE',  ( -0.000000000000000000, -0.000000000000000000, -1.000000000000000000 ) ) ;
#1107 = ORIENTED_EDGE ( 'NONE', *, *, #188, .F. ) ;
#1108 = FILL_AREA_STYLE_COLOUR ( '', #611 ) ;
#1109 = VECTOR ( 'NONE', #1312, 1000.000000000000000 ) ;
#1110 = ORIENTED_EDGE ( 'NONE', *, *, #1770, .F. ) ;
#1111 =( LENGTH_UNIT ( ) NAMED_UNIT ( * ) SI_UNIT ( .MILLI., .METRE. ) );
#1112 = EDGE_CURVE ( 'NONE', #789, #1242, #1285, .T. ) ;
#1113 = LINE ( 'NONE', #1589, #1007 ) ;
#1114 = CARTESIAN_POINT ( 'NONE',  ( 0.6000000000000000888, 0.06000000000000003941, -0.5000000000000000000 ) ) ;
#1115 = ORIENTED_EDGE ( 'NONE', *, *, #1703, .F. ) ;
#1116 = LINE ( 'NONE', #1570, #1529 ) ;
#1117 = EDGE_CURVE ( 'NONE', #1941, #2026, #59, .T. ) ;
#1119 = DIRECTION ( 'NONE',  ( 3.614007241618349264E-16, 0.000000000000000000, -1.000000000000000000 ) ) ;
#1118 = LINE ( 'NONE', #1740, #967 ) ;
#1120 = CARTESIAN_POINT ( 'NONE',  ( 0.3999999999999999667, 0.06000000000000001166, -0.5000000000000000000 ) ) ;
#1121 = VERTEX_POINT ( 'NONE', #974 ) ;
#1122 = EDGE_CURVE ( 'NONE', #280, #1879, #207, .T. ) ;
#1123 = ORIENTED_EDGE ( 'NONE', *, *, #14, .T. ) ;
#1124 = DIRECTION ( 'NONE',  ( 0.000000000000000000, 1.000000000000000000, 0.000000000000000000 ) ) ;
#1125 = CARTESIAN_POINT ( 'NONE',  ( -0.3999999999999943046, -0.02000000000000000042, -0.4250000000000000444 ) ) ;
#1126 = ORIENTED_EDGE ( 'NONE', *, *, #211, .T. ) ;
#1127 = CARTESIAN_POINT ( 'NONE',  ( -0.6000000000000001998, 0.000000000000000000, 0.4250000000000000444 ) ) ;
#1128 = VERTEX_POINT ( 'NONE', #1444 ) ;
#1129 = EDGE_CURVE ( 'NONE', #762, #69, #667, .T. ) ;
#1130 = ORIENTED_EDGE ( 'NONE', *, *, #693, .T. ) ;
#1131 = ADVANCED_FACE ( 'NONE', ( #792 ), #1440, .F. ) ;
#1132 = CARTESIAN_POINT ( 'NONE',  ( -0.7000000000000001776, 0.000000000000000000, 0.5000000000000000000 ) ) ;
#1133 = PRESENTATION_STYLE_ASSIGNMENT (( #1781 ) ) ;
#1135 = CARTESIAN_POINT ( 'NONE',  ( -0.5000000000000000000, -0.02000000000000000042, 0.1250000000000000833 ) ) ;
#1134 = CARTESIAN_POINT ( 'NONE',  ( -0.1000000000000000472, 0.1100000000000000144, -0.5000000000000000000 ) ) ;
#1136 = AXIS2_PLACEMENT_3D ( 'NONE', #103, #3, #859 ) ;
#1137 = VECTOR ( 'NONE', #1848, 1000.000000000000000 ) ;
#1138 = PRESENTATION_LAYER_ASSIGNMENT (  '', '', ( #1178 ) ) ;
#1139 = AXIS2_PLACEMENT_3D ( 'NONE', #544, #1755, #60 ) ;
#1140 = DIRECTION ( 'NONE',  ( 3.614007241618349264E-16, 0.000000000000000000, -1.000000000000000000 ) ) ;
#1141 = ORIENTED_EDGE ( 'NONE', *, *, #1958, .T. ) ;
#1142 = EDGE_CURVE ( 'NONE', #1037, #1121, #171, .T. ) ;
#1143 = PRESENTATION_LAYER_ASSIGNMENT (  '', '', ( #1666 ) ) ;
#1144 = DIRECTION ( 'NONE',  ( -0.000000000000000000, -0.000000000000000000, 1.000000000000000000 ) ) ;
#1145 = EDGE_CURVE ( 'NONE', #1068, #446, #42, .T. ) ;
#1146 = DIRECTION ( 'NONE',  ( -0.000000000000000000, 1.000000000000000000, -0.000000000000000000 ) ) ;
#1147 = PLANE ( 'NONE',  #718 ) ;
#1148 = VERTEX_POINT ( 'NONE', #663 ) ;
#1149 = CARTESIAN_POINT ( 'NONE',  ( 0.6000000000000000888, 0.1100000000000000422, -0.4949999999999999956 ) ) ;
#1150 = EDGE_LOOP ( 'NONE', ( #1809, #747, #1701, #143 ) ) ;
#1151 = CARTESIAN_POINT ( 'NONE',  ( 0.5999999999999999778, 0.000000000000000000, 0.4250000000000000444 ) ) ;
#1152 = DIRECTION ( 'NONE',  ( 0.000000000000000000, 1.000000000000000000, 0.000000000000000000 ) ) ;
#1153 = DIRECTION ( 'NONE',  ( -0.000000000000000000, 1.000000000000000000, -0.000000000000000000 ) ) ;
#1154 = EDGE_CURVE ( 'NONE', #1548, #1584, #1737, .T. ) ;
#1155 = SURFACE_SIDE_STYLE ('',( #208 ) ) ;
#1156 = PLANE ( 'NONE',  #1000 ) ;
#1157 = ORIENTED_EDGE ( 'NONE', *, *, #2008, .F. ) ;
#1158 = FILL_AREA_STYLE ('',( #1992 ) ) ;
#1159 = CARTESIAN_POINT ( 'NONE',  ( 0.4000000000000056288, -0.02000000000000000042, -0.4250000000000000999 ) ) ;
#1160 = DIRECTION ( 'NONE',  ( 3.614007241618349264E-16, 0.000000000000000000, -1.000000000000000000 ) ) ;
#1161 = CARTESIAN_POINT ( 'NONE',  ( -0.3999999999999999667, 0.1100000000000000422, -0.5000000000000000000 ) ) ;
#1162 = VERTEX_POINT ( 'NONE', #656 ) ;
#1163 = ORIENTED_EDGE ( 'NONE', *, *, #1784, .F. ) ;
#1164 = DIRECTION ( 'NONE',  ( 1.000000000000000000, 0.000000000000000000, 1.355252715606880789E-16 ) ) ;
#1165 = FACE_OUTER_BOUND ( 'NONE', #1087, .T. ) ;
#1166 = CARTESIAN_POINT ( 'NONE',  ( -0.1000000000000000472, 0.06000000000000001166, -0.4949999999999999956 ) ) ;
#1167 = PLANE ( 'NONE',  #461 ) ;
#1169 = DIRECTION ( 'NONE',  ( 3.614007241618348278E-16, 0.000000000000000000, -1.000000000000000000 ) ) ;
#1168 = DIRECTION ( 'NONE',  ( -0.000000000000000000, 1.000000000000000000, -0.000000000000000000 ) ) ;
#1170 = VERTEX_POINT ( 'NONE', #932 ) ;
#1171 = ORIENTED_EDGE ( 'NONE', *, *, #726, .F. ) ;
#1172 = EDGE_CURVE ( 'NONE', #1085, #576, #1902, .T. ) ;
#1173 = LINE ( 'NONE', #1789, #355 ) ;
#1174 = VECTOR ( 'NONE', #252, 1000.000000000000000 ) ;
#1175 = DIRECTION ( 'NONE',  ( -0.000000000000000000, 1.000000000000000000, -0.000000000000000000 ) ) ;
#1176 = ORIENTED_EDGE ( 'NONE', *, *, #30, .T. ) ;
#1177 = VECTOR ( 'NONE', #160, 1000.000000000000000 ) ;
#1178 = STYLED_ITEM ( 'NONE', ( #1246 ), #589 ) ;
#1179 = FACE_OUTER_BOUND ( 'NONE', #321, .T. ) ;
#1180 = VECTOR ( 'NONE', #1235, 1000.000000000000000 ) ;
#1181 = CARTESIAN_POINT ( 'NONE',  ( 0.4000000000000055178, -0.02000000000000000042, -0.1250000000000001110 ) ) ;
#1182 = CARTESIAN_POINT ( 'NONE',  ( 0.000000000000000000, 0.3699999999999999956, 0.000000000000000000 ) ) ;
#1183 = VERTEX_POINT ( 'NONE', #1410 ) ;
#1184 = DIRECTION ( 'NONE',  ( 0.000000000000000000, 0.000000000000000000, 1.000000000000000000 ) ) ;
#1185 = SURFACE_SIDE_STYLE ('',( #707 ) ) ;
#1186 = CARTESIAN_POINT ( 'NONE',  ( -0.5000000000000002220, -0.02000000000000000042, 0.1250000000000001110 ) ) ;
#1187 = CARTESIAN_POINT ( 'NONE',  ( -0.6000000000000001998, 0.000000000000000000, 0.4250000000000000444 ) ) ;
#1188 = VERTEX_POINT ( 'NONE', #1114 ) ;
#1189 = PLANE ( 'NONE',  #553 ) ;
#1190 = PLANE ( 'NONE',  #834 ) ;
#1191 = FACE_OUTER_BOUND ( 'NONE', #397, .T. ) ;
#1192 = DIRECTION ( 'NONE',  ( -0.000000000000000000, 1.000000000000000000, -0.000000000000000000 ) ) ;
#1193 = DIRECTION ( 'NONE',  ( 1.000000000000000000, 1.355252715606880049E-16, 0.000000000000000000 ) ) ;
#1194 = ORIENTED_EDGE ( 'NONE', *, *, #1112, .F. ) ;
#1195 = ORIENTED_EDGE ( 'NONE', *, *, #1365, .F. ) ;
#1196 = CARTESIAN_POINT ( 'NONE',  ( 0.6000000000000056399, -0.02000000000000000042, -0.4250000000000000444 ) ) ;
#1197 = VERTEX_POINT ( 'NONE', #1897 ) ;
#1198 = EDGE_CURVE ( 'NONE', #762, #502, #514, .T. ) ;
#1199 = CARTESIAN_POINT ( 'NONE',  ( 0.000000000000000000, -0.02000000000000000042, 0.000000000000000000 ) ) ;
#1200 = LINE ( 'NONE', #578, #1983 ) ;
#1201 = PLANE ( 'NONE',  #588 ) ;
#1202 = LINE ( 'NONE', #734, #1177 ) ;
#1203 = LINE ( 'NONE', #697, #770 ) ;
#1204 = ORIENTED_EDGE ( 'NONE', *, *, #631, .F. ) ;
#1205 = PLANE ( 'NONE',  #1394 ) ;
#1206 = ADVANCED_FACE ( 'NONE', ( #342 ), #320, .T. ) ;
#1207 = ORIENTED_EDGE ( 'NONE', *, *, #481, .T. ) ;
#1208 = VECTOR ( 'NONE', #403, 1000.000000000000000 ) ;
#1209 = VECTOR ( 'NONE', #858, 1000.000000000000000 ) ;
#1210 = PLANE ( 'NONE',  #394 ) ;
#1211 = DIRECTION ( 'NONE',  ( -1.000000000000000000, -0.000000000000000000, -0.000000000000000000 ) ) ;
#1212 = ORIENTED_EDGE ( 'NONE', *, *, #26, .T. ) ;
#1213 = EDGE_LOOP ( 'NONE', ( #1637, #883, #1692, #765 ) ) ;
#1214 = FACE_OUTER_BOUND ( 'NONE', #676, .T. ) ;
#1215 = EDGE_LOOP ( 'NONE', ( #21, #1289, #773, #1021 ) ) ;
#1216 = DIRECTION ( 'NONE',  ( 1.000000000000000000, 0.000000000000000000, 2.710505431213761578E-16 ) ) ;
#1217 = LINE ( 'NONE', #1063, #1786 ) ;
#1218 = ADVANCED_FACE ( 'NONE', ( #158 ), #772, .F. ) ;
#1219 = EDGE_LOOP ( 'NONE', ( #729, #235, #1801, #731 ) ) ;
#1220 = CARTESIAN_POINT ( 'NONE',  ( -0.7000000000000001776, 0.3699999999999999956, -0.5000000000000000000 ) ) ;
#1221 = LINE ( 'NONE', #884, #265 ) ;
#1222 = ORIENTED_EDGE ( 'NONE', *, *, #1473, .T. ) ;
#1223 = ORIENTED_EDGE ( 'NONE', *, *, #1064, .F. ) ;
#1224 = DIRECTION ( 'NONE',  ( 1.000000000000000000, 1.355252715606880049E-16, 0.000000000000000000 ) ) ;
#1225 = PLANE ( 'NONE',  #1136 ) ;
#1226 = CARTESIAN_POINT ( 'NONE',  ( -0.6000000000000000888, 0.1100000000000000283, -0.5000000000000000000 ) ) ;
#1227 = DIRECTION ( 'NONE',  ( -0.000000000000000000, 1.000000000000000000, -0.000000000000000000 ) ) ;
#1228 = DIRECTION ( 'NONE',  ( 0.000000000000000000, -1.000000000000000000, 0.000000000000000000 ) ) ;
#1229 = ORIENTED_EDGE ( 'NONE', *, *, #1553, .T. ) ;
#1230 = ORIENTED_EDGE ( 'NONE', *, *, #702, .T. ) ;
#1231 = AXIS2_PLACEMENT_3D ( 'NONE', #306, #467, #1241 ) ;
#1232 = CARTESIAN_POINT ( 'NONE',  ( -0.5000000000000000000, -0.02000000000000000042, 0.1250000000000000833 ) ) ;
#1233 = VECTOR ( 'NONE', #920, 1000.000000000000000 ) ;
#1234 = DIRECTION ( 'NONE',  ( 1.355252715606880296E-16, -1.000000000000000000, 0.000000000000000000 ) ) ;
#1235 = DIRECTION ( 'NONE',  ( -1.000000000000000000, -1.355252715606880049E-16, -0.000000000000000000 ) ) ;
#1236 = VECTOR ( 'NONE', #1508, 1000.000000000000000 ) ;
#1237 = EDGE_LOOP ( 'NONE', ( #1616, #271, #885, #1123 ) ) ;
#1238 = EDGE_CURVE ( 'NONE', #846, #140, #1772, .T. ) ;
#1239 = CARTESIAN_POINT ( 'NONE',  ( 0.000000000000000000, 0.000000000000000000, -0.4949999999999999956 ) ) ;
#1240 = LINE ( 'NONE', #957, #426 ) ;
#1241 = DIRECTION ( 'NONE',  ( 0.000000000000000000, 0.000000000000000000, -1.000000000000000000 ) ) ;
#1242 = VERTEX_POINT ( 'NONE', #994 ) ;
#1243 = ORIENTED_EDGE ( 'NONE', *, *, #1415, .T. ) ;
#1244 = EDGE_CURVE ( 'NONE', #1284, #1183, #1620, .T. ) ;
#1245 = DIRECTION ( 'NONE',  ( -1.355252715606880789E-16, 0.000000000000000000, 1.000000000000000000 ) ) ;
#1246 = PRESENTATION_STYLE_ASSIGNMENT (( #2020 ) ) ;
#1247 = SURFACE_SIDE_STYLE ('',( #4 ) ) ;
#1248 = ORIENTED_EDGE ( 'NONE', *, *, #1542, .F. ) ;
#1249 = CARTESIAN_POINT ( 'NONE',  ( 0.09999999999999993616, -0.02000000000000000042, 0.1250000000000000833 ) ) ;
#1251 = LINE ( 'NONE', #346, #520 ) ;
#1250 = CARTESIAN_POINT ( 'NONE',  ( -0.3999999999999943046, 0.000000000000000000, -0.1250000000000001110 ) ) ;
#1252 = CARTESIAN_POINT ( 'NONE',  ( 0.5999999999999999778, -0.02000000000000000042, 0.4250000000000000444 ) ) ;
#1253 = EDGE_LOOP ( 'NONE', ( #1817, #53, #432, #1478 ) ) ;
#1254 = VERTEX_POINT ( 'NONE', #684 ) ;
#1255 =( NAMED_UNIT ( * ) SI_UNIT ( $, .STERADIAN. ) SOLID_ANGLE_UNIT ( ) );
#1256 = EDGE_CURVE ( 'NONE', #576, #348, #97, .T. ) ;
#1257 = FACE_OUTER_BOUND ( 'NONE', #1455, .T. ) ;
#1258 = DIRECTION ( 'NONE',  ( 1.000000000000000000, 0.000000000000000000, 0.000000000000000000 ) ) ;
#1259 = ORIENTED_EDGE ( 'NONE', *, *, #1825, .F. ) ;
#1260 = DIRECTION ( 'NONE',  ( 3.614007241618348278E-16, 0.000000000000000000, -1.000000000000000000 ) ) ;
#1261 = LINE ( 'NONE', #312, #389 ) ;
#1262 = CARTESIAN_POINT ( 'NONE',  ( -0.6000000000000001998, -0.02000000000000000042, 0.4250000000000000444 ) ) ;
#1263 = VERTEX_POINT ( 'NONE', #392 ) ;
#1264 = CARTESIAN_POINT ( 'NONE',  ( -0.3999999999999943046, -0.02000000000000000042, -0.1250000000000001110 ) ) ;
#1265 = EDGE_LOOP ( 'NONE', ( #1766, #1097, #491, #1449 ) ) ;
#1266 = ADVANCED_FACE ( 'NONE', ( #1629 ), #1147, .F. ) ;
#1267 = CARTESIAN_POINT ( 'NONE',  ( -0.1000000000000000472, -0.02000000000000000042, 0.1250000000000000555 ) ) ;
#1268 = VECTOR ( 'NONE', #68, 1000.000000000000000 ) ;
#1269 = ADVANCED_FACE ( 'NONE', ( #851 ), #405, .F. ) ;
#1270 = AXIS2_PLACEMENT_3D ( 'NONE', #2001, #113, #766 ) ;
#1271 = VECTOR ( 'NONE', #202, 1000.000000000000000 ) ;
#1272 = EDGE_LOOP ( 'NONE', ( #2013, #961, #1792, #1411 ) ) ;
#1273 = VECTOR ( 'NONE', #1631, 1000.000000000000000 ) ;
#1274 = CARTESIAN_POINT ( 'NONE',  ( 0.6999999999999997335, 0.000000000000000000, 0.5000000000000000000 ) ) ;
#1275 = VECTOR ( 'NONE', #1346, 1000.000000000000000 ) ;
#1276 = DIRECTION ( 'NONE',  ( 1.000000000000000000, 1.355252715606880296E-16, 0.000000000000000000 ) ) ;
#1277 = AXIS2_PLACEMENT_3D ( 'NONE', #1182, #669, #74 ) ;
#1278 = ORIENTED_EDGE ( 'NONE', *, *, #1400, .F. ) ;
#1279 = LINE ( 'NONE', #1552, #559 ) ;
#1280 = ORIENTED_EDGE ( 'NONE', *, *, #1002, .F. ) ;
#1281 = PLANE ( 'NONE',  #1687 ) ;
#1282 = ORIENTED_EDGE ( 'NONE', *, *, #1749, .F. ) ;
#1283 = EDGE_CURVE ( 'NONE', #1818, #1941, #49, .T. ) ;
#1284 = VERTEX_POINT ( 'NONE', #844 ) ;
#1285 = LINE ( 'NONE', #1305, #462 ) ;
#1286 = CARTESIAN_POINT ( 'NONE',  ( 0.000000000000000000, 0.000000000000000000, 0.4949999999999999956 ) ) ;
#1287 = DIRECTION ( 'NONE',  ( 3.614007241618348278E-16, 0.000000000000000000, -1.000000000000000000 ) ) ;
#1288 = UNCERTAINTY_MEASURE_WITH_UNIT (LENGTH_MEASURE( 1.000000000000000082E-05 ), #1583, 'distance_accuracy_value', 'NONE');
#1289 = ORIENTED_EDGE ( 'NONE', *, *, #99, .F. ) ;
#1290 = DIRECTION ( 'NONE',  ( -0.000000000000000000, -0.000000000000000000, 1.000000000000000000 ) ) ;
#1291 = EDGE_CURVE ( 'NONE', #132, #737, #363, .T. ) ;
#1292 = ORIENTED_EDGE ( 'NONE', *, *, #242, .T. ) ;
#1293 = CARTESIAN_POINT ( 'NONE',  ( -0.3999999999999943046, -0.02000000000000000042, -0.1250000000000001110 ) ) ;
#1294 = LINE ( 'NONE', #1763, #201 ) ;
#1295 = DIRECTION ( 'NONE',  ( 0.000000000000000000, -0.000000000000000000, 1.000000000000000000 ) ) ;
#1296 = ORIENTED_EDGE ( 'NONE', *, *, #692, .T. ) ;
#1297 = VECTOR ( 'NONE', #258, 1000.000000000000000 ) ;
#1298 = AXIS2_PLACEMENT_3D ( 'NONE', #1019, #755, #1694 ) ;
#1299 = MECHANICAL_DESIGN_GEOMETRIC_PRESENTATION_REPRESENTATION (  '', ( #840 ), #1396 ) ;
#1300 = ORIENTED_EDGE ( 'NONE', *, *, #30, .F. ) ;
#1301 = VECTOR ( 'NONE', #1476, 1000.000000000000000 ) ;
#1302 = ADVANCED_FACE ( 'NONE', ( #1924 ), #536, .F. ) ;
#1303 = PLANE ( 'NONE',  #293 ) ;
#1304 = FACE_OUTER_BOUND ( 'NONE', #1938, .T. ) ;
#1305 = CARTESIAN_POINT ( 'NONE',  ( -0.1000000000000000472, 0.1100000000000000144, 0.4949999999999999956 ) ) ;
#1306 = LINE ( 'NONE', #1923, #1105 ) ;
#1307 = DIRECTION ( 'NONE',  ( -1.000000000000000000, 0.000000000000000000, -0.000000000000000000 ) ) ;
#1308 = ORIENTED_EDGE ( 'NONE', *, *, #882, .T. ) ;
#1309 = DIRECTION ( 'NONE',  ( -1.000000000000000000, -1.355252715606880049E-16, 0.000000000000000000 ) ) ;
#1310 = DIRECTION ( 'NONE',  ( -0.000000000000000000, -0.000000000000000000, 1.000000000000000000 ) ) ;
#1311 = EDGE_LOOP ( 'NONE', ( #1392, #1157, #604, #1077 ) ) ;
#1312 = DIRECTION ( 'NONE',  ( -0.000000000000000000, 1.000000000000000000, -0.000000000000000000 ) ) ;
#1313 = DIRECTION ( 'NONE',  ( -1.000000000000000000, 0.000000000000000000, -0.000000000000000000 ) ) ;
#1314 = EDGE_CURVE ( 'NONE', #1673, #1254, #525, .T. ) ;
#1315 = PLANE ( 'NONE',  #1139 ) ;
#1316 = DIRECTION ( 'NONE',  ( -0.000000000000000000, 1.000000000000000000, 0.000000000000000000 ) ) ;
#1317 = ORIENTED_EDGE ( 'NONE', *, *, #702, .F. ) ;
#1318 = STYLED_ITEM ( 'NONE', ( #1489 ), #114 ) ;
#1319 = CARTESIAN_POINT ( 'NONE',  ( -0.3999999999999999667, 0.1100000000000000422, -0.4949999999999999956 ) ) ;
#1320 = ORIENTED_EDGE ( 'NONE', *, *, #1639, .T. ) ;
#1321 = DIRECTION ( 'NONE',  ( -1.000000000000000000, -0.000000000000000000, -0.000000000000000000 ) ) ;
#1322 = CARTESIAN_POINT ( 'NONE',  ( 0.6000000000000056399, 0.000000000000000000, -0.1250000000000001110 ) ) ;
#1323 = ADVANCED_FACE ( 'NONE', ( #1340 ), #1156, .F. ) ;
#1325 = CARTESIAN_POINT ( 'NONE',  ( 0.000000000000000000, -0.02000000000000000042, 0.000000000000000000 ) ) ;
#1324 =( LENGTH_UNIT ( ) NAMED_UNIT ( * ) SI_UNIT ( .MILLI., .METRE. ) );
#1326 = ADVANCED_FACE ( 'NONE', ( #1764 ), #370, .F. ) ;
#1327 = ORIENTED_EDGE ( 'NONE', *, *, #349, .T. ) ;
#1328 = VECTOR ( 'NONE', #596, 1000.000000000000000 ) ;
#1329 = EDGE_CURVE ( 'NONE', #632, #1595, #1782, .T. ) ;
#1330 = FACE_OUTER_BOUND ( 'NONE', #593, .T. ) ;
#1331 = STYLED_ITEM ( 'NONE', ( #1023 ), #1651 ) ;
#1332 = DIRECTION ( 'NONE',  ( -1.000000000000000000, 0.000000000000000000, 0.000000000000000000 ) ) ;
#1333 = ORIENTED_EDGE ( 'NONE', *, *, #1997, .F. ) ;
#1334 = VECTOR ( 'NONE', #1050, 1000.000000000000000 ) ;
#1335 = LINE ( 'NONE', #699, #1663 ) ;
#1336 = PLANE ( 'NONE',  #95 ) ;
#1337 = VECTOR ( 'NONE', #1124, 1000.000000000000000 ) ;
#1338 = AXIS2_PLACEMENT_3D ( 'NONE', #82, #1751, #812 ) ;
#1339 = CARTESIAN_POINT ( 'NONE',  ( -0.09999999999999430178, 0.000000000000000000, -0.4250000000000000999 ) ) ;
#1340 = FACE_OUTER_BOUND ( 'NONE', #1728, .T. ) ;
#1341 = CARTESIAN_POINT ( 'NONE',  ( 0.1000000000000000472, 0.1100000000000000422, 0.5000000000000000000 ) ) ;
#1342 = EDGE_CURVE ( 'NONE', #1984, #447, #246, .T. ) ;
#1343 = ORIENTED_EDGE ( 'NONE', *, *, #253, .T. ) ;
#1344 = LINE ( 'NONE', #1504, #804 ) ;
#1345 = DIRECTION ( 'NONE',  ( -0.000000000000000000, 0.000000000000000000, -1.000000000000000000 ) ) ;
#1346 = DIRECTION ( 'NONE',  ( -0.000000000000000000, -0.000000000000000000, 1.000000000000000000 ) ) ;
#1347 = CARTESIAN_POINT ( 'NONE',  ( -0.6000000000000000888, 0.06000000000000001166, 0.4949999999999999956 ) ) ;
#1348 = EDGE_CURVE ( 'NONE', #1925, #1548, #568, .T. ) ;
#1349 = LINE ( 'NONE', #89, #291 ) ;
#1350 = ORIENTED_EDGE ( 'NONE', *, *, #483, .F. ) ;
#1351 = ORIENTED_EDGE ( 'NONE', *, *, #631, .T. ) ;
#1352 = EDGE_CURVE ( 'NONE', #1576, #132, #977, .T. ) ;
#1353 = ORIENTED_EDGE ( 'NONE', *, *, #891, .F. ) ;
#1354 = CARTESIAN_POINT ( 'NONE',  ( 0.3999999999999998557, -0.02000000000000000042, 0.4250000000000000444 ) ) ;
#1355 = CARTESIAN_POINT ( 'NONE',  ( 0.3999999999999999667, 0.1100000000000000144, -0.4949999999999999956 ) ) ;
#1356 = DIRECTION ( 'NONE',  ( 1.000000000000000000, 0.000000000000000000, 3.614007241618349264E-16 ) ) ;
#1357 = CARTESIAN_POINT ( 'NONE',  ( -0.3999999999999999667, 0.1100000000000000422, 0.4949999999999999956 ) ) ;
#1358 = VECTOR ( 'NONE', #1665, 1000.000000000000000 ) ;
#1359 = ORIENTED_EDGE ( 'NONE', *, *, #998, .T. ) ;
#1360 = ORIENTED_EDGE ( 'NONE', *, *, #1960, .T. ) ;
#1361 = CARTESIAN_POINT ( 'NONE',  ( 0.1000000000000000472, 0.1100000000000000422, -0.4949999999999999956 ) ) ;
#1362 = ORIENTED_EDGE ( 'NONE', *, *, #1, .F. ) ;
#1363 = VECTOR ( 'NONE', #57, 999.9999999999998863 ) ;
#1364 = DIRECTION ( 'NONE',  ( -0.000000000000000000, 0.000000000000000000, 1.000000000000000000 ) ) ;
#1365 = EDGE_CURVE ( 'NONE', #1092, #1806, #817, .T. ) ;
#1366 = FACE_OUTER_BOUND ( 'NONE', #836, .T. ) ;
#1367 = VECTOR ( 'NONE', #992, 1000.000000000000000 ) ;
#1368 = CARTESIAN_POINT ( 'NONE',  ( -0.4000000000000000777, -0.02000000000000000042, 0.4250000000000000444 ) ) ;
#1369 = ORIENTED_EDGE ( 'NONE', *, *, #1383, .F. ) ;
#1370 = CARTESIAN_POINT ( 'NONE',  ( 0.6000000000000000888, 0.06000000000000003941, 0.4949999999999999956 ) ) ;
#1371 = CARTESIAN_POINT ( 'NONE',  ( -0.1000000000000000472, 0.06000000000000001166, -0.4949999999999999956 ) ) ;
#1372 = ORIENTED_EDGE ( 'NONE', *, *, #211, .F. ) ;
#1373 = PLANE ( 'NONE',  #558 ) ;
#1374 = EDGE_CURVE ( 'NONE', #1437, #1712, #107, .T. ) ;
#1375 = FACE_OUTER_BOUND ( 'NONE', #2002, .T. ) ;
#1376 = ORIENTED_EDGE ( 'NONE', *, *, #1753, .F. ) ;
#1377 = DIRECTION ( 'NONE',  ( -0.000000000000000000, 1.000000000000000000, -0.000000000000000000 ) ) ;
#1378 = ORIENTED_EDGE ( 'NONE', *, *, #1997, .T. ) ;
#1379 = ORIENTED_EDGE ( 'NONE', *, *, #563, .T. ) ;
#1380 = ORIENTED_EDGE ( 'NONE', *, *, #763, .T. ) ;
#1381 = ORIENTED_EDGE ( 'NONE', *, *, #1903, .T. ) ;
#1382 = PLANE ( 'NONE',  #1793 ) ;
#1383 = EDGE_CURVE ( 'NONE', #1962, #1965, #725, .T. ) ;
#1384 = LINE ( 'NONE', #1852, #1039 ) ;
#1385 = ORIENTED_EDGE ( 'NONE', *, *, #1895, .F. ) ;
#1386 = CARTESIAN_POINT ( 'NONE',  ( -0.3999999999999943046, -0.02000000000000000042, -0.1250000000000001110 ) ) ;
#1387 = SURFACE_SIDE_STYLE ('',( #1413 ) ) ;
#1388 = EDGE_CURVE ( 'NONE', #447, #759, #587, .T. ) ;
#1389 = VERTEX_POINT ( 'NONE', #1675 ) ;
#1390 = CARTESIAN_POINT ( 'NONE',  ( 0.6000000000000000888, 0.06000000000000003941, -0.4949999999999999956 ) ) ;
#1391 = VECTOR ( 'NONE', #1310, 1000.000000000000000 ) ;
#1392 = ORIENTED_EDGE ( 'NONE', *, *, #1867, .F. ) ;
#1393 = EDGE_LOOP ( 'NONE', ( #371, #1830, #1385, #47 ) ) ;
#1394 = AXIS2_PLACEMENT_3D ( 'NONE', #1361, #2015, #1079 ) ;
#1395 = DIRECTION ( 'NONE',  ( 1.000000000000000000, 1.355252715606880296E-16, 0.000000000000000000 ) ) ;
#1396 =( GEOMETRIC_REPRESENTATION_CONTEXT ( 3 ) GLOBAL_UNCERTAINTY_ASSIGNED_CONTEXT ( ( #997 ) ) GLOBAL_UNIT_ASSIGNED_CONTEXT ( ( #662, #377, #1628 ) ) REPRESENTATION_CONTEXT ( 'NONE', 'WORKASPACE' ) );
#1397 = DIRECTION ( 'NONE',  ( 1.355252715606880296E-16, -1.000000000000000000, 0.000000000000000000 ) ) ;
#1398 = AXIS2_PLACEMENT_3D ( 'NONE', #1325, #1797, #1295 ) ;
#1399 = ORIENTED_EDGE ( 'NONE', *, *, #188, .T. ) ;
#1400 = EDGE_CURVE ( 'NONE', #2012, #1416, #887, .T. ) ;
#1401 = CARTESIAN_POINT ( 'NONE',  ( -0.7000000000000001776, 0.000000000000000000, 0.5000000000000000000 ) ) ;
#1402 = DIRECTION ( 'NONE',  ( 0.000000000000000000, 0.000000000000000000, -1.000000000000000000 ) ) ;
#1403 = PLANE ( 'NONE',  #196 ) ;
#1404 = ORIENTED_EDGE ( 'NONE', *, *, #1677, .F. ) ;
#1405 = PLANE ( 'NONE',  #1750 ) ;
#1406 = EDGE_CURVE ( 'NONE', #1818, #385, #869, .T. ) ;
#1407 = ORIENTED_EDGE ( 'NONE', *, *, #1453, .F. ) ;
#1408 = DIRECTION ( 'NONE',  ( 0.000000000000000000, 1.000000000000000000, 0.000000000000000000 ) ) ;
#1409 = CARTESIAN_POINT ( 'NONE',  ( -0.6000000000000000888, -0.02000000000000000042, 0.1250000000000000555 ) ) ;
#1410 = CARTESIAN_POINT ( 'NONE',  ( -0.1000000000000000472, -0.02000000000000000042, 0.1250000000000000555 ) ) ;
#1411 = ORIENTED_EDGE ( 'NONE', *, *, #1509, .T. ) ;
#1412 = DIRECTION ( 'NONE',  ( 0.000000000000000000, -1.000000000000000000, 0.000000000000000000 ) ) ;
#1413 = SURFACE_STYLE_FILL_AREA ( #1891 ) ;
#1414 = ORIENTED_EDGE ( 'NONE', *, *, #799, .T. ) ;
#1415 = EDGE_CURVE ( 'NONE', #159, #919, #1055, .T. ) ;
#1416 = VERTEX_POINT ( 'NONE', #1514 ) ;
#1417 = EDGE_CURVE ( 'NONE', #1085, #666, #733, .T. ) ;
#1418 = SURFACE_SIDE_STYLE ('',( #1660 ) ) ;
#1419 = CARTESIAN_POINT ( 'NONE',  ( 0.6000000000000000888, 0.1100000000000000422, -0.4949999999999999956 ) ) ;
#1420 = EDGE_LOOP ( 'NONE', ( #1362, #651, #698, #1300 ) ) ;
#1421 = CARTESIAN_POINT ( 'NONE',  ( -0.6000000000000000888, 0.1100000000000000144, 0.4949999999999999956 ) ) ;
#1422 = FACE_OUTER_BOUND ( 'NONE', #155, .T. ) ;
#1423 = ORIENTED_EDGE ( 'NONE', *, *, #1867, .T. ) ;
#1424 = ORIENTED_EDGE ( 'NONE', *, *, #1342, .F. ) ;
#1425 = EDGE_CURVE ( 'NONE', #334, #16, #1200, .T. ) ;
#1426 = CARTESIAN_POINT ( 'NONE',  ( -0.1000000000000000472, 0.1100000000000000144, -0.4949999999999999956 ) ) ;
#1427 = MECHANICAL_DESIGN_GEOMETRIC_PRESENTATION_REPRESENTATION (  '', ( #1331 ), #454 ) ;
#1428 = AXIS2_PLACEMENT_3D ( 'NONE', #1149, #214, #54 ) ;
#1429 = EDGE_CURVE ( 'NONE', #1197, #540, #1975, .T. ) ;
#1430 = LINE ( 'NONE', #497, #29 ) ;
#1431 = ORIENTED_EDGE ( 'NONE', *, *, #322, .T. ) ;
#1432 = VECTOR ( 'NONE', #636, 1000.000000000000000 ) ;
#1433 = FILL_AREA_STYLE ('',( #192 ) ) ;
#1434 = AXIS2_PLACEMENT_3D ( 'NONE', #1831, #1046, #732 ) ;
#1435 = ORIENTED_EDGE ( 'NONE', *, *, #730, .T. ) ;
#1436 = AXIS2_PLACEMENT_3D ( 'NONE', #1135, #922, #1555 ) ;
#1437 = VERTEX_POINT ( 'NONE', #437 ) ;
#1438 = FACE_OUTER_BOUND ( 'NONE', #723, .T. ) ;
#1439 = CARTESIAN_POINT ( 'NONE',  ( 0.6000000000000000888, 0.1100000000000000422, 0.4949999999999999956 ) ) ;
#1440 = PLANE ( 'NONE',  #682 ) ;
#1441 = ADVANCED_FACE ( 'NONE', ( #1366 ), #425, .F. ) ;
#1442 = LINE ( 'NONE', #45, #805 ) ;
#1443 = EDGE_LOOP ( 'NONE', ( #1292, #720, #508, #1380 ) ) ;
#1444 = CARTESIAN_POINT ( 'NONE',  ( 0.6000000000000056399, 0.000000000000000000, -0.4250000000000000444 ) ) ;
#1445 = EDGE_CURVE ( 'NONE', #991, #526, #1669, .T. ) ;
#1446 = DIRECTION ( 'NONE',  ( -1.000000000000000000, -1.355252715606880049E-16, -0.000000000000000000 ) ) ;
#1448 = DIRECTION ( 'NONE',  ( -1.000000000000000000, -0.000000000000000000, -0.000000000000000000 ) ) ;
#1447 = CARTESIAN_POINT ( 'NONE',  ( 0.09999999999999993616, 0.000000000000000000, 0.4250000000000000444 ) ) ;
#1449 = ORIENTED_EDGE ( 'NONE', *, *, #136, .T. ) ;
#1450 = EDGE_CURVE ( 'NONE', #1595, #1510, #1919, .T. ) ;
#1451 = EDGE_LOOP ( 'NONE', ( #548, #187, #1892, #943 ) ) ;
#1452 = FACE_OUTER_BOUND ( 'NONE', #2000, .T. ) ;
#1453 = EDGE_CURVE ( 'NONE', #1584, #502, #374, .T. ) ;
#1454 = ORIENTED_EDGE ( 'NONE', *, *, #1027, .T. ) ;
#1455 = EDGE_LOOP ( 'NONE', ( #1423, #1936, #1372, #890 ) ) ;
#1456 = DIRECTION ( 'NONE',  ( -0.000000000000000000, 1.000000000000000000, -0.000000000000000000 ) ) ;
#1457 = ORIENTED_EDGE ( 'NONE', *, *, #1256, .F. ) ;
#1458 = DIRECTION ( 'NONE',  ( -0.000000000000000000, -0.000000000000000000, 1.000000000000000000 ) ) ;
#1459 = CARTESIAN_POINT ( 'NONE',  ( -0.3999999999999943046, -0.02000000000000000042, -0.4250000000000000444 ) ) ;
#1460 = CARTESIAN_POINT ( 'NONE',  ( 0.3999999999999999667, 0.1100000000000000144, 0.4949999999999999956 ) ) ;
#1461 = VERTEX_POINT ( 'NONE', #243 ) ;
#1462 = APPLICATION_CONTEXT ( 'automotive_design' ) ;
#1463 = AXIS2_PLACEMENT_3D ( 'NONE', #398, #1917, #248 ) ;
#1464 = SURFACE_STYLE_USAGE ( .BOTH. , #1185 ) ;
#1465 = AXIS2_PLACEMENT_3D ( 'NONE', #500, #1865, #337 ) ;
#1466 = EDGE_LOOP ( 'NONE', ( #1519, #1115, #112, #1778 ) ) ;
#1467 = EDGE_CURVE ( 'NONE', #1183, #445, #1648, .T. ) ;
#1468 =( GEOMETRIC_REPRESENTATION_CONTEXT ( 3 ) GLOBAL_UNCERTAINTY_ASSIGNED_CONTEXT ( ( #212 ) ) GLOBAL_UNIT_ASSIGNED_CONTEXT ( ( #1111, #1725, #1255 ) ) REPRESENTATION_CONTEXT ( 'NONE', 'WORKASPACE' ) );
#1469 = FACE_OUTER_BOUND ( 'NONE', #1723, .T. ) ;
#1470 = DIRECTION ( 'NONE',  ( -1.000000000000000000, 0.000000000000000000, 0.000000000000000000 ) ) ;
#1471 = VERTEX_POINT ( 'NONE', #823 ) ;
#1472 = VECTOR ( 'NONE', #209, 1000.000000000000000 ) ;
#1473 = EDGE_CURVE ( 'NONE', #2026, #735, #229, .T. ) ;
#1474 = LINE ( 'NONE', #1931, #1754 ) ;
#1475 = FACE_OUTER_BOUND ( 'NONE', #1720, .T. ) ;
#1476 = DIRECTION ( 'NONE',  ( -1.000000000000000000, -1.355252715606880049E-16, 0.000000000000000000 ) ) ;
#1477 = DIRECTION ( 'NONE',  ( -0.000000000000000000, 0.000000000000000000, 1.000000000000000000 ) ) ;
#1478 = ORIENTED_EDGE ( 'NONE', *, *, #203, .T. ) ;
#1479 = CARTESIAN_POINT ( 'NONE',  ( -0.6000000000000000888, -0.02000000000000000042, 0.2250000000000000611 ) ) ;
#1480 = LINE ( 'NONE', #1490, #863 ) ;
#1481 = LINE ( 'NONE', #1800, #22 ) ;
#1482 = ORIENTED_EDGE ( 'NONE', *, *, #1553, .F. ) ;
#1483 = PRODUCT_DEFINITION ( 'UNKNOWN', '', #923, #935 ) ;
#1484 = CARTESIAN_POINT ( 'NONE',  ( 0.5999999999999999778, 0.000000000000000000, 0.4250000000000000444 ) ) ;
#1485 = CARTESIAN_POINT ( 'NONE',  ( 0.5999999999999999778, -0.02000000000000000042, 0.1250000000000000833 ) ) ;
#1486 = EDGE_CURVE ( 'NONE', #1389, #877, #1005, .T. ) ;
#1487 = EDGE_CURVE ( 'NONE', #5, #1510, #1625, .T. ) ;
#1488 = CARTESIAN_POINT ( 'NONE',  ( 0.1000000000000000472, 0.1100000000000000422, 0.4949999999999999956 ) ) ;
#1489 = PRESENTATION_STYLE_ASSIGNMENT (( #527 ) ) ;
#1490 = CARTESIAN_POINT ( 'NONE',  ( -0.09999999999999441280, 0.000000000000000000, -0.1250000000000001110 ) ) ;
#1491 = CARTESIAN_POINT ( 'NONE',  ( 0.6000000000000056399, -0.02000000000000000042, -0.1250000000000001110 ) ) ;
#1492 = ORIENTED_EDGE ( 'NONE', *, *, #563, .F. ) ;
#1493 = CARTESIAN_POINT ( 'NONE',  ( -0.4000000000000000777, -0.02000000000000000042, 0.4250000000000000444 ) ) ;
#1494 = ADVANCED_FACE ( 'NONE', ( #690 ), #1189, .F. ) ;
#1495 = LINE ( 'NONE', #1674, #652 ) ;
#1496 = DIRECTION ( 'NONE',  ( -1.000000000000000000, -0.000000000000000000, -0.000000000000000000 ) ) ;
#1497 = EDGE_CURVE ( 'NONE', #1183, #1969, #1474, .T. ) ;
#1498 = AXIS2_PLACEMENT_3D ( 'NONE', #225, #1025, #727 ) ;
#1499 = PLANE ( 'NONE',  #1598 ) ;
#1500 = AXIS2_PLACEMENT_3D ( 'NONE', #1252, #326, #1856 ) ;
#1501 = DIRECTION ( 'NONE',  ( -0.000000000000000000, 1.000000000000000000, -0.000000000000000000 ) ) ;
#1502 = ORIENTED_EDGE ( 'NONE', *, *, #1473, .F. ) ;
#1503 = AXIS2_PLACEMENT_3D ( 'NONE', #872, #458, #8 ) ;
#1504 = CARTESIAN_POINT ( 'NONE',  ( -0.3999999999999999667, 0.1100000000000000422, -0.4949999999999999956 ) ) ;
#1505 = DIRECTION ( 'NONE',  ( -1.000000000000000000, 0.000000000000000000, -0.000000000000000000 ) ) ;
#1506 =( GEOMETRIC_REPRESENTATION_CONTEXT ( 3 ) GLOBAL_UNCERTAINTY_ASSIGNED_CONTEXT ( ( #1915 ) ) GLOBAL_UNIT_ASSIGNED_CONTEXT ( ( #1886, #1590, #190 ) ) REPRESENTATION_CONTEXT ( 'NONE', 'WORKASPACE' ) );
#1507 = FACE_OUTER_BOUND ( 'NONE', #1993, .T. ) ;
#1508 = DIRECTION ( 'NONE',  ( -0.000000000000000000, -0.000000000000000000, -1.000000000000000000 ) ) ;
#1509 = EDGE_CURVE ( 'NONE', #1461, #115, #1640, .T. ) ;
#1510 = VERTEX_POINT ( 'NONE', #1484 ) ;
#1511 = VERTEX_POINT ( 'NONE', #79 ) ;
#1512 = ORIENTED_EDGE ( 'NONE', *, *, #1117, .T. ) ;
#1513 = DIRECTION ( 'NONE',  ( -1.000000000000000000, 0.000000000000000000, -0.000000000000000000 ) ) ;
#1514 = CARTESIAN_POINT ( 'NONE',  ( -0.6000000000000000888, 0.06000000000000001166, 0.5000000000000000000 ) ) ;
#1515 = DIRECTION ( 'NONE',  ( -0.000000000000000000, 0.000000000000000000, 1.000000000000000000 ) ) ;
#1516 = ORIENTED_EDGE ( 'NONE', *, *, #186, .F. ) ;
#1517 = EDGE_CURVE ( 'NONE', #1437, #1511, #1344, .T. ) ;
#1518 = EDGE_LOOP ( 'NONE', ( #1556, #744, #1744, #287 ) ) ;
#1519 = ORIENTED_EDGE ( 'NONE', *, *, #1749, .T. ) ;
#1520 = ORIENTED_EDGE ( 'NONE', *, *, #1802, .T. ) ;
#1521 = FACE_BOUND ( 'NONE', #435, .T. ) ;
#1522 = CARTESIAN_POINT ( 'NONE',  ( 0.1000000000000000472, 0.1100000000000000422, 0.4949999999999999956 ) ) ;
#1523 = ORIENTED_EDGE ( 'NONE', *, *, #1291, .T. ) ;
#1524 = EDGE_LOOP ( 'NONE', ( #1457, #379, #1034, #2016 ) ) ;
#1525 = STYLED_ITEM ( 'NONE', ( #788 ), #1832 ) ;
#1526 = LINE ( 'NONE', #876, #1632 ) ;
#1527 = FACE_OUTER_BOUND ( 'NONE', #1420, .T. ) ;
#1528 = ORIENTED_EDGE ( 'NONE', *, *, #165, .F. ) ;
#1529 = VECTOR ( 'NONE', #626, 1000.000000000000000 ) ;
#1530 = EDGE_CURVE ( 'NONE', #289, #1284, #1335, .T. ) ;
#1531 = PRESENTATION_LAYER_ASSIGNMENT (  '', '', ( #1819 ) ) ;
#1532 = DIRECTION ( 'NONE',  ( 1.000000000000000000, 1.355252715606880049E-16, 0.000000000000000000 ) ) ;
#1533 = VECTOR ( 'NONE', #127, 1000.000000000000000 ) ;
#1534 = PLANE ( 'NONE',  #199 ) ;
#1535 = CARTESIAN_POINT ( 'NONE',  ( 0.6000000000000001998, 0.1100000000000000699, -0.5000000000000000000 ) ) ;
#1536 = DIRECTION ( 'NONE',  ( -1.000000000000000000, 0.000000000000000000, -0.000000000000000000 ) ) ;
#1537 = ORIENTED_EDGE ( 'NONE', *, *, #933, .F. ) ;
#1538 = PLANE ( 'NONE',  #1596 ) ;
#1539 = FACE_OUTER_BOUND ( 'NONE', #797, .T. ) ;
#1540 = ORIENTED_EDGE ( 'NONE', *, *, #1415, .F. ) ;
#1541 = ORIENTED_EDGE ( 'NONE', *, *, #412, .T. ) ;
#1542 = EDGE_CURVE ( 'NONE', #2029, #854, #1942, .T. ) ;
#1543 = CARTESIAN_POINT ( 'NONE',  ( -0.6000000000000001998, 0.000000000000000000, 0.4250000000000000444 ) ) ;
#1544 = DIRECTION ( 'NONE',  ( 1.000000000000000000, 0.000000000000000000, 2.710505431213761578E-16 ) ) ;
#1545 = EDGE_LOOP ( 'NONE', ( #1061, #591, #1905, #614 ) ) ;
#1546 = CARTESIAN_POINT ( 'NONE',  ( 0.1000000000000000472, 0.1100000000000000422, -0.4949999999999999956 ) ) ;
#1547 = DIRECTION ( 'NONE',  ( 0.000000000000000000, 1.000000000000000000, 0.000000000000000000 ) ) ;
#1548 = VERTEX_POINT ( 'NONE', #1803 ) ;
#1549 = VERTEX_POINT ( 'NONE', #855 ) ;
#1550 = DIRECTION ( 'NONE',  ( -0.000000000000000000, -0.000000000000000000, 1.000000000000000000 ) ) ;
#1551 = ORIENTED_EDGE ( 'NONE', *, *, #1774, .T. ) ;
#1552 = CARTESIAN_POINT ( 'NONE',  ( 0.1000000000000000472, 0.1100000000000000422, -0.5000000000000000000 ) ) ;
#1553 = EDGE_CURVE ( 'NONE', #1121, #1461, #410, .T. ) ;
#1554 = LINE ( 'NONE', #1368, #1069 ) ;
#1555 = DIRECTION ( 'NONE',  ( -0.7071067811865477948, 0.000000000000000000, 0.7071067811865473507 ) ) ;
#1556 = ORIENTED_EDGE ( 'NONE', *, *, #583, .T. ) ;
#1557 = ADVANCED_FACE ( 'NONE', ( #1179 ), #864, .F. ) ;
#1559 = DIRECTION ( 'NONE',  ( -1.355252715606880296E-16, 1.000000000000000000, 0.000000000000000000 ) ) ;
#1558 = DIRECTION ( 'NONE',  ( 0.000000000000000000, -1.000000000000000000, 0.000000000000000000 ) ) ;
#1560 = PLANE ( 'NONE',  #1231 ) ;
#1561 = DIRECTION ( 'NONE',  ( 1.000000000000000000, 0.000000000000000000, 1.355252715606880789E-16 ) ) ;
#1562 = ORIENTED_EDGE ( 'NONE', *, *, #1791, .F. ) ;
#1563 = AXIS2_PLACEMENT_3D ( 'NONE', #1955, #1006, #1641 ) ;
#1564 = AXIS2_PLACEMENT_3D ( 'NONE', #152, #314, #1695 ) ;
#1565 = CARTESIAN_POINT ( 'NONE',  ( -0.1000000000000000472, 0.1100000000000000144, -0.5000000000000000000 ) ) ;
#1566 = VECTOR ( 'NONE', #826, 1000.000000000000000 ) ;
#1567 =( LENGTH_UNIT ( ) NAMED_UNIT ( * ) SI_UNIT ( .MILLI., .METRE. ) );
#1568 = COLOUR_RGB ( '',0.2509803921568627416, 0.2509803921568627416, 0.2509803921568627416 ) ;
#1569 = ORIENTED_EDGE ( 'NONE', *, *, #1049, .F. ) ;
#1570 = CARTESIAN_POINT ( 'NONE',  ( 0.6000000000000000888, 0.1100000000000000422, 0.4949999999999999956 ) ) ;
#1571 = EDGE_CURVE ( 'NONE', #1121, #1089, #1963, .T. ) ;
#1573 = DIRECTION ( 'NONE',  ( -1.000000000000000000, -0.000000000000000000, -0.000000000000000000 ) ) ;
#1572 = DIRECTION ( 'NONE',  ( 0.000000000000000000, -0.000000000000000000, -1.000000000000000000 ) ) ;
#1574 = ORIENTED_EDGE ( 'NONE', *, *, #749, .F. ) ;
#1575 = PRESENTATION_STYLE_ASSIGNMENT (( #941 ) ) ;
#1576 = VERTEX_POINT ( 'NONE', #1196 ) ;
#1577 = DIRECTION ( 'NONE',  ( -0.000000000000000000, -0.000000000000000000, 1.000000000000000000 ) ) ;
#1578 = DIRECTION ( 'NONE',  ( 1.000000000000000000, 0.000000000000000000, 2.710505431213761578E-16 ) ) ;
#1579 = ORIENTED_EDGE ( 'NONE', *, *, #989, .T. ) ;
#1580 = UNCERTAINTY_MEASURE_WITH_UNIT (LENGTH_MEASURE( 1.000000000000000082E-05 ), #996, 'distance_accuracy_value', 'NONE');
#1581 = DIRECTION ( 'NONE',  ( 1.000000000000000000, 0.000000000000000000, 3.614007241618349264E-16 ) ) ;
#1582 = CARTESIAN_POINT ( 'NONE',  ( -0.3999999999999943046, -0.02000000000000000042, -0.1250000000000001110 ) ) ;
#1583 =( LENGTH_UNIT ( ) NAMED_UNIT ( * ) SI_UNIT ( .MILLI., .METRE. ) );
#1584 = VERTEX_POINT ( 'NONE', #1810 ) ;
#1585 = EDGE_CURVE ( 'NONE', #50, #979, #419, .T. ) ;
#1586 = ORIENTED_EDGE ( 'NONE', *, *, #26, .F. ) ;
#1587 = ADVANCED_FACE ( 'NONE', ( #679 ), #1303, .T. ) ;
#1588 = CARTESIAN_POINT ( 'NONE',  ( -0.3999999999999999667, 0.06000000000000003941, 0.4949999999999999956 ) ) ;
#1589 = CARTESIAN_POINT ( 'NONE',  ( -0.1000000000000000472, 0.000000000000000000, 0.1250000000000000555 ) ) ;
#1590 =( NAMED_UNIT ( * ) PLANE_ANGLE_UNIT ( ) SI_UNIT ( $, .RADIAN. ) );
#1591 = ORIENTED_EDGE ( 'NONE', *, *, #1429, .T. ) ;
#1592 = CARTESIAN_POINT ( 'NONE',  ( -0.6000000000000000888, 0.1100000000000000144, 0.5000000000000000000 ) ) ;
#1593 = FACE_OUTER_BOUND ( 'NONE', #471, .T. ) ;
#1594 = ORIENTED_EDGE ( 'NONE', *, *, #1145, .F. ) ;
#1595 = VERTEX_POINT ( 'NONE', #758 ) ;
#1596 = AXIS2_PLACEMENT_3D ( 'NONE', #460, #468, #1561 ) ;
#1597 = EDGE_CURVE ( 'NONE', #1510, #1644, #434, .T. ) ;
#1598 = AXIS2_PLACEMENT_3D ( 'NONE', #311, #1234, #1870 ) ;
#1599 = AXIS2_PLACEMENT_3D ( 'NONE', #1998, #7, #19 ) ;
#1600 = VECTOR ( 'NONE', #475, 1000.000000000000000 ) ;
#1601 = COLOUR_RGB ( '',0.2509803921568627416, 0.2509803921568627416, 0.2509803921568627416 ) ;
#1602 = VECTOR ( 'NONE', #556, 1000.000000000000000 ) ;
#1603 = VECTOR ( 'NONE', #15, 1000.000000000000000 ) ;
#1604 = EDGE_LOOP ( 'NONE', ( #927, #124, #206, #688 ) ) ;
#1605 = ADVANCED_FACE ( 'NONE', ( #1982 ), #905, .T. ) ;
#1606 = DIRECTION ( 'NONE',  ( -0.000000000000000000, 0.000000000000000000, -1.000000000000000000 ) ) ;
#1607 = ADVANCED_FACE ( 'NONE', ( #1539 ), #1205, .T. ) ;
#1608 = CARTESIAN_POINT ( 'NONE',  ( -0.1000000000000000472, 0.06000000000000001166, 0.4949999999999999956 ) ) ;
#1609 = CARTESIAN_POINT ( 'NONE',  ( 0.6000000000000056399, -0.02000000000000000042, -0.1250000000000001110 ) ) ;
#1610 = ORIENTED_EDGE ( 'NONE', *, *, #110, .F. ) ;
#1611 = SURFACE_SIDE_STYLE ('',( #222 ) ) ;
#1612 = EDGE_CURVE ( 'NONE', #317, #1188, #1820, .T. ) ;
#1613 = CARTESIAN_POINT ( 'NONE',  ( 0.3999999999999999667, 0.06000000000000001166, -0.5000000000000000000 ) ) ;
#1614 = PLANE ( 'NONE',  #1463 ) ;
#1615 = CARTESIAN_POINT ( 'NONE',  ( -0.6000000000000001998, -0.02000000000000000042, 0.4250000000000000444 ) ) ;
#1616 = ORIENTED_EDGE ( 'NONE', *, *, #1635, .T. ) ;
#1617 = DIRECTION ( 'NONE',  ( -0.000000000000000000, 1.000000000000000000, -0.000000000000000000 ) ) ;
#1618 = LINE ( 'NONE', #1932, #1048 ) ;
#1619 = DIRECTION ( 'NONE',  ( 0.000000000000000000, 0.000000000000000000, -1.000000000000000000 ) ) ;
#1620 = LINE ( 'NONE', #1945, #973 ) ;
#1621 = EDGE_LOOP ( 'NONE', ( #465, #664, #1343, #1991 ) ) ;
#1622 = CARTESIAN_POINT ( 'NONE',  ( 0.000000000000000000, 0.000000000000000000, -0.4949999999999999956 ) ) ;
#1623 = ORIENTED_EDGE ( 'NONE', *, *, #706, .T. ) ;
#1624 = ORIENTED_EDGE ( 'NONE', *, *, #1597, .F. ) ;
#1625 = LINE ( 'NONE', #1017, #677 ) ;
#1626 = PLANE ( 'NONE',  #1909 ) ;
#1627 = LINE ( 'NONE', #1485, #745 ) ;
#1628 =( NAMED_UNIT ( * ) SI_UNIT ( $, .STERADIAN. ) SOLID_ANGLE_UNIT ( ) );
#1629 = FACE_OUTER_BOUND ( 'NONE', #929, .T. ) ;
#1630 = AXIS2_PLACEMENT_3D ( 'NONE', #1622, #1939, #833 ) ;
#1631 = DIRECTION ( 'NONE',  ( 0.000000000000000000, 1.000000000000000000, 0.000000000000000000 ) ) ;
#1632 = VECTOR ( 'NONE', #1698, 1000.000000000000000 ) ;
#1633 = VECTOR ( 'NONE', #218, 1000.000000000000000 ) ;
#1634 = PLANE ( 'NONE',  #1630 ) ;
#1635 = EDGE_CURVE ( 'NONE', #1170, #1941, #1526, .T. ) ;
#1636 = CARTESIAN_POINT ( 'NONE',  ( -0.1000000000000000472, 0.06000000000000001166, 0.5000000000000000000 ) ) ;
#1637 = ORIENTED_EDGE ( 'NONE', *, *, #399, .F. ) ;
#1638 = VECTOR ( 'NONE', #800, 1000.000000000000000 ) ;
#1639 = EDGE_CURVE ( 'NONE', #167, #5, #1221, .T. ) ;
#1640 = LINE ( 'NONE', #848, #1174 ) ;
#1641 = DIRECTION ( 'NONE',  ( -0.000000000000000000, 0.000000000000000000, 1.000000000000000000 ) ) ;
#1642 = CARTESIAN_POINT ( 'NONE',  ( -0.1000000000000000472, 0.1100000000000000144, 0.4949999999999999956 ) ) ;
#1643 = CARTESIAN_POINT ( 'NONE',  ( 0.3999999999999999667, 0.000000000000000000, 0.1250000000000000555 ) ) ;
#1644 = VERTEX_POINT ( 'NONE', #133 ) ;
#1645 = DIRECTION ( 'NONE',  ( -1.000000000000000000, -0.000000000000000000, -0.000000000000000000 ) ) ;
#1646 = DIRECTION ( 'NONE',  ( 0.000000000000000000, -1.000000000000000000, 0.000000000000000000 ) ) ;
#1647 = ORIENTED_EDGE ( 'NONE', *, *, #1348, .F. ) ;
#1648 = LINE ( 'NONE', #541, #495 ) ;
#1649 = CARTESIAN_POINT ( 'NONE',  ( 0.6000000000000056399, -0.02000000000000000042, -0.1250000000000001110 ) ) ;
#1650 = ORIENTED_EDGE ( 'NONE', *, *, #1747, .F. ) ;
#1651 = ADVANCED_FACE ( 'NONE', ( #441, #1214, #1829, #1060 ), #245, .F. ) ;
#1652 = FACE_OUTER_BOUND ( 'NONE', #1545, .T. ) ;
#1653 = CARTESIAN_POINT ( 'NONE',  ( 0.000000000000000000, 0.000000000000000000, 0.4949999999999999956 ) ) ;
#1654 = DIRECTION ( 'NONE',  ( -1.000000000000000000, -0.000000000000000000, -0.000000000000000000 ) ) ;
#1655 = CARTESIAN_POINT ( 'NONE',  ( -0.7000000000000001776, 0.3699999999999999956, 0.5000000000000000000 ) ) ;
#1656 = ORIENTED_EDGE ( 'NONE', *, *, #1960, .F. ) ;
#1657 = CARTESIAN_POINT ( 'NONE',  ( 0.1000000000000056816, -0.02000000000000000042, -0.1250000000000001110 ) ) ;
#1658 = DIRECTION ( 'NONE',  ( 0.000000000000000000, 0.000000000000000000, -1.000000000000000000 ) ) ;
#1659 = ADVANCED_FACE ( 'NONE', ( #914 ), #457, .T. ) ;
#1660 = SURFACE_STYLE_FILL_AREA ( #1956 ) ;
#1661 = DIRECTION ( 'NONE',  ( 0.000000000000000000, 0.000000000000000000, -1.000000000000000000 ) ) ;
#1662 = FACE_OUTER_BOUND ( 'NONE', #279, .T. ) ;
#1663 = VECTOR ( 'NONE', #1321, 1000.000000000000000 ) ;
#1664 = LINE ( 'NONE', #270, #1391 ) ;
#1665 = DIRECTION ( 'NONE',  ( 1.000000000000000000, 1.355252715606880049E-16, 0.000000000000000000 ) ) ;
#1666 = STYLED_ITEM ( 'NONE', ( #1872 ), #1218 ) ;
#1667 = ORIENTED_EDGE ( 'NONE', *, *, #1635, .F. ) ;
#1668 = DIRECTION ( 'NONE',  ( -1.000000000000000000, -1.355252715606880049E-16, 0.000000000000000000 ) ) ;
#1669 = LINE ( 'NONE', #1779, #1109 ) ;
#1670 = ADVANCED_FACE ( 'NONE', ( #938 ), #1403, .F. ) ;
#1671 = PLANE ( 'NONE',  #650 ) ;
#1672 = CARTESIAN_POINT ( 'NONE',  ( 0.4000000000000055178, 0.000000000000000000, -0.1250000000000001110 ) ) ;
#1673 = VERTEX_POINT ( 'NONE', #787 ) ;
#1674 = CARTESIAN_POINT ( 'NONE',  ( -0.1000000000000000472, 0.1100000000000000144, 0.5000000000000000000 ) ) ;
#1675 = CARTESIAN_POINT ( 'NONE',  ( -0.4000000000000000777, -0.02000000000000000042, 0.1250000000000000833 ) ) ;
#1676 = LINE ( 'NONE', #1717, #456 ) ;
#1677 = EDGE_CURVE ( 'NONE', #1284, #1254, #1076, .T. ) ;
#1678 = LINE ( 'NONE', #581, #964 ) ;
#1679 = ORIENTED_EDGE ( 'NONE', *, *, #1450, .T. ) ;
#1680 = CARTESIAN_POINT ( 'NONE',  ( 0.3999999999999999667, 0.06000000000000001166, -0.4949999999999999956 ) ) ;
#1681 =( LENGTH_UNIT ( ) NAMED_UNIT ( * ) SI_UNIT ( .MILLI., .METRE. ) );
#1682 = DIRECTION ( 'NONE',  ( 0.000000000000000000, 0.000000000000000000, -1.000000000000000000 ) ) ;
#1683 = EDGE_CURVE ( 'NONE', #1052, #1128, #647, .T. ) ;
#1684 = DIRECTION ( 'NONE',  ( -0.000000000000000000, 1.000000000000000000, -0.000000000000000000 ) ) ;
#1685 = DIRECTION ( 'NONE',  ( 0.000000000000000000, -1.000000000000000000, 0.000000000000000000 ) ) ;
#1686 = ORIENTED_EDGE ( 'NONE', *, *, #1734, .F. ) ;
#1687 = AXIS2_PLACEMENT_3D ( 'NONE', #163, #617, #1276 ) ;
#1688 = EDGE_CURVE ( 'NONE', #280, #1711, #184, .T. ) ;
#1689 = AXIS2_PLACEMENT_3D ( 'NONE', #1731, #1707, #1119 ) ;
#1690 = CARTESIAN_POINT ( 'NONE',  ( 0.6000000000000000888, 0.1100000000000000422, 0.4949999999999999956 ) ) ;
#1691 = VECTOR ( 'NONE', #1287, 1000.000000000000000 ) ;
#1692 = ORIENTED_EDGE ( 'NONE', *, *, #962, .F. ) ;
#1693 = CARTESIAN_POINT ( 'NONE',  ( -0.5999999999999944267, -0.02000000000000000042, -0.1250000000000001110 ) ) ;
#1694 = DIRECTION ( 'NONE',  ( 1.000000000000000000, 0.000000000000000000, -0.000000000000000000 ) ) ;
#1695 = DIRECTION ( 'NONE',  ( 0.000000000000000000, 0.000000000000000000, 1.000000000000000000 ) ) ;
#1696 = EDGE_LOOP ( 'NONE', ( #1248, #1697, #9, #1537 ) ) ;
#1697 = ORIENTED_EDGE ( 'NONE', *, *, #799, .F. ) ;
#1698 = DIRECTION ( 'NONE',  ( -0.000000000000000000, -0.000000000000000000, 1.000000000000000000 ) ) ;
#1699 = ORIENTED_EDGE ( 'NONE', *, *, #534, .T. ) ;
#1700 = ADVANCED_FACE ( 'NONE', ( #777 ), #151, .T. ) ;
#1701 = ORIENTED_EDGE ( 'NONE', *, *, #1486, .F. ) ;
#1702 = DIRECTION ( 'NONE',  ( 0.000000000000000000, -1.000000000000000000, 0.000000000000000000 ) ) ;
#1703 = EDGE_CURVE ( 'NONE', #69, #401, #2024, .T. ) ;
#1704 = CARTESIAN_POINT ( 'NONE',  ( -0.6000000000000000888, 0.06000000000000001166, -0.5000000000000000000 ) ) ;
#1705 = ORIENTED_EDGE ( 'NONE', *, *, #689, .T. ) ;
#1707 = DIRECTION ( 'NONE',  ( 1.000000000000000000, 0.000000000000000000, 3.614007241618349264E-16 ) ) ;
#1706 = CARTESIAN_POINT ( 'NONE',  ( -0.1000000000000001582, -0.02000000000000000042, 0.4250000000000000444 ) ) ;
#1708 = SURFACE_STYLE_USAGE ( .BOTH. , #1387 ) ;
#1709 = ORIENTED_EDGE ( 'NONE', *, *, #1497, .T. ) ;
#1710 = CARTESIAN_POINT ( 'NONE',  ( -0.6000000000000001998, -0.02000000000000000042, 0.4250000000000000444 ) ) ;
#1711 = VERTEX_POINT ( 'NONE', #2009 ) ;
#1712 = VERTEX_POINT ( 'NONE', #627 ) ;
#1713 = EDGE_CURVE ( 'NONE', #1711, #981, #1261, .T. ) ;
#1714 = LINE ( 'NONE', #318, #1233 ) ;
#1715 = CARTESIAN_POINT ( 'NONE',  ( 0.3999999999999999667, 0.06000000000000001166, 0.4949999999999999956 ) ) ;
#1716 = EDGE_LOOP ( 'NONE', ( #599, #297, #1259, #1551 ) ) ;
#1717 = CARTESIAN_POINT ( 'NONE',  ( -0.5000000000000000000, -0.02000000000000000042, 0.1250000000000000833 ) ) ;
#1718 = CARTESIAN_POINT ( 'NONE',  ( 0.4000000000000056288, -0.02000000000000000042, -0.4250000000000000999 ) ) ;
#1719 =( NAMED_UNIT ( * ) SI_UNIT ( $, .STERADIAN. ) SOLID_ANGLE_UNIT ( ) );
#1720 = EDGE_LOOP ( 'NONE', ( #814, #87, #538, #1379 ) ) ;
#1721 = CARTESIAN_POINT ( 'NONE',  ( -0.7000000000000001776, 0.000000000000000000, -0.5000000000000000000 ) ) ;
#1722 = STYLED_ITEM ( 'NONE', ( #1575 ), #72 ) ;
#1723 = EDGE_LOOP ( 'NONE', ( #1080, #893, #1857, #440 ) ) ;
#1724 = VECTOR ( 'NONE', #345, 1000.000000000000000 ) ;
#1725 =( NAMED_UNIT ( * ) PLANE_ANGLE_UNIT ( ) SI_UNIT ( $, .RADIAN. ) );
#1726 = AXIS2_PLACEMENT_3D ( 'NONE', #2019, #1702, #1082 ) ;
#1727 = MECHANICAL_DESIGN_GEOMETRIC_PRESENTATION_REPRESENTATION (  '', ( #1666 ), #1506 ) ;
#1728 = EDGE_LOOP ( 'NONE', ( #1523, #191, #785, #1099 ) ) ;
#1729 = CARTESIAN_POINT ( 'NONE',  ( -0.6000000000000000888, 0.06000000000000001166, 0.4949999999999999956 ) ) ;
#1731 = CARTESIAN_POINT ( 'NONE',  ( -0.09999999999999441280, -0.02000000000000000042, -0.1250000000000001110 ) ) ;
#1730 = CARTESIAN_POINT ( 'NONE',  ( -0.1000000000000000472, 0.1100000000000000144, 0.4949999999999999956 ) ) ;
#1732 = PLANE ( 'NONE',  #27 ) ;
#1733 = VERTEX_POINT ( 'NONE', #606 ) ;
#1734 = EDGE_CURVE ( 'NONE', #1012, #598, #616, .T. ) ;
#1735 = FILL_AREA_STYLE ('',( #1108 ) ) ;
#1736 = ORIENTED_EDGE ( 'NONE', *, *, #1406, .F. ) ;
#1737 = LINE ( 'NONE', #507, #1691 ) ;
#1738 = ORIENTED_EDGE ( 'NONE', *, *, #595, .T. ) ;
#1739 = LINE ( 'NONE', #18, #1432 ) ;
#1741 = CARTESIAN_POINT ( 'NONE',  ( 0.3999999999999999667, 0.1100000000000000144, -0.4949999999999999956 ) ) ;
#1740 = CARTESIAN_POINT ( 'NONE',  ( -0.7000000000000001776, 0.3699999999999999956, -0.5000000000000000000 ) ) ;
#1742 = CARTESIAN_POINT ( 'NONE',  ( -0.6000000000000000888, 0.06000000000000001166, 0.5000000000000000000 ) ) ;
#1743 = ORIENTED_EDGE ( 'NONE', *, *, #1031, .T. ) ;
#1744 = ORIENTED_EDGE ( 'NONE', *, *, #123, .T. ) ;
#1745 = DIRECTION ( 'NONE',  ( -0.000000000000000000, 1.000000000000000000, -0.000000000000000000 ) ) ;
#1746 = ORIENTED_EDGE ( 'NONE', *, *, #1985, .T. ) ;
#1747 = EDGE_CURVE ( 'NONE', #1962, #2012, #1240, .T. ) ;
#1748 = VERTEX_POINT ( 'NONE', #796 ) ;
#1749 = EDGE_CURVE ( 'NONE', #502, #401, #161, .T. ) ;
#1750 = AXIS2_PLACEMENT_3D ( 'NONE', #130, #1402, #1536 ) ;
#1751 = DIRECTION ( 'NONE',  ( -1.355252715606880296E-16, 1.000000000000000000, 0.000000000000000000 ) ) ;
#1752 = VECTOR ( 'NONE', #865, 1000.000000000000000 ) ;
#1753 = EDGE_CURVE ( 'NONE', #789, #592, #1890, .T. ) ;
#1754 = VECTOR ( 'NONE', #1164, 1000.000000000000000 ) ;
#1755 = DIRECTION ( 'NONE',  ( 1.000000000000000000, 0.000000000000000000, 3.614007241618349264E-16 ) ) ;
#1756 = CARTESIAN_POINT ( 'NONE',  ( -0.09999999999999441280, -0.02000000000000000042, -0.1250000000000001110 ) ) ;
#1757 = AXIS2_PLACEMENT_3D ( 'NONE', #1977, #1833, #292 ) ;
#1758 = AXIS2_PLACEMENT_3D ( 'NONE', #716, #557, #1477 ) ;
#1759 = PLANE ( 'NONE',  #895 ) ;
#1760 = EDGE_LOOP ( 'NONE', ( #351, #485, #1838, #754 ) ) ;
#1761 = CARTESIAN_POINT ( 'NONE',  ( -0.6000000000000000888, 0.1100000000000000144, 0.5000000000000000000 ) ) ;
#1762 = ADVANCED_FACE ( 'NONE', ( #1843 ), #1855, .F. ) ;
#1763 = CARTESIAN_POINT ( 'NONE',  ( -0.3999999999999999667, 0.06000000000000003941, 0.4949999999999999956 ) ) ;
#1764 = FACE_OUTER_BOUND ( 'NONE', #453, .T. ) ;
#1765 = EDGE_LOOP ( 'NONE', ( #1562, #822, #164, #918 ) ) ;
#1766 = ORIENTED_EDGE ( 'NONE', *, *, #989, .F. ) ;
#1767 = DIRECTION ( 'NONE',  ( -0.000000000000000000, -0.000000000000000000, 1.000000000000000000 ) ) ;
#1768 = LINE ( 'NONE', #92, #648 ) ;
#1769 = LINE ( 'NONE', #1761, #300 ) ;
#1770 = EDGE_CURVE ( 'NONE', #63, #131, #1118, .T. ) ;
#1772 = LINE ( 'NONE', #1460, #269 ) ;
#1771 = DIRECTION ( 'NONE',  ( 0.000000000000000000, -1.000000000000000000, 0.000000000000000000 ) ) ;
#1773 = ORIENTED_EDGE ( 'NONE', *, *, #203, .F. ) ;
#1774 = EDGE_CURVE ( 'NONE', #442, #1052, #1094, .T. ) ;
#1775 = PRESENTATION_LAYER_ASSIGNMENT (  '', '', ( #1318 ) ) ;
#1776 = PLANE ( 'NONE',  #1428 ) ;
#1777 = PLANE ( 'NONE',  #1498 ) ;
#1778 = ORIENTED_EDGE ( 'NONE', *, *, #1198, .T. ) ;
#1779 = CARTESIAN_POINT ( 'NONE',  ( 0.6000000000000000888, 0.1100000000000000422, 0.5000000000000000000 ) ) ;
#1780 = PLANE ( 'NONE',  #1563 ) ;
#1781 = SURFACE_STYLE_USAGE ( .BOTH. , #1155 ) ;
#1782 = LINE ( 'NONE', #1643, #396 ) ;
#1783 = ORIENTED_EDGE ( 'NONE', *, *, #605, .F. ) ;
#1784 = EDGE_CURVE ( 'NONE', #1854, #762, #325, .T. ) ;
#1785 = VECTOR ( 'NONE', #219, 1000.000000000000000 ) ;
#1786 = VECTOR ( 'NONE', #1682, 1000.000000000000000 ) ;
#1787 = ORIENTED_EDGE ( 'NONE', *, *, #1238, .T. ) ;
#1788 = AXIS2_PLACEMENT_3D ( 'NONE', #1426, #791, #1395 ) ;
#1789 = CARTESIAN_POINT ( 'NONE',  ( 0.3999999999999999667, -0.02000000000000000042, 0.1250000000000000555 ) ) ;
#1790 = CARTESIAN_POINT ( 'NONE',  ( -0.6000000000000000888, 0.06000000000000001166, 0.4949999999999999956 ) ) ;
#1791 = EDGE_CURVE ( 'NONE', #469, #979, #193, .T. ) ;
#1792 = ORIENTED_EDGE ( 'NONE', *, *, #1973, .F. ) ;
#1793 = AXIS2_PLACEMENT_3D ( 'NONE', #1267, #1245, #2004 ) ;
#1794 = CARTESIAN_POINT ( 'NONE',  ( 0.000000000000000000, -0.02000000000000000042, 0.000000000000000000 ) ) ;
#1795 = DIRECTION ( 'NONE',  ( -0.000000000000000000, -0.000000000000000000, 1.000000000000000000 ) ) ;
#1797 = DIRECTION ( 'NONE',  ( -0.000000000000000000, 1.000000000000000000, 0.000000000000000000 ) ) ;
#1796 =( NAMED_UNIT ( * ) PLANE_ANGLE_UNIT ( ) SI_UNIT ( $, .RADIAN. ) );
#1798 = EDGE_LOOP ( 'NONE', ( #1828, #916, #1482, #955 ) ) ;
#1799 = DIRECTION ( 'NONE',  ( -0.000000000000000000, -1.000000000000000000, -0.000000000000000000 ) ) ;
#1800 = CARTESIAN_POINT ( 'NONE',  ( -0.5999999999999944267, -0.02000000000000000042, -0.1250000000000001110 ) ) ;
#1801 = ORIENTED_EDGE ( 'NONE', *, *, #226, .F. ) ;
#1802 = EDGE_CURVE ( 'NONE', #135, #598, #36, .T. ) ;
#1803 = CARTESIAN_POINT ( 'NONE',  ( -0.5999999999999944267, 0.000000000000000000, -0.1250000000000001110 ) ) ;
#1804 = CARTESIAN_POINT ( 'NONE',  ( 0.3999999999999999667, 0.1100000000000000144, 0.4949999999999999956 ) ) ;
#1805 = DIRECTION ( 'NONE',  ( -1.000000000000000000, -1.355252715606880049E-16, 0.000000000000000000 ) ) ;
#1806 = VERTEX_POINT ( 'NONE', #1613 ) ;
#1807 = CARTESIAN_POINT ( 'NONE',  ( -0.7000000000000001776, 0.3699999999999999956, -0.5000000000000000000 ) ) ;
#1808 = EDGE_LOOP ( 'NONE', ( #641, #439, #1610, #409 ) ) ;
#1809 = ORIENTED_EDGE ( 'NONE', *, *, #147, .T. ) ;
#1810 = CARTESIAN_POINT ( 'NONE',  ( -0.5999999999999943157, 0.000000000000000000, -0.4250000000000000999 ) ) ;
#1811 = CARTESIAN_POINT ( 'NONE',  ( -0.6000000000000000888, 0.06000000000000001166, -0.5000000000000000000 ) ) ;
#1812 = ORIENTED_EDGE ( 'NONE', *, *, #1948, .T. ) ;
#1813 = DIRECTION ( 'NONE',  ( -1.000000000000000000, 0.000000000000000000, -0.000000000000000000 ) ) ;
#1814 = DIRECTION ( 'NONE',  ( -0.000000000000000000, -0.000000000000000000, -1.000000000000000000 ) ) ;
#1815 = MECHANICAL_DESIGN_GEOMETRIC_PRESENTATION_REPRESENTATION (  '', ( #1525 ), #24 ) ;
#1816 = LINE ( 'NONE', #341, #1271 ) ;
#1817 = ORIENTED_EDGE ( 'NONE', *, *, #1933, .T. ) ;
#1818 = VERTEX_POINT ( 'NONE', #1926 ) ;
#1819 = STYLED_ITEM ( 'NONE', ( #654 ), #960 ) ;
#1820 = LINE ( 'NONE', #1390, #329 ) ;
#1821 = VECTOR ( 'NONE', #1957, 1000.000000000000000 ) ;
#1822 = ORIENTED_EDGE ( 'NONE', *, *, #1329, .T. ) ;
#1823 = FACE_OUTER_BOUND ( 'NONE', #448, .T. ) ;
#1824 = CARTESIAN_POINT ( 'NONE',  ( -0.6000000000000000888, 0.06000000000000001166, -0.4949999999999999956 ) ) ;
#1825 = EDGE_CURVE ( 'NONE', #442, #1576, #213, .T. ) ;
#1826 = DIRECTION ( 'NONE',  ( 3.614007241618349264E-16, 0.000000000000000000, -1.000000000000000000 ) ) ;
#1827 = VERTEX_POINT ( 'NONE', #52 ) ;
#1828 = ORIENTED_EDGE ( 'NONE', *, *, #962, .T. ) ;
#1829 = FACE_BOUND ( 'NONE', #808, .T. ) ;
#1830 = ORIENTED_EDGE ( 'NONE', *, *, #1314, .F. ) ;
#1831 = CARTESIAN_POINT ( 'NONE',  ( -0.1000000000000001582, -0.02000000000000000042, 0.4250000000000000444 ) ) ;
#1832 = ADVANCED_FACE ( 'NONE', ( #671 ), #223, .F. ) ;
#1833 = DIRECTION ( 'NONE',  ( -0.000000000000000000, 1.000000000000000000, 0.000000000000000000 ) ) ;
#1834 = PRODUCT_DEFINITION_SHAPE ( 'NONE', 'NONE',  #1483 ) ;
#1835 = DIRECTION ( 'NONE',  ( -0.000000000000000000, 1.000000000000000000, -0.000000000000000000 ) ) ;
#1836 = ORIENTED_EDGE ( 'NONE', *, *, #1585, .F. ) ;
#1837 = LINE ( 'NONE', #298, #1358 ) ;
#1838 = ORIENTED_EDGE ( 'NONE', *, *, #1142, .F. ) ;
#1839 = CARTESIAN_POINT ( 'NONE',  ( -0.4000000000000000777, -0.02000000000000000042, 0.1250000000000000833 ) ) ;
#1840 =( NAMED_UNIT ( * ) SI_UNIT ( $, .STERADIAN. ) SOLID_ANGLE_UNIT ( ) );
#1841 = AXIS2_PLACEMENT_3D ( 'NONE', #1968, #249, #1470 ) ;
#1842 = ADVANCED_FACE ( 'NONE', ( #1422 ), #1560, .F. ) ;
#1843 = FACE_OUTER_BOUND ( 'NONE', #194, .T. ) ;
#1844 = ORIENTED_EDGE ( 'NONE', *, *, #1244, .F. ) ;
#1845 = ORIENTED_EDGE ( 'NONE', *, *, #1467, .T. ) ;
#1846 = VECTOR ( 'NONE', #637, 1000.000000000000000 ) ;
#1847 = ADVANCED_FACE ( 'NONE', ( #1876 ), #501, .F. ) ;
#1848 = DIRECTION ( 'NONE',  ( -1.000000000000000000, -0.000000000000000000, -0.000000000000000000 ) ) ;
#1849 = ORIENTED_EDGE ( 'NONE', *, *, #136, .F. ) ;
#1850 = VECTOR ( 'NONE', #1412, 1000.000000000000000 ) ;
#1851 = VECTOR ( 'NONE', #1908, 1000.000000000000000 ) ;
#1852 = CARTESIAN_POINT ( 'NONE',  ( 0.3999999999999999667, 0.1100000000000000144, -0.4949999999999999956 ) ) ;
#1853 = LINE ( 'NONE', #843, #1949 ) ;
#1854 = VERTEX_POINT ( 'NONE', #649 ) ;
#1855 = PLANE ( 'NONE',  #1465 ) ;
#1856 = DIRECTION ( 'NONE',  ( -0.000000000000000000, 0.000000000000000000, 1.000000000000000000 ) ) ;
#1857 = ORIENTED_EDGE ( 'NONE', *, *, #871, .F. ) ;
#1858 = DIRECTION ( 'NONE',  ( -1.355252715606880296E-16, 1.000000000000000000, 0.000000000000000000 ) ) ;
#1859 = ORIENTED_EDGE ( 'NONE', *, *, #1973, .T. ) ;
#1860 = ORIENTED_EDGE ( 'NONE', *, *, #1688, .T. ) ;
#1861 = EDGE_CURVE ( 'NONE', #1806, #1188, #477, .T. ) ;
#1862 = DIRECTION ( 'NONE',  ( 3.614007241618348278E-16, 0.000000000000000000, -1.000000000000000000 ) ) ;
#1863 = ORIENTED_EDGE ( 'NONE', *, *, #595, .F. ) ;
#1864 = LINE ( 'NONE', #1093, #1072 ) ;
#1865 = DIRECTION ( 'NONE',  ( 1.355252715606880296E-16, -1.000000000000000000, 0.000000000000000000 ) ) ;
#1866 = DIRECTION ( 'NONE',  ( -1.000000000000000000, -0.000000000000000000, -0.000000000000000000 ) ) ;
#1867 = EDGE_CURVE ( 'NONE', #1416, #1471, #915, .T. ) ;
#1868 = ORIENTED_EDGE ( 'NONE', *, *, #198, .F. ) ;
#1869 = ADVANCED_FACE ( 'NONE', ( #347 ), #1281, .F. ) ;
#1870 = DIRECTION ( 'NONE',  ( 1.000000000000000000, 1.355252715606880296E-16, 0.000000000000000000 ) ) ;
#1871 = EDGE_CURVE ( 'NONE', #1263, #280, #779, .T. ) ;
#1872 = PRESENTATION_STYLE_ASSIGNMENT (( #945 ) ) ;
#1873 = ORIENTED_EDGE ( 'NONE', *, *, #534, .F. ) ;
#1874 = DIRECTION ( 'NONE',  ( -0.000000000000000000, -0.000000000000000000, -1.000000000000000000 ) ) ;
#1875 = DIRECTION ( 'NONE',  ( -1.000000000000000000, -1.355252715606880049E-16, 0.000000000000000000 ) ) ;
#1876 = FACE_OUTER_BOUND ( 'NONE', #635, .T. ) ;
#1877 =( NAMED_UNIT ( * ) PLANE_ANGLE_UNIT ( ) SI_UNIT ( $, .RADIAN. ) );
#1878 = VECTOR ( 'NONE', #1684, 1000.000000000000000 ) ;
#1879 = VERTEX_POINT ( 'NONE', #2011 ) ;
#1880 = VECTOR ( 'NONE', #378, 1000.000000000000000 ) ;
#1881 = VECTOR ( 'NONE', #1645, 1000.000000000000000 ) ;
#1882 = VECTOR ( 'NONE', #466, 1000.000000000000000 ) ;
#1883 = LINE ( 'NONE', #908, #1638 ) ;
#1884 = VECTOR ( 'NONE', #1573, 1000.000000000000000 ) ;
#1885 = VECTOR ( 'NONE', #521, 1000.000000000000000 ) ;
#1886 =( LENGTH_UNIT ( ) NAMED_UNIT ( * ) SI_UNIT ( .MILLI., .METRE. ) );
#1887 = VERTEX_POINT ( 'NONE', #1262 ) ;
#1888 = ADVANCED_FACE ( 'NONE', ( #2025 ), #1732, .T. ) ;
#1889 = FACE_OUTER_BOUND ( 'NONE', #1443, .T. ) ;
#1890 = LINE ( 'NONE', #1730, #100 ) ;
#1891 = FILL_AREA_STYLE ('',( #238 ) ) ;
#1892 = ORIENTED_EDGE ( 'NONE', *, *, #984, .F. ) ;
#1893 = ORIENTED_EDGE ( 'NONE', *, *, #1056, .F. ) ;
#1894 = DIRECTION ( 'NONE',  ( 0.000000000000000000, 1.000000000000000000, 0.000000000000000000 ) ) ;
#1895 = EDGE_CURVE ( 'NONE', #1042, #1673, #369, .T. ) ;
#1896 = LINE ( 'NONE', #506, #1337 ) ;
#1897 = CARTESIAN_POINT ( 'NONE',  ( -0.6000000000000000888, 0.06000000000000001166, -0.4949999999999999956 ) ) ;
#1898 = ORIENTED_EDGE ( 'NONE', *, *, #963, .F. ) ;
#1899 = ORIENTED_EDGE ( 'NONE', *, *, #1585, .T. ) ;
#1900 = EDGE_LOOP ( 'NONE', ( #597, #1065, #924, #1378 ) ) ;
#1901 = FACE_OUTER_BOUND ( 'NONE', #608, .T. ) ;
#1902 = LINE ( 'NONE', #1419, #1603 ) ;
#1903 = EDGE_CURVE ( 'NONE', #981, #446, #827, .T. ) ;
#1904 = CARTESIAN_POINT ( 'NONE',  ( -0.3999999999999943046, 0.000000000000000000, -0.4250000000000000444 ) ) ;
#1905 = ORIENTED_EDGE ( 'NONE', *, *, #749, .T. ) ;
#1906 = EDGE_CURVE ( 'NONE', #1733, #1148, #545, .T. ) ;
#1907 = PRESENTATION_LAYER_ASSIGNMENT (  '', '', ( #1722 ) ) ;
#1908 = DIRECTION ( 'NONE',  ( -0.000000000000000000, -0.000000000000000000, 1.000000000000000000 ) ) ;
#1909 = AXIS2_PLACEMENT_3D ( 'NONE', #262, #552, #700 ) ;
#1910 = VECTOR ( 'NONE', #764, 1000.000000000000000 ) ;
#1911 = DIRECTION ( 'NONE',  ( -1.355252715606880296E-16, 1.000000000000000000, 0.000000000000000000 ) ) ;
#1912 = CARTESIAN_POINT ( 'NONE',  ( 0.4000000000000055178, -0.02000000000000000042, -0.1250000000000001110 ) ) ;
#1913 = ORIENTED_EDGE ( 'NONE', *, *, #1487, .F. ) ;
#1914 = VECTOR ( 'NONE', #1532, 1000.000000000000000 ) ;
#1915 = UNCERTAINTY_MEASURE_WITH_UNIT (LENGTH_MEASURE( 1.000000000000000082E-05 ), #1886, 'distance_accuracy_value', 'NONE');
#1916 = VECTOR ( 'NONE', #1047, 1000.000000000000000 ) ;
#1917 = DIRECTION ( 'NONE',  ( -1.355252715606880789E-16, 0.000000000000000000, 1.000000000000000000 ) ) ;
#1918 = ORIENTED_EDGE ( 'NONE', *, *, #1425, .F. ) ;
#1919 = LINE ( 'NONE', #1151, #237 ) ;
#1920 = LINE ( 'NONE', #375, #294 ) ;
#1921 = CARTESIAN_POINT ( 'NONE',  ( -0.1000000000000000472, 0.1100000000000000144, -0.4949999999999999956 ) ) ;
#1922 = ADVANCED_FACE ( 'NONE', ( #1527 ), #350, .T. ) ;
#1923 = CARTESIAN_POINT ( 'NONE',  ( 0.3999999999999999667, 0.1100000000000000144, 0.5000000000000000000 ) ) ;
#1924 = FACE_OUTER_BOUND ( 'NONE', #1451, .T. ) ;
#1925 = VERTEX_POINT ( 'NONE', #1693 ) ;
#1926 = CARTESIAN_POINT ( 'NONE',  ( -0.7000000000000001776, 0.3699999999999999956, 0.5000000000000000000 ) ) ;
#1927 = ORIENTED_EDGE ( 'NONE', *, *, #486, .T. ) ;
#1928 = CARTESIAN_POINT ( 'NONE',  ( 0.1000000000000000472, 0.1100000000000000422, 0.4949999999999999956 ) ) ;
#1929 = CARTESIAN_POINT ( 'NONE',  ( 0.5999999999999999778, -0.02000000000000000042, 0.1250000000000000833 ) ) ;
#1930 = EDGE_LOOP ( 'NONE', ( #393, #1624, #1101, #172 ) ) ;
#1931 = CARTESIAN_POINT ( 'NONE',  ( -0.1000000000000000472, -0.02000000000000000042, 0.1250000000000000555 ) ) ;
#1932 = CARTESIAN_POINT ( 'NONE',  ( 0.1000000000000000472, 0.06000000000000003941, -0.4949999999999999956 ) ) ;
#1933 = EDGE_CURVE ( 'NONE', #16, #1052, #1202, .T. ) ;
#1934 = LINE ( 'NONE', #1439, #1633 ) ;
#1935 = CARTESIAN_POINT ( 'NONE',  ( -0.1000000000000001582, 0.000000000000000000, 0.4250000000000000444 ) ) ;
#1936 = ORIENTED_EDGE ( 'NONE', *, *, #763, .F. ) ;
#1937 = EDGE_CURVE ( 'NONE', #1162, #659, #430, .T. ) ;
#1938 = EDGE_LOOP ( 'NONE', ( #493, #1333, #1399, #149 ) ) ;
#1939 = DIRECTION ( 'NONE',  ( 0.000000000000000000, 0.000000000000000000, 1.000000000000000000 ) ) ;
#1940 = CARTESIAN_POINT ( 'NONE',  ( 0.3999999999999999667, 0.1100000000000000144, 0.4949999999999999956 ) ) ;
#1941 = VERTEX_POINT ( 'NONE', #1401 ) ;
#1942 = LINE ( 'NONE', #551, #1102 ) ;
#1943 = LINE ( 'NONE', #825, #1885 ) ;
#1944 = CARTESIAN_POINT ( 'NONE',  ( 0.1000000000000000472, 0.1100000000000000422, 0.5000000000000000000 ) ) ;
#1945 = CARTESIAN_POINT ( 'NONE',  ( -0.1000000000000001582, -0.02000000000000000042, 0.4250000000000000444 ) ) ;
#1946 = ADVANCED_FACE ( 'NONE', ( #2023 ), #1671, .F. ) ;
#1947 = VECTOR ( 'NONE', #1547, 1000.000000000000000 ) ;
#1948 = EDGE_CURVE ( 'NONE', #357, #469, #1676, .T. ) ;
#1949 = VECTOR ( 'NONE', #1146, 1000.000000000000000 ) ;
#1950 = PLANE ( 'NONE',  #25 ) ;
#1951 = DIRECTION ( 'NONE',  ( 0.000000000000000000, 0.000000000000000000, 1.000000000000000000 ) ) ;
#1952 = EDGE_LOOP ( 'NONE', ( #1435, #1053, #1699, #354, #1990 ) ) ;
#1953 = AXIS2_PLACEMENT_3D ( 'NONE', #71, #367, #849 ) ;
#1954 = DIRECTION ( 'NONE',  ( 0.000000000000000000, 0.000000000000000000, -1.000000000000000000 ) ) ;
#1955 = CARTESIAN_POINT ( 'NONE',  ( 0.09999999999999993616, -0.02000000000000000042, 0.4250000000000000444 ) ) ;
#1956 = FILL_AREA_STYLE ('',( #1071 ) ) ;
#1957 = DIRECTION ( 'NONE',  ( -0.000000000000000000, 1.000000000000000000, -0.000000000000000000 ) ) ;
#1958 = EDGE_CURVE ( 'NONE', #348, #1806, #487, .T. ) ;
#1959 = CARTESIAN_POINT ( 'NONE',  ( 0.1000000000000056816, -0.02000000000000000042, -0.1250000000000001110 ) ) ;
#1960 = EDGE_CURVE ( 'NONE', #846, #526, #1116, .T. ) ;
#1961 = LINE ( 'NONE', #579, #645 ) ;
#1962 = VERTEX_POINT ( 'NONE', #1421 ) ;
#1963 = LINE ( 'NONE', #574, #866 ) ;
#1964 = FACE_OUTER_BOUND ( 'NONE', #1808, .T. ) ;
#1965 = VERTEX_POINT ( 'NONE', #1592 ) ;
#1966 = FACE_OUTER_BOUND ( 'NONE', #1150, .T. ) ;
#1967 = CARTESIAN_POINT ( 'NONE',  ( -0.7000000000000001776, 0.3699999999999999956, 0.5000000000000000000 ) ) ;
#1968 = CARTESIAN_POINT ( 'NONE',  ( 0.000000000000000000, 0.000000000000000000, -0.4949999999999999956 ) ) ;
#1969 = VERTEX_POINT ( 'NONE', #1249 ) ;
#1970 = ORIENTED_EDGE ( 'NONE', *, *, #251, .T. ) ;
#1971 = DIRECTION ( 'NONE',  ( -1.000000000000000000, -1.355252715606880296E-16, 0.000000000000000000 ) ) ;
#1972 = ORIENTED_EDGE ( 'NONE', *, *, #1365, .T. ) ;
#1973 = EDGE_CURVE ( 'NONE', #1461, #1733, #1739, .T. ) ;
#1974 = CARTESIAN_POINT ( 'NONE',  ( -0.6000000000000000888, 0.1100000000000000144, -0.4949999999999999956 ) ) ;
#1975 = LINE ( 'NONE', #1824, #169 ) ;
#1976 = VECTOR ( 'NONE', #1175, 1000.000000000000000 ) ;
#1977 = CARTESIAN_POINT ( 'NONE',  ( 0.000000000000000000, -0.02000000000000000042, 0.000000000000000000 ) ) ;
#1978 = AXIS2_PLACEMENT_3D ( 'NONE', #990, #239, #365 ) ;
#1979 = COLOUR_RGB ( '',0.2509803921568627416, 0.2509803921568627416, 0.2509803921568627416 ) ;
#1980 = EDGE_LOOP ( 'NONE', ( #315, #85, #1783, #1107 ) ) ;
#1981 = ORIENTED_EDGE ( 'NONE', *, *, #984, .T. ) ;
#1982 = FACE_OUTER_BOUND ( 'NONE', #1524, .T. ) ;
#1983 = VECTOR ( 'NONE', #1211, 1000.000000000000000 ) ;
#1984 = VERTEX_POINT ( 'NONE', #324 ) ;
#1985 = EDGE_CURVE ( 'NONE', #289, #1673, #499, .T. ) ;
#1986 = CARTESIAN_POINT ( 'NONE',  ( 0.1000000000000000472, 0.06000000000000003941, 0.5000000000000000000 ) ) ;
#1987 = CARTESIAN_POINT ( 'NONE',  ( -0.1000000000000000472, 0.06000000000000001166, 0.5000000000000000000 ) ) ;
#1988 = SURFACE_STYLE_FILL_AREA ( #753 ) ;
#1989 = EDGE_CURVE ( 'NONE', #737, #442, #344, .T. ) ;
#1990 = ORIENTED_EDGE ( 'NONE', *, *, #110, .T. ) ;
#1991 = ORIENTED_EDGE ( 'NONE', *, *, #1172, .T. ) ;
#1992 = FILL_AREA_STYLE_COLOUR ( '', #128 ) ;
#1993 = EDGE_LOOP ( 'NONE', ( #829, #1278, #1650, #227 ) ) ;
#1994 = CARTESIAN_POINT ( 'NONE',  ( 0.3999999999999999667, 0.06000000000000001166, 0.5000000000000000000 ) ) ;
#1995 = FACE_OUTER_BOUND ( 'NONE', #38, .T. ) ;
#1996 = ORIENTED_EDGE ( 'NONE', *, *, #1453, .T. ) ;
#1997 = EDGE_CURVE ( 'NONE', #1879, #981, #1864, .T. ) ;
#1998 = CARTESIAN_POINT ( 'NONE',  ( 0.3999999999999999667, 0.1100000000000000144, -0.4949999999999999956 ) ) ;
#1999 = ORIENTED_EDGE ( 'NONE', *, *, #481, .F. ) ;
#2000 = EDGE_LOOP ( 'NONE', ( #1454, #1738, #154, #1873 ) ) ;
#2001 = CARTESIAN_POINT ( 'NONE',  ( 0.3999999999999999667, 0.1100000000000000144, -0.4949999999999999956 ) ) ;
#2002 = EDGE_LOOP ( 'NONE', ( #111, #1849, #498, #343 ) ) ;
#2003 = EDGE_LOOP ( 'NONE', ( #1230, #1194, #1898, #23 ) ) ;
#2004 = DIRECTION ( 'NONE',  ( 1.000000000000000000, 0.000000000000000000, 1.355252715606880789E-16 ) ) ;
#2005 = SHAPE_DEFINITION_REPRESENTATION ( #1834, #114 ) ;
#2006 = DIRECTION ( 'NONE',  ( 0.000000000000000000, -1.000000000000000000, 0.000000000000000000 ) ) ;
#2007 = ORIENTED_EDGE ( 'NONE', *, *, #349, .F. ) ;
#2008 = EDGE_CURVE ( 'NONE', #1965, #1416, #173, .T. ) ;
#2009 = CARTESIAN_POINT ( 'NONE',  ( 0.1000000000000000472, 0.1100000000000000699, -0.5000000000000000000 ) ) ;
#2010 = AXIS2_PLACEMENT_3D ( 'NONE', #303, #921, #1544 ) ;
#2011 = CARTESIAN_POINT ( 'NONE',  ( -0.1000000000000000472, 0.1100000000000000144, -0.4949999999999999956 ) ) ;
#2012 = VERTEX_POINT ( 'NONE', #1729 ) ;
#2013 = ORIENTED_EDGE ( 'NONE', *, *, #455, .T. ) ;
#2014 = AXIS2_PLACEMENT_3D ( 'NONE', #623, #1397, #148 ) ;
#2015 = DIRECTION ( 'NONE',  ( -1.000000000000000000, 0.000000000000000000, 0.000000000000000000 ) ) ;
#2016 = ORIENTED_EDGE ( 'NONE', *, *, #1002, .T. ) ;
#2017 = ORIENTED_EDGE ( 'NONE', *, *, #266, .F. ) ;
#2018 = VECTOR ( 'NONE', #1577, 1000.000000000000000 ) ;
#2019 = CARTESIAN_POINT ( 'NONE',  ( 0.000000000000000000, 0.000000000000000000, 0.000000000000000000 ) ) ;
#2020 = SURFACE_STYLE_USAGE ( .BOTH. , #603 ) ;
#2021 = EDGE_LOOP ( 'NONE', ( #463, #330, #1709, #210 ) ) ;
#2022 = ADVANCED_FACE ( 'NONE', ( #335 ), #956, .F. ) ;
#2023 = FACE_OUTER_BOUND ( 'NONE', #1219, .T. ) ;
#2024 = LINE ( 'NONE', #1386, #1846 ) ;
#2025 = FACE_OUTER_BOUND ( 'NONE', #1059, .T. ) ;
#2026 = VERTEX_POINT ( 'NONE', #1274 ) ;
#2027 = FACE_BOUND ( 'NONE', #178, .T. ) ;
#2028 = ADVANCED_FACE ( 'NONE', ( #1889 ), #1534, .F. ) ;
#2029 = VERTEX_POINT ( 'NONE', #910 ) ;
ENDSEC;
END-ISO-10303-21;
