ISO-10303-21;
HEADER;
FILE_DESCRIPTION (( 'STEP AP214' ),
    '1' );
FILE_NAME ('CON-SMA-EDGE.STEP',
    '2023-08-24T09:06:51',
    ( 'USER' ),
    ( '' ),
    'SwSTEP 2.0',
    'SolidWorks 2016',
    '' );
FILE_SCHEMA (( 'AUTOMOTIVE_DESIGN' ));
ENDSEC;

DATA;
#1 = AXIS2_PLACEMENT_3D ( 'NONE', #2433, #2608, #2676 ) ;
#2 = CARTESIAN_POINT ( 'NONE',  ( -4.643106854831914100, 1.774945020734132400, 2.434226075090616200 ) ) ;
#3 = ORIENTED_EDGE ( 'NONE', *, *, #2105, .F. ) ;
#4 = ORIENTED_EDGE ( 'NONE', *, *, #1695, .T. ) ;
#5 = CARTESIAN_POINT ( 'NONE',  ( -9.049999999999998900, 0.3749999999999978900, -4.336808689942017700E-016 ) ) ;
#6 = CARTESIAN_POINT ( 'NONE',  ( -4.643106854831913200, 2.244547046906582900, 2.095255708769749900 ) ) ;
#7 = CARTESIAN_POINT ( 'NONE',  ( -9.912939815778317500, -2.043901491794178700, -1.396553427430556400 ) ) ;
#8 = ORIENTED_EDGE ( 'NONE', *, *, #2652, .F. ) ;
#9 = ORIENTED_EDGE ( 'NONE', *, *, #434, .F. ) ;
#10 = CARTESIAN_POINT ( 'NONE',  ( -4.939999999976407700, 0.3749999999999979500, 0.3800000000015845100 ) ) ;
#11 = DIRECTION ( 'NONE',  ( -0.0000000000000000000, -0.0000000000000000000, -1.000000000000000000 ) ) ;
#12 = ORIENTED_EDGE ( 'NONE', *, *, #2319, .F. ) ;
#13 = ORIENTED_EDGE ( 'NONE', *, *, #2496, .T. ) ;
#14 = CARTESIAN_POINT ( 'NONE',  ( -4.643106854831921200, 1.509567649146923900, 2.568672189501903300 ) ) ;
#15 = CARTESIAN_POINT ( 'NONE',  ( -9.810759810198145900, 2.994047056242739500, 1.277295371571518100 ) ) ;
#16 = CARTESIAN_POINT ( 'NONE',  ( -4.643106854831817300, 2.455642280129001000, 1.885819521357462200 ) ) ;
#17 = ORIENTED_EDGE ( 'NONE', *, *, #897, .F. ) ;
#18 = CARTESIAN_POINT ( 'NONE',  ( -9.544997361210869600, 1.237260075081829900, -3.055671602002958000 ) ) ;
#19 = CARTESIAN_POINT ( 'NONE',  ( -3.399999999999999900, 0.3749999999999978900, -2.750000000000000400 ) ) ;
#20 = EDGE_LOOP ( 'NONE', ( #3357, #3656, #51, #3306 ) ) ;
#21 = CARTESIAN_POINT ( 'NONE',  ( 2.059999999999999600, 3.549999999999999800, -3.174999999999997600 ) ) ;
#22 = CARTESIAN_POINT ( 'NONE',  ( -9.148587963926464900, -1.237600994529452800, -2.793106854861112000 ) ) ;
#23 = CARTESIAN_POINT ( 'NONE',  ( -4.722435143722796300, 2.392879258796094500, -2.056576724200859500 ) ) ;
#24 = CARTESIAN_POINT ( 'NONE',  ( -4.643106854831918500, 0.9584171362542139900, 2.746806329673829400 ) ) ;
#25 = CIRCLE ( 'NONE', #2220, 2.100000000000000100 ) ;
#26 = CARTESIAN_POINT ( 'NONE',  ( -9.818566837382883600, 3.114448154285874200, 0.9700261203735209800 ) ) ;
#27 = EDGE_CURVE ( 'NONE', #535, #2102, #2508, .T. ) ;
#28 =( LENGTH_UNIT ( ) NAMED_UNIT ( * ) SI_UNIT ( .MILLI., .METRE. ) );
#29 = EDGE_CURVE ( 'NONE', #1256, #3603, #269, .T. ) ;
#30 = EDGE_CURVE ( 'NONE', #3000, #3377, #3314, .T. ) ;
#31 = CARTESIAN_POINT ( 'NONE',  ( -9.615652151980311800, 0.3749999999999991700, -3.104347848058588900 ) ) ;
#32 = CARTESIAN_POINT ( 'NONE',  ( -8.384236112074615800, 0.3749999999999991100, -2.793106854861111100 ) ) ;
#33 = DIRECTION ( 'NONE',  ( 1.000000000000000000, 0.0000000000000000000, 0.0000000000000000000 ) ) ;
#34 = CARTESIAN_POINT ( 'NONE',  ( -5.253333333333334700, 0.3749999999999991700, -3.175000000000000300 ) ) ;
#35 = CARTESIAN_POINT ( 'NONE',  ( -9.822661354223758000, 3.161801465492960300, 0.8095037551812724900 ) ) ;
#36 = FACE_OUTER_BOUND ( 'NONE', #3520, .T. ) ;
#37 = AXIS2_PLACEMENT_3D ( 'NONE', #1722, #1656, #1638 ) ;
#38 = CARTESIAN_POINT ( 'NONE',  ( -5.135740740740749800, 3.124630657015600800, -1.587500000000006400 ) ) ;
#39 = ORIENTED_EDGE ( 'NONE', *, *, #3132, .T. ) ;
#40 = CARTESIAN_POINT ( 'NONE',  ( -8.634120372297378100, 3.124630657015591100, 1.587499999999998800 ) ) ;
#41 = VECTOR ( 'NONE', #1623, 1000.000000000000000 ) ;
#42 = CARTESIAN_POINT ( 'NONE',  ( -1.749999999999999800, 1.019999999999998900, -4.336808689942017700E-016 ) ) ;
#43 = CARTESIAN_POINT ( 'NONE',  ( -5.081350680630544400, 3.972487784854006800, -0.1189683770244666900 ) ) ;
#44 = CARTESIAN_POINT ( 'NONE',  ( -7.619884260222761400, 1.987600994529450200, -2.793106854861111100 ) ) ;
#45 = VECTOR ( 'NONE', #649, 1000.000000000000000 ) ;
#46 = ORIENTED_EDGE ( 'NONE', *, *, #740, .T. ) ;
#47 = CARTESIAN_POINT ( 'NONE',  ( -8.864988846820990500, 0.3314607318335643900, 0.2776990740247495300 ) ) ;
#48 = CARTESIAN_POINT ( 'NONE',  ( -4.643106854831913200, 0.6648198750750681200, 2.793106854861162200 ) ) ;
#49 = CARTESIAN_POINT ( 'NONE',  ( -9.830912042148670000, 3.227403033448755600, 0.4874563287013979300 ) ) ;
#50 = EDGE_CURVE ( 'NONE', #973, #2247, #957, .T. ) ;
#51 = ORIENTED_EDGE ( 'NONE', *, *, #2741, .T. ) ;
#52 = CARTESIAN_POINT ( 'NONE',  ( -5.025002296972695100, 3.223504914227633700, 1.402370248901129400 ) ) ;
#53 = CARTESIAN_POINT ( 'NONE',  ( -1.749999999999999800, -1.729999999999998900, 2.364999999999998000 ) ) ;
#54 = CARTESIAN_POINT ( 'NONE',  ( -1.749999999999999800, 7.318364664277154900E-016, -2.364999999999999300 ) ) ;
#55 = VERTEX_POINT ( 'NONE', #2114 ) ;
#56 = EDGE_LOOP ( 'NONE', ( #3471, #3085 ) ) ;
#57 = CARTESIAN_POINT ( 'NONE',  ( -6.855532408370909700, 2.793901491794175600, -1.396553427430555800 ) ) ;
#58 = EDGE_LOOP ( 'NONE', ( #1065, #2710, #1841, #3134 ) ) ;
#59 = CARTESIAN_POINT ( 'NONE',  ( -9.269999999901301600, 0.3749999999999979500, -4.336808689942017700E-016 ) ) ;
#60 = CARTESIAN_POINT ( 'NONE',  ( -9.049999999999998900, 0.3749999999999978900, -4.336808689942017700E-016 ) ) ;
#61 = DIRECTION ( 'NONE',  ( -1.000000000000000000, 0.0000000000000000000, 0.0000000000000000000 ) ) ;
#62 = ORIENTED_EDGE ( 'NONE', *, *, #897, .T. ) ;
#63 = CARTESIAN_POINT ( 'NONE',  ( -4.797662038000542100, 1.987600994529450200, -2.793106854861111100 ) ) ;
#64 = CARTESIAN_POINT ( 'NONE',  ( -9.835105951355060900, 3.246340173532132200, 0.3244406820385958300 ) ) ;
#65 = CARTESIAN_POINT ( 'NONE',  ( -1.749999999999999800, -1.729999999999998400, 3.174999999999998900 ) ) ;
#66 = DIRECTION ( 'NONE',  ( 0.0000000000000000000, 0.0000000000000000000, 1.000000000000000000 ) ) ;
#67 = CARTESIAN_POINT ( 'NONE',  ( -6.091180556519057100, 3.600201989058900300, 6.639328379517623000E-016 ) ) ;
#68 = DIRECTION ( 'NONE',  ( 0.0000000000000000000, 0.0000000000000000000, -1.000000000000000000 ) ) ;
#69 = FACE_OUTER_BOUND ( 'NONE', #1268, .T. ) ;
#70 = CARTESIAN_POINT ( 'NONE',  ( -4.599999999999999600, 0.3749999999999978900, -4.336808689942017700E-016 ) ) ;
#71 = AXIS2_PLACEMENT_3D ( 'NONE', #3414, #2214, #466 ) ;
#72 = CARTESIAN_POINT ( 'NONE',  ( -4.019999999999999600, 0.3749999999999978900, -2.100000000000000500 ) ) ;
#73 = CARTESIAN_POINT ( 'NONE',  ( -4.643106854831915000, 0.3749999999994940700, 2.793106854861108900 ) ) ;
#74 = CARTESIAN_POINT ( 'NONE',  ( -4.033310186148688600, 2.793901491794175600, -1.396553427430555800 ) ) ;
#75 = AXIS2_PLACEMENT_3D ( 'NONE', #3568, #3525, #3562 ) ;
#76 = DIRECTION ( 'NONE',  ( 0.0000000000000000000, 0.0000000000000000000, 1.000000000000000000 ) ) ;
#77 = CARTESIAN_POINT ( 'NONE',  ( -5.326828704667207100, 2.793901491794175600, 1.396553427430554200 ) ) ;
#78 = VECTOR ( 'NONE', #1588, 1000.000000000000000 ) ;
#79 = DIRECTION ( 'NONE',  ( -1.000000000000000000, 0.0000000000000000000, 0.0000000000000000000 ) ) ;
#80 = ORIENTED_EDGE ( 'NONE', *, *, #3530, .T. ) ;
#81 = FACE_OUTER_BOUND ( 'NONE', #2118, .T. ) ;
#82 = CARTESIAN_POINT ( 'NONE',  ( -9.278674770455159800, 2.210291965778535600, 3.178818931451388600 ) ) ;
#83 =( BOUNDED_CURVE ( )  B_SPLINE_CURVE ( 2, ( #3573, #3617, #3500, #3493, #3489, #3475, #3461 ),
 .UNSPECIFIED., .F., .F. ) 
 B_SPLINE_CURVE_WITH_KNOTS ( ( 3, 2, 2, 3 ),
 ( 0.001644683908584051000, 0.004960090452977870800, 0.008275496997371692400, 0.01159090354176551700 ),
 .UNSPECIFIED. ) 
 CURVE ( )  GEOMETRIC_REPRESENTATION_ITEM ( )  RATIONAL_B_SPLINE_CURVE ( ( 0.9999999999999770200, 0.8660254037844616900, 1.000000000000000000, 0.8660254037844387100, 1.000000000000000000, 0.8660254037844362700, 1.000000000000002400 ) ) 
 REPRESENTATION_ITEM ( '' )  );
#84 = CARTESIAN_POINT ( 'NONE',  ( -5.194537037037044900, 2.208087104677067800, -3.175000000000012700 ) ) ;
#85 = CARTESIAN_POINT ( 'NONE',  ( -9.843636006059016500, 3.256090173692392000, -0.005631437367288760600 ) ) ;
#86 = ORIENTED_EDGE ( 'NONE', *, *, #740, .F. ) ;
#87 = DIRECTION ( 'NONE',  ( -1.000000000000000000, 0.0000000000000000000, 0.0000000000000000000 ) ) ;
#88 = VECTOR ( 'NONE', #2125, 1000.000000000000000 ) ;
#89 = CARTESIAN_POINT ( 'NONE',  ( -9.269999999999999600, 0.3749999999999978900, -4.336808689942017700E-016 ) ) ;
#90 = CARTESIAN_POINT ( 'NONE',  ( -3.940000000000054600, 0.3749999999999978900, -4.336808689942017700E-016 ) ) ;
#91 = ORIENTED_EDGE ( 'NONE', *, *, #1165, .T. ) ;
#92 = ORIENTED_EDGE ( 'NONE', *, *, #2130, .F. ) ;
#93 = EDGE_CURVE ( 'NONE', #3663, #3230, #1674, .T. ) ;
#94 = CARTESIAN_POINT ( 'NONE',  ( -7.017222222222223100, 0.3749999999999962300, 3.174999999999999400 ) ) ;
#95 = CARTESIAN_POINT ( 'NONE',  ( -8.514322918603307100, 0.3749999999999962300, 3.178818931451388200 ) ) ;
#96 = ORIENTED_EDGE ( 'NONE', *, *, #3331, .T. ) ;
#97 = CARTESIAN_POINT ( 'NONE',  ( -1.749999999999999800, 0.3749999999999978900, -4.336808689942017700E-016 ) ) ;
#98 = CARTESIAN_POINT ( 'NONE',  ( -9.847970956022164700, 3.246633086750413200, -0.1726271753297174700 ) ) ;
#99 = EDGE_CURVE ( 'NONE', #3819, #3098, #3226, .T. ) ;
#100 = DIRECTION ( 'NONE',  ( -1.000000000000000000, 0.0000000000000000000, -0.0000000000000000000 ) ) ;
#101 = ORIENTED_EDGE ( 'NONE', *, *, #604, .T. ) ;
#102 = ADVANCED_FACE ( 'NONE', ( #859 ), #3032, .T. ) ;
#103 = EDGE_LOOP ( 'NONE', ( #1591, #1244 ) ) ;
#104 = DIRECTION ( 'NONE',  ( 0.0000000000000000000, 0.0000000000000000000, -1.000000000000000000 ) ) ;
#105 = DIRECTION ( 'NONE',  ( 0.0000000000000000000, 0.0000000000000000000, -1.000000000000000000 ) ) ;
#106 = ORIENTED_EDGE ( 'NONE', *, *, #945, .F. ) ;
#107 = DIRECTION ( 'NONE',  ( 0.0000000000000000000, 0.0000000000000000000, -1.000000000000000000 ) ) ;
#108 = CARTESIAN_POINT ( 'NONE',  ( -4.599999999999999600, 0.3749999999999978900, -4.336808689942017700E-016 ) ) ;
#109 = EDGE_LOOP ( 'NONE', ( #91, #3323, #1679, #3349 ) ) ;
#110 = CARTESIAN_POINT ( 'NONE',  ( -7.749971066751457200, -1.460291965778541400, 3.178818931451387300 ) ) ;
#111 = DIRECTION ( 'NONE',  ( 0.0000000000000000000, 0.0000000000000000000, 1.000000000000000000 ) ) ;
#112 =( LENGTH_UNIT ( ) NAMED_UNIT ( * ) SI_UNIT ( .MILLI., .METRE. ) );
#113 = CARTESIAN_POINT ( 'NONE',  ( -9.856537277681985300, 3.199146136848953800, -0.5011419528987332000 ) ) ;
#114 = CARTESIAN_POINT ( 'NONE',  ( -7.458194446371449800, 0.3749999999999991700, -3.175000000000000300 ) ) ;
#115 = DIRECTION ( 'NONE',  ( 1.000000000000000000, -0.0000000000000000000, 0.0000000000000000000 ) ) ;
#116 = ADVANCED_FACE ( 'NONE', ( #3130 ), #3741, .F. ) ;
#117 = DIRECTION ( 'NONE',  ( -1.000000000000000000, 0.0000000000000000000, -0.0000000000000000000 ) ) ;
#118 = STYLED_ITEM ( 'NONE', ( #170 ), #1984 ) ;
#119 = EDGE_CURVE ( 'NONE', #1388, #2243, #667, .T. ) ;
#120 = DIRECTION ( 'NONE',  ( -0.0000000000000000000, 1.000000000000000000, 5.240210400945518800E-016 ) ) ;
#121 = CARTESIAN_POINT ( 'NONE',  ( -6.985619214899602800, -2.377937948667809800, 1.589409465725692700 ) ) ;
#122 = CARTESIAN_POINT ( 'NONE',  ( -3.399999999999999900, 3.549999999999997200, 3.175000000000002000 ) ) ;
#123 = CARTESIAN_POINT ( 'NONE',  ( -9.860784656827640000, 3.161063254401127200, -0.6632773754712094600 ) ) ;
#124 = AXIS2_PLACEMENT_3D ( 'NONE', #2268, #2259, #2279 ) ;
#125 = DIRECTION ( 'NONE',  ( 1.000000000000000000, 0.0000000000000000000, 0.0000000000000000000 ) ) ;
#126 = CARTESIAN_POINT ( 'NONE',  ( -4.430185185185186100, 3.124630657015590200, -1.587500000000000400 ) ) ;
#127 = DIRECTION ( 'NONE',  ( -0.7071067811865475700, 0.0000000000000000000, 0.7071067811865474600 ) ) ;
#128 = CARTESIAN_POINT ( 'NONE',  ( -5.268032408370910200, -2.043901491794180000, 1.396553427430553800 ) ) ;
#129 = VECTOR ( 'NONE', #2618, 1000.000000000000000 ) ;
#130 = ORIENTED_EDGE ( 'NONE', *, *, #1396, .F. ) ;
#131 = LINE ( 'NONE', #1900, #3171 ) ;
#132 =( BOUNDED_CURVE ( )  B_SPLINE_CURVE ( 2, ( #2633, #2663, #2672, #2604, #2591, #2583, #2564 ),
 .UNSPECIFIED., .F., .F. ) 
 B_SPLINE_CURVE_WITH_KNOTS ( ( 3, 2, 2, 3 ),
 ( 0.05137385705745370300, 0.05468915879550406000, 0.05800446053355441700, 0.06131976227160477300 ),
 .UNSPECIFIED. ) 
 CURVE ( )  GEOMETRIC_REPRESENTATION_ITEM ( )  RATIONAL_B_SPLINE_CURVE ( ( 0.9999999999999977800, 0.8660254037844409300, 1.000000000000000000, 0.8660254037844387100, 1.000000000000000000, 0.8660254037844333800, 1.000000000000005300 ) ) 
 REPRESENTATION_ITEM ( '' )  );
#133 = CARTESIAN_POINT ( 'NONE',  ( -11.27000000000000300, 0.3749999999999978900, -4.336808689942017700E-016 ) ) ;
#134 = CONICAL_SURFACE ( 'NONE', #75, 3.175000007255218900, 0.7853981633974482800 ) ;
#135 = CARTESIAN_POINT ( 'NONE',  ( -6.221267363047751100, -3.295583931557077400, -2.132385635423935400E-015 ) ) ;
#136 = CARTESIAN_POINT ( 'NONE',  ( -4.643106854831915000, 0.3749999999994940700, 2.793106854861108900 ) ) ;
#137 = CARTESIAN_POINT ( 'NONE',  ( -9.869000597874915600, 3.058921505592045800, -0.9755695251705263100 ) ) ;
#138 = DIRECTION ( 'NONE',  ( 0.0000000000000000000, 0.0000000000000000000, -1.000000000000000000 ) ) ;
#139 = ORIENTED_EDGE ( 'NONE', *, *, #2052, .T. ) ;
#140 = CARTESIAN_POINT ( 'NONE',  ( -9.369074074074074300, 3.124630657015590200, -1.587500000000000400 ) ) ;
#141 = ADVANCED_FACE ( 'NONE', ( #1486 ), #2227, .F. ) ;
#142 = CARTESIAN_POINT ( 'NONE',  ( 2.060000000000000100, -1.729999999999998900, -2.365000000000000700 ) ) ;
#143 = ORIENTED_EDGE ( 'NONE', *, *, #927, .T. ) ;
#144 = CARTESIAN_POINT ( 'NONE',  ( 2.060000000000000100, -2.799999999999999800, 3.174999999999998000 ) ) ;
#145 = ORIENTED_EDGE ( 'NONE', *, *, #3331, .F. ) ;
#146 = CARTESIAN_POINT ( 'NONE',  ( 2.060000000000000100, -3.523657060577889400E-016, 2.364999999999998400 ) ) ;
#147 = MECHANICAL_DESIGN_GEOMETRIC_PRESENTATION_REPRESENTATION (  '', ( #3380 ), #330 ) ;
#148 = AXIS2_PLACEMENT_3D ( 'NONE', #2219, #2257, #2262 ) ;
#149 = CARTESIAN_POINT ( 'NONE',  ( -8.250000000000000000, 0.3970633844065994400, 0.3793589422545963800 ) ) ;
#150 = CARTESIAN_POINT ( 'NONE',  ( -5.456915511195899300, -2.377937948667808500, -1.589409465725695600 ) ) ;
#151 = DIRECTION ( 'NONE',  ( 0.0000000000000000000, 0.0000000000000000000, 1.000000000000000000 ) ) ;
#152 = EDGE_LOOP ( 'NONE', ( #964, #2475 ) ) ;
#153 = CARTESIAN_POINT ( 'NONE',  ( -9.872999018267492500, 2.994732893696771200, -1.126872307023981900 ) ) ;
#154 = EDGE_CURVE ( 'NONE', #3755, #3702, #759, .T. ) ;
#155 = CARTESIAN_POINT ( 'NONE',  ( 3.726959551036518500, 0.3749999999999978900, -0.3800000000000004500 ) ) ;
#156 = ORIENTED_EDGE ( 'NONE', *, *, #3388, .F. ) ;
#157 = DIRECTION ( 'NONE',  ( -1.000000000000000000, 0.0000000000000000000, 0.0000000000000000000 ) ) ;
#158 = CARTESIAN_POINT ( 'NONE',  ( -9.544999999999999900, 0.3749999999999978900, -4.336808689942017700E-016 ) ) ;
#159 = ADVANCED_FACE ( 'NONE', ( #2233 ), #584, .T. ) ;
#160 = DIRECTION ( 'NONE',  ( 1.000000000000000000, 0.0000000000000000000, 0.0000000000000000000 ) ) ;
#161 = CARTESIAN_POINT ( 'NONE',  ( -4.692563659344047600, -1.460291965778539400, -3.178818931451389500 ) ) ;
#162 = AXIS2_PLACEMENT_3D ( 'NONE', #2039, #3518, #1464 ) ;
#163 = DIRECTION ( 'NONE',  ( -1.000000000000000000, 0.0000000000000000000, 0.0000000000000000000 ) ) ;
#164 = CARTESIAN_POINT ( 'NONE',  ( -9.880764592399025000, 2.839460997462294400, -1.419548073307197200 ) ) ;
#165 = DIRECTION ( 'NONE',  ( -0.0000000000000000000, -0.0000000000000000000, 1.000000000000000000 ) ) ;
#166 = DIRECTION ( 'NONE',  ( 1.000000000000000000, 0.0000000000000000000, 0.0000000000000000000 ) ) ;
#167 = DIRECTION ( 'NONE',  ( 0.0000000000000000000, 0.0000000000000000000, -1.000000000000000000 ) ) ;
#168 = EDGE_CURVE ( 'NONE', #2088, #1542, #283, .T. ) ;
#169 = CARTESIAN_POINT ( 'NONE',  ( -9.544997361210869600, 1.237260075081829900, -3.055671602002958000 ) ) ;
#170 = PRESENTATION_STYLE_ASSIGNMENT (( #3355 ) ) ;
#171 = EDGE_CURVE ( 'NONE', #779, #2580, #1395, .T. ) ;
#172 = DIRECTION ( 'NONE',  ( 0.0000000000000000000, 0.0000000000000000000, -1.000000000000000000 ) ) ;
#173 = CARTESIAN_POINT ( 'NONE',  ( -3.928211807492196300, 0.3749999999999991700, -3.178818931451389100 ) ) ;
#174 = CARTESIAN_POINT ( 'NONE',  ( -4.019999999999999600, 0.3749999999999978900, -4.336808689942017700E-016 ) ) ;
#175 = CARTESIAN_POINT ( 'NONE',  ( -9.884483156043117400, 2.749034086327367500, -1.559178696940955100 ) ) ;
#176 = ORIENTED_EDGE ( 'NONE', *, *, #3258, .T. ) ;
#177 = DIRECTION ( 'NONE',  ( 1.000000000000000000, 0.0000000000000000000, 0.0000000000000000000 ) ) ;
#178 = VECTOR ( 'NONE', #1672, 1000.000000000000000 ) ;
#179 = FACE_OUTER_BOUND ( 'NONE', #2280, .T. ) ;
#180 = ADVANCED_FACE ( 'NONE', ( #3641 ), #2397, .F. ) ;
#181 = DIRECTION ( 'NONE',  ( 0.0000000000000000000, 0.0000000000000000000, -1.000000000000000000 ) ) ;
#182 = CYLINDRICAL_SURFACE ( 'NONE', #204, 0.3800000000000000000 ) ;
#183 = CARTESIAN_POINT ( 'NONE',  ( 2.059999999999999200, 0.3749999999999978900, 2.089999999999999400 ) ) ;
#184 = CARTESIAN_POINT ( 'NONE',  ( -9.049999999999998900, 0.3749999999999981700, 2.100000000000000100 ) ) ;
#185 = ORIENTED_EDGE ( 'NONE', *, *, #2596, .T. ) ;
#186 = VECTOR ( 'NONE', #2014, 1000.000000000000000 ) ;
#187 = AXIS2_PLACEMENT_3D ( 'NONE', #3739, #3714, #3686 ) ;
#188 = CARTESIAN_POINT ( 'NONE',  ( -9.049999999999998900, 0.3749999999999978900, -4.336808689942017700E-016 ) ) ;
#189 = CARTESIAN_POINT ( 'NONE',  ( -9.810046298223301900, -2.374630657015595500, 1.587499999999998400 ) ) ;
#190 = VERTEX_POINT ( 'NONE', #2383 ) ;
#191 = ORIENTED_EDGE ( 'NONE', *, *, #2127, .T. ) ;
#192 = CARTESIAN_POINT ( 'NONE',  ( -8.250000000000000000, 0.3529366155933963400, -4.336808689942017700E-016 ) ) ;
#193 = CARTESIAN_POINT ( 'NONE',  ( -9.892412676706559400, 2.546986030187115400, -1.817868816828291300 ) ) ;
#194 = CARTESIAN_POINT ( 'NONE',  ( -3.399999999999999900, 3.549999999999999800, -4.336808689942017700E-016 ) ) ;
#195 = ORIENTED_EDGE ( 'NONE', *, *, #2750, .F. ) ;
#196 = VERTEX_POINT ( 'NONE', #2464 ) ;
#197 = CARTESIAN_POINT ( 'NONE',  ( -4.778366272877681500, 0.3749999999999991700, -2.928366272906878500 ) ) ;
#198 = ORIENTED_EDGE ( 'NONE', *, *, #245, .T. ) ;
#199 = DIRECTION ( 'NONE',  ( 1.000000000000000000, 0.0000000000000000000, 0.0000000000000000000 ) ) ;
#200 = ADVANCED_FACE ( 'NONE', ( #2850 ), #2739, .T. ) ;
#201 = CARTESIAN_POINT ( 'NONE',  ( -4.782737511277990600, 0.1767343691516201100, -2.932737511307189000 ) ) ;
#202 = AXIS2_PLACEMENT_3D ( 'NONE', #2875, #3275, #2779 ) ;
#203 = ORIENTED_EDGE ( 'NONE', *, *, #1888, .T. ) ;
#204 = AXIS2_PLACEMENT_3D ( 'NONE', #5, #33, #3815 ) ;
#205 = CARTESIAN_POINT ( 'NONE',  ( -9.045694446371449300, -3.291174209354125400, -2.130344865817665100E-015 ) ) ;
#206 = DIRECTION ( 'NONE',  ( -1.000000000000000000, 0.0000000000000000000, -0.0000000000000000000 ) ) ;
#207 = CARTESIAN_POINT ( 'NONE',  ( -9.896525416160646000, 2.434893691512007900, -1.938140061111043800 ) ) ;
#208 = EDGE_LOOP ( 'NONE', ( #1578, #2569 ) ) ;
#209 = CARTESIAN_POINT ( 'NONE',  ( -4.787331561440066900, -0.02101617385968659200, -2.917401767017303400 ) ) ;
#210 = B_SPLINE_CURVE_WITH_KNOTS ( 'NONE', 3,
 ( #529, #502, #486, #472 ),
 .UNSPECIFIED., .F., .F.,
 ( 4, 4 ),
 ( 2.783857147516828600E-010, 0.001041991266700759700 ),
 .UNSPECIFIED. ) ;
#211 = CARTESIAN_POINT ( 'NONE',  ( 2.060000000000000100, 1.020000000000000700, -2.364999999999998900 ) ) ;
#212 = CARTESIAN_POINT ( 'NONE',  ( -7.164212964889965300, 2.208087104677042100, 3.175000000000030500 ) ) ;
#213 = DIRECTION ( 'NONE',  ( 1.000000000000000000, 0.0000000000000000000, 0.0000000000000000000 ) ) ;
#214 = CARTESIAN_POINT ( 'NONE',  ( -4.796968187533122900, -0.4154540166691387300, -2.846040956168173400 ) ) ;
#215 = DIRECTION ( 'NONE',  ( 0.0000000000000000000, 0.0000000000000000000, -1.000000000000000000 ) ) ;
#216 = CARTESIAN_POINT ( 'NONE',  ( -8.281342594519596600, -2.374630657015594200, -1.587500000000001200 ) ) ;
#217 = CARTESIAN_POINT ( 'NONE',  ( -9.909333309621107600, 2.064250329412665500, -2.270779895374115800 ) ) ;
#218 = CARTESIAN_POINT ( 'NONE',  ( -4.801896457880025600, -0.6073690985286169800, -2.790675559687648900 ) ) ;
#219 = ADVANCED_FACE ( 'NONE', ( #3827 ), #2506, .T. ) ;
#220 = CARTESIAN_POINT ( 'NONE',  ( -1.749999999999999800, 0.3749999999999978900, -4.336808689942017700E-016 ) ) ;
#221 = CARTESIAN_POINT ( 'NONE',  ( -9.049999999999998900, 0.4249999999999976600, 0.3766961640367467700 ) ) ;
#222 = EDGE_CURVE ( 'NONE', #961, #2370, #494, .T. ) ;
#223 = LINE ( 'NONE', #1459, #129 ) ;
#224 = CARTESIAN_POINT ( 'NONE',  ( -4.811813991825862200, -0.9752768936750990700, -2.643543239616182600 ) ) ;
#225 = CIRCLE ( 'NONE', #309, 0.3800000000000000000 ) ;
#226 = EDGE_CURVE ( 'NONE', #1977, #1913, #2945, .T. ) ;
#227 = EDGE_CURVE ( 'NONE', #2991, #237, #1293, .T. ) ;
#228 = CARTESIAN_POINT ( 'NONE',  ( 3.726959551036518500, 0.3749999999999978900, -4.336808689942017700E-016 ) ) ;
#229 = CARTESIAN_POINT ( 'NONE',  ( -7.516990742667744900, -1.458087104677063400, -3.175000000000000300 ) ) ;
#230 = CARTESIAN_POINT ( 'NONE',  ( -4.816880992282952100, -1.154011884240845100, -2.550347695063240700 ) ) ;
#231 = FACE_OUTER_BOUND ( 'NONE', #2296, .T. ) ;
#232 = CARTESIAN_POINT ( 'NONE',  ( -8.016759259259266900, 2.208087104677085100, -3.174999999999982100 ) ) ;
#233 = DIRECTION ( 'NONE',  ( 1.000000000000000000, 0.0000000000000000000, 0.0000000000000000000 ) ) ;
#234 = ORIENTED_EDGE ( 'NONE', *, *, #1823, .F. ) ;
#235 = CARTESIAN_POINT ( 'NONE',  ( -7.399398150075152000, 2.208087104677078500, -3.174999999999971000 ) ) ;
#236 = ORIENTED_EDGE ( 'NONE', *, *, #483, .T. ) ;
#237 = VERTEX_POINT ( 'NONE', #2581 ) ;
#238 = CARTESIAN_POINT ( 'NONE',  ( -6.752638890815894100, 0.3749999999999991700, -3.175000000000000300 ) ) ;
#239 = ORIENTED_EDGE ( 'NONE', *, *, #1937, .F. ) ;
#240 = ORIENTED_EDGE ( 'NONE', *, *, #1192, .F. ) ;
#241 = CARTESIAN_POINT ( 'NONE',  ( -4.826851099013722100, -1.487248093332725200, -2.330974558006299300 ) ) ;
#242 = EDGE_LOOP ( 'NONE', ( #2527, #2561, #2515, #372, #3320, #130, #711, #1804, #1014, #3035, #1171, #3317, #2500, #3049, #1800, #1624, #2624, #2517, #2664 ) ) ;
#243 = CARTESIAN_POINT ( 'NONE',  ( -6.047083335260338400, 0.3749999999999991700, -3.175000000000000300 ) ) ;
#244 = EDGE_LOOP ( 'NONE', ( #2746, #2853, #1451, #2804, #3690 ) ) ;
#245 = EDGE_CURVE ( 'NONE', #3139, #2966, #3545, .T. ) ;
#246 = CARTESIAN_POINT ( 'NONE',  ( -4.831721099644353100, -1.640874120230792800, -2.205979273471583700 ) ) ;
#247 = CARTESIAN_POINT ( 'NONE',  ( -5.988287038964042400, 2.208087104677060300, -3.175000000000000300 ) ) ;
#248 = B_SPLINE_CURVE_WITH_KNOTS ( 'NONE', 3,
 ( #1637, #1546, #1516, #1507, #1492, #1460, #1452 ),
 .UNSPECIFIED., .F., .F.,
 ( 4, 3, 4 ),
 ( 5.765419199854015800E-016, 0.0005556097288000487200, 0.0008008624008282929200 ),
 .UNSPECIFIED. ) ;
#249 = CARTESIAN_POINT ( 'NONE',  ( 2.059999999999999200, 0.3749999999999978900, -4.336808689942017700E-016 ) ) ;
#250 = CARTESIAN_POINT ( 'NONE',  ( -4.841239893890631600, -1.922473972453074600, -1.925762642757990600 ) ) ;
#251 = VECTOR ( 'NONE', #206, 1000.000000000000000 ) ;
#252 = DIRECTION ( 'NONE',  ( -1.000000000000000000, 0.0000000000000000000, 0.0000000000000000000 ) ) ;
#253 = CARTESIAN_POINT ( 'NONE',  ( -7.208310186148687600, -1.237600994529452800, -2.793106854861112000 ) ) ;
#254 = CARTESIAN_POINT ( 'NONE',  ( -4.845916669705526500, -2.050943993776389800, -1.769086442306269500 ) ) ;
#255 = CARTESIAN_POINT ( 'NONE',  ( -5.223935187112190600, 3.124630657015590200, -1.587500000000000400 ) ) ;
#256 = CARTESIAN_POINT ( 'NONE',  ( -4.854646435130372400, -2.270404056973180900, -1.438433865342491500 ) ) ;
#257 = CARTESIAN_POINT ( 'NONE',  ( -1.749999999999999800, -4.019639014232567000E-016, 3.174999999999998900 ) ) ;
#258 = DIRECTION ( 'NONE',  ( -1.000000000000000000, 0.0000000000000000000, -0.0000000000000000000 ) ) ;
#259 = ORIENTED_EDGE ( 'NONE', *, *, #2444, .F. ) ;
#260 = VECTOR ( 'NONE', #2192, 1000.000000000000000 ) ;
#261 = CARTESIAN_POINT ( 'NONE',  ( -4.268495371333872700, 1.987600994529450200, -2.793106854861111100 ) ) ;
#262 = AXIS2_PLACEMENT_3D ( 'NONE', #3711, #3781, #3770 ) ;
#263 = ORIENTED_EDGE ( 'NONE', *, *, #2983, .F. ) ;
#264 = AXIS2_PLACEMENT_3D ( 'NONE', #3677, #3680, #3688 ) ;
#265 = VECTOR ( 'NONE', #68, 1000.000000000000000 ) ;
#266 = CARTESIAN_POINT ( 'NONE',  ( -4.858899965215601700, -2.363175535085893000, -1.263260416471033900 ) ) ;
#267 = CARTESIAN_POINT ( 'NONE',  ( -4.459583335260338900, 4.041174209354120500, 8.140062767690513100E-016 ) ) ;
#268 = ORIENTED_EDGE ( 'NONE', *, *, #1866, .T. ) ;
#269 = LINE ( 'NONE', #2054, #186 ) ;
#270 = CARTESIAN_POINT ( 'NONE',  ( -4.872752406233752600, -2.590670360952004100, -0.7082682961989295000 ) ) ;
#271 = ORIENTED_EDGE ( 'NONE', *, *, #335, .F. ) ;
#272 = ORIENTED_EDGE ( 'NONE', *, *, #2862, .T. ) ;
#273 = CARTESIAN_POINT ( 'NONE',  ( -6.047083335260338400, 0.3749999999999991700, -3.175000000000000300 ) ) ;
#274 = CARTESIAN_POINT ( 'NONE',  ( -4.327291667630170500, 0.3749999999999991100, -2.793106854861111100 ) ) ;
#275 = ORIENTED_EDGE ( 'NONE', *, *, #2983, .T. ) ;
#276 = CARTESIAN_POINT ( 'NONE',  ( -4.882529363022970700, -2.667792889831022600, -0.3130005429772215700 ) ) ;
#277 = ORIENTED_EDGE ( 'NONE', *, *, #1442, .F. ) ;
#278 = CARTESIAN_POINT ( 'NONE',  ( -3.695231483408487200, 3.124630657015590600, 1.587499999999998600 ) ) ;
#279 = ORIENTED_EDGE ( 'NONE', *, *, #1119, .F. ) ;
#280 = CARTESIAN_POINT ( 'NONE',  ( 2.060000000000000100, -4.313749123647980700E-016, 3.174999999999998900 ) ) ;
#281 = ORIENTED_EDGE ( 'NONE', *, *, #3807, .T. ) ;
#282 = CARTESIAN_POINT ( 'NONE',  ( -6.105879631556635300, -1.458087104677042100, -3.175000000000036700 ) ) ;
#283 =( BOUNDED_CURVE ( )  B_SPLINE_CURVE ( 2, ( #2330, #2313, #2309, #2345, #2351, #2355, #2357 ),
 .UNSPECIFIED., .F., .F. ) 
 B_SPLINE_CURVE_WITH_KNOTS ( ( 3, 2, 2, 3 ),
 ( -0.06464294680860895000, -0.06132790467365690400, -0.05801286253870486400, -0.05469782040375281700 ),
 .UNSPECIFIED. ) 
 CURVE ( )  GEOMETRIC_REPRESENTATION_ITEM ( )  RATIONAL_B_SPLINE_CURVE ( ( 1.000000000000342200, 0.8660254037840964300, 1.000000000000000000, 0.8660254037844387100, 1.000000000000000000, 0.8660254037844364900, 1.000000000000002200 ) ) 
 REPRESENTATION_ITEM ( '' )  );
#284 = EDGE_CURVE ( 'NONE', #1163, #3040, #1964, .T. ) ;
#285 = CARTESIAN_POINT ( 'NONE',  ( -7.311203703703708500, 2.208087104677110400, -3.174999999999940300 ) ) ;
#286 = DIRECTION ( 'NONE',  ( 1.000000000000000000, -0.0000000000000000000, -0.0000000000000000000 ) ) ;
#287 = EDGE_CURVE ( 'NONE', #3702, #728, #3452, .T. ) ;
#288 = CARTESIAN_POINT ( 'NONE',  ( -4.902144593440992200, -2.664362818051360100, 0.4880408304976898700 ) ) ;
#289 = LINE ( 'NONE', #3759, #380 ) ;
#290 = CARTESIAN_POINT ( 'NONE',  ( -9.795347223185723700, 0.3749999999999991100, -2.793106854861111100 ) ) ;
#291 = CARTESIAN_POINT ( 'NONE',  ( -4.911818305202585200, -2.582072345152303800, 0.8871517490105799200 ) ) ;
#292 = CARTESIAN_POINT ( 'NONE',  ( -9.049999999999998900, 0.3249999999999977400, 0.3766961640367467700 ) ) ;
#293 = FACE_OUTER_BOUND ( 'NONE', #1808, .T. ) ;
#294 = CARTESIAN_POINT ( 'NONE',  ( -11.27000000000000300, 0.3749999999999978900, -4.336808689942017700E-016 ) ) ;
#295 = DIRECTION ( 'NONE',  ( -1.000000000000000000, 0.0000000000000000000, -0.0000000000000000000 ) ) ;
#296 = CIRCLE ( 'NONE', #3670, 3.174999999999999800 ) ;
#297 = CARTESIAN_POINT ( 'NONE',  ( -4.924976883558273700, -2.352060963350046200, 1.434491991356452400 ) ) ;
#298 = CARTESIAN_POINT ( 'NONE',  ( -7.796273149111652100, 1.987600994529450200, -2.793106854861111100 ) ) ;
#299 = CARTESIAN_POINT ( 'NONE',  ( -9.030995371333876400, 1.987600994529450200, -2.793106854861111100 ) ) ;
#300 = CARTESIAN_POINT ( 'NONE',  ( -4.929071882668997000, -2.256601176996547500, 1.610989665497804000 ) ) ;
#301 = FACE_OUTER_BOUND ( 'NONE', #1553, .T. ) ;
#302 = CARTESIAN_POINT ( 'NONE',  ( -4.706004946672609700, 2.804230822678154900, -1.518524785219492100 ) ) ;
#303 = CARTESIAN_POINT ( 'NONE',  ( -6.164675927852931300, -2.374630657015594200, -1.587500000000001200 ) ) ;
#304 = VERTEX_POINT ( 'NONE', #2677 ) ;
#305 = PRESENTATION_LAYER_ASSIGNMENT (  '', '', ( #118 ) ) ;
#306 = EDGE_CURVE ( 'NONE', #1721, #2660, #1786, .T. ) ;
#307 = CARTESIAN_POINT ( 'NONE',  ( -7.737476852815356100, 2.793901491794175600, -1.396553427430555800 ) ) ;
#308 =( NAMED_UNIT ( * ) SI_UNIT ( $, .STERADIAN. ) SOLID_ANGLE_UNIT ( ) );
#309 = AXIS2_PLACEMENT_3D ( 'NONE', #1994, #1982, #1967 ) ;
#310 = ORIENTED_EDGE ( 'NONE', *, *, #3736, .T. ) ;
#311 = VERTEX_POINT ( 'NONE', #2807 ) ;
#312 = CARTESIAN_POINT ( 'NONE',  ( -4.937842302862825300, -2.033476311334278600, 1.942663311940304300 ) ) ;
#313 = EDGE_CURVE ( 'NONE', #322, #1721, #2439, .T. ) ;
#314 = CARTESIAN_POINT ( 'NONE',  ( -8.266643519482020300, 2.793901491794175600, -1.396553427430555800 ) ) ;
#315 = ORIENTED_EDGE ( 'NONE', *, *, #119, .F. ) ;
#316 = CARTESIAN_POINT ( 'NONE',  ( -4.942355477041375300, -1.907565561682723000, 2.095674080952671900 ) ) ;
#317 = CARTESIAN_POINT ( 'NONE',  ( -9.970000000066647800, 0.3749999999999978900, -4.336808689942017700E-016 ) ) ;
#318 = ORIENTED_EDGE ( 'NONE', *, *, #537, .T. ) ;
#319 = ORIENTED_EDGE ( 'NONE', *, *, #3456, .T. ) ;
#320 = CARTESIAN_POINT ( 'NONE',  ( -6.223472224149228200, -3.291174209354125400, -2.130344865817665100E-015 ) ) ;
#321 = CARTESIAN_POINT ( 'NONE',  ( -7.678680556519058300, 3.600201989058900300, 6.639328379517623000E-016 ) ) ;
#322 = VERTEX_POINT ( 'NONE', #2700 ) ;
#323 = CARTESIAN_POINT ( 'NONE',  ( -8.516527779704782500, 0.3749999999999962300, 3.174999999999999400 ) ) ;
#324 = CARTESIAN_POINT ( 'NONE',  ( -4.951624256502125100, -1.627724528364128200, 2.376649004918602000 ) ) ;
#325 = ORIENTED_EDGE ( 'NONE', *, *, #407, .F. ) ;
#326 = CARTESIAN_POINT ( 'NONE',  ( -7.619884260222762300, 2.793901491794175600, 1.396553427430554200 ) ) ;
#327 = CARTESIAN_POINT ( 'NONE',  ( -7.502291667630170300, 3.600201989058900300, 6.639328379517623000E-016 ) ) ;
#328 = CARTESIAN_POINT ( 'NONE',  ( -4.956431197034719500, -1.471916571752937400, 2.505656911261524600 ) ) ;
#329 = CARTESIAN_POINT ( 'NONE',  ( -9.050000000001000800, 0.4250000000000330200, -0.2831187913217089700 ) ) ;
#330 =( GEOMETRIC_REPRESENTATION_CONTEXT ( 3 ) GLOBAL_UNCERTAINTY_ASSIGNED_CONTEXT ( ( #1343 ) ) GLOBAL_UNIT_ASSIGNED_CONTEXT ( ( #463, #452, #449 ) ) REPRESENTATION_CONTEXT ( 'NONE', 'WORKASPACE' ) );
#331 = AXIS2_PLACEMENT_3D ( 'NONE', #2429, #2437, #2447 ) ;
#332 = CARTESIAN_POINT ( 'NONE',  ( -7.561087963926464500, 1.987600994529448800, 2.793106854861110700 ) ) ;
#333 = CARTESIAN_POINT ( 'NONE',  ( -9.049999999999998900, 0.3749999999999979500, 0.3799999999999995600 ) ) ;
#334 = FACE_OUTER_BOUND ( 'NONE', #2627, .T. ) ;
#335 = EDGE_CURVE ( 'NONE', #2944, #3365, #2727, .T. ) ;
#336 = EDGE_CURVE ( 'NONE', #628, #1264, #674, .T. ) ;
#337 = CARTESIAN_POINT ( 'NONE',  ( -4.965945436516241400, -1.142680092600568200, 2.728601417929815500 ) ) ;
#338 = CARTESIAN_POINT ( 'NONE',  ( -6.737939815778319500, 2.793901491794175600, 1.396553427430554200 ) ) ;
#339 = CARTESIAN_POINT ( 'NONE',  ( -4.970671782255228000, -0.9689131878130851100, 2.823483146915627600 ) ) ;
#340 = CARTESIAN_POINT ( 'NONE',  ( -5.025003366001199900, 1.405974035199709000, 3.002952852435858900 ) ) ;
#341 = CARTESIAN_POINT ( 'NONE',  ( -4.680069445407946600, 3.600201989058900300, 6.639328379517623000E-016 ) ) ;
#342 = CARTESIAN_POINT ( 'NONE',  ( -7.502291667630169400, 0.3749999999999964500, 2.793106854861110200 ) ) ;
#343 = ORIENTED_EDGE ( 'NONE', *, *, #287, .F. ) ;
#344 = CARTESIAN_POINT ( 'NONE',  ( 2.060000000000000100, 1.020000000000000900, -2.364999999999998900 ) ) ;
#345 = CARTESIAN_POINT ( 'NONE',  ( -4.980064537217809400, -0.6030379152725003900, 2.979985437576667000 ) ) ;
#346 = LINE ( 'NONE', #1650, #3403 ) ;
#347 = CARTESIAN_POINT ( 'NONE',  ( -7.443495371333873400, -1.237600994529454400, 2.793106854861109300 ) ) ;
#348 = CARTESIAN_POINT ( 'NONE',  ( -5.973587963926466000, 1.987600994529448800, 2.793106854861110700 ) ) ;
#349 = CIRCLE ( 'NONE', #3028, 2.330000000000000100 ) ;
#350 = CARTESIAN_POINT ( 'NONE',  ( -4.984736363876556300, -0.4104152993202132600, 3.041219686533599600 ) ) ;
#351 = EDGE_CURVE ( 'NONE', #3003, #2755, #1207, .T. ) ;
#352 = CARTESIAN_POINT ( 'NONE',  ( -7.193611111111120100, 4.041174209354135600, 8.140062767690563400E-016 ) ) ;
#353 = ORIENTED_EDGE ( 'NONE', *, *, #99, .F. ) ;
#354 = DIRECTION ( 'NONE',  ( 1.000000000000000000, -0.0000000000000000000, -0.0000000000000000000 ) ) ;
#355 =( BOUNDED_CURVE ( )  B_SPLINE_CURVE ( 2, ( #817, #924, #831, #790, #781, #773, #760 ),
 .UNSPECIFIED., .F., .F. ) 
 B_SPLINE_CURVE_WITH_KNOTS ( ( 3, 2, 2, 3 ),
 ( -0.03480736740430834300, -0.03149225853914707600, -0.02817714967398581000, -0.02486204080882454100 ),
 .UNSPECIFIED. ) 
 CURVE ( )  GEOMETRIC_REPRESENTATION_ITEM ( )  RATIONAL_B_SPLINE_CURVE ( ( 0.9999999999999946700, 0.8660254037844440400, 1.000000000000000000, 0.8660254037844387100, 1.000000000000000000, 0.8660254037844360400, 1.000000000000002700 ) ) 
 REPRESENTATION_ITEM ( '' )  );
#356 = CARTESIAN_POINT ( 'NONE',  ( -5.068214561089632800, 2.530273437175142500, 2.616956902609039100 ) ) ;
#357 = CARTESIAN_POINT ( 'NONE',  ( -3.915717593556095700, 2.793901491794175600, 1.396553427430554200 ) ) ;
#358 = CARTESIAN_POINT ( 'NONE',  ( -6.282268520445524200, -2.374630657015595500, 1.587499999999998400 ) ) ;
#359 = EDGE_CURVE ( 'NONE', #1075, #190, #1796, .T. ) ;
#360 = ORIENTED_EDGE ( 'NONE', *, *, #823, .F. ) ;
#361 = VERTEX_POINT ( 'NONE', #3546 ) ;
#362 = CARTESIAN_POINT ( 'NONE',  ( -7.384699075037576500, -2.043901491794180000, 1.396553427430553800 ) ) ;
#363 = PLANE ( 'NONE',  #1281 ) ;
#364 = CARTESIAN_POINT ( 'NONE',  ( -4.993634318303801200, -0.02259903554734397900, 3.124687830376902600 ) ) ;
#365 = ORIENTED_EDGE ( 'NONE', *, *, #1574, .T. ) ;
#366 = CARTESIAN_POINT ( 'NONE',  ( -7.325902778741282300, -2.850201989058905200, -1.926267905190632200E-015 ) ) ;
#367 = CARTESIAN_POINT ( 'NONE',  ( -5.209236112074614200, 0.3749999999999964500, 2.793106854861110200 ) ) ;
#368 = ORIENTED_EDGE ( 'NONE', *, *, #2052, .F. ) ;
#369 = CARTESIAN_POINT ( 'NONE',  ( -9.161082177862567700, -1.460291965778541400, 3.178818931451387300 ) ) ;
#370 = AXIS2_PLACEMENT_3D ( 'NONE', #220, #2977, #1691 ) ;
#371 = CARTESIAN_POINT ( 'NONE',  ( -5.106342594519598600, 3.124630657015590600, 1.587499999999998400 ) ) ;
#372 = ORIENTED_EDGE ( 'NONE', *, *, #604, .F. ) ;
#373 = DIRECTION ( 'NONE',  ( 1.000000000000000000, 0.0000000000000000000, 0.0000000000000000000 ) ) ;
#374 = CARTESIAN_POINT ( 'NONE',  ( -9.918074542675409300, 1.784009397689353000, -2.444625745720940400 ) ) ;
#375 = CARTESIAN_POINT ( 'NONE',  ( -7.267106482444984500, -2.043901491794178700, -1.396553427430556400 ) ) ;
#376 = DIRECTION ( 'NONE',  ( 1.000000000000000000, 0.0000000000000000000, 0.0000000000000000000 ) ) ;
#377 = EDGE_LOOP ( 'NONE', ( #807, #239, #679, #1489 ) ) ;
#378 = CARTESIAN_POINT ( 'NONE',  ( -7.208310186148687600, -1.237600994529452800, -2.793106854861112000 ) ) ;
#379 = DIRECTION ( 'NONE',  ( 1.000000000000000000, 0.0000000000000000000, 0.0000000000000000000 ) ) ;
#380 = VECTOR ( 'NONE', #2813, 1000.000000000000000 ) ;
#381 = CARTESIAN_POINT ( 'NONE',  ( -8.396730326010715100, -2.377937948667809800, 1.589409465725692700 ) ) ;
#382 = CARTESIAN_POINT ( 'NONE',  ( -5.165138890815894600, 4.041174209354119600, 8.140062767690512200E-016 ) ) ;
#383 = AXIS2_PLACEMENT_3D ( 'NONE', #2782, #2878, #2925 ) ;
#384 = DIRECTION ( 'NONE',  ( 0.0000000000000000000, 0.0000000000000000000, -1.000000000000000000 ) ) ;
#385 = AXIS2_PLACEMENT_3D ( 'NONE', #3717, #3700, #3671 ) ;
#386 = CARTESIAN_POINT ( 'NONE',  ( -7.149513889852391600, 0.3749999999999991100, -2.793106854861111100 ) ) ;
#387 = DIRECTION ( 'NONE',  ( 0.0000000000000000000, 0.0000000000000000000, -1.000000000000000000 ) ) ;
#388 = DIRECTION ( 'NONE',  ( -0.7071067811865475700, 8.659560562354931600E-017, -0.7071067811865474600 ) ) ;
#389 = CARTESIAN_POINT ( 'NONE',  ( -7.090717593556094700, 1.987600994529450200, -2.793106854861111100 ) ) ;
#390 = VECTOR ( 'NONE', #127, 1000.000000000000000 ) ;
#391 = CARTESIAN_POINT ( 'NONE',  ( -5.002018422098172000, 0.3749999999999962300, 3.152018422127368200 ) ) ;
#392 = CYLINDRICAL_SURFACE ( 'NONE', #610, 3.174999999999999800 ) ;
#393 = CARTESIAN_POINT ( 'NONE',  ( -7.632378474158863400, -3.295583931557077400, -2.132385635423935400E-015 ) ) ;
#394 = CARTESIAN_POINT ( 'NONE',  ( -5.025001304034049100, 0.3749999999999979500, -4.336808689942017700E-016 ) ) ;
#395 =( NAMED_UNIT ( * ) SI_UNIT ( $, .STERADIAN. ) SOLID_ANGLE_UNIT ( ) );
#396 = CARTESIAN_POINT ( 'NONE',  ( -9.926892914399420700, 1.474670719096434800, -2.567522444188450300 ) ) ;
#397 = FACE_OUTER_BOUND ( 'NONE', #1733, .T. ) ;
#398 = CARTESIAN_POINT ( 'NONE',  ( -3.399999999999999900, 0.3749999999999978900, -4.336808689942017700E-016 ) ) ;
#399 = ADVANCED_FACE ( 'NONE', ( #231 ), #134, .T. ) ;
#400 = VECTOR ( 'NONE', #2642, 1000.000000000000000 ) ;
#401 = CARTESIAN_POINT ( 'NONE',  ( -11.27000000000000300, 0.3749999999999982800, 3.174999999999999400 ) ) ;
#402 = FACE_OUTER_BOUND ( 'NONE', #1644, .T. ) ;
#403 = CARTESIAN_POINT ( 'NONE',  ( -7.031921297259799500, 2.793901491794175600, -1.396553427430555800 ) ) ;
#404 = ORIENTED_EDGE ( 'NONE', *, *, #2254, .T. ) ;
#405 = CARTESIAN_POINT ( 'NONE',  ( -8.250000000000000000, 0.3970633844065999400, -0.3793589422545972600 ) ) ;
#406 = AXIS2_PLACEMENT_3D ( 'NONE', #2162, #2084, #2074 ) ;
#407 = EDGE_CURVE ( 'NONE', #311, #1589, #906, .T. ) ;
#408 = CARTESIAN_POINT ( 'NONE',  ( -6.973125000963503500, 3.600201989058900300, 6.639328379517623000E-016 ) ) ;
#409 = CARTESIAN_POINT ( 'NONE',  ( -6.868026622307010800, -2.377937948667808500, -1.589409465725695600 ) ) ;
#410 = ORIENTED_EDGE ( 'NONE', *, *, #953, .T. ) ;
#411 = CARTESIAN_POINT ( 'NONE',  ( -5.282731483408485800, 2.208087104677081100, -3.174999999999963000 ) ) ;
#412 = DIRECTION ( 'NONE',  ( 1.000000000000000000, 0.0000000000000000000, 0.0000000000000000000 ) ) ;
#413 = CARTESIAN_POINT ( 'NONE',  ( -1.749999999999999800, 1.019999999999999100, 2.364999999999998900 ) ) ;
#414 = EDGE_CURVE ( 'NONE', #2957, #1587, #1716, .T. ) ;
#415 = CARTESIAN_POINT ( 'NONE',  ( -11.27000000000000300, 0.3749999999999978900, -4.336808689942017700E-016 ) ) ;
#416 = ORIENTED_EDGE ( 'NONE', *, *, #601, .T. ) ;
#417 = CARTESIAN_POINT ( 'NONE',  ( -9.269999999999999600, 0.3749999999999981700, -2.330000000000000500 ) ) ;
#418 = CARTESIAN_POINT ( 'NONE',  ( -5.503217593556096100, 2.793901491794175600, 1.396553427430554200 ) ) ;
#419 = CARTESIAN_POINT ( 'NONE',  ( -4.997912289956521400, 0.1745346965775950200, 3.147912289985718800 ) ) ;
#420 = EDGE_LOOP ( 'NONE', ( #315, #1928 ) ) ;
#421 = CARTESIAN_POINT ( 'NONE',  ( -6.914328704667207500, 2.793901491794175600, 1.396553427430554200 ) ) ;
#422 = ADVANCED_FACE ( 'NONE', ( #1874 ), #1631, .T. ) ;
#423 = VERTEX_POINT ( 'NONE', #3701 ) ;
#424 = CARTESIAN_POINT ( 'NONE',  ( -7.796273149111652100, 1.987600994529450200, -2.793106854861111100 ) ) ;
#425 = CARTESIAN_POINT ( 'NONE',  ( -6.855532408370912400, 1.987600994529448800, 2.793106854861110700 ) ) ;
#426 = CARTESIAN_POINT ( 'NONE',  ( -6.103674770455158200, -1.460291965778539400, -3.178818931451389500 ) ) ;
#427 = AXIS2_PLACEMENT_3D ( 'NONE', #1051, #1041, #1028 ) ;
#428 = CARTESIAN_POINT ( 'NONE',  ( -5.223935187112190600, 3.124630657015590200, -1.587500000000000100 ) ) ;
#429 = CARTESIAN_POINT ( 'NONE',  ( -9.486666666666668100, 0.3749999999999991700, -3.175000000000000300 ) ) ;
#430 = CARTESIAN_POINT ( 'NONE',  ( -1.749999999999999800, 0.3749999999999981700, 2.100000000000000100 ) ) ;
#431 = CARTESIAN_POINT ( 'NONE',  ( -6.796736112074614600, 0.3749999999999964500, 2.793106854861110200 ) ) ;
#432 = LINE ( 'NONE', #2374, #3810 ) ;
#433 = CARTESIAN_POINT ( 'NONE',  ( -9.926892914399420700, 1.474670719096434800, -2.567522444188450300 ) ) ;
#434 = EDGE_CURVE ( 'NONE', #3230, #304, #2282, .T. ) ;
#435 = CARTESIAN_POINT ( 'NONE',  ( -6.737939815778318600, -1.237600994529454400, 2.793106854861109300 ) ) ;
#436 = CARTESIAN_POINT ( 'NONE',  ( -5.339322918603306400, 0.3749999999999991700, -3.178818931451389100 ) ) ;
#437 = CARTESIAN_POINT ( 'NONE',  ( -9.888034916100233200, 2.329133272235723400, -2.201555597449122100 ) ) ;
#438 = ADVANCED_FACE ( 'NONE', ( #808 ), #3075, .T. ) ;
#439 = CARTESIAN_POINT ( 'NONE',  ( -8.398935187112188700, -2.374630657015597300, 1.587499999999999200 ) ) ;
#440 = FACE_OUTER_BOUND ( 'NONE', #20, .T. ) ;
#441 = CARTESIAN_POINT ( 'NONE',  ( -9.854143519482020600, 2.793901491794175600, -1.396553427430555800 ) ) ;
#442 = CIRCLE ( 'NONE', #2740, 2.100000000000000100 ) ;
#443 = CARTESIAN_POINT ( 'NONE',  ( -6.679143519482021700, -2.043901491794180000, 1.396553427430553800 ) ) ;
#444 = ORIENTED_EDGE ( 'NONE', *, *, #2593, .T. ) ;
#445 = CARTESIAN_POINT ( 'NONE',  ( -9.795347223185723700, 3.600201989058900300, 6.639328379517623000E-016 ) ) ;
#446 = VECTOR ( 'NONE', #165, 1000.000000000000000 ) ;
#447 = CARTESIAN_POINT ( 'NONE',  ( -6.620347223185724800, -2.850201989058905200, -1.926267905190632200E-015 ) ) ;
#448 = CARTESIAN_POINT ( 'NONE',  ( -4.574971066751455600, 2.210291965778536000, -3.178818931451389500 ) ) ;
#449 =( NAMED_UNIT ( * ) SI_UNIT ( $, .STERADIAN. ) SOLID_ANGLE_UNIT ( ) );
#450 = EDGE_LOOP ( 'NONE', ( #2614, #2606 ) ) ;
#451 = ORIENTED_EDGE ( 'NONE', *, *, #1741, .T. ) ;
#452 =( NAMED_UNIT ( * ) PLANE_ANGLE_UNIT ( ) SI_UNIT ( $, .RADIAN. ) );
#453 = CARTESIAN_POINT ( 'NONE',  ( -9.736550926889428600, 2.793901491794175600, 1.396553427430554200 ) ) ;
#454 = ORIENTED_EDGE ( 'NONE', *, *, #3804, .T. ) ;
#455 = ORIENTED_EDGE ( 'NONE', *, *, #3436, .F. ) ;
#456 = CARTESIAN_POINT ( 'NONE',  ( -6.561550926889428800, -2.043901491794178700, -1.396553427430556400 ) ) ;
#457 = ADVANCED_FACE ( 'NONE', ( #2367 ), #3793, .F. ) ;
#458 = ORIENTED_EDGE ( 'NONE', *, *, #1340, .F. ) ;
#459 = CARTESIAN_POINT ( 'NONE',  ( -9.677754630593131700, 1.987600994529448800, 2.793106854861110200 ) ) ;
#460 = AXIS2_PLACEMENT_3D ( 'NONE', #398, #2380, #2386 ) ;
#461 = CARTESIAN_POINT ( 'NONE',  ( -6.502754630593134500, -1.237600994529452800, -2.793106854861112000 ) ) ;
#462 = CARTESIAN_POINT ( 'NONE',  ( -3.810619214899603900, 3.127937948667804500, -1.589409465725694700 ) ) ;
#463 =( LENGTH_UNIT ( ) NAMED_UNIT ( * ) SI_UNIT ( .MILLI., .METRE. ) );
#464 = EDGE_LOOP ( 'NONE', ( #1848, #191, #2657, #3333, #913, #1260, #1225, #3235, #2691, #956, #3193, #2371, #2557, #1769, #863, #1924, #2252, #1636, #899 ) ) ;
#465 = CARTESIAN_POINT ( 'NONE',  ( -9.618958334296836600, 0.3749999999999964500, 2.793106854861110200 ) ) ;
#466 = DIRECTION ( 'NONE',  ( 0.0000000000000000000, 0.0000000000000000000, 1.000000000000000000 ) ) ;
#467 = ORIENTED_EDGE ( 'NONE', *, *, #1595, .T. ) ;
#468 = CARTESIAN_POINT ( 'NONE',  ( -9.560162038000537900, -1.237600994529454400, 2.793106854861109300 ) ) ;
#469 = CARTESIAN_POINT ( 'NONE',  ( -5.738402778741281000, 0.3749999999999991100, -2.793106854861111100 ) ) ;
#470 = CARTESIAN_POINT ( 'NONE',  ( -9.692453705630708100, -2.374630657015594200, -1.587500000000001200 ) ) ;
#471 = SURFACE_STYLE_USAGE ( .BOTH. , #478 ) ;
#472 = CARTESIAN_POINT ( 'NONE',  ( -5.002018422098172000, 0.3749999999999962300, 3.152018422127368200 ) ) ;
#473 = LINE ( 'NONE', #2024, #2027 ) ;
#474 = CARTESIAN_POINT ( 'NONE',  ( -9.501365741704244500, -2.043901491794180000, 1.396553427430553800 ) ) ;
#475 = ADVANCED_FACE ( 'NONE', ( #3268 ), #1390, .F. ) ;
#476 =( BOUNDED_CURVE ( )  B_SPLINE_CURVE ( 2, ( #2650, #1209, #3564, #1802, #40, #2077, #323 ),
 .UNSPECIFIED., .F., .F. ) 
 B_SPLINE_CURVE_WITH_KNOTS ( ( 3, 2, 2, 3 ),
 ( -0.09447792564908613600, -0.09116295024300004300, -0.08784797483691395000, -0.08453299943082785700 ),
 .UNSPECIFIED. ) 
 CURVE ( )  GEOMETRIC_REPRESENTATION_ITEM ( )  RATIONAL_B_SPLINE_CURVE ( ( 0.9999999999999977800, 0.8660254037844409300, 1.000000000000000000, 0.8660254037844387100, 1.000000000000000000, 0.8660254037844362700, 1.000000000000002400 ) ) 
 REPRESENTATION_ITEM ( '' )  );
#477 = CARTESIAN_POINT ( 'NONE',  ( 2.060000000000000100, -1.729999999999998600, -3.175000000000000700 ) ) ;
#478 = SURFACE_SIDE_STYLE ('',( #1151 ) ) ;
#479 = CARTESIAN_POINT ( 'NONE',  ( -6.443958334296837600, 0.3749999999999991100, -2.793106854861111100 ) ) ;
#480 = EDGE_CURVE ( 'NONE', #1677, #3514, #1532, .T. ) ;
#481 = CARTESIAN_POINT ( 'NONE',  ( -9.442569445407947600, -2.850201989058905200, -1.926267905190632200E-015 ) ) ;
#482 = CYLINDRICAL_SURFACE ( 'NONE', #2905, 2.100000000000000100 ) ;
#483 = EDGE_CURVE ( 'NONE', #1505, #311, #2278, .T. ) ;
#484 = CARTESIAN_POINT ( 'NONE',  ( -6.385162038000539800, 1.987600994529450200, -2.793106854861111100 ) ) ;
#485 = CARTESIAN_POINT ( 'NONE',  ( -8.928101853778857200, -1.458087104677063400, -3.175000000000000300 ) ) ;
#486 = CARTESIAN_POINT ( 'NONE',  ( -5.009208283880710200, 0.7260159376464498900, 3.159208283909908000 ) ) ;
#487 = CARTESIAN_POINT ( 'NONE',  ( -5.253333333333334700, 0.3749999999999991700, -3.175000000000000300 ) ) ;
#488 = CARTESIAN_POINT ( 'NONE',  ( -6.840833333333343100, -3.291174209354141400, -2.130344865817673000E-015 ) ) ;
#489 = FILL_AREA_STYLE ('',( #507 ) ) ;
#490 = ORIENTED_EDGE ( 'NONE', *, *, #2008, .F. ) ;
#491 = LINE ( 'NONE', #2511, #2845 ) ;
#492 = CARTESIAN_POINT ( 'NONE',  ( -6.326365741704243800, 2.793901491794175600, -1.396553427430555800 ) ) ;
#493 = ORIENTED_EDGE ( 'NONE', *, *, #1569, .F. ) ;
#494 = CIRCLE ( 'NONE', #1738, 0.3800000000000000000 ) ;
#495 = ADVANCED_FACE ( 'NONE', ( #709 ), #1397, .F. ) ;
#496 = AXIS2_PLACEMENT_3D ( 'NONE', #2919, #2806, #2789 ) ;
#497 = CARTESIAN_POINT ( 'NONE',  ( -6.267569445407949600, 3.600201989058900300, 6.639328379517623000E-016 ) ) ;
#498 = CARTESIAN_POINT ( 'NONE',  ( -8.163750001927004600, 0.3749999999999991700, -3.175000000000000300 ) ) ;
#499 = VERTEX_POINT ( 'NONE', #487 ) ;
#500 = ORIENTED_EDGE ( 'NONE', *, *, #284, .F. ) ;
#501 = B_SPLINE_CURVE_WITH_KNOTS ( 'NONE', 3,
 ( #2083, #47, #617, #2681, #922, #2992, #1239 ),
 .UNSPECIFIED., .F., .F.,
 ( 4, 3, 4 ),
 ( 7.884050441901042500E-016, 0.0005556097288000487200, 0.0008008624008282929200 ),
 .UNSPECIFIED. ) ;
#502 = CARTESIAN_POINT ( 'NONE',  ( -5.016901030587931100, 1.070828232193452800, 3.109450773224288400 ) ) ;
#503 = DIRECTION ( 'NONE',  ( -0.0000000000000000000, -1.000000000000000000, -5.240210400945518800E-016 ) ) ;
#504 = ORIENTED_EDGE ( 'NONE', *, *, #1759, .T. ) ;
#505 = DIRECTION ( 'NONE',  ( 0.0000000000000000000, -1.000000000000000000, 2.865974066235822800E-016 ) ) ;
#506 = CARTESIAN_POINT ( 'NONE',  ( -1.749999999999999800, 0.3749999999999978900, 2.364999999999998000 ) ) ;
#507 = FILL_AREA_STYLE_COLOUR ( '', #3585 ) ;
#508 = VECTOR ( 'NONE', #886, 1000.000000000000000 ) ;
#509 = CARTESIAN_POINT ( 'NONE',  ( -5.797199075037577900, -1.237600994529452800, -2.793106854861112000 ) ) ;
#510 = ORIENTED_EDGE ( 'NONE', *, *, #3659, .F. ) ;
#511 = CARTESIAN_POINT ( 'NONE',  ( -6.208773149111651800, 2.793901491794175600, 1.396553427430554200 ) ) ;
#512 = MECHANICAL_DESIGN_GEOMETRIC_PRESENTATION_REPRESENTATION (  '', ( #118 ), #690 ) ;
#513 = EDGE_CURVE ( 'NONE', #2158, #1589, #2186, .T. ) ;
#514 = CARTESIAN_POINT ( 'NONE',  ( -8.501828704667207900, 1.987600994529450200, -2.793106854861110700 ) ) ;
#515 = EDGE_LOOP ( 'NONE', ( #3651, #3548 ) ) ;
#516 = CARTESIAN_POINT ( 'NONE',  ( -6.149976852815354900, 1.987600994529448800, 2.793106854861110700 ) ) ;
#517 = CARTESIAN_POINT ( 'NONE',  ( -7.399398150075153800, 2.208087104677060300, -3.175000000000000300 ) ) ;
#518 = CARTESIAN_POINT ( 'NONE',  ( -6.341064816741819300, -1.458087104677086900, 3.174999999999961600 ) ) ;
#519 = ORIENTED_EDGE ( 'NONE', *, *, #3325, .T. ) ;
#520 = CARTESIAN_POINT ( 'NONE',  ( -8.560625000963503000, 0.3749999999999991100, -2.793106854861111100 ) ) ;
#521 = CARTESIAN_POINT ( 'NONE',  ( -8.254149305545919200, -3.295583931557077400, -2.132385635423935400E-015 ) ) ;
#522 = DIRECTION ( 'NONE',  ( 0.0000000000000000000, 0.0000000000000000000, 1.000000000000000000 ) ) ;
#523 = CARTESIAN_POINT ( 'NONE',  ( -6.091180556519058900, 0.3749999999999964500, 2.793106854861110200 ) ) ;
#524 = CARTESIAN_POINT ( 'NONE',  ( -8.854606482444983900, -1.237600994529454400, 2.793106854861109300 ) ) ;
#525 = LINE ( 'NONE', #3281, #932 ) ;
#526 = CARTESIAN_POINT ( 'NONE',  ( -6.032384260222762900, -1.237600994529454400, 2.793106854861109300 ) ) ;
#527 = CARTESIAN_POINT ( 'NONE',  ( -6.635046298223301200, 3.124630657015590200, -1.587500000000000400 ) ) ;
#528 =( BOUNDED_CURVE ( )  B_SPLINE_CURVE ( 2, ( #1074, #1061, #680, #1068, #1084, #1077, #1121, #1087, #1099, #1093, #1111, #1105, #1132, #1126, #1143, #1137, #1155, #1149, #1170, #1161, #1212, #1188, #1183, #1200, #1195, #1449, #1471, #1259, #1235, #1312, #1265, #1309, #1273, #1271, #1355, #1349, #931, #958, #864, #907, #839, #943, #921, #901, #824, #776, #939, #799, #761, #784, #748, #757, #1323, #877, #889, #1482, #1425, #1003, #1176, #988, #1017, #997, #975, #990, #1430, #727, #1372, #514, #520, #852, #972, #882, #893, #524, #710, #1551, #1556, #1543, #548, #1526, #1538, #1568, #1565, #481, #474, #468, #465, #459, #453, #445, #441, #437, #433 ),
 .UNSPECIFIED., .F., .F. ) 
 B_SPLINE_CURVE_WITH_KNOTS ( ( 3, 2, 2, 2, 2, 2, 2, 2, 2, 2, 2, 2, 2, 2, 2, 2, 2, 2, 2, 2, 2, 2, 2, 2, 2, 2, 2, 2, 2, 2, 2, 2, 2, 2, 2, 2, 2, 2, 2, 2, 2, 2, 2, 2, 2, 2, 3 ),
 ( 0.1186953099511365300, 0.1241151018535658900, 0.1407817685202326100, 0.1574484351868992200, 0.1741151018535659300, 0.1907817685202326500, 0.2074484351868992600, 0.2241151018535659800, 0.2407817685202325900, 0.2574484351868993000, 0.2741151018535659100, 0.2907817685202326300, 0.3074484351868992400, 0.3241151018535659600, 0.3407817685202325600, 0.3574484351868992800, 0.3741151018535658900, 0.3907817685202326100, 0.4074484351868992200, 0.4241151018535659300, 0.4407817685202326000, 0.4574484351868992600, 0.4741151018535659200, 0.4907817685202325900, 0.5074484351868993000, 0.5241151018535659100, 0.5407817685202325200, 0.5574484351868993500, 0.5741151018535659600, 0.5907817685202325600, 0.6074484351868992800, 0.6241151018535660000, 0.6407817685202326100, 0.6574484351868992200, 0.6741151018535659300, 0.6907817685202326500, 0.7074484351868992600, 0.7241151018535658700, 0.7407817685202325900, 0.7574484351868993000, 0.7741151018535659100, 0.7907817685202326300, 0.8074484351868992400, 0.8241151018535659600, 0.8407817685202325600, 0.8574484351868992800, 0.8676334324231762500 ),
 .UNSPECIFIED. ) 
 CURVE ( )  GEOMETRIC_REPRESENTATION_ITEM ( )  RATIONAL_B_SPLINE_CURVE ( ( 0.9412010698395583100, 0.9564331340979792500, 1.000000000000000000, 0.8660254037844387100, 1.000000000000000000, 0.8660254037844387100, 1.000000000000000000, 0.8660254037844387100, 1.000000000000000000, 0.8660254037844387100, 1.000000000000000000, 0.8660254037844387100, 1.000000000000000000, 0.8660254037844387100, 1.000000000000000000, 0.8660254037844387100, 1.000000000000000000, 0.8660254037844387100, 1.000000000000000000, 0.8660254037844387100, 1.000000000000000000, 0.8660254037844387100, 1.000000000000000000, 0.8660254037844387100, 1.000000000000000000, 0.8660254037844387100, 1.000000000000000000, 0.8660254037844387100, 1.000000000000000000, 0.8660254037844387100, 1.000000000000000000, 0.8660254037844387100, 1.000000000000000000, 0.8660254037844387100, 1.000000000000000000, 0.8660254037844387100, 1.000000000000000000, 0.8660254037844387100, 1.000000000000000000, 0.8660254037844387100, 1.000000000000000000, 0.8660254037844387100, 1.000000000000000000, 0.8660254037844387100, 1.000000000000000000, 0.8660254037844387100, 1.000000000000000000, 0.8660254037844387100, 1.000000000000000000, 0.8660254037844387100, 1.000000000000000000, 0.8660254037844387100, 1.000000000000000000, 0.8660254037844387100, 1.000000000000000000, 0.8660254037844387100, 1.000000000000000000, 0.8660254037844387100, 1.000000000000000000, 0.8660254037844387100, 1.000000000000000000, 0.8660254037844387100, 1.000000000000000000, 0.8660254037844387100, 1.000000000000000000, 0.8660254037844387100, 1.000000000000000000, 0.8660254037844387100, 1.000000000000000000, 0.8660254037844387100, 1.000000000000000000, 0.8660254037844387100, 1.000000000000000000, 0.8660254037844387100, 1.000000000000000000, 0.8660254037844387100, 1.000000000000000000, 0.8660254037844387100, 1.000000000000000000, 0.8660254037844387100, 1.000000000000000000, 0.8660254037844387100, 1.000000000000000000, 0.8660254037844387100, 1.000000000000000000, 0.8660254037844387100, 1.000000000000000000, 0.8660254037844387100, 1.000000000000000000, 0.8660254037844387100, 1.000000000000000000, 0.9181281464687908200, 0.9363200451708906200 ) ) 
 REPRESENTATION_ITEM ( '' )  );
#529 = CARTESIAN_POINT ( 'NONE',  ( -5.025003366001199900, 1.405974035199709000, 3.002952852435858900 ) ) ;
#530 = CARTESIAN_POINT ( 'NONE',  ( -6.399861113038118000, 0.3749999999999962300, 3.174999999999999400 ) ) ;
#531 = AXIS2_PLACEMENT_3D ( 'NONE', #394, #258, #522 ) ;
#532 = AXIS2_PLACEMENT_3D ( 'NONE', #2289, #2298, #2284 ) ;
#533 = CONICAL_SURFACE ( 'NONE', #2146, 0.5300000000065645500, 0.1488899476094973100 ) ;
#534 = CYLINDRICAL_SURFACE ( 'NONE', #936, 2.750000000000000000 ) ;
#535 = VERTEX_POINT ( 'NONE', #695 ) ;
#536 = FACE_OUTER_BOUND ( 'NONE', #1811, .T. ) ;
#537 = EDGE_CURVE ( 'NONE', #1727, #499, #3691, .T. ) ;
#538 = CARTESIAN_POINT ( 'NONE',  ( -5.973587963926466000, -2.043901491794180000, 1.396553427430553800 ) ) ;
#539 = CARTESIAN_POINT ( 'NONE',  ( -5.870694446371450300, 4.041174209354120500, 8.140062767690513100E-016 ) ) ;
#540 = CARTESIAN_POINT ( 'NONE',  ( -1.749999999999999800, 3.549999999999999800, -3.174999999999998000 ) ) ;
#541 = CARTESIAN_POINT ( 'NONE',  ( -8.679982128498894100, 0.4120786912014805500, 0.2721246210541386500 ) ) ;
#542 = LINE ( 'NONE', #1384, #2794 ) ;
#543 = DIRECTION ( 'NONE',  ( 0.0000000000000000000, 0.0000000000000000000, -1.000000000000000000 ) ) ;
#544 = CARTESIAN_POINT ( 'NONE',  ( -6.399861113038118000, 0.3749999999999962300, 3.174999999999999400 ) ) ;
#545 = EDGE_LOOP ( 'NONE', ( #3201, #767, #2272, #1918 ) ) ;
#546 = ORIENTED_EDGE ( 'NONE', *, *, #1987, .T. ) ;
#547 = ORIENTED_EDGE ( 'NONE', *, *, #171, .T. ) ;
#548 = CARTESIAN_POINT ( 'NONE',  ( -9.148587963926466700, 2.793901491794175600, -1.396553427430555800 ) ) ;
#549 = CARTESIAN_POINT ( 'NONE',  ( -5.914791667630169900, -2.850201989058905200, -1.926267905190632200E-015 ) ) ;
#550 = CARTESIAN_POINT ( 'NONE',  ( -5.106342594519598600, 3.124630657015590600, 1.587499999999998600 ) ) ;
#551 = ORIENTED_EDGE ( 'NONE', *, *, #620, .F. ) ;
#552 = CARTESIAN_POINT ( 'NONE',  ( -9.269999999999999600, 0.3749999999999981700, -2.330000000000000500 ) ) ;
#553 = ORIENTED_EDGE ( 'NONE', *, *, #1169, .F. ) ;
#554 = DIRECTION ( 'NONE',  ( 1.000000000000000000, 0.0000000000000000000, 0.0000000000000000000 ) ) ;
#555 = EDGE_CURVE ( 'NONE', #2088, #3363, #619, .T. ) ;
#556 = CARTESIAN_POINT ( 'NONE',  ( -4.209699075037577600, 2.793901491794175600, -1.396553427430555800 ) ) ;
#557 = CARTESIAN_POINT ( 'NONE',  ( -5.855995371333873900, -2.043901491794178700, -1.396553427430556400 ) ) ;
#558 = ORIENTED_EDGE ( 'NONE', *, *, #1762, .T. ) ;
#559 = EDGE_CURVE ( 'NONE', #2094, #2025, #3679, .T. ) ;
#560 = DIRECTION ( 'NONE',  ( 0.0000000000000000000, 0.0000000000000000000, 1.000000000000000000 ) ) ;
#561 = CARTESIAN_POINT ( 'NONE',  ( -5.562013889852393000, 3.600201989058900300, 6.639328379517623000E-016 ) ) ;
#562 = CARTESIAN_POINT ( 'NONE',  ( -4.341990742667745100, 2.208087104677059400, 3.174999999999999400 ) ) ;
#563 = CARTESIAN_POINT ( 'NONE',  ( -9.119999999995798100, 0.3749999999999981700, -2.089999999972408600 ) ) ;
#564 = CARTESIAN_POINT ( 'NONE',  ( -8.784332950119337000, 0.3342772978104334200, -0.3779275673129344200 ) ) ;
#565 = VECTOR ( 'NONE', #3798, 1000.000000000000000 ) ;
#566 = DIRECTION ( 'NONE',  ( 0.9889363528682976200, 1.816646608650927900E-017, 0.1483404529302447300 ) ) ;
#567 = CARTESIAN_POINT ( 'NONE',  ( -4.738865741704243500, 1.987600994529448800, 2.793106854861110700 ) ) ;
#568 = AXIS2_PLACEMENT_3D ( 'NONE', #3633, #3636, #3646 ) ;
#569 = CARTESIAN_POINT ( 'NONE',  ( -5.503217593556096100, 2.793901491794175600, 1.396553427430554200 ) ) ;
#570 = FACE_OUTER_BOUND ( 'NONE', #683, .T. ) ;
#571 = CARTESIAN_POINT ( 'NONE',  ( -5.326828704667207100, -1.237600994529454400, 2.793106854861109300 ) ) ;
#572 = CARTESIAN_POINT ( 'NONE',  ( -3.577638890815894300, 0.3749999999999962300, 3.174999999999999400 ) ) ;
#573 = FACE_OUTER_BOUND ( 'NONE', #2911, .T. ) ;
#574 = VECTOR ( 'NONE', #2457, 1000.000000000000000 ) ;
#575 = PLANE ( 'NONE',  #3572 ) ;
#576 = PRESENTATION_STYLE_ASSIGNMENT (( #3177 ) ) ;
#577 = CARTESIAN_POINT ( 'NONE',  ( -7.678680556519058300, 3.600201989058900300, 6.639328379517623000E-016 ) ) ;
#578 = EDGE_CURVE ( 'NONE', #1837, #779, #528, .T. ) ;
#579 = CARTESIAN_POINT ( 'NONE',  ( -5.268032408370910200, -2.043901491794180000, 1.396553427430553800 ) ) ;
#580 = ORIENTED_EDGE ( 'NONE', *, *, #2741, .F. ) ;
#581 = AXIS2_PLACEMENT_3D ( 'NONE', #3399, #3385, #3371 ) ;
#582 = CIRCLE ( 'NONE', #2223, 0.3800000000000000000 ) ;
#583 = CARTESIAN_POINT ( 'NONE',  ( -9.677754630593131700, 2.793901491794175600, -1.396553427430555800 ) ) ;
#584 = CYLINDRICAL_SURFACE ( 'NONE', #532, 3.174999999999999800 ) ;
#585 = VERTEX_POINT ( 'NONE', #413 ) ;
#586 = PLANE ( 'NONE',  #1594 ) ;
#587 = DIRECTION ( 'NONE',  ( 0.0000000000000000000, 0.0000000000000000000, -1.000000000000000000 ) ) ;
#588 = CARTESIAN_POINT ( 'NONE',  ( -9.615652151980311800, 0.3749999999999991700, -3.104347848058588900 ) ) ;
#589 = VERTEX_POINT ( 'NONE', #405 ) ;
#590 = CARTESIAN_POINT ( 'NONE',  ( -5.209236112074614200, -2.850201989058905200, -1.926267905190632200E-015 ) ) ;
#591 = CARTESIAN_POINT ( 'NONE',  ( -9.544999999999999900, 0.3749999999999979500, -3.175000000038906500 ) ) ;
#592 = ORIENTED_EDGE ( 'NONE', *, *, #2250, .F. ) ;
#593 = CARTESIAN_POINT ( 'NONE',  ( -8.678217593556095000, -2.043901491794178700, -1.396553427430556400 ) ) ;
#594 = CARTESIAN_POINT ( 'NONE',  ( -5.150439815778319100, -2.043901491794178700, -1.396553427430556400 ) ) ;
#595 = CARTESIAN_POINT ( 'NONE',  ( -8.913402778741280800, 3.600201989058900300, 6.639328379517623000E-016 ) ) ;
#596 = EDGE_LOOP ( 'NONE', ( #3328, #3704, #2095, #722 ) ) ;
#597 = CARTESIAN_POINT ( 'NONE',  ( -4.690122764361510700, 3.078912072837675300, -0.8980132847297723800 ) ) ;
#598 = AXIS2_PLACEMENT_3D ( 'NONE', #1943, #1931, #1926 ) ;
#599 = EDGE_LOOP ( 'NONE', ( #1027, #2194, #1201, #2876 ) ) ;
#600 = CARTESIAN_POINT ( 'NONE',  ( -3.939999999943211200, 0.3749999999999979500, 0.5300000000065641100 ) ) ;
#601 = EDGE_CURVE ( 'NONE', #2665, #1344, #542, .T. ) ;
#602 = CARTESIAN_POINT ( 'NONE',  ( -5.091643519482021300, -1.237600994529452800, -2.793106854861112000 ) ) ;
#603 = CARTESIAN_POINT ( 'NONE',  ( -4.599999999999999600, 0.3749999999999978900, -2.750000000000000400 ) ) ;
#604 = EDGE_CURVE ( 'NONE', #55, #2467, #1894, .T. ) ;
#605 = CARTESIAN_POINT ( 'NONE',  ( -8.737013889852395500, -2.850201989058905200, -1.926267905190632200E-015 ) ) ;
#606 = CARTESIAN_POINT ( 'NONE',  ( -5.032847223185725300, 0.3749999999999991100, -2.793106854861111100 ) ) ;
#607 = CARTESIAN_POINT ( 'NONE',  ( -8.149050926889428200, 2.793901491794175600, 1.396553427430554200 ) ) ;
#608 = CYLINDRICAL_SURFACE ( 'NONE', #37, 2.750000000000000000 ) ;
#609 = DIRECTION ( 'NONE',  ( 0.0000000000000000000, -1.000000000000000000, -5.240210400946119300E-016 ) ) ;
#610 = AXIS2_PLACEMENT_3D ( 'NONE', #1560, #1600, #1437 ) ;
#611 = CARTESIAN_POINT ( 'NONE',  ( -4.974050926889429300, 1.987600994529450200, -2.793106854861111100 ) ) ;
#612 = CARTESIAN_POINT ( 'NONE',  ( -8.864988846821779200, 0.4185392681664587000, 0.2776990740247731700 ) ) ;
#613 = CARTESIAN_POINT ( 'NONE',  ( -8.560625000963503000, 0.3749999999999991100, -2.793106854861111100 ) ) ;
#614 = CARTESIAN_POINT ( 'NONE',  ( -7.384699075037576500, 1.987600994529448800, 2.793106854861110700 ) ) ;
#615 = FACE_OUTER_BOUND ( 'NONE', #2673, .T. ) ;
#616 = ORIENTED_EDGE ( 'NONE', *, *, #1888, .F. ) ;
#617 = CARTESIAN_POINT ( 'NONE',  ( -8.679982128498126700, 0.3379213087985418200, 0.2721246210541151700 ) ) ;
#618 = CARTESIAN_POINT ( 'NONE',  ( 2.060000000000000100, 6.505213034913026600E-016, -4.336808689942017700E-016 ) ) ;
#619 = LINE ( 'NONE', #664, #2989 ) ;
#620 = EDGE_CURVE ( 'NONE', #774, #2994, #2007, .T. ) ;
#621 = CARTESIAN_POINT ( 'NONE',  ( -4.915254630593133300, 2.793901491794175600, -1.396553427430555800 ) ) ;
#622 = ORIENTED_EDGE ( 'NONE', *, *, #2270, .T. ) ;
#623 = ORIENTED_EDGE ( 'NONE', *, *, #2465, .F. ) ;
#624 = DIRECTION ( 'NONE',  ( 0.0000000000000000000, 1.000000000000000000, 5.240210400945518800E-016 ) ) ;
#625 = CARTESIAN_POINT ( 'NONE',  ( -8.619421297259798100, -1.237600994529452800, -2.793106854861112000 ) ) ;
#626 = CARTESIAN_POINT ( 'NONE',  ( -4.856458334296837300, 3.600201989058900300, 6.639328379517623000E-016 ) ) ;
#627 = CARTESIAN_POINT ( 'NONE',  ( -6.620347223185725700, 0.3749999999999964500, 2.793106854861110200 ) ) ;
#628 = VERTEX_POINT ( 'NONE', #169 ) ;
#629 = DIRECTION ( 'NONE',  ( 0.0000000000000000000, -5.240210400945518800E-016, 1.000000000000000000 ) ) ;
#630 = ORIENTED_EDGE ( 'NONE', *, *, #3533, .F. ) ;
#631 = B_SPLINE_CURVE_WITH_KNOTS ( 'NONE', 3,
 ( #3067, #1322, #1630, #3676 ),
 .UNSPECIFIED., .F., .F.,
 ( 4, 4 ),
 ( 0.0000000000000000000, 0.0009453928979670534500 ),
 .UNSPECIFIED. ) ;
#632 = ORIENTED_EDGE ( 'NONE', *, *, #1315, .F. ) ;
#633 = CARTESIAN_POINT ( 'NONE',  ( -4.562476852815354500, 1.987600994529448800, 2.793106854861110700 ) ) ;
#634 = CARTESIAN_POINT ( 'NONE',  ( -4.797662038000540400, 2.793901491794175600, 1.396553427430554200 ) ) ;
#635 = EDGE_LOOP ( 'NONE', ( #1078, #965, #493 ) ) ;
#636 = CARTESIAN_POINT ( 'NONE',  ( -1.749999999999999800, 1.020000000000000900, -3.174999999999998900 ) ) ;
#637 = EDGE_LOOP ( 'NONE', ( #3508, #2894, #3289, #1972 ) ) ;
#638 = CARTESIAN_POINT ( 'NONE',  ( -4.738865741704243500, 1.987600994529448800, 2.793106854861110700 ) ) ;
#639 = CARTESIAN_POINT ( 'NONE',  ( -5.855995371333873900, -1.237600994529454400, 2.793106854861109300 ) ) ;
#640 = FACE_OUTER_BOUND ( 'NONE', #103, .T. ) ;
#641 = AXIS2_PLACEMENT_3D ( 'NONE', #1072, #1942, #2823 ) ;
#642 = CARTESIAN_POINT ( 'NONE',  ( -9.807841437121826500, -2.377937948667809800, 1.589409465725692700 ) ) ;
#643 = CARTESIAN_POINT ( 'NONE',  ( -11.27000000000000300, 0.3749999999999978900, 2.749999999999999600 ) ) ;
#644 = AXIS2_PLACEMENT_3D ( 'NONE', #3752, #3785, #3811 ) ;
#645 = CARTESIAN_POINT ( 'NONE',  ( -3.798125000963502800, 0.3749999999999964500, 2.793106854861110200 ) ) ;
#646 = DIRECTION ( 'NONE',  ( -0.0000000000000000000, 1.000000000000000000, 0.0000000000000000000 ) ) ;
#647 = CARTESIAN_POINT ( 'NONE',  ( -4.680069445407947400, 0.3749999999999964500, 2.793106854861110200 ) ) ;
#648 = CYLINDRICAL_SURFACE ( 'NONE', #3506, 3.174999999999999800 ) ;
#649 = DIRECTION ( 'NONE',  ( -0.0000000000000000000, -1.000000000000000000, -5.240210400945518800E-016 ) ) ;
#650 = CARTESIAN_POINT ( 'NONE',  ( -4.621273149111651400, -1.237600994529454400, 2.793106854861109300 ) ) ;
#651 = CARTESIAN_POINT ( 'NONE',  ( -5.091643519482021300, -2.043901491794180000, 1.396553427430553800 ) ) ;
#652 = FACE_OUTER_BOUND ( 'NONE', #464, .T. ) ;
#653 = CARTESIAN_POINT ( 'NONE',  ( 2.059999999999999600, 3.549999999999996300, 3.175000000000002000 ) ) ;
#654 = CARTESIAN_POINT ( 'NONE',  ( -9.043489585269973900, -3.295583931557077400, -2.132385635423935400E-015 ) ) ;
#655 = CARTESIAN_POINT ( 'NONE',  ( -1.749999999999999800, 0.3749999999999978900, -4.336808689942017700E-016 ) ) ;
#656 = DIRECTION ( 'NONE',  ( -1.000000000000000000, -0.0000000000000000000, 0.0000000000000000000 ) ) ;
#657 = VECTOR ( 'NONE', #566, 999.9999999999998900 ) ;
#658 = FACE_OUTER_BOUND ( 'NONE', #2070, .T. ) ;
#659 = CARTESIAN_POINT ( 'NONE',  ( -4.562476852815356300, -2.043901491794180000, 1.396553427430553800 ) ) ;
#660 = CARTESIAN_POINT ( 'NONE',  ( -11.27000000000000300, 0.3749999999999978900, -4.336808689942017700E-016 ) ) ;
#661 = COLOUR_RGB ( '',1.000000000000000000, 0.8117647058823529400, 0.5019607843137254800 ) ;
#662 = CARTESIAN_POINT ( 'NONE',  ( -4.503680556519058500, -2.850201989058905200, -1.926267905190632200E-015 ) ) ;
#663 = LINE ( 'NONE', #3113, #1389 ) ;
#664 = CARTESIAN_POINT ( 'NONE',  ( -11.27000000000000300, 0.3749999999999982800, 3.174999999999999400 ) ) ;
#665 = ORIENTED_EDGE ( 'NONE', *, *, #1284, .T. ) ;
#666 = EDGE_CURVE ( 'NONE', #1882, #1505, #1337, .T. ) ;
#667 = CIRCLE ( 'NONE', #2981, 2.750000000000000000 ) ;
#668 = CARTESIAN_POINT ( 'NONE',  ( -8.279137733418121300, -2.377937948667808500, -1.589409465725695600 ) ) ;
#669 = CARTESIAN_POINT ( 'NONE',  ( -8.584043927102392500, 0.3412715446149353600, -0.2691705515065217500 ) ) ;
#670 = CARTESIAN_POINT ( 'NONE',  ( -3.399999999999999900, -2.800000000000002500, -4.336808689942017700E-016 ) ) ;
#671 = EDGE_CURVE ( 'NONE', #2954, #1163, #1250, .T. ) ;
#672 = VERTEX_POINT ( 'NONE', #146 ) ;
#673 = CARTESIAN_POINT ( 'NONE',  ( -4.444884260222762500, -2.043901491794178700, -1.396553427430556400 ) ) ;
#674 =( BOUNDED_CURVE ( )  B_SPLINE_CURVE ( 2, ( #3470, #3453, #2822, #3477, #3484, #3490, #3495 ),
 .UNSPECIFIED., .F., .F. ) 
 B_SPLINE_CURVE_WITH_KNOTS ( ( 3, 2, 2, 3 ),
 ( -0.1134980218082946000, -0.1110637272980777400, -0.1077432562187257300, -0.1044227851393737000 ),
 .UNSPECIFIED. ) 
 CURVE ( )  GEOMETRIC_REPRESENTATION_ITEM ( )  RATIONAL_B_SPLINE_CURVE ( ( 0.9475740352545498600, 0.9017809171403161600, 1.000000000000000000, 0.8660254037844387100, 1.000000000000000000, 0.8660254037844363800, 1.000000000000002400 ) ) 
 REPRESENTATION_ITEM ( '' )  );
#675 = ORIENTED_EDGE ( 'NONE', *, *, #3451, .F. ) ;
#676 = ORIENTED_EDGE ( 'NONE', *, *, #3005, .F. ) ;
#677 = CARTESIAN_POINT ( 'NONE',  ( -4.386087963926465600, -1.237600994529452800, -2.793106854861112000 ) ) ;
#678 = ADVANCED_FACE ( 'NONE', ( #1917 ), #3406, .T. ) ;
#679 = ORIENTED_EDGE ( 'NONE', *, *, #3784, .T. ) ;
#680 = CARTESIAN_POINT ( 'NONE',  ( -4.680069445407947400, 0.3749999999999964500, 2.793106854861110200 ) ) ;
#681 = CARTESIAN_POINT ( 'NONE',  ( -7.514785881566268700, -1.460291965778539400, -3.178818931451389500 ) ) ;
#682 = DIRECTION ( 'NONE',  ( 0.0000000000000000000, -1.224646799147353000E-016, 1.000000000000000000 ) ) ;
#683 = EDGE_LOOP ( 'NONE', ( #2287, #2281, #766, #1687 ) ) ;
#684 = APPLICATION_PROTOCOL_DEFINITION ( 'draft international standard', 'automotive_design', 1998, #994 ) ;
#685 = DIRECTION ( 'NONE',  ( 0.0000000000000000000, 0.0000000000000000000, -1.000000000000000000 ) ) ;
#686 = CARTESIAN_POINT ( 'NONE',  ( -4.150902778741281600, 3.600201989058900300, 6.639328379517623000E-016 ) ) ;
#687 = EDGE_LOOP ( 'NONE', ( #12, #3374, #3, #1115 ) ) ;
#688 = CARTESIAN_POINT ( 'NONE',  ( -4.092106482444984600, 2.793901491794175600, 1.396553427430554200 ) ) ;
#689 = CARTESIAN_POINT ( 'NONE',  ( -9.787768594686994600, 2.437321504339558900, 2.090928445786518300 ) ) ;
#690 =( GEOMETRIC_REPRESENTATION_CONTEXT ( 3 ) GLOBAL_UNCERTAINTY_ASSIGNED_CONTEXT ( ( #1321 ) ) GLOBAL_UNIT_ASSIGNED_CONTEXT ( ( #1610, #3657, #1877 ) ) REPRESENTATION_CONTEXT ( 'NONE', 'WORKASPACE' ) );
#691 = EDGE_CURVE ( 'NONE', #2661, #1296, #349, .T. ) ;
#692 = CARTESIAN_POINT ( 'NONE',  ( -4.033310186148688600, 1.987600994529448800, 2.793106854861110700 ) ) ;
#693 = CARTESIAN_POINT ( 'NONE',  ( -6.750434029714417900, 0.3749999999999991700, -3.178818931451389100 ) ) ;
#694 = APPLICATION_CONTEXT ( 'automotive_design' ) ;
#695 = CARTESIAN_POINT ( 'NONE',  ( -1.749999999999999800, -2.799999999999999400, -2.365000000000001100 ) ) ;
#696 = CARTESIAN_POINT ( 'NONE',  ( -5.255538194434810100, 0.3749999999999991700, -3.178818931451389100 ) ) ;
#697 = ADVANCED_FACE ( 'NONE', ( #1154 ), #1057, .T. ) ;
#698 = CARTESIAN_POINT ( 'NONE',  ( -5.025001304034049100, 0.3749999999999979500, 3.175001304063245700 ) ) ;
#699 = CARTESIAN_POINT ( 'NONE',  ( -6.737939815778318600, -1.237600994529454400, 2.793106854861109300 ) ) ;
#700 = CARTESIAN_POINT ( 'NONE',  ( -3.974513889852392200, 0.3749999999999964500, 2.793106854861110200 ) ) ;
#701 = CYLINDRICAL_SURFACE ( 'NONE', #1191, 2.330000000000000100 ) ;
#702 = CARTESIAN_POINT ( 'NONE',  ( -3.915717593556095700, -1.237600994529454400, 2.793106854861109300 ) ) ;
#703 = CARTESIAN_POINT ( 'NONE',  ( -5.986082177862566100, 2.210291965778536000, -3.178818931451389500 ) ) ;
#704 = DIRECTION ( 'NONE',  ( 0.0000000000000000000, 1.000000000000000000, 1.224646799147353000E-016 ) ) ;
#705 = ORIENTED_EDGE ( 'NONE', *, *, #2576, .F. ) ;
#706 = FACE_OUTER_BOUND ( 'NONE', #377, .T. ) ;
#707 = CARTESIAN_POINT ( 'NONE',  ( -3.856921297259799300, -2.043901491794180000, 1.396553427430553800 ) ) ;
#708 = DIRECTION ( 'NONE',  ( 1.000000000000000000, 0.0000000000000000000, 0.0000000000000000000 ) ) ;
#709 = FACE_OUTER_BOUND ( 'NONE', #2381, .T. ) ;
#710 = CARTESIAN_POINT ( 'NONE',  ( -8.913402778741280800, 0.3749999999999964500, 2.793106854861110200 ) ) ;
#711 = ORIENTED_EDGE ( 'NONE', *, *, #2388, .F. ) ;
#712 = VERTEX_POINT ( 'NONE', #54 ) ;
#713 = ADVANCED_FACE ( 'NONE', ( #1835 ), #1755, .F. ) ;
#714 = CARTESIAN_POINT ( 'NONE',  ( -8.795810186148687000, -2.043901491794180000, 1.396553427430553800 ) ) ;
#715 = CARTESIAN_POINT ( 'NONE',  ( -3.832715975408086600, -2.375840138867065100, 0.8216188257046420600 ) ) ;
#716 = CARTESIAN_POINT ( 'NONE',  ( -5.221730326010715300, 3.127937948667804500, -1.589409465725694700 ) ) ;
#717 = ORIENTED_EDGE ( 'NONE', *, *, #1146, .F. ) ;
#718 = PLANE ( 'NONE',  #3182 ) ;
#719 = CARTESIAN_POINT ( 'NONE',  ( -3.399999999999999900, 0.3749999999999978900, -3.175000000000001200 ) ) ;
#720 = EDGE_CURVE ( 'NONE', #3514, #585, #2502, .T. ) ;
#721 = VECTOR ( 'NONE', #646, 1000.000000000000000 ) ;
#722 = ORIENTED_EDGE ( 'NONE', *, *, #3010, .F. ) ;
#723 = VERTEX_POINT ( 'NONE', #19 ) ;
#724 = CARTESIAN_POINT ( 'NONE',  ( -8.281342594519594900, -2.374630657015595900, -1.587500000000002100 ) ) ;
#725 = ORIENTED_EDGE ( 'NONE', *, *, #3010, .T. ) ;
#726 = CARTESIAN_POINT ( 'NONE',  ( -3.804811295379495900, -2.413588086649198800, 0.1588155712463167900 ) ) ;
#727 = CARTESIAN_POINT ( 'NONE',  ( -8.384236112074614100, 3.600201989058900300, 6.639328379517623000E-016 ) ) ;
#728 = VERTEX_POINT ( 'NONE', #10 ) ;
#729 = CARTESIAN_POINT ( 'NONE',  ( -8.854606482444983900, -1.237600994529454400, 2.793106854861109300 ) ) ;
#730 = CARTESIAN_POINT ( 'NONE',  ( -10.54500000000000000, 0.3749999999999962300, 3.174999999999999400 ) ) ;
#731 = CARTESIAN_POINT ( 'NONE',  ( -4.457378474158862700, 4.045583931557073000, 8.155070111572242000E-016 ) ) ;
#732 = STYLED_ITEM ( 'NONE', ( #2538 ), #2869 ) ;
#733 = ADVANCED_FACE ( 'NONE', ( #3501 ), #182, .F. ) ;
#734 = CARTESIAN_POINT ( 'NONE',  ( 2.060000000000000100, 0.3749999999999978900, -0.3800000000000004500 ) ) ;
#735 = CARTESIAN_POINT ( 'NONE',  ( -5.341527779704782700, 0.3749999999999991700, -3.175000000000000300 ) ) ;
#736 = DIRECTION ( 'NONE',  ( 1.000000000000000000, 0.0000000000000000000, 0.0000000000000000000 ) ) ;
#737 = CARTESIAN_POINT ( 'NONE',  ( -10.48620370370370500, -1.458087104677065600, 3.174999999999998500 ) ) ;
#738 = FACE_OUTER_BOUND ( 'NONE', #450, .T. ) ;
#739 = EDGE_CURVE ( 'NONE', #1438, #1347, #3312, .T. ) ;
#740 = EDGE_CURVE ( 'NONE', #1537, #2158, #3590, .T. ) ;
#741 = CARTESIAN_POINT ( 'NONE',  ( -10.42740740740740800, -2.374630657015595500, 1.587499999999998400 ) ) ;
#742 = CARTESIAN_POINT ( 'NONE',  ( -3.693026622307011000, 3.127937948667804900, 1.589409465725693000 ) ) ;
#743 = FACE_OUTER_BOUND ( 'NONE', #2346, .T. ) ;
#744 = CARTESIAN_POINT ( 'NONE',  ( -9.049999999999998900, 0.3249999999999980100, -0.2831187913226535500 ) ) ;
#745 =( BOUNDED_SURFACE ( )  B_SPLINE_SURFACE ( 1, 2, ( 
 ( #3157, #3001, #3595, #3170, #3187, #3203, #3214, #3222, #3241, #3250, #3260, #3274, #3288, #3298, #3405, #3418, #3431, #3454, #3472, #3485, #3496, #3509, #3521, #3534, #3542, #3557, #3565, #3579, #3681, #3696, #3710, #3721, #3735, #3751, #3820, #1022, #1005, #1047, #1079, #1106, #1122, #1133, #1144, #1156, #1172, #1184, #1196, #1213, #1224, #1236, #1247, #1327, #1350, #1362, #1379, #1398, #1411, #1420, #1432, #1445, #1456, #1472, #1483, #1502, #1512, #1522, #1539, #1552, #1633, #1645, #1666, #1683, #1696, #1730, #1739, #1751, #1764, #1784, #1805, #1814, #1825, #1897, #1906, #1921, #1936, #1946, #1959, #1973, #1988, #1997, #2009, #2021, #2033, #2043, #2055, #2069, #2079, #2090, #2110, #2172, #2185, #2199, #2208, #2222, #2236, #2253, #2263, #2273, #2285, #2299, #2310, #2325, #2342 ),
 ( #2352, #2358, #2373, #2384, #2476, #2491, #2501, #2531, #2555, #2575, #2587, #2598, #2611, #2626, #2639, #2654, #2668, #2678, #2687, #2785, #1062, #1094, #1793, #878, #2800, #729, #714, #605, #593, #625, #613, #769, #753, #810, #785, #835, #826, #865, #846, #903, #890, #928, #917, #424, #2770, #577, #3761, #2029, #2636, #3816, #3166, #1117, #3466, #253, #2920, #2584, #3233, #3286, #2765, #791, #2525, #699, #1680, #3664, #3057, #1705, #1016, #1374, #1881, #2458, #763, #2842, #1088, #3440, #1391, #3138, #2551, #509, #2874, #3731, #1614, #3427, #418, #2168, #3068, #2998, #128, #1180, #2931, #1479, #805, #3199, #3494, #2017, #2307, #567, #3828, #2623, #1771, #860, #2321, #3531, #274, #261, #556, #2607, #1747, #1166, #3805, #3505, #842, #1453, #1440 ) ),
 .UNSPECIFIED., .F., .F., .T. ) 
 B_SPLINE_SURFACE_WITH_KNOTS ( ( 2, 2 ),
 ( 3, 2, 2, 2, 2, 2, 2, 2, 2, 2, 2, 2, 2, 2, 2, 2, 2, 2, 2, 2, 2, 2, 2, 2, 2, 2, 2, 2, 2, 2, 2, 2, 2, 2, 2, 2, 2, 2, 2, 2, 2, 2, 2, 2, 2, 2, 2, 2, 2, 2, 2, 2, 2, 2, 2, 2, 3 ),
 ( 0.0000000000000000000, 1.000000000000000000 ),
 ( 0.0000000000000000000, 0.01666666666666666600, 0.03333333333333333300, 0.05000000000000000300, 0.06666666666666666600, 0.08333333333333332900, 0.1000000000000000100, 0.1166666666666666700, 0.1333333333333333300, 0.1499999999999999900, 0.1666666666666666600, 0.1833333333333333200, 0.2000000000000000100, 0.2166666666666666700, 0.2333333333333333400, 0.2500000000000000000, 0.2666666666666666600, 0.2833333333333333300, 0.2999999999999999900, 0.3166666666666666500, 0.3333333333333333100, 0.3499999999999999800, 0.3666666666666666400, 0.3833333333333333600, 0.4000000000000000200, 0.4166666666666666900, 0.4333333333333333500, 0.4500000000000000100, 0.4666666666666666700, 0.4833333333333333400, 0.5000000000000000000, 0.5166666666666667200, 0.5333333333333333300, 0.5500000000000000400, 0.5666666666666666500, 0.5833333333333333700, 0.5999999999999999800, 0.6166666666666667000, 0.6333333333333333000, 0.6500000000000000200, 0.6666666666666666300, 0.6833333333333333500, 0.6999999999999999600, 0.7166666666666666700, 0.7333333333333332800, 0.7500000000000000000, 0.7666666666666667200, 0.7833333333333333300, 0.8000000000000000400, 0.8166666666666666500, 0.8333333333333333700, 0.8499999999999999800, 0.8666666666666667000, 0.8833333333333333000, 0.9000000000000000200, 0.9166666666666666300, 0.9241151018535664900 ),
 .UNSPECIFIED. ) 
 GEOMETRIC_REPRESENTATION_ITEM ( )  RATIONAL_B_SPLINE_SURFACE ( (
 ( 1.000000000000000000, 0.8660254037844387100, 1.000000000000000000, 0.8660254037844387100, 1.000000000000000000, 0.8660254037844387100, 1.000000000000000000, 0.8660254037844387100, 1.000000000000000000, 0.8660254037844387100, 1.000000000000000000, 0.8660254037844387100, 1.000000000000000000, 0.8660254037844387100, 1.000000000000000000, 0.8660254037844387100, 1.000000000000000000, 0.8660254037844387100, 1.000000000000000000, 0.8660254037844387100, 1.000000000000000000, 0.8660254037844387100, 1.000000000000000000, 0.8660254037844387100, 1.000000000000000000, 0.8660254037844387100, 1.000000000000000000, 0.8660254037844387100, 1.000000000000000000, 0.8660254037844387100, 1.000000000000000000, 0.8660254037844387100, 1.000000000000000000, 0.8660254037844387100, 1.000000000000000000, 0.8660254037844387100, 1.000000000000000000, 0.8660254037844387100, 1.000000000000000000, 0.8660254037844387100, 1.000000000000000000, 0.8660254037844387100, 1.000000000000000000, 0.8660254037844387100, 1.000000000000000000, 0.8660254037844387100, 1.000000000000000000, 0.8660254037844387100, 1.000000000000000000, 0.8660254037844387100, 1.000000000000000000, 0.8660254037844387100, 1.000000000000000000, 0.8660254037844387100, 1.000000000000000000, 0.8660254037844387100, 1.000000000000000000, 0.8660254037844387100, 1.000000000000000000, 0.8660254037844387100, 1.000000000000000000, 0.8660254037844387100, 1.000000000000000000, 0.8660254037844387100, 1.000000000000000000, 0.8660254037844387100, 1.000000000000000000, 0.8660254037844387100, 1.000000000000000000, 0.8660254037844387100, 1.000000000000000000, 0.8660254037844387100, 1.000000000000000000, 0.8660254037844387100, 1.000000000000000000, 0.8660254037844387100, 1.000000000000000000, 0.8660254037844387100, 1.000000000000000000, 0.8660254037844387100, 1.000000000000000000, 0.8660254037844387100, 1.000000000000000000, 0.8660254037844387100, 1.000000000000000000, 0.8660254037844387100, 1.000000000000000000, 0.8660254037844387100, 1.000000000000000000, 0.8660254037844387100, 1.000000000000000000, 0.8660254037844387100, 1.000000000000000000, 0.8660254037844387100, 1.000000000000000000, 0.8660254037844387100, 1.000000000000000000, 0.8660254037844387100, 1.000000000000000000, 0.8660254037844387100, 1.000000000000000000, 0.8660254037844387100, 1.000000000000000000, 0.8660254037844387100, 1.000000000000000000, 0.8660254037844387100, 1.000000000000000000, 0.8660254037844387100, 1.000000000000000000, 0.8660254037844387100, 1.000000000000000000, 0.9401259342038388300, 0.9337680402227435100),
 ( 1.000000000000000000, 0.8660254037844387100, 1.000000000000000000, 0.8660254037844387100, 1.000000000000000000, 0.8660254037844387100, 1.000000000000000000, 0.8660254037844387100, 1.000000000000000000, 0.8660254037844387100, 1.000000000000000000, 0.8660254037844387100, 1.000000000000000000, 0.8660254037844387100, 1.000000000000000000, 0.8660254037844387100, 1.000000000000000000, 0.8660254037844387100, 1.000000000000000000, 0.8660254037844387100, 1.000000000000000000, 0.8660254037844387100, 1.000000000000000000, 0.8660254037844387100, 1.000000000000000000, 0.8660254037844387100, 1.000000000000000000, 0.8660254037844387100, 1.000000000000000000, 0.8660254037844387100, 1.000000000000000000, 0.8660254037844387100, 1.000000000000000000, 0.8660254037844387100, 1.000000000000000000, 0.8660254037844387100, 1.000000000000000000, 0.8660254037844387100, 1.000000000000000000, 0.8660254037844387100, 1.000000000000000000, 0.8660254037844387100, 1.000000000000000000, 0.8660254037844387100, 1.000000000000000000, 0.8660254037844387100, 1.000000000000000000, 0.8660254037844387100, 1.000000000000000000, 0.8660254037844387100, 1.000000000000000000, 0.8660254037844387100, 1.000000000000000000, 0.8660254037844387100, 1.000000000000000000, 0.8660254037844387100, 1.000000000000000000, 0.8660254037844387100, 1.000000000000000000, 0.8660254037844387100, 1.000000000000000000, 0.8660254037844387100, 1.000000000000000000, 0.8660254037844387100, 1.000000000000000000, 0.8660254037844387100, 1.000000000000000000, 0.8660254037844387100, 1.000000000000000000, 0.8660254037844387100, 1.000000000000000000, 0.8660254037844387100, 1.000000000000000000, 0.8660254037844387100, 1.000000000000000000, 0.8660254037844387100, 1.000000000000000000, 0.8660254037844387100, 1.000000000000000000, 0.8660254037844387100, 1.000000000000000000, 0.8660254037844387100, 1.000000000000000000, 0.8660254037844387100, 1.000000000000000000, 0.8660254037844387100, 1.000000000000000000, 0.8660254037844387100, 1.000000000000000000, 0.8660254037844387100, 1.000000000000000000, 0.8660254037844387100, 1.000000000000000000, 0.8660254037844387100, 1.000000000000000000, 0.8660254037844387100, 1.000000000000000000, 0.8660254037844387100, 1.000000000000000000, 0.8660254037844387100, 1.000000000000000000, 0.8660254037844387100, 1.000000000000000000, 0.8660254037844387100, 1.000000000000000000, 0.8660254037844387100, 1.000000000000000000, 0.8660254037844387100, 1.000000000000000000, 0.8660254037844387100, 1.000000000000000000, 0.9401259342038388300, 0.9337680402227435100) ) ) 
 REPRESENTATION_ITEM ( '' )  SURFACE ( )  );
#746 = CARTESIAN_POINT ( 'NONE',  ( -1.749999999999999800, 1.020000000000000700, -4.336808689942017700E-016 ) ) ;
#747 = FACE_OUTER_BOUND ( 'NONE', #1128, .T. ) ;
#748 = CARTESIAN_POINT ( 'NONE',  ( -7.502291667630169400, 0.3749999999999964500, 2.793106854861110200 ) ) ;
#749 = CARTESIAN_POINT ( 'NONE',  ( -10.36861111111111100, -3.291174209354125400, -2.130344865817665100E-015 ) ) ;
#750 = LINE ( 'NONE', #3446, #3823 ) ;
#751 = ADVANCED_FACE ( 'NONE', ( #854 ), #3726, .F. ) ;
#752 = AXIS2_PLACEMENT_3D ( 'NONE', #3077, #233, #2245 ) ;
#753 = CARTESIAN_POINT ( 'NONE',  ( -8.443032408370909200, 2.793901491794175600, -1.396553427430555800 ) ) ;
#754 = CYLINDRICAL_SURFACE ( 'NONE', #770, 2.330000000000000100 ) ;
#755 = CARTESIAN_POINT ( 'NONE',  ( -10.25101851851851900, -1.458087104677063400, -3.175000000000000300 ) ) ;
#756 = CARTESIAN_POINT ( 'NONE',  ( -9.574861113038116000, 0.3749999999999991700, -3.175000000000000300 ) ) ;
#757 = CARTESIAN_POINT ( 'NONE',  ( -7.561087963926464500, 1.987600994529448800, 2.793106854861110200 ) ) ;
#758 = VERTEX_POINT ( 'NONE', #3790 ) ;
#759 = LINE ( 'NONE', #2277, #1582 ) ;
#760 = CARTESIAN_POINT ( 'NONE',  ( -6.399861113038118000, 0.3749999999999962300, 3.174999999999999400 ) ) ;
#761 = CARTESIAN_POINT ( 'NONE',  ( -7.384699075037576500, -2.043901491794180000, 1.396553427430553800 ) ) ;
#762 = ORIENTED_EDGE ( 'NONE', *, *, #978, .T. ) ;
#763 = CARTESIAN_POINT ( 'NONE',  ( -6.208773149111651800, 2.793901491794175600, 1.396553427430554200 ) ) ;
#764 = CARTESIAN_POINT ( 'NONE',  ( -10.19222222222222200, 0.3749999999999991700, -3.175000000000000300 ) ) ;
#765 = EDGE_CURVE ( 'NONE', #2610, #3139, #3220, .T. ) ;
#766 = ORIENTED_EDGE ( 'NONE', *, *, #3732, .T. ) ;
#767 = ORIENTED_EDGE ( 'NONE', *, *, #3005, .T. ) ;
#768 = AXIS2_PLACEMENT_3D ( 'NONE', #2772, #2856, #2913 ) ;
#769 = CARTESIAN_POINT ( 'NONE',  ( -8.501828704667207900, 1.987600994529450200, -2.793106854861111100 ) ) ;
#770 = AXIS2_PLACEMENT_3D ( 'NONE', #3604, #3588, #3627 ) ;
#771 = CARTESIAN_POINT ( 'NONE',  ( -10.13342592592592500, 2.208087104677060300, -3.175000000000000300 ) ) ;
#772 = CARTESIAN_POINT ( 'NONE',  ( -8.810509261186265200, 2.208087104677060300, -3.175000000000000300 ) ) ;
#773 = CARTESIAN_POINT ( 'NONE',  ( -6.458657409334413100, 2.208087104677038500, 3.175000000000036200 ) ) ;
#774 = VERTEX_POINT ( 'NONE', #3571 ) ;
#775 = DIRECTION ( 'NONE',  ( -0.0000000000000000000, -0.0000000000000000000, 1.000000000000000000 ) ) ;
#776 = CARTESIAN_POINT ( 'NONE',  ( -7.208310186148688500, -1.237600994529452800, -2.793106854861112000 ) ) ;
#777 = ADVANCED_FACE ( 'NONE', ( #2323 ), #754, .F. ) ;
#778 = CARTESIAN_POINT ( 'NONE',  ( -6.723240740740749300, -1.458087104677071400, -3.175000000000013600 ) ) ;
#779 = VERTEX_POINT ( 'NONE', #3538 ) ;
#780 = CARTESIAN_POINT ( 'NONE',  ( -6.899629629629630200, -2.374630657015595500, 1.587499999999998400 ) ) ;
#781 = CARTESIAN_POINT ( 'NONE',  ( -6.517453705630709100, 3.124630657015590600, 1.587499999999998600 ) ) ;
#782 = CARTESIAN_POINT ( 'NONE',  ( -10.07462962962963000, 3.124630657015590200, -1.587500000000000400 ) ) ;
#783 = EDGE_LOOP ( 'NONE', ( #3645, #272, #920, #2341 ) ) ;
#784 = CARTESIAN_POINT ( 'NONE',  ( -7.443495371333873400, -1.237600994529454400, 2.793106854861109300 ) ) ;
#785 = CARTESIAN_POINT ( 'NONE',  ( -8.325439815778317200, 2.793901491794175600, 1.396553427430554200 ) ) ;
#786 = CARTESIAN_POINT ( 'NONE',  ( -10.01583333333333300, 4.041174209354120500, 8.140062767690513100E-016 ) ) ;
#787 = CARTESIAN_POINT ( 'NONE',  ( -8.046157409334414400, 3.124630657015590200, -1.587500000000000400 ) ) ;
#788 = CIRCLE ( 'NONE', #1466, 0.3800000000000000000 ) ;
#789 = CARTESIAN_POINT ( 'NONE',  ( -5.488518518518520600, -2.374630657015595500, 1.587499999999998400 ) ) ;
#790 = CARTESIAN_POINT ( 'NONE',  ( -6.576250001927006000, 4.041174209354120500, 8.140062767690512200E-016 ) ) ;
#791 = CARTESIAN_POINT ( 'NONE',  ( -6.855532408370912400, 1.987600994529448800, 2.793106854861110700 ) ) ;
#792 = AXIS2_PLACEMENT_3D ( 'NONE', #1597, #1585, #1571 ) ;
#793 = CARTESIAN_POINT ( 'NONE',  ( -9.957037037037036200, 3.124630657015590600, 1.587499999999998600 ) ) ;
#794 = EDGE_CURVE ( 'NONE', #3031, #2667, #952, .T. ) ;
#795 = EDGE_CURVE ( 'NONE', #2150, #3125, #1579, .T. ) ;
#796 = CARTESIAN_POINT ( 'NONE',  ( -9.898240740740741100, 2.208087104677059400, 3.174999999999999400 ) ) ;
#797 = CARTESIAN_POINT ( 'NONE',  ( -7.281805557482561800, 4.041174209354120500, 8.140062767690513100E-016 ) ) ;
#798 = CARTESIAN_POINT ( 'NONE',  ( -9.133888888888888500, 0.3749999999999962300, 3.174999999999998900 ) ) ;
#799 = CARTESIAN_POINT ( 'NONE',  ( -7.325902778741282300, -2.850201989058905200, -1.926267905190632200E-015 ) ) ;
#800 = FACE_OUTER_BOUND ( 'NONE', #3429, .T. ) ;
#801 = DIRECTION ( 'NONE',  ( 1.000000000000000000, -0.0000000000000000000, 0.0000000000000000000 ) ) ;
#802 = CARTESIAN_POINT ( 'NONE',  ( -9.839444444444446000, 0.3749999999999962300, 3.174999999999999400 ) ) ;
#803 = VERTEX_POINT ( 'NONE', #3465 ) ;
#804 = CIRCLE ( 'NONE', #1004, 0.3800000000000000000 ) ;
#805 = CARTESIAN_POINT ( 'NONE',  ( -5.032847223185725300, 0.3749999999999991100, -2.793106854861111100 ) ) ;
#806 = CARTESIAN_POINT ( 'NONE',  ( -9.780648148148149100, -1.458087104677065600, 3.174999999999998500 ) ) ;
#807 = ORIENTED_EDGE ( 'NONE', *, *, #351, .F. ) ;
#808 = FACE_OUTER_BOUND ( 'NONE', #1986, .T. ) ;
#809 = AXIS2_PLACEMENT_3D ( 'NONE', #1367, #1424, #1383 ) ;
#810 = CARTESIAN_POINT ( 'NONE',  ( -8.384236112074614100, 3.600201989058900300, 6.639328379517623000E-016 ) ) ;
#811 = CARTESIAN_POINT ( 'NONE',  ( -9.721851851851852200, -2.374630657015595500, 1.587499999999998400 ) ) ;
#812 = CARTESIAN_POINT ( 'NONE',  ( -6.517453705630709100, 3.124630657015590600, 1.587499999999998600 ) ) ;
#813 = ORIENTED_EDGE ( 'NONE', *, *, #414, .T. ) ;
#814 = CARTESIAN_POINT ( 'NONE',  ( 2.060000000000000100, -2.799999999999999800, 2.364999999999998400 ) ) ;
#815 = ORIENTED_EDGE ( 'NONE', *, *, #2572, .F. ) ;
#816 = CARTESIAN_POINT ( 'NONE',  ( -8.075555555555556700, 0.3749999999999991700, -3.175000000000000300 ) ) ;
#817 = CARTESIAN_POINT ( 'NONE',  ( -6.752638890815894100, 0.3749999999999991700, -3.175000000000000300 ) ) ;
#818 = LINE ( 'NONE', #744, #1217 ) ;
#819 = DIRECTION ( 'NONE',  ( 0.0000000000000000000, 0.0000000000000000000, -1.000000000000000000 ) ) ;
#820 = ORIENTED_EDGE ( 'NONE', *, *, #3335, .T. ) ;
#821 = VERTEX_POINT ( 'NONE', #3527 ) ;
#822 = CARTESIAN_POINT ( 'NONE',  ( -9.663055555555557100, -3.291174209354125400, -2.130344865817665100E-015 ) ) ;
#823 = EDGE_CURVE ( 'NONE', #2344, #723, #2230, .T. ) ;
#824 = CARTESIAN_POINT ( 'NONE',  ( -7.149513889852391600, 0.3749999999999991100, -2.793106854861111100 ) ) ;
#825 = VERTEX_POINT ( 'NONE', #3439 ) ;
#826 = CARTESIAN_POINT ( 'NONE',  ( -8.207847223185725100, 0.3749999999999964500, 2.793106854861110200 ) ) ;
#827 = CARTESIAN_POINT ( 'NONE',  ( -9.604259259259260200, -2.374630657015594200, -1.587500000000001200 ) ) ;
#828 = CARTESIAN_POINT ( 'NONE',  ( -5.753101853778856500, 2.208087104677059400, 3.174999999999999400 ) ) ;
#829 = EDGE_LOOP ( 'NONE', ( #676, #176, #2524, #2109 ) ) ;
#830 = CARTESIAN_POINT ( 'NONE',  ( -8.784332950119337000, 0.4157227021895624800, 0.3779275673129335900 ) ) ;
#831 = CARTESIAN_POINT ( 'NONE',  ( -6.635046298223302100, 3.124630657015590200, -1.587500000000000400 ) ) ;
#832 = CARTESIAN_POINT ( 'NONE',  ( 2.060000000000000100, 1.019999999999999100, -4.336808689942017700E-016 ) ) ;
#833 = CARTESIAN_POINT ( 'NONE',  ( -7.370000000000001900, 0.3749999999999991700, -3.175000000000000300 ) ) ;
#834 = CARTESIAN_POINT ( 'NONE',  ( -9.545462962962965000, -1.458087104677063400, -3.175000000000000300 ) ) ;
#835 = CARTESIAN_POINT ( 'NONE',  ( -8.266643519482023800, 1.987600994529448800, 2.793106854861110700 ) ) ;
#836 = VECTOR ( 'NONE', #120, 1000.000000000000000 ) ;
#837 = CARTESIAN_POINT ( 'NONE',  ( -9.310277777777777400, 4.041174209354120500, 8.140062767690513100E-016 ) ) ;
#838 = CARTESIAN_POINT ( 'NONE',  ( -4.988750001927005700, 0.3749999999999962300, 3.174999999999999400 ) ) ;
#839 = CARTESIAN_POINT ( 'NONE',  ( -6.914328704667207500, 2.793901491794175600, 1.396553427430554200 ) ) ;
#840 = CARTESIAN_POINT ( 'NONE',  ( -9.049999999999998900, 0.4249999999999976600, 0.3766961640367467700 ) ) ;
#841 = AXIS2_PLACEMENT_3D ( 'NONE', #477, #1387, #3438 ) ;
#842 = CARTESIAN_POINT ( 'NONE',  ( -3.856921297259799300, -2.043901491794180000, 1.396553427430553800 ) ) ;
#843 = VECTOR ( 'NONE', #3307, 1000.000000000000000 ) ;
#844 = AXIS2_PLACEMENT_3D ( 'NONE', #3614, #3665, #3667 ) ;
#845 = ORIENTED_EDGE ( 'NONE', *, *, #1989, .T. ) ;
#846 = CARTESIAN_POINT ( 'NONE',  ( -8.090254630593133100, -2.043901491794180000, 1.396553427430553800 ) ) ;
#847 = CARTESIAN_POINT ( 'NONE',  ( -9.251481481481482300, 3.124630657015590600, 1.587499999999998600 ) ) ;
#848 = CARTESIAN_POINT ( 'NONE',  ( -4.224398150075153100, -1.458087104677065600, 3.174999999999998500 ) ) ;
#849 = CONICAL_SURFACE ( 'NONE', #71, 0.2874999999971258300, 0.03490658503887259000 ) ;
#850 = VECTOR ( 'NONE', #2051, 1000.000000000000000 ) ;
#851 = DIRECTION ( 'NONE',  ( -0.0000000000000000000, 1.224646799147353000E-016, -1.000000000000000000 ) ) ;
#852 = CARTESIAN_POINT ( 'NONE',  ( -8.619421297259798100, -1.237600994529452800, -2.793106854861112000 ) ) ;
#853 = ORIENTED_EDGE ( 'NONE', *, *, #794, .F. ) ;
#854 = FACE_OUTER_BOUND ( 'NONE', #109, .T. ) ;
#855 = CARTESIAN_POINT ( 'NONE',  ( -8.517544988923225100, 0.3435937387065361400, -0.3788155637777563800 ) ) ;
#856 = CARTESIAN_POINT ( 'NONE',  ( -5.958888888888889600, 0.3749999999999991700, -3.175000000000000300 ) ) ;
#857 = CARTESIAN_POINT ( 'NONE',  ( -9.926892862836211900, 0.3749999999999979500, -2.793107137202694500 ) ) ;
#858 = ORIENTED_EDGE ( 'NONE', *, *, #2519, .T. ) ;
#859 = FACE_OUTER_BOUND ( 'NONE', #2385, .T. ) ;
#860 = CARTESIAN_POINT ( 'NONE',  ( -4.503680556519058500, -2.850201989058905200, -1.926267905190632200E-015 ) ) ;
#861 = CARTESIAN_POINT ( 'NONE',  ( -9.192685185185185400, 2.208087104677059400, 3.174999999999999400 ) ) ;
#862 = EDGE_LOOP ( 'NONE', ( #2512, #263, #234, #962 ) ) ;
#863 = ORIENTED_EDGE ( 'NONE', *, *, #1192, .T. ) ;
#864 = CARTESIAN_POINT ( 'NONE',  ( -6.796736112074614600, 0.3749999999999964500, 2.793106854861110200 ) ) ;
#865 = CARTESIAN_POINT ( 'NONE',  ( -8.149050926889431800, -1.237600994529454400, 2.793106854861109300 ) ) ;
#866 = CARTESIAN_POINT ( 'NONE',  ( -9.133888888888888500, 0.3749999999999962300, 3.174999999999999400 ) ) ;
#867 = CARTESIAN_POINT ( 'NONE',  ( -3.460046298223301300, -2.374630657015595500, 1.587499999999998400 ) ) ;
#868 = VERTEX_POINT ( 'NONE', #3434 ) ;
#869 = DIRECTION ( 'NONE',  ( 1.000000000000000000, 0.0000000000000000000, 0.0000000000000000000 ) ) ;
#870 = ORIENTED_EDGE ( 'NONE', *, *, #336, .T. ) ;
#871 = CARTESIAN_POINT ( 'NONE',  ( 2.060000000000000100, -3.252606517456513300E-016, 2.364999999999998400 ) ) ;
#872 = EDGE_CURVE ( 'NONE', #589, #1120, #2568, .T. ) ;
#873 =( BOUNDED_CURVE ( )  B_SPLINE_CURVE ( 2, ( #3743, #1689, #2244, #488, #2536, #778, #2851 ),
 .UNSPECIFIED., .F., .F. ) 
 B_SPLINE_CURVE_WITH_KNOTS ( ( 3, 2, 2, 3 ),
 ( 0.07126573422074299100, 0.07458108044893405100, 0.07789642667712509700, 0.08121177290531615700 ),
 .UNSPECIFIED. ) 
 CURVE ( )  GEOMETRIC_REPRESENTATION_ITEM ( )  RATIONAL_B_SPLINE_CURVE ( ( 0.9999999999999973400, 0.8660254037844413700, 1.000000000000000000, 0.8660254037844387100, 1.000000000000000000, 0.8660254037844387100, 1.000000000000000000 ) ) 
 REPRESENTATION_ITEM ( '' )  );
#874 = CARTESIAN_POINT ( 'NONE',  ( -9.075092592592593400, -1.458087104677065600, 3.174999999999998500 ) ) ;
#875 = ORIENTED_EDGE ( 'NONE', *, *, #1780, .T. ) ;
#876 = EDGE_CURVE ( 'NONE', #2615, #1632, #1229, .T. ) ;
#877 = CARTESIAN_POINT ( 'NONE',  ( -7.678680556519058300, 3.600201989058900300, 6.639328379517623000E-016 ) ) ;
#878 = CARTESIAN_POINT ( 'NONE',  ( -8.972199075037577700, 1.987600994529448800, 2.793106854861110700 ) ) ;
#879 = ORIENTED_EDGE ( 'NONE', *, *, #1494, .T. ) ;
#880 = CARTESIAN_POINT ( 'NONE',  ( -9.016296296296296500, -2.374630657015595500, 1.587499999999998400 ) ) ;
#881 = CARTESIAN_POINT ( 'NONE',  ( -9.560162038000543200, 2.793901491794175600, 1.396553427430554200 ) ) ;
#882 = CARTESIAN_POINT ( 'NONE',  ( -8.737013889852395500, -2.850201989058905200, -1.926267905190632200E-015 ) ) ;
#883 = CARTESIAN_POINT ( 'NONE',  ( -4.773420078137996300, 0.5993438427638703200, -2.923420078167195100 ) ) ;
#884 = CARTESIAN_POINT ( 'NONE',  ( -9.269999999958145100, 0.3749999999999982200, -2.239999999934755500 ) ) ;
#885 = LINE ( 'NONE', #2485, #2827 ) ;
#886 = DIRECTION ( 'NONE',  ( 1.000000000000000000, 0.0000000000000000000, 0.0000000000000000000 ) ) ;
#887 = AXIS2_PLACEMENT_3D ( 'NONE', #2775, #3009, #2708 ) ;
#888 = CARTESIAN_POINT ( 'NONE',  ( -8.957499999999999600, -3.291174209354125400, -2.130344865817665100E-015 ) ) ;
#889 = CARTESIAN_POINT ( 'NONE',  ( -7.737476852815356100, 2.793901491794175600, -1.396553427430555800 ) ) ;
#890 = CARTESIAN_POINT ( 'NONE',  ( -7.972662038000540200, -2.043901491794178700, -1.396553427430556400 ) ) ;
#891 = CARTESIAN_POINT ( 'NONE',  ( -8.898703703703704400, -2.374630657015594200, -1.587500000000001200 ) ) ;
#892 = CARTESIAN_POINT ( 'NONE',  ( -8.795810186148690600, 1.987600994529448800, 2.793106854861110700 ) ) ;
#893 = CARTESIAN_POINT ( 'NONE',  ( -8.795810186148687000, -2.043901491794180000, 1.396553427430553800 ) ) ;
#894 = CARTESIAN_POINT ( 'NONE',  ( -4.672756097850932400, 3.196958929198184600, -0.2348963286268154200 ) ) ;
#895 = DIRECTION ( 'NONE',  ( 0.7071067811865475700, 0.0000000000000000000, -0.7071067811865474600 ) ) ;
#896 = CIRCLE ( 'NONE', #3624, 0.3800000000000000000 ) ;
#897 = EDGE_CURVE ( 'NONE', #1059, #3031, #1481, .T. ) ;
#898 = CARTESIAN_POINT ( 'NONE',  ( -8.839907407407409300, -1.458087104677063400, -3.175000000000000300 ) ) ;
#899 = ORIENTED_EDGE ( 'NONE', *, *, #1815, .T. ) ;
#900 = VECTOR ( 'NONE', #1832, 1000.000000000000000 ) ;
#901 = CARTESIAN_POINT ( 'NONE',  ( -7.090717593556094700, 1.987600994529450200, -2.793106854861110700 ) ) ;
#902 = LINE ( 'NONE', #2350, #850 ) ;
#903 = CARTESIAN_POINT ( 'NONE',  ( -8.031458334296836200, -2.850201989058905200, -1.926267905190632200E-015 ) ) ;
#904 = CARTESIAN_POINT ( 'NONE',  ( -8.781111111111110600, 0.3749999999999991700, -3.175000000000000300 ) ) ;
#905 = CARTESIAN_POINT ( 'NONE',  ( -8.031458334296836200, 0.3749999999999964500, 2.793106854861110200 ) ) ;
#906 = LINE ( 'NONE', #3610, #2459 ) ;
#907 = CARTESIAN_POINT ( 'NONE',  ( -6.855532408370912400, 1.987600994529448800, 2.793106854861110200 ) ) ;
#908 = ORIENTED_EDGE ( 'NONE', *, *, #3807, .F. ) ;
#909 = ORIENTED_EDGE ( 'NONE', *, *, #2200, .F. ) ;
#910 = DIRECTION ( 'NONE',  ( 0.0000000000000000000, 0.0000000000000000000, 1.000000000000000000 ) ) ;
#911 = DIRECTION ( 'NONE',  ( 1.000000000000000000, 0.0000000000000000000, 0.0000000000000000000 ) ) ;
#912 = CARTESIAN_POINT ( 'NONE',  ( -9.544999992783687000, 0.3749999999999979500, -3.175000007255219400 ) ) ;
#913 = ORIENTED_EDGE ( 'NONE', *, *, #2324, .T. ) ;
#914 = CARTESIAN_POINT ( 'NONE',  ( -8.722314814814817300, 2.208087104677060300, -3.175000000000000300 ) ) ;
#915 = DIRECTION ( 'NONE',  ( 1.000000000000000000, 0.0000000000000000000, 0.0000000000000000000 ) ) ;
#916 = ORIENTED_EDGE ( 'NONE', *, *, #1396, .T. ) ;
#917 = CARTESIAN_POINT ( 'NONE',  ( -7.855069445407947300, 0.3749999999999991100, -2.793106854861111100 ) ) ;
#918 = CARTESIAN_POINT ( 'NONE',  ( -8.663518518518518600, 3.124630657015590200, -1.587500000000000400 ) ) ;
#919 = CARTESIAN_POINT ( 'NONE',  ( -7.267106482444984500, -1.237600994529454400, 2.793106854861109300 ) ) ;
#920 = ORIENTED_EDGE ( 'NONE', *, *, #2173, .T. ) ;
#921 = CARTESIAN_POINT ( 'NONE',  ( -7.031921297259799500, 2.793901491794175600, -1.396553427430555800 ) ) ;
#922 = CARTESIAN_POINT ( 'NONE',  ( -8.413319662453934800, 0.3472333673073720300, 0.2638216550549935000 ) ) ;
#923 =( BOUNDED_CURVE ( )  B_SPLINE_CURVE ( 2, ( #2937, #2884, #3167, #3218, #2503, #2612, #2684 ),
 .UNSPECIFIED., .F., .T. ) 
 B_SPLINE_CURVE_WITH_KNOTS ( ( 3, 2, 2, 3 ),
 ( 0.02153654182044569000, 0.02485177682440443600, 0.02816701182836318200, 0.03148224683232193200 ),
 .UNSPECIFIED. ) 
 CURVE ( )  GEOMETRIC_REPRESENTATION_ITEM ( )  RATIONAL_B_SPLINE_CURVE ( ( 0.9999999999999977800, 0.8660254037844409300, 1.000000000000000000, 0.8660254037844387100, 1.000000000000000000, 0.8660254037847809900, 0.9999999999996577200 ) ) 
 REPRESENTATION_ITEM ( '' )  );
#924 = CARTESIAN_POINT ( 'NONE',  ( -6.693842594519598100, 2.208087104677102900, -3.174999999999927400 ) ) ;
#925 = EDGE_LOOP ( 'NONE', ( #2462, #2290, #2903, #3540 ) ) ;
#926 = CARTESIAN_POINT ( 'NONE',  ( -8.046157409334416100, 3.124630657015589300, -1.587499999999999900 ) ) ;
#927 = EDGE_CURVE ( 'NONE', #361, #589, #663, .T. ) ;
#928 = CARTESIAN_POINT ( 'NONE',  ( -7.913865741704243300, -1.237600994529452800, -2.793106854861112000 ) ) ;
#929 = CARTESIAN_POINT ( 'NONE',  ( -8.604722222222223500, 4.041174209354120500, 8.140062767690513100E-016 ) ) ;
#930 = CARTESIAN_POINT ( 'NONE',  ( -6.502754630593132700, -2.043901491794180000, 1.396553427430553800 ) ) ;
#931 = CARTESIAN_POINT ( 'NONE',  ( -6.679143519482021700, -2.043901491794180000, 1.396553427430553800 ) ) ;
#932 = VECTOR ( 'NONE', #3267, 1000.000000000000000 ) ;
#933 = CARTESIAN_POINT ( 'NONE',  ( -9.866637733418123400, -1.460291965778541400, 3.178818931451387300 ) ) ;
#934 = CARTESIAN_POINT ( 'NONE',  ( -4.643112500440249600, -0.5479835127013589200, 2.636201656843796000 ) ) ;
#935 = CARTESIAN_POINT ( 'NONE',  ( -4.444884260222763400, -1.237600994529454400, 2.793106854861109300 ) ) ;
#936 = AXIS2_PLACEMENT_3D ( 'NONE', #70, #3602, #1829 ) ;
#937 = CARTESIAN_POINT ( 'NONE',  ( -8.545925925925924800, 3.124630657015590600, 1.587499999999998600 ) ) ;
#938 = CARTESIAN_POINT ( 'NONE',  ( -11.27000000000000300, 0.3749999999999982800, 3.174999999999999400 ) ) ;
#939 = CARTESIAN_POINT ( 'NONE',  ( -7.267106482444984500, -2.043901491794178700, -1.396553427430556400 ) ) ;
#940 = CARTESIAN_POINT ( 'NONE',  ( -8.487129629629633200, 2.208087104677059400, 3.174999999999999400 ) ) ;
#941 = CARTESIAN_POINT ( 'NONE',  ( -5.738402778741281000, -2.850201989058905200, -1.926267905190632200E-015 ) ) ;
#942 = SURFACE_STYLE_FILL_AREA ( #3054 ) ;
#943 = CARTESIAN_POINT ( 'NONE',  ( -6.973125000963502600, 3.600201989058900300, 6.639328379517623000E-016 ) ) ;
#944 = ORIENTED_EDGE ( 'NONE', *, *, #3550, .T. ) ;
#945 = EDGE_CURVE ( 'NONE', #304, #1347, #3273, .T. ) ;
#946 = LINE ( 'NONE', #2229, #2320 ) ;
#947 = CARTESIAN_POINT ( 'NONE',  ( -9.690248844529232700, -2.377937948667808500, -1.589409465725695600 ) ) ;
#948 = CARTESIAN_POINT ( 'NONE',  ( -4.658834912288524400, -0.4016807239145059900, 2.704087102651176400 ) ) ;
#949 = CARTESIAN_POINT ( 'NONE',  ( -3.680532408370910300, -2.043901491794180000, 1.396553427430553800 ) ) ;
#950 = DIRECTION ( 'NONE',  ( -1.827692996236246900E-017, 5.233827956363195900E-016, -1.000000000000000000 ) ) ;
#951 = ORIENTED_EDGE ( 'NONE', *, *, #872, .F. ) ;
#952 = LINE ( 'NONE', #3492, #1668 ) ;
#953 = EDGE_CURVE ( 'NONE', #237, #2991, #582, .T. ) ;
#954 = CARTESIAN_POINT ( 'NONE',  ( -8.428333333333334600, 0.3749999999999962300, 3.174999999999999400 ) ) ;
#955 = DIRECTION ( 'NONE',  ( 0.0000000000000000000, 1.000000000000000000, 5.240210400945518800E-016 ) ) ;
#956 = ORIENTED_EDGE ( 'NONE', *, *, #434, .T. ) ;
#957 = CIRCLE ( 'NONE', #2771, 2.749999999972257700 ) ;
#958 = CARTESIAN_POINT ( 'NONE',  ( -6.737939815778319500, -1.237600994529454400, 2.793106854861109300 ) ) ;
#959 = CARTESIAN_POINT ( 'NONE',  ( -8.369537037037039400, -1.458087104677065600, 3.174999999999998500 ) ) ;
#960 = CARTESIAN_POINT ( 'NONE',  ( -4.974050926889428400, -2.043901491794178700, -1.396553427430556400 ) ) ;
#961 = VERTEX_POINT ( 'NONE', #3094 ) ;
#962 = ORIENTED_EDGE ( 'NONE', *, *, #1956, .F. ) ;
#963 = CARTESIAN_POINT ( 'NONE',  ( -8.925896992677381900, -1.460291965778539400, -3.178818931451389500 ) ) ;
#964 = ORIENTED_EDGE ( 'NONE', *, *, #3577, .F. ) ;
#965 = ORIENTED_EDGE ( 'NONE', *, *, #2857, .T. ) ;
#966 = CARTESIAN_POINT ( 'NONE',  ( -4.674189498036485100, -0.2489744893173683700, 2.758988780351226300 ) ) ;
#967 = CARTESIAN_POINT ( 'NONE',  ( -1.749999999999999800, 9.463709442954127700E-016, -3.174999999999999800 ) ) ;
#968 = CARTESIAN_POINT ( 'NONE',  ( 2.060000000000000100, -3.252606517456513300E-016, 2.364999999999998400 ) ) ;
#969 = CARTESIAN_POINT ( 'NONE',  ( -8.310740740740744300, -2.374630657015595500, 1.587499999999998400 ) ) ;
#970 = ORIENTED_EDGE ( 'NONE', *, *, #1220, .F. ) ;
#971 = PLANE ( 'NONE',  #2096 ) ;
#972 = CARTESIAN_POINT ( 'NONE',  ( -8.678217593556095000, -2.043901491794178700, -1.396553427430556400 ) ) ;
#973 = VERTEX_POINT ( 'NONE', #3019 ) ;
#974 = CARTESIAN_POINT ( 'NONE',  ( -8.251944444444445600, -3.291174209354125400, -2.130344865817665100E-015 ) ) ;
#975 = CARTESIAN_POINT ( 'NONE',  ( -8.207847223185725100, 0.3749999999999964500, 2.793106854861110200 ) ) ;
#976 = ORIENTED_EDGE ( 'NONE', *, *, #2576, .T. ) ;
#977 = AXIS2_PLACEMENT_3D ( 'NONE', #317, #2365, #609 ) ;
#978 = EDGE_CURVE ( 'NONE', #3702, #1886, #2046, .T. ) ;
#979 = CARTESIAN_POINT ( 'NONE',  ( -8.161545140825529300, 0.3749999999999991700, -3.178818931451389100 ) ) ;
#980 = CARTESIAN_POINT ( 'NONE',  ( -4.703406927479928600, 0.06003779804397491000, 2.840430748625004700 ) ) ;
#981 = AXIS2_PLACEMENT_3D ( 'NONE', #2655, #2987, #3092 ) ;
#982 = CARTESIAN_POINT ( 'NONE',  ( -8.850713681704844400, 0.3319592315840421700, -0.2772358141832650900 ) ) ;
#983 = DIRECTION ( 'NONE',  ( 0.0000000000000000000, 0.0000000000000000000, -1.000000000000000000 ) ) ;
#984 = CARTESIAN_POINT ( 'NONE',  ( -8.193148148148148700, -2.374630657015594200, -1.587500000000001200 ) ) ;
#985 = ADVANCED_FACE ( 'NONE', ( #3638 ), #2737, .T. ) ;
#986 = CARTESIAN_POINT ( 'NONE',  ( -1.749999999999999800, -1.729999999999998900, -3.175000000000000700 ) ) ;
#987 = CYLINDRICAL_SURFACE ( 'NONE', #752, 3.174999999999999800 ) ;
#988 = CARTESIAN_POINT ( 'NONE',  ( -8.031458334296836200, -2.850201989058905200, -1.926267905190632200E-015 ) ) ;
#989 = CARTESIAN_POINT ( 'NONE',  ( -8.134351851851851800, -1.458087104677063400, -3.175000000000000300 ) ) ;
#990 = CARTESIAN_POINT ( 'NONE',  ( -8.266643519482023800, 1.987600994529448800, 2.793106854861110200 ) ) ;
#991 = CARTESIAN_POINT ( 'NONE',  ( -8.075555555555556700, 0.3749999999999991700, -3.175000000000000300 ) ) ;
#992 = CARTESIAN_POINT ( 'NONE',  ( -7.397193288973677600, 2.210291965778536000, -3.178818931451389500 ) ) ;
#993 = CARTESIAN_POINT ( 'NONE',  ( -4.019999999999999600, 0.3749999999999978900, -4.336808689942017700E-016 ) ) ;
#994 = APPLICATION_CONTEXT ( 'automotive_design' ) ;
#995 = DIRECTION ( 'NONE',  ( 1.000000000000000000, 0.0000000000000000000, 0.0000000000000000000 ) ) ;
#996 = CARTESIAN_POINT ( 'NONE',  ( -1.749999999999999800, -3.252606517456513300E-016, -4.336808689942017700E-016 ) ) ;
#997 = CARTESIAN_POINT ( 'NONE',  ( -8.149050926889431800, -1.237600994529454400, 2.793106854861109300 ) ) ;
#998 = VECTOR ( 'NONE', #3801, 1000.000000000000000 ) ;
#999 = CARTESIAN_POINT ( 'NONE',  ( -8.016759259259259800, 2.208087104677060300, -3.175000000000000300 ) ) ;
#1000 = ORIENTED_EDGE ( 'NONE', *, *, #3050, .F. ) ;
#1001 = CYLINDRICAL_SURFACE ( 'NONE', #124, 2.100000000000000100 ) ;
#1002 = ADVANCED_FACE ( 'NONE', ( #2141 ), #2706, .F. ) ;
#1003 = CARTESIAN_POINT ( 'NONE',  ( -7.913865741704244200, -1.237600994529452800, -2.793106854861112000 ) ) ;
#1004 = AXIS2_PLACEMENT_3D ( 'NONE', #1366, #1357, #1353 ) ;
#1005 = CARTESIAN_POINT ( 'NONE',  ( -8.031458334296836200, 0.3749999999999964500, 2.793106854861110200 ) ) ;
#1006 = EDGE_CURVE ( 'NONE', #3363, #3180, #132, .T. ) ;
#1007 = VECTOR ( 'NONE', #503, 1000.000000000000000 ) ;
#1008 = CARTESIAN_POINT ( 'NONE',  ( -7.957962962962963800, 3.124630657015590200, -1.587500000000000400 ) ) ;
#1009 = CARTESIAN_POINT ( 'NONE',  ( -6.632841437121824900, 3.127937948667804500, -1.589409465725694700 ) ) ;
#1010 = DIRECTION ( 'NONE',  ( 0.0000000000000000000, 0.0000000000000000000, -1.000000000000000000 ) ) ;
#1011 = CARTESIAN_POINT ( 'NONE',  ( 2.060000000000000100, 0.3749999999999978900, -4.336808689942017700E-016 ) ) ;
#1012 = EDGE_CURVE ( 'NONE', #1882, #2667, #491, .T. ) ;
#1013 = EDGE_LOOP ( 'NONE', ( #1020, #3081, #630, #1066 ) ) ;
#1014 = ORIENTED_EDGE ( 'NONE', *, *, #2718, .F. ) ;
#1015 = CARTESIAN_POINT ( 'NONE',  ( -5.490723379619995900, -2.377937948667809800, 1.589409465725692700 ) ) ;
#1016 = CARTESIAN_POINT ( 'NONE',  ( -6.443958334296837600, 0.3749999999999991100, -2.793106854861111100 ) ) ;
#1017 = CARTESIAN_POINT ( 'NONE',  ( -8.090254630593133100, -2.043901491794180000, 1.396553427430553800 ) ) ;
#1018 = ORIENTED_EDGE ( 'NONE', *, *, #3683, .T. ) ;
#1019 = CARTESIAN_POINT ( 'NONE',  ( -7.899166666666667800, 4.041174209354120500, 8.140062767690513100E-016 ) ) ;
#1020 = ORIENTED_EDGE ( 'NONE', *, *, #559, .T. ) ;
#1021 = CARTESIAN_POINT ( 'NONE',  ( -8.494981253607413400, 0.4056183182936234400, 0.2663643204133389100 ) ) ;
#1022 = CARTESIAN_POINT ( 'NONE',  ( -8.090254630593133100, 1.987600994529448800, 2.793106854861110700 ) ) ;
#1023 = CARTESIAN_POINT ( 'NONE',  ( -7.840370370370370900, 3.124630657015590600, 1.587499999999998600 ) ) ;
#1024 = CARTESIAN_POINT ( 'NONE',  ( -5.868489585269973200, 4.045583931557073000, 8.155070111572242000E-016 ) ) ;
#1025 = AXIS2_PLACEMENT_3D ( 'NONE', #1136, #1110, #1098 ) ;
#1026 = CARTESIAN_POINT ( 'NONE',  ( -4.730561283124511200, 0.3750000000001883500, 2.880561283153705500 ) ) ;
#1027 = ORIENTED_EDGE ( 'NONE', *, *, #1863, .F. ) ;
#1028 = DIRECTION ( 'NONE',  ( 0.0000000000000000000, 0.0000000000000000000, -1.000000000000000000 ) ) ;
#1029 = CARTESIAN_POINT ( 'NONE',  ( -9.050000000001615400, 0.4250000000000192000, 0.2831187913217324000 ) ) ;
#1030 = CARTESIAN_POINT ( 'NONE',  ( -7.781574074074074900, 2.208087104677059400, 3.174999999999999400 ) ) ;
#1031 = ADVANCED_FACE ( 'NONE', ( #397 ), #1872, .T. ) ;
#1032 = CARTESIAN_POINT ( 'NONE',  ( -6.664444444444445300, 0.3749999999999991700, -3.175000000000000300 ) ) ;
#1033 = ORIENTED_EDGE ( 'NONE', *, *, #3055, .T. ) ;
#1034 = CARTESIAN_POINT ( 'NONE',  ( -8.331659191565320200, 0.3999149862121346700, 0.2612426572678016000 ) ) ;
#1035 = CARTESIAN_POINT ( 'NONE',  ( -7.722777777777778000, 0.3749999999999962300, 3.174999999999999400 ) ) ;
#1036 = CARTESIAN_POINT ( 'NONE',  ( -8.413319662451163700, 0.4027666326925267700, 0.2638216550549075700 ) ) ;
#1037 = EDGE_CURVE ( 'NONE', #3098, #1059, #2651, .T. ) ;
#1038 = CARTESIAN_POINT ( 'NONE',  ( -7.663981481481481100, -1.458087104677065600, 3.174999999999998500 ) ) ;
#1039 = CARTESIAN_POINT ( 'NONE',  ( -5.104137733418122400, 3.127937948667804900, 1.589409465725693000 ) ) ;
#1040 = CARTESIAN_POINT ( 'NONE',  ( -4.717306469332655200, 0.2165395993377150200, 2.867306469361860600 ) ) ;
#1041 = DIRECTION ( 'NONE',  ( 1.000000000000000000, 0.0000000000000000000, 0.0000000000000000000 ) ) ;
#1042 = CIRCLE ( 'NONE', #2529, 2.089999999972408200 ) ;
#1043 = CARTESIAN_POINT ( 'NONE',  ( -8.163750001927004600, 0.3749999999999991700, -3.175000000000000300 ) ) ;
#1044 = CARTESIAN_POINT ( 'NONE',  ( -7.605185185185185000, -2.374630657015595500, 1.587499999999998400 ) ) ;
#1045 = ADVANCED_FACE ( 'NONE', ( #301 ), #2550, .T. ) ;
#1046 = CARTESIAN_POINT ( 'NONE',  ( -8.249999999980364200, 0.3970633844063425300, 0.2586239694860373900 ) ) ;
#1047 = CARTESIAN_POINT ( 'NONE',  ( -7.972662038000540200, -1.237600994529454400, 2.793106854861109300 ) ) ;
#1048 = CARTESIAN_POINT ( 'NONE',  ( -7.546388888888889900, -3.291174209354125400, -2.130344865817665100E-015 ) ) ;
#1049 = CARTESIAN_POINT ( 'NONE',  ( -4.339785881566268900, 2.210291965778535600, 3.178818931451388600 ) ) ;
#1050 = DIRECTION ( 'NONE',  ( 0.0000000000000000000, 0.0000000000000000000, -1.000000000000000000 ) ) ;
#1051 = CARTESIAN_POINT ( 'NONE',  ( -8.249999999999998200, 0.3749999999999978900, -4.336808689942017700E-016 ) ) ;
#1052 = VERTEX_POINT ( 'NONE', #2316 ) ;
#1053 = LINE ( 'NONE', #1658, #1753 ) ;
#1054 =( BOUNDED_CURVE ( )  B_SPLINE_CURVE ( 2, ( #1949, #1927, #1878, #1865, #1858, #1834, #1822 ),
 .UNSPECIFIED., .F., .F. ) 
 B_SPLINE_CURVE_WITH_KNOTS ( ( 3, 2, 2, 3 ),
 ( -0.004971187424094915600, -0.001656011827381134700, 0.001659163769332623600, 0.004974339366046402800 ),
 .UNSPECIFIED. ) 
 CURVE ( )  GEOMETRIC_REPRESENTATION_ITEM ( )  RATIONAL_B_SPLINE_CURVE ( ( 0.9999999999999731300, 0.8660254037844653500, 0.9999999999999998900, 0.8660254037844386000, 0.9999999999999998900, 0.8660254037844359300, 1.000000000000002400 ) ) 
 REPRESENTATION_ITEM ( '' )  );
#1055 = DIRECTION ( 'NONE',  ( -0.0000000000000000000, 5.240210400945518800E-016, -1.000000000000000000 ) ) ;
#1056 = DIRECTION ( 'NONE',  ( 1.000000000000000000, 0.0000000000000000000, 0.0000000000000000000 ) ) ;
#1057 = CYLINDRICAL_SURFACE ( 'NONE', #3632, 2.750000000000000000 ) ;
#1058 = CARTESIAN_POINT ( 'NONE',  ( -7.487592592592593000, -2.374630657015594200, -1.587500000000001200 ) ) ;
#1059 = VERTEX_POINT ( 'NONE', #2304 ) ;
#1060 = ORIENTED_EDGE ( 'NONE', *, *, #1914, .F. ) ;
#1061 = CARTESIAN_POINT ( 'NONE',  ( -4.662756942853433500, -0.09982852825482217700, 2.793106854861110700 ) ) ;
#1062 = CARTESIAN_POINT ( 'NONE',  ( -9.148587963926466700, 2.793901491794175600, -1.396553427430555800 ) ) ;
#1063 = CARTESIAN_POINT ( 'NONE',  ( -7.428796296296296100, -1.458087104677063400, -3.175000000000000300 ) ) ;
#1064 = CARTESIAN_POINT ( 'NONE',  ( -3.575434029714418000, 0.3749999999999962300, 3.178818931451388200 ) ) ;
#1065 = ORIENTED_EDGE ( 'NONE', *, *, #2254, .F. ) ;
#1066 = ORIENTED_EDGE ( 'NONE', *, *, #3456, .F. ) ;
#1067 = CARTESIAN_POINT ( 'NONE',  ( 3.726959551036518500, 0.3749999999999979500, 0.3799999999999995600 ) ) ;
#1068 = CARTESIAN_POINT ( 'NONE',  ( -4.738865741704244300, 1.987600994529448800, 2.793106854861110200 ) ) ;
#1069 = VERTEX_POINT ( 'NONE', #2333 ) ;
#1070 = ADVANCED_FACE ( 'NONE', ( #3359 ), #1001, .T. ) ;
#1071 = ORIENTED_EDGE ( 'NONE', *, *, #359, .T. ) ;
#1072 = CARTESIAN_POINT ( 'NONE',  ( -11.27000000000000300, 0.3749999999999978900, -4.336808689942017700E-016 ) ) ;
#1073 = CARTESIAN_POINT ( 'NONE',  ( 2.060000000000000100, 0.3749999999999978900, -4.336808689942017700E-016 ) ) ;
#1074 = CARTESIAN_POINT ( 'NONE',  ( -4.643112500440249600, -0.5479835127013589200, 2.636201656843796000 ) ) ;
#1075 = VERTEX_POINT ( 'NONE', #2226 ) ;
#1076 = CARTESIAN_POINT ( 'NONE',  ( -7.370000000000001900, 0.3749999999999991700, -3.175000000000000300 ) ) ;
#1077 = CARTESIAN_POINT ( 'NONE',  ( -4.856458334296837300, 3.600201989058900300, 6.639328379517623000E-016 ) ) ;
#1078 = ORIENTED_EDGE ( 'NONE', *, *, #2541, .F. ) ;
#1079 = CARTESIAN_POINT ( 'NONE',  ( -7.913865741704244200, -2.043901491794180000, 1.396553427430553800 ) ) ;
#1080 = CARTESIAN_POINT ( 'NONE',  ( -7.311203703703705000, 2.208087104677060300, -3.175000000000000300 ) ) ;
#1081 = CARTESIAN_POINT ( 'NONE',  ( -9.457268520445524000, 3.124630657015590200, -1.587500000000000400 ) ) ;
#1082 = CARTESIAN_POINT ( 'NONE',  ( -8.428333333333334600, 0.3749999999999962300, 3.174999999999998900 ) ) ;
#1083 = EDGE_LOOP ( 'NONE', ( #2595, #1439, #1255, #2949 ) ) ;
#1084 = CARTESIAN_POINT ( 'NONE',  ( -4.797662038000540400, 2.793901491794175600, 1.396553427430554200 ) ) ;
#1085 = PLANE ( 'NONE',  #2171 ) ;
#1086 = AXIS2_PLACEMENT_3D ( 'NONE', #1849, #87, #2132 ) ;
#1087 = CARTESIAN_POINT ( 'NONE',  ( -4.974050926889428400, 1.987600994529450200, -2.793106854861110700 ) ) ;
#1088 = CARTESIAN_POINT ( 'NONE',  ( -6.091180556519058900, 0.3749999999999964500, 2.793106854861110200 ) ) ;
#1089 = CARTESIAN_POINT ( 'NONE',  ( -7.252407407407408100, 3.124630657015590200, -1.587500000000000400 ) ) ;
#1090 = FACE_BOUND ( 'NONE', #3611, .T. ) ;
#1091 = EDGE_CURVE ( 'NONE', #2755, #3225, #3449, .T. ) ;
#1092 = ADVANCED_FACE ( 'NONE', ( #1792 ), #2211, .F. ) ;
#1093 = CARTESIAN_POINT ( 'NONE',  ( -5.091643519482021300, -1.237600994529452800, -2.793106854861112000 ) ) ;
#1094 = CARTESIAN_POINT ( 'NONE',  ( -9.089791667630168000, 3.600201989058900300, 6.639328379517623000E-016 ) ) ;
#1095 = EDGE_CURVE ( 'NONE', #821, #3755, #225, .T. ) ;
#1096 = CARTESIAN_POINT ( 'NONE',  ( -7.134814814814816100, 3.124630657015590600, 1.587499999999998600 ) ) ;
#1097 = CARTESIAN_POINT ( 'NONE',  ( -8.692916668593671400, 4.041174209354120500, 8.140062767690513100E-016 ) ) ;
#1098 = DIRECTION ( 'NONE',  ( 0.0000000000000000000, -1.000000000000000000, -5.240210400859924400E-016 ) ) ;
#1099 = CARTESIAN_POINT ( 'NONE',  ( -5.032847223185725300, 0.3749999999999991100, -2.793106854861111100 ) ) ;
#1100 = CARTESIAN_POINT ( 'NONE',  ( -6.431464120360736600, 3.127937948667804900, 1.589409465725693000 ) ) ;
#1101 = CARTESIAN_POINT ( 'NONE',  ( -7.076018518518519200, 2.208087104677059400, 3.174999999999999400 ) ) ;
#1102 = ORIENTED_EDGE ( 'NONE', *, *, #739, .F. ) ;
#1103 = LINE ( 'NONE', #1150, #998 ) ;
#1104 = AXIS2_PLACEMENT_3D ( 'NONE', #2544, #2534, #2522 ) ;
#1105 = CARTESIAN_POINT ( 'NONE',  ( -5.209236112074614200, -2.850201989058905200, -1.926267905190632200E-015 ) ) ;
#1106 = CARTESIAN_POINT ( 'NONE',  ( -7.855069445407948200, -2.850201989058905200, -1.926267905190632200E-015 ) ) ;
#1107 = LINE ( 'NONE', #1911, #1714 ) ;
#1108 = CARTESIAN_POINT ( 'NONE',  ( -9.971736112074616200, 0.3749999999999991100, -2.793106854861111100 ) ) ;
#1109 = CARTESIAN_POINT ( 'NONE',  ( -7.928564816741818800, 3.124630657015590600, 1.587499999999998600 ) ) ;
#1110 = DIRECTION ( 'NONE',  ( 1.000000000000000000, 0.0000000000000000000, 0.0000000000000000000 ) ) ;
#1111 = CARTESIAN_POINT ( 'NONE',  ( -5.150439815778319100, -2.043901491794178700, -1.396553427430556400 ) ) ;
#1112 = CLOSED_SHELL ( 'NONE', ( #102, #3112, #2488, #438, #2469, #2768, #422, #159, #678, #3423, #3366, #1957, #3066, #1902, #399, #2858, #1306, #1045, #697, #3639, #713, #3131, #2509, #1701, #1629, #200, #2747, #1410, #3742, #2446, #2814, #1283, #2184, #777, #1002, #2144, #495, #3047, #2205, #1386, #457, #1326, #180, #3390, #2218, #1681, #3404, #2528, #1092, #1361, #3088, #751, #1868, #1342, #1920, #1657, #2724, #3678 ) ) ;
#1113 = DIRECTION ( 'NONE',  ( 0.0000000000000000000, 0.0000000000000000000, -1.000000000000000000 ) ) ;
#1114 = CARTESIAN_POINT ( 'NONE',  ( -4.209699075037577600, 2.793901491794175600, -1.396553427430555800 ) ) ;
#1115 = ORIENTED_EDGE ( 'NONE', *, *, #3784, .F. ) ;
#1116 = ORIENTED_EDGE ( 'NONE', *, *, #1718, .F. ) ;
#1117 = CARTESIAN_POINT ( 'NONE',  ( -7.325902778741282300, -2.850201989058905200, -1.926267905190632200E-015 ) ) ;
#1118 = CARTESIAN_POINT ( 'NONE',  ( -7.017222222222223100, 0.3749999999999962300, 3.174999999999999400 ) ) ;
#1119 = EDGE_CURVE ( 'NONE', #3698, #2094, #1202, .T. ) ;
#1120 = VERTEX_POINT ( 'NONE', #2026 ) ;
#1121 = CARTESIAN_POINT ( 'NONE',  ( -4.915254630593133300, 2.793901491794175600, -1.396553427430555800 ) ) ;
#1122 = CARTESIAN_POINT ( 'NONE',  ( -7.796273149111651300, -2.043901491794178700, -1.396553427430556400 ) ) ;
#1123 = CARTESIAN_POINT ( 'NONE',  ( -9.912939815778319300, 1.987600994529450200, -2.793106854861111100 ) ) ;
#1124 = CARTESIAN_POINT ( 'NONE',  ( -7.164212964889967900, 2.208087104677059400, 3.174999999999999400 ) ) ;
#1125 = ORIENTED_EDGE ( 'NONE', *, *, #2885, .T. ) ;
#1126 = CARTESIAN_POINT ( 'NONE',  ( -5.326828704667207100, -1.237600994529454400, 2.793106854861109300 ) ) ;
#1127 = SURFACE_SIDE_STYLE ('',( #1385 ) ) ;
#1128 = EDGE_LOOP ( 'NONE', ( #3599, #86, #1356, #1301, #1662, #3244, #1261, #2699, #236, #1307 ) ) ;
#1129 = CARTESIAN_POINT ( 'NONE',  ( -8.900908564805179800, -2.377937948667808500, -1.589409465725695600 ) ) ;
#1130 = CARTESIAN_POINT ( 'NONE',  ( -9.854143519482020600, 2.793901491794175600, -1.396553427430555800 ) ) ;
#1131 = ORIENTED_EDGE ( 'NONE', *, *, #1823, .T. ) ;
#1132 = CARTESIAN_POINT ( 'NONE',  ( -5.268032408370910200, -2.043901491794180000, 1.396553427430553800 ) ) ;
#1133 = CARTESIAN_POINT ( 'NONE',  ( -7.737476852815357900, -1.237600994529452800, -2.793106854861112000 ) ) ;
#1134 = CARTESIAN_POINT ( 'NONE',  ( -6.958425925925926200, -1.458087104677065600, 3.174999999999998500 ) ) ;
#1135 = CARTESIAN_POINT ( 'NONE',  ( -6.399861113038118000, 0.3749999999999962300, 3.174999999999999400 ) ) ;
#1136 = CARTESIAN_POINT ( 'NONE',  ( -4.939999999976407700, 0.3749999999999978900, -4.336808689942017700E-016 ) ) ;
#1137 = CARTESIAN_POINT ( 'NONE',  ( -5.444421297259799200, 1.987600994529448800, 2.793106854861110200 ) ) ;
#1138 = DIRECTION ( 'NONE',  ( 0.0000000000000000000, 0.0000000000000000000, 1.000000000000000000 ) ) ;
#1139 = CARTESIAN_POINT ( 'NONE',  ( 2.060000000000000100, 0.3749999999999978900, 2.364999999999998400 ) ) ;
#1140 = FACE_BOUND ( 'NONE', #2420, .T. ) ;
#1141 = AXIS2_PLACEMENT_3D ( 'NONE', #174, #163, #151 ) ;
#1142 = AXIS2_PLACEMENT_3D ( 'NONE', #2424, #2484, #2482 ) ;
#1143 = CARTESIAN_POINT ( 'NONE',  ( -5.385625000963503200, 0.3749999999999964500, 2.793106854861110200 ) ) ;
#1144 = CARTESIAN_POINT ( 'NONE',  ( -7.678680556519058300, 0.3749999999999991100, -2.793106854861111100 ) ) ;
#1145 = FACE_OUTER_BOUND ( 'NONE', #783, .T. ) ;
#1146 = EDGE_CURVE ( 'NONE', #2907, #3365, #1107, .T. ) ;
#1147 = CARTESIAN_POINT ( 'NONE',  ( -6.782037037037039100, -2.374630657015594200, -1.587500000000001200 ) ) ;
#1148 = CARTESIAN_POINT ( 'NONE',  ( -5.635509261186264500, -1.458087104677065600, 3.174999999999998500 ) ) ;
#1149 = CARTESIAN_POINT ( 'NONE',  ( -5.562013889852392100, 3.600201989058900300, 6.639328379517623000E-016 ) ) ;
#1150 = CARTESIAN_POINT ( 'NONE',  ( 2.060000000000000100, 1.019999999999999100, 2.364999999999998900 ) ) ;
#1151 = SURFACE_STYLE_FILL_AREA ( #489 ) ;
#1152 = VECTOR ( 'NONE', #3689, 1000.000000000000000 ) ;
#1153 = CARTESIAN_POINT ( 'NONE',  ( -9.736550926889428600, 2.793901491794175600, 1.396553427430554200 ) ) ;
#1154 = FACE_OUTER_BOUND ( 'NONE', #637, .T. ) ;
#1155 = CARTESIAN_POINT ( 'NONE',  ( -5.503217593556096100, 2.793901491794175600, 1.396553427430554200 ) ) ;
#1156 = CARTESIAN_POINT ( 'NONE',  ( -7.619884260222761400, 1.987600994529450200, -2.793106854861111100 ) ) ;
#1157 = CARTESIAN_POINT ( 'NONE',  ( -6.723240740740742200, -1.458087104677063400, -3.175000000000000300 ) ) ;
#1158 = CARTESIAN_POINT ( 'NONE',  ( -4.871157409334412800, -2.374630657015595500, 1.587499999999998400 ) ) ;
#1159 = EDGE_LOOP ( 'NONE', ( #3608, #3547, #3460, #3556 ) ) ;
#1160 = ORIENTED_EDGE ( 'NONE', *, *, #3212, .F. ) ;
#1161 = CARTESIAN_POINT ( 'NONE',  ( -5.679606482444984100, 1.987600994529450200, -2.793106854861110700 ) ) ;
#1162 = ORIENTED_EDGE ( 'NONE', *, *, #3601, .F. ) ;
#1163 = VERTEX_POINT ( 'NONE', #1891 ) ;
#1164 = CARTESIAN_POINT ( 'NONE',  ( -1.749999999999999800, 1.020000000000000700, -2.364999999999998900 ) ) ;
#1165 = EDGE_CURVE ( 'NONE', #3514, #1256, #131, .T. ) ;
#1166 = CARTESIAN_POINT ( 'NONE',  ( -4.033310186148688600, 1.987600994529448800, 2.793106854861110700 ) ) ;
#1167 = ORIENTED_EDGE ( 'NONE', *, *, #1595, .F. ) ;
#1168 = CARTESIAN_POINT ( 'NONE',  ( -6.664444444444445300, 0.3749999999999991700, -3.175000000000000300 ) ) ;
#1169 = EDGE_CURVE ( 'NONE', #973, #1388, #3265, .T. ) ;
#1170 = CARTESIAN_POINT ( 'NONE',  ( -5.620810186148689000, 2.793901491794175600, -1.396553427430555800 ) ) ;
#1171 = ORIENTED_EDGE ( 'NONE', *, *, #2035, .F. ) ;
#1172 = CARTESIAN_POINT ( 'NONE',  ( -7.561087963926465400, 2.793901491794175600, -1.396553427430555800 ) ) ;
#1173 = CARTESIAN_POINT ( 'NONE',  ( -6.605648148148149300, 2.208087104677060300, -3.175000000000000300 ) ) ;
#1174 = CARTESIAN_POINT ( 'NONE',  ( -4.106805557482561900, -3.291174209354125400, -2.130344865817665100E-015 ) ) ;
#1175 = VERTEX_POINT ( 'NONE', #1810 ) ;
#1176 = CARTESIAN_POINT ( 'NONE',  ( -7.972662038000540200, -2.043901491794178700, -1.396553427430556400 ) ) ;
#1177 = DIRECTION ( 'NONE',  ( 0.0000000000000000000, 0.0000000000000000000, 1.000000000000000000 ) ) ;
#1178 = EDGE_LOOP ( 'NONE', ( #2248, #2143, #1797, #3095 ) ) ;
#1179 = PLANE ( 'NONE',  #1812 ) ;
#1180 = CARTESIAN_POINT ( 'NONE',  ( -5.209236112074614200, -2.850201989058905200, -1.926267905190632200E-015 ) ) ;
#1181 =( BOUNDED_CURVE ( )  B_SPLINE_CURVE ( 2, ( #3481, #235, #1406, #3769, #3152, #212, #2246 ),
 .UNSPECIFIED., .F., .F. ) 
 B_SPLINE_CURVE_WITH_KNOTS ( ( 3, 2, 2, 3 ),
 ( -0.05469782040375281700, -0.05138275602554694800, -0.04806769164734106500, -0.04475262726913519600 ),
 .UNSPECIFIED. ) 
 CURVE ( )  GEOMETRIC_REPRESENTATION_ITEM ( )  RATIONAL_B_SPLINE_CURVE ( ( 0.9999999999999976700, 0.8660254037844409300, 0.9999999999999998900, 0.8660254037844387100, 0.9999999999999998900, 0.8660254037844364900, 1.000000000000002000 ) ) 
 REPRESENTATION_ITEM ( '' )  );
#1182 = CARTESIAN_POINT ( 'NONE',  ( -6.546851851851852400, 3.124630657015590200, -1.587500000000000400 ) ) ;
#1183 = CARTESIAN_POINT ( 'NONE',  ( -5.855995371333873900, -2.043901491794178700, -1.396553427430556400 ) ) ;
#1184 = CARTESIAN_POINT ( 'NONE',  ( -7.502291667630170300, 3.600201989058900300, 6.639328379517623000E-016 ) ) ;
#1185 = CYLINDRICAL_SURFACE ( 'NONE', #2908, 0.3800000000000000000 ) ;
#1186 = CARTESIAN_POINT ( 'NONE',  ( -6.488055555555555500, 4.041174209354120500, 8.140062767690513100E-016 ) ) ;
#1187 = CARTESIAN_POINT ( 'NONE',  ( -3.407936414981220800, -2.794863211695654700, 0.1805331524638081300 ) ) ;
#1188 = CARTESIAN_POINT ( 'NONE',  ( -5.797199075037577900, -1.237600994529452800, -2.793106854861112000 ) ) ;
#1189 = CARTESIAN_POINT ( 'NONE',  ( -3.399999999999999900, -2.799999999999998900, -3.175000000000001200 ) ) ;
#1190 = DIRECTION ( 'NONE',  ( -1.000000000000000000, 0.0000000000000000000, -0.0000000000000000000 ) ) ;
#1191 = AXIS2_PLACEMENT_3D ( 'NONE', #1777, #3826, #3537 ) ;
#1192 = EDGE_CURVE ( 'NONE', #2020, #1052, #2985, .T. ) ;
#1193 = CARTESIAN_POINT ( 'NONE',  ( -6.429259259259260300, 3.124630657015590600, 1.587499999999998600 ) ) ;
#1194 = LINE ( 'NONE', #155, #1830 ) ;
#1195 = CARTESIAN_POINT ( 'NONE',  ( -5.973587963926466000, -2.043901491794180000, 1.396553427430553800 ) ) ;
#1196 = CARTESIAN_POINT ( 'NONE',  ( -7.443495371333874300, 2.793901491794175600, 1.396553427430554200 ) ) ;
#1197 = EDGE_CURVE ( 'NONE', #1216, #2198, #2454, .T. ) ;
#1198 = CARTESIAN_POINT ( 'NONE',  ( -6.370462962962965200, 2.208087104677059400, 3.174999999999999400 ) ) ;
#1199 = CARTESIAN_POINT ( 'NONE',  ( -9.442569445407947600, 0.3749999999999964500, 2.793106854861110200 ) ) ;
#1200 = CARTESIAN_POINT ( 'NONE',  ( -5.914791667630168200, -2.850201989058905200, -1.926267905190632200E-015 ) ) ;
#1201 = ORIENTED_EDGE ( 'NONE', *, *, #2934, .T. ) ;
#1202 = CIRCLE ( 'NONE', #598, 0.2874999999991108600 ) ;
#1203 = CARTESIAN_POINT ( 'NONE',  ( -4.768042432998691500, 0.8267968786067573200, -2.891579852481491300 ) ) ;
#1204 = B_SPLINE_CURVE_WITH_KNOTS ( 'NONE', 3,
 ( #2956, #883, #1203, #3254, #1506, #3549, #1787, #23, #2061, #302, #2356, #597, #2662, #894, #2970, #1218, #3266, #1515 ),
 .UNSPECIFIED., .F., .F.,
 ( 4, 2, 2, 2, 2, 2, 2, 2, 4 ),
 ( 0.01056329293916770600, 0.01123664634520660200, 0.01190999975124549700, 0.01258335315728439400, 0.01325670656332329100, 0.01393005996936218600, 0.01460341337540108300, 0.01527676678143997900, 0.01595012018747887400 ),
 .UNSPECIFIED. ) ;
#1205 = CARTESIAN_POINT ( 'NONE',  ( -5.025001304034049100, 0.3749999999999979500, -4.336808689942017700E-016 ) ) ;
#1206 = DIRECTION ( 'NONE',  ( 0.0000000000000000000, 0.0000000000000000000, -1.000000000000000000 ) ) ;
#1207 = LINE ( 'NONE', #3422, #2553 ) ;
#1208 = CARTESIAN_POINT ( 'NONE',  ( -6.311666666666667400, 0.3749999999999962300, 3.174999999999999400 ) ) ;
#1209 = CARTESIAN_POINT ( 'NONE',  ( -8.810509261186265200, 2.208087104677078900, -3.174999999999971000 ) ) ;
#1210 = ORIENTED_EDGE ( 'NONE', *, *, #226, .T. ) ;
#1211 = ORIENTED_EDGE ( 'NONE', *, *, #3402, .F. ) ;
#1212 = CARTESIAN_POINT ( 'NONE',  ( -5.738402778741281000, 0.3749999999999991100, -2.793106854861111100 ) ) ;
#1213 = CARTESIAN_POINT ( 'NONE',  ( -7.384699075037576500, 1.987600994529448800, 2.793106854861110700 ) ) ;
#1214 = CARTESIAN_POINT ( 'NONE',  ( -6.252870370370372300, -1.458087104677065600, 3.174999999999998500 ) ) ;
#1215 = CARTESIAN_POINT ( 'NONE',  ( -8.678217593556096800, -1.237600994529454400, 2.793106854861109300 ) ) ;
#1216 = VERTEX_POINT ( 'NONE', #1609 ) ;
#1217 = VECTOR ( 'NONE', #950, 1000.000000000000000 ) ;
#1218 = CARTESIAN_POINT ( 'NONE',  ( -4.654740046594703500, 3.153455365490354500, 0.4444202360144178800 ) ) ;
#1219 = ORIENTED_EDGE ( 'NONE', *, *, #795, .F. ) ;
#1220 = EDGE_CURVE ( 'NONE', #3698, #361, #248, .T. ) ;
#1221 = CARTESIAN_POINT ( 'NONE',  ( -6.194074074074074500, -2.374630657015595500, 1.587499999999998400 ) ) ;
#1222 = EDGE_LOOP ( 'NONE', ( #39, #875, #1348, #546, #820, #2154, #2053, #3459, #725, #1345, #1665, #3799, #2859, #1527, #3142, #2809 ) ) ;
#1223 = EDGE_CURVE ( 'NONE', #961, #2338, #2364, .T. ) ;
#1224 = CARTESIAN_POINT ( 'NONE',  ( -7.325902778741280500, 0.3749999999999964500, 2.793106854861110200 ) ) ;
#1225 = ORIENTED_EDGE ( 'NONE', *, *, #1006, .T. ) ;
#1226 = CARTESIAN_POINT ( 'NONE',  ( -6.135277777777777600, -3.291174209354125400, -2.130344865817665100E-015 ) ) ;
#1227 = CARTESIAN_POINT ( 'NONE',  ( -7.913865741704244200, -2.043901491794180000, 1.396553427430553800 ) ) ;
#1228 = CARTESIAN_POINT ( 'NONE',  ( -6.752638890815894100, 0.3749999999999991700, -3.175000000000000300 ) ) ;
#1229 =( BOUNDED_CURVE ( )  B_SPLINE_CURVE ( 2, ( #3208, #3231, #3247, #3198, #3179, #3165, #3151 ),
 .UNSPECIFIED., .F., .F. ) 
 B_SPLINE_CURVE_WITH_KNOTS ( ( 3, 2, 2, 3 ),
 ( 0.01159090354176551700, 0.01490611630132557600, 0.01822132906088563100, 0.02153654182044569000 ),
 .UNSPECIFIED. ) 
 CURVE ( )  GEOMETRIC_REPRESENTATION_ITEM ( )  RATIONAL_B_SPLINE_CURVE ( ( 0.9999999999999977800, 0.8660254037844409300, 1.000000000000000000, 0.8660254037844387100, 1.000000000000000000, 0.8660254037844364900, 1.000000000000002200 ) ) 
 REPRESENTATION_ITEM ( '' )  );
#1230 = DIRECTION ( 'NONE',  ( 1.000000000000000000, 0.0000000000000000000, 0.0000000000000000000 ) ) ;
#1231 = AXIS2_PLACEMENT_3D ( 'NONE', #1277, #1319, #1288 ) ;
#1232 = CARTESIAN_POINT ( 'NONE',  ( -6.076481481481482500, -2.374630657015594200, -1.587500000000001200 ) ) ;
#1233 = CARTESIAN_POINT ( 'NONE',  ( -11.27000000000000300, 0.3749999999999978900, -3.175000000000000300 ) ) ;
#1234 = CIRCLE ( 'NONE', #2490, 0.2595633844055974500 ) ;
#1235 = CARTESIAN_POINT ( 'NONE',  ( -6.208773149111651800, 2.793901491794175600, 1.396553427430554200 ) ) ;
#1236 = CARTESIAN_POINT ( 'NONE',  ( -7.267106482444984500, -1.237600994529454400, 2.793106854861109300 ) ) ;
#1237 = CARTESIAN_POINT ( 'NONE',  ( -6.017685185185185600, -1.458087104677063400, -3.175000000000000300 ) ) ;
#1238 = CARTESIAN_POINT ( 'NONE',  ( -7.149513889852391600, -2.850201989058905200, -1.926267905190632200E-015 ) ) ;
#1239 = CARTESIAN_POINT ( 'NONE',  ( -8.249999999985270400, 0.3529366155934815500, 0.2586239694861947000 ) ) ;
#1240 = CARTESIAN_POINT ( 'NONE',  ( -9.049999999999998900, 0.3749999999999981700, 2.100000000000000100 ) ) ;
#1241 = DIRECTION ( 'NONE',  ( 1.000000000000000000, 0.0000000000000000000, 0.0000000000000000000 ) ) ;
#1242 = VECTOR ( 'NONE', #656, 1000.000000000000000 ) ;
#1243 = EDGE_CURVE ( 'NONE', #2376, #803, #804, .T. ) ;
#1244 = ORIENTED_EDGE ( 'NONE', *, *, #1741, .F. ) ;
#1245 = CARTESIAN_POINT ( 'NONE',  ( -7.928564816741818800, 3.124630657015589700, 1.587499999999998100 ) ) ;
#1246 = LINE ( 'NONE', #618, #2892 ) ;
#1247 = CARTESIAN_POINT ( 'NONE',  ( -7.208310186148687600, -2.043901491794180000, 1.396553427430553800 ) ) ;
#1248 = CARTESIAN_POINT ( 'NONE',  ( -5.958888888888889600, 0.3749999999999991700, -3.175000000000000300 ) ) ;
#1249 = CARTESIAN_POINT ( 'NONE',  ( -6.385162038000539800, -2.043901491794178700, -1.396553427430556400 ) ) ;
#1250 = LINE ( 'NONE', #183, #2696 ) ;
#1251 = ORIENTED_EDGE ( 'NONE', *, *, #601, .F. ) ;
#1252 = ORIENTED_EDGE ( 'NONE', *, *, #2541, .T. ) ;
#1253 = CARTESIAN_POINT ( 'NONE',  ( -4.327291667630169600, -2.850201989058905200, -1.926267905190632200E-015 ) ) ;
#1254 = CARTESIAN_POINT ( 'NONE',  ( -9.544999999999999900, 0.3749999999999978900, -4.336808689942017700E-016 ) ) ;
#1255 = ORIENTED_EDGE ( 'NONE', *, *, #671, .T. ) ;
#1256 = VERTEX_POINT ( 'NONE', #1382 ) ;
#1257 = CARTESIAN_POINT ( 'NONE',  ( -5.900092592592592700, 2.208087104677060300, -3.175000000000000300 ) ) ;
#1258 = CARTESIAN_POINT ( 'NONE',  ( -9.049999999999998900, 0.3749999999999979500, 0.3799999999999995600 ) ) ;
#1259 = CARTESIAN_POINT ( 'NONE',  ( -6.149976852815355800, 1.987600994529448800, 2.793106854861110200 ) ) ;
#1260 = ORIENTED_EDGE ( 'NONE', *, *, #3451, .T. ) ;
#1261 = ORIENTED_EDGE ( 'NONE', *, *, #480, .F. ) ;
#1262 = CARTESIAN_POINT ( 'NONE',  ( -5.841296296296297500, 3.124630657015590200, -1.587500000000000400 ) ) ;
#1263 = CARTESIAN_POINT ( 'NONE',  ( -5.620810186148687200, -1.237600994529452800, -2.793106854861112000 ) ) ;
#1264 = VERTEX_POINT ( 'NONE', #1416 ) ;
#1265 = CARTESIAN_POINT ( 'NONE',  ( -6.326365741704243800, 2.793901491794175600, -1.396553427430555800 ) ) ;
#1266 = CARTESIAN_POINT ( 'NONE',  ( -9.572656251936640700, 0.3749999999999991700, -3.178818931451389100 ) ) ;
#1267 = CARTESIAN_POINT ( 'NONE',  ( -9.269999999999999600, 0.3749999999999978900, 2.329999999999999600 ) ) ;
#1268 = EDGE_LOOP ( 'NONE', ( #410, #1033, #1873, #2702 ) ) ;
#1269 = CARTESIAN_POINT ( 'NONE',  ( -3.628422525128828500, -2.413587926160374800, 0.1588183891894009700 ) ) ;
#1270 = DIRECTION ( 'NONE',  ( 1.000000000000000000, 0.0000000000000000000, 0.0000000000000000000 ) ) ;
#1271 = CARTESIAN_POINT ( 'NONE',  ( -6.502754630593134500, -1.237600994529452800, -2.793106854861112000 ) ) ;
#1272 = CARTESIAN_POINT ( 'NONE',  ( -5.606111111111111700, 0.3749999999999962300, 3.174999999999999400 ) ) ;
#1273 = CARTESIAN_POINT ( 'NONE',  ( -6.443958334296837600, 0.3749999999999991100, -2.793106854861111100 ) ) ;
#1274 = FACE_OUTER_BOUND ( 'NONE', #3284, .T. ) ;
#1275 = CARTESIAN_POINT ( 'NONE',  ( -8.808304400084788100, 2.210291965778536000, -3.178818931451389500 ) ) ;
#1276 = DIRECTION ( 'NONE',  ( -0.0000000000000000000, 1.000000000000000000, 0.0000000000000000000 ) ) ;
#1277 = CARTESIAN_POINT ( 'NONE',  ( 2.059999999999999200, 0.3749999999999978900, -4.336808689942017700E-016 ) ) ;
#1278 = CARTESIAN_POINT ( 'NONE',  ( -5.370925925925926800, -2.374630657015594200, -1.587500000000001200 ) ) ;
#1279 = DIRECTION ( 'NONE',  ( 1.000000000000000000, 0.0000000000000000000, 0.0000000000000000000 ) ) ;
#1280 = CARTESIAN_POINT ( 'NONE',  ( -5.312129629629630800, -1.458087104677063400, -3.175000000000000300 ) ) ;
#1281 = AXIS2_PLACEMENT_3D ( 'NONE', #2406, #2711, #955 ) ;
#1282 = FACE_OUTER_BOUND ( 'NONE', #2140, .T. ) ;
#1283 = ADVANCED_FACE ( 'NONE', ( #1625, #3073 ), #1371, .T. ) ;
#1284 = EDGE_CURVE ( 'NONE', #1593, #3239, #3779, .T. ) ;
#1285 = CARTESIAN_POINT ( 'NONE',  ( -8.043952548232939000, 3.127937948667804500, -1.589409465725694700 ) ) ;
#1286 = CARTESIAN_POINT ( 'NONE',  ( -9.544999992783687000, 0.3749999999999983300, 3.175000007255218500 ) ) ;
#1287 = CARTESIAN_POINT ( 'NONE',  ( -9.050000000001214000, 0.3249999999999906900, -0.2831187913217213500 ) ) ;
#1288 = DIRECTION ( 'NONE',  ( 0.0000000000000000000, 0.0000000000000000000, 1.000000000000000000 ) ) ;
#1289 = VECTOR ( 'NONE', #2805, 999.9999999999998900 ) ;
#1290 = EDGE_CURVE ( 'NONE', #973, #3788, #2274, .T. ) ;
#1291 = CARTESIAN_POINT ( 'NONE',  ( -5.723703703703704600, 3.124630657015590600, 1.587499999999998600 ) ) ;
#1292 = LINE ( 'NONE', #2104, #1491 ) ;
#1293 = CIRCLE ( 'NONE', #2101, 0.3800000000000000000 ) ;
#1294 =( BOUNDED_CURVE ( )  B_SPLINE_CURVE ( 2, ( #3391, #1331, #439, #2483, #724, #2793, #1043 ),
 .UNSPECIFIED., .F., .F. ) 
 B_SPLINE_CURVE_WITH_KNOTS ( ( 3, 2, 2, 3 ),
 ( -0.08453299943082785700, -0.08121800178193568100, -0.07790300413304350500, -0.07458800648415132900 ),
 .UNSPECIFIED. ) 
 CURVE ( )  GEOMETRIC_REPRESENTATION_ITEM ( )  RATIONAL_B_SPLINE_CURVE ( ( 0.9999999999999975600, 0.8660254037844411500, 1.000000000000000000, 0.8660254037844387100, 1.000000000000000000, 0.8660254037844364900, 1.000000000000002200 ) ) 
 REPRESENTATION_ITEM ( '' )  );
#1295 = CARTESIAN_POINT ( 'NONE',  ( -5.253333333333333900, 0.3749999999999991700, -3.175000000000000300 ) ) ;
#1296 = VERTEX_POINT ( 'NONE', #1267 ) ;
#1297 = ORIENTED_EDGE ( 'NONE', *, *, #3659, .T. ) ;
#1298 = CARTESIAN_POINT ( 'NONE',  ( -9.677754630593131700, 1.987600994529448800, 2.793106854861110700 ) ) ;
#1299 = CARTESIAN_POINT ( 'NONE',  ( -7.279600696381085500, 4.045583931557073000, 8.155070111572242000E-016 ) ) ;
#1300 = AXIS2_PLACEMENT_3D ( 'NONE', #2683, #2645, #2635 ) ;
#1301 = ORIENTED_EDGE ( 'NONE', *, *, #1866, .F. ) ;
#1302 = DIRECTION ( 'NONE',  ( 0.0000000000000000000, 0.0000000000000000000, 1.000000000000000000 ) ) ;
#1303 = SURFACE_SIDE_STYLE ('',( #942 ) ) ;
#1304 = LINE ( 'NONE', #968, #2753 ) ;
#1305 = CARTESIAN_POINT ( 'NONE',  ( -5.076944444444445800, 4.041174209354120500, 8.140062767690513100E-016 ) ) ;
#1306 = ADVANCED_FACE ( 'NONE', ( #1433 ), #1334, .T. ) ;
#1307 = ORIENTED_EDGE ( 'NONE', *, *, #407, .T. ) ;
#1308 = CARTESIAN_POINT ( 'NONE',  ( -1.749999999999999800, 1.020000000000000700, -2.364999999999998900 ) ) ;
#1309 = CARTESIAN_POINT ( 'NONE',  ( -6.385162038000539800, 1.987600994529450200, -2.793106854861110700 ) ) ;
#1310 = EDGE_LOOP ( 'NONE', ( #1940, #3462, #2808, #2817 ) ) ;
#1311 = CARTESIAN_POINT ( 'NONE',  ( -5.194537037037037800, 2.208087104677060300, -3.175000000000000300 ) ) ;
#1312 = CARTESIAN_POINT ( 'NONE',  ( -6.267569445407948700, 3.600201989058900300, 6.639328379517623000E-016 ) ) ;
#1313 = EDGE_LOOP ( 'NONE', ( #622, #1448, #623, #1102 ) ) ;
#1314 = AXIS2_PLACEMENT_3D ( 'NONE', #1599, #2163, #412 ) ;
#1315 = EDGE_CURVE ( 'NONE', #672, #3450, #2089, .T. ) ;
#1316 = CARTESIAN_POINT ( 'NONE',  ( -4.959351851851852900, 2.208087104677059400, 3.174999999999999400 ) ) ;
#1317 = CARTESIAN_POINT ( 'NONE',  ( -6.515248844529233800, 3.127937948667804900, 1.589409465725693000 ) ) ;
#1318 = DIRECTION ( 'NONE',  ( -1.000000000000000000, 0.0000000000000000000, 0.0000000000000000000 ) ) ;
#1319 = DIRECTION ( 'NONE',  ( -1.000000000000000000, 0.0000000000000000000, 0.0000000000000000000 ) ) ;
#1320 = CARTESIAN_POINT ( 'NONE',  ( -4.900555555555556000, 0.3749999999999962300, 3.174999999999999400 ) ) ;
#1321 = UNCERTAINTY_MEASURE_WITH_UNIT (LENGTH_MEASURE( 1.000000000000000100E-005 ), #1610, 'distance_accuracy_value', 'NONE');
#1322 = CARTESIAN_POINT ( 'NONE',  ( -4.643106854831915000, -0.2499575605419656900, 2.740543872352123200 ) ) ;
#1323 = CARTESIAN_POINT ( 'NONE',  ( -7.619884260222762300, 2.793901491794175600, 1.396553427430554200 ) ) ;
#1324 = CARTESIAN_POINT ( 'NONE',  ( -4.841759259259260900, -1.458087104677065600, 3.174999999999998500 ) ) ;
#1325 = VECTOR ( 'NONE', #3774, 1000.000000000000000 ) ;
#1326 = ADVANCED_FACE ( 'NONE', ( #2982 ), #1085, .T. ) ;
#1327 = CARTESIAN_POINT ( 'NONE',  ( -7.149513889852391600, -2.850201989058905200, -1.926267905190632200E-015 ) ) ;
#1328 = CARTESIAN_POINT ( 'NONE',  ( -4.782962962962964000, -2.374630657015595500, 1.587499999999998400 ) ) ;
#1329 = CARTESIAN_POINT ( 'NONE',  ( -5.750896992677381200, 2.210291965778535600, 3.178818931451388600 ) ) ;
#1330 = CARTESIAN_POINT ( 'NONE',  ( -4.643106854831911400, 2.934304225064676700, 1.156585936145292400 ) ) ;
#1331 = CARTESIAN_POINT ( 'NONE',  ( -8.457731483408485600, -1.458087104677086200, 3.174999999999966500 ) ) ;
#1332 = CIRCLE ( 'NONE', #2540, 2.750000000000000000 ) ;
#1333 = CARTESIAN_POINT ( 'NONE',  ( -4.724166666666666200, -3.291174209354125400, -2.130344865817665100E-015 ) ) ;
#1334 = CONICAL_SURFACE ( 'NONE', #1417, 3.175001304063246100, 0.7853981633974482800 ) ;
#1335 = AXIS2_PLACEMENT_3D ( 'NONE', #90, #100, #107 ) ;
#1336 = AXIS2_PLACEMENT_3D ( 'NONE', #2412, #2455, #2460 ) ;
#1337 = LINE ( 'NONE', #194, #446 ) ;
#1338 = CARTESIAN_POINT ( 'NONE',  ( -4.986545140825529500, 0.3749999999999962300, 3.178818931451388200 ) ) ;
#1339 = DIRECTION ( 'NONE',  ( 0.7071067811865475700, 8.659560562354931600E-017, 0.7071067811865474600 ) ) ;
#1340 = EDGE_CURVE ( 'NONE', #1052, #1837, #2686, .T. ) ;
#1341 = ORIENTED_EDGE ( 'NONE', *, *, #555, .F. ) ;
#1342 = ADVANCED_FACE ( 'NONE', ( #706 ), #2790, .F. ) ;
#1343 = UNCERTAINTY_MEASURE_WITH_UNIT (LENGTH_MEASURE( 1.000000000000000100E-005 ), #463, 'distance_accuracy_value', 'NONE');
#1344 = VERTEX_POINT ( 'NONE', #884 ) ;
#1345 = ORIENTED_EDGE ( 'NONE', *, *, #3256, .T. ) ;
#1346 = CARTESIAN_POINT ( 'NONE',  ( -4.665370370370371100, -2.374630657015594200, -1.587500000000001200 ) ) ;
#1347 = VERTEX_POINT ( 'NONE', #856 ) ;
#1348 = ORIENTED_EDGE ( 'NONE', *, *, #2075, .T. ) ;
#1349 = CARTESIAN_POINT ( 'NONE',  ( -6.620347223185724800, -2.850201989058905200, -1.926267905190632200E-015 ) ) ;
#1350 = CARTESIAN_POINT ( 'NONE',  ( -7.090717593556095500, -2.043901491794178700, -1.396553427430556400 ) ) ;
#1351 = CARTESIAN_POINT ( 'NONE',  ( -4.606574074074074200, -1.458087104677063400, -3.175000000000000300 ) ) ;
#1352 = CARTESIAN_POINT ( 'NONE',  ( -4.222193288973676900, -1.460291965778541400, 3.178818931451387300 ) ) ;
#1353 = DIRECTION ( 'NONE',  ( 0.0000000000000000000, 0.0000000000000000000, -1.000000000000000000 ) ) ;
#1354 = EDGE_LOOP ( 'NONE', ( #1673, #916, #909, #3507 ) ) ;
#1355 = CARTESIAN_POINT ( 'NONE',  ( -6.561550926889428800, -2.043901491794178700, -1.396553427430556400 ) ) ;
#1356 = ORIENTED_EDGE ( 'NONE', *, *, #1780, .F. ) ;
#1357 = DIRECTION ( 'NONE',  ( -1.000000000000000000, -0.0000000000000000000, -0.0000000000000000000 ) ) ;
#1358 = CARTESIAN_POINT ( 'NONE',  ( -3.399999999999999900, -2.800000000000002500, 3.174999999999998500 ) ) ;
#1359 = CARTESIAN_POINT ( 'NONE',  ( -9.560162038000537900, -1.237600994529454400, 2.793106854861109300 ) ) ;
#1360 = EDGE_CURVE ( 'NONE', #3663, #3448, #355, .T. ) ;
#1361 = ADVANCED_FACE ( 'NONE', ( #536 ), #718, .F. ) ;
#1362 = CARTESIAN_POINT ( 'NONE',  ( -7.031921297259799500, -1.237600994529452800, -2.793106854861112000 ) ) ;
#1363 = EDGE_CURVE ( 'NONE', #3377, #3098, #1246, .T. ) ;
#1364 = CARTESIAN_POINT ( 'NONE',  ( -4.547777777777779000, 0.3749999999999991700, -3.175000000000000300 ) ) ;
#1365 = CARTESIAN_POINT ( 'NONE',  ( -3.457841437121825600, -2.377937948667809800, 1.589409465725692700 ) ) ;
#1366 = CARTESIAN_POINT ( 'NONE',  ( -1.749999999999999800, 0.3749999999999978900, -4.336808689942017700E-016 ) ) ;
#1367 = CARTESIAN_POINT ( 'NONE',  ( -11.27000000000000300, 0.3749999999999978900, -4.336808689942017700E-016 ) ) ;
#1368 = CIRCLE ( 'NONE', #187, 0.2874999999991108600 ) ;
#1369 = DIRECTION ( 'NONE',  ( 1.000000000000000000, 0.0000000000000000000, 0.0000000000000000000 ) ) ;
#1370 = CARTESIAN_POINT ( 'NONE',  ( -7.722777777777778000, 0.3749999999999962300, 3.174999999999998900 ) ) ;
#1371 = PLANE ( 'NONE',  #1618 ) ;
#1372 = CARTESIAN_POINT ( 'NONE',  ( -8.443032408370909200, 2.793901491794175600, -1.396553427430555800 ) ) ;
#1373 = CYLINDRICAL_SURFACE ( 'NONE', #3708, 0.3800000000000000000 ) ;
#1374 = CARTESIAN_POINT ( 'NONE',  ( -6.385162038000539800, 1.987600994529450200, -2.793106854861111100 ) ) ;
#1375 = CARTESIAN_POINT ( 'NONE',  ( -9.501365741704244500, -2.043901491794180000, 1.396553427430553800 ) ) ;
#1376 = AXIS2_PLACEMENT_3D ( 'NONE', #3529, #3524, #3515 ) ;
#1377 = VECTOR ( 'NONE', #2976, 1000.000000000000000 ) ;
#1378 = FACE_OUTER_BOUND ( 'NONE', #545, .T. ) ;
#1379 = CARTESIAN_POINT ( 'NONE',  ( -6.973125000963502600, 0.3749999999999991100, -2.793106854861111100 ) ) ;
#1380 = CARTESIAN_POINT ( 'NONE',  ( -9.442569445407947600, -2.850201989058905200, -1.926267905190632200E-015 ) ) ;
#1381 = CARTESIAN_POINT ( 'NONE',  ( -9.339675927852932000, 3.124630657015590600, 1.587499999999998600 ) ) ;
#1382 = CARTESIAN_POINT ( 'NONE',  ( 2.060000000000000100, 1.019999999999999100, 3.174999999999999400 ) ) ;
#1383 = DIRECTION ( 'NONE',  ( 0.0000000000000000000, 0.0000000000000000000, -1.000000000000000000 ) ) ;
#1384 = CARTESIAN_POINT ( 'NONE',  ( -9.269999999901301600, 0.3749999999999982200, -2.239999999877912100 ) ) ;
#1385 = SURFACE_STYLE_FILL_AREA ( #2881 ) ;
#1386 = ADVANCED_FACE ( 'NONE', ( #3497, #2002 ), #575, .T. ) ;
#1387 = DIRECTION ( 'NONE',  ( 0.0000000000000000000, -1.000000000000000000, -5.240210400945518800E-016 ) ) ;
#1388 = VERTEX_POINT ( 'NONE', #643 ) ;
#1389 = VECTOR ( 'NONE', #3327, 1000.000000000000000 ) ;
#1390 = PLANE ( 'NONE',  #2032 ) ;
#1391 = CARTESIAN_POINT ( 'NONE',  ( -5.973587963926466000, -2.043901491794180000, 1.396553427430553800 ) ) ;
#1392 = CARTESIAN_POINT ( 'NONE',  ( -4.488981481481483000, 2.208087104677060300, -3.175000000000000300 ) ) ;
#1393 = ORIENTED_EDGE ( 'NONE', *, *, #2173, .F. ) ;
#1394 = MANIFOLD_SOLID_BREP ( 'Body-Move/Copy1[1]', #1112 ) ;
#1395 = CIRCLE ( 'NONE', #331, 2.793107137202694100 ) ;
#1396 = EDGE_CURVE ( 'NONE', #1727, #2317, #3395, .T. ) ;
#1397 = PLANE ( 'NONE',  #2419 ) ;
#1398 = CARTESIAN_POINT ( 'NONE',  ( -6.914328704667206600, 1.987600994529450200, -2.793106854861111100 ) ) ;
#1399 = CARTESIAN_POINT ( 'NONE',  ( -9.383773149111650700, -2.043901491794178700, -1.396553427430556400 ) ) ;
#1400 = CARTESIAN_POINT ( 'NONE',  ( -8.575324076001081200, 2.208087104677059400, 3.174999999999999400 ) ) ;
#1401 = ORIENTED_EDGE ( 'NONE', *, *, #2572, .T. ) ;
#1402 = ORIENTED_EDGE ( 'NONE', *, *, #1006, .F. ) ;
#1403 = CARTESIAN_POINT ( 'NONE',  ( -4.019999999999999600, 0.3749999999999981700, -2.090000000000000300 ) ) ;
#1404 = ORIENTED_EDGE ( 'NONE', *, *, #3351, .F. ) ;
#1405 = CARTESIAN_POINT ( 'NONE',  ( -6.549056712953328600, 3.127937948667804500, -1.589409465725694700 ) ) ;
#1406 = CARTESIAN_POINT ( 'NONE',  ( -7.340601853778857800, 3.124630657015591100, -1.587500000000001000 ) ) ;
#1407 = ORIENTED_EDGE ( 'NONE', *, *, #168, .T. ) ;
#1408 = ORIENTED_EDGE ( 'NONE', *, *, #2177, .F. ) ;
#1409 = CARTESIAN_POINT ( 'NONE',  ( -9.324976852815355600, -1.237600994529452800, -2.793106854861112000 ) ) ;
#1410 = ADVANCED_FACE ( 'NONE', ( #1274 ), #3486, .T. ) ;
#1411 = CARTESIAN_POINT ( 'NONE',  ( -6.855532408370909700, 2.793901491794175600, -1.396553427430555800 ) ) ;
#1412 = CARTESIAN_POINT ( 'NONE',  ( -7.810972224149227600, 0.3749999999999962300, 3.174999999999999400 ) ) ;
#1413 = EDGE_LOOP ( 'NONE', ( #13, #3746, #271 ) ) ;
#1414 = CARTESIAN_POINT ( 'NONE',  ( -4.019999999999999600, 0.3749999999999978900, -4.336808689942017700E-016 ) ) ;
#1415 = CARTESIAN_POINT ( 'NONE',  ( -4.327291667630170500, 0.3749999999999991100, -2.793106854861111100 ) ) ;
#1416 = CARTESIAN_POINT ( 'NONE',  ( -9.222083335260340000, 0.3749999999999962300, 3.174999999999999400 ) ) ;
#1417 = AXIS2_PLACEMENT_3D ( 'NONE', #1205, #1190, #1177 ) ;
#1418 = CARTESIAN_POINT ( 'NONE',  ( -4.253796296296297200, 2.208087104677059400, 3.174999999999999400 ) ) ;
#1419 = EDGE_CURVE ( 'NONE', #3000, #3593, #3339, .T. ) ;
#1420 = CARTESIAN_POINT ( 'NONE',  ( -6.796736112074616400, 3.600201989058900300, 6.639328379517623000E-016 ) ) ;
#1421 = CIRCLE ( 'NONE', #2064, 0.5299999999980380400 ) ;
#1422 = EDGE_CURVE ( 'NONE', #2470, #2954, #1557, .T. ) ;
#1423 = CARTESIAN_POINT ( 'NONE',  ( -7.046620372297375000, -1.458087104677065600, 3.174999999999998500 ) ) ;
#1424 = DIRECTION ( 'NONE',  ( 1.000000000000000000, 0.0000000000000000000, 0.0000000000000000000 ) ) ;
#1425 = CARTESIAN_POINT ( 'NONE',  ( -7.855069445407947300, 0.3749999999999991100, -2.793106854861111100 ) ) ;
#1426 =( LENGTH_UNIT ( ) NAMED_UNIT ( * ) SI_UNIT ( .MILLI., .METRE. ) );
#1427 = CARTESIAN_POINT ( 'NONE',  ( -6.784241898138514400, -2.377937948667808500, -1.589409465725695600 ) ) ;
#1428 = CARTESIAN_POINT ( 'NONE',  ( -4.195000000000002100, 0.3749999999999962300, 3.174999999999999400 ) ) ;
#1429 = FACE_BOUND ( 'NONE', #3147, .T. ) ;
#1430 = CARTESIAN_POINT ( 'NONE',  ( -8.325439815778317200, 2.793901491794175600, 1.396553427430554200 ) ) ;
#1431 = VERTEX_POINT ( 'NONE', #292 ) ;
#1432 = CARTESIAN_POINT ( 'NONE',  ( -6.737939815778319500, 2.793901491794175600, 1.396553427430554200 ) ) ;
#1433 = FACE_OUTER_BOUND ( 'NONE', #3381, .T. ) ;
#1434 = CARTESIAN_POINT ( 'NONE',  ( -4.136203703703704300, -1.458087104677065600, 3.174999999999998500 ) ) ;
#1435 = CARTESIAN_POINT ( 'NONE',  ( -6.282268520445524200, -2.374630657015595500, 1.587499999999998400 ) ) ;
#1436 = CARTESIAN_POINT ( 'NONE',  ( -7.957962962962970900, 3.124630657015600800, -1.587500000000006600 ) ) ;
#1437 = DIRECTION ( 'NONE',  ( 0.0000000000000000000, 0.0000000000000000000, -1.000000000000000000 ) ) ;
#1438 = VERTEX_POINT ( 'NONE', #243 ) ;
#1439 = ORIENTED_EDGE ( 'NONE', *, *, #3407, .F. ) ;
#1440 = CARTESIAN_POINT ( 'NONE',  ( -3.804811295379491500, -2.413588086649205000, 0.1588155712462173100 ) ) ;
#1441 = CARTESIAN_POINT ( 'NONE',  ( -4.077407407407408300, -2.374630657015595500, 1.587499999999998400 ) ) ;
#1442 = EDGE_CURVE ( 'NONE', #821, #758, #3296, .T. ) ;
#1443 = VERTEX_POINT ( 'NONE', #221 ) ;
#1444 = ORIENTED_EDGE ( 'NONE', *, *, #2147, .F. ) ;
#1445 = CARTESIAN_POINT ( 'NONE',  ( -6.679143519482020800, 1.987600994529448800, 2.793106854861110700 ) ) ;
#1446 = CARTESIAN_POINT ( 'NONE',  ( -4.053202085555694700, -2.751954282362115500, 0.9339563100037414600 ) ) ;
#1447 = CARTESIAN_POINT ( 'NONE',  ( -5.517916668593672500, -3.291174209354125400, -2.130344865817665100E-015 ) ) ;
#1448 = ORIENTED_EDGE ( 'NONE', *, *, #620, .T. ) ;
#1449 = CARTESIAN_POINT ( 'NONE',  ( -6.032384260222762900, -1.237600994529454400, 2.793106854861109300 ) ) ;
#1450 = DIRECTION ( 'NONE',  ( 1.000000000000000000, 0.0000000000000000000, 0.0000000000000000000 ) ) ;
#1451 = ORIENTED_EDGE ( 'NONE', *, *, #3652, .T. ) ;
#1452 = CARTESIAN_POINT ( 'NONE',  ( -8.249999999985270400, 0.3970633844065142300, -0.2586239694861955900 ) ) ;
#1453 = CARTESIAN_POINT ( 'NONE',  ( -3.832715975408084400, -2.375840138867091800, 0.8216188257045966600 ) ) ;
#1454 = CARTESIAN_POINT ( 'NONE',  ( -4.025297405527105400, -2.794863394127636200, 0.1805299492317953600 ) ) ;
#1455 = ORIENTED_EDGE ( 'NONE', *, *, #1799, .F. ) ;
#1456 = CARTESIAN_POINT ( 'NONE',  ( -6.620347223185725700, 0.3749999999999964500, 2.793106854861110200 ) ) ;
#1457 = CARTESIAN_POINT ( 'NONE',  ( -10.54720486110147500, 0.3749999999999962300, 3.178818931451388200 ) ) ;
#1458 = CARTESIAN_POINT ( 'NONE',  ( -4.753564816741819900, -2.374630657015594200, -1.587500000000001200 ) ) ;
#1459 = CARTESIAN_POINT ( 'NONE',  ( 2.060000000000000100, 6.505213034913026600E-016, -2.364999999999999300 ) ) ;
#1460 = CARTESIAN_POINT ( 'NONE',  ( -8.331659191571612100, 0.3999149862123546600, -0.2612426572680009400 ) ) ;
#1461 = VECTOR ( 'NONE', #2493, 1000.000000000000000 ) ;
#1462 = CARTESIAN_POINT ( 'NONE',  ( -5.606111111111111700, 0.3749999999999962300, 3.174999999999998900 ) ) ;
#1463 = AXIS2_PLACEMENT_3D ( 'NONE', #1414, #3463, #1710 ) ;
#1464 = DIRECTION ( 'NONE',  ( -0.9993908270190956500, 0.03489949670250105200, 0.0000000000000000000 ) ) ;
#1465 =( BOUNDED_SURFACE ( )  B_SPLINE_SURFACE ( 1, 2, ( 
 ( #2742, #3051, #3443, #3552, #3510, #3482, #1108, #1123, #1130, #2852, #1153, #1298, #1661, #1359, #1375, #1380, #1399, #1409, #1731, #1742, #1749, #1761, #1781, #2763, #2022, #2056, #2081, #2111, #3058, #3172, #3223, #2513, #2736, #2599, #2714, #2767, #3378, #2996, #3401, #3519, #3522, #3612, #3821, #298, #307, #321, #326, #332, #342, #347, #362, #366, #375, #378, #386, #389, #403, #408, #421, #425, #431, #435, #443, #447, #456, #461, #479, #484, #492, #497, #511, #516, #523, #526, #538, #549, #557, #1893, #469, #3675, #1628, #561, #569, #1725, #3479, #571, #579, #590, #594, #602, #606, #611, #621, #626, #634, #638, #647, #650, #659, #662, #673, #677, #1415, #3164, #1114, #686, #688, #692, #700, #702, #707, #715, #726 ),
 ( #730, #737, #741, #749, #3065, #755, #764, #771, #782, #786, #793, #796, #802, #806, #811, #822, #827, #834, #429, #2178, #140, #837, #847, #861, #866, #874, #880, #888, #891, #898, #904, #914, #918, #929, #937, #940, #954, #959, #969, #974, #984, #989, #991, #999, #1008, #1019, #1023, #1030, #1035, #1038, #1044, #1048, #1058, #1063, #1076, #1080, #1089, #1647, #1096, #1101, #1118, #1134, #780, #2537, #1147, #1157, #1168, #1173, #1182, #1186, #1193, #1198, #1208, #1214, #1221, #1226, #1232, #1237, #1248, #1257, #1262, #3345, #1291, #3042, #1272, #2872, #789, #2548, #1278, #1280, #1295, #1311, #1577, #1305, #1523, #1316, #1320, #1324, #1328, #1333, #1346, #1351, #1364, #1392, #126, #1880, #3660, #1418, #1428, #1434, #1441, #1446, #1454 ),
 ( #1457, #1467, #1473, #1480, #1484, #1496, #1503, #1513, #1534, #1540, #1547, #1554, #1612, #3360, #1562, #1566, #1575, #1592, #1604, #1607, #1616, #1621, #1634, #1651, #1653, #1669, #1971, #1947, #1129, #1909, #1867, #1684, #1693, #1698, #1703, #1706, #1715, #1728, #1737, #521, #1765, #1772, #1775, #1789, #1794, #1801, #1806, #1813, #1816, #1824, #1826, #1836, #1838, #1847, #1852, #1859, #1862, #1875, #1883, #1889, #1896, #1898, #1903, #1922, #1427, #3178, #1933, #1938, #1405, #3150, #1100, #1944, #1954, #1966, #1974, #2394, #2326, #2237, #2264, #2207, #1985, #1990, #1996, #2010, #2019, #2044, #1015, #2031, #2065, #2148, #696, #2040, #2103, #2050, #2120, #2076, #2006, #2036, #2071, #2174, #2160, #2157, #2181, #2187, #2195, #2201, #2249, #2224, #2322, #2311, #2216, #2209, #2295 ) ),
 .UNSPECIFIED., .F., .F., .T. ) 
 B_SPLINE_SURFACE_WITH_KNOTS ( ( 2, 1, 2 ),
 ( 3, 2, 2, 2, 2, 2, 2, 2, 2, 2, 2, 2, 2, 2, 2, 2, 2, 2, 2, 2, 2, 2, 2, 2, 2, 2, 2, 2, 2, 2, 2, 2, 2, 2, 2, 2, 2, 2, 2, 2, 2, 2, 2, 2, 2, 2, 2, 2, 2, 2, 2, 2, 2, 2, 2, 2, 3 ),
 ( 0.0000000000000000000, 1.000000000000000000, 1.010000000000000000 ),
 ( 0.0000000000000000000, 0.01666666666666666600, 0.03333333333333333300, 0.05000000000000000300, 0.06666666666666666600, 0.08333333333333332900, 0.1000000000000000100, 0.1166666666666666700, 0.1333333333333333300, 0.1499999999999999900, 0.1666666666666666600, 0.1833333333333333200, 0.2000000000000000100, 0.2166666666666666700, 0.2333333333333333400, 0.2500000000000000000, 0.2666666666666666600, 0.2833333333333333300, 0.2999999999999999900, 0.3166666666666666500, 0.3333333333333333100, 0.3499999999999999800, 0.3666666666666666400, 0.3833333333333333600, 0.4000000000000000200, 0.4166666666666666900, 0.4333333333333333500, 0.4500000000000000100, 0.4666666666666666700, 0.4833333333333333400, 0.5000000000000000000, 0.5166666666666667200, 0.5333333333333333300, 0.5500000000000000400, 0.5666666666666666500, 0.5833333333333333700, 0.5999999999999999800, 0.6166666666666667000, 0.6333333333333333000, 0.6500000000000000200, 0.6666666666666666300, 0.6833333333333333500, 0.6999999999999999600, 0.7166666666666666700, 0.7333333333333332800, 0.7500000000000000000, 0.7666666666666667200, 0.7833333333333333300, 0.8000000000000000400, 0.8166666666666666500, 0.8333333333333333700, 0.8499999999999999800, 0.8666666666666667000, 0.8833333333333333000, 0.9000000000000000200, 0.9166666666666666300, 0.9241151018535659300 ),
 .UNSPECIFIED. ) 
 GEOMETRIC_REPRESENTATION_ITEM ( )  RATIONAL_B_SPLINE_SURFACE ( (
 ( 1.000000000000000000, 0.8660254037844387100, 1.000000000000000000, 0.8660254037844387100, 1.000000000000000000, 0.8660254037844387100, 1.000000000000000000, 0.8660254037844387100, 1.000000000000000000, 0.8660254037844387100, 1.000000000000000000, 0.8660254037844387100, 1.000000000000000000, 0.8660254037844387100, 1.000000000000000000, 0.8660254037844387100, 1.000000000000000000, 0.8660254037844387100, 1.000000000000000000, 0.8660254037844387100, 1.000000000000000000, 0.8660254037844387100, 1.000000000000000000, 0.8660254037844387100, 1.000000000000000000, 0.8660254037844387100, 1.000000000000000000, 0.8660254037844387100, 1.000000000000000000, 0.8660254037844387100, 1.000000000000000000, 0.8660254037844387100, 1.000000000000000000, 0.8660254037844387100, 1.000000000000000000, 0.8660254037844387100, 1.000000000000000000, 0.8660254037844387100, 1.000000000000000000, 0.8660254037844387100, 1.000000000000000000, 0.8660254037844387100, 1.000000000000000000, 0.8660254037844387100, 1.000000000000000000, 0.8660254037844387100, 1.000000000000000000, 0.8660254037844387100, 1.000000000000000000, 0.8660254037844387100, 1.000000000000000000, 0.8660254037844387100, 1.000000000000000000, 0.8660254037844387100, 1.000000000000000000, 0.8660254037844387100, 1.000000000000000000, 0.8660254037844387100, 1.000000000000000000, 0.8660254037844387100, 1.000000000000000000, 0.8660254037844387100, 1.000000000000000000, 0.8660254037844387100, 1.000000000000000000, 0.8660254037844387100, 1.000000000000000000, 0.8660254037844387100, 1.000000000000000000, 0.8660254037844387100, 1.000000000000000000, 0.8660254037844387100, 1.000000000000000000, 0.8660254037844387100, 1.000000000000000000, 0.8660254037844387100, 1.000000000000000000, 0.8660254037844387100, 1.000000000000000000, 0.8660254037844387100, 1.000000000000000000, 0.8660254037844387100, 1.000000000000000000, 0.8660254037844387100, 1.000000000000000000, 0.8660254037844387100, 1.000000000000000000, 0.8660254037844387100, 1.000000000000000000, 0.8660254037844387100, 1.000000000000000000, 0.8660254037844387100, 1.000000000000000000, 0.8660254037844387100, 1.000000000000000000, 0.8660254037844387100, 1.000000000000000000, 0.8660254037844387100, 1.000000000000000000, 0.8660254037844387100, 1.000000000000000000, 0.8660254037844387100, 1.000000000000000000, 0.8660254037844387100, 1.000000000000000000, 0.8660254037844387100, 1.000000000000000000, 0.8660254037844387100, 1.000000000000000000, 0.8660254037844387100, 1.000000000000000000, 0.9401259342038432700, 0.9337680402227446200),
 ( 1.000000000000000000, 0.8660254037844387100, 1.000000000000000000, 0.8660254037844387100, 1.000000000000000000, 0.8660254037844387100, 1.000000000000000000, 0.8660254037844387100, 1.000000000000000000, 0.8660254037844387100, 1.000000000000000000, 0.8660254037844387100, 1.000000000000000000, 0.8660254037844387100, 1.000000000000000000, 0.8660254037844387100, 1.000000000000000000, 0.8660254037844387100, 1.000000000000000000, 0.8660254037844387100, 1.000000000000000000, 0.8660254037844387100, 1.000000000000000000, 0.8660254037844387100, 1.000000000000000000, 0.8660254037844387100, 1.000000000000000000, 0.8660254037844387100, 1.000000000000000000, 0.8660254037844387100, 1.000000000000000000, 0.8660254037844387100, 1.000000000000000000, 0.8660254037844387100, 1.000000000000000000, 0.8660254037844387100, 1.000000000000000000, 0.8660254037844387100, 1.000000000000000000, 0.8660254037844387100, 1.000000000000000000, 0.8660254037844387100, 1.000000000000000000, 0.8660254037844387100, 1.000000000000000000, 0.8660254037844387100, 1.000000000000000000, 0.8660254037844387100, 1.000000000000000000, 0.8660254037844387100, 1.000000000000000000, 0.8660254037844387100, 1.000000000000000000, 0.8660254037844387100, 1.000000000000000000, 0.8660254037844387100, 1.000000000000000000, 0.8660254037844387100, 1.000000000000000000, 0.8660254037844387100, 1.000000000000000000, 0.8660254037844387100, 1.000000000000000000, 0.8660254037844387100, 1.000000000000000000, 0.8660254037844387100, 1.000000000000000000, 0.8660254037844387100, 1.000000000000000000, 0.8660254037844387100, 1.000000000000000000, 0.8660254037844387100, 1.000000000000000000, 0.8660254037844387100, 1.000000000000000000, 0.8660254037844387100, 1.000000000000000000, 0.8660254037844387100, 1.000000000000000000, 0.8660254037844387100, 1.000000000000000000, 0.8660254037844387100, 1.000000000000000000, 0.8660254037844387100, 1.000000000000000000, 0.8660254037844387100, 1.000000000000000000, 0.8660254037844387100, 1.000000000000000000, 0.8660254037844387100, 1.000000000000000000, 0.8660254037844387100, 1.000000000000000000, 0.8660254037844387100, 1.000000000000000000, 0.8660254037844387100, 1.000000000000000000, 0.8660254037844387100, 1.000000000000000000, 0.8660254037844387100, 1.000000000000000000, 0.8660254037844387100, 1.000000000000000000, 0.8660254037844387100, 1.000000000000000000, 0.8660254037844387100, 1.000000000000000000, 0.8660254037844387100, 1.000000000000000000, 0.8660254037844387100, 1.000000000000000000, 0.9401259342038432700, 0.9337680402227446200),
 ( 1.000000000000000000, 0.8660254037844387100, 1.000000000000000000, 0.8660254037844387100, 1.000000000000000000, 0.8660254037844387100, 1.000000000000000000, 0.8660254037844387100, 1.000000000000000000, 0.8660254037844387100, 1.000000000000000000, 0.8660254037844387100, 1.000000000000000000, 0.8660254037844387100, 1.000000000000000000, 0.8660254037844387100, 1.000000000000000000, 0.8660254037844387100, 1.000000000000000000, 0.8660254037844387100, 1.000000000000000000, 0.8660254037844387100, 1.000000000000000000, 0.8660254037844387100, 1.000000000000000000, 0.8660254037844387100, 1.000000000000000000, 0.8660254037844387100, 1.000000000000000000, 0.8660254037844387100, 1.000000000000000000, 0.8660254037844387100, 1.000000000000000000, 0.8660254037844387100, 1.000000000000000000, 0.8660254037844387100, 1.000000000000000000, 0.8660254037844387100, 1.000000000000000000, 0.8660254037844387100, 1.000000000000000000, 0.8660254037844387100, 1.000000000000000000, 0.8660254037844387100, 1.000000000000000000, 0.8660254037844387100, 1.000000000000000000, 0.8660254037844387100, 1.000000000000000000, 0.8660254037844387100, 1.000000000000000000, 0.8660254037844387100, 1.000000000000000000, 0.8660254037844387100, 1.000000000000000000, 0.8660254037844387100, 1.000000000000000000, 0.8660254037844387100, 1.000000000000000000, 0.8660254037844387100, 1.000000000000000000, 0.8660254037844387100, 1.000000000000000000, 0.8660254037844387100, 1.000000000000000000, 0.8660254037844387100, 1.000000000000000000, 0.8660254037844387100, 1.000000000000000000, 0.8660254037844387100, 1.000000000000000000, 0.8660254037844387100, 1.000000000000000000, 0.8660254037844387100, 1.000000000000000000, 0.8660254037844387100, 1.000000000000000000, 0.8660254037844387100, 1.000000000000000000, 0.8660254037844387100, 1.000000000000000000, 0.8660254037844387100, 1.000000000000000000, 0.8660254037844387100, 1.000000000000000000, 0.8660254037844387100, 1.000000000000000000, 0.8660254037844387100, 1.000000000000000000, 0.8660254037844387100, 1.000000000000000000, 0.8660254037844387100, 1.000000000000000000, 0.8660254037844387100, 1.000000000000000000, 0.8660254037844387100, 1.000000000000000000, 0.8660254037844387100, 1.000000000000000000, 0.8660254037844387100, 1.000000000000000000, 0.8660254037844387100, 1.000000000000000000, 0.8660254037844387100, 1.000000000000000000, 0.8660254037844387100, 1.000000000000000000, 0.8660254037844387100, 1.000000000000000000, 0.8660254037844387100, 1.000000000000000000, 0.9401259342038432700, 0.9337680402227446200) ) ) 
 REPRESENTATION_ITEM ( '' )  SURFACE ( )  );
#1466 = AXIS2_PLACEMENT_3D ( 'NONE', #3795, #2359, #2368 ) ;
#1467 = CARTESIAN_POINT ( 'NONE',  ( -10.48840856480517800, -1.460291965778541400, 3.178818931451387300 ) ) ;
#1468 = FACE_OUTER_BOUND ( 'NONE', #58, .T. ) ;
#1469 = AXIS2_PLACEMENT_3D ( 'NONE', #3718, #3776, #3715 ) ;
#1470 = LINE ( 'NONE', #506, #2486 ) ;
#1471 = CARTESIAN_POINT ( 'NONE',  ( -6.091180556519058900, 0.3749999999999964500, 2.793106854861110200 ) ) ;
#1472 = CARTESIAN_POINT ( 'NONE',  ( -6.561550926889429600, -1.237600994529454400, 2.793106854861109300 ) ) ;
#1473 = CARTESIAN_POINT ( 'NONE',  ( -10.42961226850888300, -2.377937948667809800, 1.589409465725692700 ) ) ;
#1474 = CARTESIAN_POINT ( 'NONE',  ( -3.989212964889968600, -1.458087104677063400, -3.175000000000000300 ) ) ;
#1475 = VECTOR ( 'NONE', #2566, 1000.000000000000000 ) ;
#1476 = LINE ( 'NONE', #3332, #78 ) ;
#1477 = CARTESIAN_POINT ( 'NONE',  ( -5.664907407407413900, 2.208087104677045600, 3.175000000000048700 ) ) ;
#1478 = VECTOR ( 'NONE', #2870, 1000.000000000000000 ) ;
#1479 = CARTESIAN_POINT ( 'NONE',  ( -5.091643519482021300, -1.237600994529452800, -2.793106854861112000 ) ) ;
#1480 = CARTESIAN_POINT ( 'NONE',  ( -10.37081597221258600, -3.295583931557077400, -2.132385635423935400E-015 ) ) ;
#1481 = LINE ( 'NONE', #3410, #3825 ) ;
#1482 = CARTESIAN_POINT ( 'NONE',  ( -7.796273149111652100, 1.987600994529450200, -2.793106854861110700 ) ) ;
#1483 = CARTESIAN_POINT ( 'NONE',  ( -6.502754630593132700, -2.043901491794180000, 1.396553427430553800 ) ) ;
#1484 = CARTESIAN_POINT ( 'NONE',  ( -10.31201967591629100, -2.377937948667808500, -1.589409465725695600 ) ) ;
#1485 = CARTESIAN_POINT ( 'NONE',  ( -10.08932870466720500, -1.237600994529454400, 2.793106854861109300 ) ) ;
#1486 = FACE_OUTER_BOUND ( 'NONE', #1013, .T. ) ;
#1487 = AXIS2_PLACEMENT_3D ( 'NONE', #2471, #708, #2780 ) ;
#1488 = VERTEX_POINT ( 'NONE', #136 ) ;
#1489 = ORIENTED_EDGE ( 'NONE', *, *, #1091, .F. ) ;
#1490 = CARTESIAN_POINT ( 'NONE',  ( -8.250000000000000000, 0.3970633844065994400, -4.336808689942017700E-016 ) ) ;
#1491 = VECTOR ( 'NONE', #2395, 1000.000000000000000 ) ;
#1492 = CARTESIAN_POINT ( 'NONE',  ( -8.413319662453934800, 0.4027666326926238000, -0.2638216550549943900 ) ) ;
#1493 = CARTESIAN_POINT ( 'NONE',  ( -5.723703703703711700, 3.124630657015601300, 1.587500000000004800 ) ) ;
#1494 = EDGE_CURVE ( 'NONE', #1488, #322, #2815, .T. ) ;
#1495 = ORIENTED_EDGE ( 'NONE', *, *, #795, .T. ) ;
#1496 = CARTESIAN_POINT ( 'NONE',  ( -10.25322337961999400, -1.460291965778539400, -3.178818931451389500 ) ) ;
#1497 = DIRECTION ( 'NONE',  ( 0.0000000000000000000, 0.0000000000000000000, 1.000000000000000000 ) ) ;
#1498 = EDGE_CURVE ( 'NONE', #499, #2020, #1640, .T. ) ;
#1499 = CARTESIAN_POINT ( 'NONE',  ( -1.749999999999999800, 3.549999999999996300, 3.175000000000002000 ) ) ;
#1500 = EDGE_LOOP ( 'NONE', ( #2062, #3277, #451, #1723 ) ) ;
#1501 = ORIENTED_EDGE ( 'NONE', *, *, #2960, .T. ) ;
#1502 = CARTESIAN_POINT ( 'NONE',  ( -6.443958334296836700, -2.850201989058905200, -1.926267905190632200E-015 ) ) ;
#1503 = CARTESIAN_POINT ( 'NONE',  ( -10.19442708332369700, 0.3749999999999991700, -3.178818931451389100 ) ) ;
#1504 = CARTESIAN_POINT ( 'NONE',  ( -9.324976852815355600, -2.043901491794180000, 1.396553427430553800 ) ) ;
#1505 = VERTEX_POINT ( 'NONE', #122 ) ;
#1506 = CARTESIAN_POINT ( 'NONE',  ( -4.751367459923211600, 1.470391523054607000, -2.696243858012672000 ) ) ;
#1507 = CARTESIAN_POINT ( 'NONE',  ( -8.494981253606662000, 0.4056183182935975100, -0.2663643204133163100 ) ) ;
#1508 = EDGE_LOOP ( 'NONE', ( #1393, #416, #592, #500 ) ) ;
#1509 = CARTESIAN_POINT ( 'NONE',  ( -5.782500000000008600, 4.041174209354134700, 8.140062767690562400E-016 ) ) ;
#1510 = AXIS2_PLACEMENT_3D ( 'NONE', #2276, #2266, #2240 ) ;
#1511 = FILL_AREA_STYLE ('',( #3257 ) ) ;
#1512 = CARTESIAN_POINT ( 'NONE',  ( -6.385162038000539800, -2.043901491794178700, -1.396553427430556400 ) ) ;
#1513 = CARTESIAN_POINT ( 'NONE',  ( -10.13563078702740100, 2.210291965778536000, -3.178818931451389500 ) ) ;
#1514 = CARTESIAN_POINT ( 'NONE',  ( -8.560625000963501200, -2.850201989058905200, -1.926267905190632200E-015 ) ) ;
#1515 = CARTESIAN_POINT ( 'NONE',  ( -4.643113928774752700, 3.026613504052129100, 0.8777271215647730600 ) ) ;
#1516 = CARTESIAN_POINT ( 'NONE',  ( -8.679982128498126700, 0.4120786912014540200, -0.2721246210541160000 ) ) ;
#1517 = CARTESIAN_POINT ( 'NONE',  ( -5.841296296296304600, 3.124630657015600800, -1.587500000000006400 ) ) ;
#1518 = PRODUCT_DEFINITION ( 'UNKNOWN', '', #1717, #2478 ) ;
#1519 = EDGE_CURVE ( 'NONE', #1886, #1720, #3620, .T. ) ;
#1520 = CARTESIAN_POINT ( 'NONE',  ( -9.545000000000026600, -1.201662379255975300, -2.755859347252485500 ) ) ;
#1521 = FACE_OUTER_BOUND ( 'NONE', #2764, .T. ) ;
#1522 = CARTESIAN_POINT ( 'NONE',  ( -6.326365741704242900, -1.237600994529452800, -2.793106854861112000 ) ) ;
#1523 = CARTESIAN_POINT ( 'NONE',  ( -5.018148148148148900, 3.124630657015590600, 1.587499999999998600 ) ) ;
#1524 = CARTESIAN_POINT ( 'NONE',  ( -7.796273149111651300, -2.043901491794178700, -1.396553427430556400 ) ) ;
#1525 = FACE_OUTER_BOUND ( 'NONE', #56, .T. ) ;
#1526 = CARTESIAN_POINT ( 'NONE',  ( -9.207384260222763600, 1.987600994529450200, -2.793106854861110700 ) ) ;
#1527 = ORIENTED_EDGE ( 'NONE', *, *, #480, .T. ) ;
#1528 = VECTOR ( 'NONE', #1230, 1000.000000000000000 ) ;
#1529 = PLANE ( 'NONE',  #1955 ) ;
#1530 = CARTESIAN_POINT ( 'NONE',  ( -11.27000000000000300, 0.3749999999999978900, -4.336808689942017700E-016 ) ) ;
#1531 = ORIENTED_EDGE ( 'NONE', *, *, #154, .F. ) ;
#1532 = LINE ( 'NONE', #1499, #1007 ) ;
#1533 = PRODUCT_DEFINITION_SHAPE ( 'NONE', 'NONE',  #1518 ) ;
#1534 = CARTESIAN_POINT ( 'NONE',  ( -10.07683449073110500, 3.127937948667804500, -1.589409465725694700 ) ) ;
#1535 = DIRECTION ( 'NONE',  ( 1.000000000000000000, 0.0000000000000000000, 0.0000000000000000000 ) ) ;
#1536 = ORIENTED_EDGE ( 'NONE', *, *, #1987, .F. ) ;
#1537 = VERTEX_POINT ( 'NONE', #65 ) ;
#1538 = CARTESIAN_POINT ( 'NONE',  ( -9.266180556519058700, 0.3749999999999991100, -2.793106854861111100 ) ) ;
#1539 = CARTESIAN_POINT ( 'NONE',  ( -6.267569445407946900, 0.3749999999999991100, -2.793106854861111100 ) ) ;
#1540 = CARTESIAN_POINT ( 'NONE',  ( -10.01803819443480800, 4.045583931557073000, 8.155070111572242000E-016 ) ) ;
#1541 = CARTESIAN_POINT ( 'NONE',  ( -7.031921297259799500, -1.237600994529452800, -2.793106854861112000 ) ) ;
#1542 = VERTEX_POINT ( 'NONE', #114 ) ;
#1543 = CARTESIAN_POINT ( 'NONE',  ( -9.089791667630168000, 3.600201989058900300, 6.639328379517623000E-016 ) ) ;
#1544 = CARTESIAN_POINT ( 'NONE',  ( -8.249999999999998200, 0.3749999999999978900, -0.3800000000000004500 ) ) ;
#1545 = ORIENTED_EDGE ( 'NONE', *, *, #222, .T. ) ;
#1546 = CARTESIAN_POINT ( 'NONE',  ( -8.864988846820990500, 0.4185392681664314400, -0.2776990740247503600 ) ) ;
#1547 = CARTESIAN_POINT ( 'NONE',  ( -9.959241898138511600, 3.127937948667804900, 1.589409465725693000 ) ) ;
#1548 = EDGE_LOOP ( 'NONE', ( #467, #1071 ) ) ;
#1549 = CARTESIAN_POINT ( 'NONE',  ( -7.810972224149227600, 0.3749999999999962300, 3.174999999999999400 ) ) ;
#1550 = EDGE_CURVE ( 'NONE', #868, #2150, #2396, .T. ) ;
#1551 = CARTESIAN_POINT ( 'NONE',  ( -8.972199075037577700, 1.987600994529448800, 2.793106854861110200 ) ) ;
#1552 = CARTESIAN_POINT ( 'NONE',  ( -6.208773149111650900, 1.987600994529450200, -2.793106854861111100 ) ) ;
#1553 = EDGE_LOOP ( 'NONE', ( #510, #404, #310, #553 ) ) ;
#1554 = CARTESIAN_POINT ( 'NONE',  ( -9.900445601842216400, 2.210291965778535600, 3.178818931451388600 ) ) ;
#1555 = CARTESIAN_POINT ( 'NONE',  ( -6.267569445407946900, 0.3749999999999991100, -2.793106854861111100 ) ) ;
#1556 = CARTESIAN_POINT ( 'NONE',  ( -9.030995371333872900, 2.793901491794175600, 1.396553427430554200 ) ) ;
#1557 = CIRCLE ( 'NONE', #1141, 2.089999999999999900 ) ;
#1558 = DIRECTION ( 'NONE',  ( -1.000000000000000000, 0.0000000000000000000, -0.0000000000000000000 ) ) ;
#1559 = CARTESIAN_POINT ( 'NONE',  ( -4.209699075037576700, -1.237600994529452800, -2.793106854861112000 ) ) ;
#1560 = CARTESIAN_POINT ( 'NONE',  ( -11.27000000000000300, 0.3749999999999978900, -4.336808689942017700E-016 ) ) ;
#1561 = FACE_OUTER_BOUND ( 'NONE', #244, .T. ) ;
#1562 = CARTESIAN_POINT ( 'NONE',  ( -9.724056712953327500, -2.377937948667809800, 1.589409465725692700 ) ) ;
#1563 = DIRECTION ( 'NONE',  ( -0.0000000000000000000, -0.0000000000000000000, 1.000000000000000000 ) ) ;
#1564 = LINE ( 'NONE', #2796, #2680 ) ;
#1565 = CARTESIAN_POINT ( 'NONE',  ( -9.383773149111650700, -2.043901491794178700, -1.396553427430556400 ) ) ;
#1566 = CARTESIAN_POINT ( 'NONE',  ( -9.665260416657034200, -3.295583931557077400, -2.132385635423935400E-015 ) ) ;
#1567 = CARTESIAN_POINT ( 'NONE',  ( -5.503217593556095200, 1.987600994529450200, -2.793106854861111100 ) ) ;
#1568 = CARTESIAN_POINT ( 'NONE',  ( -9.324976852815355600, -1.237600994529452800, -2.793106854861112000 ) ) ;
#1569 = EDGE_CURVE ( 'NONE', #2907, #628, #3338, .T. ) ;
#1570 = CARTESIAN_POINT ( 'NONE',  ( -9.455063659344048700, 3.127937948667804500, -1.589409465725694700 ) ) ;
#1571 = DIRECTION ( 'NONE',  ( 0.0000000000000000000, 1.000000000000000000, 5.240210401238766900E-016 ) ) ;
#1572 = CARTESIAN_POINT ( 'NONE',  ( -5.958888888888889600, 0.3749999999999991700, -3.175000000000000300 ) ) ;
#1573 = CIRCLE ( 'NONE', #2292, 2.239999999934755100 ) ;
#1574 = EDGE_CURVE ( 'NONE', #2241, #1593, #2261, .T. ) ;
#1575 = CARTESIAN_POINT ( 'NONE',  ( -9.606464120360735500, -2.377937948667808500, -1.589409465725695600 ) ) ;
#1576 = CIRCLE ( 'NONE', #1463, 2.089999999999999900 ) ;
#1577 = CARTESIAN_POINT ( 'NONE',  ( -5.135740740740741800, 3.124630657015590200, -1.587500000000000400 ) ) ;
#1578 = ORIENTED_EDGE ( 'NONE', *, *, #1937, .T. ) ;
#1579 = LINE ( 'NONE', #3643, #3029 ) ;
#1580 = ORIENTED_EDGE ( 'NONE', *, *, #1759, .F. ) ;
#1581 = DIRECTION ( 'NONE',  ( 1.000000000000000000, 0.0000000000000000000, 0.0000000000000000000 ) ) ;
#1582 = VECTOR ( 'NONE', #2271, 1000.000000000000000 ) ;
#1583 = CARTESIAN_POINT ( 'NONE',  ( -8.690711807492196100, 4.045583931557073000, 8.155070111572242000E-016 ) ) ;
#1584 = VECTOR ( 'NONE', #1649, 1000.000000000000000 ) ;
#1585 = DIRECTION ( 'NONE',  ( -1.000000000000000000, 0.0000000000000000000, 0.0000000000000000000 ) ) ;
#1586 = CARTESIAN_POINT ( 'NONE',  ( -5.900092592592598000, 2.208087104677089100, -3.174999999999975800 ) ) ;
#1587 = VERTEX_POINT ( 'NONE', #149 ) ;
#1588 = DIRECTION ( 'NONE',  ( -0.0000000000000000000, -5.240210400945518800E-016, 1.000000000000000000 ) ) ;
#1589 = VERTEX_POINT ( 'NONE', #144 ) ;
#1590 =( BOUNDED_CURVE ( )  B_SPLINE_CURVE ( 2, ( #2382, #2685, #926, #2997, #1245, #3295, #1549 ),
 .UNSPECIFIED., .F., .F. ) 
 B_SPLINE_CURVE_WITH_KNOTS ( ( 3, 2, 2, 3 ),
 ( -0.07458800648415132900, -0.07127298659230386900, -0.06795796670045641000, -0.06464294680860895000 ),
 .UNSPECIFIED. ) 
 CURVE ( )  GEOMETRIC_REPRESENTATION_ITEM ( )  RATIONAL_B_SPLINE_CURVE ( ( 0.9999999999999977800, 0.8660254037844410400, 1.000000000000000000, 0.8660254037844388200, 1.000000000000000000, 0.8660254037847811000, 0.9999999999996577200 ) ) 
 REPRESENTATION_ITEM ( '' )  );
#1591 = ORIENTED_EDGE ( 'NONE', *, *, #2196, .F. ) ;
#1592 = CARTESIAN_POINT ( 'NONE',  ( -9.547667824064440400, -1.460291965778539400, -3.178818931451389500 ) ) ;
#1593 = VERTEX_POINT ( 'NONE', #184 ) ;
#1594 = AXIS2_PLACEMENT_3D ( 'NONE', #2073, #2671, #910 ) ;
#1595 = EDGE_CURVE ( 'NONE', #190, #1075, #2300, .T. ) ;
#1596 = CARTESIAN_POINT ( 'NONE',  ( -7.926359955640343500, 3.127937948667804900, 1.589409465725693000 ) ) ;
#1597 = CARTESIAN_POINT ( 'NONE',  ( -4.599999999982173900, 0.3749999999999978900, -4.336808689942017700E-016 ) ) ;
#1598 = ORIENTED_EDGE ( 'NONE', *, *, #227, .F. ) ;
#1599 = CARTESIAN_POINT ( 'NONE',  ( 0.0000000000000000000, 0.0000000000000000000, 0.0000000000000000000 ) ) ;
#1600 = DIRECTION ( 'NONE',  ( 1.000000000000000000, 0.0000000000000000000, 0.0000000000000000000 ) ) ;
#1601 = DIRECTION ( 'NONE',  ( 0.0000000000000000000, 0.0000000000000000000, 1.000000000000000000 ) ) ;
#1602 = DIRECTION ( 'NONE',  ( 1.000000000000000000, 0.0000000000000000000, 0.0000000000000000000 ) ) ;
#1603 = ORIENTED_EDGE ( 'NONE', *, *, #1627, .T. ) ;
#1604 = CARTESIAN_POINT ( 'NONE',  ( -9.488871527768143500, 0.3749999999999991700, -3.178818931451389100 ) ) ;
#1605 = ADVANCED_FACE ( 'NONE', ( #1995 ), #1185, .T. ) ;
#1606 = LINE ( 'NONE', #2408, #2215 ) ;
#1607 = CARTESIAN_POINT ( 'NONE',  ( -9.430075231471846600, 2.210291965778536000, -3.178818931451389500 ) ) ;
#1608 = CARTESIAN_POINT ( 'NONE',  ( -7.162008103788492600, 2.210291965778535600, 3.178818931451388600 ) ) ;
#1609 = CARTESIAN_POINT ( 'NONE',  ( -4.599999999982173900, 0.3749999999999982200, 2.750000000011370500 ) ) ;
#1610 =( LENGTH_UNIT ( ) NAMED_UNIT ( * ) SI_UNIT ( .MILLI., .METRE. ) );
#1611 = CARTESIAN_POINT ( 'NONE',  ( -4.778366272877681500, 0.3749999999999991700, -2.928366272906878500 ) ) ;
#1612 = CARTESIAN_POINT ( 'NONE',  ( -9.841649305545921300, 0.3749999999999962300, 3.178818931451388200 ) ) ;
#1613 = DIRECTION ( 'NONE',  ( -1.000000000000000000, 0.0000000000000000000, 0.0000000000000000000 ) ) ;
#1614 = CARTESIAN_POINT ( 'NONE',  ( -5.620810186148689000, 2.793901491794175600, -1.396553427430555800 ) ) ;
#1615 = CARTESIAN_POINT ( 'NONE',  ( -11.27000000000000300, 0.3749999999999978900, -3.175000000000000300 ) ) ;
#1616 = CARTESIAN_POINT ( 'NONE',  ( -9.371278935175549700, 3.127937948667804500, -1.589409465725694700 ) ) ;
#1617 = CARTESIAN_POINT ( 'NONE',  ( -3.399999999999999900, 0.3749999999999978900, 3.175000000000002000 ) ) ;
#1618 = AXIS2_PLACEMENT_3D ( 'NONE', #1530, #1318, #1302 ) ;
#1619 = EDGE_CURVE ( 'NONE', #803, #2376, #1945, .T. ) ;
#1620 = VECTOR ( 'NONE', #3246, 1000.000000000000000 ) ;
#1621 = CARTESIAN_POINT ( 'NONE',  ( -9.312482638879252800, 4.045583931557073000, 8.155070111572242000E-016 ) ) ;
#1622 = CARTESIAN_POINT ( 'NONE',  ( -6.397656251936641800, 0.3749999999999962300, 3.178818931451388200 ) ) ;
#1623 = DIRECTION ( 'NONE',  ( 1.000000000000000000, 0.0000000000000000000, 0.0000000000000000000 ) ) ;
#1624 = ORIENTED_EDGE ( 'NONE', *, *, #2930, .F. ) ;
#1625 = FACE_OUTER_BOUND ( 'NONE', #420, .T. ) ;
#1626 = DIRECTION ( 'NONE',  ( 0.9993908270190956500, 0.03489949670250105200, 0.0000000000000000000 ) ) ;
#1627 = EDGE_CURVE ( 'NONE', #2025, #361, #1234, .T. ) ;
#1628 = CARTESIAN_POINT ( 'NONE',  ( -5.620810186148689000, 2.793901491794175600, -1.396553427430555800 ) ) ;
#1629 = ADVANCED_FACE ( 'NONE', ( #3209 ), #648, .T. ) ;
#1630 = CARTESIAN_POINT ( 'NONE',  ( -4.643106854831913200, 0.06345035974982807200, 2.793106854861053400 ) ) ;
#1631 = CYLINDRICAL_SURFACE ( 'NONE', #844, 3.174999999999999800 ) ;
#1632 = VERTEX_POINT ( 'NONE', #3607 ) ;
#1633 = CARTESIAN_POINT ( 'NONE',  ( -6.149976852815355800, 2.793901491794175600, -1.396553427430555800 ) ) ;
#1634 = CARTESIAN_POINT ( 'NONE',  ( -9.253686342582957600, 3.127937948667804900, 1.589409465725693000 ) ) ;
#1635 = CARTESIAN_POINT ( 'NONE',  ( -5.633304400084789200, -1.460291965778541400, 3.178818931451387300 ) ) ;
#1636 = ORIENTED_EDGE ( 'NONE', *, *, #2721, .T. ) ;
#1637 = CARTESIAN_POINT ( 'NONE',  ( -9.050000000001000800, 0.4250000000000330200, -0.2831187913217089700 ) ) ;
#1638 = DIRECTION ( 'NONE',  ( 0.0000000000000000000, 0.0000000000000000000, 1.000000000000000000 ) ) ;
#1639 = LINE ( 'NONE', #3269, #2372 ) ;
#1640 =( BOUNDED_CURVE ( )  B_SPLINE_CURVE ( 2, ( #34, #84, #38, #43, #52 ),
 .UNSPECIFIED., .F., .T. ) 
 B_SPLINE_CURVE_WITH_KNOTS ( ( 3, 2, 3 ),
 ( 0.1209965950069137900, 0.1243135154205922300, 0.1274129825830940300 ),
 .UNSPECIFIED. ) 
 CURVE ( )  GEOMETRIC_REPRESENTATION_ITEM ( )  RATIONAL_B_SPLINE_CURVE ( ( 1.000000000000000000, 0.8660254037844387100, 1.000000000000000000, 0.8748086146815131600, 0.9835852113638023900 ) ) 
 REPRESENTATION_ITEM ( '' )  );
#1641 = ORIENTED_EDGE ( 'NONE', *, *, #3132, .F. ) ;
#1642 = EDGE_LOOP ( 'NONE', ( #1116, #360 ) ) ;
#1643 = ADVANCED_FACE ( 'NONE', ( #69 ), #1373, .F. ) ;
#1644 = EDGE_LOOP ( 'NONE', ( #3791, #2191, #675, #3140 ) ) ;
#1645 = CARTESIAN_POINT ( 'NONE',  ( -6.091180556519057100, 3.600201989058900300, 6.639328379517623000E-016 ) ) ;
#1646 = EDGE_CURVE ( 'NONE', #1163, #2665, #2131, .T. ) ;
#1647 = CARTESIAN_POINT ( 'NONE',  ( -7.193611111111113000, 4.041174209354120500, 8.140062767690513100E-016 ) ) ;
#1648 = CARTESIAN_POINT ( 'NONE',  ( -4.868952548232936600, -2.377937948667809800, 1.589409465725692700 ) ) ;
#1649 = DIRECTION ( 'NONE',  ( 0.0000000000000000000, 0.0000000000000000000, -1.000000000000000000 ) ) ;
#1650 = CARTESIAN_POINT ( 'NONE',  ( -9.269999999999999600, 0.3749999999999978900, 2.329999999999999600 ) ) ;
#1651 = CARTESIAN_POINT ( 'NONE',  ( -9.194890046286660700, 2.210291965778535600, 3.178818931451388600 ) ) ;
#1652 = LINE ( 'NONE', #1992, #2579 ) ;
#1653 = CARTESIAN_POINT ( 'NONE',  ( -9.136093749990363800, 0.3749999999999962300, 3.178818931451388200 ) ) ;
#1654 = CARTESIAN_POINT ( 'NONE',  ( -4.104600696381085700, -3.295583931557077400, -2.132385635423935400E-015 ) ) ;
#1655 = CARTESIAN_POINT ( 'NONE',  ( -4.730561283124511200, 0.3750000000001883500, 2.880561283153705500 ) ) ;
#1656 = DIRECTION ( 'NONE',  ( -1.000000000000000000, 0.0000000000000000000, 0.0000000000000000000 ) ) ;
#1657 = ADVANCED_FACE ( 'NONE', ( #743 ), #3653, .F. ) ;
#1658 = CARTESIAN_POINT ( 'NONE',  ( -1.749999999999999800, -2.800000000000002500, 3.174999999999998500 ) ) ;
#1659 = CARTESIAN_POINT ( 'NONE',  ( -4.753965375077088500, 0.6547943333031259700, 2.903965375106265100 ) ) ;
#1660 = LINE ( 'NONE', #938, #843 ) ;
#1661 = CARTESIAN_POINT ( 'NONE',  ( -9.618958334296836600, 0.3749999999999964500, 2.793106854861110200 ) ) ;
#1662 = ORIENTED_EDGE ( 'NONE', *, *, #29, .F. ) ;
#1663 = AXIS2_PLACEMENT_3D ( 'NONE', #1965, #2258, #505 ) ;
#1664 = LINE ( 'NONE', #746, #3217 ) ;
#1665 = ORIENTED_EDGE ( 'NONE', *, *, #3351, .T. ) ;
#1666 = CARTESIAN_POINT ( 'NONE',  ( -6.032384260222762900, 2.793901491794175600, 1.396553427430554200 ) ) ;
#1667 = AXIS2_PLACEMENT_3D ( 'NONE', #3808, #3783, #3818 ) ;
#1668 = VECTOR ( 'NONE', #3480, 1000.000000000000000 ) ;
#1669 = CARTESIAN_POINT ( 'NONE',  ( -9.077297453694068700, -1.460291965778541400, 3.178818931451387300 ) ) ;
#1670 = CARTESIAN_POINT ( 'NONE',  ( -3.405731553879744600, -2.798675964551007300, 0.1807503000965522400 ) ) ;
#1671 = CARTESIAN_POINT ( 'NONE',  ( -4.779422857270413200, 0.9421489159159443000, 2.887541099622819900 ) ) ;
#1672 = DIRECTION ( 'NONE',  ( -0.0000000000000000000, -5.240210400945518800E-016, 1.000000000000000000 ) ) ;
#1673 = ORIENTED_EDGE ( 'NONE', *, *, #537, .F. ) ;
#1674 = LINE ( 'NONE', #2122, #88 ) ;
#1675 = CARTESIAN_POINT ( 'NONE',  ( -9.486666666666668100, 0.3749999999999991700, -3.175000000000000700 ) ) ;
#1676 = CARTESIAN_POINT ( 'NONE',  ( -4.817794596638840700, 1.354722961623543400, 2.804898570531762800 ) ) ;
#1677 = VERTEX_POINT ( 'NONE', #3487 ) ;
#1678 = VECTOR ( 'NONE', #1535, 1000.000000000000000 ) ;
#1679 = ORIENTED_EDGE ( 'NONE', *, *, #3483, .F. ) ;
#1680 = CARTESIAN_POINT ( 'NONE',  ( -6.679143519482021700, -2.043901491794180000, 1.396553427430553800 ) ) ;
#1681 = ADVANCED_FACE ( 'NONE', ( #570 ), #3806, .F. ) ;
#1682 = ORIENTED_EDGE ( 'NONE', *, *, #3764, .F. ) ;
#1683 = CARTESIAN_POINT ( 'NONE',  ( -5.973587963926466000, 1.987600994529448800, 2.793106854861110700 ) ) ;
#1684 = CARTESIAN_POINT ( 'NONE',  ( -8.724519675916290900, 2.210291965778536000, -3.178818931451389500 ) ) ;
#1685 = CARTESIAN_POINT ( 'NONE',  ( -9.222083335260340000, 0.3749999999999962300, 3.174999999999999400 ) ) ;
#1686 = CARTESIAN_POINT ( 'NONE',  ( -4.830706814837864900, 1.490228918741543400, 2.767799161734648000 ) ) ;
#1687 = ORIENTED_EDGE ( 'NONE', *, *, #1934, .F. ) ;
#1688 = CARTESIAN_POINT ( 'NONE',  ( -1.749999999999999800, 3.549999999999996300, 3.175000000000002000 ) ) ;
#1689 = CARTESIAN_POINT ( 'NONE',  ( -6.958425925925933300, -1.458087104677094700, 3.174999999999975000 ) ) ;
#1690 = EDGE_LOOP ( 'NONE', ( #365, #665, #558, #195 ) ) ;
#1691 = DIRECTION ( 'NONE',  ( 0.0000000000000000000, 0.0000000000000000000, -1.000000000000000000 ) ) ;
#1692 = CARTESIAN_POINT ( 'NONE',  ( -4.856770285586413200, 1.757100396909880800, 2.674004612565960200 ) ) ;
#1693 = CARTESIAN_POINT ( 'NONE',  ( -8.665723379619993900, 3.127937948667804500, -1.589409465725694700 ) ) ;
#1694 = ORIENTED_EDGE ( 'NONE', *, *, #666, .F. ) ;
#1695 = EDGE_CURVE ( 'NONE', #3240, #2102, #289, .T. ) ;
#1696 = CARTESIAN_POINT ( 'NONE',  ( -5.914791667630169900, 0.3749999999999964500, 2.793106854861110200 ) ) ;
#1697 = EDGE_CURVE ( 'NONE', #1632, #2521, #923, .T. ) ;
#1698 = CARTESIAN_POINT ( 'NONE',  ( -8.606927083323700600, 4.045583931557073000, 8.155070111572242000E-016 ) ) ;
#1699 = CARTESIAN_POINT ( 'NONE',  ( -8.457731483408489100, -1.458087104677065600, 3.174999999999998500 ) ) ;
#1700 = FACE_OUTER_BOUND ( 'NONE', #3072, .T. ) ;
#1701 = ADVANCED_FACE ( 'NONE', ( #652 ), #1465, .T. ) ;
#1702 = PLANE ( 'NONE',  #1663 ) ;
#1703 = CARTESIAN_POINT ( 'NONE',  ( -8.548130787027400100, 3.127937948667804900, 1.589409465725693000 ) ) ;
#1704 = CARTESIAN_POINT ( 'NONE',  ( -4.869880587907151600, 1.887983975419043100, 2.617281715739596200 ) ) ;
#1705 = CARTESIAN_POINT ( 'NONE',  ( -6.502754630593134500, -1.237600994529452800, -2.793106854861112000 ) ) ;
#1706 = CARTESIAN_POINT ( 'NONE',  ( -8.489334490731110300, 2.210291965778535600, 3.178818931451388600 ) ) ;
#1707 = CARTESIAN_POINT ( 'NONE',  ( -7.693379631556636500, -2.374630657015595500, 1.587499999999998400 ) ) ;
#1708 = LINE ( 'NONE', #1189, #1620 ) ;
#1709 = FACE_OUTER_BOUND ( 'NONE', #1690, .T. ) ;
#1710 = DIRECTION ( 'NONE',  ( 0.0000000000000000000, 0.0000000000000000000, 1.000000000000000000 ) ) ;
#1711 = CARTESIAN_POINT ( 'NONE',  ( -6.811435187112189200, -1.458087104677020300, -3.175000000000073100 ) ) ;
#1712 = CARTESIAN_POINT ( 'NONE',  ( -4.895543614561293400, 2.137535387803629400, 2.487651550988934100 ) ) ;
#1713 = ORIENTED_EDGE ( 'NONE', *, *, #3436, .T. ) ;
#1714 = VECTOR ( 'NONE', #1952, 1000.000000000000000 ) ;
#1715 = CARTESIAN_POINT ( 'NONE',  ( -8.430538194434809900, 0.3749999999999962300, 3.178818931451388200 ) ) ;
#1716 = CIRCLE ( 'NONE', #264, 0.3800000000000000000 ) ;
#1717 = PRODUCT_DEFINITION_FORMATION_WITH_SPECIFIED_SOURCE ( 'ANY', '', #2108, .NOT_KNOWN. ) ;
#1718 = EDGE_CURVE ( 'NONE', #723, #2344, #1818, .T. ) ;
#1719 = CARTESIAN_POINT ( 'NONE',  ( -6.929027779704783900, -3.291174209354125400, -2.130344865817665100E-015 ) ) ;
#1720 = VERTEX_POINT ( 'NONE', #3591 ) ;
#1721 = VERTEX_POINT ( 'NONE', #2339 ) ;
#1722 = CARTESIAN_POINT ( 'NONE',  ( -9.970000000000000600, 0.3749999999999978900, -4.336808689942017700E-016 ) ) ;
#1723 = ORIENTED_EDGE ( 'NONE', *, *, #3282, .F. ) ;
#1724 =( NAMED_UNIT ( * ) SI_UNIT ( $, .STERADIAN. ) SOLID_ANGLE_UNIT ( ) );
#1725 = CARTESIAN_POINT ( 'NONE',  ( -5.444421297259799200, 1.987600994529448800, 2.793106854861110700 ) ) ;
#1726 = CARTESIAN_POINT ( 'NONE',  ( -4.908197301932914600, 2.257246606972211000, 2.414410120406549300 ) ) ;
#1727 = VERTEX_POINT ( 'NONE', #3107 ) ;
#1728 = CARTESIAN_POINT ( 'NONE',  ( -8.371741898138514800, -1.460291965778541400, 3.178818931451387300 ) ) ;
#1729 = EDGE_LOOP ( 'NONE', ( #1844, #1060, #2232, #3467 ) ) ;
#1730 = CARTESIAN_POINT ( 'NONE',  ( -5.855995371333873900, -1.237600994529454400, 2.793106854861109300 ) ) ;
#1731 = CARTESIAN_POINT ( 'NONE',  ( -9.266180556519058700, 0.3749999999999991100, -2.793106854861111100 ) ) ;
#1732 = CARTESIAN_POINT ( 'NONE',  ( -6.164675927852931300, -2.374630657015594200, -1.587500000000001200 ) ) ;
#1733 = EDGE_LOOP ( 'NONE', ( #3694, #1545, #3787, #3039 ) ) ;
#1734 = CARTESIAN_POINT ( 'NONE',  ( -7.840370370370379800, 3.124630657015601300, 1.587500000000005000 ) ) ;
#1735 = CARTESIAN_POINT ( 'NONE',  ( -4.933174081845521600, 2.486511174447442400, 2.251031043895048300 ) ) ;
#1736 = DIRECTION ( 'NONE',  ( 0.9993908270190956500, 0.03489949670250105200, 0.0000000000000000000 ) ) ;
#1737 = CARTESIAN_POINT ( 'NONE',  ( -8.312945601842219600, -2.377937948667809800, 1.589409465725692700 ) ) ;
#1738 = AXIS2_PLACEMENT_3D ( 'NONE', #2554, #2560, #2573 ) ;
#1739 = CARTESIAN_POINT ( 'NONE',  ( -5.797199075037577000, -2.043901491794180000, 1.396553427430553800 ) ) ;
#1740 = LINE ( 'NONE', #3416, #3622 ) ;
#1741 = EDGE_CURVE ( 'NONE', #2338, #3311, #788, .T. ) ;
#1742 = CARTESIAN_POINT ( 'NONE',  ( -9.207384260222765300, 1.987600994529450200, -2.793106854861111100 ) ) ;
#1743 = CARTESIAN_POINT ( 'NONE',  ( -5.400324076001079600, -1.458087104677063400, -3.175000000000000300 ) ) ;
#1744 = CARTESIAN_POINT ( 'NONE',  ( -1.749999999999999800, 1.019999999999998900, 3.175000000000000700 ) ) ;
#1745 = CARTESIAN_POINT ( 'NONE',  ( -4.945589577218152400, 2.596834003954654700, 2.160083608694733900 ) ) ;
#1746 = DIRECTION ( 'NONE',  ( 0.03489949670250105900, -0.9993908270190957600, -5.237018206355012000E-016 ) ) ;
#1747 = CARTESIAN_POINT ( 'NONE',  ( -4.092106482444984600, 2.793901491794175600, 1.396553427430554200 ) ) ;
#1748 =( BOUNDED_CURVE ( )  B_SPLINE_CURVE ( 2, ( #3283, #2732, #2946, #3014, #3115, #2449, #2585 ),
 .UNSPECIFIED., .F., .T. ) 
 B_SPLINE_CURVE_WITH_KNOTS ( ( 3, 2, 2, 3 ),
 ( -0.1044227851393737000, -0.1011078319759445100, -0.09779287881251531900, -0.09447792564908613600 ),
 .UNSPECIFIED. ) 
 CURVE ( )  GEOMETRIC_REPRESENTATION_ITEM ( )  RATIONAL_B_SPLINE_CURVE ( ( 0.9999999999999975600, 0.8660254037844411500, 1.000000000000000000, 0.8660254037844388200, 1.000000000000000000, 0.8660254037844366000, 1.000000000000002200 ) ) 
 REPRESENTATION_ITEM ( '' )  );
#1749 = CARTESIAN_POINT ( 'NONE',  ( -9.148587963926466700, 2.793901491794175600, -1.396553427430555800 ) ) ;
#1750 = LINE ( 'NONE', #2004, #1475 ) ;
#1751 = CARTESIAN_POINT ( 'NONE',  ( -5.738402778741281000, -2.850201989058905200, -1.926267905190632200E-015 ) ) ;
#1752 = CARTESIAN_POINT ( 'NONE',  ( -4.635972224149226900, 0.3749999999999991700, -3.175000000000000300 ) ) ;
#1753 = VECTOR ( 'NONE', #1055, 1000.000000000000000 ) ;
#1754 = PLANE ( 'NONE',  #3469 ) ;
#1755 = CONICAL_SURFACE ( 'NONE', #3432, 2.239999999877911700, 0.7853981633974482800 ) ;
#1756 = CARTESIAN_POINT ( 'NONE',  ( -8.250000000000000000, 0.3970633844065994400, 0.3793589422545963800 ) ) ;
#1757 = CARTESIAN_POINT ( 'NONE',  ( -4.981479451091474600, 2.904109951734741300, 1.867912533418245400 ) ) ;
#1758 = CARTESIAN_POINT ( 'NONE',  ( -1.749999999999999800, -1.729999999999999100, -4.336808689942017700E-016 ) ) ;
#1759 = EDGE_CURVE ( 'NONE', #2198, #1216, #2776, .T. ) ;
#1760 = VECTOR ( 'NONE', #1979, 1000.000000000000000 ) ;
#1761 = CARTESIAN_POINT ( 'NONE',  ( -9.089791667630168000, 3.600201989058900300, 6.639328379517623000E-016 ) ) ;
#1762 = EDGE_CURVE ( 'NONE', #3239, #1175, #25, .T. ) ;
#1763 = ORIENTED_EDGE ( 'NONE', *, *, #578, .F. ) ;
#1764 = CARTESIAN_POINT ( 'NONE',  ( -5.679606482444984100, -2.043901491794178700, -1.396553427430556400 ) ) ;
#1765 = CARTESIAN_POINT ( 'NONE',  ( -8.195353009249624100, -2.377937948667808500, -1.589409465725695600 ) ) ;
#1766 = CARTESIAN_POINT ( 'NONE',  ( -3.871620372297376100, 2.208087104677060300, -3.175000000000000300 ) ) ;
#1767 = ORIENTED_EDGE ( 'NONE', *, *, #3455, .T. ) ;
#1768 = DIRECTION ( 'NONE',  ( -0.0000000000000000000, -0.0000000000000000000, 1.000000000000000000 ) ) ;
#1769 = ORIENTED_EDGE ( 'NONE', *, *, #1498, .T. ) ;
#1770 = CARTESIAN_POINT ( 'NONE',  ( -5.002703037444307600, 3.078170022983226900, 1.647095253400463500 ) ) ;
#1771 = CARTESIAN_POINT ( 'NONE',  ( -4.562476852815356300, -2.043901491794180000, 1.396553427430553800 ) ) ;
#1772 = CARTESIAN_POINT ( 'NONE',  ( -8.136556712953327200, -1.460291965778539400, -3.178818931451389500 ) ) ;
#1773 = ORIENTED_EDGE ( 'NONE', *, *, #3764, .T. ) ;
#1774 = ORIENTED_EDGE ( 'NONE', *, *, #2652, .T. ) ;
#1775 = CARTESIAN_POINT ( 'NONE',  ( -8.077760416657032000, 0.3749999999999991700, -3.178818931451389100 ) ) ;
#1776 = CARTESIAN_POINT ( 'NONE',  ( -9.971736112074614400, -2.850201989058905200, -1.926267905190632200E-015 ) ) ;
#1777 = CARTESIAN_POINT ( 'NONE',  ( -9.269999999999999600, 0.3749999999999978900, -4.336808689942017700E-016 ) ) ;
#1778 = LINE ( 'NONE', #3813, #565 ) ;
#1779 = CARTESIAN_POINT ( 'NONE',  ( 2.060000000000000100, -1.729999999999999100, -4.336808689942017700E-016 ) ) ;
#1780 = EDGE_CURVE ( 'NONE', #3504, #1537, #432, .T. ) ;
#1781 = CARTESIAN_POINT ( 'NONE',  ( -9.030995371333872900, 2.793901491794175600, 1.396553427430554200 ) ) ;
#1782 = CARTESIAN_POINT ( 'NONE',  ( -9.569517112626158500, 0.9526476971343257300, -3.110510376108654100 ) ) ;
#1783 = CYLINDRICAL_SURFACE ( 'NONE', #3124, 2.100000000000000100 ) ;
#1784 = CARTESIAN_POINT ( 'NONE',  ( -5.620810186148687200, -1.237600994529452800, -2.793106854861112000 ) ) ;
#1785 = CARTESIAN_POINT ( 'NONE',  ( -9.207384260222761800, -2.043901491794178700, -1.396553427430556400 ) ) ;
#1786 = B_SPLINE_CURVE_WITH_KNOTS ( 'NONE', 3,
 ( #2602, #2723, #2725, #2735, #2738, #2756, #2762, #2766, #2769, #2777, #2781, #2783, #2791, #2795 ),
 .UNSPECIFIED., .F., .F.,
 ( 4, 2, 2, 2, 2, 2, 4 ),
 ( 0.0000000000000000000, 0.0008729745304222194900, 0.001745949060844438300, 0.002182436326055547900, 0.002618923591266657600, 0.003055410856477767300, 0.003491898121688877100 ),
 .UNSPECIFIED. ) ;
#1787 = CARTESIAN_POINT ( 'NONE',  ( -4.733895970952259400, 2.056003379842141300, -2.354048529437117000 ) ) ;
#1788 = CARTESIAN_POINT ( 'NONE',  ( -5.025002296972696000, 3.223504914227633700, 1.402370248901129400 ) ) ;
#1789 = CARTESIAN_POINT ( 'NONE',  ( -8.018964120360736900, 2.210291965778536000, -3.178818931451389500 ) ) ;
#1790 = EDGE_LOOP ( 'NONE', ( #970, #92, #951, #2962 ) ) ;
#1791 = SURFACE_STYLE_USAGE ( .BOTH. , #3553 ) ;
#1792 = FACE_OUTER_BOUND ( 'NONE', #2717, .T. ) ;
#1793 = CARTESIAN_POINT ( 'NONE',  ( -9.030995371333872900, 2.793901491794175600, 1.396553427430554200 ) ) ;
#1794 = CARTESIAN_POINT ( 'NONE',  ( -7.960167824064439100, 3.127937948667804500, -1.589409465725694700 ) ) ;
#1795 = CARTESIAN_POINT ( 'NONE',  ( -8.443032408370911000, -1.237600994529452800, -2.793106854861112000 ) ) ;
#1796 = CIRCLE ( 'NONE', #2492, 2.330000000000000100 ) ;
#1797 = ORIENTED_EDGE ( 'NONE', *, *, #30, .T. ) ;
#1798 = ORIENTED_EDGE ( 'NONE', *, *, #1220, .T. ) ;
#1799 = EDGE_CURVE ( 'NONE', #2198, #2467, #1950, .T. ) ;
#1800 = ORIENTED_EDGE ( 'NONE', *, *, #3258, .F. ) ;
#1801 = CARTESIAN_POINT ( 'NONE',  ( -7.901371527768144900, 4.045583931557073000, 8.155070111572242000E-016 ) ) ;
#1802 = CARTESIAN_POINT ( 'NONE',  ( -8.692916668593669600, 4.041174209354120500, 8.140062767690516100E-016 ) ) ;
#1803 = EDGE_CURVE ( 'NONE', #1264, #423, #1748, .T. ) ;
#1804 = ORIENTED_EDGE ( 'NONE', *, *, #2270, .F. ) ;
#1805 = CARTESIAN_POINT ( 'NONE',  ( -5.562013889852391200, 0.3749999999999991100, -2.793106854861111100 ) ) ;
#1806 = CARTESIAN_POINT ( 'NONE',  ( -7.842575231471846200, 3.127937948667804900, 1.589409465725693000 ) ) ;
#1807 = CARTESIAN_POINT ( 'NONE',  ( -7.678680556519058300, 0.3749999999999991100, -2.793106854861111100 ) ) ;
#1808 = EDGE_LOOP ( 'NONE', ( #3517, #3415, #3192, #1694 ) ) ;
#1809 = DIRECTION ( 'NONE',  ( 0.0000000000000000000, 0.0000000000000000000, -1.000000000000000000 ) ) ;
#1810 = CARTESIAN_POINT ( 'NONE',  ( -1.749999999999999800, 0.3749999999999978900, -2.100000000000000500 ) ) ;
#1811 = EDGE_LOOP ( 'NONE', ( #1682, #705, #268, #1641 ) ) ;
#1812 = AXIS2_PLACEMENT_3D ( 'NONE', #1011, #995, #983 ) ;
#1813 = CARTESIAN_POINT ( 'NONE',  ( -7.783778935175551100, 2.210291965778535600, 3.178818931451388600 ) ) ;
#1814 = CARTESIAN_POINT ( 'NONE',  ( -5.503217593556095200, 1.987600994529450200, -2.793106854861111100 ) ) ;
#1815 = EDGE_CURVE ( 'NONE', #3788, #2944, #2123, .T. ) ;
#1816 = CARTESIAN_POINT ( 'NONE',  ( -7.724982638879254200, 0.3749999999999962300, 3.178818931451388200 ) ) ;
#1817 = CARTESIAN_POINT ( 'NONE',  ( -6.914328704667206600, 1.987600994529450200, -2.793106854861111100 ) ) ;
#1818 = CIRCLE ( 'NONE', #460, 2.750000000000000000 ) ;
#1819 = DIRECTION ( 'NONE',  ( 1.000000000000000000, 0.0000000000000000000, 0.0000000000000000000 ) ) ;
#1820 = CARTESIAN_POINT ( 'NONE',  ( 3.726959551036518500, 0.3749999999999979500, 0.3799999999999995600 ) ) ;
#1821 = CARTESIAN_POINT ( 'NONE',  ( -4.856458334296837300, 0.3749999999999991100, -2.793106854861111100 ) ) ;
#1822 = CARTESIAN_POINT ( 'NONE',  ( -5.341527779704782700, 0.3749999999999991700, -3.175000000000000300 ) ) ;
#1823 = EDGE_CURVE ( 'NONE', #1069, #1431, #1850, .T. ) ;
#1824 = CARTESIAN_POINT ( 'NONE',  ( -7.666186342582957300, -1.460291965778541400, 3.178818931451387300 ) ) ;
#1825 = CARTESIAN_POINT ( 'NONE',  ( -5.444421297259800100, 2.793901491794175600, -1.396553427430555800 ) ) ;
#1826 = CARTESIAN_POINT ( 'NONE',  ( -7.607390046286661300, -2.377937948667809800, 1.589409465725692700 ) ) ;
#1827 = CARTESIAN_POINT ( 'NONE',  ( -6.149976852815355800, 2.793901491794175600, -1.396553427430555800 ) ) ;
#1828 = ORIENTED_EDGE ( 'NONE', *, *, #739, .T. ) ;
#1829 = DIRECTION ( 'NONE',  ( 0.0000000000000000000, 0.0000000000000000000, -1.000000000000000000 ) ) ;
#1830 = VECTOR ( 'NONE', #166, 1000.000000000000000 ) ;
#1831 = CARTESIAN_POINT ( 'NONE',  ( -9.925434029714418600, 0.3749999999999962300, 3.178818931451388200 ) ) ;
#1832 = DIRECTION ( 'NONE',  ( -1.000000000000000000, 0.0000000000000000000, 0.0000000000000000000 ) ) ;
#1833 = CARTESIAN_POINT ( 'NONE',  ( -4.092106482444984600, 1.987600994529450200, -2.793106854861111100 ) ) ;
#1834 = CARTESIAN_POINT ( 'NONE',  ( -5.400324076001077800, -1.458087104677043200, -3.175000000000038500 ) ) ;
#1835 = FACE_OUTER_BOUND ( 'NONE', #1508, .T. ) ;
#1836 = CARTESIAN_POINT ( 'NONE',  ( -7.548593749990366100, -3.295583931557077400, -2.132385635423935400E-015 ) ) ;
#1837 = VERTEX_POINT ( 'NONE', #2893 ) ;
#1838 = CARTESIAN_POINT ( 'NONE',  ( -7.489797453694069200, -2.377937948667808500, -1.589409465725695600 ) ) ;
#1839 = CARTESIAN_POINT ( 'NONE',  ( -5.385625000963504000, 3.600201989058900300, 6.639328379517623000E-016 ) ) ;
#1840 = ORIENTED_EDGE ( 'NONE', *, *, #3483, .T. ) ;
#1841 = ORIENTED_EDGE ( 'NONE', *, *, #1169, .T. ) ;
#1842 = PRESENTATION_LAYER_ASSIGNMENT (  '', '', ( #2028 ) ) ;
#1843 = CARTESIAN_POINT ( 'NONE',  ( -9.337471066751456700, 3.127937948667804900, 1.589409465725693000 ) ) ;
#1844 = ORIENTED_EDGE ( 'NONE', *, *, #3155, .F. ) ;
#1845 = DIRECTION ( 'NONE',  ( 1.000000000000000000, -0.0000000000000000000, 0.0000000000000000000 ) ) ;
#1846 = CARTESIAN_POINT ( 'NONE',  ( -9.050000000001214000, 0.3249999999999906900, -0.2831187913217213500 ) ) ;
#1847 = CARTESIAN_POINT ( 'NONE',  ( -7.431001157397773200, -1.460291965778539400, -3.178818931451389500 ) ) ;
#1848 = ORIENTED_EDGE ( 'NONE', *, *, #335, .T. ) ;
#1849 = CARTESIAN_POINT ( 'NONE',  ( -8.250000000000000000, 0.3749999999999978900, -4.336808689942017700E-016 ) ) ;
#1850 =( BOUNDED_CURVE ( )  B_SPLINE_CURVE ( 3, ( #3352, #2888, #3744, #3071 ),
 .UNSPECIFIED., .F., .F. ) 
 B_SPLINE_CURVE_WITH_KNOTS ( ( 4, 4 ),
 ( 1.628890536578294200, 1.702757934454771900 ),
 .UNSPECIFIED. ) 
 CURVE ( )  GEOMETRIC_REPRESENTATION_ITEM ( )  RATIONAL_B_SPLINE_CURVE ( ( 1.000000000000000000, 0.9995453523131093700, 0.9995453523131093700, 1.000000000000000000 ) ) 
 REPRESENTATION_ITEM ( '' )  );
#1851 = ORIENTED_EDGE ( 'NONE', *, *, #872, .T. ) ;
#1852 = CARTESIAN_POINT ( 'NONE',  ( -7.372204861101478100, 0.3749999999999991700, -3.178818931451389100 ) ) ;
#1853 = EDGE_LOOP ( 'NONE', ( #3763, #3137, #1713, #1536 ) ) ;
#1854 = CARTESIAN_POINT ( 'NONE',  ( -7.076018518518525400, 2.208087104677045600, 3.175000000000049100 ) ) ;
#1855 = CARTESIAN_POINT ( 'NONE',  ( -8.573119214899605800, 2.210291965778535600, 3.178818931451388600 ) ) ;
#1856 = CARTESIAN_POINT ( 'NONE',  ( -9.970000000000000600, 0.3749999999999978900, 2.749999999999999600 ) ) ;
#1857 = CARTESIAN_POINT ( 'NONE',  ( -8.417019284082329000, 0.3471041736732804500, -0.2639800273908992100 ) ) ;
#1858 = CARTESIAN_POINT ( 'NONE',  ( -5.459120372297375600, -2.374630657015595900, -1.587500000000002400 ) ) ;
#1859 = CARTESIAN_POINT ( 'NONE',  ( -7.313408564805180300, 2.210291965778536000, -3.178818931451389500 ) ) ;
#1860 = DIRECTION ( 'NONE',  ( 1.000000000000000000, 0.0000000000000000000, 0.0000000000000000000 ) ) ;
#1861 = LINE ( 'NONE', #2563, #1461 ) ;
#1862 = CARTESIAN_POINT ( 'NONE',  ( -7.254612268508884300, 3.127937948667804500, -1.589409465725694700 ) ) ;
#1863 = EDGE_CURVE ( 'NONE', #1264, #2615, #885, .T. ) ;
#1864 = CARTESIAN_POINT ( 'NONE',  ( -7.808767363047752300, 0.3749999999999962300, 3.178818931451388200 ) ) ;
#1865 = CARTESIAN_POINT ( 'NONE',  ( -5.517916668593673400, -3.291174209354127600, -2.130344865817666300E-015 ) ) ;
#1866 = EDGE_CURVE ( 'NONE', #3603, #3504, #1564, .T. ) ;
#1867 = CARTESIAN_POINT ( 'NONE',  ( -8.783315972212586000, 0.3749999999999991700, -3.178818931451389100 ) ) ;
#1868 = ADVANCED_FACE ( 'NONE', ( #2305 ), #3394, .F. ) ;
#1869 =( BOUNDED_CURVE ( )  B_SPLINE_CURVE ( 3, ( #2315, #564, #855, #2929 ),
 .UNSPECIFIED., .F., .F. ) 
 B_SPLINE_CURVE_WITH_KNOTS ( ( 4, 4 ),
 ( 4.580427372724813900, 4.654294770601291400 ),
 .UNSPECIFIED. ) 
 CURVE ( )  GEOMETRIC_REPRESENTATION_ITEM ( )  RATIONAL_B_SPLINE_CURVE ( ( 1.000000000000000000, 0.9995453523131093700, 0.9995453523131093700, 1.000000000000000000 ) ) 
 REPRESENTATION_ITEM ( '' )  );
#1870 = CARTESIAN_POINT ( 'NONE',  ( -9.269999999958145100, 0.3749999999999979500, -4.336808689942017700E-016 ) ) ;
#1871 = VECTOR ( 'NONE', #1138, 1000.000000000000000 ) ;
#1872 = CYLINDRICAL_SURFACE ( 'NONE', #3554, 0.3800000000000000000 ) ;
#1873 = ORIENTED_EDGE ( 'NONE', *, *, #1619, .F. ) ;
#1874 = FACE_OUTER_BOUND ( 'NONE', #1413, .T. ) ;
#1875 = CARTESIAN_POINT ( 'NONE',  ( -7.195815972212589200, 4.045583931557073000, 8.155070111572242000E-016 ) ) ;
#1876 = CARTESIAN_POINT ( 'NONE',  ( -7.044415511195898800, -1.460291965778541400, 3.178818931451387300 ) ) ;
#1877 =( NAMED_UNIT ( * ) SI_UNIT ( $, .STERADIAN. ) SOLID_ANGLE_UNIT ( ) );
#1878 = CARTESIAN_POINT ( 'NONE',  ( -5.576712964889967600, -2.374630657015597300, 1.587499999999999500 ) ) ;
#1879 = ORIENTED_EDGE ( 'NONE', *, *, #1550, .F. ) ;
#1880 = CARTESIAN_POINT ( 'NONE',  ( -4.371388888888888300, 4.041174209354120500, 8.140062767690513100E-016 ) ) ;
#1881 = CARTESIAN_POINT ( 'NONE',  ( -6.326365741704243800, 2.793901491794175600, -1.396553427430555800 ) ) ;
#1882 = VERTEX_POINT ( 'NONE', #2498 ) ;
#1883 = CARTESIAN_POINT ( 'NONE',  ( -7.137019675916292300, 3.127937948667804900, 1.589409465725693000 ) ) ;
#1884 = VECTOR ( 'NONE', #685, 1000.000000000000000 ) ;
#1885 = ADVANCED_FACE ( 'NONE', ( #3814, #1140 ), #3159, .F. ) ;
#1886 = VERTEX_POINT ( 'NONE', #2571 ) ;
#1887 = PRODUCT_RELATED_PRODUCT_CATEGORY ( 'part', '', ( #2108 ) ) ;
#1888 = EDGE_CURVE ( 'NONE', #2580, #1721, #3723, .T. ) ;
#1889 = CARTESIAN_POINT ( 'NONE',  ( -7.078223379619996300, 2.210291965778535600, 3.178818931451388600 ) ) ;
#1890 = CARTESIAN_POINT ( 'NONE',  ( -6.280063659344048000, -2.377937948667809800, 1.589409465725692700 ) ) ;
#1891 = CARTESIAN_POINT ( 'NONE',  ( -9.119999999995798100, 0.3749999999999978900, 2.089999999972407700 ) ) ;
#1892 = ORIENTED_EDGE ( 'NONE', *, *, #1550, .T. ) ;
#1893 = CARTESIAN_POINT ( 'NONE',  ( -5.797199075037577900, -1.237600994529452800, -2.793106854861112000 ) ) ;
#1894 = B_SPLINE_CURVE_WITH_KNOTS ( 'NONE', 3,
 ( #391, #419, #364, #350, #345, #339, #337, #328, #324, #316, #312, #300, #297, #291, #288, #276, #270, #266, #256, #254, #250, #246, #241, #230, #224, #218, #214, #209, #201, #197 ),
 .UNSPECIFIED., .F., .F.,
 ( 4, 2, 2, 2, 2, 2, 2, 2, 2, 2, 2, 2, 2, 2, 4 ),
 ( 0.001041991266700759700, 0.001637072621229944100, 0.002232153975759128600, 0.002827235330288313200, 0.003422316684817496900, 0.004017398039346680600, 0.004612479393875865100, 0.005802642102934232500, 0.006992804811992599900, 0.007587886166521784500, 0.008182967521050969100, 0.008778048875580153600, 0.009373130230109336400, 0.009968211584638522700, 0.01056329293916770600 ),
 .UNSPECIFIED. ) ;
#1895 = ORIENTED_EDGE ( 'NONE', *, *, #29, .T. ) ;
#1896 = CARTESIAN_POINT ( 'NONE',  ( -7.019427083323699400, 0.3749999999999962300, 3.178818931451388200 ) ) ;
#1897 = CARTESIAN_POINT ( 'NONE',  ( -5.385625000963504000, 3.600201989058900300, 6.639328379517623000E-016 ) ) ;
#1898 = CARTESIAN_POINT ( 'NONE',  ( -6.960630787027402500, -1.460291965778541400, 3.178818931451387300 ) ) ;
#1899 = CARTESIAN_POINT ( 'NONE',  ( -5.515711807492195400, -3.295583931557077400, -2.132385635423935400E-015 ) ) ;
#1900 = CARTESIAN_POINT ( 'NONE',  ( -3.399999999999999900, 1.019999999999998700, 3.175000000000000700 ) ) ;
#1901 = CIRCLE ( 'NONE', #383, 2.330000000000000100 ) ;
#1902 = ADVANCED_FACE ( 'NONE', ( #2034 ), #3673, .T. ) ;
#1903 = CARTESIAN_POINT ( 'NONE',  ( -6.901834490731106400, -2.377937948667809800, 1.589409465725692700 ) ) ;
#1904 = AXIS2_PLACEMENT_3D ( 'NONE', #3619, #376, #2423 ) ;
#1905 = AXIS2_PLACEMENT_3D ( 'NONE', #158, #160, #167 ) ;
#1906 = CARTESIAN_POINT ( 'NONE',  ( -5.326828704667207100, 2.793901491794175600, 1.396553427430554200 ) ) ;
#1907 = AXIS2_PLACEMENT_3D ( 'NONE', #2489, #2474, #2518 ) ;
#1908 = COLOUR_RGB ( '',1.000000000000000000, 0.8117647058823529400, 0.5019607843137254800 ) ;
#1909 = CARTESIAN_POINT ( 'NONE',  ( -8.842112268508886400, -1.460291965778539400, -3.178818931451389500 ) ) ;
#1910 = CARTESIAN_POINT ( 'NONE',  ( -4.751359955640343600, -2.377937948667808500, -1.589409465725695600 ) ) ;
#1911 = CARTESIAN_POINT ( 'NONE',  ( -11.27000000000000300, 0.3749999999999978900, -3.175000000000000300 ) ) ;
#1912 = CARTESIAN_POINT ( 'NONE',  ( -9.049999999999998900, 0.3249999999999976800, 0.4999999999999995600 ) ) ;
#1913 = VERTEX_POINT ( 'NONE', #2422 ) ;
#1914 = EDGE_CURVE ( 'NONE', #1296, #2661, #1901, .T. ) ;
#1915 = CIRCLE ( 'NONE', #3300, 0.3800000000000000000 ) ;
#1916 = DIRECTION ( 'NONE',  ( -1.000000000000000000, 0.0000000000000000000, 0.0000000000000000000 ) ) ;
#1917 = FACE_OUTER_BOUND ( 'NONE', #829, .T. ) ;
#1918 = ORIENTED_EDGE ( 'NONE', *, *, #2934, .F. ) ;
#1919 = ORIENTED_EDGE ( 'NONE', *, *, #3188, .T. ) ;
#1920 = ADVANCED_FACE ( 'NONE', ( #334 ), #2552, .F. ) ;
#1921 = CARTESIAN_POINT ( 'NONE',  ( -5.268032408370910200, 1.987600994529448800, 2.793106854861110700 ) ) ;
#1922 = CARTESIAN_POINT ( 'NONE',  ( -6.843038194434810400, -3.295583931557077400, -2.132385635423935400E-015 ) ) ;
#1923 = CARTESIAN_POINT ( 'NONE',  ( -3.987008103788491900, -1.460291965778539400, -3.178818931451389500 ) ) ;
#1924 = ORIENTED_EDGE ( 'NONE', *, *, #1340, .T. ) ;
#1925 = ORIENTED_EDGE ( 'NONE', *, *, #1012, .T. ) ;
#1926 = DIRECTION ( 'NONE',  ( 0.0000000000000000000, 0.0000000000000000000, 1.000000000000000000 ) ) ;
#1927 = CARTESIAN_POINT ( 'NONE',  ( -5.635509261186251200, -1.458087104677278100, 3.174999999999633900 ) ) ;
#1928 = ORIENTED_EDGE ( 'NONE', *, *, #3736, .F. ) ;
#1929 = ORIENTED_EDGE ( 'NONE', *, *, #1037, .F. ) ;
#1930 = DIRECTION ( 'NONE',  ( 1.000000000000000000, 0.0000000000000000000, 0.0000000000000000000 ) ) ;
#1931 = DIRECTION ( 'NONE',  ( 1.000000000000000000, -0.0000000000000000000, 0.0000000000000000000 ) ) ;
#1932 = ORIENTED_EDGE ( 'NONE', *, *, #30, .F. ) ;
#1933 = CARTESIAN_POINT ( 'NONE',  ( -6.666649305545921500, 0.3749999999999991700, -3.178818931451389100 ) ) ;
#1934 = EDGE_CURVE ( 'NONE', #535, #3229, #1861, .T. ) ;
#1935 = VERTEX_POINT ( 'NONE', #2426 ) ;
#1936 = CARTESIAN_POINT ( 'NONE',  ( -5.209236112074614200, 0.3749999999999964500, 2.793106854861110200 ) ) ;
#1937 = EDGE_CURVE ( 'NONE', #2797, #3003, #3021, .T. ) ;
#1938 = CARTESIAN_POINT ( 'NONE',  ( -6.607853009249625500, 2.210291965778536000, -3.178818931451389500 ) ) ;
#1939 = CARTESIAN_POINT ( 'NONE',  ( -9.868842594519597000, -1.458087104677065600, 3.174999999999998500 ) ) ;
#1940 = ORIENTED_EDGE ( 'NONE', *, *, #1012, .F. ) ;
#1941 = ADVANCED_FACE ( 'NONE', ( #738, #1090 ), #3336, .T. ) ;
#1942 = DIRECTION ( 'NONE',  ( 1.000000000000000000, 0.0000000000000000000, 0.0000000000000000000 ) ) ;
#1943 = CARTESIAN_POINT ( 'NONE',  ( -9.050000000002000900, 0.3749999999999978900, -4.336808689942017700E-016 ) ) ;
#1944 = CARTESIAN_POINT ( 'NONE',  ( -6.372667824064441400, 2.210291965778535600, 3.178818931451388600 ) ) ;
#1945 = CIRCLE ( 'NONE', #2694, 0.3800000000000000000 ) ;
#1946 = CARTESIAN_POINT ( 'NONE',  ( -5.150439815778317300, -1.237600994529454400, 2.793106854861109300 ) ) ;
#1947 = CARTESIAN_POINT ( 'NONE',  ( -8.959704861101478500, -3.295583931557077400, -2.132385635423935400E-015 ) ) ;
#1948 = CARTESIAN_POINT ( 'NONE',  ( -9.104490742667746200, -2.374630657015595500, 1.587499999999998400 ) ) ;
#1949 = CARTESIAN_POINT ( 'NONE',  ( -5.694305557482561400, 0.3749999999999962300, 3.174999999999999400 ) ) ;
#1950 = LINE ( 'NONE', #3473, #3110 ) ;
#1951 = CARTESIAN_POINT ( 'NONE',  ( -9.621426104204408200, -2.741025404058831300, 0.06661371688167541700 ) ) ;
#1952 = DIRECTION ( 'NONE',  ( 1.000000000000000000, 0.0000000000000000000, 0.0000000000000000000 ) ) ;
#1953 = LINE ( 'NONE', #417, #574 ) ;
#1954 = CARTESIAN_POINT ( 'NONE',  ( -6.313871527768143600, 0.3749999999999962300, 3.178818931451388200 ) ) ;
#1955 = AXIS2_PLACEMENT_3D ( 'NONE', #2979, #2644, #1809 ) ;
#1956 = EDGE_CURVE ( 'NONE', #2899, #1069, #1606, .T. ) ;
#1957 = ADVANCED_FACE ( 'NONE', ( #2535 ), #987, .T. ) ;
#1958 =( BOUNDED_CURVE ( )  B_SPLINE_CURVE ( 2, ( #1572, #1586, #1517, #1509, #1493, #1477, #1462 ),
 .UNSPECIFIED., .F., .F. ) 
 B_SPLINE_CURVE_WITH_KNOTS ( ( 3, 2, 2, 3 ),
 ( 0.1011040504825584100, 0.1044194634470799600, 0.1077348764116015400, 0.1110502893761230900 ),
 .UNSPECIFIED. ) 
 CURVE ( )  GEOMETRIC_REPRESENTATION_ITEM ( )  RATIONAL_B_SPLINE_CURVE ( ( 0.9999999999999973400, 0.8660254037844413700, 1.000000000000000000, 0.8660254037844387100, 1.000000000000000000, 0.8660254037844360400, 1.000000000000002700 ) ) 
 REPRESENTATION_ITEM ( '' )  );
#1959 = CARTESIAN_POINT ( 'NONE',  ( -5.091643519482021300, -2.043901491794180000, 1.396553427430553800 ) ) ;
#1960 = VECTOR ( 'NONE', #2468, 1000.000000000000000 ) ;
#1961 = CARTESIAN_POINT ( 'NONE',  ( -8.340138890815893500, -3.291174209354125400, -2.130344865817665100E-015 ) ) ;
#1962 = DIRECTION ( 'NONE',  ( 1.000000000000000000, 0.0000000000000000000, 0.0000000000000000000 ) ) ;
#1963 = ORIENTED_EDGE ( 'NONE', *, *, #2349, .T. ) ;
#1964 = LINE ( 'NONE', #2653, #2658 ) ;
#1965 = CARTESIAN_POINT ( 'NONE',  ( 2.060000000000000100, -2.799999999999999400, 2.364999999999998400 ) ) ;
#1966 = CARTESIAN_POINT ( 'NONE',  ( -6.255075231471847600, -1.460291965778541400, 3.178818931451387300 ) ) ;
#1967 = DIRECTION ( 'NONE',  ( 0.0000000000000000000, 0.0000000000000000000, -1.000000000000000000 ) ) ;
#1968 = VERTEX_POINT ( 'NONE', #2649 ) ;
#1969 = CLOSED_SHELL ( 'NONE', ( #2836, #1643, #1070, #1941, #1885, #733 ) ) ;
#1970 = CARTESIAN_POINT ( 'NONE',  ( -4.599999999999999600, 0.3749999999999982200, 2.749999999999999600 ) ) ;
#1971 = CARTESIAN_POINT ( 'NONE',  ( -9.018501157397771800, -2.377937948667809800, 1.589409465725692700 ) ) ;
#1972 = ORIENTED_EDGE ( 'NONE', *, *, #2885, .F. ) ;
#1973 = CARTESIAN_POINT ( 'NONE',  ( -5.032847223185725300, -2.850201989058905200, -1.926267905190632200E-015 ) ) ;
#1974 = CARTESIAN_POINT ( 'NONE',  ( -6.196278935175550700, -2.377937948667809800, 1.589409465725692700 ) ) ;
#1975 = CARTESIAN_POINT ( 'NONE',  ( -7.575787038964042700, -2.374630657015594200, -1.587500000000001200 ) ) ;
#1976 = LINE ( 'NONE', #670, #1884 ) ;
#1977 = VERTEX_POINT ( 'NONE', #3321 ) ;
#1978 = CARTESIAN_POINT ( 'NONE',  ( -1.749999999999999800, 0.3749999999999979500, 0.3799999999999995600 ) ) ;
#1979 = DIRECTION ( 'NONE',  ( 1.000000000000000000, 0.0000000000000000000, -0.0000000000000000000 ) ) ;
#1980 = CARTESIAN_POINT ( 'NONE',  ( -3.399999999999999900, -2.800000000000002000, 2.364999999999998400 ) ) ;
#1981 = EDGE_LOOP ( 'NONE', ( #3598, #2203 ) ) ;
#1982 = DIRECTION ( 'NONE',  ( 1.000000000000000000, 0.0000000000000000000, 0.0000000000000000000 ) ) ;
#1983 = CARTESIAN_POINT ( 'NONE',  ( -4.019999999999999600, 0.3749999999999978900, -2.100000000000000500 ) ) ;
#1984 = ADVANCED_BREP_SHAPE_REPRESENTATION ( 'CON-SMA-EDGE', ( #2869, #3437, #1394, #1314 ), #3154 ) ;
#1985 = CARTESIAN_POINT ( 'NONE',  ( -5.843501157397773800, 3.127937948667804500, -1.589409465725694700 ) ) ;
#1986 = EDGE_LOOP ( 'NONE', ( #2239, #1210, #2472, #2995 ) ) ;
#1987 = EDGE_CURVE ( 'NONE', #2966, #1935, #1470, .T. ) ;
#1988 = CARTESIAN_POINT ( 'NONE',  ( -4.974050926889428400, -2.043901491794178700, -1.396553427430556400 ) ) ;
#1989 = EDGE_CURVE ( 'NONE', #758, #2899, #2634, .T. ) ;
#1990 = CARTESIAN_POINT ( 'NONE',  ( -5.784704861101477700, 4.045583931557073000, 8.155070111572242000E-016 ) ) ;
#1991 = CARTESIAN_POINT ( 'NONE',  ( -6.811435187112191900, -1.458087104677063400, -3.175000000000000300 ) ) ;
#1992 = CARTESIAN_POINT ( 'NONE',  ( -9.049999999999998900, 0.3749999999999978900, -0.3800000000000004500 ) ) ;
#1993 = CARTESIAN_POINT ( 'NONE',  ( -3.939999999943211200, 0.3749999999999978900, -4.336808689942017700E-016 ) ) ;
#1994 = CARTESIAN_POINT ( 'NONE',  ( -8.249999999999998200, 0.3749999999999978900, -4.336808689942017700E-016 ) ) ;
#1995 = FACE_OUTER_BOUND ( 'NONE', #1500, .T. ) ;
#1996 = CARTESIAN_POINT ( 'NONE',  ( -5.725908564805180800, 3.127937948667804900, 1.589409465725693000 ) ) ;
#1997 = CARTESIAN_POINT ( 'NONE',  ( -4.915254630593132400, -1.237600994529452800, -2.793106854861112000 ) ) ;
#1998 = CARTESIAN_POINT ( 'NONE',  ( -6.047083335260338400, 0.3749999999999991700, -3.175000000000000300 ) ) ;
#1999 = VECTOR ( 'NONE', #2666, 1000.000000000000000 ) ;
#2000 = LINE ( 'NONE', #2129, #1242 ) ;
#2001 = CARTESIAN_POINT ( 'NONE',  ( -7.722777777777778000, 0.3749999999999962300, 3.174999999999998900 ) ) ;
#2002 = FACE_BOUND ( 'NONE', #2066, .T. ) ;
#2003 = DIRECTION ( 'NONE',  ( 0.0000000000000000000, 0.0000000000000000000, -1.000000000000000000 ) ) ;
#2004 = CARTESIAN_POINT ( 'NONE',  ( -9.049999999999998900, 0.3749999999999978900, -2.100000000000000500 ) ) ;
#2005 = UNCERTAINTY_MEASURE_WITH_UNIT (LENGTH_MEASURE( 1.000000000000000100E-005 ), #28, 'distance_accuracy_value', 'NONE');
#2006 = CARTESIAN_POINT ( 'NONE',  ( -4.902760416657032200, 0.3749999999999962300, 3.178818931451388200 ) ) ;
#2007 = LINE ( 'NONE', #401, #2093 ) ;
#2008 = EDGE_CURVE ( 'NONE', #2247, #2580, #1740, .T. ) ;
#2009 = CARTESIAN_POINT ( 'NONE',  ( -4.856458334296837300, 0.3749999999999991100, -2.793106854861111100 ) ) ;
#2010 = CARTESIAN_POINT ( 'NONE',  ( -5.667112268508884800, 2.210291965778535600, 3.178818931451388600 ) ) ;
#2011 = CARTESIAN_POINT ( 'NONE',  ( -5.282731483408486600, 2.208087104677060300, -3.175000000000000300 ) ) ;
#2012 = ORIENTED_EDGE ( 'NONE', *, *, #2105, .T. ) ;
#2013 = DIRECTION ( 'NONE',  ( -1.000000000000000000, 0.0000000000000000000, -0.0000000000000000000 ) ) ;
#2014 = DIRECTION ( 'NONE',  ( -0.0000000000000000000, -1.000000000000000000, -5.240210400945518800E-016 ) ) ;
#2015 = ORIENTED_EDGE ( 'NONE', *, *, #3212, .T. ) ;
#2016 = CARTESIAN_POINT ( 'NONE',  ( -3.940000000000054600, 0.3749999999999978900, -4.336808689942017700E-016 ) ) ;
#2017 = CARTESIAN_POINT ( 'NONE',  ( -4.856458334296837300, 3.600201989058900300, 6.639328379517623000E-016 ) ) ;
#2018 = ORIENTED_EDGE ( 'NONE', *, *, #306, .T. ) ;
#2019 = CARTESIAN_POINT ( 'NONE',  ( -5.608315972212587900, 0.3749999999999962300, 3.178818931451388200 ) ) ;
#2020 = VERTEX_POINT ( 'NONE', #3737 ) ;
#2021 = CARTESIAN_POINT ( 'NONE',  ( -4.797662038000542100, 1.987600994529450200, -2.793106854861111100 ) ) ;
#2022 = CARTESIAN_POINT ( 'NONE',  ( -8.913402778741280800, 0.3749999999999964500, 2.793106854861110200 ) ) ;
#2023 = CARTESIAN_POINT ( 'NONE',  ( -4.518379631556636700, 3.124630657015590200, -1.587500000000000400 ) ) ;
#2024 = CARTESIAN_POINT ( 'NONE',  ( -1.749999999999999800, 3.549999999999999800, -3.174999999999997600 ) ) ;
#2025 = VERTEX_POINT ( 'NONE', #3383 ) ;
#2026 = CARTESIAN_POINT ( 'NONE',  ( -9.049999999999998900, 0.4249999999999981600, -0.3766961640367477200 ) ) ;
#2027 = VECTOR ( 'NONE', #2047, 1000.000000000000000 ) ;
#2028 = STYLED_ITEM ( 'NONE', ( #576 ), #3437 ) ;
#2029 = CARTESIAN_POINT ( 'NONE',  ( -7.561087963926464500, 1.987600994529448800, 2.793106854861110700 ) ) ;
#2030 = AXIS2_PLACEMENT_3D ( 'NONE', #2399, #2405, #3468 ) ;
#2031 = CARTESIAN_POINT ( 'NONE',  ( -5.431927083323699900, -3.295583931557077400, -2.132385635423935400E-015 ) ) ;
#2032 = AXIS2_PLACEMENT_3D ( 'NONE', #2816, #3800, #1626 ) ;
#2033 = CARTESIAN_POINT ( 'NONE',  ( -4.738865741704244300, 2.793901491794175600, -1.396553427430555800 ) ) ;
#2034 = FACE_OUTER_BOUND ( 'NONE', #3709, .T. ) ;
#2035 = EDGE_CURVE ( 'NONE', #1977, #3663, #3227, .T. ) ;
#2036 = CARTESIAN_POINT ( 'NONE',  ( -4.843964120360736200, -1.460291965778541400, 3.178818931451387300 ) ) ;
#2037 = CARTESIAN_POINT ( 'NONE',  ( -3.754027779704783200, 4.041174209354120500, 8.140062767690513100E-016 ) ) ;
#2038 = CARTESIAN_POINT ( 'NONE',  ( -3.399999999999999900, -2.799999999999999400, -2.365000000000001100 ) ) ;
#2039 = CARTESIAN_POINT ( 'NONE',  ( -9.049999999999998900, 0.4249999999999981000, -0.2831187913226535500 ) ) ;
#2040 = CARTESIAN_POINT ( 'NONE',  ( -5.196741898138514100, 2.210291965778536000, -3.178818931451389500 ) ) ;
#2041 = VECTOR ( 'NONE', #3056, 1000.000000000000000 ) ;
#2042 = DIRECTION ( 'NONE',  ( 0.0000000000000000000, -1.000000000000000000, -0.0000000000000000000 ) ) ;
#2043 = CARTESIAN_POINT ( 'NONE',  ( -4.680069445407946600, 3.600201989058900300, 6.639328379517623000E-016 ) ) ;
#2044 = CARTESIAN_POINT ( 'NONE',  ( -5.549519675916291900, -1.460291965778541400, 3.178818931451387300 ) ) ;
#2045 = CARTESIAN_POINT ( 'NONE',  ( -9.854143519482020600, -1.237600994529452800, -2.793106854861112000 ) ) ;
#2046 = LINE ( 'NONE', #2873, #1289 ) ;
#2047 = DIRECTION ( 'NONE',  ( -0.0000000000000000000, 1.000000000000000000, 5.240210400945518800E-016 ) ) ;
#2048 = EDGE_CURVE ( 'NONE', #1677, #1505, #1778, .T. ) ;
#2049 = VECTOR ( 'NONE', #2530, 1000.000000000000000 ) ;
#2050 = CARTESIAN_POINT ( 'NONE',  ( -5.079149305545922000, 4.045583931557073000, 8.155070111572242000E-016 ) ) ;
#2051 = DIRECTION ( 'NONE',  ( -1.000000000000000000, 0.0000000000000000000, 0.0000000000000000000 ) ) ;
#2052 = EDGE_CURVE ( 'NONE', #2256, #3758, #1368, .T. ) ;
#2053 = ORIENTED_EDGE ( 'NONE', *, *, #2444, .T. ) ;
#2054 = CARTESIAN_POINT ( 'NONE',  ( 2.059999999999999600, 3.549999999999996300, 3.175000000000002000 ) ) ;
#2055 = CARTESIAN_POINT ( 'NONE',  ( -4.621273149111651400, 2.793901491794175600, 1.396553427430554200 ) ) ;
#2056 = CARTESIAN_POINT ( 'NONE',  ( -8.854606482444983900, -1.237600994529454400, 2.793106854861109300 ) ) ;
#2057 = CARTESIAN_POINT ( 'NONE',  ( -9.089791667630169800, 0.3749999999999991100, -2.793106854861111100 ) ) ;
#2058 = ORIENTED_EDGE ( 'NONE', *, *, #50, .T. ) ;
#2059 = DIRECTION ( 'NONE',  ( 1.000000000000000000, 0.0000000000000000000, 0.0000000000000000000 ) ) ;
#2060 = LINE ( 'NONE', #912, #2864 ) ;
#2061 = CARTESIAN_POINT ( 'NONE',  ( -4.716724081350835500, 2.545992895217185700, -1.885527105419329700 ) ) ;
#2062 = ORIENTED_EDGE ( 'NONE', *, *, #3577, .T. ) ;
#2063 = CARTESIAN_POINT ( 'NONE',  ( -3.939999999999999900, 0.3749999999999978900, -0.3800000000000004500 ) ) ;
#2064 = AXIS2_PLACEMENT_3D ( 'NONE', #2016, #2013, #2003 ) ;
#2065 = CARTESIAN_POINT ( 'NONE',  ( -5.373130787027403000, -2.377937948667808500, -1.589409465725695600 ) ) ;
#2066 = EDGE_LOOP ( 'NONE', ( #2012, #3087 ) ) ;
#2067 =( NAMED_UNIT ( * ) PLANE_ANGLE_UNIT ( ) SI_UNIT ( $, .RADIAN. ) );
#2068 = CARTESIAN_POINT ( 'NONE',  ( 2.060000000000000100, 0.3749999999999978900, -2.364999999999998900 ) ) ;
#2069 = CARTESIAN_POINT ( 'NONE',  ( -4.562476852815354500, 1.987600994529448800, 2.793106854861110700 ) ) ;
#2070 = EDGE_LOOP ( 'NONE', ( #551, #2799, #318, #1408 ) ) ;
#2071 = CARTESIAN_POINT ( 'NONE',  ( -4.785167824064440200, -2.377937948667809800, 1.589409465725692700 ) ) ;
#2072 = CARTESIAN_POINT ( 'NONE',  ( -8.325439815778317200, 1.987600994529450200, -2.793106854861111100 ) ) ;
#2073 = CARTESIAN_POINT ( 'NONE',  ( -3.939999999999999900, 0.3749999999999976700, 0.3799999999999995600 ) ) ;
#2074 = DIRECTION ( 'NONE',  ( 0.0000000000000000000, -5.467959203849588700E-016, -1.000000000000000000 ) ) ;
#2075 = EDGE_CURVE ( 'NONE', #1537, #2966, #2924, .T. ) ;
#2076 = CARTESIAN_POINT ( 'NONE',  ( -4.961556712953330000, 2.210291965778535600, 3.178818931451388600 ) ) ;
#2077 = CARTESIAN_POINT ( 'NONE',  ( -8.575324076001079400, 2.208087104677041600, 3.175000000000033100 ) ) ;
#2078 = LINE ( 'NONE', #3411, #2928 ) ;
#2079 = CARTESIAN_POINT ( 'NONE',  ( -4.503680556519058500, 0.3749999999999964500, 2.793106854861110200 ) ) ;
#2080 = LINE ( 'NONE', #1688, #178 ) ;
#2081 = CARTESIAN_POINT ( 'NONE',  ( -8.795810186148687000, -2.043901491794180000, 1.396553427430553800 ) ) ;
#2082 = CARTESIAN_POINT ( 'NONE',  ( -7.561087963926465400, 2.793901491794175600, -1.396553427430555800 ) ) ;
#2083 = CARTESIAN_POINT ( 'NONE',  ( -9.050000000001214000, 0.3249999999999903500, 0.2831187913217204600 ) ) ;
#2084 = DIRECTION ( 'NONE',  ( 0.0000000000000000000, -1.000000000000000000, 5.467959203849588700E-016 ) ) ;
#2085 = FACE_OUTER_BOUND ( 'NONE', #1313, .T. ) ;
#2086 = CARTESIAN_POINT ( 'NONE',  ( 2.060000000000000100, 0.3749999999999979500, 0.3799999999999995600 ) ) ;
#2087 = VECTOR ( 'NONE', #1558, 1000.000000000000000 ) ;
#2088 = VERTEX_POINT ( 'NONE', #3756 ) ;
#2089 = LINE ( 'NONE', #1139, #3687 ) ;
#2090 = CARTESIAN_POINT ( 'NONE',  ( -4.444884260222763400, -1.237600994529454400, 2.793106854861109300 ) ) ;
#2091 = CARTESIAN_POINT ( 'NONE',  ( -6.796736112074616400, 3.600201989058900300, 6.639328379517623000E-016 ) ) ;
#2092 = ORIENTED_EDGE ( 'NONE', *, *, #3076, .F. ) ;
#2093 = VECTOR ( 'NONE', #379, 1000.000000000000000 ) ;
#2094 = VERTEX_POINT ( 'NONE', #3658 ) ;
#2095 = ORIENTED_EDGE ( 'NONE', *, *, #3560, .F. ) ;
#2096 = AXIS2_PLACEMENT_3D ( 'NONE', #3635, #1860, #104 ) ;
#2097 = DIRECTION ( 'NONE',  ( 0.0000000000000000000, 0.0000000000000000000, 1.000000000000000000 ) ) ;
#2098 = DIRECTION ( 'NONE',  ( 0.0000000000000000000, 0.0000000000000000000, -1.000000000000000000 ) ) ;
#2099 = AXIS2_PLACEMENT_3D ( 'NONE', #188, #213, #215 ) ;
#2100 = CARTESIAN_POINT ( 'NONE',  ( -4.738865741704244300, 2.793901491794175600, -1.396553427430555800 ) ) ;
#2101 = AXIS2_PLACEMENT_3D ( 'NONE', #2617, #2625, #2631 ) ;
#2102 = VERTEX_POINT ( 'NONE', #3589 ) ;
#2103 = CARTESIAN_POINT ( 'NONE',  ( -5.137945601842218000, 3.127937948667804500, -1.589409465725694700 ) ) ;
#2104 = CARTESIAN_POINT ( 'NONE',  ( -9.049999999999998900, 0.3249999999999977400, -4.336808689942017700E-016 ) ) ;
#2105 = EDGE_CURVE ( 'NONE', #3225, #2755, #2882, .T. ) ;
#2106 = LINE ( 'NONE', #719, #721 ) ;
#2107 = ORIENTED_EDGE ( 'NONE', *, *, #3732, .F. ) ;
#2108 = PRODUCT ( 'CON-SMA-EDGE', 'CON-SMA-EDGE', '', ( #2452 ) ) ;
#2109 = ORIENTED_EDGE ( 'NONE', *, *, #2324, .F. ) ;
#2110 = CARTESIAN_POINT ( 'NONE',  ( -4.386087963926465600, -2.043901491794180000, 1.396553427430553800 ) ) ;
#2111 = CARTESIAN_POINT ( 'NONE',  ( -8.737013889852395500, -2.850201989058905200, -1.926267905190632200E-015 ) ) ;
#2112 = CARTESIAN_POINT ( 'NONE',  ( -6.032384260222762900, 2.793901491794175600, 1.396553427430554200 ) ) ;
#2113 = ORIENTED_EDGE ( 'NONE', *, *, #3335, .F. ) ;
#2114 = CARTESIAN_POINT ( 'NONE',  ( -5.002018422098172000, 0.3749999999999962300, 3.152018422127368200 ) ) ;
#2115 = CARTESIAN_POINT ( 'NONE',  ( -7.252407407407416100, 3.124630657015601300, -1.587500000000006600 ) ) ;
#2116 = CARTESIAN_POINT ( 'NONE',  ( -11.27000000000000300, 0.3749999999999978900, -4.336808689942017700E-016 ) ) ;
#2117 = DIRECTION ( 'NONE',  ( -1.000000000000000000, -0.0000000000000000000, -0.0000000000000000000 ) ) ;
#2118 = EDGE_LOOP ( 'NONE', ( #1341, #1407, #1501, #1402 ) ) ;
#2119 = CARTESIAN_POINT ( 'NONE',  ( -3.974513889852392200, 3.600201989058900300, 6.639328379517623000E-016 ) ) ;
#2120 = CARTESIAN_POINT ( 'NONE',  ( -5.020353009249625100, 3.127937948667804900, 1.589409465725693000 ) ) ;
#2121 = CARTESIAN_POINT ( 'NONE',  ( -9.269999999958145100, 0.3749999999999979500, 2.239999999934754600 ) ) ;
#2122 = CARTESIAN_POINT ( 'NONE',  ( -11.27000000000000300, 0.3749999999999978900, -3.175000000000000300 ) ) ;
#2123 = B_SPLINE_CURVE_WITH_KNOTS ( 'NONE', 3,
 ( #2826, #3762, #2952, #3022, #3060, #3118, #3183, #3236, #2461, #2526, #2589, #2629, #2697, #3305, #3368, #2831, #2896, #2961, #1951, #3128, #3189, #3242, #2532, #2594, #2637, #2709, #2752, #3309, #2846, #2909, #3200, #3034 ),
 .UNSPECIFIED., .F., .F.,
 ( 4, 2, 2, 2, 2, 2, 2, 2, 2, 2, 2, 2, 2, 2, 2, 4 ),
 ( 0.007877953552741543500, 0.008380723214711931900, 0.008883492876682320300, 0.009386262538652708600, 0.009889032200623097000, 0.01039180186259348500, 0.01089457152456387400, 0.01139734118653426200, 0.01190011084850465200, 0.01290565017244543100, 0.01340841983441581900, 0.01391118949638620700, 0.01441395915835659600, 0.01491672882032698600, 0.01541949848229737600, 0.01592226814426776400 ),
 .UNSPECIFIED. ) ;
#2124 = CARTESIAN_POINT ( 'NONE',  ( -5.268032408370910200, 1.987600994529448800, 2.793106854861110700 ) ) ;
#2125 = DIRECTION ( 'NONE',  ( 1.000000000000000000, 0.0000000000000000000, 0.0000000000000000000 ) ) ;
#2126 = VECTOR ( 'NONE', #2559, 1000.000000000000000 ) ;
#2127 = EDGE_CURVE ( 'NONE', #3365, #2615, #83, .T. ) ;
#2128 = CARTESIAN_POINT ( 'NONE',  ( -9.219878474158864600, 0.3749999999999962300, 3.178818931451388200 ) ) ;
#2129 = CARTESIAN_POINT ( 'NONE',  ( 2.060000000000000100, -3.252606517456513300E-016, 2.364999999999998400 ) ) ;
#2130 = EDGE_CURVE ( 'NONE', #1120, #3698, #2078, .T. ) ;
#2131 = CIRCLE ( 'NONE', #3105, 2.089999999972408200 ) ;
#2132 = DIRECTION ( 'NONE',  ( 0.0000000000000000000, 0.0000000000000000000, 1.000000000000000000 ) ) ;
#2133 = CARTESIAN_POINT ( 'NONE',  ( -9.970000000066647800, 0.3749999999999978900, -4.336808689942017700E-016 ) ) ;
#2134 = FACE_OUTER_BOUND ( 'NONE', #3248, .T. ) ;
#2135 = DIRECTION ( 'NONE',  ( 1.000000000000000000, 0.0000000000000000000, 0.0000000000000000000 ) ) ;
#2136 = FACE_OUTER_BOUND ( 'NONE', #2567, .T. ) ;
#2137 = CARTESIAN_POINT ( 'NONE',  ( -8.455526622307013800, -1.460291965778541400, 3.178818931451387300 ) ) ;
#2138 = CARTESIAN_POINT ( 'NONE',  ( -1.749999999999999800, 0.3749999999999978900, -4.336808689942017700E-016 ) ) ;
#2139 = DIRECTION ( 'NONE',  ( -1.000000000000000000, -0.0000000000000000000, -0.0000000000000000000 ) ) ;
#2140 = EDGE_LOOP ( 'NONE', ( #1603, #143, #2597, #3476, #2425, #845, #2507, #2378, #813, #3270 ) ) ;
#2141 = FACE_OUTER_BOUND ( 'NONE', #1310, .T. ) ;
#2142 = DIRECTION ( 'NONE',  ( 0.0000000000000000000, -1.000000000000000000, -5.240210400946119300E-016 ) ) ;
#2143 = ORIENTED_EDGE ( 'NONE', *, *, #3076, .T. ) ;
#2144 = ADVANCED_FACE ( 'NONE', ( #3435 ), #3356, .F. ) ;
#2145 = CARTESIAN_POINT ( 'NONE',  ( -3.399999999999999900, 8.673617379884035500E-016, -3.174999999999999400 ) ) ;
#2146 = AXIS2_PLACEMENT_3D ( 'NONE', #3587, #2693, #2389 ) ;
#2147 = EDGE_CURVE ( 'NONE', #585, #3417, #525, .T. ) ;
#2148 = CARTESIAN_POINT ( 'NONE',  ( -5.314334490731106100, -1.460291965778539400, -3.178818931451389500 ) ) ;
#2149 = CARTESIAN_POINT ( 'NONE',  ( -7.691174770455160300, -2.377937948667809800, 1.589409465725692700 ) ) ;
#2150 = VERTEX_POINT ( 'NONE', #3304 ) ;
#2151 =( NAMED_UNIT ( * ) PLANE_ANGLE_UNIT ( ) SI_UNIT ( $, .RADIAN. ) );
#2152 = CARTESIAN_POINT ( 'NONE',  ( -8.075555555555556700, 0.3749999999999991700, -3.175000000000000300 ) ) ;
#2153 = DIRECTION ( 'NONE',  ( -0.0000000000000000000, -1.000000000000000000, -5.240210400945518800E-016 ) ) ;
#2154 = ORIENTED_EDGE ( 'NONE', *, *, #1934, .T. ) ;
#2155 = DIRECTION ( 'NONE',  ( 0.0000000000000000000, 0.0000000000000000000, 1.000000000000000000 ) ) ;
#2156 = EDGE_LOOP ( 'NONE', ( #2197, #1580, #1125, #2558 ) ) ;
#2157 = CARTESIAN_POINT ( 'NONE',  ( -4.608778935175550400, -1.460291965778539400, -3.178818931451389500 ) ) ;
#2158 = VERTEX_POINT ( 'NONE', #3294 ) ;
#2159 = CARTESIAN_POINT ( 'NONE',  ( -9.762913511466321000, 1.643994225617944700, 2.676033894402714900 ) ) ;
#2160 = CARTESIAN_POINT ( 'NONE',  ( -4.667575231471847300, -2.377937948667808500, -1.589409465725695600 ) ) ;
#2161 = CARTESIAN_POINT ( 'NONE',  ( -6.926822918603306800, -3.295583931557077400, -2.132385635423935400E-015 ) ) ;
#2162 = CARTESIAN_POINT ( 'NONE',  ( 2.060000000000000100, -1.729999999999998600, 3.174999999999998000 ) ) ;
#2163 = DIRECTION ( 'NONE',  ( 0.0000000000000000000, 0.0000000000000000000, 1.000000000000000000 ) ) ;
#2164 = CARTESIAN_POINT ( 'NONE',  ( -8.134351851851857200, -1.458087104677053600, -3.175000000000044700 ) ) ;
#2165 = DIRECTION ( 'NONE',  ( 0.0000000000000000000, 0.0000000000000000000, -1.000000000000000000 ) ) ;
#2166 = ADVANCED_FACE ( 'NONE', ( #1700 ), #3153, .T. ) ;
#2167 = CARTESIAN_POINT ( 'NONE',  ( -7.370000000000001900, 0.3749999999999991700, -3.175000000000000300 ) ) ;
#2168 = CARTESIAN_POINT ( 'NONE',  ( -5.444421297259799200, 1.987600994529448800, 2.793106854861110700 ) ) ;
#2169 = CARTESIAN_POINT ( 'NONE',  ( -11.27000000000000300, 0.3749999999999978900, -4.336808689942017700E-016 ) ) ;
#2170 = DIRECTION ( 'NONE',  ( 1.000000000000000000, 0.0000000000000000000, 0.0000000000000000000 ) ) ;
#2171 = AXIS2_PLACEMENT_3D ( 'NONE', #1073, #1056, #1050 ) ;
#2172 = CARTESIAN_POINT ( 'NONE',  ( -4.327291667630169600, -2.850201989058905200, -1.926267905190632200E-015 ) ) ;
#2173 = EDGE_CURVE ( 'NONE', #2665, #1163, #1042, .T. ) ;
#2174 = CARTESIAN_POINT ( 'NONE',  ( -4.726371527768143300, -3.295583931557077400, -2.132385635423935400E-015 ) ) ;
#2175 = CARTESIAN_POINT ( 'NONE',  ( -6.162471066751455100, -2.377937948667808500, -1.589409465725695600 ) ) ;
#2176 = CARTESIAN_POINT ( 'NONE',  ( -8.193148148148157600, -2.374630657015605700, -1.587500000000007700 ) ) ;
#2177 = EDGE_CURVE ( 'NONE', #2994, #499, #2641, .T. ) ;
#2178 = CARTESIAN_POINT ( 'NONE',  ( -9.427870370370373000, 2.208087104677060300, -3.175000000000000300 ) ) ;
#2179 = CARTESIAN_POINT ( 'NONE',  ( -1.749999999999999800, 0.3749999999999978900, -2.100000000000000500 ) ) ;
#2180 = FACE_OUTER_BOUND ( 'NONE', #242, .T. ) ;
#2181 = CARTESIAN_POINT ( 'NONE',  ( -4.549982638879255200, 0.3749999999999991700, -3.178818931451389100 ) ) ;
#2182 = ORIENTED_EDGE ( 'NONE', *, *, #2008, .T. ) ;
#2183 = VECTOR ( 'NONE', #1339, 1000.000000000000000 ) ;
#2184 = ADVANCED_FACE ( 'NONE', ( #3012, #293 ), #3136, .F. ) ;
#2185 = CARTESIAN_POINT ( 'NONE',  ( -4.268495371333872700, -2.043901491794178700, -1.396553427430556400 ) ) ;
#2186 = LINE ( 'NONE', #653, #45 ) ;
#2187 = CARTESIAN_POINT ( 'NONE',  ( -4.491186342582958300, 2.210291965778536000, -3.178818931451389500 ) ) ;
#2188 = CARTESIAN_POINT ( 'NONE',  ( -5.398119214899603300, -1.460291965778539400, -3.178818931451389500 ) ) ;
#2189 = CARTESIAN_POINT ( 'NONE',  ( -8.251944444444452700, -3.291174209354140500, -2.130344865817672600E-015 ) ) ;
#2190 = DIRECTION ( 'NONE',  ( 0.0000000000000000000, 0.0000000000000000000, 1.000000000000000000 ) ) ;
#2191 = ORIENTED_EDGE ( 'NONE', *, *, #555, .T. ) ;
#2192 = DIRECTION ( 'NONE',  ( 1.000000000000000000, 0.0000000000000000000, 0.0000000000000000000 ) ) ;
#2193 = CARTESIAN_POINT ( 'NONE',  ( -9.049999999945157500, 0.3749999999999978900, -4.336808689942017700E-016 ) ) ;
#2194 = ORIENTED_EDGE ( 'NONE', *, *, #1803, .T. ) ;
#2195 = CARTESIAN_POINT ( 'NONE',  ( -4.432390046286662300, 3.127937948667804500, -1.589409465725694700 ) ) ;
#2196 = EDGE_CURVE ( 'NONE', #3311, #2338, #3569, .T. ) ;
#2197 = ORIENTED_EDGE ( 'NONE', *, *, #2801, .F. ) ;
#2198 = VERTEX_POINT ( 'NONE', #2959 ) ;
#2199 = CARTESIAN_POINT ( 'NONE',  ( -4.209699075037576700, -1.237600994529452800, -2.793106854861112000 ) ) ;
#2200 = EDGE_CURVE ( 'NONE', #2020, #2317, #2722, .T. ) ;
#2201 = CARTESIAN_POINT ( 'NONE',  ( -4.373593749990365400, 4.045583931557073000, 8.155070111572242000E-016 ) ) ;
#2202 = CARTESIAN_POINT ( 'NONE',  ( -4.633767363047750700, 0.3749999999999991700, -3.178818931451389100 ) ) ;
#2203 = ORIENTED_EDGE ( 'NONE', *, *, #3129, .T. ) ;
#2204 = DIRECTION ( 'NONE',  ( -1.000000000000000000, 0.0000000000000000000, -0.0000000000000000000 ) ) ;
#2205 = ADVANCED_FACE ( 'NONE', ( #2588, #2353 ), #2867, .T. ) ;
#2206 = ORIENTED_EDGE ( 'NONE', *, *, #1290, .F. ) ;
#2207 = CARTESIAN_POINT ( 'NONE',  ( -5.902297453694068900, 2.210291965778536000, -3.178818931451389500 ) ) ;
#2208 = CARTESIAN_POINT ( 'NONE',  ( -4.150902778741281600, 0.3749999999999991100, -2.793106854861111100 ) ) ;
#2209 = CARTESIAN_POINT ( 'NONE',  ( -4.055406946657170900, -2.755715423797065800, 0.9350796848467325400 ) ) ;
#2210 = CARTESIAN_POINT ( 'NONE',  ( -3.869415511195899900, 2.210291965778536000, -3.178818931451389500 ) ) ;
#2211 = PLANE ( 'NONE',  #406 ) ;
#2212 = CARTESIAN_POINT ( 'NONE',  ( -8.310740740740749600, -2.374630657015606600, 1.587500000000005000 ) ) ;
#2213 = CIRCLE ( 'NONE', #1510, 2.100000000000000100 ) ;
#2214 = DIRECTION ( 'NONE',  ( -1.000000000000000000, 0.0000000000000000000, -0.0000000000000000000 ) ) ;
#2215 = VECTOR ( 'NONE', #2477, 1000.000000000000000 ) ;
#2216 = CARTESIAN_POINT ( 'NONE',  ( -4.079612268508884500, -2.377937948667809800, 1.589409465725692700 ) ) ;
#2217 = AXIS2_PLACEMENT_3D ( 'NONE', #3767, #3163, #1113 ) ;
#2218 = ADVANCED_FACE ( 'NONE', ( #3803 ), #2744, .T. ) ;
#2219 = CARTESIAN_POINT ( 'NONE',  ( -9.049999999999998900, 0.4249999999999976600, 0.4999999999999995600 ) ) ;
#2220 = AXIS2_PLACEMENT_3D ( 'NONE', #2973, #2577, #2445 ) ;
#2221 = VECTOR ( 'NONE', #1270, 1000.000000000000000 ) ;
#2222 = CARTESIAN_POINT ( 'NONE',  ( -4.092106482444984600, 1.987600994529450200, -2.793106854861111100 ) ) ;
#2223 = AXIS2_PLACEMENT_3D ( 'NONE', #2838, #2833, #2824 ) ;
#2224 = CARTESIAN_POINT ( 'NONE',  ( -4.256001157397773400, 2.210291965778535600, 3.178818931451388600 ) ) ;
#2225 = CARTESIAN_POINT ( 'NONE',  ( -9.751250001927003200, -3.291174209354125400, -2.130344865817665100E-015 ) ) ;
#2226 = CARTESIAN_POINT ( 'NONE',  ( -11.27000000000000300, 0.3749999999999981700, -2.330000000000000500 ) ) ;
#2227 = PLANE ( 'NONE',  #148 ) ;
#2228 = FACE_OUTER_BOUND ( 'NONE', #1853, .T. ) ;
#2229 = CARTESIAN_POINT ( 'NONE',  ( 2.060000000000000100, -1.729999999999998600, -3.175000000000000700 ) ) ;
#2230 = CIRCLE ( 'NONE', #581, 2.750000000000000000 ) ;
#2231 = CARTESIAN_POINT ( 'NONE',  ( -11.27000000000000300, 0.3749999999999978900, -4.336808689942017700E-016 ) ) ;
#2232 = ORIENTED_EDGE ( 'NONE', *, *, #3263, .T. ) ;
#2233 = FACE_OUTER_BOUND ( 'NONE', #599, .T. ) ;
#2234 =( BOUNDED_CURVE ( )  B_SPLINE_CURVE ( 2, ( #544, #518, #358, #320, #303, #282, #273 ),
 .UNSPECIFIED., .F., .T. ) 
 B_SPLINE_CURVE_WITH_KNOTS ( ( 3, 2, 2, 3 ),
 ( -0.02486204080882454100, -0.02154690969996167800, -0.01823177859109884100, -0.01491664748223597800 ),
 .UNSPECIFIED. ) 
 CURVE ( )  GEOMETRIC_REPRESENTATION_ITEM ( )  RATIONAL_B_SPLINE_CURVE ( ( 0.9999999999999973400, 0.8660254037844413700, 1.000000000000000000, 0.8660254037844387100, 1.000000000000000000, 0.8660254037844360400, 1.000000000000002700 ) ) 
 REPRESENTATION_ITEM ( '' )  );
#2235 = DIRECTION ( 'NONE',  ( 1.000000000000000000, -0.0000000000000000000, -0.0000000000000000000 ) ) ;
#2236 = CARTESIAN_POINT ( 'NONE',  ( -4.033310186148688600, 2.793901491794175600, -1.396553427430555800 ) ) ;
#2237 = CARTESIAN_POINT ( 'NONE',  ( -6.019890046286662700, -1.460291965778539400, -3.178818931451389500 ) ) ;
#2238 = CARTESIAN_POINT ( 'NONE',  ( -8.986898150075154100, -2.374630657015594200, -1.587500000000001200 ) ) ;
#2239 = ORIENTED_EDGE ( 'NONE', *, *, #2778, .T. ) ;
#2240 = DIRECTION ( 'NONE',  ( 0.0000000000000000000, 0.0000000000000000000, -1.000000000000000000 ) ) ;
#2241 = VERTEX_POINT ( 'NONE', #2674 ) ;
#2242 = ADVANCED_FACE ( 'NONE', ( #640 ), #2720, .F. ) ;
#2243 = VERTEX_POINT ( 'NONE', #2761 ) ;
#2244 = CARTESIAN_POINT ( 'NONE',  ( -6.899629629629638200, -2.374630657015607500, 1.587500000000005200 ) ) ;
#2245 = DIRECTION ( 'NONE',  ( 0.0000000000000000000, 0.0000000000000000000, -1.000000000000000000 ) ) ;
#2246 = CARTESIAN_POINT ( 'NONE',  ( -7.105416668593672800, 0.3749999999999962300, 3.174999999999999400 ) ) ;
#2247 = VERTEX_POINT ( 'NONE', #2616 ) ;
#2248 = ORIENTED_EDGE ( 'NONE', *, *, #1037, .T. ) ;
#2249 = CARTESIAN_POINT ( 'NONE',  ( -4.314797453694069400, 3.127937948667804900, 1.589409465725693000 ) ) ;
#2250 = EDGE_CURVE ( 'NONE', #3040, #1344, #3615, .T. ) ;
#2251 = DIRECTION ( 'NONE',  ( 0.0000000000000000000, 0.0000000000000000000, 1.000000000000000000 ) ) ;
#2252 = ORIENTED_EDGE ( 'NONE', *, *, #578, .T. ) ;
#2253 = CARTESIAN_POINT ( 'NONE',  ( -3.974513889852392200, 3.600201989058900300, 6.639328379517623000E-016 ) ) ;
#2254 = EDGE_CURVE ( 'NONE', #2247, #2243, #3528, .T. ) ;
#2255 = CARTESIAN_POINT ( 'NONE',  ( -8.222546298223303300, -1.458087104677063400, -3.175000000000000300 ) ) ;
#2256 = VERTEX_POINT ( 'NONE', #2505 ) ;
#2257 = DIRECTION ( 'NONE',  ( 0.03489949670250105900, 0.9993908270190957600, 5.237018206355012000E-016 ) ) ;
#2258 = DIRECTION ( 'NONE',  ( 0.0000000000000000000, 2.865974066235822800E-016, 1.000000000000000000 ) ) ;
#2259 = DIRECTION ( 'NONE',  ( 1.000000000000000000, 0.0000000000000000000, 0.0000000000000000000 ) ) ;
#2260 = UNCERTAINTY_MEASURE_WITH_UNIT (LENGTH_MEASURE( 1.000000000000000100E-005 ), #112, 'distance_accuracy_value', 'NONE');
#2261 = CIRCLE ( 'NONE', #2099, 2.100000000000000100 ) ;
#2262 = DIRECTION ( 'NONE',  ( -0.9993908270190956500, 0.03489949670250105200, 0.0000000000000000000 ) ) ;
#2263 = CARTESIAN_POINT ( 'NONE',  ( -3.915717593556095700, 2.793901491794175600, 1.396553427430554200 ) ) ;
#2264 = CARTESIAN_POINT ( 'NONE',  ( -5.961093749990365800, 0.3749999999999991700, -3.178818931451389100 ) ) ;
#2265 = CARTESIAN_POINT ( 'NONE',  ( -7.458194446371449800, 0.3749999999999991700, -3.175000000000000300 ) ) ;
#2266 = DIRECTION ( 'NONE',  ( 1.000000000000000000, 0.0000000000000000000, 0.0000000000000000000 ) ) ;
#2267 = DIRECTION ( 'NONE',  ( 0.0000000000000000000, 0.0000000000000000000, -1.000000000000000000 ) ) ;
#2268 = CARTESIAN_POINT ( 'NONE',  ( -9.049999999999998900, 0.3749999999999978900, -4.336808689942017700E-016 ) ) ;
#2269 = CIRCLE ( 'NONE', #977, 2.749999999972257700 ) ;
#2270 = EDGE_CURVE ( 'NONE', #1438, #774, #3342, .T. ) ;
#2271 = DIRECTION ( 'NONE',  ( 1.000000000000000000, 0.0000000000000000000, 0.0000000000000000000 ) ) ;
#2272 = ORIENTED_EDGE ( 'NONE', *, *, #1697, .F. ) ;
#2273 = CARTESIAN_POINT ( 'NONE',  ( -3.856921297259799300, 1.987600994529448800, 2.793106854861110700 ) ) ;
#2274 = LINE ( 'NONE', #1286, #2183 ) ;
#2275 = CARTESIAN_POINT ( 'NONE',  ( -6.693842594519598100, 2.208087104677060300, -3.175000000000000300 ) ) ;
#2276 = CARTESIAN_POINT ( 'NONE',  ( -4.019999999999999600, 0.3749999999999978900, -4.336808689942017700E-016 ) ) ;
#2277 = CARTESIAN_POINT ( 'NONE',  ( 3.726959551036518500, 0.3749999999999978900, -0.3800000000000004500 ) ) ;
#2278 = LINE ( 'NONE', #1617, #3782 ) ;
#2279 = DIRECTION ( 'NONE',  ( 0.0000000000000000000, 0.0000000000000000000, -1.000000000000000000 ) ) ;
#2280 = EDGE_LOOP ( 'NONE', ( #1018, #3280, #281, #368 ) ) ;
#2281 = ORIENTED_EDGE ( 'NONE', *, *, #1695, .F. ) ;
#2282 =( BOUNDED_CURVE ( )  B_SPLINE_CURVE ( 2, ( #3706, #3674, #3725, #3730, #3734, #3740, #3750 ),
 .UNSPECIFIED., .F., .T. ) 
 B_SPLINE_CURVE_WITH_KNOTS ( ( 3, 2, 2, 3 ),
 ( 0.08121177290531615700, 0.08452714137880144900, 0.08784250985228675400, 0.09115787832577204600 ),
 .UNSPECIFIED. ) 
 CURVE ( )  GEOMETRIC_REPRESENTATION_ITEM ( )  RATIONAL_B_SPLINE_CURVE ( ( 1.000000000000000000, 0.8660254037844387100, 1.000000000000000000, 0.8660254037844387100, 1.000000000000000000, 0.8660254037844146200, 1.000000000000024200 ) ) 
 REPRESENTATION_ITEM ( '' )  );
#2283 = ORIENTED_EDGE ( 'NONE', *, *, #3388, .T. ) ;
#2284 = DIRECTION ( 'NONE',  ( 0.0000000000000000000, 0.0000000000000000000, -1.000000000000000000 ) ) ;
#2285 = CARTESIAN_POINT ( 'NONE',  ( -3.798125000963502800, 0.3749999999999964500, 2.793106854861110200 ) ) ;
#2286 = CARTESIAN_POINT ( 'NONE',  ( -5.929490742667745500, 3.124630657015590200, -1.587500000000000400 ) ) ;
#2287 = ORIENTED_EDGE ( 'NONE', *, *, #27, .T. ) ;
#2288 = CARTESIAN_POINT ( 'NONE',  ( -8.369537037037220600, -1.458087104674369500, 3.175000000004694300 ) ) ;
#2289 = CARTESIAN_POINT ( 'NONE',  ( -11.27000000000000300, 0.3749999999999978900, -4.336808689942017700E-016 ) ) ;
#2290 = ORIENTED_EDGE ( 'NONE', *, *, #2035, .T. ) ;
#2291 = CARTESIAN_POINT ( 'NONE',  ( -8.428333333333334600, 0.3749999999999962300, 3.174999999999998900 ) ) ;
#2292 = AXIS2_PLACEMENT_3D ( 'NONE', #1870, #115, #2155 ) ;
#2293 = DIRECTION ( 'NONE',  ( 1.000000000000000000, 0.0000000000000000000, 0.0000000000000000000 ) ) ;
#2294 = AXIS2_PLACEMENT_3D ( 'NONE', #294, #286, #1601 ) ;
#2295 = CARTESIAN_POINT ( 'NONE',  ( -4.027502266628580700, -2.798676147202420400, 0.1807470930116501800 ) ) ;
#2296 = EDGE_LOOP ( 'NONE', ( #2206, #2058, #2182, #203, #2018, #1252, #2865, #2866 ) ) ;
#2297 = AXIS2_PLACEMENT_3D ( 'NONE', #2703, #2712, #2716 ) ;
#2298 = DIRECTION ( 'NONE',  ( 1.000000000000000000, 0.0000000000000000000, 0.0000000000000000000 ) ) ;
#2299 = CARTESIAN_POINT ( 'NONE',  ( -3.739328704667206800, -1.237600994529454400, 2.793106854861109300 ) ) ;
#2300 = CIRCLE ( 'NONE', #2294, 2.330000000000000100 ) ;
#2301 = EDGE_CURVE ( 'NONE', #825, #196, #3017, .T. ) ;
#2302 = CARTESIAN_POINT ( 'NONE',  ( -5.165138890815894600, 4.041174209354120500, 8.140062767690513100E-016 ) ) ;
#2303 = CARTESIAN_POINT ( 'NONE',  ( -5.025001304034049100, 0.3749999999999979500, 3.175001304063245700 ) ) ;
#2304 = CARTESIAN_POINT ( 'NONE',  ( 2.060000000000000100, 1.020000000000001400, -3.174999999999998900 ) ) ;
#2305 = FACE_OUTER_BOUND ( 'NONE', #2436, .T. ) ;
#2306 = CARTESIAN_POINT ( 'NONE',  ( -3.399999999999999900, -2.799999999999999800, -3.175000000000001200 ) ) ;
#2307 = CARTESIAN_POINT ( 'NONE',  ( -4.797662038000540400, 2.793901491794175600, 1.396553427430554200 ) ) ;
#2308 = LINE ( 'NONE', #1758, #1584 ) ;
#2309 = CARTESIAN_POINT ( 'NONE',  ( -7.693379631556636500, -2.374630657015595900, 1.587499999999998600 ) ) ;
#2310 = CARTESIAN_POINT ( 'NONE',  ( -3.680532408370910300, -2.043901491794180000, 1.396553427430553800 ) ) ;
#2311 = CARTESIAN_POINT ( 'NONE',  ( -4.138408564805180500, -1.460291965778541400, 3.178818931451387300 ) ) ;
#2312 = CARTESIAN_POINT ( 'NONE',  ( -4.400787038964042900, 3.124630657015590600, 1.587499999999998600 ) ) ;
#2313 = CARTESIAN_POINT ( 'NONE',  ( -7.752175927853105700, -1.458087104674362000, 3.175000000004681400 ) ) ;
#2314 = VECTOR ( 'NONE', #1563, 1000.000000000000000 ) ;
#2315 = CARTESIAN_POINT ( 'NONE',  ( -9.049999999999998900, 0.3249999999999980700, -0.3766961640367477200 ) ) ;
#2316 = CARTESIAN_POINT ( 'NONE',  ( -4.730561283124511200, 0.3750000000001883500, 2.880561283153705500 ) ) ;
#2317 = VERTEX_POINT ( 'NONE', #2318 ) ;
#2318 = CARTESIAN_POINT ( 'NONE',  ( -5.025003366001199900, 1.405974035199709000, 3.002952852435858900 ) ) ;
#2319 = EDGE_CURVE ( 'NONE', #3003, #2797, #2213, .T. ) ;
#2320 = VECTOR ( 'NONE', #2837, 1000.000000000000000 ) ;
#2321 = CARTESIAN_POINT ( 'NONE',  ( -4.444884260222762500, -2.043901491794178700, -1.396553427430556400 ) ) ;
#2322 = CARTESIAN_POINT ( 'NONE',  ( -4.197204861101477400, 0.3749999999999962300, 3.178818931451388200 ) ) ;
#2323 = FACE_OUTER_BOUND ( 'NONE', #1729, .T. ) ;
#2324 = EDGE_CURVE ( 'NONE', #2521, #196, #2516, .T. ) ;
#2325 = CARTESIAN_POINT ( 'NONE',  ( -3.656327086519195900, -2.375840138867091800, 0.8216188257045966600 ) ) ;
#2326 = CARTESIAN_POINT ( 'NONE',  ( -6.078686342582958700, -2.377937948667808500, -1.589409465725695600 ) ) ;
#2327 = CARTESIAN_POINT ( 'NONE',  ( -3.636435187112190700, 2.208087104677059400, 3.174999999999999400 ) ) ;
#2328 = ORIENTED_EDGE ( 'NONE', *, *, #1422, .T. ) ;
#2329 = VECTOR ( 'NONE', #2059, 1000.000000000000000 ) ;
#2330 = CARTESIAN_POINT ( 'NONE',  ( -7.810972224149227600, 0.3749999999999962300, 3.174999999999999400 ) ) ;
#2331 = EDGE_LOOP ( 'NONE', ( #908, #277, #2421, #2549 ) ) ;
#2332 = VERTEX_POINT ( 'NONE', #2306 ) ;
#2333 = CARTESIAN_POINT ( 'NONE',  ( -8.250000000000000000, 0.3529366155933959500, 0.3793589422545963800 ) ) ;
#2334 = DIRECTION ( 'NONE',  ( 1.000000000000000000, 0.0000000000000000000, 0.0000000000000000000 ) ) ;
#2335 = PLANE ( 'NONE',  #162 ) ;
#2336 = ORIENTED_EDGE ( 'NONE', *, *, #2393, .F. ) ;
#2337 = AXIS2_PLACEMENT_3D ( 'NONE', #3503, #3344, #3330 ) ;
#2338 = VERTEX_POINT ( 'NONE', #2086 ) ;
#2339 = CARTESIAN_POINT ( 'NONE',  ( -9.926893144720914100, -2.207043299236443700, -1.065128304940509400 ) ) ;
#2340 = ORIENTED_EDGE ( 'NONE', *, *, #1569, .T. ) ;
#2341 = ORIENTED_EDGE ( 'NONE', *, *, #671, .F. ) ;
#2342 = CARTESIAN_POINT ( 'NONE',  ( -3.628422406490601200, -2.413588086649205000, 0.1588155712462173100 ) ) ;
#2343 = CARTESIAN_POINT ( 'NONE',  ( -9.736550926889426800, 1.987600994529450200, -2.793106854861111100 ) ) ;
#2344 = VERTEX_POINT ( 'NONE', #2621 ) ;
#2345 = CARTESIAN_POINT ( 'NONE',  ( -7.634583335260338700, -3.291174209354125400, -2.130344865817665100E-015 ) ) ;
#2346 = EDGE_LOOP ( 'NONE', ( #1840, #632, #1773, #1444 ) ) ;
#2347 = CARTESIAN_POINT ( 'NONE',  ( -11.27000000000000300, 0.3749999999999978900, -3.175000000000000300 ) ) ;
#2348 = AXIS2_PLACEMENT_3D ( 'NONE', #3292, #61, #2097 ) ;
#2349 = EDGE_CURVE ( 'NONE', #1720, #1886, #1421, .T. ) ;
#2350 = CARTESIAN_POINT ( 'NONE',  ( 2.059999999999999200, 0.3749999999999981700, -2.090000000000000300 ) ) ;
#2351 = CARTESIAN_POINT ( 'NONE',  ( -7.575787038964042700, -2.374630657015594600, -1.587500000000001500 ) ) ;
#2352 = CARTESIAN_POINT ( 'NONE',  ( -10.32451388985239200, 0.3749999999999964500, 2.793106854861110200 ) ) ;
#2353 = FACE_BOUND ( 'NONE', #1981, .T. ) ;
#2354 = CARTESIAN_POINT ( 'NONE',  ( -8.972199075037579500, 2.793901491794175600, -1.396553427430555800 ) ) ;
#2355 = CARTESIAN_POINT ( 'NONE',  ( -7.516990742667744000, -1.458087104677046100, -3.175000000000031400 ) ) ;
#2356 = CARTESIAN_POINT ( 'NONE',  ( -4.701049627968628500, 2.912534058146326800, -1.319346779824072300 ) ) ;
#2357 = CARTESIAN_POINT ( 'NONE',  ( -7.458194446371449800, 0.3749999999999991700, -3.175000000000000300 ) ) ;
#2358 = CARTESIAN_POINT ( 'NONE',  ( -10.26571759355609700, -1.237600994529454400, 2.793106854861109300 ) ) ;
#2359 = DIRECTION ( 'NONE',  ( -1.000000000000000000, -0.0000000000000000000, -0.0000000000000000000 ) ) ;
#2360 = CARTESIAN_POINT ( 'NONE',  ( -8.207847223185726900, 3.600201989058900300, 6.639328379517623000E-016 ) ) ;
#2361 = FACE_OUTER_BOUND ( 'NONE', #208, .T. ) ;
#2362 = COLOUR_RGB ( '',1.000000000000000000, 1.000000000000000000, 1.000000000000000000 ) ;
#2363 = ORIENTED_EDGE ( 'NONE', *, *, #93, .F. ) ;
#2364 = LINE ( 'NONE', #1820, #41 ) ;
#2365 = DIRECTION ( 'NONE',  ( 1.000000000000000000, 0.0000000000000000000, 0.0000000000000000000 ) ) ;
#2366 = EDGE_CURVE ( 'NONE', #3125, #3819, #473, .T. ) ;
#2367 = FACE_OUTER_BOUND ( 'NONE', #2759, .T. ) ;
#2368 = DIRECTION ( 'NONE',  ( 0.0000000000000000000, 0.0000000000000000000, -1.000000000000000000 ) ) ;
#2369 = EDGE_CURVE ( 'NONE', #237, #803, #1652, .T. ) ;
#2370 = VERTEX_POINT ( 'NONE', #2063 ) ;
#2371 = ORIENTED_EDGE ( 'NONE', *, *, #2465, .T. ) ;
#2372 = VECTOR ( 'NONE', #915, 1000.000000000000000 ) ;
#2373 = CARTESIAN_POINT ( 'NONE',  ( -10.20692129725979800, -2.043901491794180000, 1.396553427430553800 ) ) ;
#2374 = CARTESIAN_POINT ( 'NONE',  ( -1.749999999999999800, 3.549999999999996300, 3.175000000000002000 ) ) ;
#2375 = CARTESIAN_POINT ( 'NONE',  ( -7.443495371333874300, 2.793901491794175600, 1.396553427430554200 ) ) ;
#2376 = VERTEX_POINT ( 'NONE', #1978 ) ;
#2377 = CARTESIAN_POINT ( 'NONE',  ( -4.939999999976407700, 0.3749999999999978900, -0.3800000000015854000 ) ) ;
#2378 = ORIENTED_EDGE ( 'NONE', *, *, #3050, .T. ) ;
#2379 = DIRECTION ( 'NONE',  ( 0.0000000000000000000, 0.0000000000000000000, 1.000000000000000000 ) ) ;
#2380 = DIRECTION ( 'NONE',  ( -1.000000000000000000, -0.0000000000000000000, -0.0000000000000000000 ) ) ;
#2381 = EDGE_LOOP ( 'NONE', ( #1211, #3316, #2113, #455, #580, #325, #2751, #3512 ) ) ;
#2382 = CARTESIAN_POINT ( 'NONE',  ( -8.163750001927004600, 0.3749999999999991700, -3.175000000000000300 ) ) ;
#2383 = CARTESIAN_POINT ( 'NONE',  ( -11.27000000000000300, 0.3749999999999978900, 2.329999999999999600 ) ) ;
#2384 = CARTESIAN_POINT ( 'NONE',  ( -10.14812500096350300, -2.850201989058905200, -1.926267905190632200E-015 ) ) ;
#2385 = EDGE_LOOP ( 'NONE', ( #870, #2609, #3561, #717, #2340 ) ) ;
#2386 = DIRECTION ( 'NONE',  ( 0.0000000000000000000, 0.0000000000000000000, -1.000000000000000000 ) ) ;
#2387 = CARTESIAN_POINT ( 'NONE',  ( -6.679143519482020800, 1.987600994529448800, 2.793106854861110700 ) ) ;
#2388 = EDGE_CURVE ( 'NONE', #774, #1727, #1054, .T. ) ;
#2389 = DIRECTION ( 'NONE',  ( 0.0000000000000000000, 0.0000000000000000000, -1.000000000000000000 ) ) ;
#2390 = CARTESIAN_POINT ( 'NONE',  ( -4.621273149111651400, 2.793901491794175600, 1.396553427430554200 ) ) ;
#2391 = CARTESIAN_POINT ( 'NONE',  ( -5.694305557482561400, 0.3749999999999962300, 3.174999999999999400 ) ) ;
#2392 = SURFACE_STYLE_FILL_AREA ( #1511 ) ;
#2393 = EDGE_CURVE ( 'NONE', #3139, #2158, #2748, .T. ) ;
#2394 = CARTESIAN_POINT ( 'NONE',  ( -6.137482638879254700, -3.295583931557077400, -2.132385635423935400E-015 ) ) ;
#2395 = DIRECTION ( 'NONE',  ( -0.0000000000000000000, -0.0000000000000000000, -1.000000000000000000 ) ) ;
#2396 = LINE ( 'NONE', #21, #836 ) ;
#2397 = PLANE ( 'NONE',  #1336 ) ;
#2398 =( BOUNDED_CURVE ( )  B_SPLINE_CURVE ( 3, ( #840, #830, #3516, #1756 ),
 .UNSPECIFIED., .F., .F. ) 
 B_SPLINE_CURVE_WITH_KNOTS ( ( 4, 4 ),
 ( 4.580427372724813900, 4.654294770601291400 ),
 .UNSPECIFIED. ) 
 CURVE ( )  GEOMETRIC_REPRESENTATION_ITEM ( )  RATIONAL_B_SPLINE_CURVE ( ( 1.000000000000000000, 0.9995453523131093700, 0.9995453523131093700, 1.000000000000000000 ) ) 
 REPRESENTATION_ITEM ( '' )  );
#2399 = CARTESIAN_POINT ( 'NONE',  ( -4.599999999982173900, 0.3749999999999978900, -4.336808689942017700E-016 ) ) ;
#2400 = CARTESIAN_POINT ( 'NONE',  ( -5.914791667630169900, 0.3749999999999964500, 2.793106854861110200 ) ) ;
#2401 = DIRECTION ( 'NONE',  ( 0.0000000000000000000, 0.0000000000000000000, 1.000000000000000000 ) ) ;
#2402 = DIRECTION ( 'NONE',  ( -1.000000000000000000, 0.0000000000000000000, 0.0000000000000000000 ) ) ;
#2403 = CARTESIAN_POINT ( 'NONE',  ( -3.856921297259799300, 1.987600994529448800, 2.793106854861110700 ) ) ;
#2404 = CARTESIAN_POINT ( 'NONE',  ( -5.753101853778843200, 2.208087104676848400, 3.175000000000365800 ) ) ;
#2405 = DIRECTION ( 'NONE',  ( -1.000000000000000000, 0.0000000000000000000, 0.0000000000000000000 ) ) ;
#2406 = CARTESIAN_POINT ( 'NONE',  ( -3.399999999999999900, 3.549999999999996300, 3.175000000000002000 ) ) ;
#2407 = FACE_OUTER_BOUND ( 'NONE', #925, .T. ) ;
#2408 = CARTESIAN_POINT ( 'NONE',  ( -8.250000000000000000, 0.3529366155933960100, -4.336808689942017700E-016 ) ) ;
#2409 = CARTESIAN_POINT ( 'NONE',  ( -5.150439815778317300, -1.237600994529454400, 2.793106854861109300 ) ) ;
#2410 = ORIENTED_EDGE ( 'NONE', *, *, #1284, .F. ) ;
#2411 = VECTOR ( 'NONE', #3724, 1000.000000000000000 ) ;
#2412 = CARTESIAN_POINT ( 'NONE',  ( 2.060000000000000100, 6.505213034913026600E-016, -2.364999999999999300 ) ) ;
#2413 = VECTOR ( 'NONE', #2042, 1000.000000000000000 ) ;
#2414 = MECHANICAL_DESIGN_GEOMETRIC_PRESENTATION_REPRESENTATION (  '', ( #2028 ), #2622 ) ;
#2415 = CARTESIAN_POINT ( 'NONE',  ( -9.102285881566270800, -2.377937948667809800, 1.589409465725692700 ) ) ;
#2416 = AXIS2_PLACEMENT_3D ( 'NONE', #2539, #3101, #2921 ) ;
#2417 = FILL_AREA_STYLE_COLOUR ( '', #1908 ) ;
#2418 = CARTESIAN_POINT ( 'NONE',  ( -5.811898150075155200, 3.124630657015591500, 1.587499999999999200 ) ) ;
#2419 = AXIS2_PLACEMENT_3D ( 'NONE', #1358, #624, #629 ) ;
#2420 = EDGE_LOOP ( 'NONE', ( #2705, #1598 ) ) ;
#2421 = ORIENTED_EDGE ( 'NONE', *, *, #3550, .F. ) ;
#2422 = CARTESIAN_POINT ( 'NONE',  ( -7.017222222222223100, 0.3749999999999962300, 3.174999999999999400 ) ) ;
#2423 = DIRECTION ( 'NONE',  ( 0.0000000000000000000, 0.0000000000000000000, -1.000000000000000000 ) ) ;
#2424 = CARTESIAN_POINT ( 'NONE',  ( -9.544999992783687000, 0.3749999999999979500, -4.336808689942017700E-016 ) ) ;
#2425 = ORIENTED_EDGE ( 'NONE', *, *, #1442, .T. ) ;
#2426 = CARTESIAN_POINT ( 'NONE',  ( -1.749999999999999800, -2.800000000000000300, 2.364999999999998000 ) ) ;
#2427 = ORIENTED_EDGE ( 'NONE', *, *, #2366, .F. ) ;
#2428 = ORIENTED_EDGE ( 'NONE', *, *, #2514, .T. ) ;
#2429 = CARTESIAN_POINT ( 'NONE',  ( -9.926892862836211900, 0.3749999999999979500, -4.336808689942017700E-016 ) ) ;
#2430 = CARTESIAN_POINT ( 'NONE',  ( -8.337934029714418200, -3.295583931557077400, -2.132385635423935400E-015 ) ) ;
#2431 = ORIENTED_EDGE ( 'NONE', *, *, #3211, .F. ) ;
#2432 = CARTESIAN_POINT ( 'NONE',  ( -5.870694446371449400, 4.041174209354120500, 8.140062767690516100E-016 ) ) ;
#2433 = CARTESIAN_POINT ( 'NONE',  ( -9.049999999999998900, 0.3749999999999978900, -4.336808689942017700E-016 ) ) ;
#2434 = ADVANCED_FACE ( 'NONE', ( #2692 ), #1754, .F. ) ;
#2435 = CARTESIAN_POINT ( 'NONE',  ( 2.060000000000000100, 8.627498247295961300E-016, -3.174999999999999400 ) ) ;
#2436 = EDGE_LOOP ( 'NONE', ( #1251, #3043, #3778, #3181 ) ) ;
#2437 = DIRECTION ( 'NONE',  ( -1.000000000000000000, 0.0000000000000000000, -0.0000000000000000000 ) ) ;
#2438 = VECTOR ( 'NONE', #111, 1000.000000000000000 ) ;
#2439 =( BOUNDED_CURVE ( )  B_SPLINE_CURVE ( 2, ( #2811, #2825, #2829, #2835, #2841, #2843, #2849, #2860, #2868, #2880, #2886, #2890, #2901, #2910, #2917, #2922, #2927, #3064, #2935, #2941, #2950, #2955, #2963, #2969, #2975, #2984, #2990, #2999, #3004, #3013, #3016, #3023, #3025, #3033, #3037, #3045, #3048, #3059, #3069, #3074, #3080, #3084, #3090, #3097, #3099, #3104, #3111, #3114, #3116, #3122, #3127, #3141, #3148, #3156, #3162, #3169, #3176, #3186, #3195, #3202, #3206, #3213, #3216, #3221, #3228, #3238, #3245, #3249, #3253, #3259, #3264, #3272, #3279, #3287, #3291, #3297, #3308, #3313, #3318, #3324, #3334, #3337, #3347, #3348, #3364, #3367, #3373, #3376, #3379, #3387, #3392, #3396, #3400 ),
 .UNSPECIFIED., .F., .F. ) 
 B_SPLINE_CURVE_WITH_KNOTS ( ( 3, 2, 2, 2, 2, 2, 2, 2, 2, 2, 2, 2, 2, 2, 2, 2, 2, 2, 2, 2, 2, 2, 2, 2, 2, 2, 2, 2, 2, 2, 2, 2, 2, 2, 2, 2, 2, 2, 2, 2, 2, 2, 2, 2, 2, 2, 3 ),
 ( 0.1441014975753305300, 0.1574484351868997700, 0.1741151018535664900, 0.1907817685202332100, 0.2074484351868998200, 0.2241151018535665300, 0.2407817685202331400, 0.2574484351868998600, 0.2741151018535664700, 0.2907817685202331900, 0.3074484351868997900, 0.3241151018535665100, 0.3407817685202331200, 0.3574484351868998400, 0.3741151018535664500, 0.3907817685202331600, 0.4074484351868997700, 0.4241151018535664900, 0.4407817685202331500, 0.4574484351868998200, 0.4741151018535664800, 0.4907817685202331400, 0.5074484351868997500, 0.5241151018535664700, 0.5407817685202331900, 0.5574484351868997900, 0.5741151018535665100, 0.5907817685202332300, 0.6074484351868998400, 0.6241151018535664500, 0.6407817685202331600, 0.6574484351868998800, 0.6741151018535664900, 0.6907817685202331000, 0.7074484351868998200, 0.7241151018535665300, 0.7407817685202331400, 0.7574484351868998600, 0.7741151018535664700, 0.7907817685202331900, 0.8074484351868997900, 0.8241151018535665100, 0.8407817685202331200, 0.8574484351868998400, 0.8741151018535664500, 0.8907817685202332700, 0.8929523082008060700 ),
 .UNSPECIFIED. ) 
 CURVE ( )  GEOMETRIC_REPRESENTATION_ITEM ( )  RATIONAL_B_SPLINE_CURVE ( ( 0.9572595369320757700, 0.8927109653665429300, 1.000000000000000000, 0.8660254037844387100, 1.000000000000000000, 0.8660254037844387100, 1.000000000000000000, 0.8660254037844387100, 1.000000000000000000, 0.8660254037844387100, 1.000000000000000000, 0.8660254037844387100, 1.000000000000000000, 0.8660254037844387100, 1.000000000000000000, 0.8660254037844387100, 1.000000000000000000, 0.8660254037844387100, 1.000000000000000000, 0.8660254037844387100, 1.000000000000000000, 0.8660254037844387100, 1.000000000000000000, 0.8660254037844387100, 1.000000000000000000, 0.8660254037844387100, 1.000000000000000000, 0.8660254037844387100, 1.000000000000000000, 0.8660254037844387100, 1.000000000000000000, 0.8660254037844387100, 1.000000000000000000, 0.8660254037844387100, 1.000000000000000000, 0.8660254037844387100, 1.000000000000000000, 0.8660254037844387100, 1.000000000000000000, 0.8660254037844387100, 1.000000000000000000, 0.8660254037844387100, 1.000000000000000000, 0.8660254037844387100, 1.000000000000000000, 0.8660254037844387100, 1.000000000000000000, 0.8660254037844387100, 1.000000000000000000, 0.8660254037844387100, 1.000000000000000000, 0.8660254037844387100, 1.000000000000000000, 0.8660254037844387100, 1.000000000000000000, 0.8660254037844387100, 1.000000000000000000, 0.8660254037844387100, 1.000000000000000000, 0.8660254037844387100, 1.000000000000000000, 0.8660254037844387100, 1.000000000000000000, 0.8660254037844387100, 1.000000000000000000, 0.8660254037844387100, 1.000000000000000000, 0.8660254037844387100, 1.000000000000000000, 0.8660254037844387100, 1.000000000000000000, 0.8660254037844387100, 1.000000000000000000, 0.8660254037844387100, 1.000000000000000000, 0.8660254037844387100, 1.000000000000000000, 0.8660254037844387100, 1.000000000000000000, 0.8660254037844387100, 1.000000000000000000, 0.8660254037844387100, 1.000000000000000000, 0.8660254037844387100, 1.000000000000000000, 0.8660254037844387100, 1.000000000000000000, 0.8660254037844387100, 1.000000000000000000, 0.8660254037844387100, 1.000000000000000000, 0.9825521693635235200, 0.9696488837754135800 ) ) 
 REPRESENTATION_ITEM ( '' )  );
#2440 = EDGE_CURVE ( 'NONE', #2667, #1677, #2080, .T. ) ;
#2441 = CARTESIAN_POINT ( 'NONE',  ( -7.573582177862566500, -2.377937948667808500, -1.589409465725695600 ) ) ;
#2442 = CARTESIAN_POINT ( 'NONE',  ( -9.970000000000000600, 0.3749999999999978900, -4.336808689942017700E-016 ) ) ;
#2443 = CARTESIAN_POINT ( 'NONE',  ( -5.929490742667745500, 3.124630657015591100, -1.587500000000001000 ) ) ;
#2444 = EDGE_CURVE ( 'NONE', #3229, #3125, #2308, .T. ) ;
#2445 = DIRECTION ( 'NONE',  ( 0.0000000000000000000, 0.0000000000000000000, -1.000000000000000000 ) ) ;
#2446 = ADVANCED_FACE ( 'NONE', ( #1468 ), #608, .T. ) ;
#2447 = DIRECTION ( 'NONE',  ( 0.0000000000000000000, 1.785584923329560200E-015, -1.000000000000000000 ) ) ;
#2448 = VECTOR ( 'NONE', #2918, 1000.000000000000000 ) ;
#2449 = CARTESIAN_POINT ( 'NONE',  ( -8.928101853778855500, -1.458087104677046300, -3.175000000000032200 ) ) ;
#2450 = CARTESIAN_POINT ( 'NONE',  ( -6.809230326010714800, -1.460291965778539400, -3.178818931451389500 ) ) ;
#2451 = CARTESIAN_POINT ( 'NONE',  ( 2.059999999999999600, 3.549999999999999800, -3.174999999999997600 ) ) ;
#2452 = PRODUCT_CONTEXT ( 'NONE', #994, 'mechanical' ) ;
#2453 = CARTESIAN_POINT ( 'NONE',  ( -5.988287038964040600, 2.208087104677082000, -3.174999999999963400 ) ) ;
#2454 = CIRCLE ( 'NONE', #792, 2.750000000011370900 ) ;
#2455 = DIRECTION ( 'NONE',  ( 0.0000000000000000000, 1.000000000000000000, 3.901689200346130300E-016 ) ) ;
#2456 = DIRECTION ( 'NONE',  ( -1.000000000000000000, 0.0000000000000000000, -0.0000000000000000000 ) ) ;
#2457 = DIRECTION ( 'NONE',  ( -1.000000000000000000, 0.0000000000000000000, 0.0000000000000000000 ) ) ;
#2458 = CARTESIAN_POINT ( 'NONE',  ( -6.267569445407949600, 3.600201989058900300, 6.639328379517623000E-016 ) ) ;
#2459 = VECTOR ( 'NONE', #3600, 1000.000000000000000 ) ;
#2460 = DIRECTION ( 'NONE',  ( 0.0000000000000000000, -3.901689200346130300E-016, 1.000000000000000000 ) ) ;
#2461 = CARTESIAN_POINT ( 'NONE',  ( -9.687584735845117500, -1.376911496150872400, 2.480823063760316100 ) ) ;
#2462 = ORIENTED_EDGE ( 'NONE', *, *, #226, .F. ) ;
#2463 = ORIENTED_EDGE ( 'NONE', *, *, #3533, .T. ) ;
#2464 = CARTESIAN_POINT ( 'NONE',  ( -8.075555555555556700, 0.3749999999999991700, -3.175000000000000300 ) ) ;
#2465 = EDGE_CURVE ( 'NONE', #1347, #2994, #1958, .T. ) ;
#2466 = CARTESIAN_POINT ( 'NONE',  ( -6.044878474158862100, 0.3749999999999991700, -3.178818931451389100 ) ) ;
#2467 = VERTEX_POINT ( 'NONE', #1611 ) ;
#2468 = DIRECTION ( 'NONE',  ( -0.0000000000000000000, 1.000000000000000000, 5.240210400945518800E-016 ) ) ;
#2469 = ADVANCED_FACE ( 'NONE', ( #1521 ), #392, .T. ) ;
#2470 = VERTEX_POINT ( 'NONE', #1403 ) ;
#2471 = CARTESIAN_POINT ( 'NONE',  ( -9.049999999999998900, 0.3749999999999978900, -4.336808689942017700E-016 ) ) ;
#2472 = ORIENTED_EDGE ( 'NONE', *, *, #2798, .F. ) ;
#2473 = DIRECTION ( 'NONE',  ( 1.000000000000000000, 0.0000000000000000000, 0.0000000000000000000 ) ) ;
#2474 = DIRECTION ( 'NONE',  ( -1.000000000000000000, 0.0000000000000000000, 0.0000000000000000000 ) ) ;
#2475 = ORIENTED_EDGE ( 'NONE', *, *, #222, .F. ) ;
#2476 = CARTESIAN_POINT ( 'NONE',  ( -10.08932870466720600, -2.043901491794178700, -1.396553427430556400 ) ) ;
#2477 = DIRECTION ( 'NONE',  ( 0.0000000000000000000, 0.0000000000000000000, 1.000000000000000000 ) ) ;
#2479 = CARTESIAN_POINT ( 'NONE',  ( -5.280526622307011300, 2.210291965778536000, -3.178818931451389500 ) ) ;
#2478 = PRODUCT_DEFINITION_CONTEXT ( 'detailed design', #694, 'design' ) ;
#2480 = DIRECTION ( 'NONE',  ( 0.0000000000000000000, 0.0000000000000000000, -1.000000000000000000 ) ) ;
#2481 = CARTESIAN_POINT ( 'NONE',  ( -6.047083335260338400, 0.3749999999999991700, -3.175000000000000300 ) ) ;
#2482 = DIRECTION ( 'NONE',  ( 0.0000000000000000000, 0.0000000000000000000, -1.000000000000000000 ) ) ;
#2483 = CARTESIAN_POINT ( 'NONE',  ( -8.340138890815893500, -3.291174209354127600, -2.130344865817666700E-015 ) ) ;
#2484 = DIRECTION ( 'NONE',  ( 1.000000000000000000, -0.0000000000000000000, 0.0000000000000000000 ) ) ;
#2485 = CARTESIAN_POINT ( 'NONE',  ( -11.27000000000000300, 0.3749999999999982800, 3.174999999999999400 ) ) ;
#2486 = VECTOR ( 'NONE', #3419, 1000.000000000000000 ) ;
#2487 = AXIS2_PLACEMENT_3D ( 'NONE', #660, #1279, #387 ) ;
#2488 = ADVANCED_FACE ( 'NONE', ( #402 ), #3692, .T. ) ;
#2489 = CARTESIAN_POINT ( 'NONE',  ( -9.049999999999998900, 0.3749999999999978900, -4.336808689942017700E-016 ) ) ;
#2490 = AXIS2_PLACEMENT_3D ( 'NONE', #3558, #2456, #3596 ) ;
#2491 = CARTESIAN_POINT ( 'NONE',  ( -10.03053240837091000, -1.237600994529452800, -2.793106854861112000 ) ) ;
#2492 = AXIS2_PLACEMENT_3D ( 'NONE', #3578, #3584, #3594 ) ;
#2493 = DIRECTION ( 'NONE',  ( -0.0000000000000000000, 1.000000000000000000, 0.0000000000000000000 ) ) ;
#2494 = CARTESIAN_POINT ( 'NONE',  ( -4.516174770455160500, 3.127937948667804500, -1.589409465725694700 ) ) ;
#2495 = DIRECTION ( 'NONE',  ( 1.000000000000000000, -0.0000000000000000000, 0.0000000000000000000 ) ) ;
#2496 = EDGE_CURVE ( 'NONE', #2944, #2907, #296, .T. ) ;
#2497 = DIRECTION ( 'NONE',  ( 1.000000000000000000, 0.0000000000000000000, 0.0000000000000000000 ) ) ;
#2498 = CARTESIAN_POINT ( 'NONE',  ( -3.399999999999999900, 3.549999999999999800, -3.174999999999998500 ) ) ;
#2499 = FACE_OUTER_BOUND ( 'NONE', #2670, .T. ) ;
#2500 = ORIENTED_EDGE ( 'NONE', *, *, #168, .F. ) ;
#2501 = CARTESIAN_POINT ( 'NONE',  ( -9.971736112074616200, 0.3749999999999991100, -2.793106854861111100 ) ) ;
#2502 = LINE ( 'NONE', #42, #265 ) ;
#2503 = CARTESIAN_POINT ( 'NONE',  ( -8.545925925925931900, 3.124630657015599500, 1.587500000000004100 ) ) ;
#2504 = CARTESIAN_POINT ( 'NONE',  ( -3.751822918603307000, 4.045583931557073000, 8.155070111572242000E-016 ) ) ;
#2505 = CARTESIAN_POINT ( 'NONE',  ( -9.050000000001214000, 0.3249999999999903500, 0.2831187913217204600 ) ) ;
#2506 = PLANE ( 'NONE',  #1907 ) ;
#2507 = ORIENTED_EDGE ( 'NONE', *, *, #1956, .T. ) ;
#2508 = LINE ( 'NONE', #2038, #1760 ) ;
#2509 = ADVANCED_FACE ( 'NONE', ( #1145 ), #3174, .F. ) ;
#2510 = DIRECTION ( 'NONE',  ( 0.0000000000000000000, 0.0000000000000000000, -1.000000000000000000 ) ) ;
#2511 = CARTESIAN_POINT ( 'NONE',  ( -3.399999999999999900, 3.549999999999999800, -3.174999999999997600 ) ) ;
#2512 = ORIENTED_EDGE ( 'NONE', *, *, #3683, .F. ) ;
#2513 = CARTESIAN_POINT ( 'NONE',  ( -8.501828704667207900, 1.987600994529450200, -2.793106854861111100 ) ) ;
#2514 = EDGE_CURVE ( 'NONE', #728, #3702, #3647, .T. ) ;
#2515 = ORIENTED_EDGE ( 'NONE', *, *, #3652, .F. ) ;
#2516 =( BOUNDED_CURVE ( )  B_SPLINE_CURVE ( 2, ( #2291, #2288, #2212, #2189, #2176, #2164, #2152 ),
 .UNSPECIFIED., .F., .T. ) 
 B_SPLINE_CURVE_WITH_KNOTS ( ( 3, 2, 2, 3 ),
 ( 0.03148224683232193200, 0.03479750408082862800, 0.03811276132933531800, 0.04142801857784201400 ),
 .UNSPECIFIED. ) 
 CURVE ( )  GEOMETRIC_REPRESENTATION_ITEM ( )  RATIONAL_B_SPLINE_CURVE ( ( 1.000000000000342200, 0.8660254037840964300, 1.000000000000000000, 0.8660254037844387100, 1.000000000000000000, 0.8660254037844364900, 1.000000000000002200 ) ) 
 REPRESENTATION_ITEM ( '' )  );
#2517 = ORIENTED_EDGE ( 'NONE', *, *, #336, .F. ) ;
#2518 = DIRECTION ( 'NONE',  ( 0.0000000000000000000, 0.0000000000000000000, 1.000000000000000000 ) ) ;
#2519 = EDGE_CURVE ( 'NONE', #3755, #589, #3672, .T. ) ;
#2520 = CARTESIAN_POINT ( 'NONE',  ( -9.633657409334412900, -1.458087104677063400, -3.175000000000000300 ) ) ;
#2521 = VERTEX_POINT ( 'NONE', #1082 ) ;
#2522 = DIRECTION ( 'NONE',  ( 0.0000000000000000000, 0.0000000000000000000, 1.000000000000000000 ) ) ;
#2523 = CARTESIAN_POINT ( 'NONE',  ( 2.060000000000000100, 6.505213034913026600E-016, -2.364999999999998900 ) ) ;
#2524 = ORIENTED_EDGE ( 'NONE', *, *, #2301, .T. ) ;
#2525 = CARTESIAN_POINT ( 'NONE',  ( -6.796736112074614600, 0.3749999999999964500, 2.793106854861110200 ) ) ;
#2526 = CARTESIAN_POINT ( 'NONE',  ( -9.679436716040642700, -1.644893867109410200, 2.278856836031465600 ) ) ;
#2527 = ORIENTED_EDGE ( 'NONE', *, *, #306, .F. ) ;
#2528 = ADVANCED_FACE ( 'NONE', ( #440 ), #1179, .T. ) ;
#2529 = AXIS2_PLACEMENT_3D ( 'NONE', #3175, #3161, #3146 ) ;
#2530 = DIRECTION ( 'NONE',  ( 1.000000000000000000, 0.0000000000000000000, 0.0000000000000000000 ) ) ;
#2531 = CARTESIAN_POINT ( 'NONE',  ( -9.912939815778319300, 1.987600994529450200, -2.793106854861111100 ) ) ;
#2532 = CARTESIAN_POINT ( 'NONE',  ( -9.593770442001933000, -2.558673073450510800, -1.093204283115982700 ) ) ;
#2533 = CARTESIAN_POINT ( 'NONE',  ( -8.869305557482560300, 0.3749999999999991700, -3.175000000000000300 ) ) ;
#2534 = DIRECTION ( 'NONE',  ( 1.000000000000000000, -0.0000000000000000000, 0.0000000000000000000 ) ) ;
#2535 = FACE_OUTER_BOUND ( 'NONE', #3640, .T. ) ;
#2536 = CARTESIAN_POINT ( 'NONE',  ( -6.782037037037047100, -2.374630657015606600, -1.587500000000007900 ) ) ;
#2537 = CARTESIAN_POINT ( 'NONE',  ( -6.840833333333335100, -3.291174209354125400, -2.130344865817665100E-015 ) ) ;
#2538 = PRESENTATION_STYLE_ASSIGNMENT (( #1791 ) ) ;
#2539 = CARTESIAN_POINT ( 'NONE',  ( -9.269999999901301600, 0.3749999999999979500, -4.336808689942017700E-016 ) ) ;
#2540 = AXIS2_PLACEMENT_3D ( 'NONE', #2116, #354, #2401 ) ;
#2541 = EDGE_CURVE ( 'NONE', #2660, #2907, #2060, .T. ) ;
#2542 = AXIS2_PLACEMENT_3D ( 'NONE', #2820, #2774, #2810 ) ;
#2543 = CARTESIAN_POINT ( 'NONE',  ( -8.104953705630709500, 2.208087104677060300, -3.175000000000000300 ) ) ;
#2544 = CARTESIAN_POINT ( 'NONE',  ( -9.269999999958145100, 0.3749999999999979500, -4.336808689942017700E-016 ) ) ;
#2545 = CARTESIAN_POINT ( 'NONE',  ( -11.27000000000000300, 0.3749999999999982800, 3.174999999999999400 ) ) ;
#2546 = CONICAL_SURFACE ( 'NONE', #2828, 0.5300000000065645500, 0.1488899476094973100 ) ;
#2547 = CARTESIAN_POINT ( 'NONE',  ( -1.749999999999999800, -2.710505431213761100E-016, 2.364999999999998900 ) ) ;
#2548 = CARTESIAN_POINT ( 'NONE',  ( -5.429722222222223700, -3.291174209354125400, -2.130344865817665100E-015 ) ) ;
#2549 = ORIENTED_EDGE ( 'NONE', *, *, #2596, .F. ) ;
#2550 = CYLINDRICAL_SURFACE ( 'NONE', #3765, 2.750000000000000000 ) ;
#2551 = CARTESIAN_POINT ( 'NONE',  ( -5.855995371333873900, -2.043901491794178700, -1.396553427430556400 ) ) ;
#2552 = PLANE ( 'NONE',  #981 ) ;
#2553 = VECTOR ( 'NONE', #3445, 1000.000000000000000 ) ;
#2554 = CARTESIAN_POINT ( 'NONE',  ( -3.939999999999999900, 0.3749999999999978900, -4.336808689942017700E-016 ) ) ;
#2555 = CARTESIAN_POINT ( 'NONE',  ( -9.854143519482020600, 2.793901491794175600, -1.396553427430555800 ) ) ;
#2556 = CARTESIAN_POINT ( 'NONE',  ( -7.340601853778856900, 3.124630657015590200, -1.587500000000000400 ) ) ;
#2557 = ORIENTED_EDGE ( 'NONE', *, *, #2177, .T. ) ;
#2558 = ORIENTED_EDGE ( 'NONE', *, *, #1718, .T. ) ;
#2559 = DIRECTION ( 'NONE',  ( -1.000000000000000000, 0.0000000000000000000, 0.0000000000000000000 ) ) ;
#2560 = DIRECTION ( 'NONE',  ( 1.000000000000000000, 0.0000000000000000000, 0.0000000000000000000 ) ) ;
#2561 = ORIENTED_EDGE ( 'NONE', *, *, #313, .F. ) ;
#2562 = FILL_AREA_STYLE_COLOUR ( '', #661 ) ;
#2563 = CARTESIAN_POINT ( 'NONE',  ( -1.749999999999999800, 0.3749999999999978900, -2.365000000000001100 ) ) ;
#2564 = CARTESIAN_POINT ( 'NONE',  ( -7.370000000000001900, 0.3749999999999991700, -3.175000000000000300 ) ) ;
#2565 = VECTOR ( 'NONE', #775, 1000.000000000000000 ) ;
#2566 = DIRECTION ( 'NONE',  ( 1.000000000000000000, 0.0000000000000000000, 0.0000000000000000000 ) ) ;
#2567 = EDGE_LOOP ( 'NONE', ( #3234, #1774, #1963, #2619 ) ) ;
#2568 =( BOUNDED_CURVE ( )  B_SPLINE_CURVE ( 3, ( #3354, #3343, #3302, #3293 ),
 .UNSPECIFIED., .F., .F. ) 
 B_SPLINE_CURVE_WITH_KNOTS ( ( 4, 4 ),
 ( 1.628890536578294400, 1.702757934454772100 ),
 .UNSPECIFIED. ) 
 CURVE ( )  GEOMETRIC_REPRESENTATION_ITEM ( )  RATIONAL_B_SPLINE_CURVE ( ( 1.000000000000000000, 0.9995453523131093700, 0.9995453523131093700, 1.000000000000000000 ) ) 
 REPRESENTATION_ITEM ( '' )  );
#2569 = ORIENTED_EDGE ( 'NONE', *, *, #2319, .T. ) ;
#2570 = AXIS2_PLACEMENT_3D ( 'NONE', #993, #911, #1010 ) ;
#2571 = CARTESIAN_POINT ( 'NONE',  ( -3.940000000000054600, 0.3749999999999978900, -0.5299999999980384800 ) ) ;
#2572 = EDGE_CURVE ( 'NONE', #2957, #728, #2906, .T. ) ;
#2573 = DIRECTION ( 'NONE',  ( 0.0000000000000000000, 0.0000000000000000000, -1.000000000000000000 ) ) ;
#2574 = ORIENTED_EDGE ( 'NONE', *, *, #3256, .F. ) ;
#2575 = CARTESIAN_POINT ( 'NONE',  ( -9.795347223185723700, 3.600201989058900300, 6.639328379517623000E-016 ) ) ;
#2576 = EDGE_CURVE ( 'NONE', #3603, #672, #1304, .T. ) ;
#2577 = DIRECTION ( 'NONE',  ( -1.000000000000000000, -0.0000000000000000000, -0.0000000000000000000 ) ) ;
#2578 = CARTESIAN_POINT ( 'NONE',  ( -6.576250001927005200, 4.041174209354120500, 8.140062767690513100E-016 ) ) ;
#2579 = VECTOR ( 'NONE', #1962, 1000.000000000000000 ) ;
#2580 = VERTEX_POINT ( 'NONE', #857 ) ;
#2581 = CARTESIAN_POINT ( 'NONE',  ( -9.049999999999998900, 0.3749999999999978900, -0.3800000000000004500 ) ) ;
#2582 = CARTESIAN_POINT ( 'NONE',  ( 2.060000000000000100, 1.019999999999999100, 2.364999999999998900 ) ) ;
#2583 = CARTESIAN_POINT ( 'NONE',  ( -7.428796296296299700, -1.458087104677028100, -3.175000000000086000 ) ) ;
#2584 = CARTESIAN_POINT ( 'NONE',  ( -7.090717593556094700, 1.987600994529450200, -2.793106854861111100 ) ) ;
#2585 = CARTESIAN_POINT ( 'NONE',  ( -8.869305557482560300, 0.3749999999999991700, -3.175000000000000300 ) ) ;
#2586 = AXIS2_PLACEMENT_3D ( 'NONE', #249, #252, #560 ) ;
#2587 = CARTESIAN_POINT ( 'NONE',  ( -9.736550926889428600, 2.793901491794175600, 1.396553427430554200 ) ) ;
#2588 = FACE_OUTER_BOUND ( 'NONE', #515, .T. ) ;
#2589 = CARTESIAN_POINT ( 'NONE',  ( -9.675361811561533200, -1.772292157601264900, 2.165011115778877400 ) ) ;
#2590 = CARTESIAN_POINT ( 'NONE',  ( -5.811898150075155200, 3.124630657015590600, 1.587499999999998600 ) ) ;
#2591 = CARTESIAN_POINT ( 'NONE',  ( -7.487592592592600100, -2.374630657015605300, -1.587500000000007200 ) ) ;
#2592 = CARTESIAN_POINT ( 'NONE',  ( -9.970000000000000600, 0.3749999999999982200, -2.750000000000000400 ) ) ;
#2593 = EDGE_CURVE ( 'NONE', #3450, #1256, #3555, .T. ) ;
#2594 = CARTESIAN_POINT ( 'NONE',  ( -9.586432071908340900, -2.431355214363078300, -1.404222357033698500 ) ) ;
#2595 = ORIENTED_EDGE ( 'NONE', *, *, #2862, .F. ) ;
#2596 = EDGE_CURVE ( 'NONE', #3758, #2854, #818, .T. ) ;
#2597 = ORIENTED_EDGE ( 'NONE', *, *, #2519, .F. ) ;
#2598 = CARTESIAN_POINT ( 'NONE',  ( -9.677754630593131700, 1.987600994529448800, 2.793106854861110700 ) ) ;
#2599 = CARTESIAN_POINT ( 'NONE',  ( -8.384236112074614100, 3.600201989058900300, 6.639328379517623000E-016 ) ) ;
#2600 = CARTESIAN_POINT ( 'NONE',  ( -5.047546298223301700, 2.208087104677059400, 3.174999999999999400 ) ) ;
#2601 = LINE ( 'NONE', #3705, #260 ) ;
#2602 = CARTESIAN_POINT ( 'NONE',  ( -9.926893144720914100, -2.207043299236443700, -1.065128304940509400 ) ) ;
#2603 = VECTOR ( 'NONE', #3745, 1000.000000000000000 ) ;
#2604 = CARTESIAN_POINT ( 'NONE',  ( -7.546388888888897000, -3.291174209354140100, -2.130344865817671400E-015 ) ) ;
#2605 = ORIENTED_EDGE ( 'NONE', *, *, #1095, .T. ) ;
#2606 = ORIENTED_EDGE ( 'NONE', *, *, #1762, .F. ) ;
#2607 = CARTESIAN_POINT ( 'NONE',  ( -4.150902778741281600, 3.600201989058900300, 6.639328379517623000E-016 ) ) ;
#2608 = DIRECTION ( 'NONE',  ( 1.000000000000000000, 0.0000000000000000000, 0.0000000000000000000 ) ) ;
#2609 = ORIENTED_EDGE ( 'NONE', *, *, #1863, .T. ) ;
#2610 = VERTEX_POINT ( 'NONE', #814 ) ;
#2611 = CARTESIAN_POINT ( 'NONE',  ( -9.618958334296836600, 0.3749999999999964500, 2.793106854861110200 ) ) ;
#2612 = CARTESIAN_POINT ( 'NONE',  ( -8.487129629629812700, 2.208087104679769700, 3.174999999995327100 ) ) ;
#2613 = CARTESIAN_POINT ( 'NONE',  ( -4.283194446371450000, 0.3749999999999962300, 3.174999999999999400 ) ) ;
#2614 = ORIENTED_EDGE ( 'NONE', *, *, #3804, .F. ) ;
#2615 = VERTEX_POINT ( 'NONE', #798 ) ;
#2616 = CARTESIAN_POINT ( 'NONE',  ( -9.970000000066647800, 0.3749999999999982200, -2.749999999972258600 ) ) ;
#2617 = CARTESIAN_POINT ( 'NONE',  ( -9.049999999999998900, 0.3749999999999978900, -4.336808689942017700E-016 ) ) ;
#2618 = DIRECTION ( 'NONE',  ( 1.000000000000000000, 0.0000000000000000000, -0.0000000000000000000 ) ) ;
#2619 = ORIENTED_EDGE ( 'NONE', *, *, #978, .F. ) ;
#2620 = CARTESIAN_POINT ( 'NONE',  ( 3.726959551036518500, 0.3749999999999978900, -4.336808689942017700E-016 ) ) ;
#2621 = CARTESIAN_POINT ( 'NONE',  ( -3.399999999999999900, 0.3749999999999982200, 2.749999999999999600 ) ) ;
#2622 =( GEOMETRIC_REPRESENTATION_CONTEXT ( 3 ) GLOBAL_UNCERTAINTY_ASSIGNED_CONTEXT ( ( #3797 ) ) GLOBAL_UNIT_ASSIGNED_CONTEXT ( ( #1426, #3478, #1724 ) ) REPRESENTATION_CONTEXT ( 'NONE', 'WORKASPACE' ) );
#2623 = CARTESIAN_POINT ( 'NONE',  ( -4.621273149111651400, -1.237600994529454400, 2.793106854861109300 ) ) ;
#2624 = ORIENTED_EDGE ( 'NONE', *, *, #1803, .F. ) ;
#2625 = DIRECTION ( 'NONE',  ( -1.000000000000000000, -0.0000000000000000000, -0.0000000000000000000 ) ) ;
#2626 = CARTESIAN_POINT ( 'NONE',  ( -9.560162038000537900, -1.237600994529454400, 2.793106854861109300 ) ) ;
#2627 = EDGE_LOOP ( 'NONE', ( #3563, #1932, #3749, #2574 ) ) ;
#2628 = EDGE_CURVE ( 'NONE', #311, #2332, #1976, .T. ) ;
#2629 = CARTESIAN_POINT ( 'NONE',  ( -9.667531483470753500, -2.003609054203477700, 1.920442150836161800 ) ) ;
#2630 = CARTESIAN_POINT ( 'NONE',  ( -3.518842594519598700, -1.458087104677065600, 3.174999999999998500 ) ) ;
#2631 = DIRECTION ( 'NONE',  ( 0.0000000000000000000, 0.0000000000000000000, -1.000000000000000000 ) ) ;
#2632 = CARTESIAN_POINT ( 'NONE',  ( -3.939999999999999900, 0.3749999999999978900, -4.336808689942017700E-016 ) ) ;
#2633 = CARTESIAN_POINT ( 'NONE',  ( -7.722777777777778000, 0.3749999999999962300, 3.174999999999998900 ) ) ;
#2634 = CIRCLE ( 'NONE', #568, 0.2595633844055974500 ) ;
#2635 = DIRECTION ( 'NONE',  ( 0.0000000000000000000, 0.0000000000000000000, 1.000000000000000000 ) ) ;
#2636 = CARTESIAN_POINT ( 'NONE',  ( -7.502291667630169400, 0.3749999999999964500, 2.793106854861110200 ) ) ;
#2637 = CARTESIAN_POINT ( 'NONE',  ( -9.583023458732450100, -2.355409419211618600, -1.553636242655889800 ) ) ;
#2638 = CARTESIAN_POINT ( 'NONE',  ( 2.060000000000000100, -1.729999999999999100, 2.364999999999998000 ) ) ;
#2639 = CARTESIAN_POINT ( 'NONE',  ( -9.501365741704244500, -2.043901491794180000, 1.396553427430553800 ) ) ;
#2640 = CARTESIAN_POINT ( 'NONE',  ( -9.618958334296836600, 3.600201989058900300, 6.639328379517623000E-016 ) ) ;
#2641 =( BOUNDED_CURVE ( )  B_SPLINE_CURVE ( 2, ( #3205, #3210, #3121, #3109, #3096, #3079, #3063 ),
 .UNSPECIFIED., .F., .T. ) 
 B_SPLINE_CURVE_WITH_KNOTS ( ( 3, 2, 2, 3 ),
 ( 0.1110502893761230900, 0.1143657245863866600, 0.1176811597966502100, 0.1209965950069137900 ),
 .UNSPECIFIED. ) 
 CURVE ( )  GEOMETRIC_REPRESENTATION_ITEM ( )  RATIONAL_B_SPLINE_CURVE ( ( 0.9999999999999973400, 0.8660254037844413700, 1.000000000000000000, 0.8660254037844387100, 1.000000000000000000, 0.8660254037844387100, 1.000000000000000000 ) ) 
 REPRESENTATION_ITEM ( '' )  );
#2642 = DIRECTION ( 'NONE',  ( -1.000000000000000000, -0.0000000000000000000, 0.0000000000000000000 ) ) ;
#2643 = LINE ( 'NONE', #1308, #1152 ) ;
#2644 = DIRECTION ( 'NONE',  ( 1.000000000000000000, 0.0000000000000000000, 0.0000000000000000000 ) ) ;
#2645 = DIRECTION ( 'NONE',  ( -1.000000000000000000, 0.0000000000000000000, 0.0000000000000000000 ) ) ;
#2646 = EDGE_CURVE ( 'NONE', #2332, #1882, #2106, .T. ) ;
#2647 = CIRCLE ( 'NONE', #3026, 0.3800000000000000000 ) ;
#2648 = FACE_OUTER_BOUND ( 'NONE', #2156, .T. ) ;
#2649 = CARTESIAN_POINT ( 'NONE',  ( -8.516527779704782500, 0.3749999999999962300, 3.174999999999999400 ) ) ;
#2650 = CARTESIAN_POINT ( 'NONE',  ( -8.869305557482560300, 0.3749999999999991700, -3.175000000000000300 ) ) ;
#2651 = LINE ( 'NONE', #2451, #1960 ) ;
#2652 = EDGE_CURVE ( 'NONE', #728, #1720, #3191, .T. ) ;
#2653 = CARTESIAN_POINT ( 'NONE',  ( -9.269999999901301600, 0.3749999999999979500, 2.239999999877911200 ) ) ;
#2654 = CARTESIAN_POINT ( 'NONE',  ( -9.442569445407947600, -2.850201989058905200, -1.926267905190632200E-015 ) ) ;
#2655 = CARTESIAN_POINT ( 'NONE',  ( 2.060000000000000100, 1.020000000000000700, -2.364999999999998900 ) ) ;
#2656 = CARTESIAN_POINT ( 'NONE',  ( -8.854606482444983900, 2.793901491794175600, 1.396553427430554200 ) ) ;
#2657 = ORIENTED_EDGE ( 'NONE', *, *, #876, .T. ) ;
#2658 = VECTOR ( 'NONE', #2659, 1000.000000000000000 ) ;
#2659 = DIRECTION ( 'NONE',  ( -0.7071067811865475700, 0.0000000000000000000, 0.7071067811865474600 ) ) ;
#2660 = VERTEX_POINT ( 'NONE', #588 ) ;
#2661 = VERTEX_POINT ( 'NONE', #552 ) ;
#2662 = CARTESIAN_POINT ( 'NONE',  ( -4.684465730238892800, 3.135616243370701100, -0.6810803389221535800 ) ) ;
#2663 = CARTESIAN_POINT ( 'NONE',  ( -7.663981481481489100, -1.458087104677090500, 3.174999999999980700 ) ) ;
#2664 = ORIENTED_EDGE ( 'NONE', *, *, #2857, .F. ) ;
#2665 = VERTEX_POINT ( 'NONE', #563 ) ;
#2666 = DIRECTION ( 'NONE',  ( 1.000000000000000000, 0.0000000000000000000, 0.0000000000000000000 ) ) ;
#2667 = VERTEX_POINT ( 'NONE', #540 ) ;
#2668 = CARTESIAN_POINT ( 'NONE',  ( -9.383773149111650700, -2.043901491794178700, -1.396553427430556400 ) ) ;
#2669 = CARTESIAN_POINT ( 'NONE',  ( -8.090254630593133100, 1.987600994529448800, 2.793106854861110700 ) ) ;
#2670 = EDGE_LOOP ( 'NONE', ( #2107, #156, #1495, #259 ) ) ;
#2671 = DIRECTION ( 'NONE',  ( -1.000000000000000000, 0.0000000000000000000, 0.0000000000000000000 ) ) ;
#2672 = CARTESIAN_POINT ( 'NONE',  ( -7.605185185185192200, -2.374630657015606600, 1.587500000000004600 ) ) ;
#2673 = EDGE_LOOP ( 'NONE', ( #275, #139, #185, #145 ) ) ;
#2674 = CARTESIAN_POINT ( 'NONE',  ( -9.049999999999998900, 0.3749999999999978900, -2.100000000000000500 ) ) ;
#2675 = EDGE_CURVE ( 'NONE', #2317, #55, #210, .T. ) ;
#2676 = DIRECTION ( 'NONE',  ( 0.0000000000000000000, 0.0000000000000000000, -1.000000000000000000 ) ) ;
#2677 = CARTESIAN_POINT ( 'NONE',  ( -6.311666666666667400, 0.3749999999999962300, 3.174999999999999400 ) ) ;
#2678 = CARTESIAN_POINT ( 'NONE',  ( -9.324976852815355600, -1.237600994529452800, -2.793106854861112000 ) ) ;
#2679 = CARTESIAN_POINT ( 'NONE',  ( -7.325902778741280500, 0.3749999999999964500, 2.793106854861110200 ) ) ;
#2680 = VECTOR ( 'NONE', #2932, 1000.000000000000000 ) ;
#2681 = CARTESIAN_POINT ( 'NONE',  ( -8.494981253606662000, 0.3443816817063983200, 0.2663643204133154800 ) ) ;
#2682 = DIRECTION ( 'NONE',  ( 0.0000000000000000000, 5.240210400945518800E-016, -1.000000000000000000 ) ) ;
#2683 = CARTESIAN_POINT ( 'NONE',  ( 2.060000000000000100, 0.3749999999999978900, -4.336808689942017700E-016 ) ) ;
#2684 = CARTESIAN_POINT ( 'NONE',  ( -8.428333333333334600, 0.3749999999999962300, 3.174999999999998900 ) ) ;
#2685 = CARTESIAN_POINT ( 'NONE',  ( -8.104953705630707700, 2.208087104677077600, -3.174999999999968300 ) ) ;
#2686 = B_SPLINE_CURVE_WITH_KNOTS ( 'NONE', 3,
 ( #1026, #1040, #980, #966, #948, #934 ),
 .UNSPECIFIED., .F., .F.,
 ( 4, 2, 4 ),
 ( 0.003382189634492794100, 0.003861062024679765800, 0.004339934414866737500 ),
 .UNSPECIFIED. ) ;
#2687 = CARTESIAN_POINT ( 'NONE',  ( -9.266180556519058700, 0.3749999999999991100, -2.793106854861111100 ) ) ;
#2688 = CARTESIAN_POINT ( 'NONE',  ( -6.561550926889429600, -1.237600994529454400, 2.793106854861109300 ) ) ;
#2689 = SHAPE_DEFINITION_REPRESENTATION ( #1533, #1984 ) ;
#2690 = CARTESIAN_POINT ( 'NONE',  ( -9.513739373322753300, -0.4690434616744876800, -3.175000000000540700 ) ) ;
#2691 = ORIENTED_EDGE ( 'NONE', *, *, #3393, .T. ) ;
#2692 = FACE_OUTER_BOUND ( 'NONE', #862, .T. ) ;
#2693 = DIRECTION ( 'NONE',  ( 1.000000000000000000, -0.0000000000000000000, 0.0000000000000000000 ) ) ;
#2694 = AXIS2_PLACEMENT_3D ( 'NONE', #3580, #3574, #3566 ) ;
#2695 = CARTESIAN_POINT ( 'NONE',  ( -4.503680556519058500, 0.3749999999999964500, 2.793106854861110200 ) ) ;
#2696 = VECTOR ( 'NONE', #157, 1000.000000000000000 ) ;
#2697 = CARTESIAN_POINT ( 'NONE',  ( -9.663761541737926600, -2.108140054101302200, 1.789619620441158500 ) ) ;
#2698 = CARTESIAN_POINT ( 'NONE',  ( -5.606111111111111700, 0.3749999999999962300, 3.174999999999998900 ) ) ;
#2699 = ORIENTED_EDGE ( 'NONE', *, *, #2048, .T. ) ;
#2700 = CARTESIAN_POINT ( 'NONE',  ( -4.643113928774752700, 3.026613504052129100, 0.8777271215647730600 ) ) ;
#2701 = CARTESIAN_POINT ( 'NONE',  ( -5.797199075037577000, -2.043901491794180000, 1.396553427430553800 ) ) ;
#2702 = ORIENTED_EDGE ( 'NONE', *, *, #2369, .F. ) ;
#2703 = CARTESIAN_POINT ( 'NONE',  ( -4.939999999976407700, 0.3749999999999978900, -4.336808689942017700E-016 ) ) ;
#2704 = CARTESIAN_POINT ( 'NONE',  ( -9.749045140825527900, -3.295583931557077400, -2.132385635423935400E-015 ) ) ;
#2705 = ORIENTED_EDGE ( 'NONE', *, *, #953, .F. ) ;
#2706 = PLANE ( 'NONE',  #2745 ) ;
#2707 = CARTESIAN_POINT ( 'NONE',  ( -3.739328704667206800, -1.237600994529454400, 2.793106854861109300 ) ) ;
#2708 = DIRECTION ( 'NONE',  ( 0.0000000000000000000, 0.0000000000000000000, -1.000000000000000000 ) ) ;
#2709 = CARTESIAN_POINT ( 'NONE',  ( -9.575925693149205400, -2.179569202485955400, -1.840564801157689400 ) ) ;
#2710 = ORIENTED_EDGE ( 'NONE', *, *, #50, .F. ) ;
#2711 = DIRECTION ( 'NONE',  ( 0.0000000000000000000, 5.240210400945518800E-016, -1.000000000000000000 ) ) ;
#2712 = DIRECTION ( 'NONE',  ( 1.000000000000000000, 0.0000000000000000000, 0.0000000000000000000 ) ) ;
#2713 = ORIENTED_EDGE ( 'NONE', *, *, #1119, .T. ) ;
#2714 = CARTESIAN_POINT ( 'NONE',  ( -8.325439815778317200, 2.793901491794175600, 1.396553427430554200 ) ) ;
#2715 = CARTESIAN_POINT ( 'NONE',  ( -5.032847223185725300, -2.850201989058905200, -1.926267905190632200E-015 ) ) ;
#2716 = DIRECTION ( 'NONE',  ( 0.0000000000000000000, -1.000000000000000000, -5.240210400859924400E-016 ) ) ;
#2717 = EDGE_LOOP ( 'NONE', ( #46, #2336, #198, #3135 ) ) ;
#2718 = EDGE_CURVE ( 'NONE', #3448, #1438, #2234, .T. ) ;
#2719 = CARTESIAN_POINT ( 'NONE',  ( -8.984693288973678800, -2.377937948667808500, -1.589409465725695600 ) ) ;
#2720 = PLANE ( 'NONE',  #1300 ) ;
#2721 = EDGE_CURVE ( 'NONE', #779, #3788, #2940, .T. ) ;
#2722 = CIRCLE ( 'NONE', #3748, 3.175000005304812000 ) ;
#2723 = CARTESIAN_POINT ( 'NONE',  ( -9.899948273170370100, -2.120367857546886300, -1.345901659930259100 ) ) ;
#2724 = ADVANCED_FACE ( 'NONE', ( #3727 ), #2839, .F. ) ;
#2725 = CARTESIAN_POINT ( 'NONE',  ( -9.876412850190428500, -1.990267094248465700, -1.605133273047550300 ) ) ;
#2726 = VECTOR ( 'NONE', #1768, 1000.000000000000000 ) ;
#2727 =( BOUNDED_CURVE ( )  B_SPLINE_CURVE ( 2, ( #3430, #2690, #3426 ),
 .UNSPECIFIED., .F., .F. ) 
 B_SPLINE_CURVE_WITH_KNOTS ( ( 3, 3 ),
 ( 7.048596365474468500E-016, 0.001644683908584051000 ),
 .UNSPECIFIED. ) 
 CURVE ( )  GEOMETRIC_REPRESENTATION_ITEM ( )  RATIONAL_B_SPLINE_CURVE ( ( 0.9330163173516855500, 0.9335048297831721700, 1.000000000000022900 ) ) 
 REPRESENTATION_ITEM ( '' )  );
#2728 = CARTESIAN_POINT ( 'NONE',  ( -8.220341437121826200, -1.460291965778539400, -3.178818931451389500 ) ) ;
#2729 = AXIS2_PLACEMENT_3D ( 'NONE', #3255, #3372, #3232 ) ;
#2730 = CARTESIAN_POINT ( 'NONE',  ( -8.751072682902776700, 0.3354387719351367700, -0.2742222334721349800 ) ) ;
#2731 = CIRCLE ( 'NONE', #1487, 2.100000000000000100 ) ;
#2732 = CARTESIAN_POINT ( 'NONE',  ( -9.163287038964041300, -1.458087104677083800, 3.174999999999967000 ) ) ;
#2733 = ORIENTED_EDGE ( 'NONE', *, *, #2130, .T. ) ;
#2734 = CARTESIAN_POINT ( 'NONE',  ( 2.060000000000000100, -1.729999999999999100, 2.364999999999998000 ) ) ;
#2735 = CARTESIAN_POINT ( 'NONE',  ( -9.823307084689441000, -1.656125478671716600, -2.085740278251803700 ) ) ;
#2736 = CARTESIAN_POINT ( 'NONE',  ( -8.443032408370909200, 2.793901491794175600, -1.396553427430555800 ) ) ;
#2737 = CYLINDRICAL_SURFACE ( 'NONE', #2542, 0.3800000000000000000 ) ;
#2738 = CARTESIAN_POINT ( 'NONE',  ( -9.796083889766624300, -1.456204886291313900, -2.297922411673445800 ) ) ;
#2739 = CONICAL_SURFACE ( 'NONE', #1142, 3.175000007255218900, 0.7853981633974482800 ) ;
#2740 = AXIS2_PLACEMENT_3D ( 'NONE', #97, #2139, #384 ) ;
#2741 = EDGE_CURVE ( 'NONE', #1589, #2610, #3630, .T. ) ;
#2742 = CARTESIAN_POINT ( 'NONE',  ( -10.32451388985239200, 0.3749999999999964500, 2.793106854861110200 ) ) ;
#2743 = CARTESIAN_POINT ( 'NONE',  ( -7.455989585269973600, 0.3749999999999991700, -3.178818931451389100 ) ) ;
#2744 = PLANE ( 'NONE',  #887 ) ;
#2745 = AXIS2_PLACEMENT_3D ( 'NONE', #2758, #2788, #2682 ) ;
#2746 = ORIENTED_EDGE ( 'NONE', *, *, #1197, .T. ) ;
#2747 = ADVANCED_FACE ( 'NONE', ( #573 ), #745, .T. ) ;
#2748 = LINE ( 'NONE', #1779, #2726 ) ;
#2749 = PLANE ( 'NONE',  #3102 ) ;
#2750 = EDGE_CURVE ( 'NONE', #2241, #1175, #1750, .T. ) ;
#2751 = ORIENTED_EDGE ( 'NONE', *, *, #2628, .T. ) ;
#2752 = CARTESIAN_POINT ( 'NONE',  ( -9.572191324096014100, -2.078985712711868100, -1.978593725213150700 ) ) ;
#2753 = VECTOR ( 'NONE', #851, 1000.000000000000000 ) ;
#2754 = ORIENTED_EDGE ( 'NONE', *, *, #1574, .F. ) ;
#2755 = VERTEX_POINT ( 'NONE', #3143 ) ;
#2756 = CARTESIAN_POINT ( 'NONE',  ( -9.755035796219383200, -1.112336223450438600, -2.569039123831703600 ) ) ;
#2757 = CARTESIAN_POINT ( 'NONE',  ( -6.691637733418122700, 2.210291965778536000, -3.178818931451389500 ) ) ;
#2758 = CARTESIAN_POINT ( 'NONE',  ( -3.399999999999999900, 3.549999999999996300, 3.175000000000002000 ) ) ;
#2759 = EDGE_LOOP ( 'NONE', ( #3699, #2092, #62, #1404 ) ) ;
#2760 = APPLICATION_PROTOCOL_DEFINITION ( 'draft international standard', 'automotive_design', 1998, #694 ) ;
#2761 = CARTESIAN_POINT ( 'NONE',  ( -11.27000000000000300, 0.3749999999999982200, -2.750000000000000400 ) ) ;
#2762 = CARTESIAN_POINT ( 'NONE',  ( -9.741341051226161300, -0.9904463331429929100, -2.651184876387123100 ) ) ;
#2763 = CARTESIAN_POINT ( 'NONE',  ( -8.972199075037577700, 1.987600994529448800, 2.793106854861110700 ) ) ;
#2764 = EDGE_LOOP ( 'NONE', ( #3754, #519, #9, #2363 ) ) ;
#2765 = CARTESIAN_POINT ( 'NONE',  ( -6.914328704667207500, 2.793901491794175600, 1.396553427430554200 ) ) ;
#2766 = CARTESIAN_POINT ( 'NONE',  ( -9.714633039493174100, -0.7388912328493633100, -2.795047887435277500 ) ) ;
#2767 = CARTESIAN_POINT ( 'NONE',  ( -8.266643519482023800, 1.987600994529448800, 2.793106854861110700 ) ) ;
#2768 = ADVANCED_FACE ( 'NONE', ( #2085 ), #3581, .T. ) ;
#2769 = CARTESIAN_POINT ( 'NONE',  ( -9.701515035900268200, -0.6083666104714808800, -2.857477266239501800 ) ) ;
#2770 = CARTESIAN_POINT ( 'NONE',  ( -7.737476852815356100, 2.793901491794175600, -1.396553427430555800 ) ) ;
#2771 = AXIS2_PLACEMENT_3D ( 'NONE', #2133, #2135, #2142 ) ;
#2772 = CARTESIAN_POINT ( 'NONE',  ( -4.019999999999999600, 0.3749999999999978900, -4.336808689942017700E-016 ) ) ;
#2773 = CARTESIAN_POINT ( 'NONE',  ( -5.927285881566269200, 3.127937948667804500, -1.589409465725694700 ) ) ;
#2774 = DIRECTION ( 'NONE',  ( 1.000000000000000000, 0.0000000000000000000, 0.0000000000000000000 ) ) ;
#2775 = CARTESIAN_POINT ( 'NONE',  ( 2.060000000000000100, 0.3749999999999978900, -4.336808689942017700E-016 ) ) ;
#2776 = CIRCLE ( 'NONE', #2030, 2.750000000011370900 ) ;
#2777 = CARTESIAN_POINT ( 'NONE',  ( -9.675716984539105800, -0.3377620168595507100, -2.963201667912188400 ) ) ;
#2778 = EDGE_CURVE ( 'NONE', #1542, #1977, #1181, .T. ) ;
#2779 = DIRECTION ( 'NONE',  ( 0.0000000000000000000, 0.0000000000000000000, -1.000000000000000000 ) ) ;
#2780 = DIRECTION ( 'NONE',  ( 0.0000000000000000000, 0.0000000000000000000, -1.000000000000000000 ) ) ;
#2781 = CARTESIAN_POINT ( 'NONE',  ( -9.662951133294855700, -0.1966096809097996600, -3.006632346393536300 ) ) ;
#2782 = CARTESIAN_POINT ( 'NONE',  ( -9.269999999999999600, 0.3749999999999978900, -4.336808689942017700E-016 ) ) ;
#2783 = CARTESIAN_POINT ( 'NONE',  ( -9.638566786896289400, 0.08713950489375205100, -3.071383222986716200 ) ) ;
#2784 = LINE ( 'NONE', #1970, #2947 ) ;
#2785 = CARTESIAN_POINT ( 'NONE',  ( -9.207384260222765300, 1.987600994529450200, -2.793106854861111100 ) ) ;
#2786 = VECTOR ( 'NONE', #373, 1000.000000000000000 ) ;
#2787 = CARTESIAN_POINT ( 'NONE',  ( -5.162934029714418400, 4.045583931557073000, 8.155070111572242000E-016 ) ) ;
#2788 = DIRECTION ( 'NONE',  ( 0.0000000000000000000, -1.000000000000000000, -5.240210400945518800E-016 ) ) ;
#2789 = DIRECTION ( 'NONE',  ( 0.0000000000000000000, 0.0000000000000000000, 1.000000000000000000 ) ) ;
#2790 = CYLINDRICAL_SURFACE ( 'NONE', #2570, 2.100000000000000100 ) ;
#2791 = CARTESIAN_POINT ( 'NONE',  ( -9.626876380423953000, 0.2303904830018966600, -3.093123619614804200 ) ) ;
#2792 = ADVANCED_FACE ( 'NONE', ( #3575 ), #2335, .F. ) ;
#2793 = CARTESIAN_POINT ( 'NONE',  ( -8.222546298223301500, -1.458087104677046900, -3.175000000000032700 ) ) ;
#2794 = VECTOR ( 'NONE', #388, 1000.000000000000000 ) ;
#2795 = CARTESIAN_POINT ( 'NONE',  ( -9.615652151980311800, 0.3749999999999991700, -3.104347848058588900 ) ) ;
#2796 = CARTESIAN_POINT ( 'NONE',  ( -3.399999999999999900, -4.336808689942017700E-016, 3.175000000000000300 ) ) ;
#2797 = VERTEX_POINT ( 'NONE', #1983 ) ;
#2798 = EDGE_CURVE ( 'NONE', #3180, #1913, #3626, .T. ) ;
#2799 = ORIENTED_EDGE ( 'NONE', *, *, #2388, .T. ) ;
#2800 = CARTESIAN_POINT ( 'NONE',  ( -8.913402778741280800, 0.3749999999999964500, 2.793106854861110200 ) ) ;
#2801 = EDGE_CURVE ( 'NONE', #1216, #2344, #2784, .T. ) ;
#2802 = CARTESIAN_POINT ( 'NONE',  ( -4.398582177862566700, 3.127937948667804900, 1.589409465725693000 ) ) ;
#2803 = ORIENTED_EDGE ( 'NONE', *, *, #2675, .T. ) ;
#2804 = ORIENTED_EDGE ( 'NONE', *, *, #1494, .F. ) ;
#2805 = DIRECTION ( 'NONE',  ( 0.9889363528682976200, 0.0000000000000000000, -0.1483404529302447300 ) ) ;
#2806 = DIRECTION ( 'NONE',  ( -1.000000000000000000, 0.0000000000000000000, 0.0000000000000000000 ) ) ;
#2807 = CARTESIAN_POINT ( 'NONE',  ( -3.399999999999999900, -2.800000000000000700, 3.174999999999999400 ) ) ;
#2808 = ORIENTED_EDGE ( 'NONE', *, *, #2048, .F. ) ;
#2809 = ORIENTED_EDGE ( 'NONE', *, *, #2147, .T. ) ;
#2810 = DIRECTION ( 'NONE',  ( 0.0000000000000000000, 0.0000000000000000000, -1.000000000000000000 ) ) ;
#2811 = CARTESIAN_POINT ( 'NONE',  ( -4.643113928774752700, 3.026613504052129100, 0.8777271215647730600 ) ) ;
#2812 = ORIENTED_EDGE ( 'NONE', *, *, #2646, .T. ) ;
#2813 = DIRECTION ( 'NONE',  ( 0.0000000000000000000, -1.000000000000000000, -0.0000000000000000000 ) ) ;
#2814 = ADVANCED_FACE ( 'NONE', ( #2648 ), #534, .T. ) ;
#2815 = B_SPLINE_CURVE_WITH_KNOTS ( 'NONE', 3,
 ( #73, #48, #24, #14, #2, #6, #16, #3389, #1330, #3083 ),
 .UNSPECIFIED., .F., .F.,
 ( 4, 2, 2, 2, 4 ),
 ( 0.0009453928979670534500, 0.001824847136356084500, 0.002704301374745115200, 0.003583755613134145100, 0.004463209851523175000 ),
 .UNSPECIFIED. ) ;
#2816 = CARTESIAN_POINT ( 'NONE',  ( -9.049999999999998900, 0.3249999999999980100, -0.2831187913226535500 ) ) ;
#2817 = ORIENTED_EDGE ( 'NONE', *, *, #2440, .F. ) ;
#2818 = CARTESIAN_POINT ( 'NONE',  ( -9.758807357837669700, 1.495599912831576000, 2.745891484156313100 ) ) ;
#2819 = CARTESIAN_POINT ( 'NONE',  ( -3.634230326010714500, 2.210291965778535600, 3.178818931451388600 ) ) ;
#2820 = CARTESIAN_POINT ( 'NONE',  ( 3.726959551036518500, 0.3749999999999978900, -4.336808689942017700E-016 ) ) ;
#2821 = DIRECTION ( 'NONE',  ( 0.0000000000000000000, 1.000000000000000000, 5.240210401155441500E-016 ) ) ;
#2822 = CARTESIAN_POINT ( 'NONE',  ( -9.457268520445524000, 3.124630657015591100, -1.587500000000000800 ) ) ;
#2823 = DIRECTION ( 'NONE',  ( 0.0000000000000000000, 0.0000000000000000000, -1.000000000000000000 ) ) ;
#2824 = DIRECTION ( 'NONE',  ( 0.0000000000000000000, 0.0000000000000000000, -1.000000000000000000 ) ) ;
#2825 = CARTESIAN_POINT ( 'NONE',  ( -4.693188211551934300, 3.420298350025400100, -0.3116022432725539800 ) ) ;
#2826 = CARTESIAN_POINT ( 'NONE',  ( -9.731670297788952000, 0.3750000000059557400, 2.988329702249952200 ) ) ;
#2827 = VECTOR ( 'NONE', #2473, 1000.000000000000000 ) ;
#2828 = AXIS2_PLACEMENT_3D ( 'NONE', #1993, #801, #2267 ) ;
#2829 = CARTESIAN_POINT ( 'NONE',  ( -4.738865741704244300, 2.793901491794175600, -1.396553427430555800 ) ) ;
#2830 = CARTESIAN_POINT ( 'NONE',  ( -9.750695812253178800, 1.187546584830951700, 2.860688335043678300 ) ) ;
#2831 = CARTESIAN_POINT ( 'NONE',  ( -9.645427915420354400, -2.517696784240451600, 1.055295378031535900 ) ) ;
#2832 = CARTESIAN_POINT ( 'NONE',  ( -9.516064816741819100, 2.208087104677060300, -3.175000000000000300 ) ) ;
#2833 = DIRECTION ( 'NONE',  ( -1.000000000000000000, -0.0000000000000000000, -0.0000000000000000000 ) ) ;
#2834 = DIRECTION ( 'NONE',  ( 1.000000000000000000, -0.0000000000000000000, -0.0000000000000000000 ) ) ;
#2835 = CARTESIAN_POINT ( 'NONE',  ( -4.797662038000542100, 1.987600994529450200, -2.793106854861110700 ) ) ;
#2836 = ADVANCED_FACE ( 'NONE', ( #1709 ), #1783, .T. ) ;
#2837 = DIRECTION ( 'NONE',  ( -0.0000000000000000000, -5.240210400945518800E-016, 1.000000000000000000 ) ) ;
#2838 = CARTESIAN_POINT ( 'NONE',  ( -9.049999999999998900, 0.3749999999999978900, -4.336808689942017700E-016 ) ) ;
#2839 = CYLINDRICAL_SURFACE ( 'NONE', #2586, 2.089999999999999900 ) ;
#2840 = CYLINDRICAL_SURFACE ( 'NONE', #2487, 3.174999999999999800 ) ;
#2841 = CARTESIAN_POINT ( 'NONE',  ( -4.856458334296837300, 0.3749999999999991100, -2.793106854861111100 ) ) ;
#2842 = CARTESIAN_POINT ( 'NONE',  ( -6.149976852815354900, 1.987600994529448800, 2.793106854861110700 ) ) ;
#2843 = CARTESIAN_POINT ( 'NONE',  ( -4.915254630593132400, -1.237600994529452800, -2.793106854861112000 ) ) ;
#2844 = EDGE_LOOP ( 'NONE', ( #3425, #3370, #279, #1798 ) ) ;
#2845 = VECTOR ( 'NONE', #2495, 1000.000000000000000 ) ;
#2846 = CARTESIAN_POINT ( 'NONE',  ( -9.560798215984290100, -1.741506546549863400, -2.351414842477082900 ) ) ;
#2847 = CARTESIAN_POINT ( 'NONE',  ( -8.751712964889968300, 3.124630657015590200, -1.587500000000000400 ) ) ;
#2848 = CARTESIAN_POINT ( 'NONE',  ( -5.025000005275615000, 0.3749999999999978900, -4.336808689942017700E-016 ) ) ;
#2849 = CARTESIAN_POINT ( 'NONE',  ( -4.974050926889428400, -2.043901491794178700, -1.396553427430556400 ) ) ;
#2850 = FACE_OUTER_BOUND ( 'NONE', #635, .T. ) ;
#2851 = CARTESIAN_POINT ( 'NONE',  ( -6.664444444444445300, 0.3749999999999991700, -3.175000000000000300 ) ) ;
#2852 = CARTESIAN_POINT ( 'NONE',  ( -9.795347223185723700, 3.600201989058900300, 6.639328379517623000E-016 ) ) ;
#2853 = ORIENTED_EDGE ( 'NONE', *, *, #1799, .T. ) ;
#2854 = VERTEX_POINT ( 'NONE', #3091 ) ;
#2855 = LINE ( 'NONE', #1233, #1678 ) ;
#2856 = DIRECTION ( 'NONE',  ( 1.000000000000000000, 0.0000000000000000000, 0.0000000000000000000 ) ) ;
#2857 = EDGE_CURVE ( 'NONE', #2660, #628, #3513, .T. ) ;
#2858 = ADVANCED_FACE ( 'NONE', ( #1561 ), #3106, .T. ) ;
#2859 = ORIENTED_EDGE ( 'NONE', *, *, #2440, .T. ) ;
#2860 = CARTESIAN_POINT ( 'NONE',  ( -5.032847223185725300, -2.850201989058905200, -1.926267905190632200E-015 ) ) ;
#2861 = CARTESIAN_POINT ( 'NONE',  ( -9.783707240585307800, 2.320111477352442300, 2.205760681177476800 ) ) ;
#2862 = EDGE_CURVE ( 'NONE', #2470, #2665, #902, .T. ) ;
#2863 = CARTESIAN_POINT ( 'NONE',  ( -7.987361113038115700, 4.041174209354120500, 8.140062767690513100E-016 ) ) ;
#2864 = VECTOR ( 'NONE', #895, 1000.000000000000000 ) ;
#2865 = ORIENTED_EDGE ( 'NONE', *, *, #2496, .F. ) ;
#2866 = ORIENTED_EDGE ( 'NONE', *, *, #1815, .F. ) ;
#2867 = PLANE ( 'NONE',  #496 ) ;
#2868 = CARTESIAN_POINT ( 'NONE',  ( -5.091643519482021300, -2.043901491794180000, 1.396553427430553800 ) ) ;
#2869 = MANIFOLD_SOLID_BREP ( 'Body-Move/Copy1[2]', #1969 ) ;
#2870 = DIRECTION ( 'NONE',  ( -1.000000000000000000, -0.0000000000000000000, 0.0000000000000000000 ) ) ;
#2871 = EDGE_LOOP ( 'NONE', ( #4, #3775, #1892, #2283 ) ) ;
#2872 = CARTESIAN_POINT ( 'NONE',  ( -5.547314814814815700, -1.458087104677065600, 3.174999999999998500 ) ) ;
#2873 = CARTESIAN_POINT ( 'NONE',  ( -3.939999999943211200, 0.3749999999999978900, -0.5300000000065648900 ) ) ;
#2874 = CARTESIAN_POINT ( 'NONE',  ( -5.738402778741281000, 0.3749999999999991100, -2.793106854861111100 ) ) ;
#2875 = CARTESIAN_POINT ( 'NONE',  ( -9.544999992783687000, 0.3749999999999979500, -4.336808689942017700E-016 ) ) ;
#2876 = ORIENTED_EDGE ( 'NONE', *, *, #876, .F. ) ;
#2877 = CARTESIAN_POINT ( 'NONE',  ( -9.746655202597622700, 1.026343830628402100, 2.905803309891739500 ) ) ;
#2878 = DIRECTION ( 'NONE',  ( -1.000000000000000000, 0.0000000000000000000, 0.0000000000000000000 ) ) ;
#2879 = CARTESIAN_POINT ( 'NONE',  ( -7.223009261186264000, 3.124630657015590600, 1.587499999999998600 ) ) ;
#2880 = CARTESIAN_POINT ( 'NONE',  ( -5.150439815778318200, -1.237600994529454400, 2.793106854861109300 ) ) ;
#2881 = FILL_AREA_STYLE ('',( #2562 ) ) ;
#2882 = CIRCLE ( 'NONE', #1376, 2.100000000000000100 ) ;
#2883 = CARTESIAN_POINT ( 'NONE',  ( -11.27000000000000300, 0.3749999999999978900, -4.336808689942017700E-016 ) ) ;
#2884 = CARTESIAN_POINT ( 'NONE',  ( -8.722314814814820800, 2.208087104677084200, -3.174999999999981200 ) ) ;
#2885 = EDGE_CURVE ( 'NONE', #2198, #723, #2891, .T. ) ;
#2886 = CARTESIAN_POINT ( 'NONE',  ( -5.209236112074614200, 0.3749999999999964500, 2.793106854861110200 ) ) ;
#2887 = CARTESIAN_POINT ( 'NONE',  ( -9.807149052030261800, 2.921166329944640000, 1.424345434994894100 ) ) ;
#2888 = CARTESIAN_POINT ( 'NONE',  ( -8.517544988923216200, 0.3435937387065360300, 0.3788155637777554900 ) ) ;
#2889 = CARTESIAN_POINT ( 'NONE',  ( -6.458657409334414000, 2.208087104677059400, 3.174999999999999400 ) ) ;
#2890 = CARTESIAN_POINT ( 'NONE',  ( -5.268032408370910200, 1.987600994529448800, 2.793106854861110200 ) ) ;
#2891 = LINE ( 'NONE', #603, #1999 ) ;
#2892 = VECTOR ( 'NONE', #587, 1000.000000000000000 ) ;
#2893 = CARTESIAN_POINT ( 'NONE',  ( -4.643112500440249600, -0.5479835127013589200, 2.636201656843796000 ) ) ;
#2894 = ORIENTED_EDGE ( 'NONE', *, *, #2801, .T. ) ;
#2895 = VECTOR ( 'NONE', #736, 1000.000000000000000 ) ;
#2896 = CARTESIAN_POINT ( 'NONE',  ( -9.641577933240469600, -2.574409791185138000, 0.8976580137186743700 ) ) ;
#2897 = CARTESIAN_POINT ( 'NONE',  ( -5.694305557482561400, 0.3749999999999962300, 3.174999999999999400 ) ) ;
#2898 = ORIENTED_EDGE ( 'NONE', *, *, #3188, .F. ) ;
#2899 = VERTEX_POINT ( 'NONE', #2974 ) ;
#2900 = DIRECTION ( 'NONE',  ( 0.0000000000000000000, 0.0000000000000000000, -1.000000000000000000 ) ) ;
#2901 = CARTESIAN_POINT ( 'NONE',  ( -5.326828704667207100, 2.793901491794175600, 1.396553427430554200 ) ) ;
#2902 = ORIENTED_EDGE ( 'NONE', *, *, #414, .F. ) ;
#2903 = ORIENTED_EDGE ( 'NONE', *, *, #93, .T. ) ;
#2904 = DIRECTION ( 'NONE',  ( -1.000000000000000000, -0.0000000000000000000, -0.0000000000000000000 ) ) ;
#2905 = AXIS2_PLACEMENT_3D ( 'NONE', #3648, #1602, #3044 ) ;
#2906 = LINE ( 'NONE', #1067, #508 ) ;
#2907 = VERTEX_POINT ( 'NONE', #591 ) ;
#2908 = AXIS2_PLACEMENT_3D ( 'NONE', #228, #199, #172 ) ;
#2909 = CARTESIAN_POINT ( 'NONE',  ( -9.552979382115795600, -1.485238744268833100, -2.568604138302996300 ) ) ;
#2910 = CARTESIAN_POINT ( 'NONE',  ( -5.385625000963503200, 3.600201989058900300, 6.639328379517623000E-016 ) ) ;
#2911 = EDGE_LOOP ( 'NONE', ( #3421, #1763, #3634, #879, #3278, #616 ) ) ;
#2912 = CARTESIAN_POINT ( 'NONE',  ( -9.738925996424873300, 0.7024782700755740600, 2.967612268247998400 ) ) ;
#2913 = DIRECTION ( 'NONE',  ( 0.0000000000000000000, 0.0000000000000000000, -1.000000000000000000 ) ) ;
#2914 = CARTESIAN_POINT ( 'NONE',  ( -4.929953705630709700, -1.458087104677065600, 3.174999999999998500 ) ) ;
#2915 = CARTESIAN_POINT ( 'NONE',  ( 2.060000000000000100, 0.3749999999999978900, -4.336808689942017700E-016 ) ) ;
#2916 = ORIENTED_EDGE ( 'NONE', *, *, #1243, .T. ) ;
#2917 = CARTESIAN_POINT ( 'NONE',  ( -5.444421297259800100, 2.793901491794175600, -1.396553427430555800 ) ) ;
#2918 = DIRECTION ( 'NONE',  ( -0.7071067811865475700, 0.0000000000000000000, 0.7071067811865474600 ) ) ;
#2919 = CARTESIAN_POINT ( 'NONE',  ( -9.269999999999999600, 0.3749999999999978900, -4.336808689942017700E-016 ) ) ;
#2920 = CARTESIAN_POINT ( 'NONE',  ( -7.149513889852391600, 0.3749999999999991100, -2.793106854861111100 ) ) ;
#2921 = DIRECTION ( 'NONE',  ( 0.0000000000000000000, 0.0000000000000000000, 1.000000000000000000 ) ) ;
#2922 = CARTESIAN_POINT ( 'NONE',  ( -5.503217593556095200, 1.987600994529450200, -2.793106854861110700 ) ) ;
#2923 = CARTESIAN_POINT ( 'NONE',  ( -9.735220810616169700, 0.5393376773273727000, 2.984779189422343700 ) ) ;
#2924 = LINE ( 'NONE', #3532, #1325 ) ;
#2925 = DIRECTION ( 'NONE',  ( 0.0000000000000000000, 0.0000000000000000000, 1.000000000000000000 ) ) ;
#2926 = CARTESIAN_POINT ( 'NONE',  ( -4.165601853778857100, -2.374630657015595500, 1.587499999999998400 ) ) ;
#2927 = CARTESIAN_POINT ( 'NONE',  ( -5.562013889852391200, 0.3749999999999991100, -2.793106854861111100 ) ) ;
#2928 = VECTOR ( 'NONE', #3386, 1000.000000000000000 ) ;
#2929 = CARTESIAN_POINT ( 'NONE',  ( -8.250000000000000000, 0.3529366155933963400, -0.3793589422545972600 ) ) ;
#2930 = EDGE_CURVE ( 'NONE', #423, #1968, #476, .T. ) ;
#2931 = CARTESIAN_POINT ( 'NONE',  ( -5.150439815778319100, -2.043901491794178700, -1.396553427430556400 ) ) ;
#2932 = DIRECTION ( 'NONE',  ( -1.000000000000000000, 0.0000000000000000000, -0.0000000000000000000 ) ) ;
#2933 = CYLINDRICAL_SURFACE ( 'NONE', #1904, 3.174999999999999800 ) ;
#2934 = EDGE_CURVE ( 'NONE', #423, #1632, #1639, .T. ) ;
#2935 = CARTESIAN_POINT ( 'NONE',  ( -5.679606482444984100, -2.043901491794178700, -1.396553427430556400 ) ) ;
#2936 = CARTESIAN_POINT ( 'NONE',  ( -9.771229665777191500, 1.929428865933829900, 2.511203024989998600 ) ) ;
#2937 = CARTESIAN_POINT ( 'NONE',  ( -8.781111111111108900, 0.3749999999999991700, -3.174999999999998900 ) ) ;
#2938 = CARTESIAN_POINT ( 'NONE',  ( -3.435841030733579600, -2.751953434942550700, 0.9339577777774846800 ) ) ;
#2939 = CYLINDRICAL_SURFACE ( 'NONE', #2217, 3.174999999999999800 ) ;
#2940 = B_SPLINE_CURVE_WITH_KNOTS ( 'NONE', 3,
 ( #396, #374, #217, #207, #193, #175, #164, #153, #137, #123, #113, #98, #85, #64, #49, #35, #26, #15, #2887, #2951, #2965, #689, #2861, #3771, #2936, #2159, #2818, #2830, #2877, #2912, #2923, #3809 ),
 .UNSPECIFIED., .F., .F.,
 ( 4, 2, 2, 2, 2, 2, 2, 2, 2, 2, 2, 2, 2, 2, 2, 4 ),
 ( 0.0000000000000000000, 0.0009847441940926929400, 0.001477116291139039400, 0.001969488388185385900, 0.002461860485231732100, 0.002954232582278078800, 0.003446604679324425500, 0.003938976776370771800, 0.004431348873417118000, 0.004923720970463464300, 0.005416093067509811400, 0.005908465164556157700, 0.006400837261602503900, 0.006893209358648851000, 0.007385581455695197300, 0.007877953552741543500 ),
 .UNSPECIFIED. ) ;
#2941 = CARTESIAN_POINT ( 'NONE',  ( -5.738402778741281000, -2.850201989058905200, -1.926267905190632200E-015 ) ) ;
#2942 = DIRECTION ( 'NONE',  ( 0.0000000000000000000, 0.0000000000000000000, -1.000000000000000000 ) ) ;
#2943 = CARTESIAN_POINT ( 'NONE',  ( -5.958888888888889600, 0.3749999999999991700, -3.175000000000000300 ) ) ;
#2944 = VERTEX_POINT ( 'NONE', #1520 ) ;
#2945 = LINE ( 'NONE', #2545, #2049 ) ;
#2946 = CARTESIAN_POINT ( 'NONE',  ( -9.104490742667746200, -2.374630657015596400, 1.587499999999998800 ) ) ;
#2947 = VECTOR ( 'NONE', #1581, 1000.000000000000000 ) ;
#2948 = ORIENTED_EDGE ( 'NONE', *, *, #1290, .T. ) ;
#2949 = ORIENTED_EDGE ( 'NONE', *, *, #1646, .T. ) ;
#2950 = CARTESIAN_POINT ( 'NONE',  ( -5.797199075037577000, -2.043901491794180000, 1.396553427430553800 ) ) ;
#2951 = CARTESIAN_POINT ( 'NONE',  ( -9.799698086629788900, 2.751033747761677500, 1.705769371157264600 ) ) ;
#2952 = CARTESIAN_POINT ( 'NONE',  ( -9.724194090192448000, 0.03665405417497227100, 2.981391096155246800 ) ) ;
#2953 = CARTESIAN_POINT ( 'NONE',  ( -9.501365741704246300, 1.987600994529448800, 2.793106854861110700 ) ) ;
#2954 = VERTEX_POINT ( 'NONE', #3576 ) ;
#2955 = CARTESIAN_POINT ( 'NONE',  ( -5.855995371333873900, -1.237600994529454400, 2.793106854861109300 ) ) ;
#2956 = CARTESIAN_POINT ( 'NONE',  ( -4.778366272877681500, 0.3749999999999991700, -2.928366272906878500 ) ) ;
#2957 = VERTEX_POINT ( 'NONE', #3285 ) ;
#2958 = CARTESIAN_POINT ( 'NONE',  ( -6.017685185185191800, -1.458087104677049600, -3.175000000000049600 ) ) ;
#2959 = CARTESIAN_POINT ( 'NONE',  ( -4.599999999982173900, 0.3749999999999978900, -2.750000000011371300 ) ) ;
#2960 = EDGE_CURVE ( 'NONE', #1542, #3180, #2855, .T. ) ;
#2961 = CARTESIAN_POINT ( 'NONE',  ( -9.629761069521467900, -2.705976622385207500, 0.4119006170469778300 ) ) ;
#2962 = ORIENTED_EDGE ( 'NONE', *, *, #927, .F. ) ;
#2963 = CARTESIAN_POINT ( 'NONE',  ( -5.914791667630169900, 0.3749999999999964500, 2.793106854861110200 ) ) ;
#2964 = B_SPLINE_CURVE_WITH_KNOTS ( 'NONE', 3,
 ( #3629, #1857, #669, #2730, #982, #3041, #1287 ),
 .UNSPECIFIED., .F., .F.,
 ( 4, 3, 4 ),
 ( 9.824063736898670500E-015, 0.0005016206873015266000, 0.0008008624097304477600 ),
 .UNSPECIFIED. ) ;
#2965 = CARTESIAN_POINT ( 'NONE',  ( -9.795758961724864400, 2.652749389050518500, 1.841253407048719600 ) ) ;
#2966 = VERTEX_POINT ( 'NONE', #53 ) ;
#2967 = CARTESIAN_POINT ( 'NONE',  ( -8.737013889852391900, 0.3749999999999964500, 2.793106854861110200 ) ) ;
#2968 = EDGE_CURVE ( 'NONE', #825, #2088, #1590, .T. ) ;
#2969 = CARTESIAN_POINT ( 'NONE',  ( -5.973587963926466000, 1.987600994529448800, 2.793106854861110200 ) ) ;
#2970 = CARTESIAN_POINT ( 'NONE',  ( -4.666654580210150400, 3.200647726011684100, -0.003845508250514952600 ) ) ;
#2971 = CARTESIAN_POINT ( 'NONE',  ( -6.076481481481489600, -2.374630657015605700, -1.587500000000007700 ) ) ;
#2972 = DIRECTION ( 'NONE',  ( 0.0000000000000000000, 0.0000000000000000000, -1.000000000000000000 ) ) ;
#2973 = CARTESIAN_POINT ( 'NONE',  ( -1.749999999999999800, 0.3749999999999978900, -4.336808689942017700E-016 ) ) ;
#2974 = CARTESIAN_POINT ( 'NONE',  ( -8.249999999985270400, 0.3529366155934815500, 0.2586239694861947000 ) ) ;
#2975 = CARTESIAN_POINT ( 'NONE',  ( -6.032384260222762900, 2.793901491794175600, 1.396553427430554200 ) ) ;
#2976 = DIRECTION ( 'NONE',  ( -0.0000000000000000000, 5.240210400945518800E-016, -1.000000000000000000 ) ) ;
#2977 = DIRECTION ( 'NONE',  ( 1.000000000000000000, 0.0000000000000000000, 0.0000000000000000000 ) ) ;
#2978 = CARTESIAN_POINT ( 'NONE',  ( -7.972662038000540200, -1.237600994529454400, 2.793106854861109300 ) ) ;
#2979 = CARTESIAN_POINT ( 'NONE',  ( -4.019999999999999600, 0.3749999999999978900, -4.336808689942017700E-016 ) ) ;
#2980 = DIRECTION ( 'NONE',  ( 1.000000000000000000, 0.0000000000000000000, 0.0000000000000000000 ) ) ;
#2981 = AXIS2_PLACEMENT_3D ( 'NONE', #2231, #2235, #2251 ) ;
#2982 = FACE_OUTER_BOUND ( 'NONE', #1178, .T. ) ;
#2983 = EDGE_CURVE ( 'NONE', #1431, #2256, #1292, .T. ) ;
#2984 = CARTESIAN_POINT ( 'NONE',  ( -6.091180556519057100, 3.600201989058900300, 6.639328379517623000E-016 ) ) ;
#2985 = B_SPLINE_CURVE_WITH_KNOTS ( 'NONE', 3,
 ( #1788, #1770, #1757, #1745, #1735, #1726, #1712, #1704, #1692, #1686, #1676, #1671, #1659, #1655 ),
 .UNSPECIFIED., .F., .F.,
 ( 4, 2, 2, 2, 2, 2, 4 ),
 ( 1.226634733346699300E-018, 0.0008455474086232003700, 0.001268321112934799100, 0.001691094817246398100, 0.002113868521557997000, 0.002536642225869595600, 0.003382189634492794100 ),
 .UNSPECIFIED. ) ;
#2986 = CARTESIAN_POINT ( 'NONE',  ( 2.059999999999999600, -2.800000000000002500, 3.174999999999998500 ) ) ;
#2987 = DIRECTION ( 'NONE',  ( 0.0000000000000000000, 5.240210400945518800E-016, -1.000000000000000000 ) ) ;
#2988 = CARTESIAN_POINT ( 'NONE',  ( -7.208310186148687600, -2.043901491794180000, 1.396553427430553800 ) ) ;
#2989 = VECTOR ( 'NONE', #1369, 1000.000000000000000 ) ;
#2990 = CARTESIAN_POINT ( 'NONE',  ( -6.149976852815355800, 2.793901491794175600, -1.396553427430555800 ) ) ;
#2991 = VERTEX_POINT ( 'NONE', #333 ) ;
#2992 = CARTESIAN_POINT ( 'NONE',  ( -8.331659191571612100, 0.3500850137876411700, 0.2612426572680001100 ) ) ;
#2993 = CARTESIAN_POINT ( 'NONE',  ( -6.135277777777786500, -3.291174209354140500, -2.130344865817672600E-015 ) ) ;
#2994 = VERTEX_POINT ( 'NONE', #2698 ) ;
#2995 = ORIENTED_EDGE ( 'NONE', *, *, #2960, .F. ) ;
#2996 = CARTESIAN_POINT ( 'NONE',  ( -8.149050926889431800, -1.237600994529454400, 2.793106854861109300 ) ) ;
#2997 = CARTESIAN_POINT ( 'NONE',  ( -7.987361113038115700, 4.041174209354118800, 8.140062767690507200E-016 ) ) ;
#2998 = CARTESIAN_POINT ( 'NONE',  ( -5.326828704667207100, -1.237600994529454400, 2.793106854861109300 ) ) ;
#2999 = CARTESIAN_POINT ( 'NONE',  ( -6.208773149111650900, 1.987600994529450200, -2.793106854861110700 ) ) ;
#3000 = VERTEX_POINT ( 'NONE', #344 ) ;
#3001 = CARTESIAN_POINT ( 'NONE',  ( -10.08932870466720500, -1.237600994529454400, 2.793106854861109300 ) ) ;
#3002 = CARTESIAN_POINT ( 'NONE',  ( -6.443958334296836700, -2.850201989058905200, -1.926267905190632200E-015 ) ) ;
#3003 = VERTEX_POINT ( 'NONE', #3011 ) ;
#3004 = CARTESIAN_POINT ( 'NONE',  ( -6.267569445407946900, 0.3749999999999991100, -2.793106854861111100 ) ) ;
#3005 = EDGE_CURVE ( 'NONE', #1968, #2521, #1660, .T. ) ;
#3006 = CARTESIAN_POINT ( 'NONE',  ( -6.194074074074082500, -2.374630657015606600, 1.587500000000005000 ) ) ;
#3007 = ORIENTED_EDGE ( 'NONE', *, *, #3325, .F. ) ;
#3008 = CARTESIAN_POINT ( 'NONE',  ( -4.386087963926465600, -2.043901491794180000, 1.396553427430553800 ) ) ;
#3009 = DIRECTION ( 'NONE',  ( 1.000000000000000000, 0.0000000000000000000, 0.0000000000000000000 ) ) ;
#3010 = EDGE_CURVE ( 'NONE', #3819, #712, #3117, .T. ) ;
#3011 = CARTESIAN_POINT ( 'NONE',  ( -4.019999999999999600, 0.3749999999999981700, 2.100000000000000100 ) ) ;
#3012 = FACE_BOUND ( 'NONE', #1642, .T. ) ;
#3013 = CARTESIAN_POINT ( 'NONE',  ( -6.326365741704242900, -1.237600994529452800, -2.793106854861112000 ) ) ;
#3014 = CARTESIAN_POINT ( 'NONE',  ( -9.045694446371449300, -3.291174209354125400, -2.130344865817665500E-015 ) ) ;
#3015 = CARTESIAN_POINT ( 'NONE',  ( -5.679606482444984100, -2.043901491794178700, -1.396553427430556400 ) ) ;
#3016 = CARTESIAN_POINT ( 'NONE',  ( -6.385162038000539800, -2.043901491794178700, -1.396553427430556400 ) ) ;
#3017 = LINE ( 'NONE', #2347, #3251 ) ;
#3018 = CARTESIAN_POINT ( 'NONE',  ( -9.631452548232937600, -1.460291965778539400, -3.178818931451389500 ) ) ;
#3019 = CARTESIAN_POINT ( 'NONE',  ( -9.970000000066647800, 0.3749999999999978900, 2.749999999972257700 ) ) ;
#3020 = CARTESIAN_POINT ( 'NONE',  ( -3.656327140881188200, -2.375839393376230700, 0.8216201169326431400 ) ) ;
#3021 = CIRCLE ( 'NONE', #768, 2.100000000000000100 ) ;
#3022 = CARTESIAN_POINT ( 'NONE',  ( -9.716349832561524700, -0.2964227719251282300, 2.932477380602670700 ) ) ;
#3023 = CARTESIAN_POINT ( 'NONE',  ( -6.443958334296836700, -2.850201989058905200, -1.926267905190632200E-015 ) ) ;
#3024 = LINE ( 'NONE', #1258, #2221 ) ;
#3025 = CARTESIAN_POINT ( 'NONE',  ( -6.502754630593132700, -2.043901491794180000, 1.396553427430553800 ) ) ;
#3026 = AXIS2_PLACEMENT_3D ( 'NONE', #3207, #1450, #3502 ) ;
#3027 = CARTESIAN_POINT ( 'NONE',  ( -8.867100696381085000, 0.3749999999999991700, -3.178818931451389100 ) ) ;
#3028 = AXIS2_PLACEMENT_3D ( 'NONE', #89, #79, #76 ) ;
#3029 = VECTOR ( 'NONE', #3447, 1000.000000000000000 ) ;
#3030 = CARTESIAN_POINT ( 'NONE',  ( -9.926892862836211900, 0.3749999999999979500, -4.336808689942017700E-016 ) ) ;
#3031 = VERTEX_POINT ( 'NONE', #636 ) ;
#3032 = CYLINDRICAL_SURFACE ( 'NONE', #3382, 3.174999999999999800 ) ;
#3033 = CARTESIAN_POINT ( 'NONE',  ( -6.561550926889429600, -1.237600994529454400, 2.793106854861109300 ) ) ;
#3034 = CARTESIAN_POINT ( 'NONE',  ( -9.545000000000026600, -1.201662379255975300, -2.755859347252485500 ) ) ;
#3035 = ORIENTED_EDGE ( 'NONE', *, *, #1360, .F. ) ;
#3036 = CLOSED_SHELL ( 'NONE', ( #1605, #3442, #2166, #1031, #2242, #3661, #3720, #985, #2792, #3149, #475, #3703, #219, #116, #141, #2434, #3346 ) ) ;
#3037 = CARTESIAN_POINT ( 'NONE',  ( -6.620347223185725700, 0.3749999999999964500, 2.793106854861110200 ) ) ;
#3038 = CARTESIAN_POINT ( 'NONE',  ( -8.102748844529235900, 2.210291965778536000, -3.178818931451389500 ) ) ;
#3039 = ORIENTED_EDGE ( 'NONE', *, *, #2196, .T. ) ;
#3040 = VERTEX_POINT ( 'NONE', #2121 ) ;
#3041 = CARTESIAN_POINT ( 'NONE',  ( -8.950356188029953600, 0.3284796385890830200, -0.2801998251837652900 ) ) ;
#3042 = CARTESIAN_POINT ( 'NONE',  ( -5.664907407407407700, 2.208087104677059400, 3.174999999999999400 ) ) ;
#3043 = ORIENTED_EDGE ( 'NONE', *, *, #1646, .F. ) ;
#3044 = DIRECTION ( 'NONE',  ( 0.0000000000000000000, 0.0000000000000000000, -1.000000000000000000 ) ) ;
#3045 = CARTESIAN_POINT ( 'NONE',  ( -6.679143519482020800, 1.987600994529448800, 2.793106854861110200 ) ) ;
#3046 = ORIENTED_EDGE ( 'NONE', *, *, #3155, .T. ) ;
#3047 = ADVANCED_FACE ( 'NONE', ( #747 ), #363, .F. ) ;
#3048 = CARTESIAN_POINT ( 'NONE',  ( -6.737939815778319500, 2.793901491794175600, 1.396553427430554200 ) ) ;
#3049 = ORIENTED_EDGE ( 'NONE', *, *, #2968, .F. ) ;
#3050 = EDGE_CURVE ( 'NONE', #1069, #2957, #3817, .T. ) ;
#3051 = CARTESIAN_POINT ( 'NONE',  ( -10.26571759355609700, -1.237600994529454400, 2.793106854861109300 ) ) ;
#3052 = CARTESIAN_POINT ( 'NONE',  ( -7.338396992677380700, 3.127937948667804500, -1.589409465725694700 ) ) ;
#3053 = CARTESIAN_POINT ( 'NONE',  ( -6.311666666666667400, 0.3749999999999962300, 3.174999999999999400 ) ) ;
#3054 = FILL_AREA_STYLE ('',( #2417 ) ) ;
#3055 = EDGE_CURVE ( 'NONE', #2991, #2376, #3024, .T. ) ;
#3056 = DIRECTION ( 'NONE',  ( -0.0000000000000000000, -0.0000000000000000000, 1.000000000000000000 ) ) ;
#3057 = CARTESIAN_POINT ( 'NONE',  ( -6.561550926889428800, -2.043901491794178700, -1.396553427430556400 ) ) ;
#3058 = CARTESIAN_POINT ( 'NONE',  ( -8.678217593556095000, -2.043901491794178700, -1.396553427430556400 ) ) ;
#3059 = CARTESIAN_POINT ( 'NONE',  ( -6.796736112074616400, 3.600201989058900300, 6.639328379517623000E-016 ) ) ;
#3060 = CARTESIAN_POINT ( 'NONE',  ( -9.712346535231382900, -0.4595611037946555300, 2.894417613696682600 ) ) ;
#3061 = CARTESIAN_POINT ( 'NONE',  ( -6.574045140825528000, 4.045583931557073000, 8.155070111572242000E-016 ) ) ;
#3062 = CARTESIAN_POINT ( 'NONE',  ( -6.252870370370367000, -1.458087104677263700, 3.174999999999681000 ) ) ;
#3063 = CARTESIAN_POINT ( 'NONE',  ( -5.253333333333334700, 0.3749999999999991700, -3.175000000000000300 ) ) ;
#3064 = CARTESIAN_POINT ( 'NONE',  ( -5.620810186148688100, -1.237600994529452800, -2.793106854861112000 ) ) ;
#3065 = CARTESIAN_POINT ( 'NONE',  ( -10.30981481481481800, -2.374630657015594200, -1.587500000000001200 ) ) ;
#3066 = ADVANCED_FACE ( 'NONE', ( #658 ), #2933, .T. ) ;
#3067 = CARTESIAN_POINT ( 'NONE',  ( -4.643112500440249600, -0.5479835127013589200, 2.636201656843796000 ) ) ;
#3068 = CARTESIAN_POINT ( 'NONE',  ( -5.385625000963503200, 0.3749999999999964500, 2.793106854861110200 ) ) ;
#3069 = CARTESIAN_POINT ( 'NONE',  ( -6.855532408370909700, 2.793901491794175600, -1.396553427430555800 ) ) ;
#3070 = VECTOR ( 'NONE', #11, 1000.000000000000000 ) ;
#3071 = CARTESIAN_POINT ( 'NONE',  ( -9.049999999999998900, 0.3249999999999977400, 0.3766961640367467700 ) ) ;
#3072 = EDGE_LOOP ( 'NONE', ( #2902, #1401, #343, #1531, #858, #1851, #1767, #2463 ) ) ;
#3073 = FACE_BOUND ( 'NONE', #1548, .T. ) ;
#3074 = CARTESIAN_POINT ( 'NONE',  ( -6.914328704667206600, 1.987600994529450200, -2.793106854861110700 ) ) ;
#3075 = CYLINDRICAL_SURFACE ( 'NONE', #1469, 3.174999999999999800 ) ;
#3076 = EDGE_CURVE ( 'NONE', #1059, #3000, #1476, .T. ) ;
#3077 = CARTESIAN_POINT ( 'NONE',  ( -11.27000000000000300, 0.3749999999999978900, -4.336808689942017700E-016 ) ) ;
#3078 = CARTESIAN_POINT ( 'NONE',  ( -5.809693288973679000, 3.127937948667804900, 1.589409465725693000 ) ) ;
#3079 = CARTESIAN_POINT ( 'NONE',  ( -5.312129629629637900, -1.458087104677070900, -3.175000000000013100 ) ) ;
#3080 = CARTESIAN_POINT ( 'NONE',  ( -6.973125000963502600, 0.3749999999999991100, -2.793106854861111100 ) ) ;
#3081 = ORIENTED_EDGE ( 'NONE', *, *, #3606, .F. ) ;
#3082 = ORIENTED_EDGE ( 'NONE', *, *, #2514, .F. ) ;
#3083 = CARTESIAN_POINT ( 'NONE',  ( -4.643113928774752700, 3.026613504052129100, 0.8777271215647730600 ) ) ;
#3084 = CARTESIAN_POINT ( 'NONE',  ( -7.031921297259801300, -1.237600994529452800, -2.793106854861112000 ) ) ;
#3085 = ORIENTED_EDGE ( 'NONE', *, *, #2349, .F. ) ;
#3086 = DIRECTION ( 'NONE',  ( -1.000000000000000000, 0.0000000000000000000, -0.0000000000000000000 ) ) ;
#3087 = ORIENTED_EDGE ( 'NONE', *, *, #1091, .T. ) ;
#3088 = ADVANCED_FACE ( 'NONE', ( #2134 ), #971, .T. ) ;
#3089 = ORIENTED_EDGE ( 'NONE', *, *, #154, .T. ) ;
#3090 = CARTESIAN_POINT ( 'NONE',  ( -7.090717593556095500, -2.043901491794178700, -1.396553427430556400 ) ) ;
#3091 = CARTESIAN_POINT ( 'NONE',  ( -9.049999999999998900, 0.3249999999999980700, -0.3766961640367477200 ) ) ;
#3092 = DIRECTION ( 'NONE',  ( 0.0000000000000000000, 1.000000000000000000, 5.240210400945518800E-016 ) ) ;
#3093 = CARTESIAN_POINT ( 'NONE',  ( -5.045341437121825500, 2.210291965778535600, 3.178818931451388600 ) ) ;
#3094 = CARTESIAN_POINT ( 'NONE',  ( -3.939999999999999900, 0.3749999999999979500, 0.3799999999999995600 ) ) ;
#3095 = ORIENTED_EDGE ( 'NONE', *, *, #1363, .T. ) ;
#3096 = CARTESIAN_POINT ( 'NONE',  ( -5.370925925925934800, -2.374630657015606200, -1.587500000000007700 ) ) ;
#3097 = CARTESIAN_POINT ( 'NONE',  ( -7.149513889852391600, -2.850201989058905200, -1.926267905190632200E-015 ) ) ;
#3098 = VERTEX_POINT ( 'NONE', #2435 ) ;
#3099 = CARTESIAN_POINT ( 'NONE',  ( -7.208310186148687600, -2.043901491794180000, 1.396553427430553800 ) ) ;
#3100 = CARTESIAN_POINT ( 'NONE',  ( -5.025001304034049100, 0.3749999999999979500, -4.336808689942017700E-016 ) ) ;
#3101 = DIRECTION ( 'NONE',  ( -1.000000000000000000, 0.0000000000000000000, -0.0000000000000000000 ) ) ;
#3102 = AXIS2_PLACEMENT_3D ( 'NONE', #3361, #1613, #3662 ) ;
#3103 =( BOUNDED_CURVE ( )  B_SPLINE_CURVE ( 2, ( #816, #232, #1436, #3491, #1734, #3789, #2001 ),
 .UNSPECIFIED., .F., .F. ) 
 B_SPLINE_CURVE_WITH_KNOTS ( ( 3, 2, 2, 3 ),
 ( 0.04142801857784201400, 0.04474329807104590600, 0.04805857756424981200, 0.05137385705745370300 ),
 .UNSPECIFIED. ) 
 CURVE ( )  GEOMETRIC_REPRESENTATION_ITEM ( )  RATIONAL_B_SPLINE_CURVE ( ( 0.9999999999999977800, 0.8660254037844409300, 1.000000000000000000, 0.8660254037844387100, 1.000000000000000000, 0.8660254037844364900, 1.000000000000002200 ) ) 
 REPRESENTATION_ITEM ( '' )  );
#3104 = CARTESIAN_POINT ( 'NONE',  ( -7.267106482444983600, -1.237600994529454400, 2.793106854861109300 ) ) ;
#3105 = AXIS2_PLACEMENT_3D ( 'NONE', #3719, #3666, #3772 ) ;
#3106 = CONICAL_SURFACE ( 'NONE', #3792, 3.175001304063246100, 0.7853981633974482800 ) ;
#3107 = CARTESIAN_POINT ( 'NONE',  ( -5.341527779704782700, 0.3749999999999991700, -3.175000000000000300 ) ) ;
#3108 = CARTESIAN_POINT ( 'NONE',  ( -4.280989585269973800, 0.3749999999999962300, 3.178818931451388200 ) ) ;
#3109 = CARTESIAN_POINT ( 'NONE',  ( -5.429722222222230800, -3.291174209354140500, -2.130344865817672600E-015 ) ) ;
#3110 = VECTOR ( 'NONE', #3457, 1000.000000000000000 ) ;
#3111 = CARTESIAN_POINT ( 'NONE',  ( -7.325902778741280500, 0.3749999999999964500, 2.793106854861110200 ) ) ;
#3112 = ADVANCED_FACE ( 'NONE', ( #1378 ), #2840, .T. ) ;
#3113 = CARTESIAN_POINT ( 'NONE',  ( -8.250000000000000000, 0.3970633844065998800, -0.2831187913226535500 ) ) ;
#3114 = CARTESIAN_POINT ( 'NONE',  ( -7.384699075037576500, 1.987600994529448800, 2.793106854861110200 ) ) ;
#3115 = CARTESIAN_POINT ( 'NONE',  ( -8.986898150075154100, -2.374630657015595100, -1.587500000000001700 ) ) ;
#3116 = CARTESIAN_POINT ( 'NONE',  ( -7.443495371333874300, 2.793901491794175600, 1.396553427430554200 ) ) ;
#3117 = LINE ( 'NONE', #3609, #2314 ) ;
#3118 = CARTESIAN_POINT ( 'NONE',  ( -9.704182970101287600, -0.7790912535739406000, 2.791306491691973400 ) ) ;
#3119 = CARTESIAN_POINT ( 'NONE',  ( -3.516637733418122000, -1.460291965778541400, 3.178818931451387300 ) ) ;
#3120 = DIRECTION ( 'NONE',  ( -1.000000000000000000, -0.0000000000000000000, -0.0000000000000000000 ) ) ;
#3121 = CARTESIAN_POINT ( 'NONE',  ( -5.488518518518527700, -2.374630657015607000, 1.587500000000005000 ) ) ;
#3122 = CARTESIAN_POINT ( 'NONE',  ( -7.502291667630170300, 3.600201989058900300, 6.639328379517623000E-016 ) ) ;
#3123 = CYLINDRICAL_SURFACE ( 'NONE', #641, 3.174999999999999800 ) ;
#3124 = AXIS2_PLACEMENT_3D ( 'NONE', #60, #1819, #3586 ) ;
#3125 = VERTEX_POINT ( 'NONE', #986 ) ;
#3126 = VECTOR ( 'NONE', #3713, 1000.000000000000000 ) ;
#3127 = CARTESIAN_POINT ( 'NONE',  ( -7.561087963926465400, 2.793901491794175600, -1.396553427430555800 ) ) ;
#3128 = CARTESIAN_POINT ( 'NONE',  ( -9.609376980087867900, -2.709419115136525700, -0.4365285488340889800 ) ) ;
#3129 = EDGE_CURVE ( 'NONE', #1344, #3040, #1573, .T. ) ;
#3130 = FACE_OUTER_BOUND ( 'NONE', #2844, .T. ) ;
#3131 = ADVANCED_FACE ( 'NONE', ( #3729 ), #482, .F. ) ;
#3132 = EDGE_CURVE ( 'NONE', #3417, #3504, #3631, .T. ) ;
#3133 = CARTESIAN_POINT ( 'NONE',  ( -9.398472224149227100, 4.041174209354120500, 8.140062767690513100E-016 ) ) ;
#3134 = ORIENTED_EDGE ( 'NONE', *, *, #119, .T. ) ;
#3135 = ORIENTED_EDGE ( 'NONE', *, *, #2075, .F. ) ;
#3136 = PLANE ( 'NONE',  #3539 ) ;
#3137 = ORIENTED_EDGE ( 'NONE', *, *, #765, .F. ) ;
#3138 = CARTESIAN_POINT ( 'NONE',  ( -5.914791667630169900, -2.850201989058905200, -1.926267905190632200E-015 ) ) ;
#3139 = VERTEX_POINT ( 'NONE', #2734 ) ;
#3140 = ORIENTED_EDGE ( 'NONE', *, *, #2301, .F. ) ;
#3141 = CARTESIAN_POINT ( 'NONE',  ( -7.619884260222761400, 1.987600994529450200, -2.793106854861110700 ) ) ;
#3142 = ORIENTED_EDGE ( 'NONE', *, *, #720, .T. ) ;
#3143 = CARTESIAN_POINT ( 'NONE',  ( -1.749999999999999800, 0.3749999999999981700, 2.100000000000000100 ) ) ;
#3144 = DIRECTION ( 'NONE',  ( 0.0000000000000000000, 0.0000000000000000000, -1.000000000000000000 ) ) ;
#3145 = CARTESIAN_POINT ( 'NONE',  ( -8.634120372297378100, 3.124630657015590600, 1.587499999999998600 ) ) ;
#3146 = DIRECTION ( 'NONE',  ( 0.0000000000000000000, 1.000000000000000000, 5.240210400633906900E-016 ) ) ;
#3147 = EDGE_LOOP ( 'NONE', ( #3695, #2328 ) ) ;
#3148 = CARTESIAN_POINT ( 'NONE',  ( -7.678680556519058300, 0.3749999999999991100, -2.793106854861111100 ) ) ;
#3149 = ADVANCED_FACE ( 'NONE', ( #1282 ), #2749, .T. ) ;
#3150 = CARTESIAN_POINT ( 'NONE',  ( -6.490260416657032600, 4.045583931557073000, 8.155070111572242000E-016 ) ) ;
#3151 = CARTESIAN_POINT ( 'NONE',  ( -8.781111111111108900, 0.3749999999999991700, -3.174999999999998900 ) ) ;
#3152 = CARTESIAN_POINT ( 'NONE',  ( -7.223009261186264900, 3.124630657015591500, 1.587499999999999200 ) ) ;
#3153 = CYLINDRICAL_SURFACE ( 'NONE', #2729, 0.3800000000000000000 ) ;
#3154 =( GEOMETRIC_REPRESENTATION_CONTEXT ( 3 ) GLOBAL_UNCERTAINTY_ASSIGNED_CONTEXT ( ( #2260 ) ) GLOBAL_UNIT_ASSIGNED_CONTEXT ( ( #112, #2151, #395 ) ) REPRESENTATION_CONTEXT ( 'NONE', 'WORKASPACE' ) );
#3155 = EDGE_CURVE ( 'NONE', #2661, #1075, #1953, .T. ) ;
#3156 = CARTESIAN_POINT ( 'NONE',  ( -7.737476852815357900, -1.237600994529452800, -2.793106854861112000 ) ) ;
#3157 = CARTESIAN_POINT ( 'NONE',  ( -10.14812500096350300, 0.3749999999999964500, 2.793106854861110200 ) ) ;
#3158 = PRESENTATION_STYLE_ASSIGNMENT (( #471 ) ) ;
#3159 = PLANE ( 'NONE',  #1 ) ;
#3160 = CARTESIAN_POINT ( 'NONE',  ( -7.869768520445525400, 2.208087104677059400, 3.174999999999999400 ) ) ;
#3161 = DIRECTION ( 'NONE',  ( -1.000000000000000000, 0.0000000000000000000, 0.0000000000000000000 ) ) ;
#3162 = CARTESIAN_POINT ( 'NONE',  ( -7.796273149111651300, -2.043901491794178700, -1.396553427430556400 ) ) ;
#3163 = DIRECTION ( 'NONE',  ( 1.000000000000000000, 0.0000000000000000000, 0.0000000000000000000 ) ) ;
#3164 = CARTESIAN_POINT ( 'NONE',  ( -4.268495371333872700, 1.987600994529450200, -2.793106854861111100 ) ) ;
#3165 = CARTESIAN_POINT ( 'NONE',  ( -8.839907407407414700, -1.458087104677052900, -3.175000000000043800 ) ) ;
#3166 = CARTESIAN_POINT ( 'NONE',  ( -7.384699075037576500, -2.043901491794180000, 1.396553427430553800 ) ) ;
#3167 = CARTESIAN_POINT ( 'NONE',  ( -8.663518518518525700, 3.124630657015599100, -1.587500000000005700 ) ) ;
#3168 = LINE ( 'NONE', #1490, #3070 ) ;
#3169 = CARTESIAN_POINT ( 'NONE',  ( -7.855069445407947300, -2.850201989058905200, -1.926267905190632200E-015 ) ) ;
#3170 = CARTESIAN_POINT ( 'NONE',  ( -9.971736112074614400, -2.850201989058905200, -1.926267905190632200E-015 ) ) ;
#3171 = VECTOR ( 'NONE', #1845, 1000.000000000000000 ) ;
#3172 = CARTESIAN_POINT ( 'NONE',  ( -8.619421297259798100, -1.237600994529452800, -2.793106854861112000 ) ) ;
#3173 = CARTESIAN_POINT ( 'NONE',  ( -7.105416668593672800, 0.3749999999999962300, 3.174999999999999400 ) ) ;
#3174 = CYLINDRICAL_SURFACE ( 'NONE', #1231, 2.089999999999999900 ) ;
#3175 = CARTESIAN_POINT ( 'NONE',  ( -9.119999999995798100, 0.3749999999999978900, -4.336808689942017700E-016 ) ) ;
#3176 = CARTESIAN_POINT ( 'NONE',  ( -7.913865741704244200, -2.043901491794180000, 1.396553427430553800 ) ) ;
#3177 = SURFACE_STYLE_USAGE ( .BOTH. , #1127 ) ;
#3178 = CARTESIAN_POINT ( 'NONE',  ( -6.725445601842218400, -1.460291965778539400, -3.178818931451389500 ) ) ;
#3179 = CARTESIAN_POINT ( 'NONE',  ( -8.898703703703711600, -2.374630657015605300, -1.587500000000007500 ) ) ;
#3180 = VERTEX_POINT ( 'NONE', #2167 ) ;
#3181 = ORIENTED_EDGE ( 'NONE', *, *, #3129, .F. ) ;
#3182 = AXIS2_PLACEMENT_3D ( 'NONE', #871, #704, #682 ) ;
#3183 = CARTESIAN_POINT ( 'NONE',  ( -9.699984888850366400, -0.9367867930356849100, 2.725434928515750400 ) ) ;
#3184 = AXIS2_PLACEMENT_3D ( 'NONE', #2193, #2204, #2190 ) ;
#3185 = ORIENTED_EDGE ( 'NONE', *, *, #1315, .T. ) ;
#3186 = CARTESIAN_POINT ( 'NONE',  ( -7.972662038000540200, -1.237600994529454400, 2.793106854861109300 ) ) ;
#3187 = CARTESIAN_POINT ( 'NONE',  ( -9.912939815778317500, -2.043901491794178700, -1.396553427430556400 ) ) ;
#3188 = EDGE_CURVE ( 'NONE', #1052, #55, #3536, .T. ) ;
#3189 = CARTESIAN_POINT ( 'NONE',  ( -9.605420898630081100, -2.685397025264382600, -0.6023738021343105800 ) ) ;
#3190 = CARTESIAN_POINT ( 'NONE',  ( -6.341064816741820200, -1.458087104677065600, 3.174999999999998500 ) ) ;
#3191 = LINE ( 'NONE', #600, #657 ) ;
#3192 = ORIENTED_EDGE ( 'NONE', *, *, #483, .F. ) ;
#3193 = ORIENTED_EDGE ( 'NONE', *, *, #945, .T. ) ;
#3194 = CARTESIAN_POINT ( 'NONE',  ( -3.399999999999999900, 0.3749999999999978900, -4.336808689942017700E-016 ) ) ;
#3195 = CARTESIAN_POINT ( 'NONE',  ( -8.031458334296836200, 0.3749999999999964500, 2.793106854861110200 ) ) ;
#3196 = CARTESIAN_POINT ( 'NONE',  ( -9.049999999999998900, 0.4249999999999976600, -4.336808689942017700E-016 ) ) ;
#3197 = EDGE_LOOP ( 'NONE', ( #17, #1929, #353, #2427, #1219, #1879, #1162, #2812, #1925, #853 ) ) ;
#3198 = CARTESIAN_POINT ( 'NONE',  ( -8.957500000000006700, -3.291174209354140100, -2.130344865817672600E-015 ) ) ;
#3199 = CARTESIAN_POINT ( 'NONE',  ( -4.974050926889429300, 1.987600994529450200, -2.793106854861111100 ) ) ;
#3200 = CARTESIAN_POINT ( 'NONE',  ( -9.548984505092443300, -1.346977022556137300, -2.668132469960102300 ) ) ;
#3201 = ORIENTED_EDGE ( 'NONE', *, *, #2930, .T. ) ;
#3202 = CARTESIAN_POINT ( 'NONE',  ( -8.090254630593133100, 1.987600994529448800, 2.793106854861110200 ) ) ;
#3203 = CARTESIAN_POINT ( 'NONE',  ( -9.854143519482020600, -1.237600994529452800, -2.793106854861112000 ) ) ;
#3204 = CARTESIAN_POINT ( 'NONE',  ( -5.576712964889968500, -2.374630657015595500, 1.587499999999998400 ) ) ;
#3205 = CARTESIAN_POINT ( 'NONE',  ( -5.606111111111111700, 0.3749999999999962300, 3.174999999999998900 ) ) ;
#3206 = CARTESIAN_POINT ( 'NONE',  ( -8.149050926889428200, 2.793901491794175600, 1.396553427430554200 ) ) ;
#3207 = CARTESIAN_POINT ( 'NONE',  ( -9.049999999999998900, 0.3749999999999978900, -4.336808689942017700E-016 ) ) ;
#3208 = CARTESIAN_POINT ( 'NONE',  ( -9.133888888888888500, 0.3749999999999962300, 3.174999999999998900 ) ) ;
#3209 = FACE_OUTER_BOUND ( 'NONE', #1354, .T. ) ;
#3210 = CARTESIAN_POINT ( 'NONE',  ( -5.547314814814821000, -1.458087104677094200, 3.174999999999974100 ) ) ;
#3211 = EDGE_CURVE ( 'NONE', #1837, #1488, #631, .T. ) ;
#3212 = EDGE_CURVE ( 'NONE', #1593, #2241, #2731, .T. ) ;
#3213 = CARTESIAN_POINT ( 'NONE',  ( -8.207847223185726900, 3.600201989058900300, 6.639328379517623000E-016 ) ) ;
#3214 = CARTESIAN_POINT ( 'NONE',  ( -9.795347223185723700, 0.3749999999999991100, -2.793106854861111100 ) ) ;
#3215 = CARTESIAN_POINT ( 'NONE',  ( -4.812361113038117600, -3.291174209354125400, -2.130344865817665100E-015 ) ) ;
#3216 = CARTESIAN_POINT ( 'NONE',  ( -8.266643519482020300, 2.793901491794175600, -1.396553427430555800 ) ) ;
#3217 = VECTOR ( 'NONE', #2510, 1000.000000000000000 ) ;
#3218 = CARTESIAN_POINT ( 'NONE',  ( -8.604722222222228800, 4.041174209354133000, 8.140062767690558500E-016 ) ) ;
#3219 = ORIENTED_EDGE ( 'NONE', *, *, #1519, .T. ) ;
#3220 = LINE ( 'NONE', #3655, #3126 ) ;
#3221 = CARTESIAN_POINT ( 'NONE',  ( -8.325439815778317200, 1.987600994529450200, -2.793106854861110700 ) ) ;
#3222 = CARTESIAN_POINT ( 'NONE',  ( -9.736550926889426800, 1.987600994529450200, -2.793106854861111100 ) ) ;
#3223 = CARTESIAN_POINT ( 'NONE',  ( -8.560625000963503000, 0.3749999999999991100, -2.793106854861111100 ) ) ;
#3224 = CARTESIAN_POINT ( 'NONE',  ( -4.048009261186264100, -2.374630657015594200, -1.587500000000001200 ) ) ;
#3225 = VERTEX_POINT ( 'NONE', #2179 ) ;
#3226 = LINE ( 'NONE', #2145, #2329 ) ;
#3227 =( BOUNDED_CURVE ( )  B_SPLINE_CURVE ( 2, ( #3408, #3747, #3768, #3618, #3621, #1711, #3464 ),
 .UNSPECIFIED., .F., .F. ) 
 B_SPLINE_CURVE_WITH_KNOTS ( ( 3, 2, 2, 3 ),
 ( -0.04475262726913519600, -0.04143754064752624300, -0.03812245402591729600, -0.03480736740430834300 ),
 .UNSPECIFIED. ) 
 CURVE ( )  GEOMETRIC_REPRESENTATION_ITEM ( )  RATIONAL_B_SPLINE_CURVE ( ( 0.9999999999999977800, 0.8660254037844409300, 1.000000000000000000, 0.8660254037844387100, 1.000000000000000000, 0.8660254037844333800, 1.000000000000005300 ) ) 
 REPRESENTATION_ITEM ( '' )  );
#3228 = CARTESIAN_POINT ( 'NONE',  ( -8.384236112074615800, 0.3749999999999991100, -2.793106854861111100 ) ) ;
#3229 = VERTEX_POINT ( 'NONE', #3375 ) ;
#3230 = VERTEX_POINT ( 'NONE', #1032 ) ;
#3231 = CARTESIAN_POINT ( 'NONE',  ( -9.075092592592604000, -1.458087104677090500, 3.174999999999980700 ) ) ;
#3232 = DIRECTION ( 'NONE',  ( 0.0000000000000000000, 0.0000000000000000000, -1.000000000000000000 ) ) ;
#3233 = CARTESIAN_POINT ( 'NONE',  ( -7.031921297259799500, 2.793901491794175600, -1.396553427430555800 ) ) ;
#3234 = ORIENTED_EDGE ( 'NONE', *, *, #287, .T. ) ;
#3235 = ORIENTED_EDGE ( 'NONE', *, *, #2798, .T. ) ;
#3236 = CARTESIAN_POINT ( 'NONE',  ( -9.691693959439865200, -1.235315285803918700, 2.570177235908889000 ) ) ;
#3237 = AXIS2_PLACEMENT_3D ( 'NONE', #133, #177, #138 ) ;
#3238 = CARTESIAN_POINT ( 'NONE',  ( -8.443032408370911000, -1.237600994529452800, -2.793106854861112000 ) ) ;
#3239 = VERTEX_POINT ( 'NONE', #430 ) ;
#3240 = VERTEX_POINT ( 'NONE', #142 ) ;
#3241 = CARTESIAN_POINT ( 'NONE',  ( -9.677754630593131700, 2.793901491794175600, -1.396553427430555800 ) ) ;
#3242 = CARTESIAN_POINT ( 'NONE',  ( -9.597626870723614100, -2.610298717880100500, -0.9303153736802620700 ) ) ;
#3243 = CARTESIAN_POINT ( 'NONE',  ( -10.14812500096350300, 0.3749999999999964500, 2.793106854861110200 ) ) ;
#3244 = ORIENTED_EDGE ( 'NONE', *, *, #1165, .F. ) ;
#3245 = CARTESIAN_POINT ( 'NONE',  ( -8.501828704667206100, -2.043901491794178700, -1.396553427430556400 ) ) ;
#3246 = DIRECTION ( 'NONE',  ( 1.000000000000000000, 0.0000000000000000000, 0.0000000000000000000 ) ) ;
#3247 = CARTESIAN_POINT ( 'NONE',  ( -9.016296296296303600, -2.374630657015606600, 1.587500000000004800 ) ) ;
#3248 = EDGE_LOOP ( 'NONE', ( #976, #3185, #444, #1895 ) ) ;
#3249 = CARTESIAN_POINT ( 'NONE',  ( -8.560625000963503000, -2.850201989058905200, -1.926267905190632200E-015 ) ) ;
#3250 = CARTESIAN_POINT ( 'NONE',  ( -9.618958334296836600, 3.600201989058900300, 6.639328379517623000E-016 ) ) ;
#3251 = VECTOR ( 'NONE', #2334, 1000.000000000000000 ) ;
#3252 = CARTESIAN_POINT ( 'NONE',  ( -9.383773149111648900, -1.237600994529454400, 2.793106854861109300 ) ) ;
#3253 = CARTESIAN_POINT ( 'NONE',  ( -8.619421297259798100, -2.043901491794180000, 1.396553427430553800 ) ) ;
#3254 = CARTESIAN_POINT ( 'NONE',  ( -4.757037471330042100, 1.261188592418289100, -2.777754391662226900 ) ) ;
#3255 = CARTESIAN_POINT ( 'NONE',  ( 3.726959551036518500, 0.3749999999999978900, -4.336808689942017700E-016 ) ) ;
#3256 = EDGE_CURVE ( 'NONE', #712, #3593, #2643, .T. ) ;
#3257 = FILL_AREA_STYLE_COLOUR ( '', #2362 ) ;
#3258 = EDGE_CURVE ( 'NONE', #1968, #825, #1294, .T. ) ;
#3259 = CARTESIAN_POINT ( 'NONE',  ( -8.678217593556096800, -1.237600994529454400, 2.793106854861109300 ) ) ;
#3260 = CARTESIAN_POINT ( 'NONE',  ( -9.560162038000543200, 2.793901491794175600, 1.396553427430554200 ) ) ;
#3261 = CARTESIAN_POINT ( 'NONE',  ( -8.619421297259798100, -2.043901491794180000, 1.396553427430553800 ) ) ;
#3262 = LINE ( 'NONE', #2303, #2448 ) ;
#3263 = EDGE_CURVE ( 'NONE', #1296, #190, #346, .T. ) ;
#3264 = CARTESIAN_POINT ( 'NONE',  ( -8.737013889852391900, 0.3749999999999964500, 2.793106854861110200 ) ) ;
#3265 = LINE ( 'NONE', #1856, #900 ) ;
#3266 = CARTESIAN_POINT ( 'NONE',  ( -4.648876062556450300, 3.103562822340370200, 0.6636145674939464300 ) ) ;
#3267 = DIRECTION ( 'NONE',  ( 0.0000000000000000000, -1.000000000000000000, -5.240210400945518800E-016 ) ) ;
#3268 = FACE_OUTER_BOUND ( 'NONE', #2331, .T. ) ;
#3269 = CARTESIAN_POINT ( 'NONE',  ( -11.27000000000000300, 0.3749999999999978900, -3.175000000000000300 ) ) ;
#3270 = ORIENTED_EDGE ( 'NONE', *, *, #3606, .T. ) ;
#3271 = ORIENTED_EDGE ( 'NONE', *, *, #2200, .T. ) ;
#3272 = CARTESIAN_POINT ( 'NONE',  ( -8.795810186148688800, 1.987600994529448800, 2.793106854861110200 ) ) ;
#3273 =( BOUNDED_CURVE ( )  B_SPLINE_CURVE ( 2, ( #3053, #3062, #3006, #2993, #2971, #2958, #2943 ),
 .UNSPECIFIED., .F., .F. ) 
 B_SPLINE_CURVE_WITH_KNOTS ( ( 3, 2, 2, 3 ),
 ( 0.09115787832577204600, 0.09447326904470083900, 0.09778865976362961800, 0.1011040504825584100 ),
 .UNSPECIFIED. ) 
 CURVE ( )  GEOMETRIC_REPRESENTATION_ITEM ( )  RATIONAL_B_SPLINE_CURVE ( ( 0.9999999999999759100, 0.8660254037844628000, 1.000000000000000000, 0.8660254037844387100, 1.000000000000000000, 0.8660254037844360400, 1.000000000000002700 ) ) 
 REPRESENTATION_ITEM ( '' )  );
#3274 = CARTESIAN_POINT ( 'NONE',  ( -9.501365741704246300, 1.987600994529448800, 2.793106854861110700 ) ) ;
#3275 = DIRECTION ( 'NONE',  ( 1.000000000000000000, -0.0000000000000000000, 0.0000000000000000000 ) ) ;
#3276 = CARTESIAN_POINT ( 'NONE',  ( -7.855069445407948200, -2.850201989058905200, -1.926267905190632200E-015 ) ) ;
#3277 = ORIENTED_EDGE ( 'NONE', *, *, #1223, .T. ) ;
#3278 = ORIENTED_EDGE ( 'NONE', *, *, #313, .T. ) ;
#3279 = CARTESIAN_POINT ( 'NONE',  ( -8.854606482444983900, 2.793901491794175600, 1.396553427430554200 ) ) ;
#3280 = ORIENTED_EDGE ( 'NONE', *, *, #1989, .F. ) ;
#3281 = CARTESIAN_POINT ( 'NONE',  ( -1.749999999999999800, 1.019999999999999100, 2.364999999999998900 ) ) ;
#3282 = EDGE_CURVE ( 'NONE', #2370, #3311, #1194, .T. ) ;
#3283 = CARTESIAN_POINT ( 'NONE',  ( -9.222083335260340000, 0.3749999999999962300, 3.174999999999999400 ) ) ;
#3284 = EDGE_LOOP ( 'NONE', ( #2898, #240, #3271, #2803 ) ) ;
#3285 = CARTESIAN_POINT ( 'NONE',  ( -8.250000000000000000, 0.3749999999999979500, 0.3799999999999995600 ) ) ;
#3286 = CARTESIAN_POINT ( 'NONE',  ( -6.973125000963503500, 3.600201989058900300, 6.639328379517623000E-016 ) ) ;
#3287 = CARTESIAN_POINT ( 'NONE',  ( -8.913402778741280800, 3.600201989058900300, 6.639328379517623000E-016 ) ) ;
#3288 = CARTESIAN_POINT ( 'NONE',  ( -9.442569445407947600, 0.3749999999999964500, 2.793106854861110200 ) ) ;
#3289 = ORIENTED_EDGE ( 'NONE', *, *, #823, .T. ) ;
#3290 = CARTESIAN_POINT ( 'NONE',  ( -7.090717593556095500, -2.043901491794178700, -1.396553427430556400 ) ) ;
#3291 = CARTESIAN_POINT ( 'NONE',  ( -8.972199075037579500, 2.793901491794175600, -1.396553427430555800 ) ) ;
#3292 = CARTESIAN_POINT ( 'NONE',  ( -9.049999999999998900, 0.3749999999999978900, -4.336808689942017700E-016 ) ) ;
#3293 = CARTESIAN_POINT ( 'NONE',  ( -9.049999999999998900, 0.4249999999999981600, -0.3766961640367477200 ) ) ;
#3294 = CARTESIAN_POINT ( 'NONE',  ( 2.060000000000000100, -1.729999999999998900, 3.174999999999998500 ) ) ;
#3295 = CARTESIAN_POINT ( 'NONE',  ( -7.869768520445697700, 2.208087104679762500, 3.174999999995314700 ) ) ;
#3296 = LINE ( 'NONE', #192, #2438 ) ;
#3297 = CARTESIAN_POINT ( 'NONE',  ( -9.030995371333876400, 1.987600994529450200, -2.793106854861110700 ) ) ;
#3298 = CARTESIAN_POINT ( 'NONE',  ( -9.383773149111648900, -1.237600994529454400, 2.793106854861109300 ) ) ;
#3299 = CARTESIAN_POINT ( 'NONE',  ( -6.326365741704242900, -1.237600994529452800, -2.793106854861112000 ) ) ;
#3300 = AXIS2_PLACEMENT_3D ( 'NONE', #3716, #1930, #181 ) ;
#3301 = CARTESIAN_POINT ( 'NONE',  ( 2.060000000000000100, -1.729999999999999100, -2.365000000000000700 ) ) ;
#3302 = CARTESIAN_POINT ( 'NONE',  ( -8.784332950119331700, 0.4157227021895626400, -0.3779275673129344200 ) ) ;
#3303 = CARTESIAN_POINT ( 'NONE',  ( -4.268495371333872700, -2.043901491794178700, -1.396553427430556400 ) ) ;
#3304 = CARTESIAN_POINT ( 'NONE',  ( 2.060000000000000100, -1.729999999999998400, -3.175000000000000700 ) ) ;
#3305 = CARTESIAN_POINT ( 'NONE',  ( -9.656503203384987800, -2.295170365429566300, 1.511069900051875500 ) ) ;
#3306 = ORIENTED_EDGE ( 'NONE', *, *, #765, .T. ) ;
#3307 = DIRECTION ( 'NONE',  ( 1.000000000000000000, 0.0000000000000000000, 0.0000000000000000000 ) ) ;
#3308 = CARTESIAN_POINT ( 'NONE',  ( -9.089791667630169800, 0.3749999999999991100, -2.793106854861111100 ) ) ;
#3309 = CARTESIAN_POINT ( 'NONE',  ( -9.564641164187488400, -1.860252271474019500, -2.233409101163808000 ) ) ;
#3310 = CARTESIAN_POINT ( 'NONE',  ( -5.562013889852391200, 0.3749999999999991100, -2.793106854861111100 ) ) ;
#3311 = VERTEX_POINT ( 'NONE', #734 ) ;
#3312 = LINE ( 'NONE', #3760, #2603 ) ;
#3313 = CARTESIAN_POINT ( 'NONE',  ( -9.148587963926466700, -1.237600994529452800, -2.793106854861112000 ) ) ;
#3314 = LINE ( 'NONE', #2068, #2413 ) ;
#3315 = CARTESIAN_POINT ( 'NONE',  ( -9.513859955640343800, 2.210291965778536000, -3.178818931451389500 ) ) ;
#3316 = ORIENTED_EDGE ( 'NONE', *, *, #27, .F. ) ;
#3317 = ORIENTED_EDGE ( 'NONE', *, *, #2778, .F. ) ;
#3318 = CARTESIAN_POINT ( 'NONE',  ( -9.207384260222761800, -2.043901491794178700, -1.396553427430556400 ) ) ;
#3319 = ORIENTED_EDGE ( 'NONE', *, *, #691, .F. ) ;
#3320 = ORIENTED_EDGE ( 'NONE', *, *, #2675, .F. ) ;
#3321 = CARTESIAN_POINT ( 'NONE',  ( -7.105416668593672800, 0.3749999999999962300, 3.174999999999999400 ) ) ;
#3322 = PRESENTATION_LAYER_ASSIGNMENT (  '', '', ( #732 ) ) ;
#3323 = ORIENTED_EDGE ( 'NONE', *, *, #2593, .F. ) ;
#3324 = CARTESIAN_POINT ( 'NONE',  ( -9.266180556519056900, -2.850201989058905200, -1.926267905190632200E-015 ) ) ;
#3325 = EDGE_CURVE ( 'NONE', #3448, #304, #2601, .T. ) ;
#3326 = CARTESIAN_POINT ( 'NONE',  ( -8.749508103788493000, 3.127937948667804500, -1.589409465725694700 ) ) ;
#3327 = DIRECTION ( 'NONE',  ( 1.827692996236246900E-017, 5.233827956363195900E-016, -1.000000000000000000 ) ) ;
#3328 = ORIENTED_EDGE ( 'NONE', *, *, #99, .T. ) ;
#3329 = CARTESIAN_POINT ( 'NONE',  ( -9.731670297788952000, 0.3750000000059557400, 2.988329702249952200 ) ) ;
#3330 = DIRECTION ( 'NONE',  ( 0.0000000000000000000, -1.000000000000000000, -5.240210400945518800E-016 ) ) ;
#3331 = EDGE_CURVE ( 'NONE', #1431, #2854, #1915, .T. ) ;
#3332 = CARTESIAN_POINT ( 'NONE',  ( 2.060000000000000100, 1.020000000000000700, -2.364999999999998900 ) ) ;
#3333 = ORIENTED_EDGE ( 'NONE', *, *, #1697, .T. ) ;
#3334 = CARTESIAN_POINT ( 'NONE',  ( -9.324976852815355600, -2.043901491794180000, 1.396553427430553800 ) ) ;
#3335 = EDGE_CURVE ( 'NONE', #1935, #535, #1053, .T. ) ;
#3336 = PLANE ( 'NONE',  #370 ) ;
#3337 = CARTESIAN_POINT ( 'NONE',  ( -9.383773149111648900, -1.237600994529454400, 2.793106854861109300 ) ) ;
#3338 = CIRCLE ( 'NONE', #1905, 3.174999999999999800 ) ;
#3339 = LINE ( 'NONE', #211, #251 ) ;
#3340 = CARTESIAN_POINT ( 'NONE',  ( -7.985156251936637700, 4.045583931557073000, 8.155070111572242000E-016 ) ) ;
#3341 = AXIS2_PLACEMENT_3D ( 'NONE', #2915, #2904, #2900 ) ;
#3342 =( BOUNDED_CURVE ( )  B_SPLINE_CURVE ( 2, ( #2481, #2453, #2443, #2432, #2418, #2404, #2391 ),
 .UNSPECIFIED., .F., .T. ) 
 B_SPLINE_CURVE_WITH_KNOTS ( ( 3, 2, 2, 3 ),
 ( -0.01491664748223597800, -0.01160149412952229800, -0.008286340776808596300, -0.004971187424094917300 ),
 .UNSPECIFIED. ) 
 CURVE ( )  GEOMETRIC_REPRESENTATION_ITEM ( )  RATIONAL_B_SPLINE_CURVE ( ( 0.9999999999999973400, 0.8660254037844414800, 1.000000000000000000, 0.8660254037844388200, 1.000000000000000000, 0.8660254037844120600, 1.000000000000026900 ) ) 
 REPRESENTATION_ITEM ( '' )  );
#3343 = CARTESIAN_POINT ( 'NONE',  ( -8.517544988923216200, 0.4064062612934598000, -0.3788155637777563300 ) ) ;
#3344 = DIRECTION ( 'NONE',  ( 0.0000000000000000000, -5.240210400945518800E-016, 1.000000000000000000 ) ) ;
#3345 = CARTESIAN_POINT ( 'NONE',  ( -5.782500000000002400, 4.041174209354120500, 8.140062767690513100E-016 ) ) ;
#3346 = ADVANCED_FACE ( 'NONE', ( #179 ), #849, .F. ) ;
#3347 = CARTESIAN_POINT ( 'NONE',  ( -9.442569445407947600, 0.3749999999999964500, 2.793106854861110200 ) ) ;
#3348 = CARTESIAN_POINT ( 'NONE',  ( -9.501365741704246300, 1.987600994529448800, 2.793106854861110200 ) ) ;
#3349 = ORIENTED_EDGE ( 'NONE', *, *, #720, .F. ) ;
#3350 = LINE ( 'NONE', #3196, #1871 ) ;
#3351 = EDGE_CURVE ( 'NONE', #3593, #3031, #1664, .T. ) ;
#3352 = CARTESIAN_POINT ( 'NONE',  ( -8.250000000000000000, 0.3529366155933959500, 0.3793589422545963800 ) ) ;
#3353 = CARTESIAN_POINT ( 'NONE',  ( -7.220804400084787700, 3.127937948667804900, 1.589409465725693000 ) ) ;
#3354 = CARTESIAN_POINT ( 'NONE',  ( -8.250000000000000000, 0.3970633844065999400, -0.3793589422545972600 ) ) ;
#3355 = SURFACE_STYLE_USAGE ( .BOTH. , #1303 ) ;
#3356 = PLANE ( 'NONE',  #2337 ) ;
#3357 = ORIENTED_EDGE ( 'NONE', *, *, #2393, .T. ) ;
#3358 = AXIS2_PLACEMENT_3D ( 'NONE', #2138, #2117, #2098 ) ;
#3359 = FACE_OUTER_BOUND ( 'NONE', #3637, .T. ) ;
#3360 = CARTESIAN_POINT ( 'NONE',  ( -9.782853009249624400, -1.460291965778541400, 3.178818931451387300 ) ) ;
#3361 = CARTESIAN_POINT ( 'NONE',  ( -8.250000000000000000, 0.3749999999999978900, -4.336808689942017700E-016 ) ) ;
#3362 = CARTESIAN_POINT ( 'NONE',  ( -4.915254630593132400, -1.237600994529452800, -2.793106854861112000 ) ) ;
#3363 = VERTEX_POINT ( 'NONE', #1370 ) ;
#3364 = CARTESIAN_POINT ( 'NONE',  ( -9.560162038000543200, 2.793901491794175600, 1.396553427430554200 ) ) ;
#3365 = VERTEX_POINT ( 'NONE', #1675 ) ;
#3366 = ADVANCED_FACE ( 'NONE', ( #2407 ), #3123, .T. ) ;
#3367 = CARTESIAN_POINT ( 'NONE',  ( -9.618958334296834800, 3.600201989058900300, 6.639328379517623000E-016 ) ) ;
#3368 = CARTESIAN_POINT ( 'NONE',  ( -9.652943356866760600, -2.378252458439994700, 1.361905602255387900 ) ) ;
#3369 = CARTESIAN_POINT ( 'NONE',  ( -6.456452548232936900, 2.210291965778535600, 3.178818931451388600 ) ) ;
#3370 = ORIENTED_EDGE ( 'NONE', *, *, #559, .F. ) ;
#3371 = DIRECTION ( 'NONE',  ( 0.0000000000000000000, 0.0000000000000000000, -1.000000000000000000 ) ) ;
#3372 = DIRECTION ( 'NONE',  ( 1.000000000000000000, 0.0000000000000000000, 0.0000000000000000000 ) ) ;
#3373 = CARTESIAN_POINT ( 'NONE',  ( -9.677754630593131700, 2.793901491794175600, -1.396553427430555800 ) ) ;
#3374 = ORIENTED_EDGE ( 'NONE', *, *, #351, .T. ) ;
#3375 = CARTESIAN_POINT ( 'NONE',  ( -1.749999999999999800, -1.729999999999999100, -2.365000000000000700 ) ) ;
#3376 = CARTESIAN_POINT ( 'NONE',  ( -9.736550926889426800, 1.987600994529450200, -2.793106854861110700 ) ) ;
#3377 = VERTEX_POINT ( 'NONE', #2523 ) ;
#3378 = CARTESIAN_POINT ( 'NONE',  ( -8.207847223185725100, 0.3749999999999964500, 2.793106854861110200 ) ) ;
#3379 = CARTESIAN_POINT ( 'NONE',  ( -9.795347223185723700, 0.3749999999999991100, -2.793106854861111100 ) ) ;
#3380 = STYLED_ITEM ( 'NONE', ( #3158 ), #1394 ) ;
#3381 = EDGE_LOOP ( 'NONE', ( #1455, #504, #80, #2431, #458, #1919, #101 ) ) ;
#3382 = AXIS2_PLACEMENT_3D ( 'NONE', #2169, #2170, #2165 ) ;
#3383 = CARTESIAN_POINT ( 'NONE',  ( -8.249999999980364200, 0.3970633844063425300, 0.2586239694860373900 ) ) ;
#3384 = CARTESIAN_POINT ( 'NONE',  ( -5.692100696381085200, 0.3749999999999962300, 3.178818931451388200 ) ) ;
#3385 = DIRECTION ( 'NONE',  ( -1.000000000000000000, -0.0000000000000000000, -0.0000000000000000000 ) ) ;
#3386 = DIRECTION ( 'NONE',  ( -1.827692996236246900E-017, -5.233827956363195900E-016, 1.000000000000000000 ) ) ;
#3387 = CARTESIAN_POINT ( 'NONE',  ( -9.854143519482020600, -1.237600994529452800, -2.793106854861112000 ) ) ;
#3388 = EDGE_CURVE ( 'NONE', #2150, #3240, #946, .T. ) ;
#3389 = CARTESIAN_POINT ( 'NONE',  ( -4.643106854831816400, 2.798409066025125700, 1.418617659448986100 ) ) ;
#3390 = ADVANCED_FACE ( 'NONE', ( #2499 ), #3424, .F. ) ;
#3391 = CARTESIAN_POINT ( 'NONE',  ( -8.516527779704782500, 0.3749999999999962300, 3.174999999999999400 ) ) ;
#3392 = CARTESIAN_POINT ( 'NONE',  ( -9.912939815778317500, -2.043901491794178700, -1.396553427430556400 ) ) ;
#3393 = EDGE_CURVE ( 'NONE', #1913, #3230, #873, .T. ) ;
#3394 = CONICAL_SURFACE ( 'NONE', #2416, 2.239999999877911700, 0.7853981633974482800 ) ;
#3395 =( BOUNDED_CURVE ( )  B_SPLINE_CURVE ( 2, ( #735, #411, #428, #382, #371, #356, #340 ),
 .UNSPECIFIED., .F., .T. ) 
 B_SPLINE_CURVE_WITH_KNOTS ( ( 3, 2, 2, 3 ),
 ( 0.004974339366046405400, 0.008292451914841373800, 0.01161056446363636200, 0.01386862731181556400 ),
 .UNSPECIFIED. ) 
 CURVE ( )  GEOMETRIC_REPRESENTATION_ITEM ( )  RATIONAL_B_SPLINE_CURVE ( ( 0.9999999999999973400, 0.8660254037844413700, 1.000000000000000000, 0.8660254037844387100, 1.000000000000000000, 0.9088267640517392300, 0.9417450975216472600 ) ) 
 REPRESENTATION_ITEM ( '' )  );
#3396 = CARTESIAN_POINT ( 'NONE',  ( -9.919688886247904200, -2.136454581333690200, -1.236246773950650600 ) ) ;
#3397 = CARTESIAN_POINT ( 'NONE',  ( -4.927748844529233500, -1.460291965778541400, 3.178818931451387300 ) ) ;
#3398 = AXIS2_PLACEMENT_3D ( 'NONE', #2883, #2293, #819 ) ;
#3399 = CARTESIAN_POINT ( 'NONE',  ( -3.399999999999999900, 0.3749999999999978900, -4.336808689942017700E-016 ) ) ;
#3400 = CARTESIAN_POINT ( 'NONE',  ( -9.926893144720914100, -2.207043299236443700, -1.065128304940509400 ) ) ;
#3401 = CARTESIAN_POINT ( 'NONE',  ( -8.090254630593133100, -2.043901491794180000, 1.396553427430553800 ) ) ;
#3402 = EDGE_CURVE ( 'NONE', #2102, #868, #750, .T. ) ;
#3403 = VECTOR ( 'NONE', #1916, 1000.000000000000000 ) ;
#3404 = ADVANCED_FACE ( 'NONE', ( #2228 ), #1702, .F. ) ;
#3405 = CARTESIAN_POINT ( 'NONE',  ( -9.324976852815355600, -2.043901491794180000, 1.396553427430553800 ) ) ;
#3406 = CYLINDRICAL_SURFACE ( 'NONE', #3237, 3.174999999999999800 ) ;
#3407 = EDGE_CURVE ( 'NONE', #2954, #2470, #1576, .T. ) ;
#3408 = CARTESIAN_POINT ( 'NONE',  ( -7.105416668593672800, 0.3749999999999962300, 3.174999999999999400 ) ) ;
#3409 = CARTESIAN_POINT ( 'NONE',  ( -4.163396992677380800, -2.377937948667809800, 1.589409465725692700 ) ) ;
#3410 = CARTESIAN_POINT ( 'NONE',  ( -3.399999999999999900, 1.020000000000001400, -3.174999999999998900 ) ) ;
#3411 = CARTESIAN_POINT ( 'NONE',  ( -9.049999999999998900, 0.4249999999999981000, -0.2831187913226535500 ) ) ;
#3412 = EDGE_LOOP ( 'NONE', ( #815, #1000, #1131, #96, #944, #2605, #3089, #3082 ) ) ;
#3413 = ORIENTED_EDGE ( 'NONE', *, *, #3263, .F. ) ;
#3414 = CARTESIAN_POINT ( 'NONE',  ( -9.049999999945157500, 0.3749999999999978900, -4.336808689942017700E-016 ) ) ;
#3415 = ORIENTED_EDGE ( 'NONE', *, *, #2628, .F. ) ;
#3416 = CARTESIAN_POINT ( 'NONE',  ( -9.544999992783687000, 0.3749999999999979500, -3.175000007255219400 ) ) ;
#3417 = VERTEX_POINT ( 'NONE', #2547 ) ;
#3418 = CARTESIAN_POINT ( 'NONE',  ( -9.266180556519056900, -2.850201989058905200, -1.926267905190632200E-015 ) ) ;
#3419 = DIRECTION ( 'NONE',  ( 0.0000000000000000000, -1.000000000000000000, -0.0000000000000000000 ) ) ;
#3420 = CARTESIAN_POINT ( 'NONE',  ( -3.433636169632103400, -2.755714575358213700, 0.9350811543859330900 ) ) ;
#3421 = ORIENTED_EDGE ( 'NONE', *, *, #171, .F. ) ;
#3422 = CARTESIAN_POINT ( 'NONE',  ( -4.019999999999999600, 0.3749999999999981700, 2.100000000000000100 ) ) ;
#3423 = ADVANCED_FACE ( 'NONE', ( #81 ), #2939, .T. ) ;
#3424 = PLANE ( 'NONE',  #841 ) ;
#3425 = ORIENTED_EDGE ( 'NONE', *, *, #1627, .F. ) ;
#3426 = CARTESIAN_POINT ( 'NONE',  ( -9.486666666666668100, 0.3749999999999991700, -3.175000000000000700 ) ) ;
#3427 = CARTESIAN_POINT ( 'NONE',  ( -5.562013889852393000, 3.600201989058900300, 6.639328379517623000E-016 ) ) ;
#3428 = DIRECTION ( 'NONE',  ( 0.7071067811865475700, 0.0000000000000000000, -0.7071067811865474600 ) ) ;
#3429 = EDGE_LOOP ( 'NONE', ( #3319, #3046, #1167, #3413 ) ) ;
#3430 = CARTESIAN_POINT ( 'NONE',  ( -9.545000000000026600, -1.201662379255975300, -2.755859347252485500 ) ) ;
#3431 = CARTESIAN_POINT ( 'NONE',  ( -9.207384260222761800, -2.043901491794178700, -1.396553427430556400 ) ) ;
#3432 = AXIS2_PLACEMENT_3D ( 'NONE', #59, #117, #66 ) ;
#3433 = CARTESIAN_POINT ( 'NONE',  ( -9.280879631556635100, 2.208087104677059400, 3.174999999999999400 ) ) ;
#3434 = CARTESIAN_POINT ( 'NONE',  ( 2.060000000000000100, -2.799999999999999400, -3.175000000000001200 ) ) ;
#3435 = FACE_OUTER_BOUND ( 'NONE', #3197, .T. ) ;
#3436 = EDGE_CURVE ( 'NONE', #2610, #1935, #3733, .T. ) ;
#3437 = MANIFOLD_SOLID_BREP ( 'Body-Move/Copy1[3]', #3036 ) ;
#3438 = DIRECTION ( 'NONE',  ( 0.0000000000000000000, 5.240210400945518800E-016, -1.000000000000000000 ) ) ;
#3439 = CARTESIAN_POINT ( 'NONE',  ( -8.163750001927004600, 0.3749999999999991700, -3.175000000000000300 ) ) ;
#3440 = CARTESIAN_POINT ( 'NONE',  ( -6.032384260222762900, -1.237600994529454400, 2.793106854861109300 ) ) ;
#3441 = DIRECTION ( 'NONE',  ( 0.0000000000000000000, 0.0000000000000000000, -1.000000000000000000 ) ) ;
#3442 = ADVANCED_FACE ( 'NONE', ( #2136 ), #2546, .T. ) ;
#3443 = CARTESIAN_POINT ( 'NONE',  ( -10.20692129725979800, -2.043901491794180000, 1.396553427430553800 ) ) ;
#3444 = CARTESIAN_POINT ( 'NONE',  ( -8.516527779704782500, 0.3749999999999962300, 3.174999999999999400 ) ) ;
#3445 = DIRECTION ( 'NONE',  ( 1.000000000000000000, 0.0000000000000000000, 0.0000000000000000000 ) ) ;
#3446 = CARTESIAN_POINT ( 'NONE',  ( 2.059999999999999600, -2.800000000000002500, 3.174999999999998500 ) ) ;
#3447 = DIRECTION ( 'NONE',  ( -1.000000000000000000, -0.0000000000000000000, -0.0000000000000000000 ) ) ;
#3448 = VERTEX_POINT ( 'NONE', #530 ) ;
#3449 = CIRCLE ( 'NONE', #3358, 2.100000000000000100 ) ;
#3450 = VERTEX_POINT ( 'NONE', #2582 ) ;
#3451 = EDGE_CURVE ( 'NONE', #196, #3363, #3103, .T. ) ;
#3452 = CIRCLE ( 'NONE', #2297, 0.3800000000015849600 ) ;
#3453 = CARTESIAN_POINT ( 'NONE',  ( -9.498664005741744600, 2.479338903382382500, -2.705178102997937400 ) ) ;
#3454 = CARTESIAN_POINT ( 'NONE',  ( -9.148587963926464900, -1.237600994529452800, -2.793106854861112000 ) ) ;
#3455 = EDGE_CURVE ( 'NONE', #1120, #1443, #2647, .T. ) ;
#3456 = EDGE_CURVE ( 'NONE', #2094, #1443, #3350, .T. ) ;
#3457 = DIRECTION ( 'NONE',  ( -0.7071067811865475700, 8.659560562354931600E-017, -0.7071067811865474600 ) ) ;
#3458 = CARTESIAN_POINT ( 'NONE',  ( -7.752175927852934300, -1.458087104677065600, 3.174999999999998500 ) ) ;
#3459 = ORIENTED_EDGE ( 'NONE', *, *, #2366, .T. ) ;
#3460 = ORIENTED_EDGE ( 'NONE', *, *, #2369, .T. ) ;
#3461 = CARTESIAN_POINT ( 'NONE',  ( -9.133888888888888500, 0.3749999999999962300, 3.174999999999998900 ) ) ;
#3462 = ORIENTED_EDGE ( 'NONE', *, *, #666, .T. ) ;
#3463 = DIRECTION ( 'NONE',  ( -1.000000000000000000, 0.0000000000000000000, 0.0000000000000000000 ) ) ;
#3464 = CARTESIAN_POINT ( 'NONE',  ( -6.752638890815894100, 0.3749999999999991700, -3.175000000000000300 ) ) ;
#3465 = CARTESIAN_POINT ( 'NONE',  ( -1.749999999999999800, 0.3749999999999978900, -0.3800000000000004500 ) ) ;
#3466 = CARTESIAN_POINT ( 'NONE',  ( -7.267106482444984500, -2.043901491794178700, -1.396553427430556400 ) ) ;
#3467 = ORIENTED_EDGE ( 'NONE', *, *, #359, .F. ) ;
#3468 = DIRECTION ( 'NONE',  ( 0.0000000000000000000, 1.000000000000000000, 5.240210401238766900E-016 ) ) ;
#3469 = AXIS2_PLACEMENT_3D ( 'NONE', #1912, #1746, #1736 ) ;
#3470 = CARTESIAN_POINT ( 'NONE',  ( -9.544997361210869600, 1.237260075081829900, -3.055671602002958000 ) ) ;
#3471 = ORIENTED_EDGE ( 'NONE', *, *, #1519, .F. ) ;
#3472 = CARTESIAN_POINT ( 'NONE',  ( -9.089791667630169800, 0.3749999999999991100, -2.793106854861111100 ) ) ;
#3473 = CARTESIAN_POINT ( 'NONE',  ( -5.025001304034049100, 0.3749999999999983300, -3.175001304063246500 ) ) ;
#3474 = CARTESIAN_POINT ( 'NONE',  ( -6.987824076001079000, -2.374630657015595500, 1.587499999999998400 ) ) ;
#3475 = CARTESIAN_POINT ( 'NONE',  ( -9.192685185185414600, 2.208087104677269900, 3.175000000000429700 ) ) ;
#3476 = ORIENTED_EDGE ( 'NONE', *, *, #1095, .F. ) ;
#3477 = CARTESIAN_POINT ( 'NONE',  ( -9.398472224149227100, 4.041174209354122300, 8.140062767690518100E-016 ) ) ;
#3478 =( NAMED_UNIT ( * ) PLANE_ANGLE_UNIT ( ) SI_UNIT ( $, .RADIAN. ) );
#3479 = CARTESIAN_POINT ( 'NONE',  ( -5.385625000963503200, 0.3749999999999964500, 2.793106854861110200 ) ) ;
#3480 = DIRECTION ( 'NONE',  ( -0.0000000000000000000, 1.000000000000000000, 5.240210400945518800E-016 ) ) ;
#3481 = CARTESIAN_POINT ( 'NONE',  ( -7.458194446371449800, 0.3749999999999991700, -3.175000000000000300 ) ) ;
#3482 = CARTESIAN_POINT ( 'NONE',  ( -10.03053240837091000, -1.237600994529452800, -2.793106854861112000 ) ) ;
#3483 = EDGE_CURVE ( 'NONE', #585, #3450, #1103, .T. ) ;
#3484 = CARTESIAN_POINT ( 'NONE',  ( -9.339675927852932000, 3.124630657015591500, 1.587499999999999000 ) ) ;
#3485 = CARTESIAN_POINT ( 'NONE',  ( -9.030995371333876400, 1.987600994529450200, -2.793106854861111100 ) ) ;
#3486 = CONICAL_SURFACE ( 'NONE', #531, 3.175001304063246100, 0.7853981633974482800 ) ;
#3487 = CARTESIAN_POINT ( 'NONE',  ( -1.749999999999999800, 3.549999999999997200, 3.175000000000002000 ) ) ;
#3488 = CARTESIAN_POINT ( 'NONE',  ( -6.223472224149227300, -3.291174209354125400, -2.130344865817665100E-015 ) ) ;
#3489 = CARTESIAN_POINT ( 'NONE',  ( -9.251481481481711500, 3.124630657015934300, 1.587500000000197100 ) ) ;
#3490 = CARTESIAN_POINT ( 'NONE',  ( -9.280879631556633300, 2.208087104677042100, 3.175000000000032200 ) ) ;
#3491 = CARTESIAN_POINT ( 'NONE',  ( -7.899166666666674000, 4.041174209354134700, 8.140062767690562400E-016 ) ) ;
#3492 = CARTESIAN_POINT ( 'NONE',  ( -1.749999999999999800, 3.549999999999999800, -3.174999999999997600 ) ) ;
#3493 = CARTESIAN_POINT ( 'NONE',  ( -9.310277777778004800, 4.041174209354578800, 8.140062767692073100E-016 ) ) ;
#3494 = CARTESIAN_POINT ( 'NONE',  ( -4.915254630593133300, 2.793901491794175600, -1.396553427430555800 ) ) ;
#3495 = CARTESIAN_POINT ( 'NONE',  ( -9.222083335260340000, 0.3749999999999962300, 3.174999999999999400 ) ) ;
#3496 = CARTESIAN_POINT ( 'NONE',  ( -8.972199075037579500, 2.793901491794175600, -1.396553427430555800 ) ) ;
#3497 = FACE_OUTER_BOUND ( 'NONE', #1222, .T. ) ;
#3498 = DIRECTION ( 'NONE',  ( 1.000000000000000000, 0.0000000000000000000, 0.0000000000000000000 ) ) ;
#3499 = CARTESIAN_POINT ( 'NONE',  ( -5.459120372297375600, -2.374630657015594200, -1.587500000000001200 ) ) ;
#3500 = CARTESIAN_POINT ( 'NONE',  ( -9.369074074074303500, 3.124630657015933900, -1.587500000000198900 ) ) ;
#3501 = FACE_OUTER_BOUND ( 'NONE', #1159, .T. ) ;
#3502 = DIRECTION ( 'NONE',  ( 0.0000000000000000000, 0.0000000000000000000, -1.000000000000000000 ) ) ;
#3503 = CARTESIAN_POINT ( 'NONE',  ( -3.399999999999999900, 3.549999999999999800, -3.174999999999997600 ) ) ;
#3504 = VERTEX_POINT ( 'NONE', #257 ) ;
#3505 = CARTESIAN_POINT ( 'NONE',  ( -3.915717593556095700, -1.237600994529454400, 2.793106854861109300 ) ) ;
#3506 = AXIS2_PLACEMENT_3D ( 'NONE', #415, #3498, #3441 ) ;
#3507 = ORIENTED_EDGE ( 'NONE', *, *, #1498, .F. ) ;
#3508 = ORIENTED_EDGE ( 'NONE', *, *, #1197, .F. ) ;
#3509 = CARTESIAN_POINT ( 'NONE',  ( -8.913402778741280800, 3.600201989058900300, 6.639328379517623000E-016 ) ) ;
#3510 = CARTESIAN_POINT ( 'NONE',  ( -10.08932870466720600, -2.043901491794178700, -1.396553427430556400 ) ) ;
#3511 = CARTESIAN_POINT ( 'NONE',  ( -4.694768520445523000, -1.458087104677063400, -3.175000000000000300 ) ) ;
#3512 = ORIENTED_EDGE ( 'NONE', *, *, #3601, .T. ) ;
#3513 = B_SPLINE_CURVE_WITH_KNOTS ( 'NONE', 3,
 ( #31, #3541, #1782, #18 ),
 .UNSPECIFIED., .F., .F.,
 ( 4, 4 ),
 ( 0.003491898121688877100, 0.004354496107144211300 ),
 .UNSPECIFIED. ) ;
#3514 = VERTEX_POINT ( 'NONE', #1744 ) ;
#3515 = DIRECTION ( 'NONE',  ( 0.0000000000000000000, 0.0000000000000000000, -1.000000000000000000 ) ) ;
#3516 = CARTESIAN_POINT ( 'NONE',  ( -8.517544988923225100, 0.4064062612934596400, 0.3788155637777554900 ) ) ;
#3517 = ORIENTED_EDGE ( 'NONE', *, *, #2646, .F. ) ;
#3518 = DIRECTION ( 'NONE',  ( 0.03489949670250105900, 0.9993908270190957600, 5.237018206355012000E-016 ) ) ;
#3519 = CARTESIAN_POINT ( 'NONE',  ( -8.031458334296836200, -2.850201989058905200, -1.926267905190632200E-015 ) ) ;
#3520 = EDGE_LOOP ( 'NONE', ( #8, #2428, #762, #3219 ) ) ;
#3521 = CARTESIAN_POINT ( 'NONE',  ( -8.854606482444983900, 2.793901491794175600, 1.396553427430554200 ) ) ;
#3522 = CARTESIAN_POINT ( 'NONE',  ( -7.972662038000540200, -2.043901491794178700, -1.396553427430556400 ) ) ;
#3523 = CARTESIAN_POINT ( 'NONE',  ( -3.930416668593672600, 0.3749999999999991700, -3.175000000000000300 ) ) ;
#3524 = DIRECTION ( 'NONE',  ( -1.000000000000000000, -0.0000000000000000000, -0.0000000000000000000 ) ) ;
#3525 = DIRECTION ( 'NONE',  ( 1.000000000000000000, -0.0000000000000000000, 0.0000000000000000000 ) ) ;
#3526 = MECHANICAL_DESIGN_GEOMETRIC_PRESENTATION_REPRESENTATION (  '', ( #732 ), #3728 ) ;
#3527 = CARTESIAN_POINT ( 'NONE',  ( -8.250000000000000000, 0.3529366155933963400, -0.3793589422545972600 ) ) ;
#3528 = LINE ( 'NONE', #2592, #2126 ) ;
#3529 = CARTESIAN_POINT ( 'NONE',  ( -1.749999999999999800, 0.3749999999999978900, -4.336808689942017700E-016 ) ) ;
#3530 = EDGE_CURVE ( 'NONE', #1216, #1488, #3262, .T. ) ;
#3531 = CARTESIAN_POINT ( 'NONE',  ( -4.386087963926465600, -1.237600994529452800, -2.793106854861112000 ) ) ;
#3532 = CARTESIAN_POINT ( 'NONE',  ( -1.749999999999999800, -1.729999999999998200, -4.336808689942017700E-016 ) ) ;
#3533 = EDGE_CURVE ( 'NONE', #1443, #1587, #2398, .T. ) ;
#3534 = CARTESIAN_POINT ( 'NONE',  ( -8.795810186148690600, 1.987600994529448800, 2.793106854861110700 ) ) ;
#3535 = CARTESIAN_POINT ( 'NONE',  ( -10.03053240837091000, -2.043901491794180000, 1.396553427430553800 ) ) ;
#3536 = LINE ( 'NONE', #698, #390 ) ;
#3537 = DIRECTION ( 'NONE',  ( 0.0000000000000000000, 0.0000000000000000000, 1.000000000000000000 ) ) ;
#3538 = CARTESIAN_POINT ( 'NONE',  ( -9.926892914399420700, 1.474670719096434800, -2.567522444188450300 ) ) ;
#3539 = AXIS2_PLACEMENT_3D ( 'NONE', #3194, #2980, #2972 ) ;
#3540 = ORIENTED_EDGE ( 'NONE', *, *, #3393, .F. ) ;
#3541 = CARTESIAN_POINT ( 'NONE',  ( -9.593470526958871100, 0.6607812540718816000, -3.126529473080076100 ) ) ;
#3542 = CARTESIAN_POINT ( 'NONE',  ( -8.737013889852391900, 0.3749999999999964500, 2.793106854861110200 ) ) ;
#3543 = CARTESIAN_POINT ( 'NONE',  ( -9.266180556519056900, -2.850201989058905200, -1.926267905190632200E-015 ) ) ;
#3544 = EDGE_LOOP ( 'NONE', ( #319, #3592, #2733, #2713 ) ) ;
#3545 = LINE ( 'NONE', #2638, #400 ) ;
#3546 = CARTESIAN_POINT ( 'NONE',  ( -8.249999999985270400, 0.3970633844065142300, -0.2586239694861955900 ) ) ;
#3547 = ORIENTED_EDGE ( 'NONE', *, *, #227, .T. ) ;
#3548 = ORIENTED_EDGE ( 'NONE', *, *, #691, .T. ) ;
#3549 = CARTESIAN_POINT ( 'NONE',  ( -4.739681940642927100, 1.871736958704260900, -2.482281327262401100 ) ) ;
#3550 = EDGE_CURVE ( 'NONE', #2854, #821, #1869, .T. ) ;
#3551 = ORIENTED_EDGE ( 'NONE', *, *, #1619, .T. ) ;
#3552 = CARTESIAN_POINT ( 'NONE',  ( -10.14812500096350300, -2.850201989058905200, -1.926267905190632200E-015 ) ) ;
#3553 = SURFACE_SIDE_STYLE ('',( #2392 ) ) ;
#3554 = AXIS2_PLACEMENT_3D ( 'NONE', #2620, #2497, #2480 ) ;
#3555 = LINE ( 'NONE', #832, #2565 ) ;
#3556 = ORIENTED_EDGE ( 'NONE', *, *, #1243, .F. ) ;
#3557 = CARTESIAN_POINT ( 'NONE',  ( -8.678217593556096800, -1.237600994529454400, 2.793106854861109300 ) ) ;
#3558 = CARTESIAN_POINT ( 'NONE',  ( -8.249999999975443600, 0.3749999999999978900, -4.336808689942017700E-016 ) ) ;
#3559 = CARTESIAN_POINT ( 'NONE',  ( -8.501828704667206100, -2.043901491794178700, -1.396553427430556400 ) ) ;
#3560 = EDGE_CURVE ( 'NONE', #712, #3377, #223, .T. ) ;
#3561 = ORIENTED_EDGE ( 'NONE', *, *, #2127, .F. ) ;
#3562 = DIRECTION ( 'NONE',  ( 0.0000000000000000000, 0.0000000000000000000, -1.000000000000000000 ) ) ;
#3563 = ORIENTED_EDGE ( 'NONE', *, *, #3560, .T. ) ;
#3564 = CARTESIAN_POINT ( 'NONE',  ( -8.751712964889968300, 3.124630657015590600, -1.587500000000000600 ) ) ;
#3565 = CARTESIAN_POINT ( 'NONE',  ( -8.619421297259798100, -2.043901491794180000, 1.396553427430553800 ) ) ;
#3566 = DIRECTION ( 'NONE',  ( 0.0000000000000000000, 0.0000000000000000000, -1.000000000000000000 ) ) ;
#3567 = CARTESIAN_POINT ( 'NONE',  ( -7.737476852815357900, -1.237600994529452800, -2.793106854861112000 ) ) ;
#3568 = CARTESIAN_POINT ( 'NONE',  ( -9.544999992783687000, 0.3749999999999979500, -4.336808689942017700E-016 ) ) ;
#3569 = CIRCLE ( 'NONE', #3341, 0.3800000000000000000 ) ;
#3570 = PLANE ( 'NONE',  #2348 ) ;
#3571 = CARTESIAN_POINT ( 'NONE',  ( -5.694305557482561400, 0.3749999999999962300, 3.174999999999999400 ) ) ;
#3572 = AXIS2_PLACEMENT_3D ( 'NONE', #655, #554, #543 ) ;
#3573 = CARTESIAN_POINT ( 'NONE',  ( -9.486666666666668100, 0.3749999999999991700, -3.175000000000000700 ) ) ;
#3574 = DIRECTION ( 'NONE',  ( -1.000000000000000000, -0.0000000000000000000, -0.0000000000000000000 ) ) ;
#3575 = FACE_OUTER_BOUND ( 'NONE', #1790, .T. ) ;
#3576 = CARTESIAN_POINT ( 'NONE',  ( -4.019999999999999600, 0.3749999999999978900, 2.089999999999999400 ) ) ;
#3577 = EDGE_CURVE ( 'NONE', #2370, #961, #896, .T. ) ;
#3578 = CARTESIAN_POINT ( 'NONE',  ( -11.27000000000000300, 0.3749999999999978900, -4.336808689942017700E-016 ) ) ;
#3579 = CARTESIAN_POINT ( 'NONE',  ( -8.560625000963501200, -2.850201989058905200, -1.926267905190632200E-015 ) ) ;
#3580 = CARTESIAN_POINT ( 'NONE',  ( -1.749999999999999800, 0.3749999999999978900, -4.336808689942017700E-016 ) ) ;
#3581 = CYLINDRICAL_SURFACE ( 'NONE', #3398, 3.174999999999999800 ) ;
#3582 = CARTESIAN_POINT ( 'NONE',  ( -6.973125000963502600, 0.3749999999999991100, -2.793106854861111100 ) ) ;
#3583 = LINE ( 'NONE', #72, #2786 ) ;
#3584 = DIRECTION ( 'NONE',  ( 1.000000000000000000, -0.0000000000000000000, -0.0000000000000000000 ) ) ;
#3585 = COLOUR_RGB ( '',1.000000000000000000, 0.8117647058823529400, 0.5019607843137254800 ) ;
#3586 = DIRECTION ( 'NONE',  ( 0.0000000000000000000, 0.0000000000000000000, -1.000000000000000000 ) ) ;
#3587 = CARTESIAN_POINT ( 'NONE',  ( -3.939999999943211200, 0.3749999999999978900, -4.336808689942017700E-016 ) ) ;
#3588 = DIRECTION ( 'NONE',  ( -1.000000000000000000, 0.0000000000000000000, 0.0000000000000000000 ) ) ;
#3589 = CARTESIAN_POINT ( 'NONE',  ( 2.060000000000000100, -2.799999999999999400, -2.365000000000000700 ) ) ;
#3590 = LINE ( 'NONE', #3802, #2411 ) ;
#3591 = CARTESIAN_POINT ( 'NONE',  ( -3.940000000000054600, 0.3749999999999979500, 0.5299999999980376000 ) ) ;
#3592 = ORIENTED_EDGE ( 'NONE', *, *, #3455, .F. ) ;
#3593 = VERTEX_POINT ( 'NONE', #1164 ) ;
#3594 = DIRECTION ( 'NONE',  ( 0.0000000000000000000, 0.0000000000000000000, 1.000000000000000000 ) ) ;
#3595 = CARTESIAN_POINT ( 'NONE',  ( -10.03053240837091000, -2.043901491794180000, 1.396553427430553800 ) ) ;
#3596 = DIRECTION ( 'NONE',  ( 0.0000000000000000000, 0.0000000000000000000, 1.000000000000000000 ) ) ;
#3597 = CARTESIAN_POINT ( 'NONE',  ( -6.208773149111650900, 1.987600994529450200, -2.793106854861111100 ) ) ;
#3598 = ORIENTED_EDGE ( 'NONE', *, *, #2250, .T. ) ;
#3599 = ORIENTED_EDGE ( 'NONE', *, *, #513, .F. ) ;
#3600 = DIRECTION ( 'NONE',  ( 1.000000000000000000, 0.0000000000000000000, -0.0000000000000000000 ) ) ;
#3601 = EDGE_CURVE ( 'NONE', #2332, #868, #1708, .T. ) ;
#3602 = DIRECTION ( 'NONE',  ( 1.000000000000000000, 0.0000000000000000000, 0.0000000000000000000 ) ) ;
#3603 = VERTEX_POINT ( 'NONE', #280 ) ;
#3604 = CARTESIAN_POINT ( 'NONE',  ( -9.269999999999999600, 0.3749999999999978900, -4.336808689942017700E-016 ) ) ;
#3605 = CARTESIAN_POINT ( 'NONE',  ( -4.150902778741281600, 0.3749999999999991100, -2.793106854861111100 ) ) ;
#3606 = EDGE_CURVE ( 'NONE', #1587, #2025, #3168, .T. ) ;
#3607 = CARTESIAN_POINT ( 'NONE',  ( -8.781111111111108900, 0.3749999999999991700, -3.174999999999998900 ) ) ;
#3608 = ORIENTED_EDGE ( 'NONE', *, *, #3055, .F. ) ;
#3609 = CARTESIAN_POINT ( 'NONE',  ( -1.749999999999999800, 9.757819552369539900E-016, -4.336808689942017700E-016 ) ) ;
#3610 = CARTESIAN_POINT ( 'NONE',  ( -3.399999999999999900, -2.800000000000002500, 3.174999999999998500 ) ) ;
#3611 = EDGE_LOOP ( 'NONE', ( #3551, #2916 ) ) ;
#3612 = CARTESIAN_POINT ( 'NONE',  ( -7.913865741704243300, -1.237600994529452800, -2.793106854861112000 ) ) ;
#3613 = CARTESIAN_POINT ( 'NONE',  ( -5.444421297259800100, 2.793901491794175600, -1.396553427430555800 ) ) ;
#3614 = CARTESIAN_POINT ( 'NONE',  ( -11.27000000000000300, 0.3749999999999978900, -4.336808689942017700E-016 ) ) ;
#3615 = CIRCLE ( 'NONE', #1104, 2.239999999934755100 ) ;
#3616 = CARTESIAN_POINT ( 'NONE',  ( -9.396267363047751800, 4.045583931557073000, 8.155070111572242000E-016 ) ) ;
#3617 = CARTESIAN_POINT ( 'NONE',  ( -9.427870370370587900, 2.208087104677471000, -3.175000000000083300 ) ) ;
#3618 = CARTESIAN_POINT ( 'NONE',  ( -6.929027779704783000, -3.291174209354125400, -2.130344865817664700E-015 ) ) ;
#3619 = CARTESIAN_POINT ( 'NONE',  ( -11.27000000000000300, 0.3749999999999978900, -4.336808689942017700E-016 ) ) ;
#3620 = CIRCLE ( 'NONE', #1335, 0.5299999999980380400 ) ;
#3621 = CARTESIAN_POINT ( 'NONE',  ( -6.870231483408487900, -2.374630657015593700, -1.587500000000001000 ) ) ;
#3622 = VECTOR ( 'NONE', #3428, 1000.000000000000000 ) ;
#3623 = CARTESIAN_POINT ( 'NONE',  ( -7.134814814814823200, 3.124630657015601700, 1.587500000000005000 ) ) ;
#3624 = AXIS2_PLACEMENT_3D ( 'NONE', #2632, #869, #2942 ) ;
#3625 = CARTESIAN_POINT ( 'NONE',  ( -8.631915511195902700, 3.127937948667804900, 1.589409465725693000 ) ) ;
#3626 =( BOUNDED_CURVE ( )  B_SPLINE_CURVE ( 2, ( #833, #285, #2115, #352, #3623, #1854, #94 ),
 .UNSPECIFIED., .F., .F. ) 
 B_SPLINE_CURVE_WITH_KNOTS ( ( 3, 2, 2, 3 ),
 ( 0.06131976227160477300, 0.06463508625465085000, 0.06795041023769692000, 0.07126573422074299100 ),
 .UNSPECIFIED. ) 
 CURVE ( )  GEOMETRIC_REPRESENTATION_ITEM ( )  RATIONAL_B_SPLINE_CURVE ( ( 0.9999999999999946700, 0.8660254037844440400, 1.000000000000000000, 0.8660254037844387100, 1.000000000000000000, 0.8660254037844360400, 1.000000000000002700 ) ) 
 REPRESENTATION_ITEM ( '' )  );
#3627 = DIRECTION ( 'NONE',  ( 0.0000000000000000000, 0.0000000000000000000, 1.000000000000000000 ) ) ;
#3628 = AXIS2_PLACEMENT_3D ( 'NONE', #3030, #3086, #3144 ) ;
#3629 = CARTESIAN_POINT ( 'NONE',  ( -8.249999999985268700, 0.3529366155934818800, -0.2586239694861955900 ) ) ;
#3630 = LINE ( 'NONE', #2986, #1377 ) ;
#3631 = LINE ( 'NONE', #996, #2041 ) ;
#3632 = AXIS2_PLACEMENT_3D ( 'NONE', #108, #125, #105 ) ;
#3633 = CARTESIAN_POINT ( 'NONE',  ( -8.249999999975443600, 0.3749999999999978900, -4.336808689942017700E-016 ) ) ;
#3634 = ORIENTED_EDGE ( 'NONE', *, *, #3211, .T. ) ;
#3635 = CARTESIAN_POINT ( 'NONE',  ( 2.060000000000000100, 0.3749999999999978900, -4.336808689942017700E-016 ) ) ;
#3636 = DIRECTION ( 'NONE',  ( -1.000000000000000000, 0.0000000000000000000, -0.0000000000000000000 ) ) ;
#3637 = EDGE_LOOP ( 'NONE', ( #2410, #2015, #3707, #454 ) ) ;
#3638 = FACE_OUTER_BOUND ( 'NONE', #3412, .T. ) ;
#3639 = ADVANCED_FACE ( 'NONE', ( #800 ), #701, .F. ) ;
#3640 = EDGE_LOOP ( 'NONE', ( #3007, #3649, #1828, #106 ) ) ;
#3641 = FACE_OUTER_BOUND ( 'NONE', #596, .T. ) ;
#3642 = CARTESIAN_POINT ( 'NONE',  ( -7.867563659344048300, 2.210291965778535600, 3.178818931451388600 ) ) ;
#3643 = CARTESIAN_POINT ( 'NONE',  ( -3.399999999999999900, -1.729999999999998400, -3.175000000000000300 ) ) ;
#3644 = EDGE_LOOP ( 'NONE', ( #2754, #1160 ) ) ;
#3645 = ORIENTED_EDGE ( 'NONE', *, *, #1422, .F. ) ;
#3646 = DIRECTION ( 'NONE',  ( 0.0000000000000000000, 0.0000000000000000000, 1.000000000000000000 ) ) ;
#3647 = CIRCLE ( 'NONE', #1025, 0.3800000000015849600 ) ;
#3648 = CARTESIAN_POINT ( 'NONE',  ( -4.019999999999999600, 0.3749999999999978900, -4.336808689942017700E-016 ) ) ;
#3649 = ORIENTED_EDGE ( 'NONE', *, *, #2718, .T. ) ;
#3650 =( BOUNDED_SURFACE ( )  B_SPLINE_SURFACE ( 1, 2, ( 
 ( #1831, #933, #642, #2704, #947, #3018, #1266, #3315, #1570, #3616, #1843, #82, #2128, #369, #2415, #654, #2719, #963, #3027, #1275, #3326, #1583, #3625, #1855, #95, #2137, #381, #2430, #668, #2728, #979, #3038, #1285, #3340, #1596, #3642, #1864, #110, #2149, #393, #2441, #681, #2743, #992, #3052, #1299, #3353, #1608, #3654, #1876, #121, #2161, #409, #2450, #693, #2757, #1009, #3061, #1317, #3369, #1622, #3669, #1890, #135, #2175, #426, #2466, #703, #2773, #1024, #3078, #1329, #3384, #1635, #3685, #1899, #150, #2188, #436, #2479, #716, #2787, #1039, #3093, #1338, #3397, #1648, #3697, #1910, #161, #2202, #448, #2494, #731, #2802, #1049, #3108, #1352, #3409, #1654, #3712, #1923, #173, #2210, #462, #2504, #742, #2819, #1064, #3119, #1365, #3420, #1670 ),
 ( #3722, #1939, #189, #2225, #470, #2520, #756, #2832, #1081, #3133, #1381, #3433, #1685, #3738, #1948, #205, #2238, #485, #2533, #772, #2847, #1097, #3145, #1400, #3444, #1699, #3753, #1961, #216, #2255, #498, #2543, #787, #2863, #1109, #3160, #1412, #3458, #1707, #3766, #1975, #229, #2265, #517, #2556, #797, #2879, #1124, #3173, #1423, #3474, #1719, #3773, #1991, #238, #2275, #527, #2578, #812, #2889, #1135, #3190, #1435, #3488, #1732, #3786, #1998, #247, #2286, #539, #2590, #828, #2897, #1148, #3204, #1447, #3499, #1743, #3796, #2011, #255, #2302, #550, #2600, #838, #2914, #1158, #3215, #1458, #3511, #1752, #3812, #2023, #267, #2312, #562, #2613, #848, #2926, #1174, #3224, #1474, #3523, #1766, #3822, #2037, #278, #2327, #572, #2630, #867, #2938, #1187 ),
 ( #3243, #1485, #3535, #1776, #7, #2045, #290, #2343, #583, #2640, #881, #2953, #1199, #3252, #1504, #3543, #1785, #22, #2057, #299, #2354, #595, #2656, #892, #2967, #1215, #3261, #1514, #3559, #1795, #32, #2072, #314, #2360, #607, #2669, #905, #2978, #1227, #3276, #1524, #3567, #1807, #44, #2082, #327, #2375, #614, #2679, #919, #2988, #1238, #3290, #1541, #3582, #1817, #57, #2091, #338, #2387, #627, #2688, #930, #3002, #1249, #3299, #1555, #3597, #1827, #67, #2112, #348, #2400, #639, #2701, #941, #3015, #1263, #3310, #1567, #3613, #1839, #77, #2124, #367, #2409, #651, #2715, #960, #3362, #1821, #63, #2100, #341, #2390, #633, #2695, #935, #3008, #1253, #3303, #1559, #3605, #1833, #74, #2119, #357, #2403, #645, #2707, #949, #3020, #1269 ) ),
 .UNSPECIFIED., .F., .F., .F. ) 
 B_SPLINE_SURFACE_WITH_KNOTS ( ( 2, 1, 2 ),
 ( 3, 2, 2, 2, 2, 2, 2, 2, 2, 2, 2, 2, 2, 2, 2, 2, 2, 2, 2, 2, 2, 2, 2, 2, 2, 2, 2, 2, 2, 2, 2, 2, 2, 2, 2, 2, 2, 2, 2, 2, 2, 2, 2, 2, 2, 2, 2, 2, 2, 2, 2, 2, 2, 2, 2, 2, 3 ),
 ( -0.01000000000000000000, 0.0000000000000000000, 1.000000000000000000 ),
 ( 0.0000000000000000000, 0.01666666666666666600, 0.03333333333333333300, 0.05000000000000000300, 0.06666666666666666600, 0.08333333333333332900, 0.1000000000000000100, 0.1166666666666666700, 0.1333333333333333300, 0.1499999999999999900, 0.1666666666666666600, 0.1833333333333333200, 0.2000000000000000100, 0.2166666666666666700, 0.2333333333333333400, 0.2500000000000000000, 0.2666666666666666600, 0.2833333333333333300, 0.2999999999999999900, 0.3166666666666666500, 0.3333333333333333100, 0.3499999999999999800, 0.3666666666666666400, 0.3833333333333333600, 0.4000000000000000200, 0.4166666666666666900, 0.4333333333333333500, 0.4500000000000000100, 0.4666666666666666700, 0.4833333333333333400, 0.5000000000000000000, 0.5166666666666667200, 0.5333333333333333300, 0.5500000000000000400, 0.5666666666666666500, 0.5833333333333333700, 0.5999999999999999800, 0.6166666666666667000, 0.6333333333333333000, 0.6500000000000000200, 0.6666666666666666300, 0.6833333333333333500, 0.6999999999999999600, 0.7166666666666666700, 0.7333333333333332800, 0.7500000000000000000, 0.7666666666666667200, 0.7833333333333333300, 0.8000000000000000400, 0.8166666666666666500, 0.8333333333333333700, 0.8499999999999999800, 0.8666666666666667000, 0.8833333333333333000, 0.9000000000000000200, 0.9166666666666666300, 0.9241150861269376000 ),
 .UNSPECIFIED. ) 
 GEOMETRIC_REPRESENTATION_ITEM ( )  RATIONAL_B_SPLINE_SURFACE ( (
 ( 1.000000000000000000, 0.8660254037844387100, 1.000000000000000000, 0.8660254037844387100, 1.000000000000000000, 0.8660254037844387100, 1.000000000000000000, 0.8660254037844387100, 1.000000000000000000, 0.8660254037844387100, 1.000000000000000000, 0.8660254037844387100, 1.000000000000000000, 0.8660254037844387100, 1.000000000000000000, 0.8660254037844387100, 1.000000000000000000, 0.8660254037844387100, 1.000000000000000000, 0.8660254037844387100, 1.000000000000000000, 0.8660254037844387100, 1.000000000000000000, 0.8660254037844387100, 1.000000000000000000, 0.8660254037844387100, 1.000000000000000000, 0.8660254037844387100, 1.000000000000000000, 0.8660254037844387100, 1.000000000000000000, 0.8660254037844387100, 1.000000000000000000, 0.8660254037844387100, 1.000000000000000000, 0.8660254037844387100, 1.000000000000000000, 0.8660254037844387100, 1.000000000000000000, 0.8660254037844387100, 1.000000000000000000, 0.8660254037844387100, 1.000000000000000000, 0.8660254037844387100, 1.000000000000000000, 0.8660254037844387100, 1.000000000000000000, 0.8660254037844387100, 1.000000000000000000, 0.8660254037844387100, 1.000000000000000000, 0.8660254037844387100, 1.000000000000000000, 0.8660254037844387100, 1.000000000000000000, 0.8660254037844387100, 1.000000000000000000, 0.8660254037844387100, 1.000000000000000000, 0.8660254037844387100, 1.000000000000000000, 0.8660254037844387100, 1.000000000000000000, 0.8660254037844387100, 1.000000000000000000, 0.8660254037844387100, 1.000000000000000000, 0.8660254037844387100, 1.000000000000000000, 0.8660254037844387100, 1.000000000000000000, 0.8660254037844387100, 1.000000000000000000, 0.8660254037844387100, 1.000000000000000000, 0.8660254037844387100, 1.000000000000000000, 0.8660254037844387100, 1.000000000000000000, 0.8660254037844387100, 1.000000000000000000, 0.8660254037844387100, 1.000000000000000000, 0.8660254037844387100, 1.000000000000000000, 0.8660254037844387100, 1.000000000000000000, 0.8660254037844387100, 1.000000000000000000, 0.8660254037844387100, 1.000000000000000000, 0.8660254037844387100, 1.000000000000000000, 0.8660254037844387100, 1.000000000000000000, 0.8660254037844387100, 1.000000000000000000, 0.8660254037844387100, 1.000000000000000000, 0.8660254037844387100, 1.000000000000000000, 0.8660254037844387100, 1.000000000000000000, 0.8660254037844387100, 1.000000000000000000, 0.8660254037844387100, 1.000000000000000000, 0.8660254037844387100, 1.000000000000000000, 0.8660254037844387100, 1.000000000000000000, 0.9401260606219641300, 0.9337680670711017200),
 ( 1.000000000000000000, 0.8660254037844387100, 1.000000000000000000, 0.8660254037844387100, 1.000000000000000000, 0.8660254037844387100, 1.000000000000000000, 0.8660254037844387100, 1.000000000000000000, 0.8660254037844387100, 1.000000000000000000, 0.8660254037844387100, 1.000000000000000000, 0.8660254037844387100, 1.000000000000000000, 0.8660254037844387100, 1.000000000000000000, 0.8660254037844387100, 1.000000000000000000, 0.8660254037844387100, 1.000000000000000000, 0.8660254037844387100, 1.000000000000000000, 0.8660254037844387100, 1.000000000000000000, 0.8660254037844387100, 1.000000000000000000, 0.8660254037844387100, 1.000000000000000000, 0.8660254037844387100, 1.000000000000000000, 0.8660254037844387100, 1.000000000000000000, 0.8660254037844387100, 1.000000000000000000, 0.8660254037844387100, 1.000000000000000000, 0.8660254037844387100, 1.000000000000000000, 0.8660254037844387100, 1.000000000000000000, 0.8660254037844387100, 1.000000000000000000, 0.8660254037844387100, 1.000000000000000000, 0.8660254037844387100, 1.000000000000000000, 0.8660254037844387100, 1.000000000000000000, 0.8660254037844387100, 1.000000000000000000, 0.8660254037844387100, 1.000000000000000000, 0.8660254037844387100, 1.000000000000000000, 0.8660254037844387100, 1.000000000000000000, 0.8660254037844387100, 1.000000000000000000, 0.8660254037844387100, 1.000000000000000000, 0.8660254037844387100, 1.000000000000000000, 0.8660254037844387100, 1.000000000000000000, 0.8660254037844387100, 1.000000000000000000, 0.8660254037844387100, 1.000000000000000000, 0.8660254037844387100, 1.000000000000000000, 0.8660254037844387100, 1.000000000000000000, 0.8660254037844387100, 1.000000000000000000, 0.8660254037844387100, 1.000000000000000000, 0.8660254037844387100, 1.000000000000000000, 0.8660254037844387100, 1.000000000000000000, 0.8660254037844387100, 1.000000000000000000, 0.8660254037844387100, 1.000000000000000000, 0.8660254037844387100, 1.000000000000000000, 0.8660254037844387100, 1.000000000000000000, 0.8660254037844387100, 1.000000000000000000, 0.8660254037844387100, 1.000000000000000000, 0.8660254037844387100, 1.000000000000000000, 0.8660254037844387100, 1.000000000000000000, 0.8660254037844387100, 1.000000000000000000, 0.8660254037844387100, 1.000000000000000000, 0.8660254037844387100, 1.000000000000000000, 0.8660254037844387100, 1.000000000000000000, 0.8660254037844387100, 1.000000000000000000, 0.8660254037844387100, 1.000000000000000000, 0.8660254037844387100, 1.000000000000000000, 0.9401260606219641300, 0.9337680670711017200),
 ( 1.000000000000000000, 0.8660254037844387100, 1.000000000000000000, 0.8660254037844387100, 1.000000000000000000, 0.8660254037844387100, 1.000000000000000000, 0.8660254037844387100, 1.000000000000000000, 0.8660254037844387100, 1.000000000000000000, 0.8660254037844387100, 1.000000000000000000, 0.8660254037844387100, 1.000000000000000000, 0.8660254037844387100, 1.000000000000000000, 0.8660254037844387100, 1.000000000000000000, 0.8660254037844387100, 1.000000000000000000, 0.8660254037844387100, 1.000000000000000000, 0.8660254037844387100, 1.000000000000000000, 0.8660254037844387100, 1.000000000000000000, 0.8660254037844387100, 1.000000000000000000, 0.8660254037844387100, 1.000000000000000000, 0.8660254037844387100, 1.000000000000000000, 0.8660254037844387100, 1.000000000000000000, 0.8660254037844387100, 1.000000000000000000, 0.8660254037844387100, 1.000000000000000000, 0.8660254037844387100, 1.000000000000000000, 0.8660254037844387100, 1.000000000000000000, 0.8660254037844387100, 1.000000000000000000, 0.8660254037844387100, 1.000000000000000000, 0.8660254037844387100, 1.000000000000000000, 0.8660254037844387100, 1.000000000000000000, 0.8660254037844387100, 1.000000000000000000, 0.8660254037844387100, 1.000000000000000000, 0.8660254037844387100, 1.000000000000000000, 0.8660254037844387100, 1.000000000000000000, 0.8660254037844387100, 1.000000000000000000, 0.8660254037844387100, 1.000000000000000000, 0.8660254037844387100, 1.000000000000000000, 0.8660254037844387100, 1.000000000000000000, 0.8660254037844387100, 1.000000000000000000, 0.8660254037844387100, 1.000000000000000000, 0.8660254037844387100, 1.000000000000000000, 0.8660254037844387100, 1.000000000000000000, 0.8660254037844387100, 1.000000000000000000, 0.8660254037844387100, 1.000000000000000000, 0.8660254037844387100, 1.000000000000000000, 0.8660254037844387100, 1.000000000000000000, 0.8660254037844387100, 1.000000000000000000, 0.8660254037844387100, 1.000000000000000000, 0.8660254037844387100, 1.000000000000000000, 0.8660254037844387100, 1.000000000000000000, 0.8660254037844387100, 1.000000000000000000, 0.8660254037844387100, 1.000000000000000000, 0.8660254037844387100, 1.000000000000000000, 0.8660254037844387100, 1.000000000000000000, 0.8660254037844387100, 1.000000000000000000, 0.8660254037844387100, 1.000000000000000000, 0.8660254037844387100, 1.000000000000000000, 0.8660254037844387100, 1.000000000000000000, 0.8660254037844387100, 1.000000000000000000, 0.8660254037844387100, 1.000000000000000000, 0.9401260606219641300, 0.9337680670711017200) ) ) 
 REPRESENTATION_ITEM ( '' )  SURFACE ( )  );
#3651 = ORIENTED_EDGE ( 'NONE', *, *, #1914, .T. ) ;
#3652 = EDGE_CURVE ( 'NONE', #2467, #322, #1204, .T. ) ;
#3653 = PLANE ( 'NONE',  #262 ) ;
#3654 = CARTESIAN_POINT ( 'NONE',  ( -7.103211807492196600, 0.3749999999999962300, 3.178818931451388200 ) ) ;
#3655 = CARTESIAN_POINT ( 'NONE',  ( 2.060000000000000100, -2.799999999999999400, 2.364999999999998400 ) ) ;
#3656 = ORIENTED_EDGE ( 'NONE', *, *, #513, .T. ) ;
#3657 =( NAMED_UNIT ( * ) PLANE_ANGLE_UNIT ( ) SI_UNIT ( $, .RADIAN. ) );
#3658 = CARTESIAN_POINT ( 'NONE',  ( -9.050000000001615400, 0.4250000000000192000, 0.2831187913217324000 ) ) ;
#3659 = EDGE_CURVE ( 'NONE', #2247, #973, #2269, .T. ) ;
#3660 = CARTESIAN_POINT ( 'NONE',  ( -4.312592592592593200, 3.124630657015590600, 1.587499999999998600 ) ) ;
#3661 = ADVANCED_FACE ( 'NONE', ( #1525, #3777 ), #586, .F. ) ;
#3662 = DIRECTION ( 'NONE',  ( 0.0000000000000000000, 0.0000000000000000000, 1.000000000000000000 ) ) ;
#3663 = VERTEX_POINT ( 'NONE', #1228 ) ;
#3664 = CARTESIAN_POINT ( 'NONE',  ( -6.620347223185724800, -2.850201989058905200, -1.926267905190632200E-015 ) ) ;
#3665 = DIRECTION ( 'NONE',  ( 1.000000000000000000, 0.0000000000000000000, 0.0000000000000000000 ) ) ;
#3666 = DIRECTION ( 'NONE',  ( -1.000000000000000000, 0.0000000000000000000, 0.0000000000000000000 ) ) ;
#3667 = DIRECTION ( 'NONE',  ( 0.0000000000000000000, 0.0000000000000000000, -1.000000000000000000 ) ) ;
#3668 = DIRECTION ( 'NONE',  ( 1.000000000000000000, 0.0000000000000000000, 0.0000000000000000000 ) ) ;
#3669 = CARTESIAN_POINT ( 'NONE',  ( -6.338859955640344000, -1.460291965778541400, 3.178818931451387300 ) ) ;
#3670 = AXIS2_PLACEMENT_3D ( 'NONE', #1254, #1241, #1206 ) ;
#3671 = DIRECTION ( 'NONE',  ( 0.0000000000000000000, -1.138744014520349800E-017, -1.000000000000000000 ) ) ;
#3672 = CIRCLE ( 'NONE', #427, 0.3800000000000000000 ) ;
#3673 = CONICAL_SURFACE ( 'NONE', #202, 3.175000007255218900, 0.7853981633974482800 ) ;
#3674 = CARTESIAN_POINT ( 'NONE',  ( -6.605648148148157300, 2.208087104677068300, -3.175000000000013600 ) ) ;
#3675 = CARTESIAN_POINT ( 'NONE',  ( -5.679606482444984100, 1.987600994529450200, -2.793106854861111100 ) ) ;
#3676 = CARTESIAN_POINT ( 'NONE',  ( -4.643106854831915000, 0.3749999999994940700, 2.793106854861108900 ) ) ;
#3677 = CARTESIAN_POINT ( 'NONE',  ( -8.250000000000000000, 0.3749999999999978900, -4.336808689942017700E-016 ) ) ;
#3678 = ADVANCED_FACE ( 'NONE', ( #2361, #1429 ), #1529, .T. ) ;
#3679 = B_SPLINE_CURVE_WITH_KNOTS ( 'NONE', 3,
 ( #1029, #612, #541, #1021, #1036, #1034, #1046 ),
 .UNSPECIFIED., .F., .F.,
 ( 4, 3, 4 ),
 ( 3.837830244186654700E-016, 0.0005556097287966982100, 0.0008008624008340137200 ),
 .UNSPECIFIED. ) ;
#3680 = DIRECTION ( 'NONE',  ( -1.000000000000000000, 0.0000000000000000000, 0.0000000000000000000 ) ) ;
#3681 = CARTESIAN_POINT ( 'NONE',  ( -8.501828704667206100, -2.043901491794178700, -1.396553427430556400 ) ) ;
#3682 = LINE ( 'NONE', #3301, #2087 ) ;
#3683 = EDGE_CURVE ( 'NONE', #2256, #2899, #501, .T. ) ;
#3684 = DIRECTION ( 'NONE',  ( 0.0000000000000000000, 0.0000000000000000000, -1.000000000000000000 ) ) ;
#3685 = CARTESIAN_POINT ( 'NONE',  ( -5.574508103788492300, -2.377937948667809800, 1.589409465725692700 ) ) ;
#3686 = DIRECTION ( 'NONE',  ( 0.0000000000000000000, 0.0000000000000000000, 1.000000000000000000 ) ) ;
#3687 = VECTOR ( 'NONE', #1276, 1000.000000000000000 ) ;
#3688 = DIRECTION ( 'NONE',  ( 0.0000000000000000000, 0.0000000000000000000, 1.000000000000000000 ) ) ;
#3689 = DIRECTION ( 'NONE',  ( 0.0000000000000000000, 1.000000000000000000, 5.240210400945518800E-016 ) ) ;
#3690 = ORIENTED_EDGE ( 'NONE', *, *, #3530, .F. ) ;
#3691 = LINE ( 'NONE', #1615, #2895 ) ;
#3692 = CYLINDRICAL_SURFACE ( 'NONE', #809, 3.174999999999999800 ) ;
#3693 = CARTESIAN_POINT ( 'NONE',  ( -9.049999999999998900, 0.3749999999999978900, -4.336808689942017700E-016 ) ) ;
#3694 = ORIENTED_EDGE ( 'NONE', *, *, #1223, .F. ) ;
#3695 = ORIENTED_EDGE ( 'NONE', *, *, #3407, .T. ) ;
#3696 = CARTESIAN_POINT ( 'NONE',  ( -8.443032408370911000, -1.237600994529452800, -2.793106854861112000 ) ) ;
#3697 = CARTESIAN_POINT ( 'NONE',  ( -4.810156251936640500, -3.295583931557077400, -2.132385635423935400E-015 ) ) ;
#3698 = VERTEX_POINT ( 'NONE', #329 ) ;
#3699 = ORIENTED_EDGE ( 'NONE', *, *, #1419, .F. ) ;
#3700 = DIRECTION ( 'NONE',  ( 0.0000000000000000000, -1.000000000000000000, 1.138744014520349800E-017 ) ) ;
#3701 = CARTESIAN_POINT ( 'NONE',  ( -8.869305557482560300, 0.3749999999999991700, -3.175000000000000300 ) ) ;
#3702 = VERTEX_POINT ( 'NONE', #2377 ) ;
#3703 = ADVANCED_FACE ( 'NONE', ( #615 ), #3570, .T. ) ;
#3704 = ORIENTED_EDGE ( 'NONE', *, *, #1363, .F. ) ;
#3705 = CARTESIAN_POINT ( 'NONE',  ( -11.27000000000000300, 0.3749999999999982800, 3.174999999999999400 ) ) ;
#3706 = CARTESIAN_POINT ( 'NONE',  ( -6.664444444444445300, 0.3749999999999991700, -3.175000000000000300 ) ) ;
#3707 = ORIENTED_EDGE ( 'NONE', *, *, #2750, .T. ) ;
#3708 = AXIS2_PLACEMENT_3D ( 'NONE', #3693, #3668, #3684 ) ;
#3709 = EDGE_LOOP ( 'NONE', ( #1297, #2948, #3794, #547, #490 ) ) ;
#3710 = CARTESIAN_POINT ( 'NONE',  ( -8.384236112074615800, 0.3749999999999991100, -2.793106854861111100 ) ) ;
#3711 = CARTESIAN_POINT ( 'NONE',  ( 2.060000000000000100, 1.019999999999999100, 2.364999999999998900 ) ) ;
#3712 = CARTESIAN_POINT ( 'NONE',  ( -4.045804400084787900, -2.377937948667808500, -1.589409465725695600 ) ) ;
#3713 = DIRECTION ( 'NONE',  ( -0.0000000000000000000, 1.000000000000000000, -2.865974066235822800E-016 ) ) ;
#3714 = DIRECTION ( 'NONE',  ( 1.000000000000000000, -0.0000000000000000000, 0.0000000000000000000 ) ) ;
#3715 = DIRECTION ( 'NONE',  ( 0.0000000000000000000, 0.0000000000000000000, -1.000000000000000000 ) ) ;
#3716 = CARTESIAN_POINT ( 'NONE',  ( -9.049999999999998900, 0.3749999999999978900, -4.336808689942017700E-016 ) ) ;
#3717 = CARTESIAN_POINT ( 'NONE',  ( 2.060000000000000100, 1.019999999999999100, 2.364999999999998900 ) ) ;
#3718 = CARTESIAN_POINT ( 'NONE',  ( -11.27000000000000300, 0.3749999999999978900, -4.336808689942017700E-016 ) ) ;
#3719 = CARTESIAN_POINT ( 'NONE',  ( -9.119999999995798100, 0.3749999999999978900, -4.336808689942017700E-016 ) ) ;
#3720 = ADVANCED_FACE ( 'NONE', ( #36 ), #533, .T. ) ;
#3721 = CARTESIAN_POINT ( 'NONE',  ( -8.325439815778317200, 1.987600994529450200, -2.793106854861111100 ) ) ;
#3722 = CARTESIAN_POINT ( 'NONE',  ( -9.927638890815893900, 0.3749999999999962300, 3.174999999999999400 ) ) ;
#3723 = CIRCLE ( 'NONE', #3628, 2.793107137202694100 ) ;
#3724 = DIRECTION ( 'NONE',  ( 1.000000000000000000, -0.0000000000000000000, 0.0000000000000000000 ) ) ;
#3725 = CARTESIAN_POINT ( 'NONE',  ( -6.546851851851860400, 3.124630657015601700, -1.587500000000007000 ) ) ;
#3726 = PLANE ( 'NONE',  #385 ) ;
#3727 = FACE_OUTER_BOUND ( 'NONE', #1083, .T. ) ;
#3728 =( GEOMETRIC_REPRESENTATION_CONTEXT ( 3 ) GLOBAL_UNCERTAINTY_ASSIGNED_CONTEXT ( ( #2005 ) ) GLOBAL_UNIT_ASSIGNED_CONTEXT ( ( #28, #2067, #308 ) ) REPRESENTATION_CONTEXT ( 'NONE', 'WORKASPACE' ) );
#3729 = FACE_OUTER_BOUND ( 'NONE', #687, .T. ) ;
#3730 = CARTESIAN_POINT ( 'NONE',  ( -6.488055555555563500, 4.041174209354136500, 8.140062767690568400E-016 ) ) ;
#3731 = CARTESIAN_POINT ( 'NONE',  ( -5.679606482444984100, 1.987600994529450200, -2.793106854861111100 ) ) ;
#3732 = EDGE_CURVE ( 'NONE', #3240, #3229, #3682, .T. ) ;
#3733 = LINE ( 'NONE', #1980, #1478 ) ;
#3734 = CARTESIAN_POINT ( 'NONE',  ( -6.429259259259269200, 3.124630657015602200, 1.587500000000005500 ) ) ;
#3735 = CARTESIAN_POINT ( 'NONE',  ( -8.266643519482020300, 2.793901491794175600, -1.396553427430555800 ) ) ;
#3736 = EDGE_CURVE ( 'NONE', #2243, #1388, #1332, .T. ) ;
#3737 = CARTESIAN_POINT ( 'NONE',  ( -5.025002296972696000, 3.223504914227633700, 1.402370248901129400 ) ) ;
#3738 = CARTESIAN_POINT ( 'NONE',  ( -9.163287038964043100, -1.458087104677065600, 3.174999999999998500 ) ) ;
#3739 = CARTESIAN_POINT ( 'NONE',  ( -9.050000000002000900, 0.3749999999999978900, -4.336808689942017700E-016 ) ) ;
#3740 = CARTESIAN_POINT ( 'NONE',  ( -6.370462962962961700, 2.208087104676877300, 3.175000000000343500 ) ) ;
#3741 = CONICAL_SURFACE ( 'NONE', #3184, 0.2874999999971258300, 0.03490658503887259000 ) ;
#3742 = ADVANCED_FACE ( 'NONE', ( #2180 ), #3650, .T. ) ;
#3743 = CARTESIAN_POINT ( 'NONE',  ( -7.017222222222223100, 0.3749999999999962300, 3.174999999999999400 ) ) ;
#3744 = CARTESIAN_POINT ( 'NONE',  ( -8.784332950119331700, 0.3342772978104332500, 0.3779275673129335900 ) ) ;
#3745 = DIRECTION ( 'NONE',  ( 1.000000000000000000, 0.0000000000000000000, 0.0000000000000000000 ) ) ;
#3746 = ORIENTED_EDGE ( 'NONE', *, *, #1146, .T. ) ;
#3747 = CARTESIAN_POINT ( 'NONE',  ( -7.046620372297374100, -1.458087104677082900, 3.174999999999967000 ) ) ;
#3748 = AXIS2_PLACEMENT_3D ( 'NONE', #2848, #2834, #2821 ) ;
#3749 = ORIENTED_EDGE ( 'NONE', *, *, #1419, .T. ) ;
#3750 = CARTESIAN_POINT ( 'NONE',  ( -6.311666666666667400, 0.3749999999999962300, 3.174999999999999400 ) ) ;
#3751 = CARTESIAN_POINT ( 'NONE',  ( -8.207847223185726900, 3.600201989058900300, 6.639328379517623000E-016 ) ) ;
#3752 = CARTESIAN_POINT ( 'NONE',  ( 2.060000000000000100, -2.799999999999999400, -2.365000000000001100 ) ) ;
#3753 = CARTESIAN_POINT ( 'NONE',  ( -8.398935187112190400, -2.374630657015595500, 1.587499999999998400 ) ) ;
#3754 = ORIENTED_EDGE ( 'NONE', *, *, #1360, .T. ) ;
#3755 = VERTEX_POINT ( 'NONE', #1544 ) ;
#3756 = CARTESIAN_POINT ( 'NONE',  ( -7.810972224149227600, 0.3749999999999962300, 3.174999999999999400 ) ) ;
#3757 = DIRECTION ( 'NONE',  ( -0.0000000000000000000, 5.240210400945518800E-016, -1.000000000000000000 ) ) ;
#3758 = VERTEX_POINT ( 'NONE', #1846 ) ;
#3759 = CARTESIAN_POINT ( 'NONE',  ( 2.060000000000000100, 0.3749999999999978900, -2.365000000000000700 ) ) ;
#3760 = CARTESIAN_POINT ( 'NONE',  ( -11.27000000000000300, 0.3749999999999978900, -3.175000000000000300 ) ) ;
#3761 = CARTESIAN_POINT ( 'NONE',  ( -7.619884260222762300, 2.793901491794175600, 1.396553427430554200 ) ) ;
#3762 = CARTESIAN_POINT ( 'NONE',  ( -9.728044807748597500, 0.2071919561067197000, 2.991955192290573200 ) ) ;
#3763 = ORIENTED_EDGE ( 'NONE', *, *, #245, .F. ) ;
#3764 = EDGE_CURVE ( 'NONE', #672, #3417, #2000, .T. ) ;
#3765 = AXIS2_PLACEMENT_3D ( 'NONE', #2442, #2402, #2379 ) ;
#3766 = CARTESIAN_POINT ( 'NONE',  ( -7.634583335260338700, -3.291174209354125400, -2.130344865817665100E-015 ) ) ;
#3767 = CARTESIAN_POINT ( 'NONE',  ( -11.27000000000000300, 0.3749999999999978900, -4.336808689942017700E-016 ) ) ;
#3768 = CARTESIAN_POINT ( 'NONE',  ( -6.987824076001079900, -2.374630657015595100, 1.587499999999998100 ) ) ;
#3769 = CARTESIAN_POINT ( 'NONE',  ( -7.281805557482560000, 4.041174209354120500, 8.140062767690516100E-016 ) ) ;
#3770 = DIRECTION ( 'NONE',  ( 0.0000000000000000000, -1.000000000000000000, -5.240210400945518800E-016 ) ) ;
#3771 = CARTESIAN_POINT ( 'NONE',  ( -9.775456761090065800, 2.066850780006419100, 2.415574361713602500 ) ) ;
#3772 = DIRECTION ( 'NONE',  ( 0.0000000000000000000, 1.000000000000000000, 5.240210400633906900E-016 ) ) ;
#3773 = CARTESIAN_POINT ( 'NONE',  ( -6.870231483408487000, -2.374630657015594200, -1.587500000000001200 ) ) ;
#3774 = DIRECTION ( 'NONE',  ( 0.0000000000000000000, 0.0000000000000000000, -1.000000000000000000 ) ) ;
#3775 = ORIENTED_EDGE ( 'NONE', *, *, #3402, .T. ) ;
#3776 = DIRECTION ( 'NONE',  ( 1.000000000000000000, 0.0000000000000000000, 0.0000000000000000000 ) ) ;
#3777 = FACE_BOUND ( 'NONE', #152, .T. ) ;
#3778 = ORIENTED_EDGE ( 'NONE', *, *, #284, .T. ) ;
#3779 = LINE ( 'NONE', #1240, #1528 ) ;
#3780 = PRESENTATION_LAYER_ASSIGNMENT (  '', '', ( #3380 ) ) ;
#3781 = DIRECTION ( 'NONE',  ( 0.0000000000000000000, -5.240210400945518800E-016, 1.000000000000000000 ) ) ;
#3782 = VECTOR ( 'NONE', #3824, 1000.000000000000000 ) ;
#3783 = DIRECTION ( 'NONE',  ( 0.0000000000000000000, -1.000000000000000000, -5.240210400945518800E-016 ) ) ;
#3784 = EDGE_CURVE ( 'NONE', #2797, #3225, #3583, .T. ) ;
#3785 = DIRECTION ( 'NONE',  ( 0.0000000000000000000, 5.240210400945518800E-016, -1.000000000000000000 ) ) ;
#3786 = CARTESIAN_POINT ( 'NONE',  ( -6.105879631556634400, -1.458087104677063400, -3.175000000000000300 ) ) ;
#3787 = ORIENTED_EDGE ( 'NONE', *, *, #3282, .T. ) ;
#3788 = VERTEX_POINT ( 'NONE', #3329 ) ;
#3789 = CARTESIAN_POINT ( 'NONE',  ( -7.781574074074079300, 2.208087104677049200, 3.175000000000042000 ) ) ;
#3790 = CARTESIAN_POINT ( 'NONE',  ( -8.249999999985268700, 0.3529366155934818800, -0.2586239694861955900 ) ) ;
#3791 = ORIENTED_EDGE ( 'NONE', *, *, #2968, .T. ) ;
#3792 = AXIS2_PLACEMENT_3D ( 'NONE', #3100, #295, #1497 ) ;
#3793 = PLANE ( 'NONE',  #1667 ) ;
#3794 = ORIENTED_EDGE ( 'NONE', *, *, #2721, .F. ) ;
#3795 = CARTESIAN_POINT ( 'NONE',  ( 2.060000000000000100, 0.3749999999999978900, -4.336808689942017700E-016 ) ) ;
#3796 = CARTESIAN_POINT ( 'NONE',  ( -5.341527779704782700, 0.3749999999999991700, -3.175000000000000300 ) ) ;
#3797 = UNCERTAINTY_MEASURE_WITH_UNIT (LENGTH_MEASURE( 1.000000000000000100E-005 ), #1426, 'distance_accuracy_value', 'NONE');
#3798 = DIRECTION ( 'NONE',  ( -1.000000000000000000, 0.0000000000000000000, -0.0000000000000000000 ) ) ;
#3799 = ORIENTED_EDGE ( 'NONE', *, *, #794, .T. ) ;
#3800 = DIRECTION ( 'NONE',  ( 0.03489949670250105900, -0.9993908270190957600, -5.237018206355012000E-016 ) ) ;
#3801 = DIRECTION ( 'NONE',  ( 1.000000000000000000, 0.0000000000000000000, 0.0000000000000000000 ) ) ;
#3802 = CARTESIAN_POINT ( 'NONE',  ( -3.399999999999999900, -1.729999999999998400, 3.174999999999999400 ) ) ;
#3803 = FACE_OUTER_BOUND ( 'NONE', #2871, .T. ) ;
#3804 = EDGE_CURVE ( 'NONE', #1175, #3239, #442, .T. ) ;
#3805 = CARTESIAN_POINT ( 'NONE',  ( -3.974513889852392200, 0.3749999999999964500, 2.793106854861110200 ) ) ;
#3806 = PLANE ( 'NONE',  #644 ) ;
#3807 = EDGE_CURVE ( 'NONE', #758, #3758, #2964, .T. ) ;
#3808 = CARTESIAN_POINT ( 'NONE',  ( 2.060000000000000100, 1.020000000000000700, -2.364999999999998900 ) ) ;
#3809 = CARTESIAN_POINT ( 'NONE',  ( -9.731670297788952000, 0.3750000000059557400, 2.988329702249952200 ) ) ;
#3810 = VECTOR ( 'NONE', #2153, 1000.000000000000000 ) ;
#3811 = DIRECTION ( 'NONE',  ( 0.0000000000000000000, 1.000000000000000000, 5.240210400945518800E-016 ) ) ;
#3812 = CARTESIAN_POINT ( 'NONE',  ( -4.577175927852931800, 2.208087104677060300, -3.175000000000000300 ) ) ;
#3813 = CARTESIAN_POINT ( 'NONE',  ( -3.399999999999999900, 3.549999999999996300, 3.175000000000002000 ) ) ;
#3814 = FACE_OUTER_BOUND ( 'NONE', #3644, .T. ) ;
#3815 = DIRECTION ( 'NONE',  ( 0.0000000000000000000, 0.0000000000000000000, -1.000000000000000000 ) ) ;
#3816 = CARTESIAN_POINT ( 'NONE',  ( -7.443495371333873400, -1.237600994529454400, 2.793106854861109300 ) ) ;
#3817 = CIRCLE ( 'NONE', #1086, 0.3800000000000000000 ) ;
#3818 = DIRECTION ( 'NONE',  ( 0.0000000000000000000, 5.240210400945518800E-016, -1.000000000000000000 ) ) ;
#3819 = VERTEX_POINT ( 'NONE', #967 ) ;
#3820 = CARTESIAN_POINT ( 'NONE',  ( -8.149050926889428200, 2.793901491794175600, 1.396553427430554200 ) ) ;
#3821 = CARTESIAN_POINT ( 'NONE',  ( -7.855069445407947300, 0.3749999999999991100, -2.793106854861111100 ) ) ;
#3822 = CARTESIAN_POINT ( 'NONE',  ( -3.812824076001079600, 3.124630657015590200, -1.587500000000000400 ) ) ;
#3823 = VECTOR ( 'NONE', #3757, 1000.000000000000000 ) ;
#3824 = DIRECTION ( 'NONE',  ( 0.0000000000000000000, -1.000000000000000000, -0.0000000000000000000 ) ) ;
#3825 = VECTOR ( 'NONE', #3120, 1000.000000000000000 ) ;
#3826 = DIRECTION ( 'NONE',  ( -1.000000000000000000, 0.0000000000000000000, 0.0000000000000000000 ) ) ;
#3827 = FACE_OUTER_BOUND ( 'NONE', #3544, .T. ) ;
#3828 = CARTESIAN_POINT ( 'NONE',  ( -4.680069445407947400, 0.3749999999999964500, 2.793106854861110200 ) ) ;
ENDSEC;
END-ISO-10303-21;
