ISO-10303-21;
HEADER;
/* Generated by software containing ST-Developer
 * from STEP Tools, Inc. (www.steptools.com) 
 */

FILE_DESCRIPTION(
/* description */ ('CoCreate Modeling STEP Export'),
/* implementation_level */ '2;1');

FILE_NAME(
/* name */ 'FH34SRJ-16S-0.stp.step',
/* time_stamp */ '2025-10-20T23:19:37+01:00',
/* author */ (''),
/* organization */ (''),
/* preprocessor_version */ 'ST-DEVELOPER v20.1',
/* originating_system */ 'Autodesk Translation Framework v14.10.0.0',
/* authorisation */ '');

FILE_SCHEMA (('AUTOMOTIVE_DESIGN { 1 0 10303 214 3 1 1 }'));
ENDSEC;

DATA;
#10=MECHANICAL_DESIGN_GEOMETRIC_PRESENTATION_REPRESENTATION('',(#13),#11278);
#11=SHAPE_REPRESENTATION_RELATIONSHIP('SRR','None',#11285,#12);
#12=ADVANCED_BREP_SHAPE_REPRESENTATION('',(#14),#11277);
#13=STYLED_ITEM('',(#11295),#14);
#14=MANIFOLD_SOLID_BREP('Body1',#7014);
#15=FACE_BOUND('',#562,.T.);
#16=FACE_BOUND('',#700,.T.);
#17=CIRCLE('',#7035,0.0299999999999999);
#18=CIRCLE('',#7036,0.0299999999999999);
#19=CIRCLE('',#7043,0.0299999999999999);
#20=CIRCLE('',#7044,0.0299999999999999);
#21=CIRCLE('',#7050,0.0299999999999999);
#22=CIRCLE('',#7051,0.0500000000000007);
#23=CIRCLE('',#7054,0.0500000000000007);
#24=CIRCLE('',#7055,0.0299999999999999);
#25=CIRCLE('',#7058,0.0299999999999999);
#26=CIRCLE('',#7059,0.0500000000000007);
#27=CIRCLE('',#7063,0.0500000000000007);
#28=CIRCLE('',#7064,0.0299999999999999);
#29=CIRCLE('',#7087,0.0299999999999999);
#30=CIRCLE('',#7088,0.0299999999999999);
#31=CIRCLE('',#7108,0.0500000000000043);
#32=CIRCLE('',#7109,0.0500000000000043);
#33=CIRCLE('',#7114,0.0499999999999998);
#34=CIRCLE('',#7115,0.0499999999999998);
#35=CIRCLE('',#7120,0.0499999999999972);
#36=CIRCLE('',#7121,0.0499999999999972);
#37=CIRCLE('',#7124,0.0499999999999998);
#38=CIRCLE('',#7125,0.0499999999999998);
#39=CIRCLE('',#7131,0.05);
#40=CIRCLE('',#7133,0.05);
#41=CIRCLE('',#7145,0.0500000000000007);
#42=CIRCLE('',#7146,0.0500000000000007);
#43=CIRCLE('',#7149,0.0500000000000007);
#44=CIRCLE('',#7150,0.0500000000000007);
#45=CIRCLE('',#7152,0.0500000000000007);
#46=CIRCLE('',#7153,0.0500000000000007);
#47=CIRCLE('',#7156,0.0299999999999999);
#48=CIRCLE('',#7157,0.0299999999999999);
#49=CIRCLE('',#7161,0.0299999999999999);
#50=CIRCLE('',#7162,0.0299999999999999);
#51=CIRCLE('',#7167,0.0500000000000007);
#52=CIRCLE('',#7168,0.0500000000000007);
#53=CIRCLE('',#7173,0.0299999999999999);
#54=CIRCLE('',#7174,0.0299999999999999);
#55=CIRCLE('',#7206,0.0500000000000007);
#56=CIRCLE('',#7207,0.0500000000000007);
#57=CIRCLE('',#7211,0.0500000000000007);
#58=CIRCLE('',#7212,0.0500000000000007);
#59=CIRCLE('',#7273,0.0500000000000043);
#60=CIRCLE('',#7274,0.0500000000000043);
#61=CIRCLE('',#7279,0.0499999999999998);
#62=CIRCLE('',#7280,0.0499999999999998);
#63=CIRCLE('',#7285,0.0499999999999972);
#64=CIRCLE('',#7286,0.0499999999999972);
#65=CIRCLE('',#7289,0.0499999999999998);
#66=CIRCLE('',#7290,0.0499999999999998);
#67=CIRCLE('',#7296,0.05);
#68=CIRCLE('',#7298,0.05);
#69=CIRCLE('',#7304,0.0299999999999999);
#70=CIRCLE('',#7305,0.0500000000000007);
#71=CIRCLE('',#7317,0.0500000000000007);
#72=CIRCLE('',#7318,0.0299999999999999);
#73=CIRCLE('',#7324,0.0500000000000007);
#74=CIRCLE('',#7330,0.0299999999999999);
#75=CIRCLE('',#7333,0.0299999999999999);
#76=CIRCLE('',#7334,0.0500000000000007);
#77=CIRCLE('',#7337,0.0500000000000007);
#78=CIRCLE('',#7338,0.0299999999999999);
#79=CIRCLE('',#7348,0.0299999999999999);
#80=CIRCLE('',#7349,0.0500000000000007);
#81=CIRCLE('',#7353,0.0500000000000007);
#82=CIRCLE('',#7354,0.0299999999999999);
#83=CIRCLE('',#7369,0.0299999999999999);
#84=CIRCLE('',#7370,0.0500000000000007);
#85=CIRCLE('',#7373,0.0500000000000007);
#86=CIRCLE('',#7374,0.0299999999999999);
#87=CIRCLE('',#7384,0.0500000000000007);
#88=CIRCLE('',#7385,0.0299999999999999);
#89=CIRCLE('',#7388,0.0299999999999999);
#90=CIRCLE('',#7389,0.0500000000000007);
#91=CIRCLE('',#7400,0.0299999999999999);
#92=CIRCLE('',#7401,0.0500000000000007);
#93=CIRCLE('',#7404,0.0500000000000007);
#94=CIRCLE('',#7405,0.0299999999999999);
#95=CIRCLE('',#7408,0.0500000000000007);
#96=CIRCLE('',#7409,0.0299999999999999);
#97=CIRCLE('',#7412,0.0299999999999999);
#98=CIRCLE('',#7413,0.0500000000000007);
#99=CIRCLE('',#7424,0.0500000000000007);
#100=CIRCLE('',#7425,0.0299999999999999);
#101=CYLINDRICAL_SURFACE('',#7034,0.0299999999999999);
#102=CYLINDRICAL_SURFACE('',#7039,0.05);
#103=CYLINDRICAL_SURFACE('',#7042,0.0299999999999999);
#104=CYLINDRICAL_SURFACE('',#7066,0.0299999999999999);
#105=CYLINDRICAL_SURFACE('',#7071,0.0500000000000007);
#106=CYLINDRICAL_SURFACE('',#7086,0.0299999999999999);
#107=CYLINDRICAL_SURFACE('',#7095,0.0299999999999999);
#108=CYLINDRICAL_SURFACE('',#7100,0.0500000000000007);
#109=CYLINDRICAL_SURFACE('',#7107,0.0500000000000043);
#110=CYLINDRICAL_SURFACE('',#7113,0.0499999999999998);
#111=CYLINDRICAL_SURFACE('',#7119,0.0499999999999972);
#112=CYLINDRICAL_SURFACE('',#7123,0.0499999999999998);
#113=CYLINDRICAL_SURFACE('',#7135,0.05);
#114=CYLINDRICAL_SURFACE('',#7144,0.0500000000000007);
#115=CYLINDRICAL_SURFACE('',#7148,0.0500000000000007);
#116=CYLINDRICAL_SURFACE('',#7151,0.0500000000000007);
#117=CYLINDRICAL_SURFACE('',#7155,0.0299999999999999);
#118=CYLINDRICAL_SURFACE('',#7160,0.0299999999999999);
#119=CYLINDRICAL_SURFACE('',#7166,0.0500000000000007);
#120=CYLINDRICAL_SURFACE('',#7172,0.0299999999999999);
#121=CYLINDRICAL_SURFACE('',#7205,0.0500000000000007);
#122=CYLINDRICAL_SURFACE('',#7210,0.0500000000000007);
#123=CYLINDRICAL_SURFACE('',#7272,0.0500000000000043);
#124=CYLINDRICAL_SURFACE('',#7278,0.0499999999999998);
#125=CYLINDRICAL_SURFACE('',#7284,0.0499999999999972);
#126=CYLINDRICAL_SURFACE('',#7288,0.0499999999999998);
#127=CYLINDRICAL_SURFACE('',#7300,0.05);
#128=CYLINDRICAL_SURFACE('',#7323,0.0500000000000007);
#129=CYLINDRICAL_SURFACE('',#7329,0.0299999999999999);
#130=CYLINDRICAL_SURFACE('',#7340,0.0500000000000007);
#131=CYLINDRICAL_SURFACE('',#7345,0.0299999999999999);
#132=CYLINDRICAL_SURFACE('',#7356,0.0500000000000007);
#133=CYLINDRICAL_SURFACE('',#7361,0.0299999999999999);
#134=CYLINDRICAL_SURFACE('',#7376,0.0500000000000007);
#135=CYLINDRICAL_SURFACE('',#7381,0.0299999999999999);
#136=CYLINDRICAL_SURFACE('',#7427,0.0299999999999999);
#137=CYLINDRICAL_SURFACE('',#7432,0.0500000000000007);
#138=CYLINDRICAL_SURFACE('',#7436,0.0500000000000007);
#139=CYLINDRICAL_SURFACE('',#7441,0.0299999999999999);
#140=CYLINDRICAL_SURFACE('',#7444,0.0500000000000007);
#141=CYLINDRICAL_SURFACE('',#7449,0.0299999999999999);
#142=CYLINDRICAL_SURFACE('',#7453,0.0500000000000007);
#143=CYLINDRICAL_SURFACE('',#7458,0.0299999999999999);
#144=ELLIPSE('',#7031,0.0707106781186547,0.05);
#145=ELLIPSE('',#7040,0.0707106781186547,0.05);
#146=FACE_OUTER_BOUND('',#499,.T.);
#147=FACE_OUTER_BOUND('',#500,.T.);
#148=FACE_OUTER_BOUND('',#501,.T.);
#149=FACE_OUTER_BOUND('',#502,.T.);
#150=FACE_OUTER_BOUND('',#503,.T.);
#151=FACE_OUTER_BOUND('',#504,.T.);
#152=FACE_OUTER_BOUND('',#505,.T.);
#153=FACE_OUTER_BOUND('',#506,.T.);
#154=FACE_OUTER_BOUND('',#507,.T.);
#155=FACE_OUTER_BOUND('',#508,.T.);
#156=FACE_OUTER_BOUND('',#509,.T.);
#157=FACE_OUTER_BOUND('',#510,.T.);
#158=FACE_OUTER_BOUND('',#511,.T.);
#159=FACE_OUTER_BOUND('',#512,.T.);
#160=FACE_OUTER_BOUND('',#513,.T.);
#161=FACE_OUTER_BOUND('',#514,.T.);
#162=FACE_OUTER_BOUND('',#515,.T.);
#163=FACE_OUTER_BOUND('',#516,.T.);
#164=FACE_OUTER_BOUND('',#517,.T.);
#165=FACE_OUTER_BOUND('',#518,.T.);
#166=FACE_OUTER_BOUND('',#519,.T.);
#167=FACE_OUTER_BOUND('',#520,.T.);
#168=FACE_OUTER_BOUND('',#521,.T.);
#169=FACE_OUTER_BOUND('',#522,.T.);
#170=FACE_OUTER_BOUND('',#523,.T.);
#171=FACE_OUTER_BOUND('',#524,.T.);
#172=FACE_OUTER_BOUND('',#525,.T.);
#173=FACE_OUTER_BOUND('',#526,.T.);
#174=FACE_OUTER_BOUND('',#527,.T.);
#175=FACE_OUTER_BOUND('',#528,.T.);
#176=FACE_OUTER_BOUND('',#529,.T.);
#177=FACE_OUTER_BOUND('',#530,.T.);
#178=FACE_OUTER_BOUND('',#531,.T.);
#179=FACE_OUTER_BOUND('',#532,.T.);
#180=FACE_OUTER_BOUND('',#533,.T.);
#181=FACE_OUTER_BOUND('',#534,.T.);
#182=FACE_OUTER_BOUND('',#535,.T.);
#183=FACE_OUTER_BOUND('',#536,.T.);
#184=FACE_OUTER_BOUND('',#537,.T.);
#185=FACE_OUTER_BOUND('',#538,.T.);
#186=FACE_OUTER_BOUND('',#539,.T.);
#187=FACE_OUTER_BOUND('',#540,.T.);
#188=FACE_OUTER_BOUND('',#541,.T.);
#189=FACE_OUTER_BOUND('',#542,.T.);
#190=FACE_OUTER_BOUND('',#543,.T.);
#191=FACE_OUTER_BOUND('',#544,.T.);
#192=FACE_OUTER_BOUND('',#545,.T.);
#193=FACE_OUTER_BOUND('',#546,.T.);
#194=FACE_OUTER_BOUND('',#547,.T.);
#195=FACE_OUTER_BOUND('',#548,.T.);
#196=FACE_OUTER_BOUND('',#549,.T.);
#197=FACE_OUTER_BOUND('',#550,.T.);
#198=FACE_OUTER_BOUND('',#551,.T.);
#199=FACE_OUTER_BOUND('',#552,.T.);
#200=FACE_OUTER_BOUND('',#553,.T.);
#201=FACE_OUTER_BOUND('',#554,.T.);
#202=FACE_OUTER_BOUND('',#555,.T.);
#203=FACE_OUTER_BOUND('',#556,.T.);
#204=FACE_OUTER_BOUND('',#557,.T.);
#205=FACE_OUTER_BOUND('',#558,.T.);
#206=FACE_OUTER_BOUND('',#559,.T.);
#207=FACE_OUTER_BOUND('',#560,.T.);
#208=FACE_OUTER_BOUND('',#561,.T.);
#209=FACE_OUTER_BOUND('',#563,.T.);
#210=FACE_OUTER_BOUND('',#564,.T.);
#211=FACE_OUTER_BOUND('',#565,.T.);
#212=FACE_OUTER_BOUND('',#566,.T.);
#213=FACE_OUTER_BOUND('',#567,.T.);
#214=FACE_OUTER_BOUND('',#568,.T.);
#215=FACE_OUTER_BOUND('',#569,.T.);
#216=FACE_OUTER_BOUND('',#570,.T.);
#217=FACE_OUTER_BOUND('',#571,.T.);
#218=FACE_OUTER_BOUND('',#572,.T.);
#219=FACE_OUTER_BOUND('',#573,.T.);
#220=FACE_OUTER_BOUND('',#574,.T.);
#221=FACE_OUTER_BOUND('',#575,.T.);
#222=FACE_OUTER_BOUND('',#576,.T.);
#223=FACE_OUTER_BOUND('',#577,.T.);
#224=FACE_OUTER_BOUND('',#578,.T.);
#225=FACE_OUTER_BOUND('',#579,.T.);
#226=FACE_OUTER_BOUND('',#580,.T.);
#227=FACE_OUTER_BOUND('',#581,.T.);
#228=FACE_OUTER_BOUND('',#582,.T.);
#229=FACE_OUTER_BOUND('',#583,.T.);
#230=FACE_OUTER_BOUND('',#584,.T.);
#231=FACE_OUTER_BOUND('',#585,.T.);
#232=FACE_OUTER_BOUND('',#586,.T.);
#233=FACE_OUTER_BOUND('',#587,.T.);
#234=FACE_OUTER_BOUND('',#588,.T.);
#235=FACE_OUTER_BOUND('',#589,.T.);
#236=FACE_OUTER_BOUND('',#590,.T.);
#237=FACE_OUTER_BOUND('',#591,.T.);
#238=FACE_OUTER_BOUND('',#592,.T.);
#239=FACE_OUTER_BOUND('',#593,.T.);
#240=FACE_OUTER_BOUND('',#594,.T.);
#241=FACE_OUTER_BOUND('',#595,.T.);
#242=FACE_OUTER_BOUND('',#596,.T.);
#243=FACE_OUTER_BOUND('',#597,.T.);
#244=FACE_OUTER_BOUND('',#598,.T.);
#245=FACE_OUTER_BOUND('',#599,.T.);
#246=FACE_OUTER_BOUND('',#600,.T.);
#247=FACE_OUTER_BOUND('',#601,.T.);
#248=FACE_OUTER_BOUND('',#602,.T.);
#249=FACE_OUTER_BOUND('',#603,.T.);
#250=FACE_OUTER_BOUND('',#604,.T.);
#251=FACE_OUTER_BOUND('',#605,.T.);
#252=FACE_OUTER_BOUND('',#606,.T.);
#253=FACE_OUTER_BOUND('',#607,.T.);
#254=FACE_OUTER_BOUND('',#608,.T.);
#255=FACE_OUTER_BOUND('',#609,.T.);
#256=FACE_OUTER_BOUND('',#610,.T.);
#257=FACE_OUTER_BOUND('',#611,.T.);
#258=FACE_OUTER_BOUND('',#612,.T.);
#259=FACE_OUTER_BOUND('',#613,.T.);
#260=FACE_OUTER_BOUND('',#614,.T.);
#261=FACE_OUTER_BOUND('',#615,.T.);
#262=FACE_OUTER_BOUND('',#616,.T.);
#263=FACE_OUTER_BOUND('',#617,.T.);
#264=FACE_OUTER_BOUND('',#618,.T.);
#265=FACE_OUTER_BOUND('',#619,.T.);
#266=FACE_OUTER_BOUND('',#620,.T.);
#267=FACE_OUTER_BOUND('',#621,.T.);
#268=FACE_OUTER_BOUND('',#622,.T.);
#269=FACE_OUTER_BOUND('',#623,.T.);
#270=FACE_OUTER_BOUND('',#624,.T.);
#271=FACE_OUTER_BOUND('',#625,.T.);
#272=FACE_OUTER_BOUND('',#626,.T.);
#273=FACE_OUTER_BOUND('',#627,.T.);
#274=FACE_OUTER_BOUND('',#628,.T.);
#275=FACE_OUTER_BOUND('',#629,.T.);
#276=FACE_OUTER_BOUND('',#630,.T.);
#277=FACE_OUTER_BOUND('',#631,.T.);
#278=FACE_OUTER_BOUND('',#632,.T.);
#279=FACE_OUTER_BOUND('',#633,.T.);
#280=FACE_OUTER_BOUND('',#634,.T.);
#281=FACE_OUTER_BOUND('',#635,.T.);
#282=FACE_OUTER_BOUND('',#636,.T.);
#283=FACE_OUTER_BOUND('',#637,.T.);
#284=FACE_OUTER_BOUND('',#638,.T.);
#285=FACE_OUTER_BOUND('',#639,.T.);
#286=FACE_OUTER_BOUND('',#640,.T.);
#287=FACE_OUTER_BOUND('',#641,.T.);
#288=FACE_OUTER_BOUND('',#642,.T.);
#289=FACE_OUTER_BOUND('',#643,.T.);
#290=FACE_OUTER_BOUND('',#644,.T.);
#291=FACE_OUTER_BOUND('',#645,.T.);
#292=FACE_OUTER_BOUND('',#646,.T.);
#293=FACE_OUTER_BOUND('',#647,.T.);
#294=FACE_OUTER_BOUND('',#648,.T.);
#295=FACE_OUTER_BOUND('',#649,.T.);
#296=FACE_OUTER_BOUND('',#650,.T.);
#297=FACE_OUTER_BOUND('',#651,.T.);
#298=FACE_OUTER_BOUND('',#652,.T.);
#299=FACE_OUTER_BOUND('',#653,.T.);
#300=FACE_OUTER_BOUND('',#654,.T.);
#301=FACE_OUTER_BOUND('',#655,.T.);
#302=FACE_OUTER_BOUND('',#656,.T.);
#303=FACE_OUTER_BOUND('',#657,.T.);
#304=FACE_OUTER_BOUND('',#658,.T.);
#305=FACE_OUTER_BOUND('',#659,.T.);
#306=FACE_OUTER_BOUND('',#660,.T.);
#307=FACE_OUTER_BOUND('',#661,.T.);
#308=FACE_OUTER_BOUND('',#662,.T.);
#309=FACE_OUTER_BOUND('',#663,.T.);
#310=FACE_OUTER_BOUND('',#664,.T.);
#311=FACE_OUTER_BOUND('',#665,.T.);
#312=FACE_OUTER_BOUND('',#666,.T.);
#313=FACE_OUTER_BOUND('',#667,.T.);
#314=FACE_OUTER_BOUND('',#668,.T.);
#315=FACE_OUTER_BOUND('',#669,.T.);
#316=FACE_OUTER_BOUND('',#670,.T.);
#317=FACE_OUTER_BOUND('',#671,.T.);
#318=FACE_OUTER_BOUND('',#672,.T.);
#319=FACE_OUTER_BOUND('',#673,.T.);
#320=FACE_OUTER_BOUND('',#674,.T.);
#321=FACE_OUTER_BOUND('',#675,.T.);
#322=FACE_OUTER_BOUND('',#676,.T.);
#323=FACE_OUTER_BOUND('',#677,.T.);
#324=FACE_OUTER_BOUND('',#678,.T.);
#325=FACE_OUTER_BOUND('',#679,.T.);
#326=FACE_OUTER_BOUND('',#680,.T.);
#327=FACE_OUTER_BOUND('',#681,.T.);
#328=FACE_OUTER_BOUND('',#682,.T.);
#329=FACE_OUTER_BOUND('',#683,.T.);
#330=FACE_OUTER_BOUND('',#684,.T.);
#331=FACE_OUTER_BOUND('',#685,.T.);
#332=FACE_OUTER_BOUND('',#686,.T.);
#333=FACE_OUTER_BOUND('',#687,.T.);
#334=FACE_OUTER_BOUND('',#688,.T.);
#335=FACE_OUTER_BOUND('',#689,.T.);
#336=FACE_OUTER_BOUND('',#690,.T.);
#337=FACE_OUTER_BOUND('',#691,.T.);
#338=FACE_OUTER_BOUND('',#692,.T.);
#339=FACE_OUTER_BOUND('',#693,.T.);
#340=FACE_OUTER_BOUND('',#694,.T.);
#341=FACE_OUTER_BOUND('',#695,.T.);
#342=FACE_OUTER_BOUND('',#696,.T.);
#343=FACE_OUTER_BOUND('',#697,.T.);
#344=FACE_OUTER_BOUND('',#698,.T.);
#345=FACE_OUTER_BOUND('',#699,.T.);
#346=FACE_OUTER_BOUND('',#701,.T.);
#347=FACE_OUTER_BOUND('',#702,.T.);
#348=FACE_OUTER_BOUND('',#703,.T.);
#349=FACE_OUTER_BOUND('',#704,.T.);
#350=FACE_OUTER_BOUND('',#705,.T.);
#351=FACE_OUTER_BOUND('',#706,.T.);
#352=FACE_OUTER_BOUND('',#707,.T.);
#353=FACE_OUTER_BOUND('',#708,.T.);
#354=FACE_OUTER_BOUND('',#709,.T.);
#355=FACE_OUTER_BOUND('',#710,.T.);
#356=FACE_OUTER_BOUND('',#711,.T.);
#357=FACE_OUTER_BOUND('',#712,.T.);
#358=FACE_OUTER_BOUND('',#713,.T.);
#359=FACE_OUTER_BOUND('',#714,.T.);
#360=FACE_OUTER_BOUND('',#715,.T.);
#361=FACE_OUTER_BOUND('',#716,.T.);
#362=FACE_OUTER_BOUND('',#717,.T.);
#363=FACE_OUTER_BOUND('',#718,.T.);
#364=FACE_OUTER_BOUND('',#719,.T.);
#365=FACE_OUTER_BOUND('',#720,.T.);
#366=FACE_OUTER_BOUND('',#721,.T.);
#367=FACE_OUTER_BOUND('',#722,.T.);
#368=FACE_OUTER_BOUND('',#723,.T.);
#369=FACE_OUTER_BOUND('',#724,.T.);
#370=FACE_OUTER_BOUND('',#725,.T.);
#371=FACE_OUTER_BOUND('',#726,.T.);
#372=FACE_OUTER_BOUND('',#727,.T.);
#373=FACE_OUTER_BOUND('',#728,.T.);
#374=FACE_OUTER_BOUND('',#729,.T.);
#375=FACE_OUTER_BOUND('',#730,.T.);
#376=FACE_OUTER_BOUND('',#731,.T.);
#377=FACE_OUTER_BOUND('',#732,.T.);
#378=FACE_OUTER_BOUND('',#733,.T.);
#379=FACE_OUTER_BOUND('',#734,.T.);
#380=FACE_OUTER_BOUND('',#735,.T.);
#381=FACE_OUTER_BOUND('',#736,.T.);
#382=FACE_OUTER_BOUND('',#737,.T.);
#383=FACE_OUTER_BOUND('',#738,.T.);
#384=FACE_OUTER_BOUND('',#739,.T.);
#385=FACE_OUTER_BOUND('',#740,.T.);
#386=FACE_OUTER_BOUND('',#741,.T.);
#387=FACE_OUTER_BOUND('',#742,.T.);
#388=FACE_OUTER_BOUND('',#743,.T.);
#389=FACE_OUTER_BOUND('',#744,.T.);
#390=FACE_OUTER_BOUND('',#745,.T.);
#391=FACE_OUTER_BOUND('',#746,.T.);
#392=FACE_OUTER_BOUND('',#747,.T.);
#393=FACE_OUTER_BOUND('',#748,.T.);
#394=FACE_OUTER_BOUND('',#749,.T.);
#395=FACE_OUTER_BOUND('',#750,.T.);
#396=FACE_OUTER_BOUND('',#751,.T.);
#397=FACE_OUTER_BOUND('',#752,.T.);
#398=FACE_OUTER_BOUND('',#753,.T.);
#399=FACE_OUTER_BOUND('',#754,.T.);
#400=FACE_OUTER_BOUND('',#755,.T.);
#401=FACE_OUTER_BOUND('',#756,.T.);
#402=FACE_OUTER_BOUND('',#757,.T.);
#403=FACE_OUTER_BOUND('',#758,.T.);
#404=FACE_OUTER_BOUND('',#759,.T.);
#405=FACE_OUTER_BOUND('',#760,.T.);
#406=FACE_OUTER_BOUND('',#761,.T.);
#407=FACE_OUTER_BOUND('',#762,.T.);
#408=FACE_OUTER_BOUND('',#763,.T.);
#409=FACE_OUTER_BOUND('',#764,.T.);
#410=FACE_OUTER_BOUND('',#765,.T.);
#411=FACE_OUTER_BOUND('',#766,.T.);
#412=FACE_OUTER_BOUND('',#767,.T.);
#413=FACE_OUTER_BOUND('',#768,.T.);
#414=FACE_OUTER_BOUND('',#769,.T.);
#415=FACE_OUTER_BOUND('',#770,.T.);
#416=FACE_OUTER_BOUND('',#771,.T.);
#417=FACE_OUTER_BOUND('',#772,.T.);
#418=FACE_OUTER_BOUND('',#773,.T.);
#419=FACE_OUTER_BOUND('',#774,.T.);
#420=FACE_OUTER_BOUND('',#775,.T.);
#421=FACE_OUTER_BOUND('',#776,.T.);
#422=FACE_OUTER_BOUND('',#777,.T.);
#423=FACE_OUTER_BOUND('',#778,.T.);
#424=FACE_OUTER_BOUND('',#779,.T.);
#425=FACE_OUTER_BOUND('',#780,.T.);
#426=FACE_OUTER_BOUND('',#781,.T.);
#427=FACE_OUTER_BOUND('',#782,.T.);
#428=FACE_OUTER_BOUND('',#783,.T.);
#429=FACE_OUTER_BOUND('',#784,.T.);
#430=FACE_OUTER_BOUND('',#785,.T.);
#431=FACE_OUTER_BOUND('',#786,.T.);
#432=FACE_OUTER_BOUND('',#787,.T.);
#433=FACE_OUTER_BOUND('',#788,.T.);
#434=FACE_OUTER_BOUND('',#789,.T.);
#435=FACE_OUTER_BOUND('',#790,.T.);
#436=FACE_OUTER_BOUND('',#791,.T.);
#437=FACE_OUTER_BOUND('',#792,.T.);
#438=FACE_OUTER_BOUND('',#793,.T.);
#439=FACE_OUTER_BOUND('',#794,.T.);
#440=FACE_OUTER_BOUND('',#795,.T.);
#441=FACE_OUTER_BOUND('',#796,.T.);
#442=FACE_OUTER_BOUND('',#797,.T.);
#443=FACE_OUTER_BOUND('',#798,.T.);
#444=FACE_OUTER_BOUND('',#799,.T.);
#445=FACE_OUTER_BOUND('',#800,.T.);
#446=FACE_OUTER_BOUND('',#801,.T.);
#447=FACE_OUTER_BOUND('',#802,.T.);
#448=FACE_OUTER_BOUND('',#803,.T.);
#449=FACE_OUTER_BOUND('',#804,.T.);
#450=FACE_OUTER_BOUND('',#805,.T.);
#451=FACE_OUTER_BOUND('',#806,.T.);
#452=FACE_OUTER_BOUND('',#807,.T.);
#453=FACE_OUTER_BOUND('',#808,.T.);
#454=FACE_OUTER_BOUND('',#809,.T.);
#455=FACE_OUTER_BOUND('',#810,.T.);
#456=FACE_OUTER_BOUND('',#811,.T.);
#457=FACE_OUTER_BOUND('',#812,.T.);
#458=FACE_OUTER_BOUND('',#813,.T.);
#459=FACE_OUTER_BOUND('',#814,.T.);
#460=FACE_OUTER_BOUND('',#815,.T.);
#461=FACE_OUTER_BOUND('',#816,.T.);
#462=FACE_OUTER_BOUND('',#817,.T.);
#463=FACE_OUTER_BOUND('',#818,.T.);
#464=FACE_OUTER_BOUND('',#819,.T.);
#465=FACE_OUTER_BOUND('',#820,.T.);
#466=FACE_OUTER_BOUND('',#821,.T.);
#467=FACE_OUTER_BOUND('',#822,.T.);
#468=FACE_OUTER_BOUND('',#823,.T.);
#469=FACE_OUTER_BOUND('',#824,.T.);
#470=FACE_OUTER_BOUND('',#825,.T.);
#471=FACE_OUTER_BOUND('',#826,.T.);
#472=FACE_OUTER_BOUND('',#827,.T.);
#473=FACE_OUTER_BOUND('',#828,.T.);
#474=FACE_OUTER_BOUND('',#829,.T.);
#475=FACE_OUTER_BOUND('',#830,.T.);
#476=FACE_OUTER_BOUND('',#831,.T.);
#477=FACE_OUTER_BOUND('',#832,.T.);
#478=FACE_OUTER_BOUND('',#833,.T.);
#479=FACE_OUTER_BOUND('',#834,.T.);
#480=FACE_OUTER_BOUND('',#835,.T.);
#481=FACE_OUTER_BOUND('',#836,.T.);
#482=FACE_OUTER_BOUND('',#837,.T.);
#483=FACE_OUTER_BOUND('',#838,.T.);
#484=FACE_OUTER_BOUND('',#839,.T.);
#485=FACE_OUTER_BOUND('',#840,.T.);
#486=FACE_OUTER_BOUND('',#841,.T.);
#487=FACE_OUTER_BOUND('',#842,.T.);
#488=FACE_OUTER_BOUND('',#843,.T.);
#489=FACE_OUTER_BOUND('',#844,.T.);
#490=FACE_OUTER_BOUND('',#845,.T.);
#491=FACE_OUTER_BOUND('',#846,.T.);
#492=FACE_OUTER_BOUND('',#847,.T.);
#493=FACE_OUTER_BOUND('',#848,.T.);
#494=FACE_OUTER_BOUND('',#849,.T.);
#495=FACE_OUTER_BOUND('',#850,.T.);
#496=FACE_OUTER_BOUND('',#851,.T.);
#497=FACE_OUTER_BOUND('',#852,.T.);
#498=FACE_OUTER_BOUND('',#853,.T.);
#499=EDGE_LOOP('',(#4345,#4346,#4347,#4348,#4349));
#500=EDGE_LOOP('',(#4350,#4351,#4352,#4353));
#501=EDGE_LOOP('',(#4354,#4355,#4356,#4357));
#502=EDGE_LOOP('',(#4358,#4359,#4360,#4361,#4362,#4363,#4364,#4365,#4366));
#503=EDGE_LOOP('',(#4367,#4368,#4369,#4370));
#504=EDGE_LOOP('',(#4371,#4372,#4373,#4374));
#505=EDGE_LOOP('',(#4375,#4376,#4377,#4378));
#506=EDGE_LOOP('',(#4379,#4380,#4381,#4382));
#507=EDGE_LOOP('',(#4383,#4384,#4385,#4386));
#508=EDGE_LOOP('',(#4387,#4388,#4389,#4390));
#509=EDGE_LOOP('',(#4391,#4392,#4393,#4394));
#510=EDGE_LOOP('',(#4395,#4396,#4397,#4398));
#511=EDGE_LOOP('',(#4399,#4400,#4401,#4402));
#512=EDGE_LOOP('',(#4403,#4404,#4405,#4406,#4407,#4408));
#513=EDGE_LOOP('',(#4409,#4410,#4411,#4412,#4413,#4414,#4415,#4416,#4417,
#4418,#4419));
#514=EDGE_LOOP('',(#4420,#4421,#4422,#4423,#4424,#4425,#4426,#4427,#4428,
#4429,#4430));
#515=EDGE_LOOP('',(#4431,#4432,#4433,#4434));
#516=EDGE_LOOP('',(#4435,#4436,#4437,#4438,#4439,#4440,#4441,#4442,#4443,
#4444,#4445));
#517=EDGE_LOOP('',(#4446,#4447,#4448,#4449,#4450,#4451,#4452,#4453));
#518=EDGE_LOOP('',(#4454,#4455,#4456,#4457,#4458,#4459,#4460,#4461,#4462,
#4463,#4464));
#519=EDGE_LOOP('',(#4465,#4466,#4467,#4468));
#520=EDGE_LOOP('',(#4469,#4470,#4471,#4472));
#521=EDGE_LOOP('',(#4473,#4474,#4475,#4476,#4477,#4478,#4479,#4480,#4481,
#4482,#4483));
#522=EDGE_LOOP('',(#4484,#4485,#4486,#4487));
#523=EDGE_LOOP('',(#4488,#4489,#4490,#4491));
#524=EDGE_LOOP('',(#4492,#4493,#4494,#4495));
#525=EDGE_LOOP('',(#4496,#4497,#4498,#4499));
#526=EDGE_LOOP('',(#4500,#4501,#4502,#4503));
#527=EDGE_LOOP('',(#4504,#4505,#4506,#4507));
#528=EDGE_LOOP('',(#4508,#4509,#4510,#4511));
#529=EDGE_LOOP('',(#4512,#4513,#4514,#4515,#4516,#4517,#4518,#4519,#4520,
#4521));
#530=EDGE_LOOP('',(#4522,#4523,#4524,#4525));
#531=EDGE_LOOP('',(#4526,#4527,#4528,#4529));
#532=EDGE_LOOP('',(#4530,#4531,#4532,#4533));
#533=EDGE_LOOP('',(#4534,#4535,#4536,#4537));
#534=EDGE_LOOP('',(#4538,#4539,#4540,#4541,#4542));
#535=EDGE_LOOP('',(#4543,#4544,#4545,#4546,#4547,#4548));
#536=EDGE_LOOP('',(#4549,#4550,#4551,#4552,#4553,#4554));
#537=EDGE_LOOP('',(#4555,#4556,#4557,#4558));
#538=EDGE_LOOP('',(#4559,#4560,#4561,#4562));
#539=EDGE_LOOP('',(#4563,#4564,#4565,#4566));
#540=EDGE_LOOP('',(#4567,#4568,#4569,#4570,#4571));
#541=EDGE_LOOP('',(#4572,#4573,#4574,#4575));
#542=EDGE_LOOP('',(#4576,#4577,#4578,#4579));
#543=EDGE_LOOP('',(#4580,#4581,#4582,#4583));
#544=EDGE_LOOP('',(#4584,#4585,#4586,#4587,#4588,#4589));
#545=EDGE_LOOP('',(#4590,#4591,#4592,#4593));
#546=EDGE_LOOP('',(#4594,#4595,#4596,#4597));
#547=EDGE_LOOP('',(#4598,#4599,#4600,#4601));
#548=EDGE_LOOP('',(#4602,#4603,#4604,#4605));
#549=EDGE_LOOP('',(#4606,#4607,#4608,#4609));
#550=EDGE_LOOP('',(#4610,#4611,#4612,#4613));
#551=EDGE_LOOP('',(#4614,#4615,#4616,#4617));
#552=EDGE_LOOP('',(#4618,#4619,#4620,#4621));
#553=EDGE_LOOP('',(#4622,#4623,#4624,#4625));
#554=EDGE_LOOP('',(#4626,#4627,#4628,#4629));
#555=EDGE_LOOP('',(#4630,#4631,#4632,#4633));
#556=EDGE_LOOP('',(#4634,#4635,#4636,#4637));
#557=EDGE_LOOP('',(#4638,#4639,#4640,#4641));
#558=EDGE_LOOP('',(#4642,#4643,#4644,#4645,#4646));
#559=EDGE_LOOP('',(#4647,#4648,#4649,#4650));
#560=EDGE_LOOP('',(#4651,#4652,#4653,#4654,#4655));
#561=EDGE_LOOP('',(#4656,#4657,#4658,#4659));
#562=EDGE_LOOP('',(#4660,#4661,#4662,#4663));
#563=EDGE_LOOP('',(#4664,#4665,#4666,#4667));
#564=EDGE_LOOP('',(#4668,#4669,#4670,#4671));
#565=EDGE_LOOP('',(#4672,#4673,#4674,#4675));
#566=EDGE_LOOP('',(#4676,#4677,#4678,#4679));
#567=EDGE_LOOP('',(#4680,#4681,#4682,#4683));
#568=EDGE_LOOP('',(#4684,#4685,#4686,#4687));
#569=EDGE_LOOP('',(#4688,#4689,#4690,#4691));
#570=EDGE_LOOP('',(#4692,#4693,#4694,#4695));
#571=EDGE_LOOP('',(#4696,#4697,#4698,#4699));
#572=EDGE_LOOP('',(#4700,#4701,#4702,#4703));
#573=EDGE_LOOP('',(#4704,#4705,#4706,#4707));
#574=EDGE_LOOP('',(#4708,#4709,#4710,#4711));
#575=EDGE_LOOP('',(#4712,#4713,#4714,#4715));
#576=EDGE_LOOP('',(#4716,#4717,#4718,#4719));
#577=EDGE_LOOP('',(#4720,#4721,#4722,#4723));
#578=EDGE_LOOP('',(#4724,#4725,#4726,#4727,#4728,#4729,#4730,#4731,#4732,
#4733,#4734,#4735,#4736,#4737,#4738,#4739,#4740,#4741));
#579=EDGE_LOOP('',(#4742,#4743,#4744,#4745,#4746,#4747,#4748,#4749,#4750,
#4751,#4752,#4753,#4754,#4755,#4756,#4757,#4758,#4759));
#580=EDGE_LOOP('',(#4760,#4761,#4762,#4763));
#581=EDGE_LOOP('',(#4764,#4765,#4766,#4767));
#582=EDGE_LOOP('',(#4768,#4769,#4770,#4771,#4772,#4773));
#583=EDGE_LOOP('',(#4774,#4775,#4776,#4777));
#584=EDGE_LOOP('',(#4778,#4779,#4780,#4781));
#585=EDGE_LOOP('',(#4782,#4783,#4784,#4785));
#586=EDGE_LOOP('',(#4786,#4787,#4788,#4789,#4790,#4791));
#587=EDGE_LOOP('',(#4792,#4793,#4794,#4795));
#588=EDGE_LOOP('',(#4796,#4797,#4798,#4799));
#589=EDGE_LOOP('',(#4800,#4801,#4802,#4803));
#590=EDGE_LOOP('',(#4804,#4805,#4806,#4807));
#591=EDGE_LOOP('',(#4808,#4809,#4810,#4811));
#592=EDGE_LOOP('',(#4812,#4813,#4814,#4815));
#593=EDGE_LOOP('',(#4816,#4817,#4818,#4819));
#594=EDGE_LOOP('',(#4820,#4821,#4822,#4823,#4824,#4825,#4826,#4827,#4828,
#4829,#4830,#4831,#4832,#4833,#4834,#4835,#4836,#4837,#4838,#4839,#4840,
#4841,#4842,#4843,#4844,#4845,#4846,#4847,#4848,#4849,#4850,#4851,#4852,
#4853,#4854,#4855,#4856,#4857,#4858,#4859,#4860,#4861,#4862,#4863,#4864,
#4865,#4866,#4867,#4868,#4869,#4870,#4871,#4872,#4873,#4874,#4875,#4876,
#4877,#4878,#4879,#4880,#4881,#4882,#4883,#4884,#4885,#4886,#4887));
#595=EDGE_LOOP('',(#4888,#4889,#4890,#4891));
#596=EDGE_LOOP('',(#4892,#4893,#4894,#4895));
#597=EDGE_LOOP('',(#4896,#4897,#4898,#4899,#4900,#4901,#4902,#4903,#4904,
#4905,#4906));
#598=EDGE_LOOP('',(#4907,#4908,#4909,#4910));
#599=EDGE_LOOP('',(#4911,#4912,#4913,#4914));
#600=EDGE_LOOP('',(#4915,#4916,#4917,#4918));
#601=EDGE_LOOP('',(#4919,#4920,#4921,#4922));
#602=EDGE_LOOP('',(#4923,#4924,#4925,#4926));
#603=EDGE_LOOP('',(#4927,#4928,#4929,#4930));
#604=EDGE_LOOP('',(#4931,#4932,#4933,#4934));
#605=EDGE_LOOP('',(#4935,#4936,#4937,#4938));
#606=EDGE_LOOP('',(#4939,#4940,#4941,#4942));
#607=EDGE_LOOP('',(#4943,#4944,#4945,#4946));
#608=EDGE_LOOP('',(#4947,#4948,#4949,#4950));
#609=EDGE_LOOP('',(#4951,#4952,#4953,#4954));
#610=EDGE_LOOP('',(#4955,#4956,#4957,#4958));
#611=EDGE_LOOP('',(#4959,#4960,#4961,#4962));
#612=EDGE_LOOP('',(#4963,#4964,#4965,#4966));
#613=EDGE_LOOP('',(#4967,#4968,#4969,#4970));
#614=EDGE_LOOP('',(#4971,#4972,#4973,#4974));
#615=EDGE_LOOP('',(#4975,#4976,#4977,#4978));
#616=EDGE_LOOP('',(#4979,#4980,#4981,#4982));
#617=EDGE_LOOP('',(#4983,#4984,#4985,#4986));
#618=EDGE_LOOP('',(#4987,#4988,#4989,#4990));
#619=EDGE_LOOP('',(#4991,#4992,#4993,#4994));
#620=EDGE_LOOP('',(#4995,#4996,#4997,#4998,#4999,#5000,#5001,#5002,#5003,
#5004,#5005));
#621=EDGE_LOOP('',(#5006,#5007,#5008,#5009,#5010,#5011,#5012,#5013));
#622=EDGE_LOOP('',(#5014,#5015,#5016,#5017));
#623=EDGE_LOOP('',(#5018,#5019,#5020,#5021,#5022,#5023));
#624=EDGE_LOOP('',(#5024,#5025,#5026,#5027));
#625=EDGE_LOOP('',(#5028,#5029,#5030,#5031));
#626=EDGE_LOOP('',(#5032,#5033,#5034,#5035));
#627=EDGE_LOOP('',(#5036,#5037,#5038,#5039));
#628=EDGE_LOOP('',(#5040,#5041,#5042,#5043));
#629=EDGE_LOOP('',(#5044,#5045,#5046,#5047,#5048,#5049));
#630=EDGE_LOOP('',(#5050,#5051,#5052,#5053));
#631=EDGE_LOOP('',(#5054,#5055,#5056,#5057,#5058,#5059,#5060,#5061,#5062,
#5063));
#632=EDGE_LOOP('',(#5064,#5065,#5066,#5067));
#633=EDGE_LOOP('',(#5068,#5069,#5070,#5071));
#634=EDGE_LOOP('',(#5072,#5073,#5074,#5075));
#635=EDGE_LOOP('',(#5076,#5077,#5078,#5079));
#636=EDGE_LOOP('',(#5080,#5081,#5082,#5083));
#637=EDGE_LOOP('',(#5084,#5085,#5086,#5087));
#638=EDGE_LOOP('',(#5088,#5089,#5090,#5091));
#639=EDGE_LOOP('',(#5092,#5093,#5094,#5095));
#640=EDGE_LOOP('',(#5096,#5097,#5098,#5099));
#641=EDGE_LOOP('',(#5100,#5101,#5102,#5103));
#642=EDGE_LOOP('',(#5104,#5105,#5106,#5107));
#643=EDGE_LOOP('',(#5108,#5109,#5110,#5111));
#644=EDGE_LOOP('',(#5112,#5113,#5114,#5115,#5116,#5117,#5118,#5119));
#645=EDGE_LOOP('',(#5120,#5121,#5122,#5123,#5124,#5125,#5126,#5127,#5128,
#5129,#5130));
#646=EDGE_LOOP('',(#5131,#5132,#5133,#5134));
#647=EDGE_LOOP('',(#5135,#5136,#5137,#5138,#5139,#5140,#5141,#5142,#5143,
#5144,#5145));
#648=EDGE_LOOP('',(#5146,#5147,#5148,#5149));
#649=EDGE_LOOP('',(#5150,#5151,#5152,#5153,#5154,#5155));
#650=EDGE_LOOP('',(#5156,#5157,#5158,#5159));
#651=EDGE_LOOP('',(#5160,#5161,#5162,#5163));
#652=EDGE_LOOP('',(#5164,#5165,#5166,#5167));
#653=EDGE_LOOP('',(#5168,#5169,#5170,#5171));
#654=EDGE_LOOP('',(#5172,#5173,#5174,#5175,#5176,#5177));
#655=EDGE_LOOP('',(#5178,#5179,#5180,#5181,#5182,#5183,#5184,#5185));
#656=EDGE_LOOP('',(#5186,#5187,#5188,#5189));
#657=EDGE_LOOP('',(#5190,#5191,#5192,#5193,#5194,#5195,#5196,#5197,#5198,
#5199,#5200));
#658=EDGE_LOOP('',(#5201,#5202,#5203,#5204,#5205,#5206,#5207,#5208,#5209,
#5210,#5211));
#659=EDGE_LOOP('',(#5212,#5213,#5214,#5215,#5216,#5217,#5218,#5219));
#660=EDGE_LOOP('',(#5220,#5221,#5222,#5223,#5224,#5225,#5226,#5227,#5228,
#5229,#5230));
#661=EDGE_LOOP('',(#5231,#5232,#5233,#5234));
#662=EDGE_LOOP('',(#5235,#5236,#5237,#5238,#5239,#5240,#5241,#5242,#5243,
#5244,#5245));
#663=EDGE_LOOP('',(#5246,#5247,#5248,#5249));
#664=EDGE_LOOP('',(#5250,#5251,#5252,#5253,#5254,#5255));
#665=EDGE_LOOP('',(#5256,#5257,#5258,#5259));
#666=EDGE_LOOP('',(#5260,#5261,#5262,#5263));
#667=EDGE_LOOP('',(#5264,#5265,#5266,#5267));
#668=EDGE_LOOP('',(#5268,#5269,#5270,#5271));
#669=EDGE_LOOP('',(#5272,#5273,#5274,#5275,#5276,#5277));
#670=EDGE_LOOP('',(#5278,#5279,#5280,#5281,#5282,#5283,#5284,#5285));
#671=EDGE_LOOP('',(#5286,#5287,#5288,#5289,#5290,#5291,#5292,#5293,#5294,
#5295,#5296));
#672=EDGE_LOOP('',(#5297,#5298,#5299,#5300));
#673=EDGE_LOOP('',(#5301,#5302,#5303,#5304,#5305,#5306,#5307,#5308,#5309,
#5310,#5311));
#674=EDGE_LOOP('',(#5312,#5313,#5314,#5315,#5316,#5317,#5318,#5319));
#675=EDGE_LOOP('',(#5320,#5321,#5322,#5323,#5324,#5325,#5326,#5327,#5328,
#5329,#5330));
#676=EDGE_LOOP('',(#5331,#5332,#5333,#5334));
#677=EDGE_LOOP('',(#5335,#5336,#5337,#5338,#5339,#5340,#5341,#5342,#5343,
#5344,#5345));
#678=EDGE_LOOP('',(#5346,#5347,#5348,#5349));
#679=EDGE_LOOP('',(#5350,#5351,#5352,#5353,#5354,#5355));
#680=EDGE_LOOP('',(#5356,#5357,#5358,#5359));
#681=EDGE_LOOP('',(#5360,#5361,#5362,#5363));
#682=EDGE_LOOP('',(#5364,#5365,#5366,#5367));
#683=EDGE_LOOP('',(#5368,#5369,#5370,#5371));
#684=EDGE_LOOP('',(#5372,#5373,#5374,#5375));
#685=EDGE_LOOP('',(#5376,#5377,#5378,#5379,#5380,#5381,#5382,#5383));
#686=EDGE_LOOP('',(#5384,#5385,#5386,#5387));
#687=EDGE_LOOP('',(#5388,#5389,#5390,#5391));
#688=EDGE_LOOP('',(#5392,#5393,#5394,#5395));
#689=EDGE_LOOP('',(#5396,#5397,#5398,#5399));
#690=EDGE_LOOP('',(#5400,#5401,#5402,#5403,#5404,#5405));
#691=EDGE_LOOP('',(#5406,#5407,#5408,#5409,#5410));
#692=EDGE_LOOP('',(#5411,#5412,#5413,#5414));
#693=EDGE_LOOP('',(#5415,#5416,#5417,#5418,#5419,#5420));
#694=EDGE_LOOP('',(#5421,#5422,#5423,#5424));
#695=EDGE_LOOP('',(#5425,#5426,#5427,#5428,#5429,#5430));
#696=EDGE_LOOP('',(#5431,#5432,#5433,#5434));
#697=EDGE_LOOP('',(#5435,#5436,#5437,#5438));
#698=EDGE_LOOP('',(#5439,#5440,#5441,#5442,#5443));
#699=EDGE_LOOP('',(#5444,#5445,#5446,#5447));
#700=EDGE_LOOP('',(#5448,#5449,#5450,#5451));
#701=EDGE_LOOP('',(#5452,#5453,#5454,#5455));
#702=EDGE_LOOP('',(#5456,#5457,#5458,#5459));
#703=EDGE_LOOP('',(#5460,#5461,#5462,#5463));
#704=EDGE_LOOP('',(#5464,#5465,#5466,#5467));
#705=EDGE_LOOP('',(#5468,#5469,#5470,#5471));
#706=EDGE_LOOP('',(#5472,#5473,#5474,#5475));
#707=EDGE_LOOP('',(#5476,#5477,#5478,#5479));
#708=EDGE_LOOP('',(#5480,#5481,#5482,#5483));
#709=EDGE_LOOP('',(#5484,#5485,#5486,#5487));
#710=EDGE_LOOP('',(#5488,#5489,#5490,#5491));
#711=EDGE_LOOP('',(#5492,#5493,#5494,#5495));
#712=EDGE_LOOP('',(#5496,#5497,#5498,#5499));
#713=EDGE_LOOP('',(#5500,#5501,#5502,#5503));
#714=EDGE_LOOP('',(#5504,#5505,#5506,#5507));
#715=EDGE_LOOP('',(#5508,#5509,#5510,#5511));
#716=EDGE_LOOP('',(#5512,#5513,#5514,#5515,#5516,#5517,#5518,#5519,#5520,
#5521,#5522,#5523,#5524,#5525,#5526,#5527,#5528,#5529));
#717=EDGE_LOOP('',(#5530,#5531,#5532,#5533,#5534,#5535,#5536,#5537,#5538,
#5539,#5540,#5541,#5542,#5543,#5544,#5545,#5546,#5547));
#718=EDGE_LOOP('',(#5548,#5549,#5550,#5551));
#719=EDGE_LOOP('',(#5552,#5553,#5554,#5555));
#720=EDGE_LOOP('',(#5556,#5557,#5558,#5559,#5560,#5561));
#721=EDGE_LOOP('',(#5562,#5563,#5564,#5565,#5566,#5567,#5568,#5569,#5570,
#5571,#5572));
#722=EDGE_LOOP('',(#5573,#5574,#5575,#5576,#5577,#5578,#5579,#5580,#5581,
#5582,#5583));
#723=EDGE_LOOP('',(#5584,#5585,#5586,#5587));
#724=EDGE_LOOP('',(#5588,#5589,#5590,#5591,#5592));
#725=EDGE_LOOP('',(#5593,#5594,#5595,#5596,#5597,#5598,#5599,#5600));
#726=EDGE_LOOP('',(#5601,#5602,#5603,#5604,#5605,#5606,#5607,#5608,#5609));
#727=EDGE_LOOP('',(#5610,#5611,#5612,#5613));
#728=EDGE_LOOP('',(#5614,#5615,#5616,#5617));
#729=EDGE_LOOP('',(#5618,#5619,#5620,#5621,#5622,#5623,#5624,#5625,#5626,
#5627,#5628,#5629,#5630,#5631,#5632,#5633,#5634,#5635,#5636,#5637));
#730=EDGE_LOOP('',(#5638,#5639,#5640,#5641,#5642,#5643,#5644,#5645,#5646,
#5647));
#731=EDGE_LOOP('',(#5648,#5649,#5650,#5651));
#732=EDGE_LOOP('',(#5652,#5653,#5654,#5655));
#733=EDGE_LOOP('',(#5656,#5657,#5658,#5659,#5660,#5661,#5662,#5663,#5664,
#5665,#5666));
#734=EDGE_LOOP('',(#5667,#5668,#5669,#5670));
#735=EDGE_LOOP('',(#5671,#5672,#5673,#5674));
#736=EDGE_LOOP('',(#5675,#5676,#5677,#5678));
#737=EDGE_LOOP('',(#5679,#5680,#5681,#5682));
#738=EDGE_LOOP('',(#5683,#5684,#5685,#5686));
#739=EDGE_LOOP('',(#5687,#5688,#5689,#5690));
#740=EDGE_LOOP('',(#5691,#5692,#5693,#5694));
#741=EDGE_LOOP('',(#5695,#5696,#5697,#5698));
#742=EDGE_LOOP('',(#5699,#5700,#5701,#5702));
#743=EDGE_LOOP('',(#5703,#5704,#5705,#5706));
#744=EDGE_LOOP('',(#5707,#5708,#5709,#5710));
#745=EDGE_LOOP('',(#5711,#5712,#5713,#5714,#5715,#5716,#5717,#5718,#5719,
#5720,#5721));
#746=EDGE_LOOP('',(#5722,#5723,#5724,#5725));
#747=EDGE_LOOP('',(#5726,#5727,#5728,#5729,#5730,#5731,#5732,#5733,#5734,
#5735,#5736));
#748=EDGE_LOOP('',(#5737,#5738,#5739,#5740));
#749=EDGE_LOOP('',(#5741,#5742,#5743,#5744));
#750=EDGE_LOOP('',(#5745,#5746,#5747,#5748));
#751=EDGE_LOOP('',(#5749,#5750,#5751,#5752));
#752=EDGE_LOOP('',(#5753,#5754,#5755,#5756));
#753=EDGE_LOOP('',(#5757,#5758,#5759,#5760));
#754=EDGE_LOOP('',(#5761,#5762,#5763,#5764));
#755=EDGE_LOOP('',(#5765,#5766,#5767,#5768));
#756=EDGE_LOOP('',(#5769,#5770,#5771,#5772,#5773,#5774,#5775,#5776,#5777,
#5778,#5779));
#757=EDGE_LOOP('',(#5780,#5781,#5782,#5783,#5784,#5785,#5786,#5787));
#758=EDGE_LOOP('',(#5788,#5789,#5790,#5791));
#759=EDGE_LOOP('',(#5792,#5793,#5794,#5795,#5796,#5797,#5798,#5799,#5800,
#5801,#5802));
#760=EDGE_LOOP('',(#5803,#5804,#5805,#5806));
#761=EDGE_LOOP('',(#5807,#5808,#5809,#5810));
#762=EDGE_LOOP('',(#5811,#5812,#5813,#5814));
#763=EDGE_LOOP('',(#5815,#5816,#5817,#5818));
#764=EDGE_LOOP('',(#5819,#5820,#5821,#5822));
#765=EDGE_LOOP('',(#5823,#5824,#5825,#5826));
#766=EDGE_LOOP('',(#5827,#5828,#5829,#5830));
#767=EDGE_LOOP('',(#5831,#5832,#5833,#5834));
#768=EDGE_LOOP('',(#5835,#5836,#5837,#5838,#5839,#5840));
#769=EDGE_LOOP('',(#5841,#5842,#5843,#5844));
#770=EDGE_LOOP('',(#5845,#5846,#5847,#5848,#5849,#5850,#5851,#5852,#5853,
#5854,#5855,#5856,#5857,#5858,#5859,#5860,#5861,#5862,#5863,#5864,#5865,
#5866,#5867,#5868,#5869,#5870,#5871,#5872,#5873,#5874,#5875,#5876,#5877,
#5878,#5879,#5880,#5881,#5882,#5883,#5884,#5885,#5886,#5887,#5888,#5889,
#5890,#5891,#5892,#5893,#5894,#5895,#5896,#5897,#5898,#5899,#5900,#5901,
#5902,#5903,#5904,#5905,#5906,#5907,#5908,#5909,#5910,#5911,#5912));
#771=EDGE_LOOP('',(#5913,#5914,#5915,#5916));
#772=EDGE_LOOP('',(#5917,#5918,#5919,#5920,#5921,#5922));
#773=EDGE_LOOP('',(#5923,#5924,#5925,#5926,#5927,#5928,#5929,#5930,#5931,
#5932,#5933));
#774=EDGE_LOOP('',(#5934,#5935,#5936,#5937));
#775=EDGE_LOOP('',(#5938,#5939,#5940,#5941,#5942,#5943,#5944,#5945,#5946,
#5947,#5948));
#776=EDGE_LOOP('',(#5949,#5950,#5951,#5952));
#777=EDGE_LOOP('',(#5953,#5954,#5955,#5956));
#778=EDGE_LOOP('',(#5957,#5958,#5959,#5960));
#779=EDGE_LOOP('',(#5961,#5962,#5963,#5964));
#780=EDGE_LOOP('',(#5965,#5966,#5967,#5968));
#781=EDGE_LOOP('',(#5969,#5970,#5971,#5972));
#782=EDGE_LOOP('',(#5973,#5974,#5975,#5976));
#783=EDGE_LOOP('',(#5977,#5978,#5979,#5980));
#784=EDGE_LOOP('',(#5981,#5982,#5983,#5984,#5985,#5986,#5987,#5988,#5989,
#5990,#5991));
#785=EDGE_LOOP('',(#5992,#5993,#5994,#5995));
#786=EDGE_LOOP('',(#5996,#5997,#5998,#5999,#6000,#6001,#6002,#6003,#6004,
#6005,#6006));
#787=EDGE_LOOP('',(#6007,#6008,#6009,#6010,#6011,#6012,#6013,#6014));
#788=EDGE_LOOP('',(#6015,#6016,#6017,#6018));
#789=EDGE_LOOP('',(#6019,#6020,#6021,#6022,#6023,#6024));
#790=EDGE_LOOP('',(#6025,#6026,#6027,#6028));
#791=EDGE_LOOP('',(#6029,#6030,#6031,#6032));
#792=EDGE_LOOP('',(#6033,#6034,#6035,#6036));
#793=EDGE_LOOP('',(#6037,#6038,#6039,#6040));
#794=EDGE_LOOP('',(#6041,#6042,#6043,#6044,#6045,#6046));
#795=EDGE_LOOP('',(#6047,#6048,#6049,#6050,#6051,#6052,#6053,#6054));
#796=EDGE_LOOP('',(#6055,#6056,#6057,#6058,#6059,#6060,#6061,#6062,#6063,
#6064,#6065));
#797=EDGE_LOOP('',(#6066,#6067,#6068,#6069));
#798=EDGE_LOOP('',(#6070,#6071,#6072,#6073,#6074,#6075,#6076,#6077,#6078,
#6079,#6080));
#799=EDGE_LOOP('',(#6081,#6082,#6083,#6084,#6085,#6086,#6087,#6088));
#800=EDGE_LOOP('',(#6089,#6090,#6091,#6092,#6093,#6094,#6095,#6096,#6097,
#6098,#6099));
#801=EDGE_LOOP('',(#6100,#6101,#6102,#6103));
#802=EDGE_LOOP('',(#6104,#6105,#6106,#6107,#6108,#6109,#6110,#6111,#6112,
#6113,#6114));
#803=EDGE_LOOP('',(#6115,#6116,#6117,#6118));
#804=EDGE_LOOP('',(#6119,#6120,#6121,#6122,#6123,#6124));
#805=EDGE_LOOP('',(#6125,#6126,#6127,#6128));
#806=EDGE_LOOP('',(#6129,#6130,#6131,#6132));
#807=EDGE_LOOP('',(#6133,#6134,#6135,#6136));
#808=EDGE_LOOP('',(#6137,#6138,#6139,#6140));
#809=EDGE_LOOP('',(#6141,#6142,#6143,#6144,#6145,#6146));
#810=EDGE_LOOP('',(#6147,#6148,#6149,#6150,#6151,#6152,#6153,#6154));
#811=EDGE_LOOP('',(#6155,#6156,#6157,#6158));
#812=EDGE_LOOP('',(#6159,#6160,#6161,#6162,#6163,#6164,#6165,#6166,#6167,
#6168,#6169));
#813=EDGE_LOOP('',(#6170,#6171,#6172,#6173));
#814=EDGE_LOOP('',(#6174,#6175,#6176,#6177));
#815=EDGE_LOOP('',(#6178,#6179,#6180,#6181));
#816=EDGE_LOOP('',(#6182,#6183,#6184,#6185));
#817=EDGE_LOOP('',(#6186,#6187,#6188,#6189));
#818=EDGE_LOOP('',(#6190,#6191,#6192,#6193));
#819=EDGE_LOOP('',(#6194,#6195,#6196,#6197));
#820=EDGE_LOOP('',(#6198,#6199,#6200,#6201));
#821=EDGE_LOOP('',(#6202,#6203,#6204,#6205));
#822=EDGE_LOOP('',(#6206,#6207,#6208,#6209));
#823=EDGE_LOOP('',(#6210,#6211,#6212,#6213));
#824=EDGE_LOOP('',(#6214,#6215,#6216,#6217));
#825=EDGE_LOOP('',(#6218,#6219,#6220,#6221));
#826=EDGE_LOOP('',(#6222,#6223,#6224,#6225));
#827=EDGE_LOOP('',(#6226,#6227,#6228,#6229));
#828=EDGE_LOOP('',(#6230,#6231,#6232,#6233));
#829=EDGE_LOOP('',(#6234,#6235,#6236,#6237));
#830=EDGE_LOOP('',(#6238,#6239,#6240,#6241));
#831=EDGE_LOOP('',(#6242,#6243,#6244,#6245));
#832=EDGE_LOOP('',(#6246,#6247,#6248,#6249));
#833=EDGE_LOOP('',(#6250,#6251,#6252,#6253));
#834=EDGE_LOOP('',(#6254,#6255,#6256,#6257));
#835=EDGE_LOOP('',(#6258,#6259,#6260,#6261));
#836=EDGE_LOOP('',(#6262,#6263,#6264,#6265));
#837=EDGE_LOOP('',(#6266,#6267,#6268,#6269));
#838=EDGE_LOOP('',(#6270,#6271,#6272,#6273));
#839=EDGE_LOOP('',(#6274,#6275,#6276,#6277));
#840=EDGE_LOOP('',(#6278,#6279,#6280,#6281));
#841=EDGE_LOOP('',(#6282,#6283,#6284,#6285));
#842=EDGE_LOOP('',(#6286,#6287,#6288,#6289));
#843=EDGE_LOOP('',(#6290,#6291,#6292,#6293));
#844=EDGE_LOOP('',(#6294,#6295,#6296,#6297));
#845=EDGE_LOOP('',(#6298,#6299,#6300,#6301));
#846=EDGE_LOOP('',(#6302,#6303,#6304,#6305));
#847=EDGE_LOOP('',(#6306,#6307,#6308,#6309));
#848=EDGE_LOOP('',(#6310,#6311,#6312,#6313));
#849=EDGE_LOOP('',(#6314,#6315,#6316,#6317));
#850=EDGE_LOOP('',(#6318,#6319,#6320,#6321,#6322,#6323));
#851=EDGE_LOOP('',(#6324,#6325,#6326,#6327,#6328,#6329,#6330,#6331));
#852=EDGE_LOOP('',(#6332,#6333,#6334,#6335,#6336,#6337,#6338,#6339));
#853=EDGE_LOOP('',(#6340,#6341,#6342,#6343,#6344,#6345,#6346,#6347,#6348,
#6349,#6350));
#854=LINE('',#9268,#1771);
#855=LINE('',#9270,#1772);
#856=LINE('',#9272,#1773);
#857=LINE('',#9274,#1774);
#858=LINE('',#9275,#1775);
#859=LINE('',#9279,#1776);
#860=LINE('',#9280,#1777);
#861=LINE('',#9281,#1778);
#862=LINE('',#9285,#1779);
#863=LINE('',#9287,#1780);
#864=LINE('',#9289,#1781);
#865=LINE('',#9293,#1782);
#866=LINE('',#9295,#1783);
#867=LINE('',#9297,#1784);
#868=LINE('',#9299,#1785);
#869=LINE('',#9301,#1786);
#870=LINE('',#9302,#1787);
#871=LINE('',#9303,#1788);
#872=LINE('',#9307,#1789);
#873=LINE('',#9309,#1790);
#874=LINE('',#9311,#1791);
#875=LINE('',#9312,#1792);
#876=LINE('',#9316,#1793);
#877=LINE('',#9320,#1794);
#878=LINE('',#9324,#1795);
#879=LINE('',#9326,#1796);
#880=LINE('',#9327,#1797);
#881=LINE('',#9331,#1798);
#882=LINE('',#9333,#1799);
#883=LINE('',#9335,#1800);
#884=LINE('',#9336,#1801);
#885=LINE('',#9339,#1802);
#886=LINE('',#9341,#1803);
#887=LINE('',#9346,#1804);
#888=LINE('',#9348,#1805);
#889=LINE('',#9350,#1806);
#890=LINE('',#9351,#1807);
#891=LINE('',#9355,#1808);
#892=LINE('',#9359,#1809);
#893=LINE('',#9363,#1810);
#894=LINE('',#9365,#1811);
#895=LINE('',#9366,#1812);
#896=LINE('',#9370,#1813);
#897=LINE('',#9372,#1814);
#898=LINE('',#9374,#1815);
#899=LINE('',#9375,#1816);
#900=LINE('',#9378,#1817);
#901=LINE('',#9380,#1818);
#902=LINE('',#9382,#1819);
#903=LINE('',#9384,#1820);
#904=LINE('',#9385,#1821);
#905=LINE('',#9389,#1822);
#906=LINE('',#9391,#1823);
#907=LINE('',#9393,#1824);
#908=LINE('',#9395,#1825);
#909=LINE('',#9396,#1826);
#910=LINE('',#9398,#1827);
#911=LINE('',#9399,#1828);
#912=LINE('',#9400,#1829);
#913=LINE('',#9401,#1830);
#914=LINE('',#9405,#1831);
#915=LINE('',#9407,#1832);
#916=LINE('',#9411,#1833);
#917=LINE('',#9413,#1834);
#918=LINE('',#9415,#1835);
#919=LINE('',#9417,#1836);
#920=LINE('',#9421,#1837);
#921=LINE('',#9423,#1838);
#922=LINE('',#9424,#1839);
#923=LINE('',#9426,#1840);
#924=LINE('',#9428,#1841);
#925=LINE('',#9429,#1842);
#926=LINE('',#9433,#1843);
#927=LINE('',#9437,#1844);
#928=LINE('',#9439,#1845);
#929=LINE('',#9441,#1846);
#930=LINE('',#9443,#1847);
#931=LINE('',#9446,#1848);
#932=LINE('',#9447,#1849);
#933=LINE('',#9451,#1850);
#934=LINE('',#9453,#1851);
#935=LINE('',#9455,#1852);
#936=LINE('',#9457,#1853);
#937=LINE('',#9459,#1854);
#938=LINE('',#9460,#1855);
#939=LINE('',#9461,#1856);
#940=LINE('',#9465,#1857);
#941=LINE('',#9467,#1858);
#942=LINE('',#9471,#1859);
#943=LINE('',#9473,#1860);
#944=LINE('',#9475,#1861);
#945=LINE('',#9477,#1862);
#946=LINE('',#9481,#1863);
#947=LINE('',#9483,#1864);
#948=LINE('',#9484,#1865);
#949=LINE('',#9487,#1866);
#950=LINE('',#9489,#1867);
#951=LINE('',#9490,#1868);
#952=LINE('',#9492,#1869);
#953=LINE('',#9494,#1870);
#954=LINE('',#9495,#1871);
#955=LINE('',#9497,#1872);
#956=LINE('',#9501,#1873);
#957=LINE('',#9503,#1874);
#958=LINE('',#9505,#1875);
#959=LINE('',#9507,#1876);
#960=LINE('',#9510,#1877);
#961=LINE('',#9512,#1878);
#962=LINE('',#9514,#1879);
#963=LINE('',#9516,#1880);
#964=LINE('',#9518,#1881);
#965=LINE('',#9520,#1882);
#966=LINE('',#9522,#1883);
#967=LINE('',#9527,#1884);
#968=LINE('',#9529,#1885);
#969=LINE('',#9531,#1886);
#970=LINE('',#9533,#1887);
#971=LINE('',#9535,#1888);
#972=LINE('',#9537,#1889);
#973=LINE('',#9539,#1890);
#974=LINE('',#9541,#1891);
#975=LINE('',#9543,#1892);
#976=LINE('',#9544,#1893);
#977=LINE('',#9548,#1894);
#978=LINE('',#9550,#1895);
#979=LINE('',#9552,#1896);
#980=LINE('',#9553,#1897);
#981=LINE('',#9557,#1898);
#982=LINE('',#9559,#1899);
#983=LINE('',#9561,#1900);
#984=LINE('',#9562,#1901);
#985=LINE('',#9565,#1902);
#986=LINE('',#9567,#1903);
#987=LINE('',#9568,#1904);
#988=LINE('',#9571,#1905);
#989=LINE('',#9573,#1906);
#990=LINE('',#9574,#1907);
#991=LINE('',#9578,#1908);
#992=LINE('',#9580,#1909);
#993=LINE('',#9581,#1910);
#994=LINE('',#9582,#1911);
#995=LINE('',#9584,#1912);
#996=LINE('',#9586,#1913);
#997=LINE('',#9587,#1914);
#998=LINE('',#9590,#1915);
#999=LINE('',#9591,#1916);
#1000=LINE('',#9592,#1917);
#1001=LINE('',#9596,#1918);
#1002=LINE('',#9598,#1919);
#1003=LINE('',#9600,#1920);
#1004=LINE('',#9601,#1921);
#1005=LINE('',#9605,#1922);
#1006=LINE('',#9607,#1923);
#1007=LINE('',#9609,#1924);
#1008=LINE('',#9610,#1925);
#1009=LINE('',#9613,#1926);
#1010=LINE('',#9615,#1927);
#1011=LINE('',#9616,#1928);
#1012=LINE('',#9620,#1929);
#1013=LINE('',#9622,#1930);
#1014=LINE('',#9624,#1931);
#1015=LINE('',#9625,#1932);
#1016=LINE('',#9626,#1933);
#1017=LINE('',#9630,#1934);
#1018=LINE('',#9632,#1935);
#1019=LINE('',#9634,#1936);
#1020=LINE('',#9635,#1937);
#1021=LINE('',#9639,#1938);
#1022=LINE('',#9641,#1939);
#1023=LINE('',#9643,#1940);
#1024=LINE('',#9644,#1941);
#1025=LINE('',#9648,#1942);
#1026=LINE('',#9652,#1943);
#1027=LINE('',#9655,#1944);
#1028=LINE('',#9656,#1945);
#1029=LINE('',#9660,#1946);
#1030=LINE('',#9662,#1947);
#1031=LINE('',#9664,#1948);
#1032=LINE('',#9665,#1949);
#1033=LINE('',#9667,#1950);
#1034=LINE('',#9669,#1951);
#1035=LINE('',#9670,#1952);
#1036=LINE('',#9673,#1953);
#1037=LINE('',#9675,#1954);
#1038=LINE('',#9677,#1955);
#1039=LINE('',#9679,#1956);
#1040=LINE('',#9681,#1957);
#1041=LINE('',#9683,#1958);
#1042=LINE('',#9687,#1959);
#1043=LINE('',#9688,#1960);
#1044=LINE('',#9691,#1961);
#1045=LINE('',#9693,#1962);
#1046=LINE('',#9694,#1963);
#1047=LINE('',#9697,#1964);
#1048=LINE('',#9699,#1965);
#1049=LINE('',#9701,#1966);
#1050=LINE('',#9702,#1967);
#1051=LINE('',#9704,#1968);
#1052=LINE('',#9705,#1969);
#1053=LINE('',#9708,#1970);
#1054=LINE('',#9709,#1971);
#1055=LINE('',#9712,#1972);
#1056=LINE('',#9713,#1973);
#1057=LINE('',#9716,#1974);
#1058=LINE('',#9718,#1975);
#1059=LINE('',#9720,#1976);
#1060=LINE('',#9721,#1977);
#1061=LINE('',#9727,#1978);
#1062=LINE('',#9730,#1979);
#1063=LINE('',#9733,#1980);
#1064=LINE('',#9735,#1981);
#1065=LINE('',#9736,#1982);
#1066=LINE('',#9739,#1983);
#1067=LINE('',#9741,#1984);
#1068=LINE('',#9742,#1985);
#1069=LINE('',#9745,#1986);
#1070=LINE('',#9747,#1987);
#1071=LINE('',#9748,#1988);
#1072=LINE('',#9754,#1989);
#1073=LINE('',#9757,#1990);
#1074=LINE('',#9759,#1991);
#1075=LINE('',#9760,#1992);
#1076=LINE('',#9763,#1993);
#1077=LINE('',#9765,#1994);
#1078=LINE('',#9766,#1995);
#1079=LINE('',#9769,#1996);
#1080=LINE('',#9771,#1997);
#1081=LINE('',#9772,#1998);
#1082=LINE('',#9778,#1999);
#1083=LINE('',#9781,#2000);
#1084=LINE('',#9783,#2001);
#1085=LINE('',#9784,#2002);
#1086=LINE('',#9790,#2003);
#1087=LINE('',#9793,#2004);
#1088=LINE('',#9795,#2005);
#1089=LINE('',#9796,#2006);
#1090=LINE('',#9799,#2007);
#1091=LINE('',#9801,#2008);
#1092=LINE('',#9802,#2009);
#1093=LINE('',#9805,#2010);
#1094=LINE('',#9807,#2011);
#1095=LINE('',#9808,#2012);
#1096=LINE('',#9810,#2013);
#1097=LINE('',#9811,#2014);
#1098=LINE('',#9815,#2015);
#1099=LINE('',#9818,#2016);
#1100=LINE('',#9821,#2017);
#1101=LINE('',#9824,#2018);
#1102=LINE('',#9827,#2019);
#1103=LINE('',#9829,#2020);
#1104=LINE('',#9830,#2021);
#1105=LINE('',#9833,#2022);
#1106=LINE('',#9835,#2023);
#1107=LINE('',#9836,#2024);
#1108=LINE('',#9838,#2025);
#1109=LINE('',#9839,#2026);
#1110=LINE('',#9843,#2027);
#1111=LINE('',#9844,#2028);
#1112=LINE('',#9846,#2029);
#1113=LINE('',#9850,#2030);
#1114=LINE('',#9852,#2031);
#1115=LINE('',#9854,#2032);
#1116=LINE('',#9855,#2033);
#1117=LINE('',#9859,#2034);
#1118=LINE('',#9863,#2035);
#1119=LINE('',#9868,#2036);
#1120=LINE('',#9870,#2037);
#1121=LINE('',#9872,#2038);
#1122=LINE('',#9873,#2039);
#1123=LINE('',#9877,#2040);
#1124=LINE('',#9881,#2041);
#1125=LINE('',#9888,#2042);
#1126=LINE('',#9890,#2043);
#1127=LINE('',#9892,#2044);
#1128=LINE('',#9894,#2045);
#1129=LINE('',#9896,#2046);
#1130=LINE('',#9898,#2047);
#1131=LINE('',#9900,#2048);
#1132=LINE('',#9902,#2049);
#1133=LINE('',#9904,#2050);
#1134=LINE('',#9906,#2051);
#1135=LINE('',#9908,#2052);
#1136=LINE('',#9910,#2053);
#1137=LINE('',#9912,#2054);
#1138=LINE('',#9914,#2055);
#1139=LINE('',#9916,#2056);
#1140=LINE('',#9918,#2057);
#1141=LINE('',#9920,#2058);
#1142=LINE('',#9922,#2059);
#1143=LINE('',#9924,#2060);
#1144=LINE('',#9926,#2061);
#1145=LINE('',#9928,#2062);
#1146=LINE('',#9930,#2063);
#1147=LINE('',#9932,#2064);
#1148=LINE('',#9934,#2065);
#1149=LINE('',#9936,#2066);
#1150=LINE('',#9938,#2067);
#1151=LINE('',#9940,#2068);
#1152=LINE('',#9942,#2069);
#1153=LINE('',#9944,#2070);
#1154=LINE('',#9946,#2071);
#1155=LINE('',#9948,#2072);
#1156=LINE('',#9950,#2073);
#1157=LINE('',#9952,#2074);
#1158=LINE('',#9954,#2075);
#1159=LINE('',#9956,#2076);
#1160=LINE('',#9958,#2077);
#1161=LINE('',#9960,#2078);
#1162=LINE('',#9962,#2079);
#1163=LINE('',#9964,#2080);
#1164=LINE('',#9966,#2081);
#1165=LINE('',#9968,#2082);
#1166=LINE('',#9970,#2083);
#1167=LINE('',#9972,#2084);
#1168=LINE('',#9974,#2085);
#1169=LINE('',#9976,#2086);
#1170=LINE('',#9978,#2087);
#1171=LINE('',#9980,#2088);
#1172=LINE('',#9982,#2089);
#1173=LINE('',#9984,#2090);
#1174=LINE('',#9986,#2091);
#1175=LINE('',#9988,#2092);
#1176=LINE('',#9990,#2093);
#1177=LINE('',#9992,#2094);
#1178=LINE('',#9994,#2095);
#1179=LINE('',#9996,#2096);
#1180=LINE('',#9997,#2097);
#1181=LINE('',#9999,#2098);
#1182=LINE('',#10000,#2099);
#1183=LINE('',#10004,#2100);
#1184=LINE('',#10008,#2101);
#1185=LINE('',#10013,#2102);
#1186=LINE('',#10015,#2103);
#1187=LINE('',#10017,#2104);
#1188=LINE('',#10018,#2105);
#1189=LINE('',#10020,#2106);
#1190=LINE('',#10021,#2107);
#1191=LINE('',#10022,#2108);
#1192=LINE('',#10027,#2109);
#1193=LINE('',#10031,#2110);
#1194=LINE('',#10032,#2111);
#1195=LINE('',#10036,#2112);
#1196=LINE('',#10038,#2113);
#1197=LINE('',#10040,#2114);
#1198=LINE('',#10041,#2115);
#1199=LINE('',#10045,#2116);
#1200=LINE('',#10047,#2117);
#1201=LINE('',#10049,#2118);
#1202=LINE('',#10050,#2119);
#1203=LINE('',#10054,#2120);
#1204=LINE('',#10058,#2121);
#1205=LINE('',#10062,#2122);
#1206=LINE('',#10064,#2123);
#1207=LINE('',#10065,#2124);
#1208=LINE('',#10067,#2125);
#1209=LINE('',#10068,#2126);
#1210=LINE('',#10072,#2127);
#1211=LINE('',#10074,#2128);
#1212=LINE('',#10076,#2129);
#1213=LINE('',#10077,#2130);
#1214=LINE('',#10081,#2131);
#1215=LINE('',#10086,#2132);
#1216=LINE('',#10088,#2133);
#1217=LINE('',#10089,#2134);
#1218=LINE('',#10093,#2135);
#1219=LINE('',#10095,#2136);
#1220=LINE('',#10097,#2137);
#1221=LINE('',#10098,#2138);
#1222=LINE('',#10101,#2139);
#1223=LINE('',#10103,#2140);
#1224=LINE('',#10104,#2141);
#1225=LINE('',#10107,#2142);
#1226=LINE('',#10109,#2143);
#1227=LINE('',#10110,#2144);
#1228=LINE('',#10113,#2145);
#1229=LINE('',#10115,#2146);
#1230=LINE('',#10116,#2147);
#1231=LINE('',#10119,#2148);
#1232=LINE('',#10121,#2149);
#1233=LINE('',#10122,#2150);
#1234=LINE('',#10125,#2151);
#1235=LINE('',#10126,#2152);
#1236=LINE('',#10128,#2153);
#1237=LINE('',#10130,#2154);
#1238=LINE('',#10133,#2155);
#1239=LINE('',#10135,#2156);
#1240=LINE('',#10136,#2157);
#1241=LINE('',#10140,#2158);
#1242=LINE('',#10141,#2159);
#1243=LINE('',#10142,#2160);
#1244=LINE('',#10146,#2161);
#1245=LINE('',#10147,#2162);
#1246=LINE('',#10148,#2163);
#1247=LINE('',#10151,#2164);
#1248=LINE('',#10153,#2165);
#1249=LINE('',#10154,#2166);
#1250=LINE('',#10156,#2167);
#1251=LINE('',#10158,#2168);
#1252=LINE('',#10160,#2169);
#1253=LINE('',#10161,#2170);
#1254=LINE('',#10164,#2171);
#1255=LINE('',#10166,#2172);
#1256=LINE('',#10167,#2173);
#1257=LINE('',#10170,#2174);
#1258=LINE('',#10172,#2175);
#1259=LINE('',#10173,#2176);
#1260=LINE('',#10177,#2177);
#1261=LINE('',#10179,#2178);
#1262=LINE('',#10181,#2179);
#1263=LINE('',#10182,#2180);
#1264=LINE('',#10185,#2181);
#1265=LINE('',#10186,#2182);
#1266=LINE('',#10188,#2183);
#1267=LINE('',#10190,#2184);
#1268=LINE('',#10191,#2185);
#1269=LINE('',#10193,#2186);
#1270=LINE('',#10194,#2187);
#1271=LINE('',#10198,#2188);
#1272=LINE('',#10199,#2189);
#1273=LINE('',#10200,#2190);
#1274=LINE('',#10203,#2191);
#1275=LINE('',#10205,#2192);
#1276=LINE('',#10207,#2193);
#1277=LINE('',#10208,#2194);
#1278=LINE('',#10211,#2195);
#1279=LINE('',#10212,#2196);
#1280=LINE('',#10214,#2197);
#1281=LINE('',#10217,#2198);
#1282=LINE('',#10219,#2199);
#1283=LINE('',#10220,#2200);
#1284=LINE('',#10222,#2201);
#1285=LINE('',#10224,#2202);
#1286=LINE('',#10225,#2203);
#1287=LINE('',#10230,#2204);
#1288=LINE('',#10231,#2205);
#1289=LINE('',#10233,#2206);
#1290=LINE('',#10238,#2207);
#1291=LINE('',#10242,#2208);
#1292=LINE('',#10244,#2209);
#1293=LINE('',#10245,#2210);
#1294=LINE('',#10248,#2211);
#1295=LINE('',#10250,#2212);
#1296=LINE('',#10251,#2213);
#1297=LINE('',#10253,#2214);
#1298=LINE('',#10254,#2215);
#1299=LINE('',#10257,#2216);
#1300=LINE('',#10259,#2217);
#1301=LINE('',#10261,#2218);
#1302=LINE('',#10262,#2219);
#1303=LINE('',#10264,#2220);
#1304=LINE('',#10267,#2221);
#1305=LINE('',#10268,#2222);
#1306=LINE('',#10270,#2223);
#1307=LINE('',#10273,#2224);
#1308=LINE('',#10275,#2225);
#1309=LINE('',#10276,#2226);
#1310=LINE('',#10279,#2227);
#1311=LINE('',#10281,#2228);
#1312=LINE('',#10282,#2229);
#1313=LINE('',#10285,#2230);
#1314=LINE('',#10286,#2231);
#1315=LINE('',#10289,#2232);
#1316=LINE('',#10290,#2233);
#1317=LINE('',#10294,#2234);
#1318=LINE('',#10296,#2235);
#1319=LINE('',#10298,#2236);
#1320=LINE('',#10299,#2237);
#1321=LINE('',#10301,#2238);
#1322=LINE('',#10302,#2239);
#1323=LINE('',#10305,#2240);
#1324=LINE('',#10307,#2241);
#1325=LINE('',#10308,#2242);
#1326=LINE('',#10310,#2243);
#1327=LINE('',#10311,#2244);
#1328=LINE('',#10313,#2245);
#1329=LINE('',#10314,#2246);
#1330=LINE('',#10317,#2247);
#1331=LINE('',#10320,#2248);
#1332=LINE('',#10322,#2249);
#1333=LINE('',#10324,#2250);
#1334=LINE('',#10325,#2251);
#1335=LINE('',#10327,#2252);
#1336=LINE('',#10328,#2253);
#1337=LINE('',#10331,#2254);
#1338=LINE('',#10332,#2255);
#1339=LINE('',#10334,#2256);
#1340=LINE('',#10335,#2257);
#1341=LINE('',#10338,#2258);
#1342=LINE('',#10340,#2259);
#1343=LINE('',#10341,#2260);
#1344=LINE('',#10344,#2261);
#1345=LINE('',#10346,#2262);
#1346=LINE('',#10347,#2263);
#1347=LINE('',#10350,#2264);
#1348=LINE('',#10351,#2265);
#1349=LINE('',#10354,#2266);
#1350=LINE('',#10355,#2267);
#1351=LINE('',#10359,#2268);
#1352=LINE('',#10361,#2269);
#1353=LINE('',#10363,#2270);
#1354=LINE('',#10364,#2271);
#1355=LINE('',#10366,#2272);
#1356=LINE('',#10367,#2273);
#1357=LINE('',#10370,#2274);
#1358=LINE('',#10372,#2275);
#1359=LINE('',#10373,#2276);
#1360=LINE('',#10375,#2277);
#1361=LINE('',#10376,#2278);
#1362=LINE('',#10378,#2279);
#1363=LINE('',#10379,#2280);
#1364=LINE('',#10380,#2281);
#1365=LINE('',#10381,#2282);
#1366=LINE('',#10383,#2283);
#1367=LINE('',#10385,#2284);
#1368=LINE('',#10386,#2285);
#1369=LINE('',#10389,#2286);
#1370=LINE('',#10391,#2287);
#1371=LINE('',#10393,#2288);
#1372=LINE('',#10394,#2289);
#1373=LINE('',#10396,#2290);
#1374=LINE('',#10397,#2291);
#1375=LINE('',#10400,#2292);
#1376=LINE('',#10401,#2293);
#1377=LINE('',#10403,#2294);
#1378=LINE('',#10404,#2295);
#1379=LINE('',#10407,#2296);
#1380=LINE('',#10409,#2297);
#1381=LINE('',#10410,#2298);
#1382=LINE('',#10413,#2299);
#1383=LINE('',#10415,#2300);
#1384=LINE('',#10416,#2301);
#1385=LINE('',#10419,#2302);
#1386=LINE('',#10420,#2303);
#1387=LINE('',#10423,#2304);
#1388=LINE('',#10424,#2305);
#1389=LINE('',#10428,#2306);
#1390=LINE('',#10430,#2307);
#1391=LINE('',#10432,#2308);
#1392=LINE('',#10433,#2309);
#1393=LINE('',#10437,#2310);
#1394=LINE('',#10439,#2311);
#1395=LINE('',#10441,#2312);
#1396=LINE('',#10442,#2313);
#1397=LINE('',#10446,#2314);
#1398=LINE('',#10448,#2315);
#1399=LINE('',#10450,#2316);
#1400=LINE('',#10451,#2317);
#1401=LINE('',#10454,#2318);
#1402=LINE('',#10455,#2319);
#1403=LINE('',#10456,#2320);
#1404=LINE('',#10462,#2321);
#1405=LINE('',#10463,#2322);
#1406=LINE('',#10464,#2323);
#1407=LINE('',#10468,#2324);
#1408=LINE('',#10470,#2325);
#1409=LINE('',#10472,#2326);
#1410=LINE('',#10474,#2327);
#1411=LINE('',#10475,#2328);
#1412=LINE('',#10478,#2329);
#1413=LINE('',#10480,#2330);
#1414=LINE('',#10481,#2331);
#1415=LINE('',#10484,#2332);
#1416=LINE('',#10486,#2333);
#1417=LINE('',#10488,#2334);
#1418=LINE('',#10490,#2335);
#1419=LINE('',#10491,#2336);
#1420=LINE('',#10494,#2337);
#1421=LINE('',#10496,#2338);
#1422=LINE('',#10497,#2339);
#1423=LINE('',#10500,#2340);
#1424=LINE('',#10502,#2341);
#1425=LINE('',#10503,#2342);
#1426=LINE('',#10506,#2343);
#1427=LINE('',#10508,#2344);
#1428=LINE('',#10509,#2345);
#1429=LINE('',#10511,#2346);
#1430=LINE('',#10514,#2347);
#1431=LINE('',#10515,#2348);
#1432=LINE('',#10518,#2349);
#1433=LINE('',#10519,#2350);
#1434=LINE('',#10522,#2351);
#1435=LINE('',#10524,#2352);
#1436=LINE('',#10526,#2353);
#1437=LINE('',#10527,#2354);
#1438=LINE('',#10531,#2355);
#1439=LINE('',#10535,#2356);
#1440=LINE('',#10540,#2357);
#1441=LINE('',#10541,#2358);
#1442=LINE('',#10542,#2359);
#1443=LINE('',#10546,#2360);
#1444=LINE('',#10547,#2361);
#1445=LINE('',#10548,#2362);
#1446=LINE('',#10552,#2363);
#1447=LINE('',#10553,#2364);
#1448=LINE('',#10554,#2365);
#1449=LINE('',#10558,#2366);
#1450=LINE('',#10564,#2367);
#1451=LINE('',#10565,#2368);
#1452=LINE('',#10566,#2369);
#1453=LINE('',#10570,#2370);
#1454=LINE('',#10571,#2371);
#1455=LINE('',#10572,#2372);
#1456=LINE('',#10576,#2373);
#1457=LINE('',#10577,#2374);
#1458=LINE('',#10578,#2375);
#1459=LINE('',#10582,#2376);
#1460=LINE('',#10588,#2377);
#1461=LINE('',#10589,#2378);
#1462=LINE('',#10590,#2379);
#1463=LINE('',#10594,#2380);
#1464=LINE('',#10600,#2381);
#1465=LINE('',#10601,#2382);
#1466=LINE('',#10602,#2383);
#1467=LINE('',#10606,#2384);
#1468=LINE('',#10607,#2385);
#1469=LINE('',#10608,#2386);
#1470=LINE('',#10611,#2387);
#1471=LINE('',#10613,#2388);
#1472=LINE('',#10614,#2389);
#1473=LINE('',#10616,#2390);
#1474=LINE('',#10617,#2391);
#1475=LINE('',#10621,#2392);
#1476=LINE('',#10624,#2393);
#1477=LINE('',#10627,#2394);
#1478=LINE('',#10631,#2395);
#1479=LINE('',#10632,#2396);
#1480=LINE('',#10634,#2397);
#1481=LINE('',#10636,#2398);
#1482=LINE('',#10638,#2399);
#1483=LINE('',#10639,#2400);
#1484=LINE('',#10640,#2401);
#1485=LINE('',#10644,#2402);
#1486=LINE('',#10646,#2403);
#1487=LINE('',#10650,#2404);
#1488=LINE('',#10652,#2405);
#1489=LINE('',#10654,#2406);
#1490=LINE('',#10656,#2407);
#1491=LINE('',#10659,#2408);
#1492=LINE('',#10660,#2409);
#1493=LINE('',#10662,#2410);
#1494=LINE('',#10665,#2411);
#1495=LINE('',#10667,#2412);
#1496=LINE('',#10669,#2413);
#1497=LINE('',#10670,#2414);
#1498=LINE('',#10672,#2415);
#1499=LINE('',#10674,#2416);
#1500=LINE('',#10675,#2417);
#1501=LINE('',#10678,#2418);
#1502=LINE('',#10679,#2419);
#1503=LINE('',#10680,#2420);
#1504=LINE('',#10681,#2421);
#1505=LINE('',#10683,#2422);
#1506=LINE('',#10686,#2423);
#1507=LINE('',#10687,#2424);
#1508=LINE('',#10688,#2425);
#1509=LINE('',#10690,#2426);
#1510=LINE('',#10693,#2427);
#1511=LINE('',#10695,#2428);
#1512=LINE('',#10697,#2429);
#1513=LINE('',#10701,#2430);
#1514=LINE('',#10703,#2431);
#1515=LINE('',#10705,#2432);
#1516=LINE('',#10707,#2433);
#1517=LINE('',#10710,#2434);
#1518=LINE('',#10716,#2435);
#1519=LINE('',#10717,#2436);
#1520=LINE('',#10721,#2437);
#1521=LINE('',#10724,#2438);
#1522=LINE('',#10725,#2439);
#1523=LINE('',#10728,#2440);
#1524=LINE('',#10729,#2441);
#1525=LINE('',#10732,#2442);
#1526=LINE('',#10733,#2443);
#1527=LINE('',#10736,#2444);
#1528=LINE('',#10737,#2445);
#1529=LINE('',#10741,#2446);
#1530=LINE('',#10743,#2447);
#1531=LINE('',#10747,#2448);
#1532=LINE('',#10749,#2449);
#1533=LINE('',#10753,#2450);
#1534=LINE('',#10755,#2451);
#1535=LINE('',#10757,#2452);
#1536=LINE('',#10759,#2453);
#1537=LINE('',#10762,#2454);
#1538=LINE('',#10763,#2455);
#1539=LINE('',#10766,#2456);
#1540=LINE('',#10768,#2457);
#1541=LINE('',#10769,#2458);
#1542=LINE('',#10771,#2459);
#1543=LINE('',#10773,#2460);
#1544=LINE('',#10777,#2461);
#1545=LINE('',#10779,#2462);
#1546=LINE('',#10781,#2463);
#1547=LINE('',#10783,#2464);
#1548=LINE('',#10786,#2465);
#1549=LINE('',#10788,#2466);
#1550=LINE('',#10790,#2467);
#1551=LINE('',#10792,#2468);
#1552=LINE('',#10794,#2469);
#1553=LINE('',#10796,#2470);
#1554=LINE('',#10798,#2471);
#1555=LINE('',#10800,#2472);
#1556=LINE('',#10805,#2473);
#1557=LINE('',#10807,#2474);
#1558=LINE('',#10811,#2475);
#1559=LINE('',#10813,#2476);
#1560=LINE('',#10815,#2477);
#1561=LINE('',#10817,#2478);
#1562=LINE('',#10820,#2479);
#1563=LINE('',#10821,#2480);
#1564=LINE('',#10824,#2481);
#1565=LINE('',#10825,#2482);
#1566=LINE('',#10827,#2483);
#1567=LINE('',#10829,#2484);
#1568=LINE('',#10830,#2485);
#1569=LINE('',#10832,#2486);
#1570=LINE('',#10834,#2487);
#1571=LINE('',#10835,#2488);
#1572=LINE('',#10838,#2489);
#1573=LINE('',#10842,#2490);
#1574=LINE('',#10844,#2491);
#1575=LINE('',#10846,#2492);
#1576=LINE('',#10848,#2493);
#1577=LINE('',#10851,#2494);
#1578=LINE('',#10853,#2495);
#1579=LINE('',#10855,#2496);
#1580=LINE('',#10857,#2497);
#1581=LINE('',#10859,#2498);
#1582=LINE('',#10861,#2499);
#1583=LINE('',#10863,#2500);
#1584=LINE('',#10865,#2501);
#1585=LINE('',#10868,#2502);
#1586=LINE('',#10869,#2503);
#1587=LINE('',#10871,#2504);
#1588=LINE('',#10874,#2505);
#1589=LINE('',#10876,#2506);
#1590=LINE('',#10878,#2507);
#1591=LINE('',#10880,#2508);
#1592=LINE('',#10882,#2509);
#1593=LINE('',#10884,#2510);
#1594=LINE('',#10886,#2511);
#1595=LINE('',#10888,#2512);
#1596=LINE('',#10890,#2513);
#1597=LINE('',#10892,#2514);
#1598=LINE('',#10894,#2515);
#1599=LINE('',#10896,#2516);
#1600=LINE('',#10898,#2517);
#1601=LINE('',#10900,#2518);
#1602=LINE('',#10902,#2519);
#1603=LINE('',#10904,#2520);
#1604=LINE('',#10906,#2521);
#1605=LINE('',#10907,#2522);
#1606=LINE('',#10909,#2523);
#1607=LINE('',#10911,#2524);
#1608=LINE('',#10912,#2525);
#1609=LINE('',#10913,#2526);
#1610=LINE('',#10916,#2527);
#1611=LINE('',#10917,#2528);
#1612=LINE('',#10920,#2529);
#1613=LINE('',#10922,#2530);
#1614=LINE('',#10923,#2531);
#1615=LINE('',#10926,#2532);
#1616=LINE('',#10928,#2533);
#1617=LINE('',#10932,#2534);
#1618=LINE('',#10934,#2535);
#1619=LINE('',#10936,#2536);
#1620=LINE('',#10938,#2537);
#1621=LINE('',#10941,#2538);
#1622=LINE('',#10942,#2539);
#1623=LINE('',#10945,#2540);
#1624=LINE('',#10946,#2541);
#1625=LINE('',#10949,#2542);
#1626=LINE('',#10953,#2543);
#1627=LINE('',#10955,#2544);
#1628=LINE('',#10957,#2545);
#1629=LINE('',#10959,#2546);
#1630=LINE('',#10962,#2547);
#1631=LINE('',#10964,#2548);
#1632=LINE('',#10966,#2549);
#1633=LINE('',#10968,#2550);
#1634=LINE('',#10970,#2551);
#1635=LINE('',#10972,#2552);
#1636=LINE('',#10974,#2553);
#1637=LINE('',#10976,#2554);
#1638=LINE('',#10980,#2555);
#1639=LINE('',#10982,#2556);
#1640=LINE('',#10986,#2557);
#1641=LINE('',#10988,#2558);
#1642=LINE('',#10990,#2559);
#1643=LINE('',#10992,#2560);
#1644=LINE('',#10996,#2561);
#1645=LINE('',#10997,#2562);
#1646=LINE('',#11000,#2563);
#1647=LINE('',#11002,#2564);
#1648=LINE('',#11003,#2565);
#1649=LINE('',#11006,#2566);
#1650=LINE('',#11010,#2567);
#1651=LINE('',#11012,#2568);
#1652=LINE('',#11014,#2569);
#1653=LINE('',#11016,#2570);
#1654=LINE('',#11019,#2571);
#1655=LINE('',#11020,#2572);
#1656=LINE('',#11023,#2573);
#1657=LINE('',#11024,#2574);
#1658=LINE('',#11025,#2575);
#1659=LINE('',#11028,#2576);
#1660=LINE('',#11029,#2577);
#1661=LINE('',#11032,#2578);
#1662=LINE('',#11034,#2579);
#1663=LINE('',#11035,#2580);
#1664=LINE('',#11037,#2581);
#1665=LINE('',#11039,#2582);
#1666=LINE('',#11043,#2583);
#1667=LINE('',#11044,#2584);
#1668=LINE('',#11045,#2585);
#1669=LINE('',#11048,#2586);
#1670=LINE('',#11049,#2587);
#1671=LINE('',#11052,#2588);
#1672=LINE('',#11054,#2589);
#1673=LINE('',#11056,#2590);
#1674=LINE('',#11057,#2591);
#1675=LINE('',#11059,#2592);
#1676=LINE('',#11062,#2593);
#1677=LINE('',#11064,#2594);
#1678=LINE('',#11068,#2595);
#1679=LINE('',#11070,#2596);
#1680=LINE('',#11072,#2597);
#1681=LINE('',#11074,#2598);
#1682=LINE('',#11077,#2599);
#1683=LINE('',#11078,#2600);
#1684=LINE('',#11081,#2601);
#1685=LINE('',#11082,#2602);
#1686=LINE('',#11085,#2603);
#1687=LINE('',#11089,#2604);
#1688=LINE('',#11091,#2605);
#1689=LINE('',#11093,#2606);
#1690=LINE('',#11095,#2607);
#1691=LINE('',#11098,#2608);
#1692=LINE('',#11101,#2609);
#1693=LINE('',#11103,#2610);
#1694=LINE('',#11104,#2611);
#1695=LINE('',#11105,#2612);
#1696=LINE('',#11108,#2613);
#1697=LINE('',#11112,#2614);
#1698=LINE('',#11114,#2615);
#1699=LINE('',#11116,#2616);
#1700=LINE('',#11118,#2617);
#1701=LINE('',#11122,#2618);
#1702=LINE('',#11123,#2619);
#1703=LINE('',#11126,#2620);
#1704=LINE('',#11128,#2621);
#1705=LINE('',#11129,#2622);
#1706=LINE('',#11132,#2623);
#1707=LINE('',#11136,#2624);
#1708=LINE('',#11138,#2625);
#1709=LINE('',#11140,#2626);
#1710=LINE('',#11142,#2627);
#1711=LINE('',#11145,#2628);
#1712=LINE('',#11146,#2629);
#1713=LINE('',#11149,#2630);
#1714=LINE('',#11150,#2631);
#1715=LINE('',#11153,#2632);
#1716=LINE('',#11155,#2633);
#1717=LINE('',#11156,#2634);
#1718=LINE('',#11158,#2635);
#1719=LINE('',#11160,#2636);
#1720=LINE('',#11164,#2637);
#1721=LINE('',#11165,#2638);
#1722=LINE('',#11166,#2639);
#1723=LINE('',#11169,#2640);
#1724=LINE('',#11170,#2641);
#1725=LINE('',#11173,#2642);
#1726=LINE('',#11174,#2643);
#1727=LINE('',#11175,#2644);
#1728=LINE('',#11177,#2645);
#1729=LINE('',#11180,#2646);
#1730=LINE('',#11181,#2647);
#1731=LINE('',#11184,#2648);
#1732=LINE('',#11188,#2649);
#1733=LINE('',#11190,#2650);
#1734=LINE('',#11192,#2651);
#1735=LINE('',#11194,#2652);
#1736=LINE('',#11197,#2653);
#1737=LINE('',#11199,#2654);
#1738=LINE('',#11201,#2655);
#1739=LINE('',#11203,#2656);
#1740=LINE('',#11205,#2657);
#1741=LINE('',#11207,#2658);
#1742=LINE('',#11209,#2659);
#1743=LINE('',#11211,#2660);
#1744=LINE('',#11215,#2661);
#1745=LINE('',#11217,#2662);
#1746=LINE('',#11219,#2663);
#1747=LINE('',#11221,#2664);
#1748=LINE('',#11223,#2665);
#1749=LINE('',#11225,#2666);
#1750=LINE('',#11227,#2667);
#1751=LINE('',#11230,#2668);
#1752=LINE('',#11232,#2669);
#1753=LINE('',#11234,#2670);
#1754=LINE('',#11236,#2671);
#1755=LINE('',#11238,#2672);
#1756=LINE('',#11240,#2673);
#1757=LINE('',#11242,#2674);
#1758=LINE('',#11246,#2675);
#1759=LINE('',#11248,#2676);
#1760=LINE('',#11250,#2677);
#1761=LINE('',#11252,#2678);
#1762=LINE('',#11254,#2679);
#1763=LINE('',#11256,#2680);
#1764=LINE('',#11258,#2681);
#1765=LINE('',#11264,#2682);
#1766=LINE('',#11265,#2683);
#1767=LINE('',#11266,#2684);
#1768=LINE('',#11268,#2685);
#1769=LINE('',#11270,#2686);
#1770=LINE('',#11271,#2687);
#1771=VECTOR('',#7471,1.);
#1772=VECTOR('',#7472,1.);
#1773=VECTOR('',#7473,1.);
#1774=VECTOR('',#7474,1.);
#1775=VECTOR('',#7475,1.);
#1776=VECTOR('',#7478,1.);
#1777=VECTOR('',#7479,1.);
#1778=VECTOR('',#7480,1.);
#1779=VECTOR('',#7483,1.);
#1780=VECTOR('',#7484,1.);
#1781=VECTOR('',#7485,1.);
#1782=VECTOR('',#7490,1.);
#1783=VECTOR('',#7491,1.);
#1784=VECTOR('',#7492,1.);
#1785=VECTOR('',#7493,1.);
#1786=VECTOR('',#7494,1.);
#1787=VECTOR('',#7495,1.);
#1788=VECTOR('',#7496,1.);
#1789=VECTOR('',#7499,1.);
#1790=VECTOR('',#7500,1.);
#1791=VECTOR('',#7501,1.);
#1792=VECTOR('',#7502,1.);
#1793=VECTOR('',#7505,1.);
#1794=VECTOR('',#7508,1.);
#1795=VECTOR('',#7513,1.);
#1796=VECTOR('',#7514,1.);
#1797=VECTOR('',#7515,1.);
#1798=VECTOR('',#7518,1.);
#1799=VECTOR('',#7519,1.);
#1800=VECTOR('',#7520,1.);
#1801=VECTOR('',#7521,1.);
#1802=VECTOR('',#7524,1.);
#1803=VECTOR('',#7525,1.);
#1804=VECTOR('',#7530,1.);
#1805=VECTOR('',#7531,1.);
#1806=VECTOR('',#7532,1.);
#1807=VECTOR('',#7533,1.);
#1808=VECTOR('',#7536,1.);
#1809=VECTOR('',#7539,1.);
#1810=VECTOR('',#7544,1.);
#1811=VECTOR('',#7545,1.);
#1812=VECTOR('',#7546,1.);
#1813=VECTOR('',#7549,1.);
#1814=VECTOR('',#7550,1.);
#1815=VECTOR('',#7551,1.);
#1816=VECTOR('',#7552,1.);
#1817=VECTOR('',#7555,1.);
#1818=VECTOR('',#7556,1.);
#1819=VECTOR('',#7557,1.);
#1820=VECTOR('',#7558,1.);
#1821=VECTOR('',#7559,1.);
#1822=VECTOR('',#7562,1.);
#1823=VECTOR('',#7563,1.);
#1824=VECTOR('',#7564,1.);
#1825=VECTOR('',#7565,1.);
#1826=VECTOR('',#7566,1.);
#1827=VECTOR('',#7567,1.);
#1828=VECTOR('',#7568,1.);
#1829=VECTOR('',#7569,1.);
#1830=VECTOR('',#7570,1.);
#1831=VECTOR('',#7573,1.);
#1832=VECTOR('',#7574,1.);
#1833=VECTOR('',#7577,1.);
#1834=VECTOR('',#7578,1.);
#1835=VECTOR('',#7579,1.);
#1836=VECTOR('',#7580,1.);
#1837=VECTOR('',#7583,1.);
#1838=VECTOR('',#7584,1.);
#1839=VECTOR('',#7585,1.);
#1840=VECTOR('',#7588,1.);
#1841=VECTOR('',#7589,1.);
#1842=VECTOR('',#7590,1.);
#1843=VECTOR('',#7593,1.);
#1844=VECTOR('',#7596,1.);
#1845=VECTOR('',#7597,1.);
#1846=VECTOR('',#7598,1.);
#1847=VECTOR('',#7599,1.);
#1848=VECTOR('',#7602,1.);
#1849=VECTOR('',#7603,1.);
#1850=VECTOR('',#7606,1.);
#1851=VECTOR('',#7607,1.);
#1852=VECTOR('',#7608,1.);
#1853=VECTOR('',#7609,1.);
#1854=VECTOR('',#7610,1.);
#1855=VECTOR('',#7611,1.);
#1856=VECTOR('',#7612,1.);
#1857=VECTOR('',#7615,1.);
#1858=VECTOR('',#7616,1.);
#1859=VECTOR('',#7619,1.);
#1860=VECTOR('',#7620,1.);
#1861=VECTOR('',#7621,1.);
#1862=VECTOR('',#7622,1.);
#1863=VECTOR('',#7625,1.);
#1864=VECTOR('',#7626,1.);
#1865=VECTOR('',#7627,1.);
#1866=VECTOR('',#7630,1.);
#1867=VECTOR('',#7631,1.);
#1868=VECTOR('',#7632,1.);
#1869=VECTOR('',#7635,1.);
#1870=VECTOR('',#7636,1.);
#1871=VECTOR('',#7637,1.);
#1872=VECTOR('',#7640,1.);
#1873=VECTOR('',#7643,1.);
#1874=VECTOR('',#7644,1.);
#1875=VECTOR('',#7645,1.);
#1876=VECTOR('',#7646,1.);
#1877=VECTOR('',#7649,1.);
#1878=VECTOR('',#7652,1.);
#1879=VECTOR('',#7655,1.);
#1880=VECTOR('',#7658,1.);
#1881=VECTOR('',#7661,1.);
#1882=VECTOR('',#7664,1.);
#1883=VECTOR('',#7667,1.);
#1884=VECTOR('',#7672,1.);
#1885=VECTOR('',#7673,1.);
#1886=VECTOR('',#7674,1.);
#1887=VECTOR('',#7675,1.);
#1888=VECTOR('',#7676,1.);
#1889=VECTOR('',#7677,1.);
#1890=VECTOR('',#7678,1.);
#1891=VECTOR('',#7679,1.);
#1892=VECTOR('',#7680,1.);
#1893=VECTOR('',#7681,1.);
#1894=VECTOR('',#7684,1.);
#1895=VECTOR('',#7685,1.);
#1896=VECTOR('',#7686,1.);
#1897=VECTOR('',#7687,1.);
#1898=VECTOR('',#7690,1.);
#1899=VECTOR('',#7691,1.);
#1900=VECTOR('',#7692,1.);
#1901=VECTOR('',#7693,1.);
#1902=VECTOR('',#7696,1.);
#1903=VECTOR('',#7697,1.);
#1904=VECTOR('',#7698,1.);
#1905=VECTOR('',#7701,1.);
#1906=VECTOR('',#7702,1.);
#1907=VECTOR('',#7703,1.);
#1908=VECTOR('',#7706,1.);
#1909=VECTOR('',#7707,1.);
#1910=VECTOR('',#7708,1.);
#1911=VECTOR('',#7709,1.);
#1912=VECTOR('',#7712,1.);
#1913=VECTOR('',#7713,1.);
#1914=VECTOR('',#7714,1.);
#1915=VECTOR('',#7717,1.);
#1916=VECTOR('',#7718,1.);
#1917=VECTOR('',#7719,1.);
#1918=VECTOR('',#7722,1.);
#1919=VECTOR('',#7723,1.);
#1920=VECTOR('',#7724,1.);
#1921=VECTOR('',#7725,1.);
#1922=VECTOR('',#7728,1.);
#1923=VECTOR('',#7729,1.);
#1924=VECTOR('',#7730,1.);
#1925=VECTOR('',#7731,1.);
#1926=VECTOR('',#7734,1.);
#1927=VECTOR('',#7735,1.);
#1928=VECTOR('',#7736,1.);
#1929=VECTOR('',#7739,0.999999999999999);
#1930=VECTOR('',#7740,1.);
#1931=VECTOR('',#7741,1.);
#1932=VECTOR('',#7742,1.);
#1933=VECTOR('',#7743,1.);
#1934=VECTOR('',#7746,1.);
#1935=VECTOR('',#7747,1.);
#1936=VECTOR('',#7748,1.);
#1937=VECTOR('',#7749,1.);
#1938=VECTOR('',#7752,1.);
#1939=VECTOR('',#7753,1.);
#1940=VECTOR('',#7754,1.);
#1941=VECTOR('',#7755,1.);
#1942=VECTOR('',#7758,1.);
#1943=VECTOR('',#7761,1.);
#1944=VECTOR('',#7766,1.);
#1945=VECTOR('',#7767,1.);
#1946=VECTOR('',#7770,1.);
#1947=VECTOR('',#7771,1.);
#1948=VECTOR('',#7772,1.);
#1949=VECTOR('',#7773,1.);
#1950=VECTOR('',#7776,1.);
#1951=VECTOR('',#7779,1.);
#1952=VECTOR('',#7780,1.);
#1953=VECTOR('',#7785,1.);
#1954=VECTOR('',#7788,1.);
#1955=VECTOR('',#7791,1.);
#1956=VECTOR('',#7794,1.);
#1957=VECTOR('',#7797,1.);
#1958=VECTOR('',#7800,1.);
#1959=VECTOR('',#7805,1.);
#1960=VECTOR('',#7806,1.);
#1961=VECTOR('',#7809,1.);
#1962=VECTOR('',#7810,1.);
#1963=VECTOR('',#7811,1.);
#1964=VECTOR('',#7814,1.);
#1965=VECTOR('',#7815,1.);
#1966=VECTOR('',#7816,1.);
#1967=VECTOR('',#7817,1.);
#1968=VECTOR('',#7820,1.);
#1969=VECTOR('',#7821,1.);
#1970=VECTOR('',#7824,1.);
#1971=VECTOR('',#7825,1.);
#1972=VECTOR('',#7828,1.);
#1973=VECTOR('',#7829,1.);
#1974=VECTOR('',#7830,1.);
#1975=VECTOR('',#7831,1.);
#1976=VECTOR('',#7832,1.);
#1977=VECTOR('',#7833,1.);
#1978=VECTOR('',#7838,1.);
#1979=VECTOR('',#7841,1.);
#1980=VECTOR('',#7844,1.);
#1981=VECTOR('',#7845,1.);
#1982=VECTOR('',#7846,1.);
#1983=VECTOR('',#7849,1.);
#1984=VECTOR('',#7850,1.);
#1985=VECTOR('',#7851,1.);
#1986=VECTOR('',#7854,1.);
#1987=VECTOR('',#7855,1.);
#1988=VECTOR('',#7856,1.);
#1989=VECTOR('',#7863,1.);
#1990=VECTOR('',#7866,1.);
#1991=VECTOR('',#7867,1.);
#1992=VECTOR('',#7868,1.);
#1993=VECTOR('',#7871,1.);
#1994=VECTOR('',#7872,1.);
#1995=VECTOR('',#7873,1.);
#1996=VECTOR('',#7876,1.);
#1997=VECTOR('',#7877,1.);
#1998=VECTOR('',#7878,1.);
#1999=VECTOR('',#7885,1.);
#2000=VECTOR('',#7888,1.);
#2001=VECTOR('',#7889,1.);
#2002=VECTOR('',#7890,1.);
#2003=VECTOR('',#7897,1.);
#2004=VECTOR('',#7900,1.);
#2005=VECTOR('',#7901,1.);
#2006=VECTOR('',#7902,1.);
#2007=VECTOR('',#7905,1.);
#2008=VECTOR('',#7906,1.);
#2009=VECTOR('',#7907,1.);
#2010=VECTOR('',#7910,1.);
#2011=VECTOR('',#7911,1.);
#2012=VECTOR('',#7912,1.);
#2013=VECTOR('',#7915,1.);
#2014=VECTOR('',#7916,1.);
#2015=VECTOR('',#7921,1.);
#2016=VECTOR('',#7924,1.);
#2017=VECTOR('',#7929,1.);
#2018=VECTOR('',#7934,1.);
#2019=VECTOR('',#7937,1.);
#2020=VECTOR('',#7938,1.);
#2021=VECTOR('',#7939,1.);
#2022=VECTOR('',#7942,1.);
#2023=VECTOR('',#7943,1.);
#2024=VECTOR('',#7944,1.);
#2025=VECTOR('',#7947,1.);
#2026=VECTOR('',#7948,1.);
#2027=VECTOR('',#7953,1.);
#2028=VECTOR('',#7954,1.);
#2029=VECTOR('',#7957,1.);
#2030=VECTOR('',#7960,1.);
#2031=VECTOR('',#7961,1.);
#2032=VECTOR('',#7962,1.);
#2033=VECTOR('',#7963,1.);
#2034=VECTOR('',#7966,1.);
#2035=VECTOR('',#7969,1.);
#2036=VECTOR('',#7974,1.);
#2037=VECTOR('',#7975,1.);
#2038=VECTOR('',#7976,1.);
#2039=VECTOR('',#7977,1.);
#2040=VECTOR('',#7980,1.);
#2041=VECTOR('',#7983,1.);
#2042=VECTOR('',#7994,1.);
#2043=VECTOR('',#7995,1.);
#2044=VECTOR('',#7996,1.);
#2045=VECTOR('',#7997,1.);
#2046=VECTOR('',#7998,1.);
#2047=VECTOR('',#7999,1.);
#2048=VECTOR('',#8000,1.);
#2049=VECTOR('',#8001,1.);
#2050=VECTOR('',#8002,1.);
#2051=VECTOR('',#8003,1.);
#2052=VECTOR('',#8004,1.);
#2053=VECTOR('',#8005,1.);
#2054=VECTOR('',#8006,1.);
#2055=VECTOR('',#8007,1.);
#2056=VECTOR('',#8008,1.);
#2057=VECTOR('',#8009,1.);
#2058=VECTOR('',#8010,1.);
#2059=VECTOR('',#8011,1.);
#2060=VECTOR('',#8012,1.);
#2061=VECTOR('',#8013,1.);
#2062=VECTOR('',#8014,1.);
#2063=VECTOR('',#8015,1.);
#2064=VECTOR('',#8016,1.);
#2065=VECTOR('',#8017,1.);
#2066=VECTOR('',#8018,1.);
#2067=VECTOR('',#8019,1.);
#2068=VECTOR('',#8020,1.);
#2069=VECTOR('',#8021,1.);
#2070=VECTOR('',#8022,1.);
#2071=VECTOR('',#8023,1.);
#2072=VECTOR('',#8024,1.);
#2073=VECTOR('',#8025,1.);
#2074=VECTOR('',#8026,1.);
#2075=VECTOR('',#8027,1.);
#2076=VECTOR('',#8028,1.);
#2077=VECTOR('',#8029,1.);
#2078=VECTOR('',#8030,1.);
#2079=VECTOR('',#8031,1.);
#2080=VECTOR('',#8032,1.);
#2081=VECTOR('',#8033,1.);
#2082=VECTOR('',#8034,1.);
#2083=VECTOR('',#8035,1.);
#2084=VECTOR('',#8036,1.);
#2085=VECTOR('',#8037,1.);
#2086=VECTOR('',#8038,1.);
#2087=VECTOR('',#8039,1.);
#2088=VECTOR('',#8040,1.);
#2089=VECTOR('',#8041,1.);
#2090=VECTOR('',#8042,1.);
#2091=VECTOR('',#8043,1.);
#2092=VECTOR('',#8044,1.);
#2093=VECTOR('',#8045,1.);
#2094=VECTOR('',#8046,1.);
#2095=VECTOR('',#8047,1.);
#2096=VECTOR('',#8048,1.);
#2097=VECTOR('',#8049,1.);
#2098=VECTOR('',#8050,1.);
#2099=VECTOR('',#8051,1.);
#2100=VECTOR('',#8054,1.);
#2101=VECTOR('',#8057,1.);
#2102=VECTOR('',#8062,1.);
#2103=VECTOR('',#8063,1.);
#2104=VECTOR('',#8064,1.);
#2105=VECTOR('',#8065,1.);
#2106=VECTOR('',#8068,1.);
#2107=VECTOR('',#8069,1.);
#2108=VECTOR('',#8070,1.);
#2109=VECTOR('',#8075,1.);
#2110=VECTOR('',#8080,1.);
#2111=VECTOR('',#8081,1.);
#2112=VECTOR('',#8084,1.);
#2113=VECTOR('',#8085,1.);
#2114=VECTOR('',#8086,1.);
#2115=VECTOR('',#8087,1.);
#2116=VECTOR('',#8090,1.);
#2117=VECTOR('',#8091,1.);
#2118=VECTOR('',#8092,1.);
#2119=VECTOR('',#8093,1.);
#2120=VECTOR('',#8096,1.);
#2121=VECTOR('',#8099,1.);
#2122=VECTOR('',#8104,1.);
#2123=VECTOR('',#8105,1.);
#2124=VECTOR('',#8106,1.);
#2125=VECTOR('',#8109,1.);
#2126=VECTOR('',#8110,1.);
#2127=VECTOR('',#8113,1.);
#2128=VECTOR('',#8114,1.);
#2129=VECTOR('',#8115,1.);
#2130=VECTOR('',#8116,1.);
#2131=VECTOR('',#8119,1.);
#2132=VECTOR('',#8126,1.);
#2133=VECTOR('',#8127,1.);
#2134=VECTOR('',#8128,1.);
#2135=VECTOR('',#8131,1.);
#2136=VECTOR('',#8132,1.);
#2137=VECTOR('',#8133,1.);
#2138=VECTOR('',#8134,1.);
#2139=VECTOR('',#8137,1.);
#2140=VECTOR('',#8138,1.);
#2141=VECTOR('',#8139,1.);
#2142=VECTOR('',#8142,1.);
#2143=VECTOR('',#8143,1.);
#2144=VECTOR('',#8144,1.);
#2145=VECTOR('',#8147,1.);
#2146=VECTOR('',#8148,1.);
#2147=VECTOR('',#8149,1.);
#2148=VECTOR('',#8152,1.);
#2149=VECTOR('',#8153,1.);
#2150=VECTOR('',#8154,1.);
#2151=VECTOR('',#8157,1.);
#2152=VECTOR('',#8158,1.);
#2153=VECTOR('',#8161,1.);
#2154=VECTOR('',#8164,1.);
#2155=VECTOR('',#8167,1.);
#2156=VECTOR('',#8168,1.);
#2157=VECTOR('',#8169,1.);
#2158=VECTOR('',#8172,1.);
#2159=VECTOR('',#8173,1.);
#2160=VECTOR('',#8174,1.);
#2161=VECTOR('',#8177,1.);
#2162=VECTOR('',#8178,1.);
#2163=VECTOR('',#8179,1.);
#2164=VECTOR('',#8182,1.);
#2165=VECTOR('',#8183,1.);
#2166=VECTOR('',#8184,1.);
#2167=VECTOR('',#8187,1.);
#2168=VECTOR('',#8190,1.);
#2169=VECTOR('',#8193,1.);
#2170=VECTOR('',#8194,1.);
#2171=VECTOR('',#8197,1.);
#2172=VECTOR('',#8198,1.);
#2173=VECTOR('',#8199,1.);
#2174=VECTOR('',#8202,1.);
#2175=VECTOR('',#8203,1.);
#2176=VECTOR('',#8204,1.);
#2177=VECTOR('',#8207,1.);
#2178=VECTOR('',#8208,1.);
#2179=VECTOR('',#8209,1.);
#2180=VECTOR('',#8210,1.);
#2181=VECTOR('',#8213,1.);
#2182=VECTOR('',#8214,1.);
#2183=VECTOR('',#8217,1.);
#2184=VECTOR('',#8220,1.);
#2185=VECTOR('',#8221,1.);
#2186=VECTOR('',#8224,1.);
#2187=VECTOR('',#8225,1.);
#2188=VECTOR('',#8228,1.);
#2189=VECTOR('',#8229,1.);
#2190=VECTOR('',#8230,1.);
#2191=VECTOR('',#8233,1.);
#2192=VECTOR('',#8234,1.);
#2193=VECTOR('',#8235,1.);
#2194=VECTOR('',#8236,1.);
#2195=VECTOR('',#8239,1.);
#2196=VECTOR('',#8240,1.);
#2197=VECTOR('',#8243,1.);
#2198=VECTOR('',#8246,1.);
#2199=VECTOR('',#8247,1.);
#2200=VECTOR('',#8248,1.);
#2201=VECTOR('',#8251,1.);
#2202=VECTOR('',#8254,1.);
#2203=VECTOR('',#8255,1.);
#2204=VECTOR('',#8264,1.);
#2205=VECTOR('',#8265,1.);
#2206=VECTOR('',#8268,1.);
#2207=VECTOR('',#8273,1.);
#2208=VECTOR('',#8278,1.);
#2209=VECTOR('',#8279,1.);
#2210=VECTOR('',#8280,1.);
#2211=VECTOR('',#8283,1.);
#2212=VECTOR('',#8284,1.);
#2213=VECTOR('',#8285,1.);
#2214=VECTOR('',#8288,1.);
#2215=VECTOR('',#8289,1.);
#2216=VECTOR('',#8292,1.);
#2217=VECTOR('',#8293,1.);
#2218=VECTOR('',#8294,1.);
#2219=VECTOR('',#8295,1.);
#2220=VECTOR('',#8298,1.);
#2221=VECTOR('',#8301,1.);
#2222=VECTOR('',#8302,1.);
#2223=VECTOR('',#8305,1.);
#2224=VECTOR('',#8308,1.);
#2225=VECTOR('',#8309,1.);
#2226=VECTOR('',#8310,1.);
#2227=VECTOR('',#8313,1.);
#2228=VECTOR('',#8314,1.);
#2229=VECTOR('',#8315,1.);
#2230=VECTOR('',#8318,1.);
#2231=VECTOR('',#8319,1.);
#2232=VECTOR('',#8322,1.);
#2233=VECTOR('',#8323,1.);
#2234=VECTOR('',#8326,1.);
#2235=VECTOR('',#8327,1.);
#2236=VECTOR('',#8328,1.);
#2237=VECTOR('',#8329,1.);
#2238=VECTOR('',#8332,1.);
#2239=VECTOR('',#8333,1.);
#2240=VECTOR('',#8336,1.);
#2241=VECTOR('',#8337,1.);
#2242=VECTOR('',#8338,1.);
#2243=VECTOR('',#8341,1.);
#2244=VECTOR('',#8342,1.);
#2245=VECTOR('',#8345,1.);
#2246=VECTOR('',#8346,1.);
#2247=VECTOR('',#8351,1.);
#2248=VECTOR('',#8354,1.);
#2249=VECTOR('',#8355,1.);
#2250=VECTOR('',#8356,1.);
#2251=VECTOR('',#8357,1.);
#2252=VECTOR('',#8360,1.);
#2253=VECTOR('',#8361,1.);
#2254=VECTOR('',#8364,1.);
#2255=VECTOR('',#8365,1.);
#2256=VECTOR('',#8368,1.);
#2257=VECTOR('',#8369,1.);
#2258=VECTOR('',#8372,1.);
#2259=VECTOR('',#8373,1.);
#2260=VECTOR('',#8374,1.);
#2261=VECTOR('',#8377,1.);
#2262=VECTOR('',#8378,1.);
#2263=VECTOR('',#8379,1.);
#2264=VECTOR('',#8382,1.);
#2265=VECTOR('',#8383,1.);
#2266=VECTOR('',#8386,1.);
#2267=VECTOR('',#8387,1.);
#2268=VECTOR('',#8390,1.);
#2269=VECTOR('',#8391,1.);
#2270=VECTOR('',#8392,1.);
#2271=VECTOR('',#8393,1.);
#2272=VECTOR('',#8396,1.);
#2273=VECTOR('',#8397,1.);
#2274=VECTOR('',#8400,1.);
#2275=VECTOR('',#8401,1.);
#2276=VECTOR('',#8402,1.);
#2277=VECTOR('',#8405,1.);
#2278=VECTOR('',#8406,1.);
#2279=VECTOR('',#8409,1.);
#2280=VECTOR('',#8410,1.);
#2281=VECTOR('',#8411,1.);
#2282=VECTOR('',#8412,1.);
#2283=VECTOR('',#8415,1.);
#2284=VECTOR('',#8418,1.);
#2285=VECTOR('',#8419,1.);
#2286=VECTOR('',#8422,1.);
#2287=VECTOR('',#8423,1.);
#2288=VECTOR('',#8424,1.);
#2289=VECTOR('',#8425,1.);
#2290=VECTOR('',#8428,1.);
#2291=VECTOR('',#8429,1.);
#2292=VECTOR('',#8432,1.);
#2293=VECTOR('',#8433,1.);
#2294=VECTOR('',#8436,1.);
#2295=VECTOR('',#8437,1.);
#2296=VECTOR('',#8440,1.);
#2297=VECTOR('',#8441,1.);
#2298=VECTOR('',#8442,1.);
#2299=VECTOR('',#8445,1.);
#2300=VECTOR('',#8446,1.);
#2301=VECTOR('',#8447,1.);
#2302=VECTOR('',#8450,1.);
#2303=VECTOR('',#8451,1.);
#2304=VECTOR('',#8454,1.);
#2305=VECTOR('',#8455,1.);
#2306=VECTOR('',#8458,1.);
#2307=VECTOR('',#8459,1.);
#2308=VECTOR('',#8460,1.);
#2309=VECTOR('',#8461,1.);
#2310=VECTOR('',#8464,1.);
#2311=VECTOR('',#8465,1.);
#2312=VECTOR('',#8466,1.);
#2313=VECTOR('',#8467,1.);
#2314=VECTOR('',#8470,1.);
#2315=VECTOR('',#8471,1.);
#2316=VECTOR('',#8472,1.);
#2317=VECTOR('',#8473,1.);
#2318=VECTOR('',#8476,1.);
#2319=VECTOR('',#8477,1.);
#2320=VECTOR('',#8478,1.);
#2321=VECTOR('',#8489,1.);
#2322=VECTOR('',#8490,1.);
#2323=VECTOR('',#8491,1.);
#2324=VECTOR('',#8494,1.);
#2325=VECTOR('',#8495,1.);
#2326=VECTOR('',#8496,1.);
#2327=VECTOR('',#8497,1.);
#2328=VECTOR('',#8498,1.);
#2329=VECTOR('',#8501,1.);
#2330=VECTOR('',#8502,1.);
#2331=VECTOR('',#8503,1.);
#2332=VECTOR('',#8506,1.);
#2333=VECTOR('',#8507,1.);
#2334=VECTOR('',#8508,1.);
#2335=VECTOR('',#8509,1.);
#2336=VECTOR('',#8510,1.);
#2337=VECTOR('',#8513,1.);
#2338=VECTOR('',#8514,1.);
#2339=VECTOR('',#8515,1.);
#2340=VECTOR('',#8518,1.);
#2341=VECTOR('',#8519,1.);
#2342=VECTOR('',#8520,1.);
#2343=VECTOR('',#8523,1.);
#2344=VECTOR('',#8524,1.);
#2345=VECTOR('',#8525,1.);
#2346=VECTOR('',#8528,1.);
#2347=VECTOR('',#8531,1.);
#2348=VECTOR('',#8532,1.);
#2349=VECTOR('',#8535,1.);
#2350=VECTOR('',#8536,1.);
#2351=VECTOR('',#8537,1.);
#2352=VECTOR('',#8538,1.);
#2353=VECTOR('',#8539,1.);
#2354=VECTOR('',#8540,1.);
#2355=VECTOR('',#8543,1.);
#2356=VECTOR('',#8546,1.);
#2357=VECTOR('',#8551,1.);
#2358=VECTOR('',#8552,1.);
#2359=VECTOR('',#8553,1.);
#2360=VECTOR('',#8556,1.);
#2361=VECTOR('',#8557,1.);
#2362=VECTOR('',#8558,1.);
#2363=VECTOR('',#8561,1.);
#2364=VECTOR('',#8562,1.);
#2365=VECTOR('',#8563,1.);
#2366=VECTOR('',#8566,1.);
#2367=VECTOR('',#8573,1.);
#2368=VECTOR('',#8574,1.);
#2369=VECTOR('',#8575,1.);
#2370=VECTOR('',#8578,1.);
#2371=VECTOR('',#8579,1.);
#2372=VECTOR('',#8580,1.);
#2373=VECTOR('',#8583,1.);
#2374=VECTOR('',#8584,1.);
#2375=VECTOR('',#8585,1.);
#2376=VECTOR('',#8588,1.);
#2377=VECTOR('',#8595,1.);
#2378=VECTOR('',#8596,1.);
#2379=VECTOR('',#8597,1.);
#2380=VECTOR('',#8600,1.);
#2381=VECTOR('',#8607,1.);
#2382=VECTOR('',#8608,1.);
#2383=VECTOR('',#8609,1.);
#2384=VECTOR('',#8612,1.);
#2385=VECTOR('',#8613,1.);
#2386=VECTOR('',#8614,1.);
#2387=VECTOR('',#8617,1.);
#2388=VECTOR('',#8618,1.);
#2389=VECTOR('',#8619,1.);
#2390=VECTOR('',#8622,1.);
#2391=VECTOR('',#8623,1.);
#2392=VECTOR('',#8628,1.);
#2393=VECTOR('',#8631,1.);
#2394=VECTOR('',#8636,1.);
#2395=VECTOR('',#8641,1.);
#2396=VECTOR('',#8642,1.);
#2397=VECTOR('',#8645,1.);
#2398=VECTOR('',#8646,1.);
#2399=VECTOR('',#8647,1.);
#2400=VECTOR('',#8648,1.);
#2401=VECTOR('',#8649,1.);
#2402=VECTOR('',#8652,1.);
#2403=VECTOR('',#8653,1.);
#2404=VECTOR('',#8656,1.);
#2405=VECTOR('',#8657,1.);
#2406=VECTOR('',#8658,1.);
#2407=VECTOR('',#8659,1.);
#2408=VECTOR('',#8662,1.);
#2409=VECTOR('',#8663,1.);
#2410=VECTOR('',#8666,1.);
#2411=VECTOR('',#8669,1.);
#2412=VECTOR('',#8670,1.);
#2413=VECTOR('',#8671,1.);
#2414=VECTOR('',#8672,1.);
#2415=VECTOR('',#8675,1.);
#2416=VECTOR('',#8676,1.);
#2417=VECTOR('',#8677,1.);
#2418=VECTOR('',#8680,1.);
#2419=VECTOR('',#8681,1.);
#2420=VECTOR('',#8682,1.);
#2421=VECTOR('',#8683,1.);
#2422=VECTOR('',#8686,1.);
#2423=VECTOR('',#8691,1.);
#2424=VECTOR('',#8692,1.);
#2425=VECTOR('',#8693,1.);
#2426=VECTOR('',#8696,1.);
#2427=VECTOR('',#8701,1.);
#2428=VECTOR('',#8704,1.);
#2429=VECTOR('',#8705,1.);
#2430=VECTOR('',#8708,1.);
#2431=VECTOR('',#8709,1.);
#2432=VECTOR('',#8710,1.);
#2433=VECTOR('',#8711,1.);
#2434=VECTOR('',#8714,1.);
#2435=VECTOR('',#8723,1.);
#2436=VECTOR('',#8724,1.);
#2437=VECTOR('',#8729,1.);
#2438=VECTOR('',#8732,1.);
#2439=VECTOR('',#8733,1.);
#2440=VECTOR('',#8736,1.);
#2441=VECTOR('',#8737,1.);
#2442=VECTOR('',#8740,1.);
#2443=VECTOR('',#8741,1.);
#2444=VECTOR('',#8744,1.);
#2445=VECTOR('',#8745,1.);
#2446=VECTOR('',#8750,1.);
#2447=VECTOR('',#8753,1.);
#2448=VECTOR('',#8756,1.);
#2449=VECTOR('',#8757,1.);
#2450=VECTOR('',#8760,1.);
#2451=VECTOR('',#8761,1.);
#2452=VECTOR('',#8762,1.);
#2453=VECTOR('',#8763,1.);
#2454=VECTOR('',#8766,1.);
#2455=VECTOR('',#8767,1.);
#2456=VECTOR('',#8770,1.);
#2457=VECTOR('',#8771,1.);
#2458=VECTOR('',#8772,1.);
#2459=VECTOR('',#8775,1.);
#2460=VECTOR('',#8776,1.);
#2461=VECTOR('',#8779,1.);
#2462=VECTOR('',#8780,1.);
#2463=VECTOR('',#8781,1.);
#2464=VECTOR('',#8782,1.);
#2465=VECTOR('',#8785,1.);
#2466=VECTOR('',#8788,1.);
#2467=VECTOR('',#8791,1.);
#2468=VECTOR('',#8794,1.);
#2469=VECTOR('',#8797,1.);
#2470=VECTOR('',#8800,1.);
#2471=VECTOR('',#8803,1.);
#2472=VECTOR('',#8806,1.);
#2473=VECTOR('',#8811,1.);
#2474=VECTOR('',#8812,1.);
#2475=VECTOR('',#8815,1.);
#2476=VECTOR('',#8816,1.);
#2477=VECTOR('',#8817,1.);
#2478=VECTOR('',#8818,1.);
#2479=VECTOR('',#8821,1.);
#2480=VECTOR('',#8822,1.);
#2481=VECTOR('',#8825,1.);
#2482=VECTOR('',#8826,1.);
#2483=VECTOR('',#8827,1.);
#2484=VECTOR('',#8828,1.);
#2485=VECTOR('',#8829,1.);
#2486=VECTOR('',#8832,1.);
#2487=VECTOR('',#8833,1.);
#2488=VECTOR('',#8834,1.);
#2489=VECTOR('',#8837,1.);
#2490=VECTOR('',#8840,1.);
#2491=VECTOR('',#8841,1.);
#2492=VECTOR('',#8842,1.);
#2493=VECTOR('',#8843,1.);
#2494=VECTOR('',#8846,1.);
#2495=VECTOR('',#8849,1.);
#2496=VECTOR('',#8852,1.);
#2497=VECTOR('',#8855,1.);
#2498=VECTOR('',#8858,1.);
#2499=VECTOR('',#8861,1.);
#2500=VECTOR('',#8864,1.);
#2501=VECTOR('',#8867,1.);
#2502=VECTOR('',#8872,1.);
#2503=VECTOR('',#8873,1.);
#2504=VECTOR('',#8876,1.);
#2505=VECTOR('',#8879,1.);
#2506=VECTOR('',#8880,1.);
#2507=VECTOR('',#8881,1.);
#2508=VECTOR('',#8882,1.);
#2509=VECTOR('',#8883,1.);
#2510=VECTOR('',#8884,1.);
#2511=VECTOR('',#8885,1.);
#2512=VECTOR('',#8886,1.);
#2513=VECTOR('',#8887,1.);
#2514=VECTOR('',#8888,1.);
#2515=VECTOR('',#8889,1.);
#2516=VECTOR('',#8890,1.);
#2517=VECTOR('',#8891,1.);
#2518=VECTOR('',#8892,1.);
#2519=VECTOR('',#8893,1.);
#2520=VECTOR('',#8894,1.);
#2521=VECTOR('',#8895,1.);
#2522=VECTOR('',#8896,1.);
#2523=VECTOR('',#8897,1.);
#2524=VECTOR('',#8898,1.);
#2525=VECTOR('',#8899,1.);
#2526=VECTOR('',#8900,1.);
#2527=VECTOR('',#8903,1.);
#2528=VECTOR('',#8904,1.);
#2529=VECTOR('',#8907,1.);
#2530=VECTOR('',#8908,1.);
#2531=VECTOR('',#8909,1.);
#2532=VECTOR('',#8912,1.);
#2533=VECTOR('',#8913,1.);
#2534=VECTOR('',#8916,1.);
#2535=VECTOR('',#8917,1.);
#2536=VECTOR('',#8918,1.);
#2537=VECTOR('',#8919,1.);
#2538=VECTOR('',#8922,1.);
#2539=VECTOR('',#8923,1.);
#2540=VECTOR('',#8926,1.);
#2541=VECTOR('',#8927,1.);
#2542=VECTOR('',#8930,1.);
#2543=VECTOR('',#8933,1.);
#2544=VECTOR('',#8934,1.);
#2545=VECTOR('',#8935,1.);
#2546=VECTOR('',#8936,1.);
#2547=VECTOR('',#8939,1.);
#2548=VECTOR('',#8942,1.);
#2549=VECTOR('',#8945,1.);
#2550=VECTOR('',#8948,1.);
#2551=VECTOR('',#8951,1.);
#2552=VECTOR('',#8954,1.);
#2553=VECTOR('',#8957,1.);
#2554=VECTOR('',#8960,1.);
#2555=VECTOR('',#8965,1.);
#2556=VECTOR('',#8966,1.);
#2557=VECTOR('',#8969,1.);
#2558=VECTOR('',#8970,1.);
#2559=VECTOR('',#8971,1.);
#2560=VECTOR('',#8972,1.);
#2561=VECTOR('',#8975,1.);
#2562=VECTOR('',#8976,1.);
#2563=VECTOR('',#8979,1.);
#2564=VECTOR('',#8980,1.);
#2565=VECTOR('',#8981,1.);
#2566=VECTOR('',#8984,1.);
#2567=VECTOR('',#8987,1.);
#2568=VECTOR('',#8988,1.);
#2569=VECTOR('',#8989,1.);
#2570=VECTOR('',#8990,1.);
#2571=VECTOR('',#8993,1.);
#2572=VECTOR('',#8994,1.);
#2573=VECTOR('',#8997,1.);
#2574=VECTOR('',#8998,1.);
#2575=VECTOR('',#8999,1.);
#2576=VECTOR('',#9002,1.);
#2577=VECTOR('',#9003,1.);
#2578=VECTOR('',#9006,1.);
#2579=VECTOR('',#9007,1.);
#2580=VECTOR('',#9008,1.);
#2581=VECTOR('',#9011,1.);
#2582=VECTOR('',#9014,1.);
#2583=VECTOR('',#9017,1.);
#2584=VECTOR('',#9018,1.);
#2585=VECTOR('',#9019,1.);
#2586=VECTOR('',#9022,1.);
#2587=VECTOR('',#9023,1.);
#2588=VECTOR('',#9026,1.);
#2589=VECTOR('',#9027,1.);
#2590=VECTOR('',#9028,1.);
#2591=VECTOR('',#9029,1.);
#2592=VECTOR('',#9032,1.);
#2593=VECTOR('',#9035,1.);
#2594=VECTOR('',#9036,1.);
#2595=VECTOR('',#9039,1.);
#2596=VECTOR('',#9040,1.);
#2597=VECTOR('',#9041,1.);
#2598=VECTOR('',#9042,1.);
#2599=VECTOR('',#9045,1.);
#2600=VECTOR('',#9046,1.);
#2601=VECTOR('',#9049,1.);
#2602=VECTOR('',#9050,1.);
#2603=VECTOR('',#9053,1.);
#2604=VECTOR('',#9056,1.);
#2605=VECTOR('',#9057,1.);
#2606=VECTOR('',#9058,1.);
#2607=VECTOR('',#9059,1.);
#2608=VECTOR('',#9062,1.);
#2609=VECTOR('',#9065,1.);
#2610=VECTOR('',#9066,1.);
#2611=VECTOR('',#9067,1.);
#2612=VECTOR('',#9068,1.);
#2613=VECTOR('',#9071,1.);
#2614=VECTOR('',#9074,1.);
#2615=VECTOR('',#9075,1.);
#2616=VECTOR('',#9076,1.);
#2617=VECTOR('',#9077,1.);
#2618=VECTOR('',#9080,1.);
#2619=VECTOR('',#9081,1.);
#2620=VECTOR('',#9084,1.);
#2621=VECTOR('',#9085,1.);
#2622=VECTOR('',#9086,1.);
#2623=VECTOR('',#9089,1.);
#2624=VECTOR('',#9092,1.);
#2625=VECTOR('',#9093,1.);
#2626=VECTOR('',#9094,1.);
#2627=VECTOR('',#9095,1.);
#2628=VECTOR('',#9098,1.);
#2629=VECTOR('',#9099,1.);
#2630=VECTOR('',#9102,1.);
#2631=VECTOR('',#9103,1.);
#2632=VECTOR('',#9106,1.);
#2633=VECTOR('',#9107,1.);
#2634=VECTOR('',#9108,1.);
#2635=VECTOR('',#9111,1.);
#2636=VECTOR('',#9114,1.);
#2637=VECTOR('',#9117,1.);
#2638=VECTOR('',#9118,1.);
#2639=VECTOR('',#9119,1.);
#2640=VECTOR('',#9122,1.);
#2641=VECTOR('',#9123,1.);
#2642=VECTOR('',#9126,1.);
#2643=VECTOR('',#9127,1.);
#2644=VECTOR('',#9128,1.);
#2645=VECTOR('',#9131,1.);
#2646=VECTOR('',#9134,1.);
#2647=VECTOR('',#9135,1.);
#2648=VECTOR('',#9138,1.);
#2649=VECTOR('',#9141,1.);
#2650=VECTOR('',#9142,1.);
#2651=VECTOR('',#9143,1.);
#2652=VECTOR('',#9144,1.);
#2653=VECTOR('',#9147,1.);
#2654=VECTOR('',#9150,1.);
#2655=VECTOR('',#9153,1.);
#2656=VECTOR('',#9156,1.);
#2657=VECTOR('',#9159,1.);
#2658=VECTOR('',#9162,1.);
#2659=VECTOR('',#9165,1.);
#2660=VECTOR('',#9168,1.);
#2661=VECTOR('',#9175,1.);
#2662=VECTOR('',#9178,1.);
#2663=VECTOR('',#9181,1.);
#2664=VECTOR('',#9184,1.);
#2665=VECTOR('',#9187,1.);
#2666=VECTOR('',#9190,1.);
#2667=VECTOR('',#9193,1.);
#2668=VECTOR('',#9198,1.);
#2669=VECTOR('',#9201,1.);
#2670=VECTOR('',#9204,1.);
#2671=VECTOR('',#9207,1.);
#2672=VECTOR('',#9210,1.);
#2673=VECTOR('',#9213,1.);
#2674=VECTOR('',#9216,1.);
#2675=VECTOR('',#9223,1.);
#2676=VECTOR('',#9226,1.);
#2677=VECTOR('',#9229,1.);
#2678=VECTOR('',#9232,1.);
#2679=VECTOR('',#9235,1.);
#2680=VECTOR('',#9238,1.);
#2681=VECTOR('',#9241,1.);
#2682=VECTOR('',#9248,1.);
#2683=VECTOR('',#9249,1.);
#2684=VECTOR('',#9250,1.);
#2685=VECTOR('',#9253,1.);
#2686=VECTOR('',#9256,1.);
#2687=VECTOR('',#9257,1.);
#2688=VERTEX_POINT('',#9266);
#2689=VERTEX_POINT('',#9267);
#2690=VERTEX_POINT('',#9269);
#2691=VERTEX_POINT('',#9271);
#2692=VERTEX_POINT('',#9273);
#2693=VERTEX_POINT('',#9277);
#2694=VERTEX_POINT('',#9278);
#2695=VERTEX_POINT('',#9283);
#2696=VERTEX_POINT('',#9284);
#2697=VERTEX_POINT('',#9286);
#2698=VERTEX_POINT('',#9288);
#2699=VERTEX_POINT('',#9292);
#2700=VERTEX_POINT('',#9294);
#2701=VERTEX_POINT('',#9296);
#2702=VERTEX_POINT('',#9298);
#2703=VERTEX_POINT('',#9300);
#2704=VERTEX_POINT('',#9305);
#2705=VERTEX_POINT('',#9306);
#2706=VERTEX_POINT('',#9308);
#2707=VERTEX_POINT('',#9310);
#2708=VERTEX_POINT('',#9314);
#2709=VERTEX_POINT('',#9315);
#2710=VERTEX_POINT('',#9317);
#2711=VERTEX_POINT('',#9319);
#2712=VERTEX_POINT('',#9323);
#2713=VERTEX_POINT('',#9325);
#2714=VERTEX_POINT('',#9329);
#2715=VERTEX_POINT('',#9330);
#2716=VERTEX_POINT('',#9332);
#2717=VERTEX_POINT('',#9334);
#2718=VERTEX_POINT('',#9338);
#2719=VERTEX_POINT('',#9340);
#2720=VERTEX_POINT('',#9344);
#2721=VERTEX_POINT('',#9345);
#2722=VERTEX_POINT('',#9347);
#2723=VERTEX_POINT('',#9349);
#2724=VERTEX_POINT('',#9353);
#2725=VERTEX_POINT('',#9354);
#2726=VERTEX_POINT('',#9356);
#2727=VERTEX_POINT('',#9358);
#2728=VERTEX_POINT('',#9362);
#2729=VERTEX_POINT('',#9364);
#2730=VERTEX_POINT('',#9368);
#2731=VERTEX_POINT('',#9369);
#2732=VERTEX_POINT('',#9371);
#2733=VERTEX_POINT('',#9373);
#2734=VERTEX_POINT('',#9377);
#2735=VERTEX_POINT('',#9379);
#2736=VERTEX_POINT('',#9381);
#2737=VERTEX_POINT('',#9383);
#2738=VERTEX_POINT('',#9387);
#2739=VERTEX_POINT('',#9388);
#2740=VERTEX_POINT('',#9390);
#2741=VERTEX_POINT('',#9392);
#2742=VERTEX_POINT('',#9394);
#2743=VERTEX_POINT('',#9397);
#2744=VERTEX_POINT('',#9403);
#2745=VERTEX_POINT('',#9404);
#2746=VERTEX_POINT('',#9406);
#2747=VERTEX_POINT('',#9408);
#2748=VERTEX_POINT('',#9410);
#2749=VERTEX_POINT('',#9412);
#2750=VERTEX_POINT('',#9414);
#2751=VERTEX_POINT('',#9416);
#2752=VERTEX_POINT('',#9418);
#2753=VERTEX_POINT('',#9420);
#2754=VERTEX_POINT('',#9422);
#2755=VERTEX_POINT('',#9427);
#2756=VERTEX_POINT('',#9431);
#2757=VERTEX_POINT('',#9432);
#2758=VERTEX_POINT('',#9434);
#2759=VERTEX_POINT('',#9436);
#2760=VERTEX_POINT('',#9438);
#2761=VERTEX_POINT('',#9440);
#2762=VERTEX_POINT('',#9442);
#2763=VERTEX_POINT('',#9444);
#2764=VERTEX_POINT('',#9449);
#2765=VERTEX_POINT('',#9450);
#2766=VERTEX_POINT('',#9452);
#2767=VERTEX_POINT('',#9454);
#2768=VERTEX_POINT('',#9456);
#2769=VERTEX_POINT('',#9458);
#2770=VERTEX_POINT('',#9463);
#2771=VERTEX_POINT('',#9464);
#2772=VERTEX_POINT('',#9466);
#2773=VERTEX_POINT('',#9468);
#2774=VERTEX_POINT('',#9470);
#2775=VERTEX_POINT('',#9472);
#2776=VERTEX_POINT('',#9474);
#2777=VERTEX_POINT('',#9476);
#2778=VERTEX_POINT('',#9478);
#2779=VERTEX_POINT('',#9480);
#2780=VERTEX_POINT('',#9482);
#2781=VERTEX_POINT('',#9486);
#2782=VERTEX_POINT('',#9488);
#2783=VERTEX_POINT('',#9493);
#2784=VERTEX_POINT('',#9498);
#2785=VERTEX_POINT('',#9500);
#2786=VERTEX_POINT('',#9502);
#2787=VERTEX_POINT('',#9504);
#2788=VERTEX_POINT('',#9506);
#2789=VERTEX_POINT('',#9508);
#2790=VERTEX_POINT('',#9525);
#2791=VERTEX_POINT('',#9526);
#2792=VERTEX_POINT('',#9528);
#2793=VERTEX_POINT('',#9530);
#2794=VERTEX_POINT('',#9532);
#2795=VERTEX_POINT('',#9534);
#2796=VERTEX_POINT('',#9536);
#2797=VERTEX_POINT('',#9538);
#2798=VERTEX_POINT('',#9540);
#2799=VERTEX_POINT('',#9542);
#2800=VERTEX_POINT('',#9546);
#2801=VERTEX_POINT('',#9547);
#2802=VERTEX_POINT('',#9549);
#2803=VERTEX_POINT('',#9551);
#2804=VERTEX_POINT('',#9555);
#2805=VERTEX_POINT('',#9556);
#2806=VERTEX_POINT('',#9558);
#2807=VERTEX_POINT('',#9560);
#2808=VERTEX_POINT('',#9564);
#2809=VERTEX_POINT('',#9566);
#2810=VERTEX_POINT('',#9570);
#2811=VERTEX_POINT('',#9572);
#2812=VERTEX_POINT('',#9576);
#2813=VERTEX_POINT('',#9577);
#2814=VERTEX_POINT('',#9579);
#2815=VERTEX_POINT('',#9585);
#2816=VERTEX_POINT('',#9589);
#2817=VERTEX_POINT('',#9594);
#2818=VERTEX_POINT('',#9595);
#2819=VERTEX_POINT('',#9597);
#2820=VERTEX_POINT('',#9599);
#2821=VERTEX_POINT('',#9603);
#2822=VERTEX_POINT('',#9604);
#2823=VERTEX_POINT('',#9606);
#2824=VERTEX_POINT('',#9608);
#2825=VERTEX_POINT('',#9612);
#2826=VERTEX_POINT('',#9614);
#2827=VERTEX_POINT('',#9618);
#2828=VERTEX_POINT('',#9619);
#2829=VERTEX_POINT('',#9621);
#2830=VERTEX_POINT('',#9623);
#2831=VERTEX_POINT('',#9628);
#2832=VERTEX_POINT('',#9629);
#2833=VERTEX_POINT('',#9631);
#2834=VERTEX_POINT('',#9633);
#2835=VERTEX_POINT('',#9637);
#2836=VERTEX_POINT('',#9638);
#2837=VERTEX_POINT('',#9640);
#2838=VERTEX_POINT('',#9642);
#2839=VERTEX_POINT('',#9646);
#2840=VERTEX_POINT('',#9647);
#2841=VERTEX_POINT('',#9649);
#2842=VERTEX_POINT('',#9651);
#2843=VERTEX_POINT('',#9658);
#2844=VERTEX_POINT('',#9659);
#2845=VERTEX_POINT('',#9661);
#2846=VERTEX_POINT('',#9663);
#2847=VERTEX_POINT('',#9686);
#2848=VERTEX_POINT('',#9690);
#2849=VERTEX_POINT('',#9692);
#2850=VERTEX_POINT('',#9696);
#2851=VERTEX_POINT('',#9698);
#2852=VERTEX_POINT('',#9700);
#2853=VERTEX_POINT('',#9707);
#2854=VERTEX_POINT('',#9711);
#2855=VERTEX_POINT('',#9714);
#2856=VERTEX_POINT('',#9715);
#2857=VERTEX_POINT('',#9717);
#2858=VERTEX_POINT('',#9719);
#2859=VERTEX_POINT('',#9723);
#2860=VERTEX_POINT('',#9724);
#2861=VERTEX_POINT('',#9726);
#2862=VERTEX_POINT('',#9728);
#2863=VERTEX_POINT('',#9732);
#2864=VERTEX_POINT('',#9734);
#2865=VERTEX_POINT('',#9738);
#2866=VERTEX_POINT('',#9740);
#2867=VERTEX_POINT('',#9744);
#2868=VERTEX_POINT('',#9746);
#2869=VERTEX_POINT('',#9750);
#2870=VERTEX_POINT('',#9752);
#2871=VERTEX_POINT('',#9756);
#2872=VERTEX_POINT('',#9758);
#2873=VERTEX_POINT('',#9762);
#2874=VERTEX_POINT('',#9764);
#2875=VERTEX_POINT('',#9768);
#2876=VERTEX_POINT('',#9770);
#2877=VERTEX_POINT('',#9774);
#2878=VERTEX_POINT('',#9776);
#2879=VERTEX_POINT('',#9780);
#2880=VERTEX_POINT('',#9782);
#2881=VERTEX_POINT('',#9786);
#2882=VERTEX_POINT('',#9788);
#2883=VERTEX_POINT('',#9792);
#2884=VERTEX_POINT('',#9794);
#2885=VERTEX_POINT('',#9798);
#2886=VERTEX_POINT('',#9800);
#2887=VERTEX_POINT('',#9804);
#2888=VERTEX_POINT('',#9806);
#2889=VERTEX_POINT('',#9813);
#2890=VERTEX_POINT('',#9817);
#2891=VERTEX_POINT('',#9826);
#2892=VERTEX_POINT('',#9828);
#2893=VERTEX_POINT('',#9832);
#2894=VERTEX_POINT('',#9834);
#2895=VERTEX_POINT('',#9842);
#2896=VERTEX_POINT('',#9848);
#2897=VERTEX_POINT('',#9849);
#2898=VERTEX_POINT('',#9851);
#2899=VERTEX_POINT('',#9853);
#2900=VERTEX_POINT('',#9857);
#2901=VERTEX_POINT('',#9858);
#2902=VERTEX_POINT('',#9860);
#2903=VERTEX_POINT('',#9862);
#2904=VERTEX_POINT('',#9866);
#2905=VERTEX_POINT('',#9867);
#2906=VERTEX_POINT('',#9869);
#2907=VERTEX_POINT('',#9871);
#2908=VERTEX_POINT('',#9875);
#2909=VERTEX_POINT('',#9876);
#2910=VERTEX_POINT('',#9878);
#2911=VERTEX_POINT('',#9880);
#2912=VERTEX_POINT('',#9887);
#2913=VERTEX_POINT('',#9889);
#2914=VERTEX_POINT('',#9891);
#2915=VERTEX_POINT('',#9893);
#2916=VERTEX_POINT('',#9895);
#2917=VERTEX_POINT('',#9897);
#2918=VERTEX_POINT('',#9899);
#2919=VERTEX_POINT('',#9901);
#2920=VERTEX_POINT('',#9903);
#2921=VERTEX_POINT('',#9905);
#2922=VERTEX_POINT('',#9907);
#2923=VERTEX_POINT('',#9909);
#2924=VERTEX_POINT('',#9911);
#2925=VERTEX_POINT('',#9913);
#2926=VERTEX_POINT('',#9915);
#2927=VERTEX_POINT('',#9917);
#2928=VERTEX_POINT('',#9919);
#2929=VERTEX_POINT('',#9921);
#2930=VERTEX_POINT('',#9923);
#2931=VERTEX_POINT('',#9925);
#2932=VERTEX_POINT('',#9927);
#2933=VERTEX_POINT('',#9929);
#2934=VERTEX_POINT('',#9931);
#2935=VERTEX_POINT('',#9933);
#2936=VERTEX_POINT('',#9935);
#2937=VERTEX_POINT('',#9937);
#2938=VERTEX_POINT('',#9939);
#2939=VERTEX_POINT('',#9941);
#2940=VERTEX_POINT('',#9943);
#2941=VERTEX_POINT('',#9945);
#2942=VERTEX_POINT('',#9947);
#2943=VERTEX_POINT('',#9949);
#2944=VERTEX_POINT('',#9951);
#2945=VERTEX_POINT('',#9953);
#2946=VERTEX_POINT('',#9955);
#2947=VERTEX_POINT('',#9957);
#2948=VERTEX_POINT('',#9959);
#2949=VERTEX_POINT('',#9961);
#2950=VERTEX_POINT('',#9963);
#2951=VERTEX_POINT('',#9965);
#2952=VERTEX_POINT('',#9967);
#2953=VERTEX_POINT('',#9969);
#2954=VERTEX_POINT('',#9971);
#2955=VERTEX_POINT('',#9973);
#2956=VERTEX_POINT('',#9975);
#2957=VERTEX_POINT('',#9977);
#2958=VERTEX_POINT('',#9979);
#2959=VERTEX_POINT('',#9981);
#2960=VERTEX_POINT('',#9983);
#2961=VERTEX_POINT('',#9985);
#2962=VERTEX_POINT('',#9987);
#2963=VERTEX_POINT('',#9989);
#2964=VERTEX_POINT('',#9991);
#2965=VERTEX_POINT('',#9993);
#2966=VERTEX_POINT('',#9995);
#2967=VERTEX_POINT('',#9998);
#2968=VERTEX_POINT('',#10002);
#2969=VERTEX_POINT('',#10003);
#2970=VERTEX_POINT('',#10005);
#2971=VERTEX_POINT('',#10007);
#2972=VERTEX_POINT('',#10011);
#2973=VERTEX_POINT('',#10012);
#2974=VERTEX_POINT('',#10014);
#2975=VERTEX_POINT('',#10016);
#2976=VERTEX_POINT('',#10024);
#2977=VERTEX_POINT('',#10026);
#2978=VERTEX_POINT('',#10030);
#2979=VERTEX_POINT('',#10034);
#2980=VERTEX_POINT('',#10035);
#2981=VERTEX_POINT('',#10037);
#2982=VERTEX_POINT('',#10039);
#2983=VERTEX_POINT('',#10043);
#2984=VERTEX_POINT('',#10044);
#2985=VERTEX_POINT('',#10046);
#2986=VERTEX_POINT('',#10048);
#2987=VERTEX_POINT('',#10052);
#2988=VERTEX_POINT('',#10053);
#2989=VERTEX_POINT('',#10055);
#2990=VERTEX_POINT('',#10057);
#2991=VERTEX_POINT('',#10061);
#2992=VERTEX_POINT('',#10063);
#2993=VERTEX_POINT('',#10070);
#2994=VERTEX_POINT('',#10071);
#2995=VERTEX_POINT('',#10073);
#2996=VERTEX_POINT('',#10075);
#2997=VERTEX_POINT('',#10079);
#2998=VERTEX_POINT('',#10080);
#2999=VERTEX_POINT('',#10085);
#3000=VERTEX_POINT('',#10087);
#3001=VERTEX_POINT('',#10091);
#3002=VERTEX_POINT('',#10092);
#3003=VERTEX_POINT('',#10094);
#3004=VERTEX_POINT('',#10096);
#3005=VERTEX_POINT('',#10100);
#3006=VERTEX_POINT('',#10102);
#3007=VERTEX_POINT('',#10106);
#3008=VERTEX_POINT('',#10108);
#3009=VERTEX_POINT('',#10112);
#3010=VERTEX_POINT('',#10114);
#3011=VERTEX_POINT('',#10118);
#3012=VERTEX_POINT('',#10120);
#3013=VERTEX_POINT('',#10124);
#3014=VERTEX_POINT('',#10132);
#3015=VERTEX_POINT('',#10134);
#3016=VERTEX_POINT('',#10138);
#3017=VERTEX_POINT('',#10139);
#3018=VERTEX_POINT('',#10144);
#3019=VERTEX_POINT('',#10145);
#3020=VERTEX_POINT('',#10150);
#3021=VERTEX_POINT('',#10152);
#3022=VERTEX_POINT('',#10163);
#3023=VERTEX_POINT('',#10165);
#3024=VERTEX_POINT('',#10169);
#3025=VERTEX_POINT('',#10171);
#3026=VERTEX_POINT('',#10175);
#3027=VERTEX_POINT('',#10176);
#3028=VERTEX_POINT('',#10178);
#3029=VERTEX_POINT('',#10180);
#3030=VERTEX_POINT('',#10184);
#3031=VERTEX_POINT('',#10196);
#3032=VERTEX_POINT('',#10197);
#3033=VERTEX_POINT('',#10202);
#3034=VERTEX_POINT('',#10204);
#3035=VERTEX_POINT('',#10206);
#3036=VERTEX_POINT('',#10210);
#3037=VERTEX_POINT('',#10216);
#3038=VERTEX_POINT('',#10218);
#3039=VERTEX_POINT('',#10235);
#3040=VERTEX_POINT('',#10237);
#3041=VERTEX_POINT('',#10241);
#3042=VERTEX_POINT('',#10243);
#3043=VERTEX_POINT('',#10247);
#3044=VERTEX_POINT('',#10249);
#3045=VERTEX_POINT('',#10256);
#3046=VERTEX_POINT('',#10258);
#3047=VERTEX_POINT('',#10260);
#3048=VERTEX_POINT('',#10266);
#3049=VERTEX_POINT('',#10272);
#3050=VERTEX_POINT('',#10274);
#3051=VERTEX_POINT('',#10278);
#3052=VERTEX_POINT('',#10280);
#3053=VERTEX_POINT('',#10284);
#3054=VERTEX_POINT('',#10288);
#3055=VERTEX_POINT('',#10292);
#3056=VERTEX_POINT('',#10293);
#3057=VERTEX_POINT('',#10295);
#3058=VERTEX_POINT('',#10297);
#3059=VERTEX_POINT('',#10304);
#3060=VERTEX_POINT('',#10306);
#3061=VERTEX_POINT('',#10319);
#3062=VERTEX_POINT('',#10321);
#3063=VERTEX_POINT('',#10323);
#3064=VERTEX_POINT('',#10330);
#3065=VERTEX_POINT('',#10337);
#3066=VERTEX_POINT('',#10339);
#3067=VERTEX_POINT('',#10343);
#3068=VERTEX_POINT('',#10345);
#3069=VERTEX_POINT('',#10349);
#3070=VERTEX_POINT('',#10353);
#3071=VERTEX_POINT('',#10357);
#3072=VERTEX_POINT('',#10358);
#3073=VERTEX_POINT('',#10360);
#3074=VERTEX_POINT('',#10362);
#3075=VERTEX_POINT('',#10369);
#3076=VERTEX_POINT('',#10371);
#3077=VERTEX_POINT('',#10388);
#3078=VERTEX_POINT('',#10390);
#3079=VERTEX_POINT('',#10392);
#3080=VERTEX_POINT('',#10399);
#3081=VERTEX_POINT('',#10406);
#3082=VERTEX_POINT('',#10408);
#3083=VERTEX_POINT('',#10412);
#3084=VERTEX_POINT('',#10414);
#3085=VERTEX_POINT('',#10418);
#3086=VERTEX_POINT('',#10422);
#3087=VERTEX_POINT('',#10426);
#3088=VERTEX_POINT('',#10427);
#3089=VERTEX_POINT('',#10429);
#3090=VERTEX_POINT('',#10431);
#3091=VERTEX_POINT('',#10435);
#3092=VERTEX_POINT('',#10436);
#3093=VERTEX_POINT('',#10438);
#3094=VERTEX_POINT('',#10440);
#3095=VERTEX_POINT('',#10444);
#3096=VERTEX_POINT('',#10445);
#3097=VERTEX_POINT('',#10447);
#3098=VERTEX_POINT('',#10449);
#3099=VERTEX_POINT('',#10453);
#3100=VERTEX_POINT('',#10466);
#3101=VERTEX_POINT('',#10467);
#3102=VERTEX_POINT('',#10469);
#3103=VERTEX_POINT('',#10471);
#3104=VERTEX_POINT('',#10473);
#3105=VERTEX_POINT('',#10477);
#3106=VERTEX_POINT('',#10479);
#3107=VERTEX_POINT('',#10483);
#3108=VERTEX_POINT('',#10485);
#3109=VERTEX_POINT('',#10487);
#3110=VERTEX_POINT('',#10489);
#3111=VERTEX_POINT('',#10493);
#3112=VERTEX_POINT('',#10495);
#3113=VERTEX_POINT('',#10499);
#3114=VERTEX_POINT('',#10501);
#3115=VERTEX_POINT('',#10505);
#3116=VERTEX_POINT('',#10507);
#3117=VERTEX_POINT('',#10513);
#3118=VERTEX_POINT('',#10517);
#3119=VERTEX_POINT('',#10520);
#3120=VERTEX_POINT('',#10521);
#3121=VERTEX_POINT('',#10523);
#3122=VERTEX_POINT('',#10525);
#3123=VERTEX_POINT('',#10529);
#3124=VERTEX_POINT('',#10530);
#3125=VERTEX_POINT('',#10532);
#3126=VERTEX_POINT('',#10534);
#3127=VERTEX_POINT('',#10538);
#3128=VERTEX_POINT('',#10539);
#3129=VERTEX_POINT('',#10544);
#3130=VERTEX_POINT('',#10545);
#3131=VERTEX_POINT('',#10550);
#3132=VERTEX_POINT('',#10551);
#3133=VERTEX_POINT('',#10556);
#3134=VERTEX_POINT('',#10557);
#3135=VERTEX_POINT('',#10562);
#3136=VERTEX_POINT('',#10563);
#3137=VERTEX_POINT('',#10568);
#3138=VERTEX_POINT('',#10569);
#3139=VERTEX_POINT('',#10574);
#3140=VERTEX_POINT('',#10575);
#3141=VERTEX_POINT('',#10580);
#3142=VERTEX_POINT('',#10581);
#3143=VERTEX_POINT('',#10586);
#3144=VERTEX_POINT('',#10587);
#3145=VERTEX_POINT('',#10592);
#3146=VERTEX_POINT('',#10593);
#3147=VERTEX_POINT('',#10598);
#3148=VERTEX_POINT('',#10599);
#3149=VERTEX_POINT('',#10604);
#3150=VERTEX_POINT('',#10605);
#3151=VERTEX_POINT('',#10610);
#3152=VERTEX_POINT('',#10612);
#3153=VERTEX_POINT('',#10619);
#3154=VERTEX_POINT('',#10623);
#3155=VERTEX_POINT('',#10630);
#3156=VERTEX_POINT('',#10635);
#3157=VERTEX_POINT('',#10637);
#3158=VERTEX_POINT('',#10642);
#3159=VERTEX_POINT('',#10643);
#3160=VERTEX_POINT('',#10645);
#3161=VERTEX_POINT('',#10647);
#3162=VERTEX_POINT('',#10649);
#3163=VERTEX_POINT('',#10651);
#3164=VERTEX_POINT('',#10653);
#3165=VERTEX_POINT('',#10655);
#3166=VERTEX_POINT('',#10657);
#3167=VERTEX_POINT('',#10664);
#3168=VERTEX_POINT('',#10666);
#3169=VERTEX_POINT('',#10668);
#3170=VERTEX_POINT('',#10673);
#3171=VERTEX_POINT('',#10677);
#3172=VERTEX_POINT('',#10696);
#3173=VERTEX_POINT('',#10698);
#3174=VERTEX_POINT('',#10700);
#3175=VERTEX_POINT('',#10702);
#3176=VERTEX_POINT('',#10704);
#3177=VERTEX_POINT('',#10706);
#3178=VERTEX_POINT('',#10708);
#3179=VERTEX_POINT('',#10715);
#3180=VERTEX_POINT('',#10719);
#3181=VERTEX_POINT('',#10723);
#3182=VERTEX_POINT('',#10727);
#3183=VERTEX_POINT('',#10731);
#3184=VERTEX_POINT('',#10735);
#3185=VERTEX_POINT('',#10739);
#3186=VERTEX_POINT('',#10745);
#3187=VERTEX_POINT('',#10746);
#3188=VERTEX_POINT('',#10748);
#3189=VERTEX_POINT('',#10750);
#3190=VERTEX_POINT('',#10752);
#3191=VERTEX_POINT('',#10754);
#3192=VERTEX_POINT('',#10756);
#3193=VERTEX_POINT('',#10758);
#3194=VERTEX_POINT('',#10760);
#3195=VERTEX_POINT('',#10765);
#3196=VERTEX_POINT('',#10767);
#3197=VERTEX_POINT('',#10772);
#3198=VERTEX_POINT('',#10774);
#3199=VERTEX_POINT('',#10776);
#3200=VERTEX_POINT('',#10778);
#3201=VERTEX_POINT('',#10780);
#3202=VERTEX_POINT('',#10782);
#3203=VERTEX_POINT('',#10784);
#3204=VERTEX_POINT('',#10803);
#3205=VERTEX_POINT('',#10804);
#3206=VERTEX_POINT('',#10806);
#3207=VERTEX_POINT('',#10808);
#3208=VERTEX_POINT('',#10810);
#3209=VERTEX_POINT('',#10812);
#3210=VERTEX_POINT('',#10814);
#3211=VERTEX_POINT('',#10816);
#3212=VERTEX_POINT('',#10818);
#3213=VERTEX_POINT('',#10823);
#3214=VERTEX_POINT('',#10826);
#3215=VERTEX_POINT('',#10828);
#3216=VERTEX_POINT('',#10833);
#3217=VERTEX_POINT('',#10837);
#3218=VERTEX_POINT('',#10839);
#3219=VERTEX_POINT('',#10841);
#3220=VERTEX_POINT('',#10843);
#3221=VERTEX_POINT('',#10845);
#3222=VERTEX_POINT('',#10847);
#3223=VERTEX_POINT('',#10849);
#3224=VERTEX_POINT('',#10873);
#3225=VERTEX_POINT('',#10875);
#3226=VERTEX_POINT('',#10877);
#3227=VERTEX_POINT('',#10879);
#3228=VERTEX_POINT('',#10881);
#3229=VERTEX_POINT('',#10883);
#3230=VERTEX_POINT('',#10885);
#3231=VERTEX_POINT('',#10887);
#3232=VERTEX_POINT('',#10889);
#3233=VERTEX_POINT('',#10891);
#3234=VERTEX_POINT('',#10893);
#3235=VERTEX_POINT('',#10895);
#3236=VERTEX_POINT('',#10897);
#3237=VERTEX_POINT('',#10899);
#3238=VERTEX_POINT('',#10901);
#3239=VERTEX_POINT('',#10903);
#3240=VERTEX_POINT('',#10905);
#3241=VERTEX_POINT('',#10908);
#3242=VERTEX_POINT('',#10910);
#3243=VERTEX_POINT('',#10915);
#3244=VERTEX_POINT('',#10919);
#3245=VERTEX_POINT('',#10921);
#3246=VERTEX_POINT('',#10925);
#3247=VERTEX_POINT('',#10927);
#3248=VERTEX_POINT('',#10929);
#3249=VERTEX_POINT('',#10931);
#3250=VERTEX_POINT('',#10933);
#3251=VERTEX_POINT('',#10935);
#3252=VERTEX_POINT('',#10937);
#3253=VERTEX_POINT('',#10939);
#3254=VERTEX_POINT('',#10944);
#3255=VERTEX_POINT('',#10948);
#3256=VERTEX_POINT('',#10950);
#3257=VERTEX_POINT('',#10952);
#3258=VERTEX_POINT('',#10954);
#3259=VERTEX_POINT('',#10956);
#3260=VERTEX_POINT('',#10958);
#3261=VERTEX_POINT('',#10960);
#3262=VERTEX_POINT('',#10979);
#3263=VERTEX_POINT('',#10981);
#3264=VERTEX_POINT('',#10983);
#3265=VERTEX_POINT('',#10985);
#3266=VERTEX_POINT('',#10987);
#3267=VERTEX_POINT('',#10989);
#3268=VERTEX_POINT('',#10991);
#3269=VERTEX_POINT('',#10993);
#3270=VERTEX_POINT('',#10995);
#3271=VERTEX_POINT('',#10999);
#3272=VERTEX_POINT('',#11001);
#3273=VERTEX_POINT('',#11005);
#3274=VERTEX_POINT('',#11007);
#3275=VERTEX_POINT('',#11009);
#3276=VERTEX_POINT('',#11011);
#3277=VERTEX_POINT('',#11013);
#3278=VERTEX_POINT('',#11015);
#3279=VERTEX_POINT('',#11017);
#3280=VERTEX_POINT('',#11022);
#3281=VERTEX_POINT('',#11027);
#3282=VERTEX_POINT('',#11031);
#3283=VERTEX_POINT('',#11033);
#3284=VERTEX_POINT('',#11041);
#3285=VERTEX_POINT('',#11042);
#3286=VERTEX_POINT('',#11047);
#3287=VERTEX_POINT('',#11051);
#3288=VERTEX_POINT('',#11053);
#3289=VERTEX_POINT('',#11055);
#3290=VERTEX_POINT('',#11061);
#3291=VERTEX_POINT('',#11063);
#3292=VERTEX_POINT('',#11065);
#3293=VERTEX_POINT('',#11067);
#3294=VERTEX_POINT('',#11069);
#3295=VERTEX_POINT('',#11071);
#3296=VERTEX_POINT('',#11073);
#3297=VERTEX_POINT('',#11075);
#3298=VERTEX_POINT('',#11080);
#3299=VERTEX_POINT('',#11084);
#3300=VERTEX_POINT('',#11086);
#3301=VERTEX_POINT('',#11088);
#3302=VERTEX_POINT('',#11090);
#3303=VERTEX_POINT('',#11092);
#3304=VERTEX_POINT('',#11094);
#3305=VERTEX_POINT('',#11096);
#3306=VERTEX_POINT('',#11100);
#3307=VERTEX_POINT('',#11102);
#3308=VERTEX_POINT('',#11107);
#3309=VERTEX_POINT('',#11109);
#3310=VERTEX_POINT('',#11111);
#3311=VERTEX_POINT('',#11113);
#3312=VERTEX_POINT('',#11115);
#3313=VERTEX_POINT('',#11117);
#3314=VERTEX_POINT('',#11119);
#3315=VERTEX_POINT('',#11121);
#3316=VERTEX_POINT('',#11125);
#3317=VERTEX_POINT('',#11127);
#3318=VERTEX_POINT('',#11131);
#3319=VERTEX_POINT('',#11133);
#3320=VERTEX_POINT('',#11135);
#3321=VERTEX_POINT('',#11137);
#3322=VERTEX_POINT('',#11139);
#3323=VERTEX_POINT('',#11141);
#3324=VERTEX_POINT('',#11143);
#3325=VERTEX_POINT('',#11148);
#3326=VERTEX_POINT('',#11152);
#3327=VERTEX_POINT('',#11154);
#3328=VERTEX_POINT('',#11162);
#3329=VERTEX_POINT('',#11163);
#3330=VERTEX_POINT('',#11168);
#3331=VERTEX_POINT('',#11172);
#3332=VERTEX_POINT('',#11179);
#3333=VERTEX_POINT('',#11183);
#3334=VERTEX_POINT('',#11185);
#3335=VERTEX_POINT('',#11187);
#3336=VERTEX_POINT('',#11189);
#3337=VERTEX_POINT('',#11191);
#3338=VERTEX_POINT('',#11193);
#3339=VERTEX_POINT('',#11195);
#3340=VERTEX_POINT('',#11262);
#3341=VERTEX_POINT('',#11263);
#3342=EDGE_CURVE('',#2688,#2689,#854,.T.);
#3343=EDGE_CURVE('',#2688,#2690,#855,.T.);
#3344=EDGE_CURVE('',#2690,#2691,#856,.T.);
#3345=EDGE_CURVE('',#2691,#2692,#857,.T.);
#3346=EDGE_CURVE('',#2689,#2692,#858,.T.);
#3347=EDGE_CURVE('',#2693,#2694,#859,.T.);
#3348=EDGE_CURVE('',#2694,#2691,#860,.T.);
#3349=EDGE_CURVE('',#2693,#2690,#861,.T.);
#3350=EDGE_CURVE('',#2695,#2696,#862,.T.);
#3351=EDGE_CURVE('',#2696,#2697,#863,.T.);
#3352=EDGE_CURVE('',#2697,#2698,#864,.T.);
#3353=EDGE_CURVE('',#2698,#2695,#144,.T.);
#3354=EDGE_CURVE('',#2698,#2699,#865,.T.);
#3355=EDGE_CURVE('',#2700,#2697,#866,.T.);
#3356=EDGE_CURVE('',#2701,#2700,#867,.T.);
#3357=EDGE_CURVE('',#2702,#2701,#868,.T.);
#3358=EDGE_CURVE('',#2702,#2703,#869,.T.);
#3359=EDGE_CURVE('',#2703,#2694,#870,.T.);
#3360=EDGE_CURVE('',#2699,#2693,#871,.T.);
#3361=EDGE_CURVE('',#2704,#2705,#872,.T.);
#3362=EDGE_CURVE('',#2706,#2704,#873,.T.);
#3363=EDGE_CURVE('',#2707,#2706,#874,.T.);
#3364=EDGE_CURVE('',#2707,#2705,#875,.T.);
#3365=EDGE_CURVE('',#2708,#2709,#876,.T.);
#3366=EDGE_CURVE('',#2710,#2709,#17,.T.);
#3367=EDGE_CURVE('',#2711,#2710,#877,.T.);
#3368=EDGE_CURVE('',#2711,#2708,#18,.T.);
#3369=EDGE_CURVE('',#2712,#2688,#878,.T.);
#3370=EDGE_CURVE('',#2713,#2712,#879,.T.);
#3371=EDGE_CURVE('',#2690,#2713,#880,.T.);
#3372=EDGE_CURVE('',#2714,#2715,#881,.T.);
#3373=EDGE_CURVE('',#2716,#2715,#882,.T.);
#3374=EDGE_CURVE('',#2717,#2716,#883,.T.);
#3375=EDGE_CURVE('',#2717,#2714,#884,.T.);
#3376=EDGE_CURVE('',#2718,#2695,#885,.T.);
#3377=EDGE_CURVE('',#2719,#2698,#886,.T.);
#3378=EDGE_CURVE('',#2719,#2718,#145,.T.);
#3379=EDGE_CURVE('',#2720,#2721,#887,.T.);
#3380=EDGE_CURVE('',#2722,#2721,#888,.T.);
#3381=EDGE_CURVE('',#2723,#2722,#889,.T.);
#3382=EDGE_CURVE('',#2720,#2723,#890,.T.);
#3383=EDGE_CURVE('',#2724,#2725,#891,.T.);
#3384=EDGE_CURVE('',#2726,#2725,#19,.T.);
#3385=EDGE_CURVE('',#2727,#2726,#892,.T.);
#3386=EDGE_CURVE('',#2727,#2724,#20,.T.);
#3387=EDGE_CURVE('',#2728,#2708,#893,.T.);
#3388=EDGE_CURVE('',#2728,#2729,#894,.T.);
#3389=EDGE_CURVE('',#2729,#2709,#895,.T.);
#3390=EDGE_CURVE('',#2730,#2731,#896,.T.);
#3391=EDGE_CURVE('',#2732,#2730,#897,.T.);
#3392=EDGE_CURVE('',#2733,#2732,#898,.T.);
#3393=EDGE_CURVE('',#2733,#2731,#899,.T.);
#3394=EDGE_CURVE('',#2722,#2734,#900,.T.);
#3395=EDGE_CURVE('',#2735,#2734,#901,.T.);
#3396=EDGE_CURVE('',#2735,#2736,#902,.T.);
#3397=EDGE_CURVE('',#2737,#2736,#903,.T.);
#3398=EDGE_CURVE('',#2737,#2723,#904,.T.);
#3399=EDGE_CURVE('',#2738,#2739,#905,.T.);
#3400=EDGE_CURVE('',#2739,#2740,#906,.T.);
#3401=EDGE_CURVE('',#2740,#2741,#907,.T.);
#3402=EDGE_CURVE('',#2741,#2742,#908,.T.);
#3403=EDGE_CURVE('',#2716,#2742,#909,.T.);
#3404=EDGE_CURVE('',#2743,#2715,#910,.T.);
#3405=EDGE_CURVE('',#2689,#2743,#911,.T.);
#3406=EDGE_CURVE('',#2692,#2703,#912,.T.);
#3407=EDGE_CURVE('',#2703,#2738,#913,.T.);
#3408=EDGE_CURVE('',#2744,#2745,#914,.T.);
#3409=EDGE_CURVE('',#2746,#2745,#915,.T.);
#3410=EDGE_CURVE('',#2746,#2747,#21,.T.);
#3411=EDGE_CURVE('',#2748,#2747,#916,.T.);
#3412=EDGE_CURVE('',#2748,#2749,#917,.T.);
#3413=EDGE_CURVE('',#2750,#2749,#918,.T.);
#3414=EDGE_CURVE('',#2751,#2750,#919,.T.);
#3415=EDGE_CURVE('',#2752,#2751,#22,.T.);
#3416=EDGE_CURVE('',#2752,#2753,#920,.T.);
#3417=EDGE_CURVE('',#2753,#2754,#921,.T.);
#3418=EDGE_CURVE('',#2754,#2744,#922,.T.);
#3419=EDGE_CURVE('',#2744,#2739,#923,.T.);
#3420=EDGE_CURVE('',#2739,#2755,#924,.T.);
#3421=EDGE_CURVE('',#2745,#2755,#925,.T.);
#3422=EDGE_CURVE('',#2756,#2757,#926,.T.);
#3423=EDGE_CURVE('',#2756,#2758,#23,.T.);
#3424=EDGE_CURVE('',#2758,#2759,#927,.T.);
#3425=EDGE_CURVE('',#2759,#2760,#928,.T.);
#3426=EDGE_CURVE('',#2761,#2760,#929,.T.);
#3427=EDGE_CURVE('',#2761,#2762,#930,.T.);
#3428=EDGE_CURVE('',#2763,#2762,#24,.T.);
#3429=EDGE_CURVE('',#2763,#2755,#931,.T.);
#3430=EDGE_CURVE('',#2757,#2738,#932,.T.);
#3431=EDGE_CURVE('',#2764,#2765,#933,.T.);
#3432=EDGE_CURVE('',#2765,#2766,#934,.T.);
#3433=EDGE_CURVE('',#2766,#2767,#935,.T.);
#3434=EDGE_CURVE('',#2768,#2767,#936,.T.);
#3435=EDGE_CURVE('',#2768,#2769,#937,.T.);
#3436=EDGE_CURVE('',#2769,#2744,#938,.T.);
#3437=EDGE_CURVE('',#2754,#2764,#939,.T.);
#3438=EDGE_CURVE('',#2770,#2771,#940,.T.);
#3439=EDGE_CURVE('',#2772,#2771,#941,.T.);
#3440=EDGE_CURVE('',#2772,#2773,#25,.T.);
#3441=EDGE_CURVE('',#2774,#2773,#942,.T.);
#3442=EDGE_CURVE('',#2775,#2774,#943,.T.);
#3443=EDGE_CURVE('',#2776,#2775,#944,.T.);
#3444=EDGE_CURVE('',#2777,#2776,#945,.T.);
#3445=EDGE_CURVE('',#2778,#2777,#26,.T.);
#3446=EDGE_CURVE('',#2779,#2778,#946,.T.);
#3447=EDGE_CURVE('',#2779,#2780,#947,.T.);
#3448=EDGE_CURVE('',#2770,#2780,#948,.T.);
#3449=EDGE_CURVE('',#2781,#2779,#949,.T.);
#3450=EDGE_CURVE('',#2782,#2778,#950,.T.);
#3451=EDGE_CURVE('',#2782,#2781,#951,.T.);
#3452=EDGE_CURVE('',#2765,#2770,#952,.T.);
#3453=EDGE_CURVE('',#2765,#2783,#953,.T.);
#3454=EDGE_CURVE('',#2771,#2783,#954,.T.);
#3455=EDGE_CURVE('',#2781,#2764,#955,.T.);
#3456=EDGE_CURVE('',#2782,#2784,#27,.T.);
#3457=EDGE_CURVE('',#2784,#2785,#956,.T.);
#3458=EDGE_CURVE('',#2785,#2786,#957,.T.);
#3459=EDGE_CURVE('',#2787,#2786,#958,.T.);
#3460=EDGE_CURVE('',#2787,#2788,#959,.T.);
#3461=EDGE_CURVE('',#2789,#2788,#28,.T.);
#3462=EDGE_CURVE('',#2789,#2783,#960,.T.);
#3463=EDGE_CURVE('',#2789,#2772,#961,.T.);
#3464=EDGE_CURVE('',#2788,#2773,#962,.T.);
#3465=EDGE_CURVE('',#2787,#2774,#963,.T.);
#3466=EDGE_CURVE('',#2786,#2775,#964,.T.);
#3467=EDGE_CURVE('',#2785,#2776,#965,.T.);
#3468=EDGE_CURVE('',#2784,#2777,#966,.T.);
#3469=EDGE_CURVE('',#2790,#2791,#967,.T.);
#3470=EDGE_CURVE('',#2791,#2792,#968,.T.);
#3471=EDGE_CURVE('',#2793,#2792,#969,.T.);
#3472=EDGE_CURVE('',#2794,#2793,#970,.T.);
#3473=EDGE_CURVE('',#2795,#2794,#971,.T.);
#3474=EDGE_CURVE('',#2796,#2795,#972,.T.);
#3475=EDGE_CURVE('',#2796,#2797,#973,.T.);
#3476=EDGE_CURVE('',#2797,#2798,#974,.T.);
#3477=EDGE_CURVE('',#2798,#2799,#975,.T.);
#3478=EDGE_CURVE('',#2790,#2799,#976,.T.);
#3479=EDGE_CURVE('',#2800,#2801,#977,.T.);
#3480=EDGE_CURVE('',#2800,#2802,#978,.T.);
#3481=EDGE_CURVE('',#2803,#2802,#979,.T.);
#3482=EDGE_CURVE('',#2803,#2801,#980,.T.);
#3483=EDGE_CURVE('',#2804,#2805,#981,.T.);
#3484=EDGE_CURVE('',#2805,#2806,#982,.T.);
#3485=EDGE_CURVE('',#2807,#2806,#983,.T.);
#3486=EDGE_CURVE('',#2804,#2807,#984,.T.);
#3487=EDGE_CURVE('',#2808,#2799,#985,.T.);
#3488=EDGE_CURVE('',#2798,#2809,#986,.T.);
#3489=EDGE_CURVE('',#2809,#2808,#987,.T.);
#3490=EDGE_CURVE('',#2810,#2793,#988,.T.);
#3491=EDGE_CURVE('',#2811,#2810,#989,.T.);
#3492=EDGE_CURVE('',#2811,#2794,#990,.T.);
#3493=EDGE_CURVE('',#2812,#2813,#991,.T.);
#3494=EDGE_CURVE('',#2814,#2812,#992,.T.);
#3495=EDGE_CURVE('',#2801,#2814,#993,.T.);
#3496=EDGE_CURVE('',#2803,#2813,#994,.T.);
#3497=EDGE_CURVE('',#2717,#2802,#995,.T.);
#3498=EDGE_CURVE('',#2742,#2815,#996,.T.);
#3499=EDGE_CURVE('',#2815,#2803,#997,.T.);
#3500=EDGE_CURVE('',#2705,#2816,#998,.T.);
#3501=EDGE_CURVE('',#2816,#2766,#999,.T.);
#3502=EDGE_CURVE('',#2704,#2770,#1000,.T.);
#3503=EDGE_CURVE('',#2817,#2818,#1001,.T.);
#3504=EDGE_CURVE('',#2818,#2819,#1002,.T.);
#3505=EDGE_CURVE('',#2820,#2819,#1003,.T.);
#3506=EDGE_CURVE('',#2820,#2817,#1004,.T.);
#3507=EDGE_CURVE('',#2821,#2822,#1005,.T.);
#3508=EDGE_CURVE('',#2821,#2823,#1006,.T.);
#3509=EDGE_CURVE('',#2823,#2824,#1007,.T.);
#3510=EDGE_CURVE('',#2822,#2824,#1008,.T.);
#3511=EDGE_CURVE('',#2735,#2825,#1009,.T.);
#3512=EDGE_CURVE('',#2826,#2825,#1010,.T.);
#3513=EDGE_CURVE('',#2736,#2826,#1011,.T.);
#3514=EDGE_CURVE('',#2827,#2828,#1012,.T.);
#3515=EDGE_CURVE('',#2828,#2829,#1013,.T.);
#3516=EDGE_CURVE('',#2829,#2830,#1014,.T.);
#3517=EDGE_CURVE('',#2808,#2830,#1015,.T.);
#3518=EDGE_CURVE('',#2808,#2827,#1016,.T.);
#3519=EDGE_CURVE('',#2831,#2832,#1017,.T.);
#3520=EDGE_CURVE('',#2831,#2833,#1018,.T.);
#3521=EDGE_CURVE('',#2834,#2833,#1019,.T.);
#3522=EDGE_CURVE('',#2832,#2834,#1020,.T.);
#3523=EDGE_CURVE('',#2835,#2836,#1021,.T.);
#3524=EDGE_CURVE('',#2836,#2837,#1022,.T.);
#3525=EDGE_CURVE('',#2838,#2837,#1023,.T.);
#3526=EDGE_CURVE('',#2835,#2838,#1024,.T.);
#3527=EDGE_CURVE('',#2839,#2840,#1025,.T.);
#3528=EDGE_CURVE('',#2841,#2840,#29,.T.);
#3529=EDGE_CURVE('',#2842,#2841,#1026,.T.);
#3530=EDGE_CURVE('',#2842,#2839,#30,.T.);
#3531=EDGE_CURVE('',#2800,#2836,#1027,.T.);
#3532=EDGE_CURVE('',#2714,#2835,#1028,.T.);
#3533=EDGE_CURVE('',#2843,#2844,#1029,.T.);
#3534=EDGE_CURVE('',#2844,#2845,#1030,.T.);
#3535=EDGE_CURVE('',#2846,#2845,#1031,.T.);
#3536=EDGE_CURVE('',#2846,#2843,#1032,.T.);
#3537=EDGE_CURVE('',#2814,#2836,#1033,.T.);
#3538=EDGE_CURVE('',#2753,#2757,#1034,.T.);
#3539=EDGE_CURVE('',#2756,#2752,#1035,.T.);
#3540=EDGE_CURVE('',#2746,#2763,#1036,.T.);
#3541=EDGE_CURVE('',#2747,#2762,#1037,.T.);
#3542=EDGE_CURVE('',#2761,#2748,#1038,.T.);
#3543=EDGE_CURVE('',#2749,#2760,#1039,.T.);
#3544=EDGE_CURVE('',#2750,#2759,#1040,.T.);
#3545=EDGE_CURVE('',#2751,#2758,#1041,.T.);
#3546=EDGE_CURVE('',#2847,#2721,#1042,.T.);
#3547=EDGE_CURVE('',#2734,#2847,#1043,.T.);
#3548=EDGE_CURVE('',#2848,#2839,#1044,.T.);
#3549=EDGE_CURVE('',#2848,#2849,#1045,.T.);
#3550=EDGE_CURVE('',#2849,#2840,#1046,.T.);
#3551=EDGE_CURVE('',#2850,#2790,#1047,.T.);
#3552=EDGE_CURVE('',#2799,#2851,#1048,.T.);
#3553=EDGE_CURVE('',#2852,#2851,#1049,.T.);
#3554=EDGE_CURVE('',#2850,#2852,#1050,.T.);
#3555=EDGE_CURVE('',#2726,#2826,#1051,.T.);
#3556=EDGE_CURVE('',#2727,#2825,#1052,.T.);
#3557=EDGE_CURVE('',#2812,#2853,#1053,.T.);
#3558=EDGE_CURVE('',#2853,#2837,#1054,.T.);
#3559=EDGE_CURVE('',#2854,#2853,#1055,.T.);
#3560=EDGE_CURVE('',#2854,#2838,#1056,.T.);
#3561=EDGE_CURVE('',#2855,#2856,#1057,.T.);
#3562=EDGE_CURVE('',#2857,#2855,#1058,.T.);
#3563=EDGE_CURVE('',#2857,#2858,#1059,.T.);
#3564=EDGE_CURVE('',#2856,#2858,#1060,.T.);
#3565=EDGE_CURVE('',#2859,#2860,#31,.T.);
#3566=EDGE_CURVE('',#2861,#2859,#1061,.T.);
#3567=EDGE_CURVE('',#2861,#2862,#32,.T.);
#3568=EDGE_CURVE('',#2860,#2862,#1062,.T.);
#3569=EDGE_CURVE('',#2863,#2860,#1063,.T.);
#3570=EDGE_CURVE('',#2864,#2862,#1064,.T.);
#3571=EDGE_CURVE('',#2863,#2864,#1065,.T.);
#3572=EDGE_CURVE('',#2865,#2863,#1066,.T.);
#3573=EDGE_CURVE('',#2866,#2864,#1067,.T.);
#3574=EDGE_CURVE('',#2865,#2866,#1068,.T.);
#3575=EDGE_CURVE('',#2865,#2867,#1069,.T.);
#3576=EDGE_CURVE('',#2866,#2868,#1070,.T.);
#3577=EDGE_CURVE('',#2868,#2867,#1071,.T.);
#3578=EDGE_CURVE('',#2869,#2867,#33,.T.);
#3579=EDGE_CURVE('',#2870,#2868,#34,.T.);
#3580=EDGE_CURVE('',#2869,#2870,#1072,.T.);
#3581=EDGE_CURVE('',#2869,#2871,#1073,.T.);
#3582=EDGE_CURVE('',#2870,#2872,#1074,.T.);
#3583=EDGE_CURVE('',#2871,#2872,#1075,.T.);
#3584=EDGE_CURVE('',#2873,#2871,#1076,.T.);
#3585=EDGE_CURVE('',#2874,#2872,#1077,.T.);
#3586=EDGE_CURVE('',#2873,#2874,#1078,.T.);
#3587=EDGE_CURVE('',#2875,#2873,#1079,.T.);
#3588=EDGE_CURVE('',#2876,#2874,#1080,.T.);
#3589=EDGE_CURVE('',#2875,#2876,#1081,.T.);
#3590=EDGE_CURVE('',#2877,#2875,#35,.T.);
#3591=EDGE_CURVE('',#2878,#2876,#36,.T.);
#3592=EDGE_CURVE('',#2878,#2877,#1082,.T.);
#3593=EDGE_CURVE('',#2877,#2879,#1083,.T.);
#3594=EDGE_CURVE('',#2878,#2880,#1084,.T.);
#3595=EDGE_CURVE('',#2880,#2879,#1085,.T.);
#3596=EDGE_CURVE('',#2881,#2879,#37,.T.);
#3597=EDGE_CURVE('',#2882,#2880,#38,.T.);
#3598=EDGE_CURVE('',#2881,#2882,#1086,.T.);
#3599=EDGE_CURVE('',#2883,#2881,#1087,.T.);
#3600=EDGE_CURVE('',#2884,#2882,#1088,.T.);
#3601=EDGE_CURVE('',#2883,#2884,#1089,.T.);
#3602=EDGE_CURVE('',#2883,#2885,#1090,.T.);
#3603=EDGE_CURVE('',#2884,#2886,#1091,.T.);
#3604=EDGE_CURVE('',#2885,#2886,#1092,.T.);
#3605=EDGE_CURVE('',#2859,#2887,#1093,.T.);
#3606=EDGE_CURVE('',#2887,#2888,#1094,.T.);
#3607=EDGE_CURVE('',#2861,#2888,#1095,.T.);
#3608=EDGE_CURVE('',#2858,#2885,#1096,.T.);
#3609=EDGE_CURVE('',#2856,#2886,#1097,.T.);
#3610=EDGE_CURVE('',#2888,#2889,#39,.T.);
#3611=EDGE_CURVE('',#2889,#2855,#1098,.T.);
#3612=EDGE_CURVE('',#2890,#2857,#1099,.T.);
#3613=EDGE_CURVE('',#2887,#2890,#40,.T.);
#3614=EDGE_CURVE('',#2889,#2890,#1100,.T.);
#3615=EDGE_CURVE('',#2854,#2743,#1101,.T.);
#3616=EDGE_CURVE('',#2891,#2740,#1102,.T.);
#3617=EDGE_CURVE('',#2892,#2891,#1103,.T.);
#3618=EDGE_CURVE('',#2741,#2892,#1104,.T.);
#3619=EDGE_CURVE('',#2893,#2891,#1105,.T.);
#3620=EDGE_CURVE('',#2894,#2893,#1106,.T.);
#3621=EDGE_CURVE('',#2894,#2892,#1107,.T.);
#3622=EDGE_CURVE('',#2769,#2893,#1108,.T.);
#3623=EDGE_CURVE('',#2894,#2768,#1109,.T.);
#3624=EDGE_CURVE('',#2707,#2895,#1110,.T.);
#3625=EDGE_CURVE('',#2816,#2895,#1111,.T.);
#3626=EDGE_CURVE('',#2767,#2895,#1112,.T.);
#3627=EDGE_CURVE('',#2896,#2897,#1113,.T.);
#3628=EDGE_CURVE('',#2896,#2898,#1114,.T.);
#3629=EDGE_CURVE('',#2899,#2898,#1115,.T.);
#3630=EDGE_CURVE('',#2897,#2899,#1116,.T.);
#3631=EDGE_CURVE('',#2900,#2901,#1117,.T.);
#3632=EDGE_CURVE('',#2901,#2902,#41,.T.);
#3633=EDGE_CURVE('',#2903,#2902,#1118,.T.);
#3634=EDGE_CURVE('',#2900,#2903,#42,.T.);
#3635=EDGE_CURVE('',#2904,#2905,#1119,.T.);
#3636=EDGE_CURVE('',#2905,#2906,#1120,.T.);
#3637=EDGE_CURVE('',#2907,#2906,#1121,.T.);
#3638=EDGE_CURVE('',#2907,#2904,#1122,.T.);
#3639=EDGE_CURVE('',#2908,#2909,#1123,.T.);
#3640=EDGE_CURVE('',#2909,#2910,#43,.T.);
#3641=EDGE_CURVE('',#2911,#2910,#1124,.T.);
#3642=EDGE_CURVE('',#2908,#2911,#44,.T.);
#3643=EDGE_CURVE('',#2819,#2805,#45,.T.);
#3644=EDGE_CURVE('',#2820,#2804,#46,.T.);
#3645=EDGE_CURVE('',#2912,#2702,#1125,.T.);
#3646=EDGE_CURVE('',#2912,#2913,#1126,.T.);
#3647=EDGE_CURVE('',#2913,#2914,#1127,.T.);
#3648=EDGE_CURVE('',#2915,#2914,#1128,.T.);
#3649=EDGE_CURVE('',#2916,#2915,#1129,.T.);
#3650=EDGE_CURVE('',#2916,#2917,#1130,.T.);
#3651=EDGE_CURVE('',#2918,#2917,#1131,.T.);
#3652=EDGE_CURVE('',#2919,#2918,#1132,.T.);
#3653=EDGE_CURVE('',#2920,#2919,#1133,.T.);
#3654=EDGE_CURVE('',#2920,#2921,#1134,.T.);
#3655=EDGE_CURVE('',#2922,#2921,#1135,.T.);
#3656=EDGE_CURVE('',#2922,#2923,#1136,.T.);
#3657=EDGE_CURVE('',#2924,#2923,#1137,.T.);
#3658=EDGE_CURVE('',#2924,#2925,#1138,.T.);
#3659=EDGE_CURVE('',#2926,#2925,#1139,.T.);
#3660=EDGE_CURVE('',#2926,#2927,#1140,.T.);
#3661=EDGE_CURVE('',#2928,#2927,#1141,.T.);
#3662=EDGE_CURVE('',#2928,#2929,#1142,.T.);
#3663=EDGE_CURVE('',#2930,#2929,#1143,.T.);
#3664=EDGE_CURVE('',#2930,#2931,#1144,.T.);
#3665=EDGE_CURVE('',#2932,#2931,#1145,.T.);
#3666=EDGE_CURVE('',#2932,#2933,#1146,.T.);
#3667=EDGE_CURVE('',#2934,#2933,#1147,.T.);
#3668=EDGE_CURVE('',#2934,#2935,#1148,.T.);
#3669=EDGE_CURVE('',#2936,#2935,#1149,.T.);
#3670=EDGE_CURVE('',#2936,#2937,#1150,.T.);
#3671=EDGE_CURVE('',#2938,#2937,#1151,.T.);
#3672=EDGE_CURVE('',#2938,#2939,#1152,.T.);
#3673=EDGE_CURVE('',#2940,#2939,#1153,.T.);
#3674=EDGE_CURVE('',#2940,#2941,#1154,.T.);
#3675=EDGE_CURVE('',#2942,#2941,#1155,.T.);
#3676=EDGE_CURVE('',#2942,#2943,#1156,.T.);
#3677=EDGE_CURVE('',#2944,#2943,#1157,.T.);
#3678=EDGE_CURVE('',#2944,#2945,#1158,.T.);
#3679=EDGE_CURVE('',#2946,#2945,#1159,.T.);
#3680=EDGE_CURVE('',#2946,#2947,#1160,.T.);
#3681=EDGE_CURVE('',#2948,#2947,#1161,.T.);
#3682=EDGE_CURVE('',#2948,#2949,#1162,.T.);
#3683=EDGE_CURVE('',#2950,#2949,#1163,.T.);
#3684=EDGE_CURVE('',#2950,#2951,#1164,.T.);
#3685=EDGE_CURVE('',#2952,#2951,#1165,.T.);
#3686=EDGE_CURVE('',#2952,#2953,#1166,.T.);
#3687=EDGE_CURVE('',#2954,#2953,#1167,.T.);
#3688=EDGE_CURVE('',#2954,#2955,#1168,.T.);
#3689=EDGE_CURVE('',#2956,#2955,#1169,.T.);
#3690=EDGE_CURVE('',#2956,#2957,#1170,.T.);
#3691=EDGE_CURVE('',#2958,#2957,#1171,.T.);
#3692=EDGE_CURVE('',#2958,#2959,#1172,.T.);
#3693=EDGE_CURVE('',#2960,#2959,#1173,.T.);
#3694=EDGE_CURVE('',#2960,#2961,#1174,.T.);
#3695=EDGE_CURVE('',#2962,#2961,#1175,.T.);
#3696=EDGE_CURVE('',#2962,#2963,#1176,.T.);
#3697=EDGE_CURVE('',#2964,#2963,#1177,.T.);
#3698=EDGE_CURVE('',#2964,#2965,#1178,.T.);
#3699=EDGE_CURVE('',#2966,#2965,#1179,.T.);
#3700=EDGE_CURVE('',#2966,#2818,#1180,.T.);
#3701=EDGE_CURVE('',#2817,#2967,#1181,.T.);
#3702=EDGE_CURVE('',#2780,#2967,#1182,.T.);
#3703=EDGE_CURVE('',#2968,#2969,#1183,.T.);
#3704=EDGE_CURVE('',#2970,#2969,#47,.T.);
#3705=EDGE_CURVE('',#2971,#2970,#1184,.T.);
#3706=EDGE_CURVE('',#2971,#2968,#48,.T.);
#3707=EDGE_CURVE('',#2972,#2973,#1185,.T.);
#3708=EDGE_CURVE('',#2974,#2972,#1186,.T.);
#3709=EDGE_CURVE('',#2975,#2974,#1187,.T.);
#3710=EDGE_CURVE('',#2975,#2973,#1188,.T.);
#3711=EDGE_CURVE('',#2845,#2725,#1189,.T.);
#3712=EDGE_CURVE('',#2806,#2844,#1190,.T.);
#3713=EDGE_CURVE('',#2966,#2736,#1191,.T.);
#3714=EDGE_CURVE('',#2976,#2824,#49,.T.);
#3715=EDGE_CURVE('',#2977,#2976,#1192,.T.);
#3716=EDGE_CURVE('',#2977,#2822,#50,.T.);
#3717=EDGE_CURVE('',#2718,#2978,#1193,.T.);
#3718=EDGE_CURVE('',#2978,#2696,#1194,.T.);
#3719=EDGE_CURVE('',#2979,#2980,#1195,.T.);
#3720=EDGE_CURVE('',#2980,#2981,#1196,.T.);
#3721=EDGE_CURVE('',#2982,#2981,#1197,.T.);
#3722=EDGE_CURVE('',#2979,#2982,#1198,.T.);
#3723=EDGE_CURVE('',#2983,#2984,#1199,.T.);
#3724=EDGE_CURVE('',#2984,#2985,#1200,.T.);
#3725=EDGE_CURVE('',#2986,#2985,#1201,.T.);
#3726=EDGE_CURVE('',#2983,#2986,#1202,.T.);
#3727=EDGE_CURVE('',#2987,#2988,#1203,.T.);
#3728=EDGE_CURVE('',#2988,#2989,#51,.T.);
#3729=EDGE_CURVE('',#2990,#2989,#1204,.T.);
#3730=EDGE_CURVE('',#2987,#2990,#52,.T.);
#3731=EDGE_CURVE('',#2989,#2991,#1205,.T.);
#3732=EDGE_CURVE('',#2992,#2991,#1206,.T.);
#3733=EDGE_CURVE('',#2990,#2992,#1207,.T.);
#3734=EDGE_CURVE('',#2963,#2988,#1208,.T.);
#3735=EDGE_CURVE('',#2987,#2964,#1209,.T.);
#3736=EDGE_CURVE('',#2993,#2994,#1210,.T.);
#3737=EDGE_CURVE('',#2994,#2995,#1211,.T.);
#3738=EDGE_CURVE('',#2995,#2996,#1212,.T.);
#3739=EDGE_CURVE('',#2993,#2996,#1213,.T.);
#3740=EDGE_CURVE('',#2997,#2998,#1214,.T.);
#3741=EDGE_CURVE('',#2994,#2998,#53,.T.);
#3742=EDGE_CURVE('',#2993,#2997,#54,.T.);
#3743=EDGE_CURVE('',#2999,#2997,#1215,.T.);
#3744=EDGE_CURVE('',#2999,#3000,#1216,.T.);
#3745=EDGE_CURVE('',#3000,#2998,#1217,.T.);
#3746=EDGE_CURVE('',#3001,#3002,#1218,.T.);
#3747=EDGE_CURVE('',#3003,#3001,#1219,.T.);
#3748=EDGE_CURVE('',#3004,#3003,#1220,.T.);
#3749=EDGE_CURVE('',#3004,#3002,#1221,.T.);
#3750=EDGE_CURVE('',#2947,#3005,#1222,.T.);
#3751=EDGE_CURVE('',#3006,#3005,#1223,.T.);
#3752=EDGE_CURVE('',#3006,#2948,#1224,.T.);
#3753=EDGE_CURVE('',#2902,#3007,#1225,.T.);
#3754=EDGE_CURVE('',#3008,#3007,#1226,.T.);
#3755=EDGE_CURVE('',#2903,#3008,#1227,.T.);
#3756=EDGE_CURVE('',#3009,#2713,#1228,.T.);
#3757=EDGE_CURVE('',#2712,#3010,#1229,.T.);
#3758=EDGE_CURVE('',#3009,#3010,#1230,.T.);
#3759=EDGE_CURVE('',#3007,#3011,#1231,.T.);
#3760=EDGE_CURVE('',#3012,#3011,#1232,.T.);
#3761=EDGE_CURVE('',#3008,#3012,#1233,.T.);
#3762=EDGE_CURVE('',#2699,#3013,#1234,.T.);
#3763=EDGE_CURVE('',#2719,#3013,#1235,.T.);
#3764=EDGE_CURVE('',#2846,#2724,#1236,.T.);
#3765=EDGE_CURVE('',#2807,#2843,#1237,.T.);
#3766=EDGE_CURVE('',#3014,#2791,#1238,.T.);
#3767=EDGE_CURVE('',#3014,#3015,#1239,.T.);
#3768=EDGE_CURVE('',#3015,#2792,#1240,.T.);
#3769=EDGE_CURVE('',#3016,#3017,#1241,.T.);
#3770=EDGE_CURVE('',#3017,#2849,#1242,.T.);
#3771=EDGE_CURVE('',#2848,#3016,#1243,.T.);
#3772=EDGE_CURVE('',#3018,#3019,#1244,.T.);
#3773=EDGE_CURVE('',#3019,#2729,#1245,.T.);
#3774=EDGE_CURVE('',#2728,#3018,#1246,.T.);
#3775=EDGE_CURVE('',#2841,#3020,#1247,.T.);
#3776=EDGE_CURVE('',#3020,#3021,#1248,.T.);
#3777=EDGE_CURVE('',#2842,#3021,#1249,.T.);
#3778=EDGE_CURVE('',#2967,#2735,#1250,.T.);
#3779=EDGE_CURVE('',#2706,#2847,#1251,.T.);
#3780=EDGE_CURVE('',#2959,#2901,#1252,.T.);
#3781=EDGE_CURVE('',#2900,#2960,#1253,.T.);
#3782=EDGE_CURVE('',#2978,#3022,#1254,.T.);
#3783=EDGE_CURVE('',#3023,#3022,#1255,.T.);
#3784=EDGE_CURVE('',#3023,#2700,#1256,.T.);
#3785=EDGE_CURVE('',#2976,#3024,#1257,.T.);
#3786=EDGE_CURVE('',#3024,#3025,#1258,.T.);
#3787=EDGE_CURVE('',#2977,#3025,#1259,.T.);
#3788=EDGE_CURVE('',#3026,#3027,#1260,.T.);
#3789=EDGE_CURVE('',#3028,#3026,#1261,.T.);
#3790=EDGE_CURVE('',#3029,#3028,#1262,.T.);
#3791=EDGE_CURVE('',#3029,#3027,#1263,.T.);
#3792=EDGE_CURVE('',#3030,#2737,#1264,.T.);
#3793=EDGE_CURVE('',#2720,#3030,#1265,.T.);
#3794=EDGE_CURVE('',#2810,#3015,#1266,.T.);
#3795=EDGE_CURVE('',#3011,#3000,#1267,.T.);
#3796=EDGE_CURVE('',#2999,#3012,#1268,.T.);
#3797=EDGE_CURVE('',#2850,#2828,#1269,.T.);
#3798=EDGE_CURVE('',#2827,#3014,#1270,.T.);
#3799=EDGE_CURVE('',#3031,#3032,#1271,.T.);
#3800=EDGE_CURVE('',#3032,#3017,#1272,.T.);
#3801=EDGE_CURVE('',#3031,#3016,#1273,.T.);
#3802=EDGE_CURVE('',#2809,#3033,#1274,.T.);
#3803=EDGE_CURVE('',#3034,#3033,#1275,.T.);
#3804=EDGE_CURVE('',#3034,#3035,#1276,.T.);
#3805=EDGE_CURVE('',#3035,#2811,#1277,.T.);
#3806=EDGE_CURVE('',#3036,#3023,#1278,.T.);
#3807=EDGE_CURVE('',#3036,#2701,#1279,.T.);
#3808=EDGE_CURVE('',#3033,#2797,#1280,.T.);
#3809=EDGE_CURVE('',#2955,#3037,#1281,.T.);
#3810=EDGE_CURVE('',#3038,#3037,#1282,.T.);
#3811=EDGE_CURVE('',#3038,#2956,#1283,.T.);
#3812=EDGE_CURVE('',#3034,#2796,#1284,.T.);
#3813=EDGE_CURVE('',#2981,#2905,#1285,.T.);
#3814=EDGE_CURVE('',#2982,#2904,#1286,.T.);
#3815=EDGE_CURVE('',#3037,#2980,#55,.T.);
#3816=EDGE_CURVE('',#3038,#2979,#56,.T.);
#3817=EDGE_CURVE('',#2951,#2909,#1287,.T.);
#3818=EDGE_CURVE('',#2908,#2952,#1288,.T.);
#3819=EDGE_CURVE('',#2851,#2830,#1289,.T.);
#3820=EDGE_CURVE('',#3005,#3039,#57,.T.);
#3821=EDGE_CURVE('',#3040,#3039,#1290,.T.);
#3822=EDGE_CURVE('',#3006,#3040,#58,.T.);
#3823=EDGE_CURVE('',#2970,#3041,#1291,.T.);
#3824=EDGE_CURVE('',#3041,#3042,#1292,.T.);
#3825=EDGE_CURVE('',#2971,#3042,#1293,.T.);
#3826=EDGE_CURVE('',#2710,#3043,#1294,.T.);
#3827=EDGE_CURVE('',#3043,#3044,#1295,.T.);
#3828=EDGE_CURVE('',#2711,#3044,#1296,.T.);
#3829=EDGE_CURVE('',#2991,#3019,#1297,.T.);
#3830=EDGE_CURVE('',#2992,#3018,#1298,.T.);
#3831=EDGE_CURVE('',#2965,#3045,#1299,.T.);
#3832=EDGE_CURVE('',#3045,#3046,#1300,.T.);
#3833=EDGE_CURVE('',#3046,#3047,#1301,.T.);
#3834=EDGE_CURVE('',#3030,#3047,#1302,.T.);
#3835=EDGE_CURVE('',#3045,#3044,#1303,.T.);
#3836=EDGE_CURVE('',#3045,#3048,#1304,.T.);
#3837=EDGE_CURVE('',#3048,#3043,#1305,.T.);
#3838=EDGE_CURVE('',#2962,#3048,#1306,.T.);
#3839=EDGE_CURVE('',#3049,#3046,#1307,.T.);
#3840=EDGE_CURVE('',#3049,#3050,#1308,.T.);
#3841=EDGE_CURVE('',#3047,#3050,#1309,.T.);
#3842=EDGE_CURVE('',#3051,#3049,#1310,.T.);
#3843=EDGE_CURVE('',#3052,#3048,#1311,.T.);
#3844=EDGE_CURVE('',#3052,#3051,#1312,.T.);
#3845=EDGE_CURVE('',#3053,#3050,#1313,.T.);
#3846=EDGE_CURVE('',#3053,#3051,#1314,.T.);
#3847=EDGE_CURVE('',#3054,#3052,#1315,.T.);
#3848=EDGE_CURVE('',#3053,#3054,#1316,.T.);
#3849=EDGE_CURVE('',#3055,#3056,#1317,.T.);
#3850=EDGE_CURVE('',#3055,#3057,#1318,.T.);
#3851=EDGE_CURVE('',#3058,#3057,#1319,.T.);
#3852=EDGE_CURVE('',#3056,#3058,#1320,.T.);
#3853=EDGE_CURVE('',#3004,#3057,#1321,.T.);
#3854=EDGE_CURVE('',#3002,#3055,#1322,.T.);
#3855=EDGE_CURVE('',#3059,#3056,#1323,.T.);
#3856=EDGE_CURVE('',#3059,#3060,#1324,.T.);
#3857=EDGE_CURVE('',#3001,#3060,#1325,.T.);
#3858=EDGE_CURVE('',#2961,#3059,#1326,.T.);
#3859=EDGE_CURVE('',#3054,#3058,#1327,.T.);
#3860=EDGE_CURVE('',#3059,#2996,#1328,.T.);
#3861=EDGE_CURVE('',#3060,#2995,#1329,.T.);
#3862=EDGE_CURVE('',#2958,#3060,#1330,.T.);
#3863=EDGE_CURVE('',#2957,#3061,#1331,.T.);
#3864=EDGE_CURVE('',#3061,#3062,#1332,.T.);
#3865=EDGE_CURVE('',#3062,#3063,#1333,.T.);
#3866=EDGE_CURVE('',#3003,#3063,#1334,.T.);
#3867=EDGE_CURVE('',#2907,#2968,#1335,.T.);
#3868=EDGE_CURVE('',#3061,#3042,#1336,.T.);
#3869=EDGE_CURVE('',#3061,#3064,#1337,.T.);
#3870=EDGE_CURVE('',#3064,#3041,#1338,.T.);
#3871=EDGE_CURVE('',#2906,#2969,#1339,.T.);
#3872=EDGE_CURVE('',#2954,#3064,#1340,.T.);
#3873=EDGE_CURVE('',#3065,#3062,#1341,.T.);
#3874=EDGE_CURVE('',#3065,#3066,#1342,.T.);
#3875=EDGE_CURVE('',#3063,#3066,#1343,.T.);
#3876=EDGE_CURVE('',#3067,#3065,#1344,.T.);
#3877=EDGE_CURVE('',#3068,#3064,#1345,.T.);
#3878=EDGE_CURVE('',#3068,#3067,#1346,.T.);
#3879=EDGE_CURVE('',#3069,#3066,#1347,.T.);
#3880=EDGE_CURVE('',#3069,#3067,#1348,.T.);
#3881=EDGE_CURVE('',#3070,#3068,#1349,.T.);
#3882=EDGE_CURVE('',#3069,#3070,#1350,.T.);
#3883=EDGE_CURVE('',#3071,#3072,#1351,.T.);
#3884=EDGE_CURVE('',#3071,#3073,#1352,.T.);
#3885=EDGE_CURVE('',#3074,#3073,#1353,.T.);
#3886=EDGE_CURVE('',#3072,#3074,#1354,.T.);
#3887=EDGE_CURVE('',#2975,#3073,#1355,.T.);
#3888=EDGE_CURVE('',#2973,#3071,#1356,.T.);
#3889=EDGE_CURVE('',#3075,#3072,#1357,.T.);
#3890=EDGE_CURVE('',#3075,#3076,#1358,.T.);
#3891=EDGE_CURVE('',#2972,#3076,#1359,.T.);
#3892=EDGE_CURVE('',#2953,#3075,#1360,.T.);
#3893=EDGE_CURVE('',#3070,#3074,#1361,.T.);
#3894=EDGE_CURVE('',#3076,#3024,#1362,.T.);
#3895=EDGE_CURVE('',#2985,#2823,#1363,.T.);
#3896=EDGE_CURVE('',#2910,#2984,#1364,.T.);
#3897=EDGE_CURVE('',#2950,#3076,#1365,.T.);
#3898=EDGE_CURVE('',#3075,#3025,#1366,.T.);
#3899=EDGE_CURVE('',#2911,#2983,#1367,.T.);
#3900=EDGE_CURVE('',#2821,#2986,#1368,.T.);
#3901=EDGE_CURVE('',#2949,#3077,#1369,.T.);
#3902=EDGE_CURVE('',#3077,#3078,#1370,.T.);
#3903=EDGE_CURVE('',#3078,#3079,#1371,.T.);
#3904=EDGE_CURVE('',#2974,#3079,#1372,.T.);
#3905=EDGE_CURVE('',#3040,#3031,#1373,.T.);
#3906=EDGE_CURVE('',#3077,#3021,#1374,.T.);
#3907=EDGE_CURVE('',#3077,#3080,#1375,.T.);
#3908=EDGE_CURVE('',#3080,#3020,#1376,.T.);
#3909=EDGE_CURVE('',#3039,#3032,#1377,.T.);
#3910=EDGE_CURVE('',#2946,#3080,#1378,.T.);
#3911=EDGE_CURVE('',#3081,#3078,#1379,.T.);
#3912=EDGE_CURVE('',#3081,#3082,#1380,.T.);
#3913=EDGE_CURVE('',#3079,#3082,#1381,.T.);
#3914=EDGE_CURVE('',#3083,#3081,#1382,.T.);
#3915=EDGE_CURVE('',#3084,#3080,#1383,.T.);
#3916=EDGE_CURVE('',#3084,#3083,#1384,.T.);
#3917=EDGE_CURVE('',#3085,#3082,#1385,.T.);
#3918=EDGE_CURVE('',#3085,#3083,#1386,.T.);
#3919=EDGE_CURVE('',#3086,#3084,#1387,.T.);
#3920=EDGE_CURVE('',#3085,#3086,#1388,.T.);
#3921=EDGE_CURVE('',#3087,#3088,#1389,.T.);
#3922=EDGE_CURVE('',#3087,#3089,#1390,.T.);
#3923=EDGE_CURVE('',#3090,#3089,#1391,.T.);
#3924=EDGE_CURVE('',#3088,#3090,#1392,.T.);
#3925=EDGE_CURVE('',#3091,#3092,#1393,.T.);
#3926=EDGE_CURVE('',#3092,#3093,#1394,.T.);
#3927=EDGE_CURVE('',#3093,#3094,#1395,.T.);
#3928=EDGE_CURVE('',#3094,#3091,#1396,.T.);
#3929=EDGE_CURVE('',#3095,#3096,#1397,.T.);
#3930=EDGE_CURVE('',#3095,#3097,#1398,.T.);
#3931=EDGE_CURVE('',#3098,#3097,#1399,.T.);
#3932=EDGE_CURVE('',#3096,#3098,#1400,.T.);
#3933=EDGE_CURVE('',#3099,#2945,#1401,.T.);
#3934=EDGE_CURVE('',#3099,#3088,#1402,.T.);
#3935=EDGE_CURVE('',#3086,#3090,#1403,.T.);
#3936=EDGE_CURVE('',#3093,#2896,#1404,.T.);
#3937=EDGE_CURVE('',#2897,#2831,#1405,.T.);
#3938=EDGE_CURVE('',#2832,#3094,#1406,.T.);
#3939=EDGE_CURVE('',#3100,#3101,#1407,.T.);
#3940=EDGE_CURVE('',#3100,#3102,#1408,.T.);
#3941=EDGE_CURVE('',#3102,#3103,#1409,.T.);
#3942=EDGE_CURVE('',#3103,#3104,#1410,.T.);
#3943=EDGE_CURVE('',#3104,#3101,#1411,.T.);
#3944=EDGE_CURVE('',#3100,#3105,#1412,.T.);
#3945=EDGE_CURVE('',#3106,#3105,#1413,.T.);
#3946=EDGE_CURVE('',#3106,#3102,#1414,.T.);
#3947=EDGE_CURVE('',#3107,#3100,#1415,.T.);
#3948=EDGE_CURVE('',#3108,#3107,#1416,.T.);
#3949=EDGE_CURVE('',#3109,#3108,#1417,.T.);
#3950=EDGE_CURVE('',#3110,#3109,#1418,.T.);
#3951=EDGE_CURVE('',#3110,#3105,#1419,.T.);
#3952=EDGE_CURVE('',#3110,#3111,#1420,.T.);
#3953=EDGE_CURVE('',#3109,#3112,#1421,.T.);
#3954=EDGE_CURVE('',#3111,#3112,#1422,.T.);
#3955=EDGE_CURVE('',#3111,#3113,#1423,.T.);
#3956=EDGE_CURVE('',#3113,#3114,#1424,.T.);
#3957=EDGE_CURVE('',#3106,#3114,#1425,.T.);
#3958=EDGE_CURVE('',#3113,#3115,#1426,.T.);
#3959=EDGE_CURVE('',#3115,#3116,#1427,.T.);
#3960=EDGE_CURVE('',#3114,#3116,#1428,.T.);
#3961=EDGE_CURVE('',#3103,#3114,#1429,.T.);
#3962=EDGE_CURVE('',#3117,#3116,#1430,.T.);
#3963=EDGE_CURVE('',#3104,#3117,#1431,.T.);
#3964=EDGE_CURVE('',#3118,#3115,#1432,.T.);
#3965=EDGE_CURVE('',#3118,#3117,#1433,.T.);
#3966=EDGE_CURVE('',#3119,#3120,#1434,.T.);
#3967=EDGE_CURVE('',#3119,#3121,#1435,.T.);
#3968=EDGE_CURVE('',#3122,#3121,#1436,.T.);
#3969=EDGE_CURVE('',#3120,#3122,#1437,.T.);
#3970=EDGE_CURVE('',#3123,#3124,#1438,.T.);
#3971=EDGE_CURVE('',#3125,#3124,#59,.T.);
#3972=EDGE_CURVE('',#3126,#3125,#1439,.T.);
#3973=EDGE_CURVE('',#3126,#3123,#60,.T.);
#3974=EDGE_CURVE('',#3127,#3128,#1440,.T.);
#3975=EDGE_CURVE('',#3128,#3124,#1441,.T.);
#3976=EDGE_CURVE('',#3127,#3123,#1442,.T.);
#3977=EDGE_CURVE('',#3129,#3130,#1443,.T.);
#3978=EDGE_CURVE('',#3130,#3128,#1444,.T.);
#3979=EDGE_CURVE('',#3129,#3127,#1445,.T.);
#3980=EDGE_CURVE('',#3131,#3132,#1446,.T.);
#3981=EDGE_CURVE('',#3130,#3132,#1447,.T.);
#3982=EDGE_CURVE('',#3129,#3131,#1448,.T.);
#3983=EDGE_CURVE('',#3133,#3134,#1449,.T.);
#3984=EDGE_CURVE('',#3134,#3132,#61,.T.);
#3985=EDGE_CURVE('',#3133,#3131,#62,.T.);
#3986=EDGE_CURVE('',#3135,#3136,#1450,.T.);
#3987=EDGE_CURVE('',#3134,#3136,#1451,.T.);
#3988=EDGE_CURVE('',#3133,#3135,#1452,.T.);
#3989=EDGE_CURVE('',#3137,#3138,#1453,.T.);
#3990=EDGE_CURVE('',#3138,#3136,#1454,.T.);
#3991=EDGE_CURVE('',#3137,#3135,#1455,.T.);
#3992=EDGE_CURVE('',#3139,#3140,#1456,.T.);
#3993=EDGE_CURVE('',#3140,#3138,#1457,.T.);
#3994=EDGE_CURVE('',#3139,#3137,#1458,.T.);
#3995=EDGE_CURVE('',#3141,#3142,#1459,.T.);
#3996=EDGE_CURVE('',#3142,#3140,#63,.T.);
#3997=EDGE_CURVE('',#3141,#3139,#64,.T.);
#3998=EDGE_CURVE('',#3143,#3144,#1460,.T.);
#3999=EDGE_CURVE('',#3142,#3144,#1461,.T.);
#4000=EDGE_CURVE('',#3141,#3143,#1462,.T.);
#4001=EDGE_CURVE('',#3145,#3146,#1463,.T.);
#4002=EDGE_CURVE('',#3146,#3144,#65,.T.);
#4003=EDGE_CURVE('',#3145,#3143,#66,.T.);
#4004=EDGE_CURVE('',#3147,#3148,#1464,.T.);
#4005=EDGE_CURVE('',#3148,#3146,#1465,.T.);
#4006=EDGE_CURVE('',#3147,#3145,#1466,.T.);
#4007=EDGE_CURVE('',#3149,#3150,#1467,.T.);
#4008=EDGE_CURVE('',#3148,#3150,#1468,.T.);
#4009=EDGE_CURVE('',#3147,#3149,#1469,.T.);
#4010=EDGE_CURVE('',#3151,#3125,#1470,.T.);
#4011=EDGE_CURVE('',#3152,#3151,#1471,.T.);
#4012=EDGE_CURVE('',#3152,#3126,#1472,.T.);
#4013=EDGE_CURVE('',#3149,#3119,#1473,.T.);
#4014=EDGE_CURVE('',#3150,#3120,#1474,.T.);
#4015=EDGE_CURVE('',#3152,#3153,#67,.T.);
#4016=EDGE_CURVE('',#3121,#3153,#1475,.T.);
#4017=EDGE_CURVE('',#3122,#3154,#1476,.T.);
#4018=EDGE_CURVE('',#3151,#3154,#68,.T.);
#4019=EDGE_CURVE('',#3153,#3154,#1477,.T.);
#4020=EDGE_CURVE('',#3118,#3155,#1478,.T.);
#4021=EDGE_CURVE('',#3155,#3112,#1479,.T.);
#4022=EDGE_CURVE('',#2914,#2832,#1480,.T.);
#4023=EDGE_CURVE('',#3156,#2913,#1481,.T.);
#4024=EDGE_CURVE('',#3157,#3156,#1482,.T.);
#4025=EDGE_CURVE('',#3157,#3155,#1483,.T.);
#4026=EDGE_CURVE('',#3091,#3108,#1484,.T.);
#4027=EDGE_CURVE('',#3158,#3159,#1485,.T.);
#4028=EDGE_CURVE('',#3160,#3159,#1486,.T.);
#4029=EDGE_CURVE('',#3160,#3161,#69,.T.);
#4030=EDGE_CURVE('',#3162,#3161,#1487,.T.);
#4031=EDGE_CURVE('',#3163,#3162,#1488,.T.);
#4032=EDGE_CURVE('',#3164,#3163,#1489,.T.);
#4033=EDGE_CURVE('',#3165,#3164,#1490,.T.);
#4034=EDGE_CURVE('',#3166,#3165,#70,.T.);
#4035=EDGE_CURVE('',#2923,#3166,#1491,.T.);
#4036=EDGE_CURVE('',#2922,#3158,#1492,.T.);
#4037=EDGE_CURVE('',#3035,#2795,#1493,.T.);
#4038=EDGE_CURVE('',#3167,#3156,#1494,.T.);
#4039=EDGE_CURVE('',#3168,#3167,#1495,.T.);
#4040=EDGE_CURVE('',#3169,#3168,#1496,.T.);
#4041=EDGE_CURVE('',#3169,#3157,#1497,.T.);
#4042=EDGE_CURVE('',#3168,#3009,#1498,.T.);
#4043=EDGE_CURVE('',#3170,#3168,#1499,.T.);
#4044=EDGE_CURVE('',#3013,#3170,#1500,.T.);
#4045=EDGE_CURVE('',#3170,#3171,#1501,.T.);
#4046=EDGE_CURVE('',#2913,#3171,#1502,.T.);
#4047=EDGE_CURVE('',#2912,#3036,#1503,.T.);
#4048=EDGE_CURVE('',#3022,#2719,#1504,.T.);
#4049=EDGE_CURVE('',#3171,#3167,#1505,.T.);
#4050=EDGE_CURVE('',#2852,#2813,#1506,.T.);
#4051=EDGE_CURVE('',#2829,#3101,#1507,.T.);
#4052=EDGE_CURVE('',#3010,#3169,#1508,.T.);
#4053=EDGE_CURVE('',#3107,#2815,#1509,.T.);
#4054=EDGE_CURVE('',#2898,#3092,#1510,.T.);
#4055=EDGE_CURVE('',#2917,#2831,#1511,.T.);
#4056=EDGE_CURVE('',#3172,#2916,#1512,.T.);
#4057=EDGE_CURVE('',#3172,#3173,#71,.T.);
#4058=EDGE_CURVE('',#3173,#3174,#1513,.T.);
#4059=EDGE_CURVE('',#3174,#3175,#1514,.T.);
#4060=EDGE_CURVE('',#3176,#3175,#1515,.T.);
#4061=EDGE_CURVE('',#3176,#3177,#1516,.T.);
#4062=EDGE_CURVE('',#3178,#3177,#72,.T.);
#4063=EDGE_CURVE('',#3178,#2833,#1517,.T.);
#4064=EDGE_CURVE('',#3179,#2915,#1518,.T.);
#4065=EDGE_CURVE('',#3172,#3179,#1519,.T.);
#4066=EDGE_CURVE('',#3179,#3180,#73,.T.);
#4067=EDGE_CURVE('',#3173,#3180,#1520,.T.);
#4068=EDGE_CURVE('',#3180,#3181,#1521,.T.);
#4069=EDGE_CURVE('',#3174,#3181,#1522,.T.);
#4070=EDGE_CURVE('',#3181,#3182,#1523,.T.);
#4071=EDGE_CURVE('',#3175,#3182,#1524,.T.);
#4072=EDGE_CURVE('',#3183,#3182,#1525,.T.);
#4073=EDGE_CURVE('',#3176,#3183,#1526,.T.);
#4074=EDGE_CURVE('',#3183,#3184,#1527,.T.);
#4075=EDGE_CURVE('',#3177,#3184,#1528,.T.);
#4076=EDGE_CURVE('',#3185,#3184,#74,.T.);
#4077=EDGE_CURVE('',#3178,#3185,#1529,.T.);
#4078=EDGE_CURVE('',#3185,#2834,#1530,.T.);
#4079=EDGE_CURVE('',#3186,#3187,#1531,.T.);
#4080=EDGE_CURVE('',#3188,#3187,#1532,.T.);
#4081=EDGE_CURVE('',#3188,#3189,#75,.T.);
#4082=EDGE_CURVE('',#3190,#3189,#1533,.T.);
#4083=EDGE_CURVE('',#3191,#3190,#1534,.T.);
#4084=EDGE_CURVE('',#3192,#3191,#1535,.T.);
#4085=EDGE_CURVE('',#3193,#3192,#1536,.T.);
#4086=EDGE_CURVE('',#3194,#3193,#76,.T.);
#4087=EDGE_CURVE('',#2919,#3194,#1537,.T.);
#4088=EDGE_CURVE('',#3186,#2918,#1538,.T.);
#4089=EDGE_CURVE('',#3195,#3186,#1539,.T.);
#4090=EDGE_CURVE('',#3195,#3196,#1540,.T.);
#4091=EDGE_CURVE('',#3187,#3196,#1541,.T.);
#4092=EDGE_CURVE('',#2921,#3195,#1542,.T.);
#4093=EDGE_CURVE('',#3197,#2920,#1543,.T.);
#4094=EDGE_CURVE('',#3197,#3198,#77,.T.);
#4095=EDGE_CURVE('',#3198,#3199,#1544,.T.);
#4096=EDGE_CURVE('',#3199,#3200,#1545,.T.);
#4097=EDGE_CURVE('',#3201,#3200,#1546,.T.);
#4098=EDGE_CURVE('',#3201,#3202,#1547,.T.);
#4099=EDGE_CURVE('',#3203,#3202,#78,.T.);
#4100=EDGE_CURVE('',#3203,#3196,#1548,.T.);
#4101=EDGE_CURVE('',#3197,#3194,#1549,.T.);
#4102=EDGE_CURVE('',#3198,#3193,#1550,.T.);
#4103=EDGE_CURVE('',#3199,#3192,#1551,.T.);
#4104=EDGE_CURVE('',#3200,#3191,#1552,.T.);
#4105=EDGE_CURVE('',#3201,#3190,#1553,.T.);
#4106=EDGE_CURVE('',#3202,#3189,#1554,.T.);
#4107=EDGE_CURVE('',#3203,#3188,#1555,.T.);
#4108=EDGE_CURVE('',#3204,#3205,#1556,.T.);
#4109=EDGE_CURVE('',#3206,#3205,#1557,.T.);
#4110=EDGE_CURVE('',#3206,#3207,#79,.T.);
#4111=EDGE_CURVE('',#3208,#3207,#1558,.T.);
#4112=EDGE_CURVE('',#3209,#3208,#1559,.T.);
#4113=EDGE_CURVE('',#3210,#3209,#1560,.T.);
#4114=EDGE_CURVE('',#3211,#3210,#1561,.T.);
#4115=EDGE_CURVE('',#3212,#3211,#80,.T.);
#4116=EDGE_CURVE('',#2927,#3212,#1562,.T.);
#4117=EDGE_CURVE('',#2926,#3204,#1563,.T.);
#4118=EDGE_CURVE('',#2925,#3213,#1564,.T.);
#4119=EDGE_CURVE('',#3213,#3096,#1565,.T.);
#4120=EDGE_CURVE('',#3214,#3098,#1566,.T.);
#4121=EDGE_CURVE('',#3214,#3215,#1567,.T.);
#4122=EDGE_CURVE('',#3215,#3204,#1568,.T.);
#4123=EDGE_CURVE('',#3213,#3158,#1569,.T.);
#4124=EDGE_CURVE('',#3213,#3216,#1570,.T.);
#4125=EDGE_CURVE('',#3159,#3216,#1571,.T.);
#4126=EDGE_CURVE('',#3217,#2924,#1572,.T.);
#4127=EDGE_CURVE('',#3217,#3218,#81,.T.);
#4128=EDGE_CURVE('',#3218,#3219,#1573,.T.);
#4129=EDGE_CURVE('',#3219,#3220,#1574,.T.);
#4130=EDGE_CURVE('',#3221,#3220,#1575,.T.);
#4131=EDGE_CURVE('',#3221,#3222,#1576,.T.);
#4132=EDGE_CURVE('',#3223,#3222,#82,.T.);
#4133=EDGE_CURVE('',#3223,#3216,#1577,.T.);
#4134=EDGE_CURVE('',#3217,#3166,#1578,.T.);
#4135=EDGE_CURVE('',#3218,#3165,#1579,.T.);
#4136=EDGE_CURVE('',#3219,#3164,#1580,.T.);
#4137=EDGE_CURVE('',#3220,#3163,#1581,.T.);
#4138=EDGE_CURVE('',#3221,#3162,#1582,.T.);
#4139=EDGE_CURVE('',#3222,#3161,#1583,.T.);
#4140=EDGE_CURVE('',#3223,#3160,#1584,.T.);
#4141=EDGE_CURVE('',#3027,#3095,#1585,.T.);
#4142=EDGE_CURVE('',#3026,#3158,#1586,.T.);
#4143=EDGE_CURVE('',#3029,#3097,#1587,.T.);
#4144=EDGE_CURVE('',#3224,#3089,#1588,.T.);
#4145=EDGE_CURVE('',#3224,#3225,#1589,.T.);
#4146=EDGE_CURVE('',#3225,#3226,#1590,.T.);
#4147=EDGE_CURVE('',#3226,#3227,#1591,.T.);
#4148=EDGE_CURVE('',#3228,#3227,#1592,.T.);
#4149=EDGE_CURVE('',#3228,#3229,#1593,.T.);
#4150=EDGE_CURVE('',#3229,#3230,#1594,.T.);
#4151=EDGE_CURVE('',#3230,#3231,#1595,.T.);
#4152=EDGE_CURVE('',#3232,#3231,#1596,.T.);
#4153=EDGE_CURVE('',#3232,#3233,#1597,.T.);
#4154=EDGE_CURVE('',#3233,#3234,#1598,.T.);
#4155=EDGE_CURVE('',#3234,#3235,#1599,.T.);
#4156=EDGE_CURVE('',#3236,#3235,#1600,.T.);
#4157=EDGE_CURVE('',#3236,#3237,#1601,.T.);
#4158=EDGE_CURVE('',#3237,#3238,#1602,.T.);
#4159=EDGE_CURVE('',#3238,#3239,#1603,.T.);
#4160=EDGE_CURVE('',#3240,#3239,#1604,.T.);
#4161=EDGE_CURVE('',#3240,#3214,#1605,.T.);
#4162=EDGE_CURVE('',#3028,#3241,#1606,.T.);
#4163=EDGE_CURVE('',#3241,#3242,#1607,.T.);
#4164=EDGE_CURVE('',#2733,#3242,#1608,.T.);
#4165=EDGE_CURVE('',#2732,#2899,#1609,.T.);
#4166=EDGE_CURVE('',#3243,#3087,#1610,.T.);
#4167=EDGE_CURVE('',#3224,#3243,#1611,.T.);
#4168=EDGE_CURVE('',#3099,#3244,#1612,.T.);
#4169=EDGE_CURVE('',#3245,#3244,#1613,.T.);
#4170=EDGE_CURVE('',#3245,#3243,#1614,.T.);
#4171=EDGE_CURVE('',#3244,#3246,#1615,.T.);
#4172=EDGE_CURVE('',#3247,#3246,#1616,.T.);
#4173=EDGE_CURVE('',#3247,#3248,#83,.T.);
#4174=EDGE_CURVE('',#3249,#3248,#1617,.T.);
#4175=EDGE_CURVE('',#3250,#3249,#1618,.T.);
#4176=EDGE_CURVE('',#3251,#3250,#1619,.T.);
#4177=EDGE_CURVE('',#3252,#3251,#1620,.T.);
#4178=EDGE_CURVE('',#3253,#3252,#84,.T.);
#4179=EDGE_CURVE('',#2943,#3253,#1621,.T.);
#4180=EDGE_CURVE('',#2942,#3244,#1622,.T.);
#4181=EDGE_CURVE('',#3254,#3099,#1623,.T.);
#4182=EDGE_CURVE('',#3246,#3254,#1624,.T.);
#4183=EDGE_CURVE('',#3255,#2944,#1625,.T.);
#4184=EDGE_CURVE('',#3255,#3256,#85,.T.);
#4185=EDGE_CURVE('',#3257,#3256,#1626,.T.);
#4186=EDGE_CURVE('',#3258,#3257,#1627,.T.);
#4187=EDGE_CURVE('',#3259,#3258,#1628,.T.);
#4188=EDGE_CURVE('',#3260,#3259,#1629,.T.);
#4189=EDGE_CURVE('',#3261,#3260,#86,.T.);
#4190=EDGE_CURVE('',#3254,#3261,#1630,.T.);
#4191=EDGE_CURVE('',#3255,#3253,#1631,.T.);
#4192=EDGE_CURVE('',#3256,#3252,#1632,.T.);
#4193=EDGE_CURVE('',#3257,#3251,#1633,.T.);
#4194=EDGE_CURVE('',#3258,#3250,#1634,.T.);
#4195=EDGE_CURVE('',#3259,#3249,#1635,.T.);
#4196=EDGE_CURVE('',#3260,#3248,#1636,.T.);
#4197=EDGE_CURVE('',#3261,#3247,#1637,.T.);
#4198=EDGE_CURVE('',#2941,#3262,#1638,.T.);
#4199=EDGE_CURVE('',#3263,#2940,#1639,.T.);
#4200=EDGE_CURVE('',#3263,#3264,#87,.T.);
#4201=EDGE_CURVE('',#3264,#3265,#1640,.T.);
#4202=EDGE_CURVE('',#3265,#3266,#1641,.T.);
#4203=EDGE_CURVE('',#3267,#3266,#1642,.T.);
#4204=EDGE_CURVE('',#3267,#3268,#1643,.T.);
#4205=EDGE_CURVE('',#3269,#3268,#88,.T.);
#4206=EDGE_CURVE('',#3269,#3270,#1644,.T.);
#4207=EDGE_CURVE('',#3262,#3270,#1645,.T.);
#4208=EDGE_CURVE('',#3262,#3271,#1646,.T.);
#4209=EDGE_CURVE('',#3272,#3270,#1647,.T.);
#4210=EDGE_CURVE('',#3271,#3272,#1648,.T.);
#4211=EDGE_CURVE('',#3273,#3272,#1649,.T.);
#4212=EDGE_CURVE('',#3273,#3274,#89,.T.);
#4213=EDGE_CURVE('',#3275,#3274,#1650,.T.);
#4214=EDGE_CURVE('',#3276,#3275,#1651,.T.);
#4215=EDGE_CURVE('',#3277,#3276,#1652,.T.);
#4216=EDGE_CURVE('',#3278,#3277,#1653,.T.);
#4217=EDGE_CURVE('',#3279,#3278,#90,.T.);
#4218=EDGE_CURVE('',#2939,#3279,#1654,.T.);
#4219=EDGE_CURVE('',#2938,#3271,#1655,.T.);
#4220=EDGE_CURVE('',#3262,#3280,#1656,.T.);
#4221=EDGE_CURVE('',#3280,#3226,#1657,.T.);
#4222=EDGE_CURVE('',#3225,#3245,#1658,.T.);
#4223=EDGE_CURVE('',#3281,#3280,#1659,.T.);
#4224=EDGE_CURVE('',#3281,#3227,#1660,.T.);
#4225=EDGE_CURVE('',#3282,#3281,#1661,.T.);
#4226=EDGE_CURVE('',#3283,#3271,#1662,.T.);
#4227=EDGE_CURVE('',#3283,#3282,#1663,.T.);
#4228=EDGE_CURVE('',#3228,#3282,#1664,.T.);
#4229=EDGE_CURVE('',#3229,#3283,#1665,.T.);
#4230=EDGE_CURVE('',#3284,#3285,#1666,.T.);
#4231=EDGE_CURVE('',#3284,#3231,#1667,.T.);
#4232=EDGE_CURVE('',#3285,#3230,#1668,.T.);
#4233=EDGE_CURVE('',#3286,#3284,#1669,.T.);
#4234=EDGE_CURVE('',#3232,#3286,#1670,.T.);
#4235=EDGE_CURVE('',#3287,#3285,#1671,.T.);
#4236=EDGE_CURVE('',#3287,#3288,#1672,.T.);
#4237=EDGE_CURVE('',#3289,#3288,#1673,.T.);
#4238=EDGE_CURVE('',#3289,#3286,#1674,.T.);
#4239=EDGE_CURVE('',#2937,#3287,#1675,.T.);
#4240=EDGE_CURVE('',#3288,#3290,#1676,.T.);
#4241=EDGE_CURVE('',#3291,#3290,#1677,.T.);
#4242=EDGE_CURVE('',#3291,#3292,#91,.T.);
#4243=EDGE_CURVE('',#3293,#3292,#1678,.T.);
#4244=EDGE_CURVE('',#3294,#3293,#1679,.T.);
#4245=EDGE_CURVE('',#3295,#3294,#1680,.T.);
#4246=EDGE_CURVE('',#3296,#3295,#1681,.T.);
#4247=EDGE_CURVE('',#3297,#3296,#92,.T.);
#4248=EDGE_CURVE('',#2935,#3297,#1682,.T.);
#4249=EDGE_CURVE('',#2934,#3288,#1683,.T.);
#4250=EDGE_CURVE('',#3287,#3298,#1684,.T.);
#4251=EDGE_CURVE('',#3290,#3298,#1685,.T.);
#4252=EDGE_CURVE('',#3299,#2936,#1686,.T.);
#4253=EDGE_CURVE('',#3299,#3300,#93,.T.);
#4254=EDGE_CURVE('',#3300,#3301,#1687,.T.);
#4255=EDGE_CURVE('',#3301,#3302,#1688,.T.);
#4256=EDGE_CURVE('',#3303,#3302,#1689,.T.);
#4257=EDGE_CURVE('',#3303,#3304,#1690,.T.);
#4258=EDGE_CURVE('',#3305,#3304,#94,.T.);
#4259=EDGE_CURVE('',#3305,#3298,#1691,.T.);
#4260=EDGE_CURVE('',#2933,#3306,#1692,.T.);
#4261=EDGE_CURVE('',#3306,#3307,#1693,.T.);
#4262=EDGE_CURVE('',#3307,#3234,#1694,.T.);
#4263=EDGE_CURVE('',#3233,#3289,#1695,.T.);
#4264=EDGE_CURVE('',#3308,#2932,#1696,.T.);
#4265=EDGE_CURVE('',#3308,#3309,#95,.T.);
#4266=EDGE_CURVE('',#3309,#3310,#1697,.T.);
#4267=EDGE_CURVE('',#3310,#3311,#1698,.T.);
#4268=EDGE_CURVE('',#3312,#3311,#1699,.T.);
#4269=EDGE_CURVE('',#3312,#3313,#1700,.T.);
#4270=EDGE_CURVE('',#3314,#3313,#96,.T.);
#4271=EDGE_CURVE('',#3314,#3315,#1701,.T.);
#4272=EDGE_CURVE('',#3306,#3315,#1702,.T.);
#4273=EDGE_CURVE('',#3306,#3316,#1703,.T.);
#4274=EDGE_CURVE('',#3317,#3315,#1704,.T.);
#4275=EDGE_CURVE('',#3316,#3317,#1705,.T.);
#4276=EDGE_CURVE('',#3318,#3317,#1706,.T.);
#4277=EDGE_CURVE('',#3318,#3319,#97,.T.);
#4278=EDGE_CURVE('',#3320,#3319,#1707,.T.);
#4279=EDGE_CURVE('',#3321,#3320,#1708,.T.);
#4280=EDGE_CURVE('',#3322,#3321,#1709,.T.);
#4281=EDGE_CURVE('',#3323,#3322,#1710,.T.);
#4282=EDGE_CURVE('',#3324,#3323,#98,.T.);
#4283=EDGE_CURVE('',#2931,#3324,#1711,.T.);
#4284=EDGE_CURVE('',#2930,#3316,#1712,.T.);
#4285=EDGE_CURVE('',#3325,#3307,#1713,.T.);
#4286=EDGE_CURVE('',#3325,#3235,#1714,.T.);
#4287=EDGE_CURVE('',#3326,#3325,#1715,.T.);
#4288=EDGE_CURVE('',#3327,#3316,#1716,.T.);
#4289=EDGE_CURVE('',#3327,#3326,#1717,.T.);
#4290=EDGE_CURVE('',#3236,#3326,#1718,.T.);
#4291=EDGE_CURVE('',#3237,#3327,#1719,.T.);
#4292=EDGE_CURVE('',#3328,#3329,#1720,.T.);
#4293=EDGE_CURVE('',#3328,#3239,#1721,.T.);
#4294=EDGE_CURVE('',#3329,#3238,#1722,.T.);
#4295=EDGE_CURVE('',#3330,#3328,#1723,.T.);
#4296=EDGE_CURVE('',#3240,#3330,#1724,.T.);
#4297=EDGE_CURVE('',#3331,#3329,#1725,.T.);
#4298=EDGE_CURVE('',#3331,#3204,#1726,.T.);
#4299=EDGE_CURVE('',#3215,#3330,#1727,.T.);
#4300=EDGE_CURVE('',#2929,#3331,#1728,.T.);
#4301=EDGE_CURVE('',#3331,#3332,#1729,.T.);
#4302=EDGE_CURVE('',#3205,#3332,#1730,.T.);
#4303=EDGE_CURVE('',#3333,#2928,#1731,.T.);
#4304=EDGE_CURVE('',#3333,#3334,#99,.T.);
#4305=EDGE_CURVE('',#3334,#3335,#1732,.T.);
#4306=EDGE_CURVE('',#3335,#3336,#1733,.T.);
#4307=EDGE_CURVE('',#3337,#3336,#1734,.T.);
#4308=EDGE_CURVE('',#3337,#3338,#1735,.T.);
#4309=EDGE_CURVE('',#3339,#3338,#100,.T.);
#4310=EDGE_CURVE('',#3339,#3332,#1736,.T.);
#4311=EDGE_CURVE('',#3339,#3206,#1737,.T.);
#4312=EDGE_CURVE('',#3338,#3207,#1738,.T.);
#4313=EDGE_CURVE('',#3337,#3208,#1739,.T.);
#4314=EDGE_CURVE('',#3336,#3209,#1740,.T.);
#4315=EDGE_CURVE('',#3335,#3210,#1741,.T.);
#4316=EDGE_CURVE('',#3334,#3211,#1742,.T.);
#4317=EDGE_CURVE('',#3333,#3212,#1743,.T.);
#4318=EDGE_CURVE('',#3308,#3324,#1744,.T.);
#4319=EDGE_CURVE('',#3309,#3323,#1745,.T.);
#4320=EDGE_CURVE('',#3310,#3322,#1746,.T.);
#4321=EDGE_CURVE('',#3311,#3321,#1747,.T.);
#4322=EDGE_CURVE('',#3312,#3320,#1748,.T.);
#4323=EDGE_CURVE('',#3313,#3319,#1749,.T.);
#4324=EDGE_CURVE('',#3314,#3318,#1750,.T.);
#4325=EDGE_CURVE('',#3299,#3297,#1751,.T.);
#4326=EDGE_CURVE('',#3300,#3296,#1752,.T.);
#4327=EDGE_CURVE('',#3301,#3295,#1753,.T.);
#4328=EDGE_CURVE('',#3302,#3294,#1754,.T.);
#4329=EDGE_CURVE('',#3303,#3293,#1755,.T.);
#4330=EDGE_CURVE('',#3304,#3292,#1756,.T.);
#4331=EDGE_CURVE('',#3305,#3291,#1757,.T.);
#4332=EDGE_CURVE('',#3263,#3279,#1758,.T.);
#4333=EDGE_CURVE('',#3264,#3278,#1759,.T.);
#4334=EDGE_CURVE('',#3265,#3277,#1760,.T.);
#4335=EDGE_CURVE('',#3266,#3276,#1761,.T.);
#4336=EDGE_CURVE('',#3267,#3275,#1762,.T.);
#4337=EDGE_CURVE('',#3268,#3274,#1763,.T.);
#4338=EDGE_CURVE('',#3269,#3273,#1764,.T.);
#4339=EDGE_CURVE('',#3340,#3341,#1765,.T.);
#4340=EDGE_CURVE('',#3340,#3242,#1766,.T.);
#4341=EDGE_CURVE('',#3341,#3241,#1767,.T.);
#4342=EDGE_CURVE('',#2731,#3340,#1768,.T.);
#4343=EDGE_CURVE('',#3195,#3341,#1769,.T.);
#4344=EDGE_CURVE('',#2730,#3186,#1770,.T.);
#4345=ORIENTED_EDGE('',*,*,#3342,.F.);
#4346=ORIENTED_EDGE('',*,*,#3343,.T.);
#4347=ORIENTED_EDGE('',*,*,#3344,.T.);
#4348=ORIENTED_EDGE('',*,*,#3345,.T.);
#4349=ORIENTED_EDGE('',*,*,#3346,.F.);
#4350=ORIENTED_EDGE('',*,*,#3347,.T.);
#4351=ORIENTED_EDGE('',*,*,#3348,.T.);
#4352=ORIENTED_EDGE('',*,*,#3344,.F.);
#4353=ORIENTED_EDGE('',*,*,#3349,.F.);
#4354=ORIENTED_EDGE('',*,*,#3350,.T.);
#4355=ORIENTED_EDGE('',*,*,#3351,.T.);
#4356=ORIENTED_EDGE('',*,*,#3352,.T.);
#4357=ORIENTED_EDGE('',*,*,#3353,.T.);
#4358=ORIENTED_EDGE('',*,*,#3354,.F.);
#4359=ORIENTED_EDGE('',*,*,#3352,.F.);
#4360=ORIENTED_EDGE('',*,*,#3355,.F.);
#4361=ORIENTED_EDGE('',*,*,#3356,.F.);
#4362=ORIENTED_EDGE('',*,*,#3357,.F.);
#4363=ORIENTED_EDGE('',*,*,#3358,.T.);
#4364=ORIENTED_EDGE('',*,*,#3359,.T.);
#4365=ORIENTED_EDGE('',*,*,#3347,.F.);
#4366=ORIENTED_EDGE('',*,*,#3360,.F.);
#4367=ORIENTED_EDGE('',*,*,#3361,.F.);
#4368=ORIENTED_EDGE('',*,*,#3362,.F.);
#4369=ORIENTED_EDGE('',*,*,#3363,.F.);
#4370=ORIENTED_EDGE('',*,*,#3364,.T.);
#4371=ORIENTED_EDGE('',*,*,#3365,.T.);
#4372=ORIENTED_EDGE('',*,*,#3366,.F.);
#4373=ORIENTED_EDGE('',*,*,#3367,.F.);
#4374=ORIENTED_EDGE('',*,*,#3368,.T.);
#4375=ORIENTED_EDGE('',*,*,#3343,.F.);
#4376=ORIENTED_EDGE('',*,*,#3369,.F.);
#4377=ORIENTED_EDGE('',*,*,#3370,.F.);
#4378=ORIENTED_EDGE('',*,*,#3371,.F.);
#4379=ORIENTED_EDGE('',*,*,#3372,.T.);
#4380=ORIENTED_EDGE('',*,*,#3373,.F.);
#4381=ORIENTED_EDGE('',*,*,#3374,.F.);
#4382=ORIENTED_EDGE('',*,*,#3375,.T.);
#4383=ORIENTED_EDGE('',*,*,#3376,.T.);
#4384=ORIENTED_EDGE('',*,*,#3353,.F.);
#4385=ORIENTED_EDGE('',*,*,#3377,.F.);
#4386=ORIENTED_EDGE('',*,*,#3378,.T.);
#4387=ORIENTED_EDGE('',*,*,#3379,.T.);
#4388=ORIENTED_EDGE('',*,*,#3380,.F.);
#4389=ORIENTED_EDGE('',*,*,#3381,.F.);
#4390=ORIENTED_EDGE('',*,*,#3382,.F.);
#4391=ORIENTED_EDGE('',*,*,#3383,.T.);
#4392=ORIENTED_EDGE('',*,*,#3384,.F.);
#4393=ORIENTED_EDGE('',*,*,#3385,.F.);
#4394=ORIENTED_EDGE('',*,*,#3386,.T.);
#4395=ORIENTED_EDGE('',*,*,#3387,.F.);
#4396=ORIENTED_EDGE('',*,*,#3388,.T.);
#4397=ORIENTED_EDGE('',*,*,#3389,.T.);
#4398=ORIENTED_EDGE('',*,*,#3365,.F.);
#4399=ORIENTED_EDGE('',*,*,#3390,.F.);
#4400=ORIENTED_EDGE('',*,*,#3391,.F.);
#4401=ORIENTED_EDGE('',*,*,#3392,.F.);
#4402=ORIENTED_EDGE('',*,*,#3393,.T.);
#4403=ORIENTED_EDGE('',*,*,#3381,.T.);
#4404=ORIENTED_EDGE('',*,*,#3394,.T.);
#4405=ORIENTED_EDGE('',*,*,#3395,.F.);
#4406=ORIENTED_EDGE('',*,*,#3396,.T.);
#4407=ORIENTED_EDGE('',*,*,#3397,.F.);
#4408=ORIENTED_EDGE('',*,*,#3398,.T.);
#4409=ORIENTED_EDGE('',*,*,#3399,.T.);
#4410=ORIENTED_EDGE('',*,*,#3400,.T.);
#4411=ORIENTED_EDGE('',*,*,#3401,.T.);
#4412=ORIENTED_EDGE('',*,*,#3402,.T.);
#4413=ORIENTED_EDGE('',*,*,#3403,.F.);
#4414=ORIENTED_EDGE('',*,*,#3373,.T.);
#4415=ORIENTED_EDGE('',*,*,#3404,.F.);
#4416=ORIENTED_EDGE('',*,*,#3405,.F.);
#4417=ORIENTED_EDGE('',*,*,#3346,.T.);
#4418=ORIENTED_EDGE('',*,*,#3406,.T.);
#4419=ORIENTED_EDGE('',*,*,#3407,.T.);
#4420=ORIENTED_EDGE('',*,*,#3408,.T.);
#4421=ORIENTED_EDGE('',*,*,#3409,.F.);
#4422=ORIENTED_EDGE('',*,*,#3410,.T.);
#4423=ORIENTED_EDGE('',*,*,#3411,.F.);
#4424=ORIENTED_EDGE('',*,*,#3412,.T.);
#4425=ORIENTED_EDGE('',*,*,#3413,.F.);
#4426=ORIENTED_EDGE('',*,*,#3414,.F.);
#4427=ORIENTED_EDGE('',*,*,#3415,.F.);
#4428=ORIENTED_EDGE('',*,*,#3416,.T.);
#4429=ORIENTED_EDGE('',*,*,#3417,.T.);
#4430=ORIENTED_EDGE('',*,*,#3418,.T.);
#4431=ORIENTED_EDGE('',*,*,#3419,.T.);
#4432=ORIENTED_EDGE('',*,*,#3420,.T.);
#4433=ORIENTED_EDGE('',*,*,#3421,.F.);
#4434=ORIENTED_EDGE('',*,*,#3408,.F.);
#4435=ORIENTED_EDGE('',*,*,#3422,.F.);
#4436=ORIENTED_EDGE('',*,*,#3423,.T.);
#4437=ORIENTED_EDGE('',*,*,#3424,.T.);
#4438=ORIENTED_EDGE('',*,*,#3425,.T.);
#4439=ORIENTED_EDGE('',*,*,#3426,.F.);
#4440=ORIENTED_EDGE('',*,*,#3427,.T.);
#4441=ORIENTED_EDGE('',*,*,#3428,.F.);
#4442=ORIENTED_EDGE('',*,*,#3429,.T.);
#4443=ORIENTED_EDGE('',*,*,#3420,.F.);
#4444=ORIENTED_EDGE('',*,*,#3399,.F.);
#4445=ORIENTED_EDGE('',*,*,#3430,.F.);
#4446=ORIENTED_EDGE('',*,*,#3431,.T.);
#4447=ORIENTED_EDGE('',*,*,#3432,.T.);
#4448=ORIENTED_EDGE('',*,*,#3433,.T.);
#4449=ORIENTED_EDGE('',*,*,#3434,.F.);
#4450=ORIENTED_EDGE('',*,*,#3435,.T.);
#4451=ORIENTED_EDGE('',*,*,#3436,.T.);
#4452=ORIENTED_EDGE('',*,*,#3418,.F.);
#4453=ORIENTED_EDGE('',*,*,#3437,.T.);
#4454=ORIENTED_EDGE('',*,*,#3438,.T.);
#4455=ORIENTED_EDGE('',*,*,#3439,.F.);
#4456=ORIENTED_EDGE('',*,*,#3440,.T.);
#4457=ORIENTED_EDGE('',*,*,#3441,.F.);
#4458=ORIENTED_EDGE('',*,*,#3442,.F.);
#4459=ORIENTED_EDGE('',*,*,#3443,.F.);
#4460=ORIENTED_EDGE('',*,*,#3444,.F.);
#4461=ORIENTED_EDGE('',*,*,#3445,.F.);
#4462=ORIENTED_EDGE('',*,*,#3446,.F.);
#4463=ORIENTED_EDGE('',*,*,#3447,.T.);
#4464=ORIENTED_EDGE('',*,*,#3448,.F.);
#4465=ORIENTED_EDGE('',*,*,#3449,.T.);
#4466=ORIENTED_EDGE('',*,*,#3446,.T.);
#4467=ORIENTED_EDGE('',*,*,#3450,.F.);
#4468=ORIENTED_EDGE('',*,*,#3451,.T.);
#4469=ORIENTED_EDGE('',*,*,#3452,.F.);
#4470=ORIENTED_EDGE('',*,*,#3453,.T.);
#4471=ORIENTED_EDGE('',*,*,#3454,.F.);
#4472=ORIENTED_EDGE('',*,*,#3438,.F.);
#4473=ORIENTED_EDGE('',*,*,#3431,.F.);
#4474=ORIENTED_EDGE('',*,*,#3455,.F.);
#4475=ORIENTED_EDGE('',*,*,#3451,.F.);
#4476=ORIENTED_EDGE('',*,*,#3456,.T.);
#4477=ORIENTED_EDGE('',*,*,#3457,.T.);
#4478=ORIENTED_EDGE('',*,*,#3458,.T.);
#4479=ORIENTED_EDGE('',*,*,#3459,.F.);
#4480=ORIENTED_EDGE('',*,*,#3460,.T.);
#4481=ORIENTED_EDGE('',*,*,#3461,.F.);
#4482=ORIENTED_EDGE('',*,*,#3462,.T.);
#4483=ORIENTED_EDGE('',*,*,#3453,.F.);
#4484=ORIENTED_EDGE('',*,*,#3454,.T.);
#4485=ORIENTED_EDGE('',*,*,#3462,.F.);
#4486=ORIENTED_EDGE('',*,*,#3463,.T.);
#4487=ORIENTED_EDGE('',*,*,#3439,.T.);
#4488=ORIENTED_EDGE('',*,*,#3464,.T.);
#4489=ORIENTED_EDGE('',*,*,#3440,.F.);
#4490=ORIENTED_EDGE('',*,*,#3463,.F.);
#4491=ORIENTED_EDGE('',*,*,#3461,.T.);
#4492=ORIENTED_EDGE('',*,*,#3460,.F.);
#4493=ORIENTED_EDGE('',*,*,#3465,.T.);
#4494=ORIENTED_EDGE('',*,*,#3441,.T.);
#4495=ORIENTED_EDGE('',*,*,#3464,.F.);
#4496=ORIENTED_EDGE('',*,*,#3459,.T.);
#4497=ORIENTED_EDGE('',*,*,#3466,.T.);
#4498=ORIENTED_EDGE('',*,*,#3442,.T.);
#4499=ORIENTED_EDGE('',*,*,#3465,.F.);
#4500=ORIENTED_EDGE('',*,*,#3467,.T.);
#4501=ORIENTED_EDGE('',*,*,#3443,.T.);
#4502=ORIENTED_EDGE('',*,*,#3466,.F.);
#4503=ORIENTED_EDGE('',*,*,#3458,.F.);
#4504=ORIENTED_EDGE('',*,*,#3468,.T.);
#4505=ORIENTED_EDGE('',*,*,#3444,.T.);
#4506=ORIENTED_EDGE('',*,*,#3467,.F.);
#4507=ORIENTED_EDGE('',*,*,#3457,.F.);
#4508=ORIENTED_EDGE('',*,*,#3456,.F.);
#4509=ORIENTED_EDGE('',*,*,#3450,.T.);
#4510=ORIENTED_EDGE('',*,*,#3445,.T.);
#4511=ORIENTED_EDGE('',*,*,#3468,.F.);
#4512=ORIENTED_EDGE('',*,*,#3469,.T.);
#4513=ORIENTED_EDGE('',*,*,#3470,.T.);
#4514=ORIENTED_EDGE('',*,*,#3471,.F.);
#4515=ORIENTED_EDGE('',*,*,#3472,.F.);
#4516=ORIENTED_EDGE('',*,*,#3473,.F.);
#4517=ORIENTED_EDGE('',*,*,#3474,.F.);
#4518=ORIENTED_EDGE('',*,*,#3475,.T.);
#4519=ORIENTED_EDGE('',*,*,#3476,.T.);
#4520=ORIENTED_EDGE('',*,*,#3477,.T.);
#4521=ORIENTED_EDGE('',*,*,#3478,.F.);
#4522=ORIENTED_EDGE('',*,*,#3479,.F.);
#4523=ORIENTED_EDGE('',*,*,#3480,.T.);
#4524=ORIENTED_EDGE('',*,*,#3481,.F.);
#4525=ORIENTED_EDGE('',*,*,#3482,.T.);
#4526=ORIENTED_EDGE('',*,*,#3483,.T.);
#4527=ORIENTED_EDGE('',*,*,#3484,.T.);
#4528=ORIENTED_EDGE('',*,*,#3485,.F.);
#4529=ORIENTED_EDGE('',*,*,#3486,.F.);
#4530=ORIENTED_EDGE('',*,*,#3487,.T.);
#4531=ORIENTED_EDGE('',*,*,#3477,.F.);
#4532=ORIENTED_EDGE('',*,*,#3488,.T.);
#4533=ORIENTED_EDGE('',*,*,#3489,.T.);
#4534=ORIENTED_EDGE('',*,*,#3490,.F.);
#4535=ORIENTED_EDGE('',*,*,#3491,.F.);
#4536=ORIENTED_EDGE('',*,*,#3492,.T.);
#4537=ORIENTED_EDGE('',*,*,#3472,.T.);
#4538=ORIENTED_EDGE('',*,*,#3493,.F.);
#4539=ORIENTED_EDGE('',*,*,#3494,.F.);
#4540=ORIENTED_EDGE('',*,*,#3495,.F.);
#4541=ORIENTED_EDGE('',*,*,#3482,.F.);
#4542=ORIENTED_EDGE('',*,*,#3496,.T.);
#4543=ORIENTED_EDGE('',*,*,#3481,.T.);
#4544=ORIENTED_EDGE('',*,*,#3497,.F.);
#4545=ORIENTED_EDGE('',*,*,#3374,.T.);
#4546=ORIENTED_EDGE('',*,*,#3403,.T.);
#4547=ORIENTED_EDGE('',*,*,#3498,.T.);
#4548=ORIENTED_EDGE('',*,*,#3499,.T.);
#4549=ORIENTED_EDGE('',*,*,#3500,.T.);
#4550=ORIENTED_EDGE('',*,*,#3501,.T.);
#4551=ORIENTED_EDGE('',*,*,#3432,.F.);
#4552=ORIENTED_EDGE('',*,*,#3452,.T.);
#4553=ORIENTED_EDGE('',*,*,#3502,.F.);
#4554=ORIENTED_EDGE('',*,*,#3361,.T.);
#4555=ORIENTED_EDGE('',*,*,#3503,.T.);
#4556=ORIENTED_EDGE('',*,*,#3504,.T.);
#4557=ORIENTED_EDGE('',*,*,#3505,.F.);
#4558=ORIENTED_EDGE('',*,*,#3506,.T.);
#4559=ORIENTED_EDGE('',*,*,#3507,.F.);
#4560=ORIENTED_EDGE('',*,*,#3508,.T.);
#4561=ORIENTED_EDGE('',*,*,#3509,.T.);
#4562=ORIENTED_EDGE('',*,*,#3510,.F.);
#4563=ORIENTED_EDGE('',*,*,#3396,.F.);
#4564=ORIENTED_EDGE('',*,*,#3511,.T.);
#4565=ORIENTED_EDGE('',*,*,#3512,.F.);
#4566=ORIENTED_EDGE('',*,*,#3513,.F.);
#4567=ORIENTED_EDGE('',*,*,#3514,.T.);
#4568=ORIENTED_EDGE('',*,*,#3515,.T.);
#4569=ORIENTED_EDGE('',*,*,#3516,.T.);
#4570=ORIENTED_EDGE('',*,*,#3517,.F.);
#4571=ORIENTED_EDGE('',*,*,#3518,.T.);
#4572=ORIENTED_EDGE('',*,*,#3519,.F.);
#4573=ORIENTED_EDGE('',*,*,#3520,.T.);
#4574=ORIENTED_EDGE('',*,*,#3521,.F.);
#4575=ORIENTED_EDGE('',*,*,#3522,.F.);
#4576=ORIENTED_EDGE('',*,*,#3523,.T.);
#4577=ORIENTED_EDGE('',*,*,#3524,.T.);
#4578=ORIENTED_EDGE('',*,*,#3525,.F.);
#4579=ORIENTED_EDGE('',*,*,#3526,.F.);
#4580=ORIENTED_EDGE('',*,*,#3527,.T.);
#4581=ORIENTED_EDGE('',*,*,#3528,.F.);
#4582=ORIENTED_EDGE('',*,*,#3529,.F.);
#4583=ORIENTED_EDGE('',*,*,#3530,.T.);
#4584=ORIENTED_EDGE('',*,*,#3531,.T.);
#4585=ORIENTED_EDGE('',*,*,#3523,.F.);
#4586=ORIENTED_EDGE('',*,*,#3532,.F.);
#4587=ORIENTED_EDGE('',*,*,#3375,.F.);
#4588=ORIENTED_EDGE('',*,*,#3497,.T.);
#4589=ORIENTED_EDGE('',*,*,#3480,.F.);
#4590=ORIENTED_EDGE('',*,*,#3533,.T.);
#4591=ORIENTED_EDGE('',*,*,#3534,.T.);
#4592=ORIENTED_EDGE('',*,*,#3535,.F.);
#4593=ORIENTED_EDGE('',*,*,#3536,.T.);
#4594=ORIENTED_EDGE('',*,*,#3531,.F.);
#4595=ORIENTED_EDGE('',*,*,#3479,.T.);
#4596=ORIENTED_EDGE('',*,*,#3495,.T.);
#4597=ORIENTED_EDGE('',*,*,#3537,.T.);
#4598=ORIENTED_EDGE('',*,*,#3538,.F.);
#4599=ORIENTED_EDGE('',*,*,#3416,.F.);
#4600=ORIENTED_EDGE('',*,*,#3539,.F.);
#4601=ORIENTED_EDGE('',*,*,#3422,.T.);
#4602=ORIENTED_EDGE('',*,*,#3359,.F.);
#4603=ORIENTED_EDGE('',*,*,#3406,.F.);
#4604=ORIENTED_EDGE('',*,*,#3345,.F.);
#4605=ORIENTED_EDGE('',*,*,#3348,.F.);
#4606=ORIENTED_EDGE('',*,*,#3540,.F.);
#4607=ORIENTED_EDGE('',*,*,#3409,.T.);
#4608=ORIENTED_EDGE('',*,*,#3421,.T.);
#4609=ORIENTED_EDGE('',*,*,#3429,.F.);
#4610=ORIENTED_EDGE('',*,*,#3540,.T.);
#4611=ORIENTED_EDGE('',*,*,#3428,.T.);
#4612=ORIENTED_EDGE('',*,*,#3541,.F.);
#4613=ORIENTED_EDGE('',*,*,#3410,.F.);
#4614=ORIENTED_EDGE('',*,*,#3541,.T.);
#4615=ORIENTED_EDGE('',*,*,#3427,.F.);
#4616=ORIENTED_EDGE('',*,*,#3542,.T.);
#4617=ORIENTED_EDGE('',*,*,#3411,.T.);
#4618=ORIENTED_EDGE('',*,*,#3543,.F.);
#4619=ORIENTED_EDGE('',*,*,#3412,.F.);
#4620=ORIENTED_EDGE('',*,*,#3542,.F.);
#4621=ORIENTED_EDGE('',*,*,#3426,.T.);
#4622=ORIENTED_EDGE('',*,*,#3543,.T.);
#4623=ORIENTED_EDGE('',*,*,#3425,.F.);
#4624=ORIENTED_EDGE('',*,*,#3544,.F.);
#4625=ORIENTED_EDGE('',*,*,#3413,.T.);
#4626=ORIENTED_EDGE('',*,*,#3544,.T.);
#4627=ORIENTED_EDGE('',*,*,#3424,.F.);
#4628=ORIENTED_EDGE('',*,*,#3545,.F.);
#4629=ORIENTED_EDGE('',*,*,#3414,.T.);
#4630=ORIENTED_EDGE('',*,*,#3545,.T.);
#4631=ORIENTED_EDGE('',*,*,#3423,.F.);
#4632=ORIENTED_EDGE('',*,*,#3539,.T.);
#4633=ORIENTED_EDGE('',*,*,#3415,.T.);
#4634=ORIENTED_EDGE('',*,*,#3394,.F.);
#4635=ORIENTED_EDGE('',*,*,#3380,.T.);
#4636=ORIENTED_EDGE('',*,*,#3546,.F.);
#4637=ORIENTED_EDGE('',*,*,#3547,.F.);
#4638=ORIENTED_EDGE('',*,*,#3548,.F.);
#4639=ORIENTED_EDGE('',*,*,#3549,.T.);
#4640=ORIENTED_EDGE('',*,*,#3550,.T.);
#4641=ORIENTED_EDGE('',*,*,#3527,.F.);
#4642=ORIENTED_EDGE('',*,*,#3551,.T.);
#4643=ORIENTED_EDGE('',*,*,#3478,.T.);
#4644=ORIENTED_EDGE('',*,*,#3552,.T.);
#4645=ORIENTED_EDGE('',*,*,#3553,.F.);
#4646=ORIENTED_EDGE('',*,*,#3554,.F.);
#4647=ORIENTED_EDGE('',*,*,#3385,.T.);
#4648=ORIENTED_EDGE('',*,*,#3555,.T.);
#4649=ORIENTED_EDGE('',*,*,#3512,.T.);
#4650=ORIENTED_EDGE('',*,*,#3556,.F.);
#4651=ORIENTED_EDGE('',*,*,#3524,.F.);
#4652=ORIENTED_EDGE('',*,*,#3537,.F.);
#4653=ORIENTED_EDGE('',*,*,#3494,.T.);
#4654=ORIENTED_EDGE('',*,*,#3557,.T.);
#4655=ORIENTED_EDGE('',*,*,#3558,.T.);
#4656=ORIENTED_EDGE('',*,*,#3559,.F.);
#4657=ORIENTED_EDGE('',*,*,#3560,.T.);
#4658=ORIENTED_EDGE('',*,*,#3525,.T.);
#4659=ORIENTED_EDGE('',*,*,#3558,.F.);
#4660=ORIENTED_EDGE('',*,*,#3561,.F.);
#4661=ORIENTED_EDGE('',*,*,#3562,.F.);
#4662=ORIENTED_EDGE('',*,*,#3563,.T.);
#4663=ORIENTED_EDGE('',*,*,#3564,.F.);
#4664=ORIENTED_EDGE('',*,*,#3565,.F.);
#4665=ORIENTED_EDGE('',*,*,#3566,.F.);
#4666=ORIENTED_EDGE('',*,*,#3567,.T.);
#4667=ORIENTED_EDGE('',*,*,#3568,.F.);
#4668=ORIENTED_EDGE('',*,*,#3569,.T.);
#4669=ORIENTED_EDGE('',*,*,#3568,.T.);
#4670=ORIENTED_EDGE('',*,*,#3570,.F.);
#4671=ORIENTED_EDGE('',*,*,#3571,.F.);
#4672=ORIENTED_EDGE('',*,*,#3572,.T.);
#4673=ORIENTED_EDGE('',*,*,#3571,.T.);
#4674=ORIENTED_EDGE('',*,*,#3573,.F.);
#4675=ORIENTED_EDGE('',*,*,#3574,.F.);
#4676=ORIENTED_EDGE('',*,*,#3575,.F.);
#4677=ORIENTED_EDGE('',*,*,#3574,.T.);
#4678=ORIENTED_EDGE('',*,*,#3576,.T.);
#4679=ORIENTED_EDGE('',*,*,#3577,.T.);
#4680=ORIENTED_EDGE('',*,*,#3578,.T.);
#4681=ORIENTED_EDGE('',*,*,#3577,.F.);
#4682=ORIENTED_EDGE('',*,*,#3579,.F.);
#4683=ORIENTED_EDGE('',*,*,#3580,.F.);
#4684=ORIENTED_EDGE('',*,*,#3581,.F.);
#4685=ORIENTED_EDGE('',*,*,#3580,.T.);
#4686=ORIENTED_EDGE('',*,*,#3582,.T.);
#4687=ORIENTED_EDGE('',*,*,#3583,.F.);
#4688=ORIENTED_EDGE('',*,*,#3584,.T.);
#4689=ORIENTED_EDGE('',*,*,#3583,.T.);
#4690=ORIENTED_EDGE('',*,*,#3585,.F.);
#4691=ORIENTED_EDGE('',*,*,#3586,.F.);
#4692=ORIENTED_EDGE('',*,*,#3587,.T.);
#4693=ORIENTED_EDGE('',*,*,#3586,.T.);
#4694=ORIENTED_EDGE('',*,*,#3588,.F.);
#4695=ORIENTED_EDGE('',*,*,#3589,.F.);
#4696=ORIENTED_EDGE('',*,*,#3590,.T.);
#4697=ORIENTED_EDGE('',*,*,#3589,.T.);
#4698=ORIENTED_EDGE('',*,*,#3591,.F.);
#4699=ORIENTED_EDGE('',*,*,#3592,.T.);
#4700=ORIENTED_EDGE('',*,*,#3593,.F.);
#4701=ORIENTED_EDGE('',*,*,#3592,.F.);
#4702=ORIENTED_EDGE('',*,*,#3594,.T.);
#4703=ORIENTED_EDGE('',*,*,#3595,.T.);
#4704=ORIENTED_EDGE('',*,*,#3596,.T.);
#4705=ORIENTED_EDGE('',*,*,#3595,.F.);
#4706=ORIENTED_EDGE('',*,*,#3597,.F.);
#4707=ORIENTED_EDGE('',*,*,#3598,.F.);
#4708=ORIENTED_EDGE('',*,*,#3599,.T.);
#4709=ORIENTED_EDGE('',*,*,#3598,.T.);
#4710=ORIENTED_EDGE('',*,*,#3600,.F.);
#4711=ORIENTED_EDGE('',*,*,#3601,.F.);
#4712=ORIENTED_EDGE('',*,*,#3602,.F.);
#4713=ORIENTED_EDGE('',*,*,#3601,.T.);
#4714=ORIENTED_EDGE('',*,*,#3603,.T.);
#4715=ORIENTED_EDGE('',*,*,#3604,.F.);
#4716=ORIENTED_EDGE('',*,*,#3605,.T.);
#4717=ORIENTED_EDGE('',*,*,#3606,.T.);
#4718=ORIENTED_EDGE('',*,*,#3607,.F.);
#4719=ORIENTED_EDGE('',*,*,#3566,.T.);
#4720=ORIENTED_EDGE('',*,*,#3608,.T.);
#4721=ORIENTED_EDGE('',*,*,#3604,.T.);
#4722=ORIENTED_EDGE('',*,*,#3609,.F.);
#4723=ORIENTED_EDGE('',*,*,#3564,.T.);
#4724=ORIENTED_EDGE('',*,*,#3603,.F.);
#4725=ORIENTED_EDGE('',*,*,#3600,.T.);
#4726=ORIENTED_EDGE('',*,*,#3597,.T.);
#4727=ORIENTED_EDGE('',*,*,#3594,.F.);
#4728=ORIENTED_EDGE('',*,*,#3591,.T.);
#4729=ORIENTED_EDGE('',*,*,#3588,.T.);
#4730=ORIENTED_EDGE('',*,*,#3585,.T.);
#4731=ORIENTED_EDGE('',*,*,#3582,.F.);
#4732=ORIENTED_EDGE('',*,*,#3579,.T.);
#4733=ORIENTED_EDGE('',*,*,#3576,.F.);
#4734=ORIENTED_EDGE('',*,*,#3573,.T.);
#4735=ORIENTED_EDGE('',*,*,#3570,.T.);
#4736=ORIENTED_EDGE('',*,*,#3567,.F.);
#4737=ORIENTED_EDGE('',*,*,#3607,.T.);
#4738=ORIENTED_EDGE('',*,*,#3610,.T.);
#4739=ORIENTED_EDGE('',*,*,#3611,.T.);
#4740=ORIENTED_EDGE('',*,*,#3561,.T.);
#4741=ORIENTED_EDGE('',*,*,#3609,.T.);
#4742=ORIENTED_EDGE('',*,*,#3605,.F.);
#4743=ORIENTED_EDGE('',*,*,#3565,.T.);
#4744=ORIENTED_EDGE('',*,*,#3569,.F.);
#4745=ORIENTED_EDGE('',*,*,#3572,.F.);
#4746=ORIENTED_EDGE('',*,*,#3575,.T.);
#4747=ORIENTED_EDGE('',*,*,#3578,.F.);
#4748=ORIENTED_EDGE('',*,*,#3581,.T.);
#4749=ORIENTED_EDGE('',*,*,#3584,.F.);
#4750=ORIENTED_EDGE('',*,*,#3587,.F.);
#4751=ORIENTED_EDGE('',*,*,#3590,.F.);
#4752=ORIENTED_EDGE('',*,*,#3593,.T.);
#4753=ORIENTED_EDGE('',*,*,#3596,.F.);
#4754=ORIENTED_EDGE('',*,*,#3599,.F.);
#4755=ORIENTED_EDGE('',*,*,#3602,.T.);
#4756=ORIENTED_EDGE('',*,*,#3608,.F.);
#4757=ORIENTED_EDGE('',*,*,#3563,.F.);
#4758=ORIENTED_EDGE('',*,*,#3612,.F.);
#4759=ORIENTED_EDGE('',*,*,#3613,.F.);
#4760=ORIENTED_EDGE('',*,*,#3612,.T.);
#4761=ORIENTED_EDGE('',*,*,#3562,.T.);
#4762=ORIENTED_EDGE('',*,*,#3611,.F.);
#4763=ORIENTED_EDGE('',*,*,#3614,.T.);
#4764=ORIENTED_EDGE('',*,*,#3610,.F.);
#4765=ORIENTED_EDGE('',*,*,#3606,.F.);
#4766=ORIENTED_EDGE('',*,*,#3613,.T.);
#4767=ORIENTED_EDGE('',*,*,#3614,.F.);
#4768=ORIENTED_EDGE('',*,*,#3404,.T.);
#4769=ORIENTED_EDGE('',*,*,#3372,.F.);
#4770=ORIENTED_EDGE('',*,*,#3532,.T.);
#4771=ORIENTED_EDGE('',*,*,#3526,.T.);
#4772=ORIENTED_EDGE('',*,*,#3560,.F.);
#4773=ORIENTED_EDGE('',*,*,#3615,.T.);
#4774=ORIENTED_EDGE('',*,*,#3401,.F.);
#4775=ORIENTED_EDGE('',*,*,#3616,.F.);
#4776=ORIENTED_EDGE('',*,*,#3617,.F.);
#4777=ORIENTED_EDGE('',*,*,#3618,.F.);
#4778=ORIENTED_EDGE('',*,*,#3619,.F.);
#4779=ORIENTED_EDGE('',*,*,#3620,.F.);
#4780=ORIENTED_EDGE('',*,*,#3621,.T.);
#4781=ORIENTED_EDGE('',*,*,#3617,.T.);
#4782=ORIENTED_EDGE('',*,*,#3622,.F.);
#4783=ORIENTED_EDGE('',*,*,#3435,.F.);
#4784=ORIENTED_EDGE('',*,*,#3623,.F.);
#4785=ORIENTED_EDGE('',*,*,#3620,.T.);
#4786=ORIENTED_EDGE('',*,*,#3619,.T.);
#4787=ORIENTED_EDGE('',*,*,#3616,.T.);
#4788=ORIENTED_EDGE('',*,*,#3400,.F.);
#4789=ORIENTED_EDGE('',*,*,#3419,.F.);
#4790=ORIENTED_EDGE('',*,*,#3436,.F.);
#4791=ORIENTED_EDGE('',*,*,#3622,.T.);
#4792=ORIENTED_EDGE('',*,*,#3624,.T.);
#4793=ORIENTED_EDGE('',*,*,#3625,.F.);
#4794=ORIENTED_EDGE('',*,*,#3500,.F.);
#4795=ORIENTED_EDGE('',*,*,#3364,.F.);
#4796=ORIENTED_EDGE('',*,*,#3501,.F.);
#4797=ORIENTED_EDGE('',*,*,#3625,.T.);
#4798=ORIENTED_EDGE('',*,*,#3626,.F.);
#4799=ORIENTED_EDGE('',*,*,#3433,.F.);
#4800=ORIENTED_EDGE('',*,*,#3627,.F.);
#4801=ORIENTED_EDGE('',*,*,#3628,.T.);
#4802=ORIENTED_EDGE('',*,*,#3629,.F.);
#4803=ORIENTED_EDGE('',*,*,#3630,.F.);
#4804=ORIENTED_EDGE('',*,*,#3631,.T.);
#4805=ORIENTED_EDGE('',*,*,#3632,.T.);
#4806=ORIENTED_EDGE('',*,*,#3633,.F.);
#4807=ORIENTED_EDGE('',*,*,#3634,.F.);
#4808=ORIENTED_EDGE('',*,*,#3635,.T.);
#4809=ORIENTED_EDGE('',*,*,#3636,.T.);
#4810=ORIENTED_EDGE('',*,*,#3637,.F.);
#4811=ORIENTED_EDGE('',*,*,#3638,.T.);
#4812=ORIENTED_EDGE('',*,*,#3639,.T.);
#4813=ORIENTED_EDGE('',*,*,#3640,.T.);
#4814=ORIENTED_EDGE('',*,*,#3641,.F.);
#4815=ORIENTED_EDGE('',*,*,#3642,.F.);
#4816=ORIENTED_EDGE('',*,*,#3505,.T.);
#4817=ORIENTED_EDGE('',*,*,#3643,.T.);
#4818=ORIENTED_EDGE('',*,*,#3483,.F.);
#4819=ORIENTED_EDGE('',*,*,#3644,.F.);
#4820=ORIENTED_EDGE('',*,*,#3645,.F.);
#4821=ORIENTED_EDGE('',*,*,#3646,.T.);
#4822=ORIENTED_EDGE('',*,*,#3647,.T.);
#4823=ORIENTED_EDGE('',*,*,#3648,.F.);
#4824=ORIENTED_EDGE('',*,*,#3649,.F.);
#4825=ORIENTED_EDGE('',*,*,#3650,.T.);
#4826=ORIENTED_EDGE('',*,*,#3651,.F.);
#4827=ORIENTED_EDGE('',*,*,#3652,.F.);
#4828=ORIENTED_EDGE('',*,*,#3653,.F.);
#4829=ORIENTED_EDGE('',*,*,#3654,.T.);
#4830=ORIENTED_EDGE('',*,*,#3655,.F.);
#4831=ORIENTED_EDGE('',*,*,#3656,.T.);
#4832=ORIENTED_EDGE('',*,*,#3657,.F.);
#4833=ORIENTED_EDGE('',*,*,#3658,.T.);
#4834=ORIENTED_EDGE('',*,*,#3659,.F.);
#4835=ORIENTED_EDGE('',*,*,#3660,.T.);
#4836=ORIENTED_EDGE('',*,*,#3661,.F.);
#4837=ORIENTED_EDGE('',*,*,#3662,.T.);
#4838=ORIENTED_EDGE('',*,*,#3663,.F.);
#4839=ORIENTED_EDGE('',*,*,#3664,.T.);
#4840=ORIENTED_EDGE('',*,*,#3665,.F.);
#4841=ORIENTED_EDGE('',*,*,#3666,.T.);
#4842=ORIENTED_EDGE('',*,*,#3667,.F.);
#4843=ORIENTED_EDGE('',*,*,#3668,.T.);
#4844=ORIENTED_EDGE('',*,*,#3669,.F.);
#4845=ORIENTED_EDGE('',*,*,#3670,.T.);
#4846=ORIENTED_EDGE('',*,*,#3671,.F.);
#4847=ORIENTED_EDGE('',*,*,#3672,.T.);
#4848=ORIENTED_EDGE('',*,*,#3673,.F.);
#4849=ORIENTED_EDGE('',*,*,#3674,.T.);
#4850=ORIENTED_EDGE('',*,*,#3675,.F.);
#4851=ORIENTED_EDGE('',*,*,#3676,.T.);
#4852=ORIENTED_EDGE('',*,*,#3677,.F.);
#4853=ORIENTED_EDGE('',*,*,#3678,.T.);
#4854=ORIENTED_EDGE('',*,*,#3679,.F.);
#4855=ORIENTED_EDGE('',*,*,#3680,.T.);
#4856=ORIENTED_EDGE('',*,*,#3681,.F.);
#4857=ORIENTED_EDGE('',*,*,#3682,.T.);
#4858=ORIENTED_EDGE('',*,*,#3683,.F.);
#4859=ORIENTED_EDGE('',*,*,#3684,.T.);
#4860=ORIENTED_EDGE('',*,*,#3685,.F.);
#4861=ORIENTED_EDGE('',*,*,#3686,.T.);
#4862=ORIENTED_EDGE('',*,*,#3687,.F.);
#4863=ORIENTED_EDGE('',*,*,#3688,.T.);
#4864=ORIENTED_EDGE('',*,*,#3689,.F.);
#4865=ORIENTED_EDGE('',*,*,#3690,.T.);
#4866=ORIENTED_EDGE('',*,*,#3691,.F.);
#4867=ORIENTED_EDGE('',*,*,#3692,.T.);
#4868=ORIENTED_EDGE('',*,*,#3693,.F.);
#4869=ORIENTED_EDGE('',*,*,#3694,.T.);
#4870=ORIENTED_EDGE('',*,*,#3695,.F.);
#4871=ORIENTED_EDGE('',*,*,#3696,.T.);
#4872=ORIENTED_EDGE('',*,*,#3697,.F.);
#4873=ORIENTED_EDGE('',*,*,#3698,.T.);
#4874=ORIENTED_EDGE('',*,*,#3699,.F.);
#4875=ORIENTED_EDGE('',*,*,#3700,.T.);
#4876=ORIENTED_EDGE('',*,*,#3503,.F.);
#4877=ORIENTED_EDGE('',*,*,#3701,.T.);
#4878=ORIENTED_EDGE('',*,*,#3702,.F.);
#4879=ORIENTED_EDGE('',*,*,#3447,.F.);
#4880=ORIENTED_EDGE('',*,*,#3449,.F.);
#4881=ORIENTED_EDGE('',*,*,#3455,.T.);
#4882=ORIENTED_EDGE('',*,*,#3437,.F.);
#4883=ORIENTED_EDGE('',*,*,#3417,.F.);
#4884=ORIENTED_EDGE('',*,*,#3538,.T.);
#4885=ORIENTED_EDGE('',*,*,#3430,.T.);
#4886=ORIENTED_EDGE('',*,*,#3407,.F.);
#4887=ORIENTED_EDGE('',*,*,#3358,.F.);
#4888=ORIENTED_EDGE('',*,*,#3703,.T.);
#4889=ORIENTED_EDGE('',*,*,#3704,.F.);
#4890=ORIENTED_EDGE('',*,*,#3705,.F.);
#4891=ORIENTED_EDGE('',*,*,#3706,.T.);
#4892=ORIENTED_EDGE('',*,*,#3707,.F.);
#4893=ORIENTED_EDGE('',*,*,#3708,.F.);
#4894=ORIENTED_EDGE('',*,*,#3709,.F.);
#4895=ORIENTED_EDGE('',*,*,#3710,.T.);
#4896=ORIENTED_EDGE('',*,*,#3513,.T.);
#4897=ORIENTED_EDGE('',*,*,#3555,.F.);
#4898=ORIENTED_EDGE('',*,*,#3384,.T.);
#4899=ORIENTED_EDGE('',*,*,#3711,.F.);
#4900=ORIENTED_EDGE('',*,*,#3534,.F.);
#4901=ORIENTED_EDGE('',*,*,#3712,.F.);
#4902=ORIENTED_EDGE('',*,*,#3484,.F.);
#4903=ORIENTED_EDGE('',*,*,#3643,.F.);
#4904=ORIENTED_EDGE('',*,*,#3504,.F.);
#4905=ORIENTED_EDGE('',*,*,#3700,.F.);
#4906=ORIENTED_EDGE('',*,*,#3713,.T.);
#4907=ORIENTED_EDGE('',*,*,#3510,.T.);
#4908=ORIENTED_EDGE('',*,*,#3714,.F.);
#4909=ORIENTED_EDGE('',*,*,#3715,.F.);
#4910=ORIENTED_EDGE('',*,*,#3716,.T.);
#4911=ORIENTED_EDGE('',*,*,#3376,.F.);
#4912=ORIENTED_EDGE('',*,*,#3717,.T.);
#4913=ORIENTED_EDGE('',*,*,#3718,.T.);
#4914=ORIENTED_EDGE('',*,*,#3350,.F.);
#4915=ORIENTED_EDGE('',*,*,#3719,.T.);
#4916=ORIENTED_EDGE('',*,*,#3720,.T.);
#4917=ORIENTED_EDGE('',*,*,#3721,.F.);
#4918=ORIENTED_EDGE('',*,*,#3722,.F.);
#4919=ORIENTED_EDGE('',*,*,#3723,.T.);
#4920=ORIENTED_EDGE('',*,*,#3724,.T.);
#4921=ORIENTED_EDGE('',*,*,#3725,.F.);
#4922=ORIENTED_EDGE('',*,*,#3726,.F.);
#4923=ORIENTED_EDGE('',*,*,#3727,.T.);
#4924=ORIENTED_EDGE('',*,*,#3728,.T.);
#4925=ORIENTED_EDGE('',*,*,#3729,.F.);
#4926=ORIENTED_EDGE('',*,*,#3730,.F.);
#4927=ORIENTED_EDGE('',*,*,#3729,.T.);
#4928=ORIENTED_EDGE('',*,*,#3731,.T.);
#4929=ORIENTED_EDGE('',*,*,#3732,.F.);
#4930=ORIENTED_EDGE('',*,*,#3733,.F.);
#4931=ORIENTED_EDGE('',*,*,#3697,.T.);
#4932=ORIENTED_EDGE('',*,*,#3734,.T.);
#4933=ORIENTED_EDGE('',*,*,#3727,.F.);
#4934=ORIENTED_EDGE('',*,*,#3735,.T.);
#4935=ORIENTED_EDGE('',*,*,#3736,.T.);
#4936=ORIENTED_EDGE('',*,*,#3737,.T.);
#4937=ORIENTED_EDGE('',*,*,#3738,.T.);
#4938=ORIENTED_EDGE('',*,*,#3739,.F.);
#4939=ORIENTED_EDGE('',*,*,#3740,.T.);
#4940=ORIENTED_EDGE('',*,*,#3741,.F.);
#4941=ORIENTED_EDGE('',*,*,#3736,.F.);
#4942=ORIENTED_EDGE('',*,*,#3742,.T.);
#4943=ORIENTED_EDGE('',*,*,#3743,.F.);
#4944=ORIENTED_EDGE('',*,*,#3744,.T.);
#4945=ORIENTED_EDGE('',*,*,#3745,.T.);
#4946=ORIENTED_EDGE('',*,*,#3740,.F.);
#4947=ORIENTED_EDGE('',*,*,#3746,.F.);
#4948=ORIENTED_EDGE('',*,*,#3747,.F.);
#4949=ORIENTED_EDGE('',*,*,#3748,.F.);
#4950=ORIENTED_EDGE('',*,*,#3749,.T.);
#4951=ORIENTED_EDGE('',*,*,#3681,.T.);
#4952=ORIENTED_EDGE('',*,*,#3750,.T.);
#4953=ORIENTED_EDGE('',*,*,#3751,.F.);
#4954=ORIENTED_EDGE('',*,*,#3752,.T.);
#4955=ORIENTED_EDGE('',*,*,#3633,.T.);
#4956=ORIENTED_EDGE('',*,*,#3753,.T.);
#4957=ORIENTED_EDGE('',*,*,#3754,.F.);
#4958=ORIENTED_EDGE('',*,*,#3755,.F.);
#4959=ORIENTED_EDGE('',*,*,#3756,.T.);
#4960=ORIENTED_EDGE('',*,*,#3370,.T.);
#4961=ORIENTED_EDGE('',*,*,#3757,.T.);
#4962=ORIENTED_EDGE('',*,*,#3758,.F.);
#4963=ORIENTED_EDGE('',*,*,#3754,.T.);
#4964=ORIENTED_EDGE('',*,*,#3759,.T.);
#4965=ORIENTED_EDGE('',*,*,#3760,.F.);
#4966=ORIENTED_EDGE('',*,*,#3761,.F.);
#4967=ORIENTED_EDGE('',*,*,#3377,.T.);
#4968=ORIENTED_EDGE('',*,*,#3354,.T.);
#4969=ORIENTED_EDGE('',*,*,#3762,.T.);
#4970=ORIENTED_EDGE('',*,*,#3763,.F.);
#4971=ORIENTED_EDGE('',*,*,#3764,.F.);
#4972=ORIENTED_EDGE('',*,*,#3535,.T.);
#4973=ORIENTED_EDGE('',*,*,#3711,.T.);
#4974=ORIENTED_EDGE('',*,*,#3383,.F.);
#4975=ORIENTED_EDGE('',*,*,#3485,.T.);
#4976=ORIENTED_EDGE('',*,*,#3712,.T.);
#4977=ORIENTED_EDGE('',*,*,#3533,.F.);
#4978=ORIENTED_EDGE('',*,*,#3765,.F.);
#4979=ORIENTED_EDGE('',*,*,#3766,.F.);
#4980=ORIENTED_EDGE('',*,*,#3767,.T.);
#4981=ORIENTED_EDGE('',*,*,#3768,.T.);
#4982=ORIENTED_EDGE('',*,*,#3470,.F.);
#4983=ORIENTED_EDGE('',*,*,#3769,.T.);
#4984=ORIENTED_EDGE('',*,*,#3770,.T.);
#4985=ORIENTED_EDGE('',*,*,#3549,.F.);
#4986=ORIENTED_EDGE('',*,*,#3771,.T.);
#4987=ORIENTED_EDGE('',*,*,#3772,.T.);
#4988=ORIENTED_EDGE('',*,*,#3773,.T.);
#4989=ORIENTED_EDGE('',*,*,#3388,.F.);
#4990=ORIENTED_EDGE('',*,*,#3774,.T.);
#4991=ORIENTED_EDGE('',*,*,#3529,.T.);
#4992=ORIENTED_EDGE('',*,*,#3775,.T.);
#4993=ORIENTED_EDGE('',*,*,#3776,.T.);
#4994=ORIENTED_EDGE('',*,*,#3777,.F.);
#4995=ORIENTED_EDGE('',*,*,#3778,.F.);
#4996=ORIENTED_EDGE('',*,*,#3701,.F.);
#4997=ORIENTED_EDGE('',*,*,#3506,.F.);
#4998=ORIENTED_EDGE('',*,*,#3644,.T.);
#4999=ORIENTED_EDGE('',*,*,#3486,.T.);
#5000=ORIENTED_EDGE('',*,*,#3765,.T.);
#5001=ORIENTED_EDGE('',*,*,#3536,.F.);
#5002=ORIENTED_EDGE('',*,*,#3764,.T.);
#5003=ORIENTED_EDGE('',*,*,#3386,.F.);
#5004=ORIENTED_EDGE('',*,*,#3556,.T.);
#5005=ORIENTED_EDGE('',*,*,#3511,.F.);
#5006=ORIENTED_EDGE('',*,*,#3778,.T.);
#5007=ORIENTED_EDGE('',*,*,#3395,.T.);
#5008=ORIENTED_EDGE('',*,*,#3547,.T.);
#5009=ORIENTED_EDGE('',*,*,#3779,.F.);
#5010=ORIENTED_EDGE('',*,*,#3362,.T.);
#5011=ORIENTED_EDGE('',*,*,#3502,.T.);
#5012=ORIENTED_EDGE('',*,*,#3448,.T.);
#5013=ORIENTED_EDGE('',*,*,#3702,.T.);
#5014=ORIENTED_EDGE('',*,*,#3693,.T.);
#5015=ORIENTED_EDGE('',*,*,#3780,.T.);
#5016=ORIENTED_EDGE('',*,*,#3631,.F.);
#5017=ORIENTED_EDGE('',*,*,#3781,.T.);
#5018=ORIENTED_EDGE('',*,*,#3718,.F.);
#5019=ORIENTED_EDGE('',*,*,#3782,.T.);
#5020=ORIENTED_EDGE('',*,*,#3783,.F.);
#5021=ORIENTED_EDGE('',*,*,#3784,.T.);
#5022=ORIENTED_EDGE('',*,*,#3355,.T.);
#5023=ORIENTED_EDGE('',*,*,#3351,.F.);
#5024=ORIENTED_EDGE('',*,*,#3715,.T.);
#5025=ORIENTED_EDGE('',*,*,#3785,.T.);
#5026=ORIENTED_EDGE('',*,*,#3786,.T.);
#5027=ORIENTED_EDGE('',*,*,#3787,.F.);
#5028=ORIENTED_EDGE('',*,*,#3788,.F.);
#5029=ORIENTED_EDGE('',*,*,#3789,.F.);
#5030=ORIENTED_EDGE('',*,*,#3790,.F.);
#5031=ORIENTED_EDGE('',*,*,#3791,.T.);
#5032=ORIENTED_EDGE('',*,*,#3398,.F.);
#5033=ORIENTED_EDGE('',*,*,#3792,.F.);
#5034=ORIENTED_EDGE('',*,*,#3793,.F.);
#5035=ORIENTED_EDGE('',*,*,#3382,.T.);
#5036=ORIENTED_EDGE('',*,*,#3768,.F.);
#5037=ORIENTED_EDGE('',*,*,#3794,.F.);
#5038=ORIENTED_EDGE('',*,*,#3490,.T.);
#5039=ORIENTED_EDGE('',*,*,#3471,.T.);
#5040=ORIENTED_EDGE('',*,*,#3760,.T.);
#5041=ORIENTED_EDGE('',*,*,#3795,.T.);
#5042=ORIENTED_EDGE('',*,*,#3744,.F.);
#5043=ORIENTED_EDGE('',*,*,#3796,.T.);
#5044=ORIENTED_EDGE('',*,*,#3766,.T.);
#5045=ORIENTED_EDGE('',*,*,#3469,.F.);
#5046=ORIENTED_EDGE('',*,*,#3551,.F.);
#5047=ORIENTED_EDGE('',*,*,#3797,.T.);
#5048=ORIENTED_EDGE('',*,*,#3514,.F.);
#5049=ORIENTED_EDGE('',*,*,#3798,.T.);
#5050=ORIENTED_EDGE('',*,*,#3799,.T.);
#5051=ORIENTED_EDGE('',*,*,#3800,.T.);
#5052=ORIENTED_EDGE('',*,*,#3769,.F.);
#5053=ORIENTED_EDGE('',*,*,#3801,.F.);
#5054=ORIENTED_EDGE('',*,*,#3798,.F.);
#5055=ORIENTED_EDGE('',*,*,#3518,.F.);
#5056=ORIENTED_EDGE('',*,*,#3489,.F.);
#5057=ORIENTED_EDGE('',*,*,#3802,.T.);
#5058=ORIENTED_EDGE('',*,*,#3803,.F.);
#5059=ORIENTED_EDGE('',*,*,#3804,.T.);
#5060=ORIENTED_EDGE('',*,*,#3805,.T.);
#5061=ORIENTED_EDGE('',*,*,#3491,.T.);
#5062=ORIENTED_EDGE('',*,*,#3794,.T.);
#5063=ORIENTED_EDGE('',*,*,#3767,.F.);
#5064=ORIENTED_EDGE('',*,*,#3784,.F.);
#5065=ORIENTED_EDGE('',*,*,#3806,.F.);
#5066=ORIENTED_EDGE('',*,*,#3807,.T.);
#5067=ORIENTED_EDGE('',*,*,#3356,.T.);
#5068=ORIENTED_EDGE('',*,*,#3488,.F.);
#5069=ORIENTED_EDGE('',*,*,#3476,.F.);
#5070=ORIENTED_EDGE('',*,*,#3808,.F.);
#5071=ORIENTED_EDGE('',*,*,#3802,.F.);
#5072=ORIENTED_EDGE('',*,*,#3689,.T.);
#5073=ORIENTED_EDGE('',*,*,#3809,.T.);
#5074=ORIENTED_EDGE('',*,*,#3810,.F.);
#5075=ORIENTED_EDGE('',*,*,#3811,.T.);
#5076=ORIENTED_EDGE('',*,*,#3812,.F.);
#5077=ORIENTED_EDGE('',*,*,#3803,.T.);
#5078=ORIENTED_EDGE('',*,*,#3808,.T.);
#5079=ORIENTED_EDGE('',*,*,#3475,.F.);
#5080=ORIENTED_EDGE('',*,*,#3721,.T.);
#5081=ORIENTED_EDGE('',*,*,#3813,.T.);
#5082=ORIENTED_EDGE('',*,*,#3635,.F.);
#5083=ORIENTED_EDGE('',*,*,#3814,.F.);
#5084=ORIENTED_EDGE('',*,*,#3810,.T.);
#5085=ORIENTED_EDGE('',*,*,#3815,.T.);
#5086=ORIENTED_EDGE('',*,*,#3719,.F.);
#5087=ORIENTED_EDGE('',*,*,#3816,.F.);
#5088=ORIENTED_EDGE('',*,*,#3685,.T.);
#5089=ORIENTED_EDGE('',*,*,#3817,.T.);
#5090=ORIENTED_EDGE('',*,*,#3639,.F.);
#5091=ORIENTED_EDGE('',*,*,#3818,.T.);
#5092=ORIENTED_EDGE('',*,*,#3487,.F.);
#5093=ORIENTED_EDGE('',*,*,#3517,.T.);
#5094=ORIENTED_EDGE('',*,*,#3819,.F.);
#5095=ORIENTED_EDGE('',*,*,#3552,.F.);
#5096=ORIENTED_EDGE('',*,*,#3751,.T.);
#5097=ORIENTED_EDGE('',*,*,#3820,.T.);
#5098=ORIENTED_EDGE('',*,*,#3821,.F.);
#5099=ORIENTED_EDGE('',*,*,#3822,.F.);
#5100=ORIENTED_EDGE('',*,*,#3705,.T.);
#5101=ORIENTED_EDGE('',*,*,#3823,.T.);
#5102=ORIENTED_EDGE('',*,*,#3824,.T.);
#5103=ORIENTED_EDGE('',*,*,#3825,.F.);
#5104=ORIENTED_EDGE('',*,*,#3367,.T.);
#5105=ORIENTED_EDGE('',*,*,#3826,.T.);
#5106=ORIENTED_EDGE('',*,*,#3827,.T.);
#5107=ORIENTED_EDGE('',*,*,#3828,.F.);
#5108=ORIENTED_EDGE('',*,*,#3732,.T.);
#5109=ORIENTED_EDGE('',*,*,#3829,.T.);
#5110=ORIENTED_EDGE('',*,*,#3772,.F.);
#5111=ORIENTED_EDGE('',*,*,#3830,.F.);
#5112=ORIENTED_EDGE('',*,*,#3831,.T.);
#5113=ORIENTED_EDGE('',*,*,#3832,.T.);
#5114=ORIENTED_EDGE('',*,*,#3833,.T.);
#5115=ORIENTED_EDGE('',*,*,#3834,.F.);
#5116=ORIENTED_EDGE('',*,*,#3792,.T.);
#5117=ORIENTED_EDGE('',*,*,#3397,.T.);
#5118=ORIENTED_EDGE('',*,*,#3713,.F.);
#5119=ORIENTED_EDGE('',*,*,#3699,.T.);
#5120=ORIENTED_EDGE('',*,*,#3831,.F.);
#5121=ORIENTED_EDGE('',*,*,#3698,.F.);
#5122=ORIENTED_EDGE('',*,*,#3735,.F.);
#5123=ORIENTED_EDGE('',*,*,#3730,.T.);
#5124=ORIENTED_EDGE('',*,*,#3733,.T.);
#5125=ORIENTED_EDGE('',*,*,#3830,.T.);
#5126=ORIENTED_EDGE('',*,*,#3774,.F.);
#5127=ORIENTED_EDGE('',*,*,#3387,.T.);
#5128=ORIENTED_EDGE('',*,*,#3368,.F.);
#5129=ORIENTED_EDGE('',*,*,#3828,.T.);
#5130=ORIENTED_EDGE('',*,*,#3835,.F.);
#5131=ORIENTED_EDGE('',*,*,#3836,.F.);
#5132=ORIENTED_EDGE('',*,*,#3835,.T.);
#5133=ORIENTED_EDGE('',*,*,#3827,.F.);
#5134=ORIENTED_EDGE('',*,*,#3837,.F.);
#5135=ORIENTED_EDGE('',*,*,#3837,.T.);
#5136=ORIENTED_EDGE('',*,*,#3826,.F.);
#5137=ORIENTED_EDGE('',*,*,#3366,.T.);
#5138=ORIENTED_EDGE('',*,*,#3389,.F.);
#5139=ORIENTED_EDGE('',*,*,#3773,.F.);
#5140=ORIENTED_EDGE('',*,*,#3829,.F.);
#5141=ORIENTED_EDGE('',*,*,#3731,.F.);
#5142=ORIENTED_EDGE('',*,*,#3728,.F.);
#5143=ORIENTED_EDGE('',*,*,#3734,.F.);
#5144=ORIENTED_EDGE('',*,*,#3696,.F.);
#5145=ORIENTED_EDGE('',*,*,#3838,.T.);
#5146=ORIENTED_EDGE('',*,*,#3839,.F.);
#5147=ORIENTED_EDGE('',*,*,#3840,.T.);
#5148=ORIENTED_EDGE('',*,*,#3841,.F.);
#5149=ORIENTED_EDGE('',*,*,#3833,.F.);
#5150=ORIENTED_EDGE('',*,*,#3842,.T.);
#5151=ORIENTED_EDGE('',*,*,#3839,.T.);
#5152=ORIENTED_EDGE('',*,*,#3832,.F.);
#5153=ORIENTED_EDGE('',*,*,#3836,.T.);
#5154=ORIENTED_EDGE('',*,*,#3843,.F.);
#5155=ORIENTED_EDGE('',*,*,#3844,.T.);
#5156=ORIENTED_EDGE('',*,*,#3845,.T.);
#5157=ORIENTED_EDGE('',*,*,#3840,.F.);
#5158=ORIENTED_EDGE('',*,*,#3842,.F.);
#5159=ORIENTED_EDGE('',*,*,#3846,.F.);
#5160=ORIENTED_EDGE('',*,*,#3844,.F.);
#5161=ORIENTED_EDGE('',*,*,#3847,.F.);
#5162=ORIENTED_EDGE('',*,*,#3848,.F.);
#5163=ORIENTED_EDGE('',*,*,#3846,.T.);
#5164=ORIENTED_EDGE('',*,*,#3849,.F.);
#5165=ORIENTED_EDGE('',*,*,#3850,.T.);
#5166=ORIENTED_EDGE('',*,*,#3851,.F.);
#5167=ORIENTED_EDGE('',*,*,#3852,.F.);
#5168=ORIENTED_EDGE('',*,*,#3853,.T.);
#5169=ORIENTED_EDGE('',*,*,#3850,.F.);
#5170=ORIENTED_EDGE('',*,*,#3854,.F.);
#5171=ORIENTED_EDGE('',*,*,#3749,.F.);
#5172=ORIENTED_EDGE('',*,*,#3854,.T.);
#5173=ORIENTED_EDGE('',*,*,#3849,.T.);
#5174=ORIENTED_EDGE('',*,*,#3855,.F.);
#5175=ORIENTED_EDGE('',*,*,#3856,.T.);
#5176=ORIENTED_EDGE('',*,*,#3857,.F.);
#5177=ORIENTED_EDGE('',*,*,#3746,.T.);
#5178=ORIENTED_EDGE('',*,*,#3858,.T.);
#5179=ORIENTED_EDGE('',*,*,#3855,.T.);
#5180=ORIENTED_EDGE('',*,*,#3852,.T.);
#5181=ORIENTED_EDGE('',*,*,#3859,.F.);
#5182=ORIENTED_EDGE('',*,*,#3847,.T.);
#5183=ORIENTED_EDGE('',*,*,#3843,.T.);
#5184=ORIENTED_EDGE('',*,*,#3838,.F.);
#5185=ORIENTED_EDGE('',*,*,#3695,.T.);
#5186=ORIENTED_EDGE('',*,*,#3856,.F.);
#5187=ORIENTED_EDGE('',*,*,#3860,.T.);
#5188=ORIENTED_EDGE('',*,*,#3738,.F.);
#5189=ORIENTED_EDGE('',*,*,#3861,.F.);
#5190=ORIENTED_EDGE('',*,*,#3858,.F.);
#5191=ORIENTED_EDGE('',*,*,#3694,.F.);
#5192=ORIENTED_EDGE('',*,*,#3781,.F.);
#5193=ORIENTED_EDGE('',*,*,#3634,.T.);
#5194=ORIENTED_EDGE('',*,*,#3755,.T.);
#5195=ORIENTED_EDGE('',*,*,#3761,.T.);
#5196=ORIENTED_EDGE('',*,*,#3796,.F.);
#5197=ORIENTED_EDGE('',*,*,#3743,.T.);
#5198=ORIENTED_EDGE('',*,*,#3742,.F.);
#5199=ORIENTED_EDGE('',*,*,#3739,.T.);
#5200=ORIENTED_EDGE('',*,*,#3860,.F.);
#5201=ORIENTED_EDGE('',*,*,#3861,.T.);
#5202=ORIENTED_EDGE('',*,*,#3737,.F.);
#5203=ORIENTED_EDGE('',*,*,#3741,.T.);
#5204=ORIENTED_EDGE('',*,*,#3745,.F.);
#5205=ORIENTED_EDGE('',*,*,#3795,.F.);
#5206=ORIENTED_EDGE('',*,*,#3759,.F.);
#5207=ORIENTED_EDGE('',*,*,#3753,.F.);
#5208=ORIENTED_EDGE('',*,*,#3632,.F.);
#5209=ORIENTED_EDGE('',*,*,#3780,.F.);
#5210=ORIENTED_EDGE('',*,*,#3692,.F.);
#5211=ORIENTED_EDGE('',*,*,#3862,.T.);
#5212=ORIENTED_EDGE('',*,*,#3863,.T.);
#5213=ORIENTED_EDGE('',*,*,#3864,.T.);
#5214=ORIENTED_EDGE('',*,*,#3865,.T.);
#5215=ORIENTED_EDGE('',*,*,#3866,.F.);
#5216=ORIENTED_EDGE('',*,*,#3747,.T.);
#5217=ORIENTED_EDGE('',*,*,#3857,.T.);
#5218=ORIENTED_EDGE('',*,*,#3862,.F.);
#5219=ORIENTED_EDGE('',*,*,#3691,.T.);
#5220=ORIENTED_EDGE('',*,*,#3863,.F.);
#5221=ORIENTED_EDGE('',*,*,#3690,.F.);
#5222=ORIENTED_EDGE('',*,*,#3811,.F.);
#5223=ORIENTED_EDGE('',*,*,#3816,.T.);
#5224=ORIENTED_EDGE('',*,*,#3722,.T.);
#5225=ORIENTED_EDGE('',*,*,#3814,.T.);
#5226=ORIENTED_EDGE('',*,*,#3638,.F.);
#5227=ORIENTED_EDGE('',*,*,#3867,.T.);
#5228=ORIENTED_EDGE('',*,*,#3706,.F.);
#5229=ORIENTED_EDGE('',*,*,#3825,.T.);
#5230=ORIENTED_EDGE('',*,*,#3868,.F.);
#5231=ORIENTED_EDGE('',*,*,#3869,.F.);
#5232=ORIENTED_EDGE('',*,*,#3868,.T.);
#5233=ORIENTED_EDGE('',*,*,#3824,.F.);
#5234=ORIENTED_EDGE('',*,*,#3870,.F.);
#5235=ORIENTED_EDGE('',*,*,#3870,.T.);
#5236=ORIENTED_EDGE('',*,*,#3823,.F.);
#5237=ORIENTED_EDGE('',*,*,#3704,.T.);
#5238=ORIENTED_EDGE('',*,*,#3871,.F.);
#5239=ORIENTED_EDGE('',*,*,#3636,.F.);
#5240=ORIENTED_EDGE('',*,*,#3813,.F.);
#5241=ORIENTED_EDGE('',*,*,#3720,.F.);
#5242=ORIENTED_EDGE('',*,*,#3815,.F.);
#5243=ORIENTED_EDGE('',*,*,#3809,.F.);
#5244=ORIENTED_EDGE('',*,*,#3688,.F.);
#5245=ORIENTED_EDGE('',*,*,#3872,.T.);
#5246=ORIENTED_EDGE('',*,*,#3873,.F.);
#5247=ORIENTED_EDGE('',*,*,#3874,.T.);
#5248=ORIENTED_EDGE('',*,*,#3875,.F.);
#5249=ORIENTED_EDGE('',*,*,#3865,.F.);
#5250=ORIENTED_EDGE('',*,*,#3876,.T.);
#5251=ORIENTED_EDGE('',*,*,#3873,.T.);
#5252=ORIENTED_EDGE('',*,*,#3864,.F.);
#5253=ORIENTED_EDGE('',*,*,#3869,.T.);
#5254=ORIENTED_EDGE('',*,*,#3877,.F.);
#5255=ORIENTED_EDGE('',*,*,#3878,.T.);
#5256=ORIENTED_EDGE('',*,*,#3879,.T.);
#5257=ORIENTED_EDGE('',*,*,#3874,.F.);
#5258=ORIENTED_EDGE('',*,*,#3876,.F.);
#5259=ORIENTED_EDGE('',*,*,#3880,.F.);
#5260=ORIENTED_EDGE('',*,*,#3878,.F.);
#5261=ORIENTED_EDGE('',*,*,#3881,.F.);
#5262=ORIENTED_EDGE('',*,*,#3882,.F.);
#5263=ORIENTED_EDGE('',*,*,#3880,.T.);
#5264=ORIENTED_EDGE('',*,*,#3883,.F.);
#5265=ORIENTED_EDGE('',*,*,#3884,.T.);
#5266=ORIENTED_EDGE('',*,*,#3885,.F.);
#5267=ORIENTED_EDGE('',*,*,#3886,.F.);
#5268=ORIENTED_EDGE('',*,*,#3887,.T.);
#5269=ORIENTED_EDGE('',*,*,#3884,.F.);
#5270=ORIENTED_EDGE('',*,*,#3888,.F.);
#5271=ORIENTED_EDGE('',*,*,#3710,.F.);
#5272=ORIENTED_EDGE('',*,*,#3888,.T.);
#5273=ORIENTED_EDGE('',*,*,#3883,.T.);
#5274=ORIENTED_EDGE('',*,*,#3889,.F.);
#5275=ORIENTED_EDGE('',*,*,#3890,.T.);
#5276=ORIENTED_EDGE('',*,*,#3891,.F.);
#5277=ORIENTED_EDGE('',*,*,#3707,.T.);
#5278=ORIENTED_EDGE('',*,*,#3892,.T.);
#5279=ORIENTED_EDGE('',*,*,#3889,.T.);
#5280=ORIENTED_EDGE('',*,*,#3886,.T.);
#5281=ORIENTED_EDGE('',*,*,#3893,.F.);
#5282=ORIENTED_EDGE('',*,*,#3881,.T.);
#5283=ORIENTED_EDGE('',*,*,#3877,.T.);
#5284=ORIENTED_EDGE('',*,*,#3872,.F.);
#5285=ORIENTED_EDGE('',*,*,#3687,.T.);
#5286=ORIENTED_EDGE('',*,*,#3894,.T.);
#5287=ORIENTED_EDGE('',*,*,#3785,.F.);
#5288=ORIENTED_EDGE('',*,*,#3714,.T.);
#5289=ORIENTED_EDGE('',*,*,#3509,.F.);
#5290=ORIENTED_EDGE('',*,*,#3895,.F.);
#5291=ORIENTED_EDGE('',*,*,#3724,.F.);
#5292=ORIENTED_EDGE('',*,*,#3896,.F.);
#5293=ORIENTED_EDGE('',*,*,#3640,.F.);
#5294=ORIENTED_EDGE('',*,*,#3817,.F.);
#5295=ORIENTED_EDGE('',*,*,#3684,.F.);
#5296=ORIENTED_EDGE('',*,*,#3897,.T.);
#5297=ORIENTED_EDGE('',*,*,#3890,.F.);
#5298=ORIENTED_EDGE('',*,*,#3898,.T.);
#5299=ORIENTED_EDGE('',*,*,#3786,.F.);
#5300=ORIENTED_EDGE('',*,*,#3894,.F.);
#5301=ORIENTED_EDGE('',*,*,#3892,.F.);
#5302=ORIENTED_EDGE('',*,*,#3686,.F.);
#5303=ORIENTED_EDGE('',*,*,#3818,.F.);
#5304=ORIENTED_EDGE('',*,*,#3642,.T.);
#5305=ORIENTED_EDGE('',*,*,#3899,.T.);
#5306=ORIENTED_EDGE('',*,*,#3726,.T.);
#5307=ORIENTED_EDGE('',*,*,#3900,.F.);
#5308=ORIENTED_EDGE('',*,*,#3507,.T.);
#5309=ORIENTED_EDGE('',*,*,#3716,.F.);
#5310=ORIENTED_EDGE('',*,*,#3787,.T.);
#5311=ORIENTED_EDGE('',*,*,#3898,.F.);
#5312=ORIENTED_EDGE('',*,*,#3901,.T.);
#5313=ORIENTED_EDGE('',*,*,#3902,.T.);
#5314=ORIENTED_EDGE('',*,*,#3903,.T.);
#5315=ORIENTED_EDGE('',*,*,#3904,.F.);
#5316=ORIENTED_EDGE('',*,*,#3708,.T.);
#5317=ORIENTED_EDGE('',*,*,#3891,.T.);
#5318=ORIENTED_EDGE('',*,*,#3897,.F.);
#5319=ORIENTED_EDGE('',*,*,#3683,.T.);
#5320=ORIENTED_EDGE('',*,*,#3901,.F.);
#5321=ORIENTED_EDGE('',*,*,#3682,.F.);
#5322=ORIENTED_EDGE('',*,*,#3752,.F.);
#5323=ORIENTED_EDGE('',*,*,#3822,.T.);
#5324=ORIENTED_EDGE('',*,*,#3905,.T.);
#5325=ORIENTED_EDGE('',*,*,#3801,.T.);
#5326=ORIENTED_EDGE('',*,*,#3771,.F.);
#5327=ORIENTED_EDGE('',*,*,#3548,.T.);
#5328=ORIENTED_EDGE('',*,*,#3530,.F.);
#5329=ORIENTED_EDGE('',*,*,#3777,.T.);
#5330=ORIENTED_EDGE('',*,*,#3906,.F.);
#5331=ORIENTED_EDGE('',*,*,#3907,.F.);
#5332=ORIENTED_EDGE('',*,*,#3906,.T.);
#5333=ORIENTED_EDGE('',*,*,#3776,.F.);
#5334=ORIENTED_EDGE('',*,*,#3908,.F.);
#5335=ORIENTED_EDGE('',*,*,#3908,.T.);
#5336=ORIENTED_EDGE('',*,*,#3775,.F.);
#5337=ORIENTED_EDGE('',*,*,#3528,.T.);
#5338=ORIENTED_EDGE('',*,*,#3550,.F.);
#5339=ORIENTED_EDGE('',*,*,#3770,.F.);
#5340=ORIENTED_EDGE('',*,*,#3800,.F.);
#5341=ORIENTED_EDGE('',*,*,#3909,.F.);
#5342=ORIENTED_EDGE('',*,*,#3820,.F.);
#5343=ORIENTED_EDGE('',*,*,#3750,.F.);
#5344=ORIENTED_EDGE('',*,*,#3680,.F.);
#5345=ORIENTED_EDGE('',*,*,#3910,.T.);
#5346=ORIENTED_EDGE('',*,*,#3911,.F.);
#5347=ORIENTED_EDGE('',*,*,#3912,.T.);
#5348=ORIENTED_EDGE('',*,*,#3913,.F.);
#5349=ORIENTED_EDGE('',*,*,#3903,.F.);
#5350=ORIENTED_EDGE('',*,*,#3914,.T.);
#5351=ORIENTED_EDGE('',*,*,#3911,.T.);
#5352=ORIENTED_EDGE('',*,*,#3902,.F.);
#5353=ORIENTED_EDGE('',*,*,#3907,.T.);
#5354=ORIENTED_EDGE('',*,*,#3915,.F.);
#5355=ORIENTED_EDGE('',*,*,#3916,.T.);
#5356=ORIENTED_EDGE('',*,*,#3917,.T.);
#5357=ORIENTED_EDGE('',*,*,#3912,.F.);
#5358=ORIENTED_EDGE('',*,*,#3914,.F.);
#5359=ORIENTED_EDGE('',*,*,#3918,.F.);
#5360=ORIENTED_EDGE('',*,*,#3916,.F.);
#5361=ORIENTED_EDGE('',*,*,#3919,.F.);
#5362=ORIENTED_EDGE('',*,*,#3920,.F.);
#5363=ORIENTED_EDGE('',*,*,#3918,.T.);
#5364=ORIENTED_EDGE('',*,*,#3921,.F.);
#5365=ORIENTED_EDGE('',*,*,#3922,.T.);
#5366=ORIENTED_EDGE('',*,*,#3923,.F.);
#5367=ORIENTED_EDGE('',*,*,#3924,.F.);
#5368=ORIENTED_EDGE('',*,*,#3925,.T.);
#5369=ORIENTED_EDGE('',*,*,#3926,.T.);
#5370=ORIENTED_EDGE('',*,*,#3927,.T.);
#5371=ORIENTED_EDGE('',*,*,#3928,.T.);
#5372=ORIENTED_EDGE('',*,*,#3929,.F.);
#5373=ORIENTED_EDGE('',*,*,#3930,.T.);
#5374=ORIENTED_EDGE('',*,*,#3931,.F.);
#5375=ORIENTED_EDGE('',*,*,#3932,.F.);
#5376=ORIENTED_EDGE('',*,*,#3933,.F.);
#5377=ORIENTED_EDGE('',*,*,#3934,.T.);
#5378=ORIENTED_EDGE('',*,*,#3924,.T.);
#5379=ORIENTED_EDGE('',*,*,#3935,.F.);
#5380=ORIENTED_EDGE('',*,*,#3919,.T.);
#5381=ORIENTED_EDGE('',*,*,#3915,.T.);
#5382=ORIENTED_EDGE('',*,*,#3910,.F.);
#5383=ORIENTED_EDGE('',*,*,#3679,.T.);
#5384=ORIENTED_EDGE('',*,*,#3641,.T.);
#5385=ORIENTED_EDGE('',*,*,#3896,.T.);
#5386=ORIENTED_EDGE('',*,*,#3723,.F.);
#5387=ORIENTED_EDGE('',*,*,#3899,.F.);
#5388=ORIENTED_EDGE('',*,*,#3867,.F.);
#5389=ORIENTED_EDGE('',*,*,#3637,.T.);
#5390=ORIENTED_EDGE('',*,*,#3871,.T.);
#5391=ORIENTED_EDGE('',*,*,#3703,.F.);
#5392=ORIENTED_EDGE('',*,*,#3725,.T.);
#5393=ORIENTED_EDGE('',*,*,#3895,.T.);
#5394=ORIENTED_EDGE('',*,*,#3508,.F.);
#5395=ORIENTED_EDGE('',*,*,#3900,.T.);
#5396=ORIENTED_EDGE('',*,*,#3821,.T.);
#5397=ORIENTED_EDGE('',*,*,#3909,.T.);
#5398=ORIENTED_EDGE('',*,*,#3799,.F.);
#5399=ORIENTED_EDGE('',*,*,#3905,.F.);
#5400=ORIENTED_EDGE('',*,*,#3936,.T.);
#5401=ORIENTED_EDGE('',*,*,#3627,.T.);
#5402=ORIENTED_EDGE('',*,*,#3937,.T.);
#5403=ORIENTED_EDGE('',*,*,#3519,.T.);
#5404=ORIENTED_EDGE('',*,*,#3938,.T.);
#5405=ORIENTED_EDGE('',*,*,#3927,.F.);
#5406=ORIENTED_EDGE('',*,*,#3939,.F.);
#5407=ORIENTED_EDGE('',*,*,#3940,.T.);
#5408=ORIENTED_EDGE('',*,*,#3941,.T.);
#5409=ORIENTED_EDGE('',*,*,#3942,.T.);
#5410=ORIENTED_EDGE('',*,*,#3943,.T.);
#5411=ORIENTED_EDGE('',*,*,#3940,.F.);
#5412=ORIENTED_EDGE('',*,*,#3944,.T.);
#5413=ORIENTED_EDGE('',*,*,#3945,.F.);
#5414=ORIENTED_EDGE('',*,*,#3946,.T.);
#5415=ORIENTED_EDGE('',*,*,#3947,.F.);
#5416=ORIENTED_EDGE('',*,*,#3948,.F.);
#5417=ORIENTED_EDGE('',*,*,#3949,.F.);
#5418=ORIENTED_EDGE('',*,*,#3950,.F.);
#5419=ORIENTED_EDGE('',*,*,#3951,.T.);
#5420=ORIENTED_EDGE('',*,*,#3944,.F.);
#5421=ORIENTED_EDGE('',*,*,#3952,.F.);
#5422=ORIENTED_EDGE('',*,*,#3950,.T.);
#5423=ORIENTED_EDGE('',*,*,#3953,.T.);
#5424=ORIENTED_EDGE('',*,*,#3954,.F.);
#5425=ORIENTED_EDGE('',*,*,#3945,.T.);
#5426=ORIENTED_EDGE('',*,*,#3951,.F.);
#5427=ORIENTED_EDGE('',*,*,#3952,.T.);
#5428=ORIENTED_EDGE('',*,*,#3955,.T.);
#5429=ORIENTED_EDGE('',*,*,#3956,.T.);
#5430=ORIENTED_EDGE('',*,*,#3957,.F.);
#5431=ORIENTED_EDGE('',*,*,#3958,.T.);
#5432=ORIENTED_EDGE('',*,*,#3959,.T.);
#5433=ORIENTED_EDGE('',*,*,#3960,.F.);
#5434=ORIENTED_EDGE('',*,*,#3956,.F.);
#5435=ORIENTED_EDGE('',*,*,#3961,.F.);
#5436=ORIENTED_EDGE('',*,*,#3941,.F.);
#5437=ORIENTED_EDGE('',*,*,#3946,.F.);
#5438=ORIENTED_EDGE('',*,*,#3957,.T.);
#5439=ORIENTED_EDGE('',*,*,#3962,.F.);
#5440=ORIENTED_EDGE('',*,*,#3963,.F.);
#5441=ORIENTED_EDGE('',*,*,#3942,.F.);
#5442=ORIENTED_EDGE('',*,*,#3961,.T.);
#5443=ORIENTED_EDGE('',*,*,#3960,.T.);
#5444=ORIENTED_EDGE('',*,*,#3962,.T.);
#5445=ORIENTED_EDGE('',*,*,#3959,.F.);
#5446=ORIENTED_EDGE('',*,*,#3964,.F.);
#5447=ORIENTED_EDGE('',*,*,#3965,.T.);
#5448=ORIENTED_EDGE('',*,*,#3966,.F.);
#5449=ORIENTED_EDGE('',*,*,#3967,.T.);
#5450=ORIENTED_EDGE('',*,*,#3968,.F.);
#5451=ORIENTED_EDGE('',*,*,#3969,.F.);
#5452=ORIENTED_EDGE('',*,*,#3970,.T.);
#5453=ORIENTED_EDGE('',*,*,#3971,.F.);
#5454=ORIENTED_EDGE('',*,*,#3972,.F.);
#5455=ORIENTED_EDGE('',*,*,#3973,.T.);
#5456=ORIENTED_EDGE('',*,*,#3974,.T.);
#5457=ORIENTED_EDGE('',*,*,#3975,.T.);
#5458=ORIENTED_EDGE('',*,*,#3970,.F.);
#5459=ORIENTED_EDGE('',*,*,#3976,.F.);
#5460=ORIENTED_EDGE('',*,*,#3977,.T.);
#5461=ORIENTED_EDGE('',*,*,#3978,.T.);
#5462=ORIENTED_EDGE('',*,*,#3974,.F.);
#5463=ORIENTED_EDGE('',*,*,#3979,.F.);
#5464=ORIENTED_EDGE('',*,*,#3980,.T.);
#5465=ORIENTED_EDGE('',*,*,#3981,.F.);
#5466=ORIENTED_EDGE('',*,*,#3977,.F.);
#5467=ORIENTED_EDGE('',*,*,#3982,.T.);
#5468=ORIENTED_EDGE('',*,*,#3983,.T.);
#5469=ORIENTED_EDGE('',*,*,#3984,.T.);
#5470=ORIENTED_EDGE('',*,*,#3980,.F.);
#5471=ORIENTED_EDGE('',*,*,#3985,.F.);
#5472=ORIENTED_EDGE('',*,*,#3986,.T.);
#5473=ORIENTED_EDGE('',*,*,#3987,.F.);
#5474=ORIENTED_EDGE('',*,*,#3983,.F.);
#5475=ORIENTED_EDGE('',*,*,#3988,.T.);
#5476=ORIENTED_EDGE('',*,*,#3989,.T.);
#5477=ORIENTED_EDGE('',*,*,#3990,.T.);
#5478=ORIENTED_EDGE('',*,*,#3986,.F.);
#5479=ORIENTED_EDGE('',*,*,#3991,.F.);
#5480=ORIENTED_EDGE('',*,*,#3992,.T.);
#5481=ORIENTED_EDGE('',*,*,#3993,.T.);
#5482=ORIENTED_EDGE('',*,*,#3989,.F.);
#5483=ORIENTED_EDGE('',*,*,#3994,.F.);
#5484=ORIENTED_EDGE('',*,*,#3995,.T.);
#5485=ORIENTED_EDGE('',*,*,#3996,.T.);
#5486=ORIENTED_EDGE('',*,*,#3992,.F.);
#5487=ORIENTED_EDGE('',*,*,#3997,.F.);
#5488=ORIENTED_EDGE('',*,*,#3998,.T.);
#5489=ORIENTED_EDGE('',*,*,#3999,.F.);
#5490=ORIENTED_EDGE('',*,*,#3995,.F.);
#5491=ORIENTED_EDGE('',*,*,#4000,.T.);
#5492=ORIENTED_EDGE('',*,*,#4001,.T.);
#5493=ORIENTED_EDGE('',*,*,#4002,.T.);
#5494=ORIENTED_EDGE('',*,*,#3998,.F.);
#5495=ORIENTED_EDGE('',*,*,#4003,.F.);
#5496=ORIENTED_EDGE('',*,*,#4004,.T.);
#5497=ORIENTED_EDGE('',*,*,#4005,.T.);
#5498=ORIENTED_EDGE('',*,*,#4001,.F.);
#5499=ORIENTED_EDGE('',*,*,#4006,.F.);
#5500=ORIENTED_EDGE('',*,*,#4007,.T.);
#5501=ORIENTED_EDGE('',*,*,#4008,.F.);
#5502=ORIENTED_EDGE('',*,*,#4004,.F.);
#5503=ORIENTED_EDGE('',*,*,#4009,.T.);
#5504=ORIENTED_EDGE('',*,*,#3972,.T.);
#5505=ORIENTED_EDGE('',*,*,#4010,.F.);
#5506=ORIENTED_EDGE('',*,*,#4011,.F.);
#5507=ORIENTED_EDGE('',*,*,#4012,.T.);
#5508=ORIENTED_EDGE('',*,*,#4013,.T.);
#5509=ORIENTED_EDGE('',*,*,#3966,.T.);
#5510=ORIENTED_EDGE('',*,*,#4014,.F.);
#5511=ORIENTED_EDGE('',*,*,#4007,.F.);
#5512=ORIENTED_EDGE('',*,*,#4012,.F.);
#5513=ORIENTED_EDGE('',*,*,#4015,.T.);
#5514=ORIENTED_EDGE('',*,*,#4016,.F.);
#5515=ORIENTED_EDGE('',*,*,#3967,.F.);
#5516=ORIENTED_EDGE('',*,*,#4013,.F.);
#5517=ORIENTED_EDGE('',*,*,#4009,.F.);
#5518=ORIENTED_EDGE('',*,*,#4006,.T.);
#5519=ORIENTED_EDGE('',*,*,#4003,.T.);
#5520=ORIENTED_EDGE('',*,*,#4000,.F.);
#5521=ORIENTED_EDGE('',*,*,#3997,.T.);
#5522=ORIENTED_EDGE('',*,*,#3994,.T.);
#5523=ORIENTED_EDGE('',*,*,#3991,.T.);
#5524=ORIENTED_EDGE('',*,*,#3988,.F.);
#5525=ORIENTED_EDGE('',*,*,#3985,.T.);
#5526=ORIENTED_EDGE('',*,*,#3982,.F.);
#5527=ORIENTED_EDGE('',*,*,#3979,.T.);
#5528=ORIENTED_EDGE('',*,*,#3976,.T.);
#5529=ORIENTED_EDGE('',*,*,#3973,.F.);
#5530=ORIENTED_EDGE('',*,*,#4010,.T.);
#5531=ORIENTED_EDGE('',*,*,#3971,.T.);
#5532=ORIENTED_EDGE('',*,*,#3975,.F.);
#5533=ORIENTED_EDGE('',*,*,#3978,.F.);
#5534=ORIENTED_EDGE('',*,*,#3981,.T.);
#5535=ORIENTED_EDGE('',*,*,#3984,.F.);
#5536=ORIENTED_EDGE('',*,*,#3987,.T.);
#5537=ORIENTED_EDGE('',*,*,#3990,.F.);
#5538=ORIENTED_EDGE('',*,*,#3993,.F.);
#5539=ORIENTED_EDGE('',*,*,#3996,.F.);
#5540=ORIENTED_EDGE('',*,*,#3999,.T.);
#5541=ORIENTED_EDGE('',*,*,#4002,.F.);
#5542=ORIENTED_EDGE('',*,*,#4005,.F.);
#5543=ORIENTED_EDGE('',*,*,#4008,.T.);
#5544=ORIENTED_EDGE('',*,*,#4014,.T.);
#5545=ORIENTED_EDGE('',*,*,#3969,.T.);
#5546=ORIENTED_EDGE('',*,*,#4017,.T.);
#5547=ORIENTED_EDGE('',*,*,#4018,.F.);
#5548=ORIENTED_EDGE('',*,*,#4019,.T.);
#5549=ORIENTED_EDGE('',*,*,#4017,.F.);
#5550=ORIENTED_EDGE('',*,*,#3968,.T.);
#5551=ORIENTED_EDGE('',*,*,#4016,.T.);
#5552=ORIENTED_EDGE('',*,*,#4019,.F.);
#5553=ORIENTED_EDGE('',*,*,#4015,.F.);
#5554=ORIENTED_EDGE('',*,*,#4011,.T.);
#5555=ORIENTED_EDGE('',*,*,#4018,.T.);
#5556=ORIENTED_EDGE('',*,*,#4020,.F.);
#5557=ORIENTED_EDGE('',*,*,#3964,.T.);
#5558=ORIENTED_EDGE('',*,*,#3958,.F.);
#5559=ORIENTED_EDGE('',*,*,#3955,.F.);
#5560=ORIENTED_EDGE('',*,*,#3954,.T.);
#5561=ORIENTED_EDGE('',*,*,#4021,.F.);
#5562=ORIENTED_EDGE('',*,*,#4022,.F.);
#5563=ORIENTED_EDGE('',*,*,#3647,.F.);
#5564=ORIENTED_EDGE('',*,*,#4023,.F.);
#5565=ORIENTED_EDGE('',*,*,#4024,.F.);
#5566=ORIENTED_EDGE('',*,*,#4025,.T.);
#5567=ORIENTED_EDGE('',*,*,#4021,.T.);
#5568=ORIENTED_EDGE('',*,*,#3953,.F.);
#5569=ORIENTED_EDGE('',*,*,#3949,.T.);
#5570=ORIENTED_EDGE('',*,*,#4026,.F.);
#5571=ORIENTED_EDGE('',*,*,#3928,.F.);
#5572=ORIENTED_EDGE('',*,*,#3938,.F.);
#5573=ORIENTED_EDGE('',*,*,#4027,.T.);
#5574=ORIENTED_EDGE('',*,*,#4028,.F.);
#5575=ORIENTED_EDGE('',*,*,#4029,.T.);
#5576=ORIENTED_EDGE('',*,*,#4030,.F.);
#5577=ORIENTED_EDGE('',*,*,#4031,.F.);
#5578=ORIENTED_EDGE('',*,*,#4032,.F.);
#5579=ORIENTED_EDGE('',*,*,#4033,.F.);
#5580=ORIENTED_EDGE('',*,*,#4034,.F.);
#5581=ORIENTED_EDGE('',*,*,#4035,.F.);
#5582=ORIENTED_EDGE('',*,*,#3656,.F.);
#5583=ORIENTED_EDGE('',*,*,#4036,.T.);
#5584=ORIENTED_EDGE('',*,*,#4037,.F.);
#5585=ORIENTED_EDGE('',*,*,#3804,.F.);
#5586=ORIENTED_EDGE('',*,*,#3812,.T.);
#5587=ORIENTED_EDGE('',*,*,#3474,.T.);
#5588=ORIENTED_EDGE('',*,*,#4024,.T.);
#5589=ORIENTED_EDGE('',*,*,#4038,.F.);
#5590=ORIENTED_EDGE('',*,*,#4039,.F.);
#5591=ORIENTED_EDGE('',*,*,#4040,.F.);
#5592=ORIENTED_EDGE('',*,*,#4041,.T.);
#5593=ORIENTED_EDGE('',*,*,#3762,.F.);
#5594=ORIENTED_EDGE('',*,*,#3360,.T.);
#5595=ORIENTED_EDGE('',*,*,#3349,.T.);
#5596=ORIENTED_EDGE('',*,*,#3371,.T.);
#5597=ORIENTED_EDGE('',*,*,#3756,.F.);
#5598=ORIENTED_EDGE('',*,*,#4042,.F.);
#5599=ORIENTED_EDGE('',*,*,#4043,.F.);
#5600=ORIENTED_EDGE('',*,*,#4044,.F.);
#5601=ORIENTED_EDGE('',*,*,#4044,.T.);
#5602=ORIENTED_EDGE('',*,*,#4045,.T.);
#5603=ORIENTED_EDGE('',*,*,#4046,.F.);
#5604=ORIENTED_EDGE('',*,*,#3646,.F.);
#5605=ORIENTED_EDGE('',*,*,#4047,.T.);
#5606=ORIENTED_EDGE('',*,*,#3806,.T.);
#5607=ORIENTED_EDGE('',*,*,#3783,.T.);
#5608=ORIENTED_EDGE('',*,*,#4048,.T.);
#5609=ORIENTED_EDGE('',*,*,#3763,.T.);
#5610=ORIENTED_EDGE('',*,*,#4038,.T.);
#5611=ORIENTED_EDGE('',*,*,#4023,.T.);
#5612=ORIENTED_EDGE('',*,*,#4046,.T.);
#5613=ORIENTED_EDGE('',*,*,#4049,.T.);
#5614=ORIENTED_EDGE('',*,*,#3807,.F.);
#5615=ORIENTED_EDGE('',*,*,#4047,.F.);
#5616=ORIENTED_EDGE('',*,*,#3645,.T.);
#5617=ORIENTED_EDGE('',*,*,#3357,.T.);
#5618=ORIENTED_EDGE('',*,*,#3757,.F.);
#5619=ORIENTED_EDGE('',*,*,#3369,.T.);
#5620=ORIENTED_EDGE('',*,*,#3342,.T.);
#5621=ORIENTED_EDGE('',*,*,#3405,.T.);
#5622=ORIENTED_EDGE('',*,*,#3615,.F.);
#5623=ORIENTED_EDGE('',*,*,#3559,.T.);
#5624=ORIENTED_EDGE('',*,*,#3557,.F.);
#5625=ORIENTED_EDGE('',*,*,#3493,.T.);
#5626=ORIENTED_EDGE('',*,*,#4050,.F.);
#5627=ORIENTED_EDGE('',*,*,#3553,.T.);
#5628=ORIENTED_EDGE('',*,*,#3819,.T.);
#5629=ORIENTED_EDGE('',*,*,#3516,.F.);
#5630=ORIENTED_EDGE('',*,*,#4051,.T.);
#5631=ORIENTED_EDGE('',*,*,#3943,.F.);
#5632=ORIENTED_EDGE('',*,*,#3963,.T.);
#5633=ORIENTED_EDGE('',*,*,#3965,.F.);
#5634=ORIENTED_EDGE('',*,*,#4020,.T.);
#5635=ORIENTED_EDGE('',*,*,#4025,.F.);
#5636=ORIENTED_EDGE('',*,*,#4041,.F.);
#5637=ORIENTED_EDGE('',*,*,#4052,.F.);
#5638=ORIENTED_EDGE('',*,*,#3797,.F.);
#5639=ORIENTED_EDGE('',*,*,#3554,.T.);
#5640=ORIENTED_EDGE('',*,*,#4050,.T.);
#5641=ORIENTED_EDGE('',*,*,#3496,.F.);
#5642=ORIENTED_EDGE('',*,*,#3499,.F.);
#5643=ORIENTED_EDGE('',*,*,#4053,.F.);
#5644=ORIENTED_EDGE('',*,*,#3947,.T.);
#5645=ORIENTED_EDGE('',*,*,#3939,.T.);
#5646=ORIENTED_EDGE('',*,*,#4051,.F.);
#5647=ORIENTED_EDGE('',*,*,#3515,.F.);
#5648=ORIENTED_EDGE('',*,*,#3378,.F.);
#5649=ORIENTED_EDGE('',*,*,#4048,.F.);
#5650=ORIENTED_EDGE('',*,*,#3782,.F.);
#5651=ORIENTED_EDGE('',*,*,#3717,.F.);
#5652=ORIENTED_EDGE('',*,*,#4054,.F.);
#5653=ORIENTED_EDGE('',*,*,#3628,.F.);
#5654=ORIENTED_EDGE('',*,*,#3936,.F.);
#5655=ORIENTED_EDGE('',*,*,#3926,.F.);
#5656=ORIENTED_EDGE('',*,*,#4055,.F.);
#5657=ORIENTED_EDGE('',*,*,#3650,.F.);
#5658=ORIENTED_EDGE('',*,*,#4056,.F.);
#5659=ORIENTED_EDGE('',*,*,#4057,.T.);
#5660=ORIENTED_EDGE('',*,*,#4058,.T.);
#5661=ORIENTED_EDGE('',*,*,#4059,.T.);
#5662=ORIENTED_EDGE('',*,*,#4060,.F.);
#5663=ORIENTED_EDGE('',*,*,#4061,.T.);
#5664=ORIENTED_EDGE('',*,*,#4062,.F.);
#5665=ORIENTED_EDGE('',*,*,#4063,.T.);
#5666=ORIENTED_EDGE('',*,*,#3520,.F.);
#5667=ORIENTED_EDGE('',*,*,#3492,.F.);
#5668=ORIENTED_EDGE('',*,*,#3805,.F.);
#5669=ORIENTED_EDGE('',*,*,#4037,.T.);
#5670=ORIENTED_EDGE('',*,*,#3473,.T.);
#5671=ORIENTED_EDGE('',*,*,#4042,.T.);
#5672=ORIENTED_EDGE('',*,*,#3758,.T.);
#5673=ORIENTED_EDGE('',*,*,#4052,.T.);
#5674=ORIENTED_EDGE('',*,*,#4040,.T.);
#5675=ORIENTED_EDGE('',*,*,#4043,.T.);
#5676=ORIENTED_EDGE('',*,*,#4039,.T.);
#5677=ORIENTED_EDGE('',*,*,#4049,.F.);
#5678=ORIENTED_EDGE('',*,*,#4045,.F.);
#5679=ORIENTED_EDGE('',*,*,#3649,.T.);
#5680=ORIENTED_EDGE('',*,*,#4064,.F.);
#5681=ORIENTED_EDGE('',*,*,#4065,.F.);
#5682=ORIENTED_EDGE('',*,*,#4056,.T.);
#5683=ORIENTED_EDGE('',*,*,#4057,.F.);
#5684=ORIENTED_EDGE('',*,*,#4065,.T.);
#5685=ORIENTED_EDGE('',*,*,#4066,.T.);
#5686=ORIENTED_EDGE('',*,*,#4067,.F.);
#5687=ORIENTED_EDGE('',*,*,#4067,.T.);
#5688=ORIENTED_EDGE('',*,*,#4068,.T.);
#5689=ORIENTED_EDGE('',*,*,#4069,.F.);
#5690=ORIENTED_EDGE('',*,*,#4058,.F.);
#5691=ORIENTED_EDGE('',*,*,#4059,.F.);
#5692=ORIENTED_EDGE('',*,*,#4069,.T.);
#5693=ORIENTED_EDGE('',*,*,#4070,.T.);
#5694=ORIENTED_EDGE('',*,*,#4071,.F.);
#5695=ORIENTED_EDGE('',*,*,#4060,.T.);
#5696=ORIENTED_EDGE('',*,*,#4071,.T.);
#5697=ORIENTED_EDGE('',*,*,#4072,.F.);
#5698=ORIENTED_EDGE('',*,*,#4073,.F.);
#5699=ORIENTED_EDGE('',*,*,#4061,.F.);
#5700=ORIENTED_EDGE('',*,*,#4073,.T.);
#5701=ORIENTED_EDGE('',*,*,#4074,.T.);
#5702=ORIENTED_EDGE('',*,*,#4075,.F.);
#5703=ORIENTED_EDGE('',*,*,#4062,.T.);
#5704=ORIENTED_EDGE('',*,*,#4075,.T.);
#5705=ORIENTED_EDGE('',*,*,#4076,.F.);
#5706=ORIENTED_EDGE('',*,*,#4077,.F.);
#5707=ORIENTED_EDGE('',*,*,#3521,.T.);
#5708=ORIENTED_EDGE('',*,*,#4063,.F.);
#5709=ORIENTED_EDGE('',*,*,#4077,.T.);
#5710=ORIENTED_EDGE('',*,*,#4078,.T.);
#5711=ORIENTED_EDGE('',*,*,#4079,.T.);
#5712=ORIENTED_EDGE('',*,*,#4080,.F.);
#5713=ORIENTED_EDGE('',*,*,#4081,.T.);
#5714=ORIENTED_EDGE('',*,*,#4082,.F.);
#5715=ORIENTED_EDGE('',*,*,#4083,.F.);
#5716=ORIENTED_EDGE('',*,*,#4084,.F.);
#5717=ORIENTED_EDGE('',*,*,#4085,.F.);
#5718=ORIENTED_EDGE('',*,*,#4086,.F.);
#5719=ORIENTED_EDGE('',*,*,#4087,.F.);
#5720=ORIENTED_EDGE('',*,*,#3652,.T.);
#5721=ORIENTED_EDGE('',*,*,#4088,.F.);
#5722=ORIENTED_EDGE('',*,*,#4089,.F.);
#5723=ORIENTED_EDGE('',*,*,#4090,.T.);
#5724=ORIENTED_EDGE('',*,*,#4091,.F.);
#5725=ORIENTED_EDGE('',*,*,#4079,.F.);
#5726=ORIENTED_EDGE('',*,*,#4092,.F.);
#5727=ORIENTED_EDGE('',*,*,#3654,.F.);
#5728=ORIENTED_EDGE('',*,*,#4093,.F.);
#5729=ORIENTED_EDGE('',*,*,#4094,.T.);
#5730=ORIENTED_EDGE('',*,*,#4095,.T.);
#5731=ORIENTED_EDGE('',*,*,#4096,.T.);
#5732=ORIENTED_EDGE('',*,*,#4097,.F.);
#5733=ORIENTED_EDGE('',*,*,#4098,.T.);
#5734=ORIENTED_EDGE('',*,*,#4099,.F.);
#5735=ORIENTED_EDGE('',*,*,#4100,.T.);
#5736=ORIENTED_EDGE('',*,*,#4090,.F.);
#5737=ORIENTED_EDGE('',*,*,#3653,.T.);
#5738=ORIENTED_EDGE('',*,*,#4087,.T.);
#5739=ORIENTED_EDGE('',*,*,#4101,.F.);
#5740=ORIENTED_EDGE('',*,*,#4093,.T.);
#5741=ORIENTED_EDGE('',*,*,#4101,.T.);
#5742=ORIENTED_EDGE('',*,*,#4086,.T.);
#5743=ORIENTED_EDGE('',*,*,#4102,.F.);
#5744=ORIENTED_EDGE('',*,*,#4094,.F.);
#5745=ORIENTED_EDGE('',*,*,#4102,.T.);
#5746=ORIENTED_EDGE('',*,*,#4085,.T.);
#5747=ORIENTED_EDGE('',*,*,#4103,.F.);
#5748=ORIENTED_EDGE('',*,*,#4095,.F.);
#5749=ORIENTED_EDGE('',*,*,#4103,.T.);
#5750=ORIENTED_EDGE('',*,*,#4084,.T.);
#5751=ORIENTED_EDGE('',*,*,#4104,.F.);
#5752=ORIENTED_EDGE('',*,*,#4096,.F.);
#5753=ORIENTED_EDGE('',*,*,#4104,.T.);
#5754=ORIENTED_EDGE('',*,*,#4083,.T.);
#5755=ORIENTED_EDGE('',*,*,#4105,.F.);
#5756=ORIENTED_EDGE('',*,*,#4097,.T.);
#5757=ORIENTED_EDGE('',*,*,#4098,.F.);
#5758=ORIENTED_EDGE('',*,*,#4105,.T.);
#5759=ORIENTED_EDGE('',*,*,#4082,.T.);
#5760=ORIENTED_EDGE('',*,*,#4106,.F.);
#5761=ORIENTED_EDGE('',*,*,#4106,.T.);
#5762=ORIENTED_EDGE('',*,*,#4081,.F.);
#5763=ORIENTED_EDGE('',*,*,#4107,.F.);
#5764=ORIENTED_EDGE('',*,*,#4099,.T.);
#5765=ORIENTED_EDGE('',*,*,#4107,.T.);
#5766=ORIENTED_EDGE('',*,*,#4080,.T.);
#5767=ORIENTED_EDGE('',*,*,#4091,.T.);
#5768=ORIENTED_EDGE('',*,*,#4100,.F.);
#5769=ORIENTED_EDGE('',*,*,#4108,.T.);
#5770=ORIENTED_EDGE('',*,*,#4109,.F.);
#5771=ORIENTED_EDGE('',*,*,#4110,.T.);
#5772=ORIENTED_EDGE('',*,*,#4111,.F.);
#5773=ORIENTED_EDGE('',*,*,#4112,.F.);
#5774=ORIENTED_EDGE('',*,*,#4113,.F.);
#5775=ORIENTED_EDGE('',*,*,#4114,.F.);
#5776=ORIENTED_EDGE('',*,*,#4115,.F.);
#5777=ORIENTED_EDGE('',*,*,#4116,.F.);
#5778=ORIENTED_EDGE('',*,*,#3660,.F.);
#5779=ORIENTED_EDGE('',*,*,#4117,.T.);
#5780=ORIENTED_EDGE('',*,*,#4118,.T.);
#5781=ORIENTED_EDGE('',*,*,#4119,.T.);
#5782=ORIENTED_EDGE('',*,*,#3932,.T.);
#5783=ORIENTED_EDGE('',*,*,#4120,.F.);
#5784=ORIENTED_EDGE('',*,*,#4121,.T.);
#5785=ORIENTED_EDGE('',*,*,#4122,.T.);
#5786=ORIENTED_EDGE('',*,*,#4117,.F.);
#5787=ORIENTED_EDGE('',*,*,#3659,.T.);
#5788=ORIENTED_EDGE('',*,*,#4123,.F.);
#5789=ORIENTED_EDGE('',*,*,#4124,.T.);
#5790=ORIENTED_EDGE('',*,*,#4125,.F.);
#5791=ORIENTED_EDGE('',*,*,#4027,.F.);
#5792=ORIENTED_EDGE('',*,*,#4118,.F.);
#5793=ORIENTED_EDGE('',*,*,#3658,.F.);
#5794=ORIENTED_EDGE('',*,*,#4126,.F.);
#5795=ORIENTED_EDGE('',*,*,#4127,.T.);
#5796=ORIENTED_EDGE('',*,*,#4128,.T.);
#5797=ORIENTED_EDGE('',*,*,#4129,.T.);
#5798=ORIENTED_EDGE('',*,*,#4130,.F.);
#5799=ORIENTED_EDGE('',*,*,#4131,.T.);
#5800=ORIENTED_EDGE('',*,*,#4132,.F.);
#5801=ORIENTED_EDGE('',*,*,#4133,.T.);
#5802=ORIENTED_EDGE('',*,*,#4124,.F.);
#5803=ORIENTED_EDGE('',*,*,#3657,.T.);
#5804=ORIENTED_EDGE('',*,*,#4035,.T.);
#5805=ORIENTED_EDGE('',*,*,#4134,.F.);
#5806=ORIENTED_EDGE('',*,*,#4126,.T.);
#5807=ORIENTED_EDGE('',*,*,#4134,.T.);
#5808=ORIENTED_EDGE('',*,*,#4034,.T.);
#5809=ORIENTED_EDGE('',*,*,#4135,.F.);
#5810=ORIENTED_EDGE('',*,*,#4127,.F.);
#5811=ORIENTED_EDGE('',*,*,#4135,.T.);
#5812=ORIENTED_EDGE('',*,*,#4033,.T.);
#5813=ORIENTED_EDGE('',*,*,#4136,.F.);
#5814=ORIENTED_EDGE('',*,*,#4128,.F.);
#5815=ORIENTED_EDGE('',*,*,#4136,.T.);
#5816=ORIENTED_EDGE('',*,*,#4032,.T.);
#5817=ORIENTED_EDGE('',*,*,#4137,.F.);
#5818=ORIENTED_EDGE('',*,*,#4129,.F.);
#5819=ORIENTED_EDGE('',*,*,#4137,.T.);
#5820=ORIENTED_EDGE('',*,*,#4031,.T.);
#5821=ORIENTED_EDGE('',*,*,#4138,.F.);
#5822=ORIENTED_EDGE('',*,*,#4130,.T.);
#5823=ORIENTED_EDGE('',*,*,#4131,.F.);
#5824=ORIENTED_EDGE('',*,*,#4138,.T.);
#5825=ORIENTED_EDGE('',*,*,#4030,.T.);
#5826=ORIENTED_EDGE('',*,*,#4139,.F.);
#5827=ORIENTED_EDGE('',*,*,#4139,.T.);
#5828=ORIENTED_EDGE('',*,*,#4029,.F.);
#5829=ORIENTED_EDGE('',*,*,#4140,.F.);
#5830=ORIENTED_EDGE('',*,*,#4132,.T.);
#5831=ORIENTED_EDGE('',*,*,#4140,.T.);
#5832=ORIENTED_EDGE('',*,*,#4028,.T.);
#5833=ORIENTED_EDGE('',*,*,#4125,.T.);
#5834=ORIENTED_EDGE('',*,*,#4133,.F.);
#5835=ORIENTED_EDGE('',*,*,#4141,.T.);
#5836=ORIENTED_EDGE('',*,*,#3929,.T.);
#5837=ORIENTED_EDGE('',*,*,#4119,.F.);
#5838=ORIENTED_EDGE('',*,*,#4123,.T.);
#5839=ORIENTED_EDGE('',*,*,#4142,.F.);
#5840=ORIENTED_EDGE('',*,*,#3788,.T.);
#5841=ORIENTED_EDGE('',*,*,#4143,.T.);
#5842=ORIENTED_EDGE('',*,*,#3930,.F.);
#5843=ORIENTED_EDGE('',*,*,#4141,.F.);
#5844=ORIENTED_EDGE('',*,*,#3791,.F.);
#5845=ORIENTED_EDGE('',*,*,#4144,.F.);
#5846=ORIENTED_EDGE('',*,*,#4145,.T.);
#5847=ORIENTED_EDGE('',*,*,#4146,.T.);
#5848=ORIENTED_EDGE('',*,*,#4147,.T.);
#5849=ORIENTED_EDGE('',*,*,#4148,.F.);
#5850=ORIENTED_EDGE('',*,*,#4149,.T.);
#5851=ORIENTED_EDGE('',*,*,#4150,.T.);
#5852=ORIENTED_EDGE('',*,*,#4151,.T.);
#5853=ORIENTED_EDGE('',*,*,#4152,.F.);
#5854=ORIENTED_EDGE('',*,*,#4153,.T.);
#5855=ORIENTED_EDGE('',*,*,#4154,.T.);
#5856=ORIENTED_EDGE('',*,*,#4155,.T.);
#5857=ORIENTED_EDGE('',*,*,#4156,.F.);
#5858=ORIENTED_EDGE('',*,*,#4157,.T.);
#5859=ORIENTED_EDGE('',*,*,#4158,.T.);
#5860=ORIENTED_EDGE('',*,*,#4159,.T.);
#5861=ORIENTED_EDGE('',*,*,#4160,.F.);
#5862=ORIENTED_EDGE('',*,*,#4161,.T.);
#5863=ORIENTED_EDGE('',*,*,#4120,.T.);
#5864=ORIENTED_EDGE('',*,*,#3931,.T.);
#5865=ORIENTED_EDGE('',*,*,#4143,.F.);
#5866=ORIENTED_EDGE('',*,*,#3790,.T.);
#5867=ORIENTED_EDGE('',*,*,#4162,.T.);
#5868=ORIENTED_EDGE('',*,*,#4163,.T.);
#5869=ORIENTED_EDGE('',*,*,#4164,.F.);
#5870=ORIENTED_EDGE('',*,*,#3392,.T.);
#5871=ORIENTED_EDGE('',*,*,#4165,.T.);
#5872=ORIENTED_EDGE('',*,*,#3629,.T.);
#5873=ORIENTED_EDGE('',*,*,#4054,.T.);
#5874=ORIENTED_EDGE('',*,*,#3925,.F.);
#5875=ORIENTED_EDGE('',*,*,#4026,.T.);
#5876=ORIENTED_EDGE('',*,*,#3948,.T.);
#5877=ORIENTED_EDGE('',*,*,#4053,.T.);
#5878=ORIENTED_EDGE('',*,*,#3498,.F.);
#5879=ORIENTED_EDGE('',*,*,#3402,.F.);
#5880=ORIENTED_EDGE('',*,*,#3618,.T.);
#5881=ORIENTED_EDGE('',*,*,#3621,.F.);
#5882=ORIENTED_EDGE('',*,*,#3623,.T.);
#5883=ORIENTED_EDGE('',*,*,#3434,.T.);
#5884=ORIENTED_EDGE('',*,*,#3626,.T.);
#5885=ORIENTED_EDGE('',*,*,#3624,.F.);
#5886=ORIENTED_EDGE('',*,*,#3363,.T.);
#5887=ORIENTED_EDGE('',*,*,#3779,.T.);
#5888=ORIENTED_EDGE('',*,*,#3546,.T.);
#5889=ORIENTED_EDGE('',*,*,#3379,.F.);
#5890=ORIENTED_EDGE('',*,*,#3793,.T.);
#5891=ORIENTED_EDGE('',*,*,#3834,.T.);
#5892=ORIENTED_EDGE('',*,*,#3841,.T.);
#5893=ORIENTED_EDGE('',*,*,#3845,.F.);
#5894=ORIENTED_EDGE('',*,*,#3848,.T.);
#5895=ORIENTED_EDGE('',*,*,#3859,.T.);
#5896=ORIENTED_EDGE('',*,*,#3851,.T.);
#5897=ORIENTED_EDGE('',*,*,#3853,.F.);
#5898=ORIENTED_EDGE('',*,*,#3748,.T.);
#5899=ORIENTED_EDGE('',*,*,#3866,.T.);
#5900=ORIENTED_EDGE('',*,*,#3875,.T.);
#5901=ORIENTED_EDGE('',*,*,#3879,.F.);
#5902=ORIENTED_EDGE('',*,*,#3882,.T.);
#5903=ORIENTED_EDGE('',*,*,#3893,.T.);
#5904=ORIENTED_EDGE('',*,*,#3885,.T.);
#5905=ORIENTED_EDGE('',*,*,#3887,.F.);
#5906=ORIENTED_EDGE('',*,*,#3709,.T.);
#5907=ORIENTED_EDGE('',*,*,#3904,.T.);
#5908=ORIENTED_EDGE('',*,*,#3913,.T.);
#5909=ORIENTED_EDGE('',*,*,#3917,.F.);
#5910=ORIENTED_EDGE('',*,*,#3920,.T.);
#5911=ORIENTED_EDGE('',*,*,#3935,.T.);
#5912=ORIENTED_EDGE('',*,*,#3923,.T.);
#5913=ORIENTED_EDGE('',*,*,#4166,.F.);
#5914=ORIENTED_EDGE('',*,*,#4167,.F.);
#5915=ORIENTED_EDGE('',*,*,#4144,.T.);
#5916=ORIENTED_EDGE('',*,*,#3922,.F.);
#5917=ORIENTED_EDGE('',*,*,#4168,.T.);
#5918=ORIENTED_EDGE('',*,*,#4169,.F.);
#5919=ORIENTED_EDGE('',*,*,#4170,.T.);
#5920=ORIENTED_EDGE('',*,*,#4166,.T.);
#5921=ORIENTED_EDGE('',*,*,#3921,.T.);
#5922=ORIENTED_EDGE('',*,*,#3934,.F.);
#5923=ORIENTED_EDGE('',*,*,#4171,.T.);
#5924=ORIENTED_EDGE('',*,*,#4172,.F.);
#5925=ORIENTED_EDGE('',*,*,#4173,.T.);
#5926=ORIENTED_EDGE('',*,*,#4174,.F.);
#5927=ORIENTED_EDGE('',*,*,#4175,.F.);
#5928=ORIENTED_EDGE('',*,*,#4176,.F.);
#5929=ORIENTED_EDGE('',*,*,#4177,.F.);
#5930=ORIENTED_EDGE('',*,*,#4178,.F.);
#5931=ORIENTED_EDGE('',*,*,#4179,.F.);
#5932=ORIENTED_EDGE('',*,*,#3676,.F.);
#5933=ORIENTED_EDGE('',*,*,#4180,.T.);
#5934=ORIENTED_EDGE('',*,*,#4168,.F.);
#5935=ORIENTED_EDGE('',*,*,#4181,.F.);
#5936=ORIENTED_EDGE('',*,*,#4182,.F.);
#5937=ORIENTED_EDGE('',*,*,#4171,.F.);
#5938=ORIENTED_EDGE('',*,*,#3933,.T.);
#5939=ORIENTED_EDGE('',*,*,#3678,.F.);
#5940=ORIENTED_EDGE('',*,*,#4183,.F.);
#5941=ORIENTED_EDGE('',*,*,#4184,.T.);
#5942=ORIENTED_EDGE('',*,*,#4185,.F.);
#5943=ORIENTED_EDGE('',*,*,#4186,.F.);
#5944=ORIENTED_EDGE('',*,*,#4187,.F.);
#5945=ORIENTED_EDGE('',*,*,#4188,.F.);
#5946=ORIENTED_EDGE('',*,*,#4189,.F.);
#5947=ORIENTED_EDGE('',*,*,#4190,.F.);
#5948=ORIENTED_EDGE('',*,*,#4181,.T.);
#5949=ORIENTED_EDGE('',*,*,#3677,.T.);
#5950=ORIENTED_EDGE('',*,*,#4179,.T.);
#5951=ORIENTED_EDGE('',*,*,#4191,.F.);
#5952=ORIENTED_EDGE('',*,*,#4183,.T.);
#5953=ORIENTED_EDGE('',*,*,#4191,.T.);
#5954=ORIENTED_EDGE('',*,*,#4178,.T.);
#5955=ORIENTED_EDGE('',*,*,#4192,.F.);
#5956=ORIENTED_EDGE('',*,*,#4184,.F.);
#5957=ORIENTED_EDGE('',*,*,#4192,.T.);
#5958=ORIENTED_EDGE('',*,*,#4177,.T.);
#5959=ORIENTED_EDGE('',*,*,#4193,.F.);
#5960=ORIENTED_EDGE('',*,*,#4185,.T.);
#5961=ORIENTED_EDGE('',*,*,#4193,.T.);
#5962=ORIENTED_EDGE('',*,*,#4176,.T.);
#5963=ORIENTED_EDGE('',*,*,#4194,.F.);
#5964=ORIENTED_EDGE('',*,*,#4186,.T.);
#5965=ORIENTED_EDGE('',*,*,#4194,.T.);
#5966=ORIENTED_EDGE('',*,*,#4175,.T.);
#5967=ORIENTED_EDGE('',*,*,#4195,.F.);
#5968=ORIENTED_EDGE('',*,*,#4187,.T.);
#5969=ORIENTED_EDGE('',*,*,#4188,.T.);
#5970=ORIENTED_EDGE('',*,*,#4195,.T.);
#5971=ORIENTED_EDGE('',*,*,#4174,.T.);
#5972=ORIENTED_EDGE('',*,*,#4196,.F.);
#5973=ORIENTED_EDGE('',*,*,#4196,.T.);
#5974=ORIENTED_EDGE('',*,*,#4173,.F.);
#5975=ORIENTED_EDGE('',*,*,#4197,.F.);
#5976=ORIENTED_EDGE('',*,*,#4189,.T.);
#5977=ORIENTED_EDGE('',*,*,#4197,.T.);
#5978=ORIENTED_EDGE('',*,*,#4172,.T.);
#5979=ORIENTED_EDGE('',*,*,#4182,.T.);
#5980=ORIENTED_EDGE('',*,*,#4190,.T.);
#5981=ORIENTED_EDGE('',*,*,#4198,.F.);
#5982=ORIENTED_EDGE('',*,*,#3674,.F.);
#5983=ORIENTED_EDGE('',*,*,#4199,.F.);
#5984=ORIENTED_EDGE('',*,*,#4200,.T.);
#5985=ORIENTED_EDGE('',*,*,#4201,.T.);
#5986=ORIENTED_EDGE('',*,*,#4202,.T.);
#5987=ORIENTED_EDGE('',*,*,#4203,.F.);
#5988=ORIENTED_EDGE('',*,*,#4204,.T.);
#5989=ORIENTED_EDGE('',*,*,#4205,.F.);
#5990=ORIENTED_EDGE('',*,*,#4206,.T.);
#5991=ORIENTED_EDGE('',*,*,#4207,.F.);
#5992=ORIENTED_EDGE('',*,*,#4208,.F.);
#5993=ORIENTED_EDGE('',*,*,#4207,.T.);
#5994=ORIENTED_EDGE('',*,*,#4209,.F.);
#5995=ORIENTED_EDGE('',*,*,#4210,.F.);
#5996=ORIENTED_EDGE('',*,*,#4210,.T.);
#5997=ORIENTED_EDGE('',*,*,#4211,.F.);
#5998=ORIENTED_EDGE('',*,*,#4212,.T.);
#5999=ORIENTED_EDGE('',*,*,#4213,.F.);
#6000=ORIENTED_EDGE('',*,*,#4214,.F.);
#6001=ORIENTED_EDGE('',*,*,#4215,.F.);
#6002=ORIENTED_EDGE('',*,*,#4216,.F.);
#6003=ORIENTED_EDGE('',*,*,#4217,.F.);
#6004=ORIENTED_EDGE('',*,*,#4218,.F.);
#6005=ORIENTED_EDGE('',*,*,#3672,.F.);
#6006=ORIENTED_EDGE('',*,*,#4219,.T.);
#6007=ORIENTED_EDGE('',*,*,#4198,.T.);
#6008=ORIENTED_EDGE('',*,*,#4220,.T.);
#6009=ORIENTED_EDGE('',*,*,#4221,.T.);
#6010=ORIENTED_EDGE('',*,*,#4146,.F.);
#6011=ORIENTED_EDGE('',*,*,#4222,.T.);
#6012=ORIENTED_EDGE('',*,*,#4169,.T.);
#6013=ORIENTED_EDGE('',*,*,#4180,.F.);
#6014=ORIENTED_EDGE('',*,*,#3675,.T.);
#6015=ORIENTED_EDGE('',*,*,#4223,.F.);
#6016=ORIENTED_EDGE('',*,*,#4224,.T.);
#6017=ORIENTED_EDGE('',*,*,#4147,.F.);
#6018=ORIENTED_EDGE('',*,*,#4221,.F.);
#6019=ORIENTED_EDGE('',*,*,#4225,.T.);
#6020=ORIENTED_EDGE('',*,*,#4223,.T.);
#6021=ORIENTED_EDGE('',*,*,#4220,.F.);
#6022=ORIENTED_EDGE('',*,*,#4208,.T.);
#6023=ORIENTED_EDGE('',*,*,#4226,.F.);
#6024=ORIENTED_EDGE('',*,*,#4227,.T.);
#6025=ORIENTED_EDGE('',*,*,#4148,.T.);
#6026=ORIENTED_EDGE('',*,*,#4224,.F.);
#6027=ORIENTED_EDGE('',*,*,#4225,.F.);
#6028=ORIENTED_EDGE('',*,*,#4228,.F.);
#6029=ORIENTED_EDGE('',*,*,#4227,.F.);
#6030=ORIENTED_EDGE('',*,*,#4229,.F.);
#6031=ORIENTED_EDGE('',*,*,#4149,.F.);
#6032=ORIENTED_EDGE('',*,*,#4228,.T.);
#6033=ORIENTED_EDGE('',*,*,#4230,.F.);
#6034=ORIENTED_EDGE('',*,*,#4231,.T.);
#6035=ORIENTED_EDGE('',*,*,#4151,.F.);
#6036=ORIENTED_EDGE('',*,*,#4232,.F.);
#6037=ORIENTED_EDGE('',*,*,#4152,.T.);
#6038=ORIENTED_EDGE('',*,*,#4231,.F.);
#6039=ORIENTED_EDGE('',*,*,#4233,.F.);
#6040=ORIENTED_EDGE('',*,*,#4234,.F.);
#6041=ORIENTED_EDGE('',*,*,#4233,.T.);
#6042=ORIENTED_EDGE('',*,*,#4230,.T.);
#6043=ORIENTED_EDGE('',*,*,#4235,.F.);
#6044=ORIENTED_EDGE('',*,*,#4236,.T.);
#6045=ORIENTED_EDGE('',*,*,#4237,.F.);
#6046=ORIENTED_EDGE('',*,*,#4238,.T.);
#6047=ORIENTED_EDGE('',*,*,#4239,.T.);
#6048=ORIENTED_EDGE('',*,*,#4235,.T.);
#6049=ORIENTED_EDGE('',*,*,#4232,.T.);
#6050=ORIENTED_EDGE('',*,*,#4150,.F.);
#6051=ORIENTED_EDGE('',*,*,#4229,.T.);
#6052=ORIENTED_EDGE('',*,*,#4226,.T.);
#6053=ORIENTED_EDGE('',*,*,#4219,.F.);
#6054=ORIENTED_EDGE('',*,*,#3671,.T.);
#6055=ORIENTED_EDGE('',*,*,#4240,.T.);
#6056=ORIENTED_EDGE('',*,*,#4241,.F.);
#6057=ORIENTED_EDGE('',*,*,#4242,.T.);
#6058=ORIENTED_EDGE('',*,*,#4243,.F.);
#6059=ORIENTED_EDGE('',*,*,#4244,.F.);
#6060=ORIENTED_EDGE('',*,*,#4245,.F.);
#6061=ORIENTED_EDGE('',*,*,#4246,.F.);
#6062=ORIENTED_EDGE('',*,*,#4247,.F.);
#6063=ORIENTED_EDGE('',*,*,#4248,.F.);
#6064=ORIENTED_EDGE('',*,*,#3668,.F.);
#6065=ORIENTED_EDGE('',*,*,#4249,.T.);
#6066=ORIENTED_EDGE('',*,*,#4236,.F.);
#6067=ORIENTED_EDGE('',*,*,#4250,.T.);
#6068=ORIENTED_EDGE('',*,*,#4251,.F.);
#6069=ORIENTED_EDGE('',*,*,#4240,.F.);
#6070=ORIENTED_EDGE('',*,*,#4239,.F.);
#6071=ORIENTED_EDGE('',*,*,#3670,.F.);
#6072=ORIENTED_EDGE('',*,*,#4252,.F.);
#6073=ORIENTED_EDGE('',*,*,#4253,.T.);
#6074=ORIENTED_EDGE('',*,*,#4254,.T.);
#6075=ORIENTED_EDGE('',*,*,#4255,.T.);
#6076=ORIENTED_EDGE('',*,*,#4256,.F.);
#6077=ORIENTED_EDGE('',*,*,#4257,.T.);
#6078=ORIENTED_EDGE('',*,*,#4258,.F.);
#6079=ORIENTED_EDGE('',*,*,#4259,.T.);
#6080=ORIENTED_EDGE('',*,*,#4250,.F.);
#6081=ORIENTED_EDGE('',*,*,#4260,.T.);
#6082=ORIENTED_EDGE('',*,*,#4261,.T.);
#6083=ORIENTED_EDGE('',*,*,#4262,.T.);
#6084=ORIENTED_EDGE('',*,*,#4154,.F.);
#6085=ORIENTED_EDGE('',*,*,#4263,.T.);
#6086=ORIENTED_EDGE('',*,*,#4237,.T.);
#6087=ORIENTED_EDGE('',*,*,#4249,.F.);
#6088=ORIENTED_EDGE('',*,*,#3667,.T.);
#6089=ORIENTED_EDGE('',*,*,#4260,.F.);
#6090=ORIENTED_EDGE('',*,*,#3666,.F.);
#6091=ORIENTED_EDGE('',*,*,#4264,.F.);
#6092=ORIENTED_EDGE('',*,*,#4265,.T.);
#6093=ORIENTED_EDGE('',*,*,#4266,.T.);
#6094=ORIENTED_EDGE('',*,*,#4267,.T.);
#6095=ORIENTED_EDGE('',*,*,#4268,.F.);
#6096=ORIENTED_EDGE('',*,*,#4269,.T.);
#6097=ORIENTED_EDGE('',*,*,#4270,.F.);
#6098=ORIENTED_EDGE('',*,*,#4271,.T.);
#6099=ORIENTED_EDGE('',*,*,#4272,.F.);
#6100=ORIENTED_EDGE('',*,*,#4273,.F.);
#6101=ORIENTED_EDGE('',*,*,#4272,.T.);
#6102=ORIENTED_EDGE('',*,*,#4274,.F.);
#6103=ORIENTED_EDGE('',*,*,#4275,.F.);
#6104=ORIENTED_EDGE('',*,*,#4275,.T.);
#6105=ORIENTED_EDGE('',*,*,#4276,.F.);
#6106=ORIENTED_EDGE('',*,*,#4277,.T.);
#6107=ORIENTED_EDGE('',*,*,#4278,.F.);
#6108=ORIENTED_EDGE('',*,*,#4279,.F.);
#6109=ORIENTED_EDGE('',*,*,#4280,.F.);
#6110=ORIENTED_EDGE('',*,*,#4281,.F.);
#6111=ORIENTED_EDGE('',*,*,#4282,.F.);
#6112=ORIENTED_EDGE('',*,*,#4283,.F.);
#6113=ORIENTED_EDGE('',*,*,#3664,.F.);
#6114=ORIENTED_EDGE('',*,*,#4284,.T.);
#6115=ORIENTED_EDGE('',*,*,#4285,.F.);
#6116=ORIENTED_EDGE('',*,*,#4286,.T.);
#6117=ORIENTED_EDGE('',*,*,#4155,.F.);
#6118=ORIENTED_EDGE('',*,*,#4262,.F.);
#6119=ORIENTED_EDGE('',*,*,#4287,.T.);
#6120=ORIENTED_EDGE('',*,*,#4285,.T.);
#6121=ORIENTED_EDGE('',*,*,#4261,.F.);
#6122=ORIENTED_EDGE('',*,*,#4273,.T.);
#6123=ORIENTED_EDGE('',*,*,#4288,.F.);
#6124=ORIENTED_EDGE('',*,*,#4289,.T.);
#6125=ORIENTED_EDGE('',*,*,#4156,.T.);
#6126=ORIENTED_EDGE('',*,*,#4286,.F.);
#6127=ORIENTED_EDGE('',*,*,#4287,.F.);
#6128=ORIENTED_EDGE('',*,*,#4290,.F.);
#6129=ORIENTED_EDGE('',*,*,#4289,.F.);
#6130=ORIENTED_EDGE('',*,*,#4291,.F.);
#6131=ORIENTED_EDGE('',*,*,#4157,.F.);
#6132=ORIENTED_EDGE('',*,*,#4290,.T.);
#6133=ORIENTED_EDGE('',*,*,#4292,.F.);
#6134=ORIENTED_EDGE('',*,*,#4293,.T.);
#6135=ORIENTED_EDGE('',*,*,#4159,.F.);
#6136=ORIENTED_EDGE('',*,*,#4294,.F.);
#6137=ORIENTED_EDGE('',*,*,#4160,.T.);
#6138=ORIENTED_EDGE('',*,*,#4293,.F.);
#6139=ORIENTED_EDGE('',*,*,#4295,.F.);
#6140=ORIENTED_EDGE('',*,*,#4296,.F.);
#6141=ORIENTED_EDGE('',*,*,#4295,.T.);
#6142=ORIENTED_EDGE('',*,*,#4292,.T.);
#6143=ORIENTED_EDGE('',*,*,#4297,.F.);
#6144=ORIENTED_EDGE('',*,*,#4298,.T.);
#6145=ORIENTED_EDGE('',*,*,#4122,.F.);
#6146=ORIENTED_EDGE('',*,*,#4299,.T.);
#6147=ORIENTED_EDGE('',*,*,#4300,.T.);
#6148=ORIENTED_EDGE('',*,*,#4297,.T.);
#6149=ORIENTED_EDGE('',*,*,#4294,.T.);
#6150=ORIENTED_EDGE('',*,*,#4158,.F.);
#6151=ORIENTED_EDGE('',*,*,#4291,.T.);
#6152=ORIENTED_EDGE('',*,*,#4288,.T.);
#6153=ORIENTED_EDGE('',*,*,#4284,.F.);
#6154=ORIENTED_EDGE('',*,*,#3663,.T.);
#6155=ORIENTED_EDGE('',*,*,#4298,.F.);
#6156=ORIENTED_EDGE('',*,*,#4301,.T.);
#6157=ORIENTED_EDGE('',*,*,#4302,.F.);
#6158=ORIENTED_EDGE('',*,*,#4108,.F.);
#6159=ORIENTED_EDGE('',*,*,#4300,.F.);
#6160=ORIENTED_EDGE('',*,*,#3662,.F.);
#6161=ORIENTED_EDGE('',*,*,#4303,.F.);
#6162=ORIENTED_EDGE('',*,*,#4304,.T.);
#6163=ORIENTED_EDGE('',*,*,#4305,.T.);
#6164=ORIENTED_EDGE('',*,*,#4306,.T.);
#6165=ORIENTED_EDGE('',*,*,#4307,.F.);
#6166=ORIENTED_EDGE('',*,*,#4308,.T.);
#6167=ORIENTED_EDGE('',*,*,#4309,.F.);
#6168=ORIENTED_EDGE('',*,*,#4310,.T.);
#6169=ORIENTED_EDGE('',*,*,#4301,.F.);
#6170=ORIENTED_EDGE('',*,*,#4311,.T.);
#6171=ORIENTED_EDGE('',*,*,#4109,.T.);
#6172=ORIENTED_EDGE('',*,*,#4302,.T.);
#6173=ORIENTED_EDGE('',*,*,#4310,.F.);
#6174=ORIENTED_EDGE('',*,*,#4312,.T.);
#6175=ORIENTED_EDGE('',*,*,#4110,.F.);
#6176=ORIENTED_EDGE('',*,*,#4311,.F.);
#6177=ORIENTED_EDGE('',*,*,#4309,.T.);
#6178=ORIENTED_EDGE('',*,*,#4308,.F.);
#6179=ORIENTED_EDGE('',*,*,#4313,.T.);
#6180=ORIENTED_EDGE('',*,*,#4111,.T.);
#6181=ORIENTED_EDGE('',*,*,#4312,.F.);
#6182=ORIENTED_EDGE('',*,*,#4314,.T.);
#6183=ORIENTED_EDGE('',*,*,#4112,.T.);
#6184=ORIENTED_EDGE('',*,*,#4313,.F.);
#6185=ORIENTED_EDGE('',*,*,#4307,.T.);
#6186=ORIENTED_EDGE('',*,*,#4315,.T.);
#6187=ORIENTED_EDGE('',*,*,#4113,.T.);
#6188=ORIENTED_EDGE('',*,*,#4314,.F.);
#6189=ORIENTED_EDGE('',*,*,#4306,.F.);
#6190=ORIENTED_EDGE('',*,*,#4316,.T.);
#6191=ORIENTED_EDGE('',*,*,#4114,.T.);
#6192=ORIENTED_EDGE('',*,*,#4315,.F.);
#6193=ORIENTED_EDGE('',*,*,#4305,.F.);
#6194=ORIENTED_EDGE('',*,*,#4317,.T.);
#6195=ORIENTED_EDGE('',*,*,#4115,.T.);
#6196=ORIENTED_EDGE('',*,*,#4316,.F.);
#6197=ORIENTED_EDGE('',*,*,#4304,.F.);
#6198=ORIENTED_EDGE('',*,*,#3661,.T.);
#6199=ORIENTED_EDGE('',*,*,#4116,.T.);
#6200=ORIENTED_EDGE('',*,*,#4317,.F.);
#6201=ORIENTED_EDGE('',*,*,#4303,.T.);
#6202=ORIENTED_EDGE('',*,*,#4299,.F.);
#6203=ORIENTED_EDGE('',*,*,#4121,.F.);
#6204=ORIENTED_EDGE('',*,*,#4161,.F.);
#6205=ORIENTED_EDGE('',*,*,#4296,.T.);
#6206=ORIENTED_EDGE('',*,*,#3665,.T.);
#6207=ORIENTED_EDGE('',*,*,#4283,.T.);
#6208=ORIENTED_EDGE('',*,*,#4318,.F.);
#6209=ORIENTED_EDGE('',*,*,#4264,.T.);
#6210=ORIENTED_EDGE('',*,*,#4318,.T.);
#6211=ORIENTED_EDGE('',*,*,#4282,.T.);
#6212=ORIENTED_EDGE('',*,*,#4319,.F.);
#6213=ORIENTED_EDGE('',*,*,#4265,.F.);
#6214=ORIENTED_EDGE('',*,*,#4319,.T.);
#6215=ORIENTED_EDGE('',*,*,#4281,.T.);
#6216=ORIENTED_EDGE('',*,*,#4320,.F.);
#6217=ORIENTED_EDGE('',*,*,#4266,.F.);
#6218=ORIENTED_EDGE('',*,*,#4320,.T.);
#6219=ORIENTED_EDGE('',*,*,#4280,.T.);
#6220=ORIENTED_EDGE('',*,*,#4321,.F.);
#6221=ORIENTED_EDGE('',*,*,#4267,.F.);
#6222=ORIENTED_EDGE('',*,*,#4321,.T.);
#6223=ORIENTED_EDGE('',*,*,#4279,.T.);
#6224=ORIENTED_EDGE('',*,*,#4322,.F.);
#6225=ORIENTED_EDGE('',*,*,#4268,.T.);
#6226=ORIENTED_EDGE('',*,*,#4269,.F.);
#6227=ORIENTED_EDGE('',*,*,#4322,.T.);
#6228=ORIENTED_EDGE('',*,*,#4278,.T.);
#6229=ORIENTED_EDGE('',*,*,#4323,.F.);
#6230=ORIENTED_EDGE('',*,*,#4323,.T.);
#6231=ORIENTED_EDGE('',*,*,#4277,.F.);
#6232=ORIENTED_EDGE('',*,*,#4324,.F.);
#6233=ORIENTED_EDGE('',*,*,#4270,.T.);
#6234=ORIENTED_EDGE('',*,*,#4324,.T.);
#6235=ORIENTED_EDGE('',*,*,#4276,.T.);
#6236=ORIENTED_EDGE('',*,*,#4274,.T.);
#6237=ORIENTED_EDGE('',*,*,#4271,.F.);
#6238=ORIENTED_EDGE('',*,*,#3669,.T.);
#6239=ORIENTED_EDGE('',*,*,#4248,.T.);
#6240=ORIENTED_EDGE('',*,*,#4325,.F.);
#6241=ORIENTED_EDGE('',*,*,#4252,.T.);
#6242=ORIENTED_EDGE('',*,*,#4325,.T.);
#6243=ORIENTED_EDGE('',*,*,#4247,.T.);
#6244=ORIENTED_EDGE('',*,*,#4326,.F.);
#6245=ORIENTED_EDGE('',*,*,#4253,.F.);
#6246=ORIENTED_EDGE('',*,*,#4326,.T.);
#6247=ORIENTED_EDGE('',*,*,#4246,.T.);
#6248=ORIENTED_EDGE('',*,*,#4327,.F.);
#6249=ORIENTED_EDGE('',*,*,#4254,.F.);
#6250=ORIENTED_EDGE('',*,*,#4327,.T.);
#6251=ORIENTED_EDGE('',*,*,#4245,.T.);
#6252=ORIENTED_EDGE('',*,*,#4328,.F.);
#6253=ORIENTED_EDGE('',*,*,#4255,.F.);
#6254=ORIENTED_EDGE('',*,*,#4328,.T.);
#6255=ORIENTED_EDGE('',*,*,#4244,.T.);
#6256=ORIENTED_EDGE('',*,*,#4329,.F.);
#6257=ORIENTED_EDGE('',*,*,#4256,.T.);
#6258=ORIENTED_EDGE('',*,*,#4257,.F.);
#6259=ORIENTED_EDGE('',*,*,#4329,.T.);
#6260=ORIENTED_EDGE('',*,*,#4243,.T.);
#6261=ORIENTED_EDGE('',*,*,#4330,.F.);
#6262=ORIENTED_EDGE('',*,*,#4330,.T.);
#6263=ORIENTED_EDGE('',*,*,#4242,.F.);
#6264=ORIENTED_EDGE('',*,*,#4331,.F.);
#6265=ORIENTED_EDGE('',*,*,#4258,.T.);
#6266=ORIENTED_EDGE('',*,*,#4331,.T.);
#6267=ORIENTED_EDGE('',*,*,#4241,.T.);
#6268=ORIENTED_EDGE('',*,*,#4251,.T.);
#6269=ORIENTED_EDGE('',*,*,#4259,.F.);
#6270=ORIENTED_EDGE('',*,*,#4238,.F.);
#6271=ORIENTED_EDGE('',*,*,#4263,.F.);
#6272=ORIENTED_EDGE('',*,*,#4153,.F.);
#6273=ORIENTED_EDGE('',*,*,#4234,.T.);
#6274=ORIENTED_EDGE('',*,*,#3673,.T.);
#6275=ORIENTED_EDGE('',*,*,#4218,.T.);
#6276=ORIENTED_EDGE('',*,*,#4332,.F.);
#6277=ORIENTED_EDGE('',*,*,#4199,.T.);
#6278=ORIENTED_EDGE('',*,*,#4332,.T.);
#6279=ORIENTED_EDGE('',*,*,#4217,.T.);
#6280=ORIENTED_EDGE('',*,*,#4333,.F.);
#6281=ORIENTED_EDGE('',*,*,#4200,.F.);
#6282=ORIENTED_EDGE('',*,*,#4333,.T.);
#6283=ORIENTED_EDGE('',*,*,#4216,.T.);
#6284=ORIENTED_EDGE('',*,*,#4334,.F.);
#6285=ORIENTED_EDGE('',*,*,#4201,.F.);
#6286=ORIENTED_EDGE('',*,*,#4334,.T.);
#6287=ORIENTED_EDGE('',*,*,#4215,.T.);
#6288=ORIENTED_EDGE('',*,*,#4335,.F.);
#6289=ORIENTED_EDGE('',*,*,#4202,.F.);
#6290=ORIENTED_EDGE('',*,*,#4335,.T.);
#6291=ORIENTED_EDGE('',*,*,#4214,.T.);
#6292=ORIENTED_EDGE('',*,*,#4336,.F.);
#6293=ORIENTED_EDGE('',*,*,#4203,.T.);
#6294=ORIENTED_EDGE('',*,*,#4204,.F.);
#6295=ORIENTED_EDGE('',*,*,#4336,.T.);
#6296=ORIENTED_EDGE('',*,*,#4213,.T.);
#6297=ORIENTED_EDGE('',*,*,#4337,.F.);
#6298=ORIENTED_EDGE('',*,*,#4337,.T.);
#6299=ORIENTED_EDGE('',*,*,#4212,.F.);
#6300=ORIENTED_EDGE('',*,*,#4338,.F.);
#6301=ORIENTED_EDGE('',*,*,#4205,.T.);
#6302=ORIENTED_EDGE('',*,*,#4338,.T.);
#6303=ORIENTED_EDGE('',*,*,#4211,.T.);
#6304=ORIENTED_EDGE('',*,*,#4209,.T.);
#6305=ORIENTED_EDGE('',*,*,#4206,.F.);
#6306=ORIENTED_EDGE('',*,*,#4170,.F.);
#6307=ORIENTED_EDGE('',*,*,#4222,.F.);
#6308=ORIENTED_EDGE('',*,*,#4145,.F.);
#6309=ORIENTED_EDGE('',*,*,#4167,.T.);
#6310=ORIENTED_EDGE('',*,*,#4339,.F.);
#6311=ORIENTED_EDGE('',*,*,#4340,.T.);
#6312=ORIENTED_EDGE('',*,*,#4163,.F.);
#6313=ORIENTED_EDGE('',*,*,#4341,.F.);
#6314=ORIENTED_EDGE('',*,*,#4164,.T.);
#6315=ORIENTED_EDGE('',*,*,#4340,.F.);
#6316=ORIENTED_EDGE('',*,*,#4342,.F.);
#6317=ORIENTED_EDGE('',*,*,#3393,.F.);
#6318=ORIENTED_EDGE('',*,*,#4342,.T.);
#6319=ORIENTED_EDGE('',*,*,#4339,.T.);
#6320=ORIENTED_EDGE('',*,*,#4343,.F.);
#6321=ORIENTED_EDGE('',*,*,#4089,.T.);
#6322=ORIENTED_EDGE('',*,*,#4344,.F.);
#6323=ORIENTED_EDGE('',*,*,#3390,.T.);
#6324=ORIENTED_EDGE('',*,*,#4092,.T.);
#6325=ORIENTED_EDGE('',*,*,#4343,.T.);
#6326=ORIENTED_EDGE('',*,*,#4341,.T.);
#6327=ORIENTED_EDGE('',*,*,#4162,.F.);
#6328=ORIENTED_EDGE('',*,*,#3789,.T.);
#6329=ORIENTED_EDGE('',*,*,#4142,.T.);
#6330=ORIENTED_EDGE('',*,*,#4036,.F.);
#6331=ORIENTED_EDGE('',*,*,#3655,.T.);
#6332=ORIENTED_EDGE('',*,*,#4055,.T.);
#6333=ORIENTED_EDGE('',*,*,#3937,.F.);
#6334=ORIENTED_EDGE('',*,*,#3630,.T.);
#6335=ORIENTED_EDGE('',*,*,#4165,.F.);
#6336=ORIENTED_EDGE('',*,*,#3391,.T.);
#6337=ORIENTED_EDGE('',*,*,#4344,.T.);
#6338=ORIENTED_EDGE('',*,*,#4088,.T.);
#6339=ORIENTED_EDGE('',*,*,#3651,.T.);
#6340=ORIENTED_EDGE('',*,*,#3522,.T.);
#6341=ORIENTED_EDGE('',*,*,#4078,.F.);
#6342=ORIENTED_EDGE('',*,*,#4076,.T.);
#6343=ORIENTED_EDGE('',*,*,#4074,.F.);
#6344=ORIENTED_EDGE('',*,*,#4072,.T.);
#6345=ORIENTED_EDGE('',*,*,#4070,.F.);
#6346=ORIENTED_EDGE('',*,*,#4068,.F.);
#6347=ORIENTED_EDGE('',*,*,#4066,.F.);
#6348=ORIENTED_EDGE('',*,*,#4064,.T.);
#6349=ORIENTED_EDGE('',*,*,#3648,.T.);
#6350=ORIENTED_EDGE('',*,*,#4022,.T.);
#6351=PLANE('',#7028);
#6352=PLANE('',#7029);
#6353=PLANE('',#7030);
#6354=PLANE('',#7032);
#6355=PLANE('',#7033);
#6356=PLANE('',#7037);
#6357=PLANE('',#7038);
#6358=PLANE('',#7041);
#6359=PLANE('',#7045);
#6360=PLANE('',#7046);
#6361=PLANE('',#7047);
#6362=PLANE('',#7048);
#6363=PLANE('',#7049);
#6364=PLANE('',#7052);
#6365=PLANE('',#7053);
#6366=PLANE('',#7056);
#6367=PLANE('',#7057);
#6368=PLANE('',#7060);
#6369=PLANE('',#7061);
#6370=PLANE('',#7062);
#6371=PLANE('',#7065);
#6372=PLANE('',#7067);
#6373=PLANE('',#7068);
#6374=PLANE('',#7069);
#6375=PLANE('',#7070);
#6376=PLANE('',#7072);
#6377=PLANE('',#7073);
#6378=PLANE('',#7074);
#6379=PLANE('',#7075);
#6380=PLANE('',#7076);
#6381=PLANE('',#7077);
#6382=PLANE('',#7078);
#6383=PLANE('',#7079);
#6384=PLANE('',#7080);
#6385=PLANE('',#7081);
#6386=PLANE('',#7082);
#6387=PLANE('',#7083);
#6388=PLANE('',#7084);
#6389=PLANE('',#7085);
#6390=PLANE('',#7089);
#6391=PLANE('',#7090);
#6392=PLANE('',#7091);
#6393=PLANE('',#7092);
#6394=PLANE('',#7093);
#6395=PLANE('',#7094);
#6396=PLANE('',#7096);
#6397=PLANE('',#7097);
#6398=PLANE('',#7098);
#6399=PLANE('',#7099);
#6400=PLANE('',#7101);
#6401=PLANE('',#7102);
#6402=PLANE('',#7103);
#6403=PLANE('',#7104);
#6404=PLANE('',#7105);
#6405=PLANE('',#7106);
#6406=PLANE('',#7110);
#6407=PLANE('',#7111);
#6408=PLANE('',#7112);
#6409=PLANE('',#7116);
#6410=PLANE('',#7117);
#6411=PLANE('',#7118);
#6412=PLANE('',#7122);
#6413=PLANE('',#7126);
#6414=PLANE('',#7127);
#6415=PLANE('',#7128);
#6416=PLANE('',#7129);
#6417=PLANE('',#7130);
#6418=PLANE('',#7132);
#6419=PLANE('',#7134);
#6420=PLANE('',#7136);
#6421=PLANE('',#7137);
#6422=PLANE('',#7138);
#6423=PLANE('',#7139);
#6424=PLANE('',#7140);
#6425=PLANE('',#7141);
#6426=PLANE('',#7142);
#6427=PLANE('',#7143);
#6428=PLANE('',#7147);
#6429=PLANE('',#7154);
#6430=PLANE('',#7158);
#6431=PLANE('',#7159);
#6432=PLANE('',#7163);
#6433=PLANE('',#7164);
#6434=PLANE('',#7165);
#6435=PLANE('',#7169);
#6436=PLANE('',#7170);
#6437=PLANE('',#7171);
#6438=PLANE('',#7175);
#6439=PLANE('',#7176);
#6440=PLANE('',#7177);
#6441=PLANE('',#7178);
#6442=PLANE('',#7179);
#6443=PLANE('',#7180);
#6444=PLANE('',#7181);
#6445=PLANE('',#7182);
#6446=PLANE('',#7183);
#6447=PLANE('',#7184);
#6448=PLANE('',#7185);
#6449=PLANE('',#7186);
#6450=PLANE('',#7187);
#6451=PLANE('',#7188);
#6452=PLANE('',#7189);
#6453=PLANE('',#7190);
#6454=PLANE('',#7191);
#6455=PLANE('',#7192);
#6456=PLANE('',#7193);
#6457=PLANE('',#7194);
#6458=PLANE('',#7195);
#6459=PLANE('',#7196);
#6460=PLANE('',#7197);
#6461=PLANE('',#7198);
#6462=PLANE('',#7199);
#6463=PLANE('',#7200);
#6464=PLANE('',#7201);
#6465=PLANE('',#7202);
#6466=PLANE('',#7203);
#6467=PLANE('',#7204);
#6468=PLANE('',#7208);
#6469=PLANE('',#7209);
#6470=PLANE('',#7213);
#6471=PLANE('',#7214);
#6472=PLANE('',#7215);
#6473=PLANE('',#7216);
#6474=PLANE('',#7217);
#6475=PLANE('',#7218);
#6476=PLANE('',#7219);
#6477=PLANE('',#7220);
#6478=PLANE('',#7221);
#6479=PLANE('',#7222);
#6480=PLANE('',#7223);
#6481=PLANE('',#7224);
#6482=PLANE('',#7225);
#6483=PLANE('',#7226);
#6484=PLANE('',#7227);
#6485=PLANE('',#7228);
#6486=PLANE('',#7229);
#6487=PLANE('',#7230);
#6488=PLANE('',#7231);
#6489=PLANE('',#7232);
#6490=PLANE('',#7233);
#6491=PLANE('',#7234);
#6492=PLANE('',#7235);
#6493=PLANE('',#7236);
#6494=PLANE('',#7237);
#6495=PLANE('',#7238);
#6496=PLANE('',#7239);
#6497=PLANE('',#7240);
#6498=PLANE('',#7241);
#6499=PLANE('',#7242);
#6500=PLANE('',#7243);
#6501=PLANE('',#7244);
#6502=PLANE('',#7245);
#6503=PLANE('',#7246);
#6504=PLANE('',#7247);
#6505=PLANE('',#7248);
#6506=PLANE('',#7249);
#6507=PLANE('',#7250);
#6508=PLANE('',#7251);
#6509=PLANE('',#7252);
#6510=PLANE('',#7253);
#6511=PLANE('',#7254);
#6512=PLANE('',#7255);
#6513=PLANE('',#7256);
#6514=PLANE('',#7257);
#6515=PLANE('',#7258);
#6516=PLANE('',#7259);
#6517=PLANE('',#7260);
#6518=PLANE('',#7261);
#6519=PLANE('',#7262);
#6520=PLANE('',#7263);
#6521=PLANE('',#7264);
#6522=PLANE('',#7265);
#6523=PLANE('',#7266);
#6524=PLANE('',#7267);
#6525=PLANE('',#7268);
#6526=PLANE('',#7269);
#6527=PLANE('',#7270);
#6528=PLANE('',#7271);
#6529=PLANE('',#7275);
#6530=PLANE('',#7276);
#6531=PLANE('',#7277);
#6532=PLANE('',#7281);
#6533=PLANE('',#7282);
#6534=PLANE('',#7283);
#6535=PLANE('',#7287);
#6536=PLANE('',#7291);
#6537=PLANE('',#7292);
#6538=PLANE('',#7293);
#6539=PLANE('',#7294);
#6540=PLANE('',#7295);
#6541=PLANE('',#7297);
#6542=PLANE('',#7299);
#6543=PLANE('',#7301);
#6544=PLANE('',#7302);
#6545=PLANE('',#7303);
#6546=PLANE('',#7306);
#6547=PLANE('',#7307);
#6548=PLANE('',#7308);
#6549=PLANE('',#7309);
#6550=PLANE('',#7310);
#6551=PLANE('',#7311);
#6552=PLANE('',#7312);
#6553=PLANE('',#7313);
#6554=PLANE('',#7314);
#6555=PLANE('',#7315);
#6556=PLANE('',#7316);
#6557=PLANE('',#7319);
#6558=PLANE('',#7320);
#6559=PLANE('',#7321);
#6560=PLANE('',#7322);
#6561=PLANE('',#7325);
#6562=PLANE('',#7326);
#6563=PLANE('',#7327);
#6564=PLANE('',#7328);
#6565=PLANE('',#7331);
#6566=PLANE('',#7332);
#6567=PLANE('',#7335);
#6568=PLANE('',#7336);
#6569=PLANE('',#7339);
#6570=PLANE('',#7341);
#6571=PLANE('',#7342);
#6572=PLANE('',#7343);
#6573=PLANE('',#7344);
#6574=PLANE('',#7346);
#6575=PLANE('',#7347);
#6576=PLANE('',#7350);
#6577=PLANE('',#7351);
#6578=PLANE('',#7352);
#6579=PLANE('',#7355);
#6580=PLANE('',#7357);
#6581=PLANE('',#7358);
#6582=PLANE('',#7359);
#6583=PLANE('',#7360);
#6584=PLANE('',#7362);
#6585=PLANE('',#7363);
#6586=PLANE('',#7364);
#6587=PLANE('',#7365);
#6588=PLANE('',#7366);
#6589=PLANE('',#7367);
#6590=PLANE('',#7368);
#6591=PLANE('',#7371);
#6592=PLANE('',#7372);
#6593=PLANE('',#7375);
#6594=PLANE('',#7377);
#6595=PLANE('',#7378);
#6596=PLANE('',#7379);
#6597=PLANE('',#7380);
#6598=PLANE('',#7382);
#6599=PLANE('',#7383);
#6600=PLANE('',#7386);
#6601=PLANE('',#7387);
#6602=PLANE('',#7390);
#6603=PLANE('',#7391);
#6604=PLANE('',#7392);
#6605=PLANE('',#7393);
#6606=PLANE('',#7394);
#6607=PLANE('',#7395);
#6608=PLANE('',#7396);
#6609=PLANE('',#7397);
#6610=PLANE('',#7398);
#6611=PLANE('',#7399);
#6612=PLANE('',#7402);
#6613=PLANE('',#7403);
#6614=PLANE('',#7406);
#6615=PLANE('',#7407);
#6616=PLANE('',#7410);
#6617=PLANE('',#7411);
#6618=PLANE('',#7414);
#6619=PLANE('',#7415);
#6620=PLANE('',#7416);
#6621=PLANE('',#7417);
#6622=PLANE('',#7418);
#6623=PLANE('',#7419);
#6624=PLANE('',#7420);
#6625=PLANE('',#7421);
#6626=PLANE('',#7422);
#6627=PLANE('',#7423);
#6628=PLANE('',#7426);
#6629=PLANE('',#7428);
#6630=PLANE('',#7429);
#6631=PLANE('',#7430);
#6632=PLANE('',#7431);
#6633=PLANE('',#7433);
#6634=PLANE('',#7434);
#6635=PLANE('',#7435);
#6636=PLANE('',#7437);
#6637=PLANE('',#7438);
#6638=PLANE('',#7439);
#6639=PLANE('',#7440);
#6640=PLANE('',#7442);
#6641=PLANE('',#7443);
#6642=PLANE('',#7445);
#6643=PLANE('',#7446);
#6644=PLANE('',#7447);
#6645=PLANE('',#7448);
#6646=PLANE('',#7450);
#6647=PLANE('',#7451);
#6648=PLANE('',#7452);
#6649=PLANE('',#7454);
#6650=PLANE('',#7455);
#6651=PLANE('',#7456);
#6652=PLANE('',#7457);
#6653=PLANE('',#7459);
#6654=PLANE('',#7460);
#6655=PLANE('',#7461);
#6656=PLANE('',#7462);
#6657=PLANE('',#7463);
#6658=PLANE('',#7464);
#6659=PLANE('',#7465);
#6660=PLANE('',#7466);
#6661=ADVANCED_FACE('',(#146),#6351,.T.);
#6662=ADVANCED_FACE('',(#147),#6352,.F.);
#6663=ADVANCED_FACE('',(#148),#6353,.T.);
#6664=ADVANCED_FACE('',(#149),#6354,.F.);
#6665=ADVANCED_FACE('',(#150),#6355,.T.);
#6666=ADVANCED_FACE('',(#151),#101,.T.);
#6667=ADVANCED_FACE('',(#152),#6356,.T.);
#6668=ADVANCED_FACE('',(#153),#6357,.T.);
#6669=ADVANCED_FACE('',(#154),#102,.T.);
#6670=ADVANCED_FACE('',(#155),#6358,.T.);
#6671=ADVANCED_FACE('',(#156),#103,.T.);
#6672=ADVANCED_FACE('',(#157),#6359,.T.);
#6673=ADVANCED_FACE('',(#158),#6360,.T.);
#6674=ADVANCED_FACE('',(#159),#6361,.T.);
#6675=ADVANCED_FACE('',(#160),#6362,.T.);
#6676=ADVANCED_FACE('',(#161),#6363,.T.);
#6677=ADVANCED_FACE('',(#162),#6364,.F.);
#6678=ADVANCED_FACE('',(#163),#6365,.F.);
#6679=ADVANCED_FACE('',(#164),#6366,.T.);
#6680=ADVANCED_FACE('',(#165),#6367,.T.);
#6681=ADVANCED_FACE('',(#166),#6368,.T.);
#6682=ADVANCED_FACE('',(#167),#6369,.F.);
#6683=ADVANCED_FACE('',(#168),#6370,.F.);
#6684=ADVANCED_FACE('',(#169),#6371,.T.);
#6685=ADVANCED_FACE('',(#170),#104,.T.);
#6686=ADVANCED_FACE('',(#171),#6372,.T.);
#6687=ADVANCED_FACE('',(#172),#6373,.T.);
#6688=ADVANCED_FACE('',(#173),#6374,.T.);
#6689=ADVANCED_FACE('',(#174),#6375,.T.);
#6690=ADVANCED_FACE('',(#175),#105,.F.);
#6691=ADVANCED_FACE('',(#176),#6376,.F.);
#6692=ADVANCED_FACE('',(#177),#6377,.F.);
#6693=ADVANCED_FACE('',(#178),#6378,.T.);
#6694=ADVANCED_FACE('',(#179),#6379,.F.);
#6695=ADVANCED_FACE('',(#180),#6380,.F.);
#6696=ADVANCED_FACE('',(#181),#6381,.F.);
#6697=ADVANCED_FACE('',(#182),#6382,.F.);
#6698=ADVANCED_FACE('',(#183),#6383,.T.);
#6699=ADVANCED_FACE('',(#184),#6384,.T.);
#6700=ADVANCED_FACE('',(#185),#6385,.T.);
#6701=ADVANCED_FACE('',(#186),#6386,.F.);
#6702=ADVANCED_FACE('',(#187),#6387,.T.);
#6703=ADVANCED_FACE('',(#188),#6388,.F.);
#6704=ADVANCED_FACE('',(#189),#6389,.T.);
#6705=ADVANCED_FACE('',(#190),#106,.T.);
#6706=ADVANCED_FACE('',(#191),#6390,.T.);
#6707=ADVANCED_FACE('',(#192),#6391,.T.);
#6708=ADVANCED_FACE('',(#193),#6392,.F.);
#6709=ADVANCED_FACE('',(#194),#6393,.T.);
#6710=ADVANCED_FACE('',(#195),#6394,.T.);
#6711=ADVANCED_FACE('',(#196),#6395,.T.);
#6712=ADVANCED_FACE('',(#197),#107,.T.);
#6713=ADVANCED_FACE('',(#198),#6396,.F.);
#6714=ADVANCED_FACE('',(#199),#6397,.T.);
#6715=ADVANCED_FACE('',(#200),#6398,.F.);
#6716=ADVANCED_FACE('',(#201),#6399,.F.);
#6717=ADVANCED_FACE('',(#202),#108,.F.);
#6718=ADVANCED_FACE('',(#203),#6400,.T.);
#6719=ADVANCED_FACE('',(#204),#6401,.T.);
#6720=ADVANCED_FACE('',(#205),#6402,.F.);
#6721=ADVANCED_FACE('',(#206),#6403,.T.);
#6722=ADVANCED_FACE('',(#207),#6404,.F.);
#6723=ADVANCED_FACE('',(#208,#15),#6405,.T.);
#6724=ADVANCED_FACE('',(#209),#109,.T.);
#6725=ADVANCED_FACE('',(#210),#6406,.T.);
#6726=ADVANCED_FACE('',(#211),#6407,.T.);
#6727=ADVANCED_FACE('',(#212),#6408,.T.);
#6728=ADVANCED_FACE('',(#213),#110,.F.);
#6729=ADVANCED_FACE('',(#214),#6409,.T.);
#6730=ADVANCED_FACE('',(#215),#6410,.T.);
#6731=ADVANCED_FACE('',(#216),#6411,.T.);
#6732=ADVANCED_FACE('',(#217),#111,.F.);
#6733=ADVANCED_FACE('',(#218),#6412,.T.);
#6734=ADVANCED_FACE('',(#219),#112,.F.);
#6735=ADVANCED_FACE('',(#220),#6413,.T.);
#6736=ADVANCED_FACE('',(#221),#6414,.T.);
#6737=ADVANCED_FACE('',(#222),#6415,.T.);
#6738=ADVANCED_FACE('',(#223),#6416,.T.);
#6739=ADVANCED_FACE('',(#224),#6417,.T.);
#6740=ADVANCED_FACE('',(#225),#6418,.F.);
#6741=ADVANCED_FACE('',(#226),#6419,.F.);
#6742=ADVANCED_FACE('',(#227),#113,.F.);
#6743=ADVANCED_FACE('',(#228),#6420,.F.);
#6744=ADVANCED_FACE('',(#229),#6421,.T.);
#6745=ADVANCED_FACE('',(#230),#6422,.T.);
#6746=ADVANCED_FACE('',(#231),#6423,.T.);
#6747=ADVANCED_FACE('',(#232),#6424,.F.);
#6748=ADVANCED_FACE('',(#233),#6425,.T.);
#6749=ADVANCED_FACE('',(#234),#6426,.T.);
#6750=ADVANCED_FACE('',(#235),#6427,.T.);
#6751=ADVANCED_FACE('',(#236),#114,.F.);
#6752=ADVANCED_FACE('',(#237),#6428,.T.);
#6753=ADVANCED_FACE('',(#238),#115,.F.);
#6754=ADVANCED_FACE('',(#239),#116,.F.);
#6755=ADVANCED_FACE('',(#240),#6429,.F.);
#6756=ADVANCED_FACE('',(#241),#117,.T.);
#6757=ADVANCED_FACE('',(#242),#6430,.T.);
#6758=ADVANCED_FACE('',(#243),#6431,.T.);
#6759=ADVANCED_FACE('',(#244),#118,.T.);
#6760=ADVANCED_FACE('',(#245),#6432,.F.);
#6761=ADVANCED_FACE('',(#246),#6433,.T.);
#6762=ADVANCED_FACE('',(#247),#6434,.T.);
#6763=ADVANCED_FACE('',(#248),#119,.F.);
#6764=ADVANCED_FACE('',(#249),#6435,.T.);
#6765=ADVANCED_FACE('',(#250),#6436,.T.);
#6766=ADVANCED_FACE('',(#251),#6437,.T.);
#6767=ADVANCED_FACE('',(#252),#120,.T.);
#6768=ADVANCED_FACE('',(#253),#6438,.T.);
#6769=ADVANCED_FACE('',(#254),#6439,.T.);
#6770=ADVANCED_FACE('',(#255),#6440,.T.);
#6771=ADVANCED_FACE('',(#256),#6441,.T.);
#6772=ADVANCED_FACE('',(#257),#6442,.F.);
#6773=ADVANCED_FACE('',(#258),#6443,.T.);
#6774=ADVANCED_FACE('',(#259),#6444,.F.);
#6775=ADVANCED_FACE('',(#260),#6445,.T.);
#6776=ADVANCED_FACE('',(#261),#6446,.T.);
#6777=ADVANCED_FACE('',(#262),#6447,.F.);
#6778=ADVANCED_FACE('',(#263),#6448,.T.);
#6779=ADVANCED_FACE('',(#264),#6449,.T.);
#6780=ADVANCED_FACE('',(#265),#6450,.T.);
#6781=ADVANCED_FACE('',(#266),#6451,.F.);
#6782=ADVANCED_FACE('',(#267),#6452,.T.);
#6783=ADVANCED_FACE('',(#268),#6453,.T.);
#6784=ADVANCED_FACE('',(#269),#6454,.F.);
#6785=ADVANCED_FACE('',(#270),#6455,.T.);
#6786=ADVANCED_FACE('',(#271),#6456,.T.);
#6787=ADVANCED_FACE('',(#272),#6457,.T.);
#6788=ADVANCED_FACE('',(#273),#6458,.F.);
#6789=ADVANCED_FACE('',(#274),#6459,.T.);
#6790=ADVANCED_FACE('',(#275),#6460,.F.);
#6791=ADVANCED_FACE('',(#276),#6461,.T.);
#6792=ADVANCED_FACE('',(#277),#6462,.T.);
#6793=ADVANCED_FACE('',(#278),#6463,.F.);
#6794=ADVANCED_FACE('',(#279),#6464,.T.);
#6795=ADVANCED_FACE('',(#280),#6465,.T.);
#6796=ADVANCED_FACE('',(#281),#6466,.F.);
#6797=ADVANCED_FACE('',(#282),#6467,.T.);
#6798=ADVANCED_FACE('',(#283),#121,.F.);
#6799=ADVANCED_FACE('',(#284),#6468,.T.);
#6800=ADVANCED_FACE('',(#285),#6469,.F.);
#6801=ADVANCED_FACE('',(#286),#122,.F.);
#6802=ADVANCED_FACE('',(#287),#6470,.T.);
#6803=ADVANCED_FACE('',(#288),#6471,.T.);
#6804=ADVANCED_FACE('',(#289),#6472,.T.);
#6805=ADVANCED_FACE('',(#290),#6473,.T.);
#6806=ADVANCED_FACE('',(#291),#6474,.F.);
#6807=ADVANCED_FACE('',(#292),#6475,.F.);
#6808=ADVANCED_FACE('',(#293),#6476,.T.);
#6809=ADVANCED_FACE('',(#294),#6477,.T.);
#6810=ADVANCED_FACE('',(#295),#6478,.T.);
#6811=ADVANCED_FACE('',(#296),#6479,.T.);
#6812=ADVANCED_FACE('',(#297),#6480,.T.);
#6813=ADVANCED_FACE('',(#298),#6481,.T.);
#6814=ADVANCED_FACE('',(#299),#6482,.T.);
#6815=ADVANCED_FACE('',(#300),#6483,.T.);
#6816=ADVANCED_FACE('',(#301),#6484,.T.);
#6817=ADVANCED_FACE('',(#302),#6485,.F.);
#6818=ADVANCED_FACE('',(#303),#6486,.F.);
#6819=ADVANCED_FACE('',(#304),#6487,.T.);
#6820=ADVANCED_FACE('',(#305),#6488,.T.);
#6821=ADVANCED_FACE('',(#306),#6489,.F.);
#6822=ADVANCED_FACE('',(#307),#6490,.F.);
#6823=ADVANCED_FACE('',(#308),#6491,.T.);
#6824=ADVANCED_FACE('',(#309),#6492,.T.);
#6825=ADVANCED_FACE('',(#310),#6493,.T.);
#6826=ADVANCED_FACE('',(#311),#6494,.T.);
#6827=ADVANCED_FACE('',(#312),#6495,.T.);
#6828=ADVANCED_FACE('',(#313),#6496,.T.);
#6829=ADVANCED_FACE('',(#314),#6497,.T.);
#6830=ADVANCED_FACE('',(#315),#6498,.T.);
#6831=ADVANCED_FACE('',(#316),#6499,.T.);
#6832=ADVANCED_FACE('',(#317),#6500,.T.);
#6833=ADVANCED_FACE('',(#318),#6501,.F.);
#6834=ADVANCED_FACE('',(#319),#6502,.F.);
#6835=ADVANCED_FACE('',(#320),#6503,.T.);
#6836=ADVANCED_FACE('',(#321),#6504,.F.);
#6837=ADVANCED_FACE('',(#322),#6505,.F.);
#6838=ADVANCED_FACE('',(#323),#6506,.T.);
#6839=ADVANCED_FACE('',(#324),#6507,.T.);
#6840=ADVANCED_FACE('',(#325),#6508,.T.);
#6841=ADVANCED_FACE('',(#326),#6509,.T.);
#6842=ADVANCED_FACE('',(#327),#6510,.T.);
#6843=ADVANCED_FACE('',(#328),#6511,.T.);
#6844=ADVANCED_FACE('',(#329),#6512,.F.);
#6845=ADVANCED_FACE('',(#330),#6513,.T.);
#6846=ADVANCED_FACE('',(#331),#6514,.T.);
#6847=ADVANCED_FACE('',(#332),#6515,.T.);
#6848=ADVANCED_FACE('',(#333),#6516,.T.);
#6849=ADVANCED_FACE('',(#334),#6517,.T.);
#6850=ADVANCED_FACE('',(#335),#6518,.T.);
#6851=ADVANCED_FACE('',(#336),#6519,.T.);
#6852=ADVANCED_FACE('',(#337),#6520,.T.);
#6853=ADVANCED_FACE('',(#338),#6521,.T.);
#6854=ADVANCED_FACE('',(#339),#6522,.T.);
#6855=ADVANCED_FACE('',(#340),#6523,.F.);
#6856=ADVANCED_FACE('',(#341),#6524,.F.);
#6857=ADVANCED_FACE('',(#342),#6525,.F.);
#6858=ADVANCED_FACE('',(#343),#6526,.T.);
#6859=ADVANCED_FACE('',(#344),#6527,.T.);
#6860=ADVANCED_FACE('',(#345,#16),#6528,.F.);
#6861=ADVANCED_FACE('',(#346),#123,.T.);
#6862=ADVANCED_FACE('',(#347),#6529,.F.);
#6863=ADVANCED_FACE('',(#348),#6530,.F.);
#6864=ADVANCED_FACE('',(#349),#6531,.F.);
#6865=ADVANCED_FACE('',(#350),#124,.F.);
#6866=ADVANCED_FACE('',(#351),#6532,.F.);
#6867=ADVANCED_FACE('',(#352),#6533,.F.);
#6868=ADVANCED_FACE('',(#353),#6534,.F.);
#6869=ADVANCED_FACE('',(#354),#125,.F.);
#6870=ADVANCED_FACE('',(#355),#6535,.F.);
#6871=ADVANCED_FACE('',(#356),#126,.F.);
#6872=ADVANCED_FACE('',(#357),#6536,.F.);
#6873=ADVANCED_FACE('',(#358),#6537,.F.);
#6874=ADVANCED_FACE('',(#359),#6538,.F.);
#6875=ADVANCED_FACE('',(#360),#6539,.T.);
#6876=ADVANCED_FACE('',(#361),#6540,.T.);
#6877=ADVANCED_FACE('',(#362),#6541,.F.);
#6878=ADVANCED_FACE('',(#363),#6542,.T.);
#6879=ADVANCED_FACE('',(#364),#127,.F.);
#6880=ADVANCED_FACE('',(#365),#6543,.T.);
#6881=ADVANCED_FACE('',(#366),#6544,.T.);
#6882=ADVANCED_FACE('',(#367),#6545,.T.);
#6883=ADVANCED_FACE('',(#368),#6546,.T.);
#6884=ADVANCED_FACE('',(#369),#6547,.F.);
#6885=ADVANCED_FACE('',(#370),#6548,.T.);
#6886=ADVANCED_FACE('',(#371),#6549,.T.);
#6887=ADVANCED_FACE('',(#372),#6550,.F.);
#6888=ADVANCED_FACE('',(#373),#6551,.T.);
#6889=ADVANCED_FACE('',(#374),#6552,.T.);
#6890=ADVANCED_FACE('',(#375),#6553,.T.);
#6891=ADVANCED_FACE('',(#376),#6554,.F.);
#6892=ADVANCED_FACE('',(#377),#6555,.T.);
#6893=ADVANCED_FACE('',(#378),#6556,.F.);
#6894=ADVANCED_FACE('',(#379),#6557,.T.);
#6895=ADVANCED_FACE('',(#380),#6558,.F.);
#6896=ADVANCED_FACE('',(#381),#6559,.T.);
#6897=ADVANCED_FACE('',(#382),#6560,.T.);
#6898=ADVANCED_FACE('',(#383),#128,.F.);
#6899=ADVANCED_FACE('',(#384),#6561,.T.);
#6900=ADVANCED_FACE('',(#385),#6562,.T.);
#6901=ADVANCED_FACE('',(#386),#6563,.T.);
#6902=ADVANCED_FACE('',(#387),#6564,.T.);
#6903=ADVANCED_FACE('',(#388),#129,.T.);
#6904=ADVANCED_FACE('',(#389),#6565,.T.);
#6905=ADVANCED_FACE('',(#390),#6566,.T.);
#6906=ADVANCED_FACE('',(#391),#6567,.F.);
#6907=ADVANCED_FACE('',(#392),#6568,.F.);
#6908=ADVANCED_FACE('',(#393),#6569,.T.);
#6909=ADVANCED_FACE('',(#394),#130,.F.);
#6910=ADVANCED_FACE('',(#395),#6570,.T.);
#6911=ADVANCED_FACE('',(#396),#6571,.T.);
#6912=ADVANCED_FACE('',(#397),#6572,.T.);
#6913=ADVANCED_FACE('',(#398),#6573,.T.);
#6914=ADVANCED_FACE('',(#399),#131,.T.);
#6915=ADVANCED_FACE('',(#400),#6574,.T.);
#6916=ADVANCED_FACE('',(#401),#6575,.T.);
#6917=ADVANCED_FACE('',(#402),#6576,.T.);
#6918=ADVANCED_FACE('',(#403),#6577,.F.);
#6919=ADVANCED_FACE('',(#404),#6578,.F.);
#6920=ADVANCED_FACE('',(#405),#6579,.T.);
#6921=ADVANCED_FACE('',(#406),#132,.F.);
#6922=ADVANCED_FACE('',(#407),#6580,.T.);
#6923=ADVANCED_FACE('',(#408),#6581,.T.);
#6924=ADVANCED_FACE('',(#409),#6582,.T.);
#6925=ADVANCED_FACE('',(#410),#6583,.T.);
#6926=ADVANCED_FACE('',(#411),#133,.T.);
#6927=ADVANCED_FACE('',(#412),#6584,.T.);
#6928=ADVANCED_FACE('',(#413),#6585,.T.);
#6929=ADVANCED_FACE('',(#414),#6586,.T.);
#6930=ADVANCED_FACE('',(#415),#6587,.T.);
#6931=ADVANCED_FACE('',(#416),#6588,.T.);
#6932=ADVANCED_FACE('',(#417),#6589,.T.);
#6933=ADVANCED_FACE('',(#418),#6590,.T.);
#6934=ADVANCED_FACE('',(#419),#6591,.F.);
#6935=ADVANCED_FACE('',(#420),#6592,.T.);
#6936=ADVANCED_FACE('',(#421),#6593,.T.);
#6937=ADVANCED_FACE('',(#422),#134,.F.);
#6938=ADVANCED_FACE('',(#423),#6594,.T.);
#6939=ADVANCED_FACE('',(#424),#6595,.T.);
#6940=ADVANCED_FACE('',(#425),#6596,.T.);
#6941=ADVANCED_FACE('',(#426),#6597,.T.);
#6942=ADVANCED_FACE('',(#427),#135,.T.);
#6943=ADVANCED_FACE('',(#428),#6598,.T.);
#6944=ADVANCED_FACE('',(#429),#6599,.F.);
#6945=ADVANCED_FACE('',(#430),#6600,.F.);
#6946=ADVANCED_FACE('',(#431),#6601,.T.);
#6947=ADVANCED_FACE('',(#432),#6602,.T.);
#6948=ADVANCED_FACE('',(#433),#6603,.T.);
#6949=ADVANCED_FACE('',(#434),#6604,.T.);
#6950=ADVANCED_FACE('',(#435),#6605,.T.);
#6951=ADVANCED_FACE('',(#436),#6606,.T.);
#6952=ADVANCED_FACE('',(#437),#6607,.T.);
#6953=ADVANCED_FACE('',(#438),#6608,.T.);
#6954=ADVANCED_FACE('',(#439),#6609,.T.);
#6955=ADVANCED_FACE('',(#440),#6610,.T.);
#6956=ADVANCED_FACE('',(#441),#6611,.T.);
#6957=ADVANCED_FACE('',(#442),#6612,.F.);
#6958=ADVANCED_FACE('',(#443),#6613,.F.);
#6959=ADVANCED_FACE('',(#444),#6614,.T.);
#6960=ADVANCED_FACE('',(#445),#6615,.F.);
#6961=ADVANCED_FACE('',(#446),#6616,.F.);
#6962=ADVANCED_FACE('',(#447),#6617,.T.);
#6963=ADVANCED_FACE('',(#448),#6618,.T.);
#6964=ADVANCED_FACE('',(#449),#6619,.T.);
#6965=ADVANCED_FACE('',(#450),#6620,.T.);
#6966=ADVANCED_FACE('',(#451),#6621,.T.);
#6967=ADVANCED_FACE('',(#452),#6622,.T.);
#6968=ADVANCED_FACE('',(#453),#6623,.T.);
#6969=ADVANCED_FACE('',(#454),#6624,.T.);
#6970=ADVANCED_FACE('',(#455),#6625,.T.);
#6971=ADVANCED_FACE('',(#456),#6626,.F.);
#6972=ADVANCED_FACE('',(#457),#6627,.F.);
#6973=ADVANCED_FACE('',(#458),#6628,.T.);
#6974=ADVANCED_FACE('',(#459),#136,.T.);
#6975=ADVANCED_FACE('',(#460),#6629,.T.);
#6976=ADVANCED_FACE('',(#461),#6630,.T.);
#6977=ADVANCED_FACE('',(#462),#6631,.T.);
#6978=ADVANCED_FACE('',(#463),#6632,.T.);
#6979=ADVANCED_FACE('',(#464),#137,.F.);
#6980=ADVANCED_FACE('',(#465),#6633,.T.);
#6981=ADVANCED_FACE('',(#466),#6634,.T.);
#6982=ADVANCED_FACE('',(#467),#6635,.T.);
#6983=ADVANCED_FACE('',(#468),#138,.F.);
#6984=ADVANCED_FACE('',(#469),#6636,.T.);
#6985=ADVANCED_FACE('',(#470),#6637,.T.);
#6986=ADVANCED_FACE('',(#471),#6638,.T.);
#6987=ADVANCED_FACE('',(#472),#6639,.T.);
#6988=ADVANCED_FACE('',(#473),#139,.T.);
#6989=ADVANCED_FACE('',(#474),#6640,.T.);
#6990=ADVANCED_FACE('',(#475),#6641,.T.);
#6991=ADVANCED_FACE('',(#476),#140,.F.);
#6992=ADVANCED_FACE('',(#477),#6642,.T.);
#6993=ADVANCED_FACE('',(#478),#6643,.T.);
#6994=ADVANCED_FACE('',(#479),#6644,.T.);
#6995=ADVANCED_FACE('',(#480),#6645,.T.);
#6996=ADVANCED_FACE('',(#481),#141,.T.);
#6997=ADVANCED_FACE('',(#482),#6646,.T.);
#6998=ADVANCED_FACE('',(#483),#6647,.T.);
#6999=ADVANCED_FACE('',(#484),#6648,.T.);
#7000=ADVANCED_FACE('',(#485),#142,.F.);
#7001=ADVANCED_FACE('',(#486),#6649,.T.);
#7002=ADVANCED_FACE('',(#487),#6650,.T.);
#7003=ADVANCED_FACE('',(#488),#6651,.T.);
#7004=ADVANCED_FACE('',(#489),#6652,.T.);
#7005=ADVANCED_FACE('',(#490),#143,.T.);
#7006=ADVANCED_FACE('',(#491),#6653,.T.);
#7007=ADVANCED_FACE('',(#492),#6654,.T.);
#7008=ADVANCED_FACE('',(#493),#6655,.T.);
#7009=ADVANCED_FACE('',(#494),#6656,.T.);
#7010=ADVANCED_FACE('',(#495),#6657,.T.);
#7011=ADVANCED_FACE('',(#496),#6658,.T.);
#7012=ADVANCED_FACE('',(#497),#6659,.T.);
#7013=ADVANCED_FACE('',(#498),#6660,.T.);
#7014=CLOSED_SHELL('',(#6661,#6662,#6663,#6664,#6665,#6666,#6667,#6668,
#6669,#6670,#6671,#6672,#6673,#6674,#6675,#6676,#6677,#6678,#6679,#6680,
#6681,#6682,#6683,#6684,#6685,#6686,#6687,#6688,#6689,#6690,#6691,#6692,
#6693,#6694,#6695,#6696,#6697,#6698,#6699,#6700,#6701,#6702,#6703,#6704,
#6705,#6706,#6707,#6708,#6709,#6710,#6711,#6712,#6713,#6714,#6715,#6716,
#6717,#6718,#6719,#6720,#6721,#6722,#6723,#6724,#6725,#6726,#6727,#6728,
#6729,#6730,#6731,#6732,#6733,#6734,#6735,#6736,#6737,#6738,#6739,#6740,
#6741,#6742,#6743,#6744,#6745,#6746,#6747,#6748,#6749,#6750,#6751,#6752,
#6753,#6754,#6755,#6756,#6757,#6758,#6759,#6760,#6761,#6762,#6763,#6764,
#6765,#6766,#6767,#6768,#6769,#6770,#6771,#6772,#6773,#6774,#6775,#6776,
#6777,#6778,#6779,#6780,#6781,#6782,#6783,#6784,#6785,#6786,#6787,#6788,
#6789,#6790,#6791,#6792,#6793,#6794,#6795,#6796,#6797,#6798,#6799,#6800,
#6801,#6802,#6803,#6804,#6805,#6806,#6807,#6808,#6809,#6810,#6811,#6812,
#6813,#6814,#6815,#6816,#6817,#6818,#6819,#6820,#6821,#6822,#6823,#6824,
#6825,#6826,#6827,#6828,#6829,#6830,#6831,#6832,#6833,#6834,#6835,#6836,
#6837,#6838,#6839,#6840,#6841,#6842,#6843,#6844,#6845,#6846,#6847,#6848,
#6849,#6850,#6851,#6852,#6853,#6854,#6855,#6856,#6857,#6858,#6859,#6860,
#6861,#6862,#6863,#6864,#6865,#6866,#6867,#6868,#6869,#6870,#6871,#6872,
#6873,#6874,#6875,#6876,#6877,#6878,#6879,#6880,#6881,#6882,#6883,#6884,
#6885,#6886,#6887,#6888,#6889,#6890,#6891,#6892,#6893,#6894,#6895,#6896,
#6897,#6898,#6899,#6900,#6901,#6902,#6903,#6904,#6905,#6906,#6907,#6908,
#6909,#6910,#6911,#6912,#6913,#6914,#6915,#6916,#6917,#6918,#6919,#6920,
#6921,#6922,#6923,#6924,#6925,#6926,#6927,#6928,#6929,#6930,#6931,#6932,
#6933,#6934,#6935,#6936,#6937,#6938,#6939,#6940,#6941,#6942,#6943,#6944,
#6945,#6946,#6947,#6948,#6949,#6950,#6951,#6952,#6953,#6954,#6955,#6956,
#6957,#6958,#6959,#6960,#6961,#6962,#6963,#6964,#6965,#6966,#6967,#6968,
#6969,#6970,#6971,#6972,#6973,#6974,#6975,#6976,#6977,#6978,#6979,#6980,
#6981,#6982,#6983,#6984,#6985,#6986,#6987,#6988,#6989,#6990,#6991,#6992,
#6993,#6994,#6995,#6996,#6997,#6998,#6999,#7000,#7001,#7002,#7003,#7004,
#7005,#7006,#7007,#7008,#7009,#7010,#7011,#7012,#7013));
#7015=DERIVED_UNIT_ELEMENT(#7017,1.);
#7016=DERIVED_UNIT_ELEMENT(#11280,-3.);
#7017=(
MASS_UNIT()
NAMED_UNIT(*)
SI_UNIT(.KILO.,.GRAM.)
);
#7018=DERIVED_UNIT((#7015,#7016));
#7019=MEASURE_REPRESENTATION_ITEM('density measure',
POSITIVE_RATIO_MEASURE(7850.),#7018);
#7020=PROPERTY_DEFINITION_REPRESENTATION(#7025,#7022);
#7021=PROPERTY_DEFINITION_REPRESENTATION(#7026,#7023);
#7022=REPRESENTATION('material name',(#7024),#11277);
#7023=REPRESENTATION('density',(#7019),#11277);
#7024=DESCRIPTIVE_REPRESENTATION_ITEM('Steel','Steel');
#7025=PROPERTY_DEFINITION('material property','material name',#11287);
#7026=PROPERTY_DEFINITION('material property','density of part',#11287);
#7027=AXIS2_PLACEMENT_3D('',#9264,#7467,#7468);
#7028=AXIS2_PLACEMENT_3D('',#9265,#7469,#7470);
#7029=AXIS2_PLACEMENT_3D('',#9276,#7476,#7477);
#7030=AXIS2_PLACEMENT_3D('',#9282,#7481,#7482);
#7031=AXIS2_PLACEMENT_3D('',#9290,#7486,#7487);
#7032=AXIS2_PLACEMENT_3D('',#9291,#7488,#7489);
#7033=AXIS2_PLACEMENT_3D('',#9304,#7497,#7498);
#7034=AXIS2_PLACEMENT_3D('',#9313,#7503,#7504);
#7035=AXIS2_PLACEMENT_3D('',#9318,#7506,#7507);
#7036=AXIS2_PLACEMENT_3D('',#9321,#7509,#7510);
#7037=AXIS2_PLACEMENT_3D('',#9322,#7511,#7512);
#7038=AXIS2_PLACEMENT_3D('',#9328,#7516,#7517);
#7039=AXIS2_PLACEMENT_3D('',#9337,#7522,#7523);
#7040=AXIS2_PLACEMENT_3D('',#9342,#7526,#7527);
#7041=AXIS2_PLACEMENT_3D('',#9343,#7528,#7529);
#7042=AXIS2_PLACEMENT_3D('',#9352,#7534,#7535);
#7043=AXIS2_PLACEMENT_3D('',#9357,#7537,#7538);
#7044=AXIS2_PLACEMENT_3D('',#9360,#7540,#7541);
#7045=AXIS2_PLACEMENT_3D('',#9361,#7542,#7543);
#7046=AXIS2_PLACEMENT_3D('',#9367,#7547,#7548);
#7047=AXIS2_PLACEMENT_3D('',#9376,#7553,#7554);
#7048=AXIS2_PLACEMENT_3D('',#9386,#7560,#7561);
#7049=AXIS2_PLACEMENT_3D('',#9402,#7571,#7572);
#7050=AXIS2_PLACEMENT_3D('',#9409,#7575,#7576);
#7051=AXIS2_PLACEMENT_3D('',#9419,#7581,#7582);
#7052=AXIS2_PLACEMENT_3D('',#9425,#7586,#7587);
#7053=AXIS2_PLACEMENT_3D('',#9430,#7591,#7592);
#7054=AXIS2_PLACEMENT_3D('',#9435,#7594,#7595);
#7055=AXIS2_PLACEMENT_3D('',#9445,#7600,#7601);
#7056=AXIS2_PLACEMENT_3D('',#9448,#7604,#7605);
#7057=AXIS2_PLACEMENT_3D('',#9462,#7613,#7614);
#7058=AXIS2_PLACEMENT_3D('',#9469,#7617,#7618);
#7059=AXIS2_PLACEMENT_3D('',#9479,#7623,#7624);
#7060=AXIS2_PLACEMENT_3D('',#9485,#7628,#7629);
#7061=AXIS2_PLACEMENT_3D('',#9491,#7633,#7634);
#7062=AXIS2_PLACEMENT_3D('',#9496,#7638,#7639);
#7063=AXIS2_PLACEMENT_3D('',#9499,#7641,#7642);
#7064=AXIS2_PLACEMENT_3D('',#9509,#7647,#7648);
#7065=AXIS2_PLACEMENT_3D('',#9511,#7650,#7651);
#7066=AXIS2_PLACEMENT_3D('',#9513,#7653,#7654);
#7067=AXIS2_PLACEMENT_3D('',#9515,#7656,#7657);
#7068=AXIS2_PLACEMENT_3D('',#9517,#7659,#7660);
#7069=AXIS2_PLACEMENT_3D('',#9519,#7662,#7663);
#7070=AXIS2_PLACEMENT_3D('',#9521,#7665,#7666);
#7071=AXIS2_PLACEMENT_3D('',#9523,#7668,#7669);
#7072=AXIS2_PLACEMENT_3D('',#9524,#7670,#7671);
#7073=AXIS2_PLACEMENT_3D('',#9545,#7682,#7683);
#7074=AXIS2_PLACEMENT_3D('',#9554,#7688,#7689);
#7075=AXIS2_PLACEMENT_3D('',#9563,#7694,#7695);
#7076=AXIS2_PLACEMENT_3D('',#9569,#7699,#7700);
#7077=AXIS2_PLACEMENT_3D('',#9575,#7704,#7705);
#7078=AXIS2_PLACEMENT_3D('',#9583,#7710,#7711);
#7079=AXIS2_PLACEMENT_3D('',#9588,#7715,#7716);
#7080=AXIS2_PLACEMENT_3D('',#9593,#7720,#7721);
#7081=AXIS2_PLACEMENT_3D('',#9602,#7726,#7727);
#7082=AXIS2_PLACEMENT_3D('',#9611,#7732,#7733);
#7083=AXIS2_PLACEMENT_3D('',#9617,#7737,#7738);
#7084=AXIS2_PLACEMENT_3D('',#9627,#7744,#7745);
#7085=AXIS2_PLACEMENT_3D('',#9636,#7750,#7751);
#7086=AXIS2_PLACEMENT_3D('',#9645,#7756,#7757);
#7087=AXIS2_PLACEMENT_3D('',#9650,#7759,#7760);
#7088=AXIS2_PLACEMENT_3D('',#9653,#7762,#7763);
#7089=AXIS2_PLACEMENT_3D('',#9654,#7764,#7765);
#7090=AXIS2_PLACEMENT_3D('',#9657,#7768,#7769);
#7091=AXIS2_PLACEMENT_3D('',#9666,#7774,#7775);
#7092=AXIS2_PLACEMENT_3D('',#9668,#7777,#7778);
#7093=AXIS2_PLACEMENT_3D('',#9671,#7781,#7782);
#7094=AXIS2_PLACEMENT_3D('',#9672,#7783,#7784);
#7095=AXIS2_PLACEMENT_3D('',#9674,#7786,#7787);
#7096=AXIS2_PLACEMENT_3D('',#9676,#7789,#7790);
#7097=AXIS2_PLACEMENT_3D('',#9678,#7792,#7793);
#7098=AXIS2_PLACEMENT_3D('',#9680,#7795,#7796);
#7099=AXIS2_PLACEMENT_3D('',#9682,#7798,#7799);
#7100=AXIS2_PLACEMENT_3D('',#9684,#7801,#7802);
#7101=AXIS2_PLACEMENT_3D('',#9685,#7803,#7804);
#7102=AXIS2_PLACEMENT_3D('',#9689,#7807,#7808);
#7103=AXIS2_PLACEMENT_3D('',#9695,#7812,#7813);
#7104=AXIS2_PLACEMENT_3D('',#9703,#7818,#7819);
#7105=AXIS2_PLACEMENT_3D('',#9706,#7822,#7823);
#7106=AXIS2_PLACEMENT_3D('',#9710,#7826,#7827);
#7107=AXIS2_PLACEMENT_3D('',#9722,#7834,#7835);
#7108=AXIS2_PLACEMENT_3D('',#9725,#7836,#7837);
#7109=AXIS2_PLACEMENT_3D('',#9729,#7839,#7840);
#7110=AXIS2_PLACEMENT_3D('',#9731,#7842,#7843);
#7111=AXIS2_PLACEMENT_3D('',#9737,#7847,#7848);
#7112=AXIS2_PLACEMENT_3D('',#9743,#7852,#7853);
#7113=AXIS2_PLACEMENT_3D('',#9749,#7857,#7858);
#7114=AXIS2_PLACEMENT_3D('',#9751,#7859,#7860);
#7115=AXIS2_PLACEMENT_3D('',#9753,#7861,#7862);
#7116=AXIS2_PLACEMENT_3D('',#9755,#7864,#7865);
#7117=AXIS2_PLACEMENT_3D('',#9761,#7869,#7870);
#7118=AXIS2_PLACEMENT_3D('',#9767,#7874,#7875);
#7119=AXIS2_PLACEMENT_3D('',#9773,#7879,#7880);
#7120=AXIS2_PLACEMENT_3D('',#9775,#7881,#7882);
#7121=AXIS2_PLACEMENT_3D('',#9777,#7883,#7884);
#7122=AXIS2_PLACEMENT_3D('',#9779,#7886,#7887);
#7123=AXIS2_PLACEMENT_3D('',#9785,#7891,#7892);
#7124=AXIS2_PLACEMENT_3D('',#9787,#7893,#7894);
#7125=AXIS2_PLACEMENT_3D('',#9789,#7895,#7896);
#7126=AXIS2_PLACEMENT_3D('',#9791,#7898,#7899);
#7127=AXIS2_PLACEMENT_3D('',#9797,#7903,#7904);
#7128=AXIS2_PLACEMENT_3D('',#9803,#7908,#7909);
#7129=AXIS2_PLACEMENT_3D('',#9809,#7913,#7914);
#7130=AXIS2_PLACEMENT_3D('',#9812,#7917,#7918);
#7131=AXIS2_PLACEMENT_3D('',#9814,#7919,#7920);
#7132=AXIS2_PLACEMENT_3D('',#9816,#7922,#7923);
#7133=AXIS2_PLACEMENT_3D('',#9819,#7925,#7926);
#7134=AXIS2_PLACEMENT_3D('',#9820,#7927,#7928);
#7135=AXIS2_PLACEMENT_3D('',#9822,#7930,#7931);
#7136=AXIS2_PLACEMENT_3D('',#9823,#7932,#7933);
#7137=AXIS2_PLACEMENT_3D('',#9825,#7935,#7936);
#7138=AXIS2_PLACEMENT_3D('',#9831,#7940,#7941);
#7139=AXIS2_PLACEMENT_3D('',#9837,#7945,#7946);
#7140=AXIS2_PLACEMENT_3D('',#9840,#7949,#7950);
#7141=AXIS2_PLACEMENT_3D('',#9841,#7951,#7952);
#7142=AXIS2_PLACEMENT_3D('',#9845,#7955,#7956);
#7143=AXIS2_PLACEMENT_3D('',#9847,#7958,#7959);
#7144=AXIS2_PLACEMENT_3D('',#9856,#7964,#7965);
#7145=AXIS2_PLACEMENT_3D('',#9861,#7967,#7968);
#7146=AXIS2_PLACEMENT_3D('',#9864,#7970,#7971);
#7147=AXIS2_PLACEMENT_3D('',#9865,#7972,#7973);
#7148=AXIS2_PLACEMENT_3D('',#9874,#7978,#7979);
#7149=AXIS2_PLACEMENT_3D('',#9879,#7981,#7982);
#7150=AXIS2_PLACEMENT_3D('',#9882,#7984,#7985);
#7151=AXIS2_PLACEMENT_3D('',#9883,#7986,#7987);
#7152=AXIS2_PLACEMENT_3D('',#9884,#7988,#7989);
#7153=AXIS2_PLACEMENT_3D('',#9885,#7990,#7991);
#7154=AXIS2_PLACEMENT_3D('',#9886,#7992,#7993);
#7155=AXIS2_PLACEMENT_3D('',#10001,#8052,#8053);
#7156=AXIS2_PLACEMENT_3D('',#10006,#8055,#8056);
#7157=AXIS2_PLACEMENT_3D('',#10009,#8058,#8059);
#7158=AXIS2_PLACEMENT_3D('',#10010,#8060,#8061);
#7159=AXIS2_PLACEMENT_3D('',#10019,#8066,#8067);
#7160=AXIS2_PLACEMENT_3D('',#10023,#8071,#8072);
#7161=AXIS2_PLACEMENT_3D('',#10025,#8073,#8074);
#7162=AXIS2_PLACEMENT_3D('',#10028,#8076,#8077);
#7163=AXIS2_PLACEMENT_3D('',#10029,#8078,#8079);
#7164=AXIS2_PLACEMENT_3D('',#10033,#8082,#8083);
#7165=AXIS2_PLACEMENT_3D('',#10042,#8088,#8089);
#7166=AXIS2_PLACEMENT_3D('',#10051,#8094,#8095);
#7167=AXIS2_PLACEMENT_3D('',#10056,#8097,#8098);
#7168=AXIS2_PLACEMENT_3D('',#10059,#8100,#8101);
#7169=AXIS2_PLACEMENT_3D('',#10060,#8102,#8103);
#7170=AXIS2_PLACEMENT_3D('',#10066,#8107,#8108);
#7171=AXIS2_PLACEMENT_3D('',#10069,#8111,#8112);
#7172=AXIS2_PLACEMENT_3D('',#10078,#8117,#8118);
#7173=AXIS2_PLACEMENT_3D('',#10082,#8120,#8121);
#7174=AXIS2_PLACEMENT_3D('',#10083,#8122,#8123);
#7175=AXIS2_PLACEMENT_3D('',#10084,#8124,#8125);
#7176=AXIS2_PLACEMENT_3D('',#10090,#8129,#8130);
#7177=AXIS2_PLACEMENT_3D('',#10099,#8135,#8136);
#7178=AXIS2_PLACEMENT_3D('',#10105,#8140,#8141);
#7179=AXIS2_PLACEMENT_3D('',#10111,#8145,#8146);
#7180=AXIS2_PLACEMENT_3D('',#10117,#8150,#8151);
#7181=AXIS2_PLACEMENT_3D('',#10123,#8155,#8156);
#7182=AXIS2_PLACEMENT_3D('',#10127,#8159,#8160);
#7183=AXIS2_PLACEMENT_3D('',#10129,#8162,#8163);
#7184=AXIS2_PLACEMENT_3D('',#10131,#8165,#8166);
#7185=AXIS2_PLACEMENT_3D('',#10137,#8170,#8171);
#7186=AXIS2_PLACEMENT_3D('',#10143,#8175,#8176);
#7187=AXIS2_PLACEMENT_3D('',#10149,#8180,#8181);
#7188=AXIS2_PLACEMENT_3D('',#10155,#8185,#8186);
#7189=AXIS2_PLACEMENT_3D('',#10157,#8188,#8189);
#7190=AXIS2_PLACEMENT_3D('',#10159,#8191,#8192);
#7191=AXIS2_PLACEMENT_3D('',#10162,#8195,#8196);
#7192=AXIS2_PLACEMENT_3D('',#10168,#8200,#8201);
#7193=AXIS2_PLACEMENT_3D('',#10174,#8205,#8206);
#7194=AXIS2_PLACEMENT_3D('',#10183,#8211,#8212);
#7195=AXIS2_PLACEMENT_3D('',#10187,#8215,#8216);
#7196=AXIS2_PLACEMENT_3D('',#10189,#8218,#8219);
#7197=AXIS2_PLACEMENT_3D('',#10192,#8222,#8223);
#7198=AXIS2_PLACEMENT_3D('',#10195,#8226,#8227);
#7199=AXIS2_PLACEMENT_3D('',#10201,#8231,#8232);
#7200=AXIS2_PLACEMENT_3D('',#10209,#8237,#8238);
#7201=AXIS2_PLACEMENT_3D('',#10213,#8241,#8242);
#7202=AXIS2_PLACEMENT_3D('',#10215,#8244,#8245);
#7203=AXIS2_PLACEMENT_3D('',#10221,#8249,#8250);
#7204=AXIS2_PLACEMENT_3D('',#10223,#8252,#8253);
#7205=AXIS2_PLACEMENT_3D('',#10226,#8256,#8257);
#7206=AXIS2_PLACEMENT_3D('',#10227,#8258,#8259);
#7207=AXIS2_PLACEMENT_3D('',#10228,#8260,#8261);
#7208=AXIS2_PLACEMENT_3D('',#10229,#8262,#8263);
#7209=AXIS2_PLACEMENT_3D('',#10232,#8266,#8267);
#7210=AXIS2_PLACEMENT_3D('',#10234,#8269,#8270);
#7211=AXIS2_PLACEMENT_3D('',#10236,#8271,#8272);
#7212=AXIS2_PLACEMENT_3D('',#10239,#8274,#8275);
#7213=AXIS2_PLACEMENT_3D('',#10240,#8276,#8277);
#7214=AXIS2_PLACEMENT_3D('',#10246,#8281,#8282);
#7215=AXIS2_PLACEMENT_3D('',#10252,#8286,#8287);
#7216=AXIS2_PLACEMENT_3D('',#10255,#8290,#8291);
#7217=AXIS2_PLACEMENT_3D('',#10263,#8296,#8297);
#7218=AXIS2_PLACEMENT_3D('',#10265,#8299,#8300);
#7219=AXIS2_PLACEMENT_3D('',#10269,#8303,#8304);
#7220=AXIS2_PLACEMENT_3D('',#10271,#8306,#8307);
#7221=AXIS2_PLACEMENT_3D('',#10277,#8311,#8312);
#7222=AXIS2_PLACEMENT_3D('',#10283,#8316,#8317);
#7223=AXIS2_PLACEMENT_3D('',#10287,#8320,#8321);
#7224=AXIS2_PLACEMENT_3D('',#10291,#8324,#8325);
#7225=AXIS2_PLACEMENT_3D('',#10300,#8330,#8331);
#7226=AXIS2_PLACEMENT_3D('',#10303,#8334,#8335);
#7227=AXIS2_PLACEMENT_3D('',#10309,#8339,#8340);
#7228=AXIS2_PLACEMENT_3D('',#10312,#8343,#8344);
#7229=AXIS2_PLACEMENT_3D('',#10315,#8347,#8348);
#7230=AXIS2_PLACEMENT_3D('',#10316,#8349,#8350);
#7231=AXIS2_PLACEMENT_3D('',#10318,#8352,#8353);
#7232=AXIS2_PLACEMENT_3D('',#10326,#8358,#8359);
#7233=AXIS2_PLACEMENT_3D('',#10329,#8362,#8363);
#7234=AXIS2_PLACEMENT_3D('',#10333,#8366,#8367);
#7235=AXIS2_PLACEMENT_3D('',#10336,#8370,#8371);
#7236=AXIS2_PLACEMENT_3D('',#10342,#8375,#8376);
#7237=AXIS2_PLACEMENT_3D('',#10348,#8380,#8381);
#7238=AXIS2_PLACEMENT_3D('',#10352,#8384,#8385);
#7239=AXIS2_PLACEMENT_3D('',#10356,#8388,#8389);
#7240=AXIS2_PLACEMENT_3D('',#10365,#8394,#8395);
#7241=AXIS2_PLACEMENT_3D('',#10368,#8398,#8399);
#7242=AXIS2_PLACEMENT_3D('',#10374,#8403,#8404);
#7243=AXIS2_PLACEMENT_3D('',#10377,#8407,#8408);
#7244=AXIS2_PLACEMENT_3D('',#10382,#8413,#8414);
#7245=AXIS2_PLACEMENT_3D('',#10384,#8416,#8417);
#7246=AXIS2_PLACEMENT_3D('',#10387,#8420,#8421);
#7247=AXIS2_PLACEMENT_3D('',#10395,#8426,#8427);
#7248=AXIS2_PLACEMENT_3D('',#10398,#8430,#8431);
#7249=AXIS2_PLACEMENT_3D('',#10402,#8434,#8435);
#7250=AXIS2_PLACEMENT_3D('',#10405,#8438,#8439);
#7251=AXIS2_PLACEMENT_3D('',#10411,#8443,#8444);
#7252=AXIS2_PLACEMENT_3D('',#10417,#8448,#8449);
#7253=AXIS2_PLACEMENT_3D('',#10421,#8452,#8453);
#7254=AXIS2_PLACEMENT_3D('',#10425,#8456,#8457);
#7255=AXIS2_PLACEMENT_3D('',#10434,#8462,#8463);
#7256=AXIS2_PLACEMENT_3D('',#10443,#8468,#8469);
#7257=AXIS2_PLACEMENT_3D('',#10452,#8474,#8475);
#7258=AXIS2_PLACEMENT_3D('',#10457,#8479,#8480);
#7259=AXIS2_PLACEMENT_3D('',#10458,#8481,#8482);
#7260=AXIS2_PLACEMENT_3D('',#10459,#8483,#8484);
#7261=AXIS2_PLACEMENT_3D('',#10460,#8485,#8486);
#7262=AXIS2_PLACEMENT_3D('',#10461,#8487,#8488);
#7263=AXIS2_PLACEMENT_3D('',#10465,#8492,#8493);
#7264=AXIS2_PLACEMENT_3D('',#10476,#8499,#8500);
#7265=AXIS2_PLACEMENT_3D('',#10482,#8504,#8505);
#7266=AXIS2_PLACEMENT_3D('',#10492,#8511,#8512);
#7267=AXIS2_PLACEMENT_3D('',#10498,#8516,#8517);
#7268=AXIS2_PLACEMENT_3D('',#10504,#8521,#8522);
#7269=AXIS2_PLACEMENT_3D('',#10510,#8526,#8527);
#7270=AXIS2_PLACEMENT_3D('',#10512,#8529,#8530);
#7271=AXIS2_PLACEMENT_3D('',#10516,#8533,#8534);
#7272=AXIS2_PLACEMENT_3D('',#10528,#8541,#8542);
#7273=AXIS2_PLACEMENT_3D('',#10533,#8544,#8545);
#7274=AXIS2_PLACEMENT_3D('',#10536,#8547,#8548);
#7275=AXIS2_PLACEMENT_3D('',#10537,#8549,#8550);
#7276=AXIS2_PLACEMENT_3D('',#10543,#8554,#8555);
#7277=AXIS2_PLACEMENT_3D('',#10549,#8559,#8560);
#7278=AXIS2_PLACEMENT_3D('',#10555,#8564,#8565);
#7279=AXIS2_PLACEMENT_3D('',#10559,#8567,#8568);
#7280=AXIS2_PLACEMENT_3D('',#10560,#8569,#8570);
#7281=AXIS2_PLACEMENT_3D('',#10561,#8571,#8572);
#7282=AXIS2_PLACEMENT_3D('',#10567,#8576,#8577);
#7283=AXIS2_PLACEMENT_3D('',#10573,#8581,#8582);
#7284=AXIS2_PLACEMENT_3D('',#10579,#8586,#8587);
#7285=AXIS2_PLACEMENT_3D('',#10583,#8589,#8590);
#7286=AXIS2_PLACEMENT_3D('',#10584,#8591,#8592);
#7287=AXIS2_PLACEMENT_3D('',#10585,#8593,#8594);
#7288=AXIS2_PLACEMENT_3D('',#10591,#8598,#8599);
#7289=AXIS2_PLACEMENT_3D('',#10595,#8601,#8602);
#7290=AXIS2_PLACEMENT_3D('',#10596,#8603,#8604);
#7291=AXIS2_PLACEMENT_3D('',#10597,#8605,#8606);
#7292=AXIS2_PLACEMENT_3D('',#10603,#8610,#8611);
#7293=AXIS2_PLACEMENT_3D('',#10609,#8615,#8616);
#7294=AXIS2_PLACEMENT_3D('',#10615,#8620,#8621);
#7295=AXIS2_PLACEMENT_3D('',#10618,#8624,#8625);
#7296=AXIS2_PLACEMENT_3D('',#10620,#8626,#8627);
#7297=AXIS2_PLACEMENT_3D('',#10622,#8629,#8630);
#7298=AXIS2_PLACEMENT_3D('',#10625,#8632,#8633);
#7299=AXIS2_PLACEMENT_3D('',#10626,#8634,#8635);
#7300=AXIS2_PLACEMENT_3D('',#10628,#8637,#8638);
#7301=AXIS2_PLACEMENT_3D('',#10629,#8639,#8640);
#7302=AXIS2_PLACEMENT_3D('',#10633,#8643,#8644);
#7303=AXIS2_PLACEMENT_3D('',#10641,#8650,#8651);
#7304=AXIS2_PLACEMENT_3D('',#10648,#8654,#8655);
#7305=AXIS2_PLACEMENT_3D('',#10658,#8660,#8661);
#7306=AXIS2_PLACEMENT_3D('',#10661,#8664,#8665);
#7307=AXIS2_PLACEMENT_3D('',#10663,#8667,#8668);
#7308=AXIS2_PLACEMENT_3D('',#10671,#8673,#8674);
#7309=AXIS2_PLACEMENT_3D('',#10676,#8678,#8679);
#7310=AXIS2_PLACEMENT_3D('',#10682,#8684,#8685);
#7311=AXIS2_PLACEMENT_3D('',#10684,#8687,#8688);
#7312=AXIS2_PLACEMENT_3D('',#10685,#8689,#8690);
#7313=AXIS2_PLACEMENT_3D('',#10689,#8694,#8695);
#7314=AXIS2_PLACEMENT_3D('',#10691,#8697,#8698);
#7315=AXIS2_PLACEMENT_3D('',#10692,#8699,#8700);
#7316=AXIS2_PLACEMENT_3D('',#10694,#8702,#8703);
#7317=AXIS2_PLACEMENT_3D('',#10699,#8706,#8707);
#7318=AXIS2_PLACEMENT_3D('',#10709,#8712,#8713);
#7319=AXIS2_PLACEMENT_3D('',#10711,#8715,#8716);
#7320=AXIS2_PLACEMENT_3D('',#10712,#8717,#8718);
#7321=AXIS2_PLACEMENT_3D('',#10713,#8719,#8720);
#7322=AXIS2_PLACEMENT_3D('',#10714,#8721,#8722);
#7323=AXIS2_PLACEMENT_3D('',#10718,#8725,#8726);
#7324=AXIS2_PLACEMENT_3D('',#10720,#8727,#8728);
#7325=AXIS2_PLACEMENT_3D('',#10722,#8730,#8731);
#7326=AXIS2_PLACEMENT_3D('',#10726,#8734,#8735);
#7327=AXIS2_PLACEMENT_3D('',#10730,#8738,#8739);
#7328=AXIS2_PLACEMENT_3D('',#10734,#8742,#8743);
#7329=AXIS2_PLACEMENT_3D('',#10738,#8746,#8747);
#7330=AXIS2_PLACEMENT_3D('',#10740,#8748,#8749);
#7331=AXIS2_PLACEMENT_3D('',#10742,#8751,#8752);
#7332=AXIS2_PLACEMENT_3D('',#10744,#8754,#8755);
#7333=AXIS2_PLACEMENT_3D('',#10751,#8758,#8759);
#7334=AXIS2_PLACEMENT_3D('',#10761,#8764,#8765);
#7335=AXIS2_PLACEMENT_3D('',#10764,#8768,#8769);
#7336=AXIS2_PLACEMENT_3D('',#10770,#8773,#8774);
#7337=AXIS2_PLACEMENT_3D('',#10775,#8777,#8778);
#7338=AXIS2_PLACEMENT_3D('',#10785,#8783,#8784);
#7339=AXIS2_PLACEMENT_3D('',#10787,#8786,#8787);
#7340=AXIS2_PLACEMENT_3D('',#10789,#8789,#8790);
#7341=AXIS2_PLACEMENT_3D('',#10791,#8792,#8793);
#7342=AXIS2_PLACEMENT_3D('',#10793,#8795,#8796);
#7343=AXIS2_PLACEMENT_3D('',#10795,#8798,#8799);
#7344=AXIS2_PLACEMENT_3D('',#10797,#8801,#8802);
#7345=AXIS2_PLACEMENT_3D('',#10799,#8804,#8805);
#7346=AXIS2_PLACEMENT_3D('',#10801,#8807,#8808);
#7347=AXIS2_PLACEMENT_3D('',#10802,#8809,#8810);
#7348=AXIS2_PLACEMENT_3D('',#10809,#8813,#8814);
#7349=AXIS2_PLACEMENT_3D('',#10819,#8819,#8820);
#7350=AXIS2_PLACEMENT_3D('',#10822,#8823,#8824);
#7351=AXIS2_PLACEMENT_3D('',#10831,#8830,#8831);
#7352=AXIS2_PLACEMENT_3D('',#10836,#8835,#8836);
#7353=AXIS2_PLACEMENT_3D('',#10840,#8838,#8839);
#7354=AXIS2_PLACEMENT_3D('',#10850,#8844,#8845);
#7355=AXIS2_PLACEMENT_3D('',#10852,#8847,#8848);
#7356=AXIS2_PLACEMENT_3D('',#10854,#8850,#8851);
#7357=AXIS2_PLACEMENT_3D('',#10856,#8853,#8854);
#7358=AXIS2_PLACEMENT_3D('',#10858,#8856,#8857);
#7359=AXIS2_PLACEMENT_3D('',#10860,#8859,#8860);
#7360=AXIS2_PLACEMENT_3D('',#10862,#8862,#8863);
#7361=AXIS2_PLACEMENT_3D('',#10864,#8865,#8866);
#7362=AXIS2_PLACEMENT_3D('',#10866,#8868,#8869);
#7363=AXIS2_PLACEMENT_3D('',#10867,#8870,#8871);
#7364=AXIS2_PLACEMENT_3D('',#10870,#8874,#8875);
#7365=AXIS2_PLACEMENT_3D('',#10872,#8877,#8878);
#7366=AXIS2_PLACEMENT_3D('',#10914,#8901,#8902);
#7367=AXIS2_PLACEMENT_3D('',#10918,#8905,#8906);
#7368=AXIS2_PLACEMENT_3D('',#10924,#8910,#8911);
#7369=AXIS2_PLACEMENT_3D('',#10930,#8914,#8915);
#7370=AXIS2_PLACEMENT_3D('',#10940,#8920,#8921);
#7371=AXIS2_PLACEMENT_3D('',#10943,#8924,#8925);
#7372=AXIS2_PLACEMENT_3D('',#10947,#8928,#8929);
#7373=AXIS2_PLACEMENT_3D('',#10951,#8931,#8932);
#7374=AXIS2_PLACEMENT_3D('',#10961,#8937,#8938);
#7375=AXIS2_PLACEMENT_3D('',#10963,#8940,#8941);
#7376=AXIS2_PLACEMENT_3D('',#10965,#8943,#8944);
#7377=AXIS2_PLACEMENT_3D('',#10967,#8946,#8947);
#7378=AXIS2_PLACEMENT_3D('',#10969,#8949,#8950);
#7379=AXIS2_PLACEMENT_3D('',#10971,#8952,#8953);
#7380=AXIS2_PLACEMENT_3D('',#10973,#8955,#8956);
#7381=AXIS2_PLACEMENT_3D('',#10975,#8958,#8959);
#7382=AXIS2_PLACEMENT_3D('',#10977,#8961,#8962);
#7383=AXIS2_PLACEMENT_3D('',#10978,#8963,#8964);
#7384=AXIS2_PLACEMENT_3D('',#10984,#8967,#8968);
#7385=AXIS2_PLACEMENT_3D('',#10994,#8973,#8974);
#7386=AXIS2_PLACEMENT_3D('',#10998,#8977,#8978);
#7387=AXIS2_PLACEMENT_3D('',#11004,#8982,#8983);
#7388=AXIS2_PLACEMENT_3D('',#11008,#8985,#8986);
#7389=AXIS2_PLACEMENT_3D('',#11018,#8991,#8992);
#7390=AXIS2_PLACEMENT_3D('',#11021,#8995,#8996);
#7391=AXIS2_PLACEMENT_3D('',#11026,#9000,#9001);
#7392=AXIS2_PLACEMENT_3D('',#11030,#9004,#9005);
#7393=AXIS2_PLACEMENT_3D('',#11036,#9009,#9010);
#7394=AXIS2_PLACEMENT_3D('',#11038,#9012,#9013);
#7395=AXIS2_PLACEMENT_3D('',#11040,#9015,#9016);
#7396=AXIS2_PLACEMENT_3D('',#11046,#9020,#9021);
#7397=AXIS2_PLACEMENT_3D('',#11050,#9024,#9025);
#7398=AXIS2_PLACEMENT_3D('',#11058,#9030,#9031);
#7399=AXIS2_PLACEMENT_3D('',#11060,#9033,#9034);
#7400=AXIS2_PLACEMENT_3D('',#11066,#9037,#9038);
#7401=AXIS2_PLACEMENT_3D('',#11076,#9043,#9044);
#7402=AXIS2_PLACEMENT_3D('',#11079,#9047,#9048);
#7403=AXIS2_PLACEMENT_3D('',#11083,#9051,#9052);
#7404=AXIS2_PLACEMENT_3D('',#11087,#9054,#9055);
#7405=AXIS2_PLACEMENT_3D('',#11097,#9060,#9061);
#7406=AXIS2_PLACEMENT_3D('',#11099,#9063,#9064);
#7407=AXIS2_PLACEMENT_3D('',#11106,#9069,#9070);
#7408=AXIS2_PLACEMENT_3D('',#11110,#9072,#9073);
#7409=AXIS2_PLACEMENT_3D('',#11120,#9078,#9079);
#7410=AXIS2_PLACEMENT_3D('',#11124,#9082,#9083);
#7411=AXIS2_PLACEMENT_3D('',#11130,#9087,#9088);
#7412=AXIS2_PLACEMENT_3D('',#11134,#9090,#9091);
#7413=AXIS2_PLACEMENT_3D('',#11144,#9096,#9097);
#7414=AXIS2_PLACEMENT_3D('',#11147,#9100,#9101);
#7415=AXIS2_PLACEMENT_3D('',#11151,#9104,#9105);
#7416=AXIS2_PLACEMENT_3D('',#11157,#9109,#9110);
#7417=AXIS2_PLACEMENT_3D('',#11159,#9112,#9113);
#7418=AXIS2_PLACEMENT_3D('',#11161,#9115,#9116);
#7419=AXIS2_PLACEMENT_3D('',#11167,#9120,#9121);
#7420=AXIS2_PLACEMENT_3D('',#11171,#9124,#9125);
#7421=AXIS2_PLACEMENT_3D('',#11176,#9129,#9130);
#7422=AXIS2_PLACEMENT_3D('',#11178,#9132,#9133);
#7423=AXIS2_PLACEMENT_3D('',#11182,#9136,#9137);
#7424=AXIS2_PLACEMENT_3D('',#11186,#9139,#9140);
#7425=AXIS2_PLACEMENT_3D('',#11196,#9145,#9146);
#7426=AXIS2_PLACEMENT_3D('',#11198,#9148,#9149);
#7427=AXIS2_PLACEMENT_3D('',#11200,#9151,#9152);
#7428=AXIS2_PLACEMENT_3D('',#11202,#9154,#9155);
#7429=AXIS2_PLACEMENT_3D('',#11204,#9157,#9158);
#7430=AXIS2_PLACEMENT_3D('',#11206,#9160,#9161);
#7431=AXIS2_PLACEMENT_3D('',#11208,#9163,#9164);
#7432=AXIS2_PLACEMENT_3D('',#11210,#9166,#9167);
#7433=AXIS2_PLACEMENT_3D('',#11212,#9169,#9170);
#7434=AXIS2_PLACEMENT_3D('',#11213,#9171,#9172);
#7435=AXIS2_PLACEMENT_3D('',#11214,#9173,#9174);
#7436=AXIS2_PLACEMENT_3D('',#11216,#9176,#9177);
#7437=AXIS2_PLACEMENT_3D('',#11218,#9179,#9180);
#7438=AXIS2_PLACEMENT_3D('',#11220,#9182,#9183);
#7439=AXIS2_PLACEMENT_3D('',#11222,#9185,#9186);
#7440=AXIS2_PLACEMENT_3D('',#11224,#9188,#9189);
#7441=AXIS2_PLACEMENT_3D('',#11226,#9191,#9192);
#7442=AXIS2_PLACEMENT_3D('',#11228,#9194,#9195);
#7443=AXIS2_PLACEMENT_3D('',#11229,#9196,#9197);
#7444=AXIS2_PLACEMENT_3D('',#11231,#9199,#9200);
#7445=AXIS2_PLACEMENT_3D('',#11233,#9202,#9203);
#7446=AXIS2_PLACEMENT_3D('',#11235,#9205,#9206);
#7447=AXIS2_PLACEMENT_3D('',#11237,#9208,#9209);
#7448=AXIS2_PLACEMENT_3D('',#11239,#9211,#9212);
#7449=AXIS2_PLACEMENT_3D('',#11241,#9214,#9215);
#7450=AXIS2_PLACEMENT_3D('',#11243,#9217,#9218);
#7451=AXIS2_PLACEMENT_3D('',#11244,#9219,#9220);
#7452=AXIS2_PLACEMENT_3D('',#11245,#9221,#9222);
#7453=AXIS2_PLACEMENT_3D('',#11247,#9224,#9225);
#7454=AXIS2_PLACEMENT_3D('',#11249,#9227,#9228);
#7455=AXIS2_PLACEMENT_3D('',#11251,#9230,#9231);
#7456=AXIS2_PLACEMENT_3D('',#11253,#9233,#9234);
#7457=AXIS2_PLACEMENT_3D('',#11255,#9236,#9237);
#7458=AXIS2_PLACEMENT_3D('',#11257,#9239,#9240);
#7459=AXIS2_PLACEMENT_3D('',#11259,#9242,#9243);
#7460=AXIS2_PLACEMENT_3D('',#11260,#9244,#9245);
#7461=AXIS2_PLACEMENT_3D('',#11261,#9246,#9247);
#7462=AXIS2_PLACEMENT_3D('',#11267,#9251,#9252);
#7463=AXIS2_PLACEMENT_3D('',#11269,#9254,#9255);
#7464=AXIS2_PLACEMENT_3D('',#11272,#9258,#9259);
#7465=AXIS2_PLACEMENT_3D('',#11273,#9260,#9261);
#7466=AXIS2_PLACEMENT_3D('',#11274,#9262,#9263);
#7467=DIRECTION('axis',(0.,0.,1.));
#7468=DIRECTION('refdir',(1.,0.,0.));
#7469=DIRECTION('center_axis',(0.707106781186548,0.707106781186548,-2.37238823896335E-16));
#7470=DIRECTION('ref_axis',(-0.707106781186548,0.707106781186548,-1.09668811628278E-16));
#7471=DIRECTION('',(-0.707106781186547,0.707106781186547,0.));
#7472=DIRECTION('',(-2.28983498828939E-16,-1.06522863446701E-16,-1.));
#7473=DIRECTION('',(-2.28983498828939E-16,-1.06522863446701E-16,-1.));
#7474=DIRECTION('',(-0.707106781186547,0.707106781186547,5.55111512312578E-17));
#7475=DIRECTION('',(-2.28983498828939E-16,-1.06522863446701E-16,-1.));
#7476=DIRECTION('center_axis',(-2.80414647586397E-32,-1.,1.06522863446701E-16));
#7477=DIRECTION('ref_axis',(-1.,5.24334427359426E-32,2.28983498828939E-16));
#7478=DIRECTION('',(-2.28983498828939E-16,-1.06522863446701E-16,-1.));
#7479=DIRECTION('',(-1.,5.24334427359425E-32,2.28983498828939E-16));
#7480=DIRECTION('',(-1.,5.24334427359425E-32,2.28983498828939E-16));
#7481=DIRECTION('center_axis',(-0.707106781186548,7.53230390945708E-17,
0.707106781186547));
#7482=DIRECTION('ref_axis',(0.707106781186547,7.53230390945708E-17,0.707106781186548));
#7483=DIRECTION('',(2.80414647586397E-32,1.,-1.06522863446701E-16));
#7484=DIRECTION('',(-0.707106781186547,-1.61915784801764E-16,-0.707106781186548));
#7485=DIRECTION('',(-2.80414647586397E-32,-1.,1.06522863446701E-16));
#7486=DIRECTION('center_axis',(-0.707106781186548,7.53230390945708E-17,
0.707106781186547));
#7487=DIRECTION('ref_axis',(0.707106781186547,7.53230390945707E-17,0.707106781186548));
#7488=DIRECTION('center_axis',(1.,-5.24334427359425E-32,-2.28983498828939E-16));
#7489=DIRECTION('ref_axis',(2.80414647586396E-32,1.,-1.06522863446701E-16));
#7490=DIRECTION('',(-2.28983498828939E-16,-1.06522863446701E-16,-1.));
#7491=DIRECTION('',(2.28983498828939E-16,2.28983498828939E-16,1.));
#7492=DIRECTION('',(1.05642163830589E-16,0.887216801234595,0.461352736641989));
#7493=DIRECTION('',(2.28983498828939E-16,1.06522863446701E-16,1.));
#7494=DIRECTION('',(-2.80414647586397E-32,-1.,1.06522863446701E-16));
#7495=DIRECTION('',(-2.80414647586397E-32,-1.,1.06522863446701E-16));
#7496=DIRECTION('',(2.80414647586397E-32,1.,-1.06522863446701E-16));
#7497=DIRECTION('center_axis',(-0.707106781186543,-7.53230390945712E-17,
-0.707106781186552));
#7498=DIRECTION('ref_axis',(0.707106781186552,6.23130444540118E-16,-0.707106781186543));
#7499=DIRECTION('',(-1.22460635382239E-16,-1.,2.28983498828939E-16));
#7500=DIRECTION('',(-0.707106781186552,1.06404633570505E-16,0.707106781186543));
#7501=DIRECTION('',(1.93257007665344E-32,1.,-1.06522863446701E-16));
#7502=DIRECTION('',(-0.216371161203961,0.952033109297413,0.216371161203958));
#7503=DIRECTION('center_axis',(1.,-5.24334427359425E-32,-2.28983498828939E-16));
#7504=DIRECTION('ref_axis',(-2.08005240798215E-46,1.,-2.28983498828939E-16));
#7505=DIRECTION('',(1.,-5.24334427359425E-32,-2.28983498828939E-16));
#7506=DIRECTION('center_axis',(1.,-5.24334427359425E-32,-2.28983498828939E-16));
#7507=DIRECTION('ref_axis',(-2.08005240798215E-46,1.,-2.28983498828939E-16));
#7508=DIRECTION('',(1.,-5.24334427359425E-32,-2.28983498828939E-16));
#7509=DIRECTION('center_axis',(1.,-5.24334427359425E-32,-2.28983498828939E-16));
#7510=DIRECTION('ref_axis',(-2.08005240798215E-46,1.,-2.28983498828939E-16));
#7511=DIRECTION('center_axis',(1.,-5.24334427359425E-32,-2.28983498828939E-16));
#7512=DIRECTION('ref_axis',(2.80414647586396E-32,1.,-1.06522863446701E-16));
#7513=DIRECTION('',(0.,1.,-2.28983498828939E-16));
#7514=DIRECTION('',(2.28983498828939E-16,1.06522863446701E-16,1.));
#7515=DIRECTION('',(-2.80414647586397E-32,-1.,1.06522863446701E-16));
#7516=DIRECTION('center_axis',(-2.28983498828939E-16,-1.06522863446701E-16,
-1.));
#7517=DIRECTION('ref_axis',(-2.80414647586397E-32,-1.,1.06522863446701E-16));
#7518=DIRECTION('',(2.80414647586397E-32,1.,-1.06522863446701E-16));
#7519=DIRECTION('',(-1.,5.24334427359425E-32,2.28983498828939E-16));
#7520=DIRECTION('',(2.80414647586397E-32,1.,-1.06522863446701E-16));
#7521=DIRECTION('',(-1.,5.24334427359425E-32,2.28983498828939E-16));
#7522=DIRECTION('center_axis',(-1.,5.24334427359425E-32,2.28983498828939E-16));
#7523=DIRECTION('ref_axis',(2.80414647586396E-32,1.,-1.06522863446701E-16));
#7524=DIRECTION('',(-1.,5.24334427359425E-32,2.28983498828939E-16));
#7525=DIRECTION('',(-1.,5.24334427359425E-32,2.28983498828939E-16));
#7526=DIRECTION('center_axis',(-0.707106781186548,-7.53230390945707E-17,
-0.707106781186547));
#7527=DIRECTION('ref_axis',(-0.707106781186547,7.53230390945708E-17,0.707106781186548));
#7528=DIRECTION('center_axis',(-2.23289333142183E-16,0.221621103588969,
-0.97513285579146));
#7529=DIRECTION('ref_axis',(-5.07475757141327E-17,-0.97513285579146,-0.221621103588969));
#7530=DIRECTION('',(-1.,5.24334427359425E-32,2.28983498828939E-16));
#7531=DIRECTION('',(-0.216371161203961,-0.952033109297413,-0.216371161203958));
#7532=DIRECTION('',(-1.,5.24334427359425E-32,2.28983498828939E-16));
#7533=DIRECTION('',(-0.216371161203961,0.952033109297413,0.216371161203958));
#7534=DIRECTION('center_axis',(1.,-5.24334427359425E-32,-2.28983498828939E-16));
#7535=DIRECTION('ref_axis',(-2.08005240798215E-46,1.,-2.28983498828939E-16));
#7536=DIRECTION('',(1.,-5.24334427359425E-32,-2.28983498828939E-16));
#7537=DIRECTION('center_axis',(1.,-5.24334427359425E-32,-2.28983498828939E-16));
#7538=DIRECTION('ref_axis',(-2.08005240798215E-46,1.,-2.28983498828939E-16));
#7539=DIRECTION('',(1.,-5.24334427359425E-32,-2.28983498828939E-16));
#7540=DIRECTION('center_axis',(1.,-5.24334427359425E-32,-2.28983498828939E-16));
#7541=DIRECTION('ref_axis',(-2.08005240798215E-46,1.,-2.28983498828939E-16));
#7542=DIRECTION('center_axis',(0.,-1.,2.28983498828939E-16));
#7543=DIRECTION('ref_axis',(2.28983498828939E-16,2.28983498828939E-16,1.));
#7544=DIRECTION('',(2.28983498828939E-16,2.28983498828939E-16,1.));
#7545=DIRECTION('',(1.,-5.24334427359425E-32,-2.28983498828939E-16));
#7546=DIRECTION('',(2.28983498828939E-16,2.28983498828939E-16,1.));
#7547=DIRECTION('center_axis',(-0.707106781186543,-7.53230390945712E-17,
-0.707106781186552));
#7548=DIRECTION('ref_axis',(0.707106781186552,6.23130444540118E-16,-0.707106781186543));
#7549=DIRECTION('',(-1.22460635382239E-16,-1.,2.28983498828939E-16));
#7550=DIRECTION('',(-0.707106781186552,1.06404633570505E-16,0.707106781186543));
#7551=DIRECTION('',(1.93257007665344E-32,1.,-1.06522863446701E-16));
#7552=DIRECTION('',(-0.216371161203961,0.952033109297413,0.216371161203958));
#7553=DIRECTION('center_axis',(-2.28983498828939E-16,-2.28983498828939E-16,
-1.));
#7554=DIRECTION('ref_axis',(0.,-1.,2.28983498828939E-16));
#7555=DIRECTION('',(-1.22460635382239E-16,1.,-2.28983498828938E-16));
#7556=DIRECTION('',(-1.,5.24334427359425E-32,2.28983498828939E-16));
#7557=DIRECTION('',(1.,-5.24334427359425E-32,-2.28983498828939E-16));
#7558=DIRECTION('',(-1.,5.24334427359425E-32,2.28983498828939E-16));
#7559=DIRECTION('',(-1.22460635382239E-16,-1.,2.28983498828939E-16));
#7560=DIRECTION('center_axis',(2.80414647586397E-32,1.,-1.06522863446701E-16));
#7561=DIRECTION('ref_axis',(-2.28983498828939E-16,-1.06522863446701E-16,
-1.));
#7562=DIRECTION('',(-2.28983498828939E-16,-1.06522863446701E-16,-1.));
#7563=DIRECTION('',(-1.,5.24334427359425E-32,2.28983498828939E-16));
#7564=DIRECTION('',(-0.707106781186552,-1.06404633570505E-16,-0.707106781186543));
#7565=DIRECTION('',(-1.,5.24334427359425E-32,2.28983498828939E-16));
#7566=DIRECTION('',(-2.28983498828939E-16,-1.06522863446701E-16,-1.));
#7567=DIRECTION('',(-2.28983498828939E-16,-1.06522863446701E-16,-1.));
#7568=DIRECTION('',(-1.,5.24334427359425E-32,2.28983498828939E-16));
#7569=DIRECTION('',(1.,-5.24334427359425E-32,-2.28983498828939E-16));
#7570=DIRECTION('',(1.,-5.24334427359425E-32,-2.28983498828939E-16));
#7571=DIRECTION('center_axis',(1.,-5.24334427359425E-32,-2.28983498828939E-16));
#7572=DIRECTION('ref_axis',(5.24334427359425E-32,1.,0.));
#7573=DIRECTION('',(-2.28983498828939E-16,-1.06522863446701E-16,-1.));
#7574=DIRECTION('',(5.20049491518193E-17,0.973868596229247,0.227112212966356));
#7575=DIRECTION('center_axis',(1.,-5.24334427359425E-32,-2.28983498828939E-16));
#7576=DIRECTION('ref_axis',(-2.08005240798215E-46,1.,-2.28983498828939E-16));
#7577=DIRECTION('',(2.28983498828939E-16,2.28983498828939E-16,1.));
#7578=DIRECTION('',(0.,1.,-2.28983498828939E-16));
#7579=DIRECTION('',(-1.61915784801753E-16,-0.707106781186598,-0.707106781186497));
#7580=DIRECTION('',(-2.28983498828939E-16,-2.28983498828939E-16,-1.));
#7581=DIRECTION('center_axis',(1.,-5.24334427359425E-32,-2.28983498828939E-16));
#7582=DIRECTION('ref_axis',(-2.08005240798215E-46,1.,-2.28983498828939E-16));
#7583=DIRECTION('',(2.28983498828939E-16,2.28983498828939E-16,1.));
#7584=DIRECTION('',(-2.80414647586397E-32,-1.,1.06522863446701E-16));
#7585=DIRECTION('',(-2.28983498828939E-16,-1.06522863446701E-16,-1.));
#7586=DIRECTION('center_axis',(2.80414647586397E-32,1.,-1.06522863446701E-16));
#7587=DIRECTION('ref_axis',(-2.28983498828939E-16,-1.06522863446701E-16,
-1.));
#7588=DIRECTION('',(-1.,5.24334427359425E-32,2.28983498828939E-16));
#7589=DIRECTION('',(-2.28983498828939E-16,-1.06522863446701E-16,-1.));
#7590=DIRECTION('',(-1.,5.24334427359425E-32,2.28983498828939E-16));
#7591=DIRECTION('center_axis',(1.,-5.24334427359425E-32,-2.28983498828939E-16));
#7592=DIRECTION('ref_axis',(-2.08005240798215E-46,1.,-2.28983498828939E-16));
#7593=DIRECTION('',(2.28983498828939E-16,2.28983498828939E-16,1.));
#7594=DIRECTION('center_axis',(1.,-5.24334427359425E-32,-2.28983498828939E-16));
#7595=DIRECTION('ref_axis',(-2.08005240798215E-46,1.,-2.28983498828939E-16));
#7596=DIRECTION('',(-2.28983498828939E-16,-2.28983498828939E-16,-1.));
#7597=DIRECTION('',(-1.61915784801753E-16,-0.707106781186598,-0.707106781186497));
#7598=DIRECTION('',(0.,1.,-2.28983498828939E-16));
#7599=DIRECTION('',(2.28983498828939E-16,2.28983498828939E-16,1.));
#7600=DIRECTION('center_axis',(1.,-5.24334427359425E-32,-2.28983498828939E-16));
#7601=DIRECTION('ref_axis',(-2.08005240798215E-46,1.,-2.28983498828939E-16));
#7602=DIRECTION('',(5.20049491518193E-17,0.973868596229247,0.227112212966356));
#7603=DIRECTION('',(-2.80414647586397E-32,-1.,1.06522863446701E-16));
#7604=DIRECTION('center_axis',(2.80414647586397E-32,1.,-1.06522863446701E-16));
#7605=DIRECTION('ref_axis',(-2.28983498828939E-16,-1.06522863446701E-16,
-1.));
#7606=DIRECTION('',(-2.28983498828939E-16,-1.06522863446701E-16,-1.));
#7607=DIRECTION('',(-1.,5.24334427359425E-32,2.28983498828939E-16));
#7608=DIRECTION('',(-0.707106781186552,-1.06404633570505E-16,-0.707106781186543));
#7609=DIRECTION('',(1.,-5.24334427359425E-32,-2.28983498828939E-16));
#7610=DIRECTION('',(-0.707106781186552,1.06404633570505E-16,0.707106781186543));
#7611=DIRECTION('',(-1.,5.24334427359425E-32,2.28983498828939E-16));
#7612=DIRECTION('',(1.,-5.24334427359425E-32,-2.28983498828939E-16));
#7613=DIRECTION('center_axis',(1.,-5.24334427359425E-32,-2.28983498828939E-16));
#7614=DIRECTION('ref_axis',(-2.08005240798215E-46,1.,-2.28983498828939E-16));
#7615=DIRECTION('',(-2.28983498828939E-16,-1.06522863446701E-16,-1.));
#7616=DIRECTION('',(5.20049491518193E-17,0.973868596229247,0.227112212966356));
#7617=DIRECTION('center_axis',(1.,-5.24334427359425E-32,-2.28983498828939E-16));
#7618=DIRECTION('ref_axis',(-2.08005240798215E-46,1.,-2.28983498828939E-16));
#7619=DIRECTION('',(2.28983498828939E-16,2.28983498828939E-16,1.));
#7620=DIRECTION('',(0.,-1.,2.28983498828939E-16));
#7621=DIRECTION('',(-1.61915784801753E-16,-0.707106781186598,-0.707106781186497));
#7622=DIRECTION('',(-2.28983498828939E-16,-2.28983498828939E-16,-1.));
#7623=DIRECTION('center_axis',(1.,-5.24334427359425E-32,-2.28983498828939E-16));
#7624=DIRECTION('ref_axis',(-2.08005240798215E-46,1.,-2.28983498828939E-16));
#7625=DIRECTION('',(-2.28983498828939E-16,-2.28983498828939E-16,-1.));
#7626=DIRECTION('',(-2.80414647586397E-32,-1.,1.06522863446701E-16));
#7627=DIRECTION('',(2.28983498828939E-16,1.06522863446701E-16,1.));
#7628=DIRECTION('center_axis',(0.,1.,-2.28983498828939E-16));
#7629=DIRECTION('ref_axis',(-2.28983498828939E-16,-2.28983498828939E-16,
-1.));
#7630=DIRECTION('',(1.,-5.24334427359425E-32,-2.28983498828939E-16));
#7631=DIRECTION('',(1.,-5.24334427359425E-32,-2.28983498828939E-16));
#7632=DIRECTION('',(2.28983498828939E-16,2.28983498828939E-16,1.));
#7633=DIRECTION('center_axis',(2.80414647586397E-32,1.,-1.06522863446701E-16));
#7634=DIRECTION('ref_axis',(-2.28983498828939E-16,-1.06522863446701E-16,
-1.));
#7635=DIRECTION('',(1.,-5.24334427359425E-32,-2.28983498828939E-16));
#7636=DIRECTION('',(-2.28983498828939E-16,-1.06522863446701E-16,-1.));
#7637=DIRECTION('',(-1.,5.24334427359425E-32,2.28983498828939E-16));
#7638=DIRECTION('center_axis',(1.,-5.24334427359425E-32,-2.28983498828939E-16));
#7639=DIRECTION('ref_axis',(5.24334427359425E-32,1.,0.));
#7640=DIRECTION('',(-2.80414647586397E-32,-1.,1.06522863446701E-16));
#7641=DIRECTION('center_axis',(1.,-5.24334427359425E-32,-2.28983498828939E-16));
#7642=DIRECTION('ref_axis',(-2.08005240798215E-46,1.,-2.28983498828939E-16));
#7643=DIRECTION('',(-2.28983498828939E-16,-2.28983498828939E-16,-1.));
#7644=DIRECTION('',(-1.61915784801753E-16,-0.707106781186598,-0.707106781186497));
#7645=DIRECTION('',(0.,1.,-2.28983498828939E-16));
#7646=DIRECTION('',(2.28983498828939E-16,2.28983498828939E-16,1.));
#7647=DIRECTION('center_axis',(1.,-5.24334427359425E-32,-2.28983498828939E-16));
#7648=DIRECTION('ref_axis',(-2.08005240798215E-46,1.,-2.28983498828939E-16));
#7649=DIRECTION('',(5.20049491518193E-17,0.973868596229247,0.227112212966356));
#7650=DIRECTION('center_axis',(2.229998385642E-16,-0.227112212966356,0.973868596229247));
#7651=DIRECTION('ref_axis',(5.20049491518193E-17,0.973868596229247,0.227112212966356));
#7652=DIRECTION('',(1.,-5.24334427359425E-32,-2.28983498828939E-16));
#7653=DIRECTION('center_axis',(1.,-5.24334427359425E-32,-2.28983498828939E-16));
#7654=DIRECTION('ref_axis',(-2.08005240798215E-46,1.,-2.28983498828939E-16));
#7655=DIRECTION('',(1.,-5.24334427359425E-32,-2.28983498828939E-16));
#7656=DIRECTION('center_axis',(0.,-1.,2.28983498828939E-16));
#7657=DIRECTION('ref_axis',(2.28983498828939E-16,2.28983498828939E-16,1.));
#7658=DIRECTION('',(1.,-5.24334427359425E-32,-2.28983498828939E-16));
#7659=DIRECTION('center_axis',(-2.28983498828939E-16,-2.28983498828939E-16,
-1.));
#7660=DIRECTION('ref_axis',(0.,-1.,2.28983498828939E-16));
#7661=DIRECTION('',(1.,-5.24334427359425E-32,-2.28983498828939E-16));
#7662=DIRECTION('center_axis',(-1.61915784801776E-16,0.707106781186497,
-0.707106781186598));
#7663=DIRECTION('ref_axis',(-1.61915784801753E-16,-0.707106781186598,-0.707106781186497));
#7664=DIRECTION('',(1.,-5.24334427359425E-32,-2.28983498828939E-16));
#7665=DIRECTION('center_axis',(0.,1.,-2.28983498828939E-16));
#7666=DIRECTION('ref_axis',(-2.28983498828939E-16,-2.28983498828939E-16,
-1.));
#7667=DIRECTION('',(1.,-5.24334427359425E-32,-2.28983498828939E-16));
#7668=DIRECTION('center_axis',(1.,-5.24334427359425E-32,-2.28983498828939E-16));
#7669=DIRECTION('ref_axis',(-2.08005240798215E-46,1.,-2.28983498828939E-16));
#7670=DIRECTION('center_axis',(-1.,5.24334427359425E-32,2.28983498828939E-16));
#7671=DIRECTION('ref_axis',(-2.08005240798215E-46,1.,-2.28983498828939E-16));
#7672=DIRECTION('',(1.3629728714166E-16,0.803557193344746,0.595227550625737));
#7673=DIRECTION('',(5.24334427359425E-32,1.,0.));
#7674=DIRECTION('',(-1.37143462837653E-17,-0.998204845465779,-0.0598922907279467));
#7675=DIRECTION('',(-2.80414647586397E-32,-1.,1.06522863446701E-16));
#7676=DIRECTION('',(-2.28983498828939E-16,-1.06522863446701E-16,-1.));
#7677=DIRECTION('',(3.75748179833565E-32,1.,-6.48895000232574E-17));
#7678=DIRECTION('',(1.71256640256046E-17,-0.997199309888456,0.0747899482416343));
#7679=DIRECTION('',(-5.24334427359425E-32,-1.,0.));
#7680=DIRECTION('',(1.83186799063151E-16,-0.6,0.8));
#7681=DIRECTION('',(2.28983498828939E-16,2.28983498828939E-16,1.));
#7682=DIRECTION('center_axis',(0.707106781186548,7.53230390945707E-17,0.707106781186548));
#7683=DIRECTION('ref_axis',(0.707106781186548,-7.53230390945708E-17,-0.707106781186548));
#7684=DIRECTION('',(-2.80414647586397E-32,-1.,1.06522863446701E-16));
#7685=DIRECTION('',(0.707106781186547,-7.53230390945707E-17,-0.707106781186547));
#7686=DIRECTION('',(2.80414647586397E-32,1.,-1.06522863446701E-16));
#7687=DIRECTION('',(-0.577350269189624,0.577350269189629,0.577350269189624));
#7688=DIRECTION('center_axis',(0.,1.,-2.28983498828939E-16));
#7689=DIRECTION('ref_axis',(-2.28983498828939E-16,-2.28983498828939E-16,
-1.));
#7690=DIRECTION('',(1.,-5.24334427359425E-32,-2.28983498828939E-16));
#7691=DIRECTION('',(-2.28983498828939E-16,-2.28983498828939E-16,-1.));
#7692=DIRECTION('',(1.,-5.24334427359425E-32,-2.28983498828939E-16));
#7693=DIRECTION('',(-2.28983498828939E-16,-2.28983498828939E-16,-1.));
#7694=DIRECTION('center_axis',(1.37390099297363E-16,0.8,0.6));
#7695=DIRECTION('ref_axis',(1.83186799063151E-16,-0.6,0.8));
#7696=DIRECTION('',(-1.,5.24334427359425E-32,2.28983498828939E-16));
#7697=DIRECTION('',(1.,-5.24334427359425E-32,-2.28983498828939E-16));
#7698=DIRECTION('',(1.83186799063151E-16,-0.6,0.8));
#7699=DIRECTION('center_axis',(-2.28983498828939E-16,-1.06522863446701E-16,
-1.));
#7700=DIRECTION('ref_axis',(-1.,5.24334427359425E-32,2.28983498828939E-16));
#7701=DIRECTION('',(-1.,5.24334427359425E-32,2.28983498828939E-16));
#7702=DIRECTION('',(-2.80414647586397E-32,-1.,1.06522863446701E-16));
#7703=DIRECTION('',(-1.,5.24334427359425E-32,2.28983498828939E-16));
#7704=DIRECTION('center_axis',(0.707106781186551,0.707106781186544,-3.23831569603529E-16));
#7705=DIRECTION('ref_axis',(-0.707106781186544,0.707106781186551,-1.45446229400124E-30));
#7706=DIRECTION('',(0.707106781186544,-0.707106781186551,1.42981039071308E-30));
#7707=DIRECTION('',(2.28983498828939E-16,2.28983498828939E-16,1.));
#7708=DIRECTION('',(-0.707106781186544,0.707106781186551,1.11022302462514E-16));
#7709=DIRECTION('',(2.28983498828939E-16,2.28983498828939E-16,1.));
#7710=DIRECTION('center_axis',(1.,-5.24334427359425E-32,-2.28983498828939E-16));
#7711=DIRECTION('ref_axis',(-2.28983498828939E-16,-1.06522863446701E-16,
-1.));
#7712=DIRECTION('',(2.28983498828939E-16,1.06522863446701E-16,1.));
#7713=DIRECTION('',(-2.80414647586397E-32,-1.,1.06522863446701E-16));
#7714=DIRECTION('',(2.28983498828939E-16,1.06522863446701E-16,1.));
#7715=DIRECTION('center_axis',(-2.28983498828939E-16,-2.28983498828939E-16,
-1.));
#7716=DIRECTION('ref_axis',(0.,-1.,2.28983498828939E-16));
#7717=DIRECTION('',(-1.,5.24334427359425E-32,2.28983498828939E-16));
#7718=DIRECTION('',(-1.22460635382239E-16,1.,-2.28983498828938E-16));
#7719=DIRECTION('',(-1.,5.24334427359425E-32,2.28983498828939E-16));
#7720=DIRECTION('center_axis',(0.,1.,-2.28983498828939E-16));
#7721=DIRECTION('ref_axis',(-2.28983498828939E-16,-2.28983498828939E-16,
-1.));
#7722=DIRECTION('',(1.,-5.24334427359425E-32,-2.28983498828939E-16));
#7723=DIRECTION('',(-2.28983498828939E-16,-2.28983498828939E-16,-1.));
#7724=DIRECTION('',(1.,-5.24334427359425E-32,-2.28983498828939E-16));
#7725=DIRECTION('',(2.28983498828939E-16,2.28983498828939E-16,1.));
#7726=DIRECTION('center_axis',(0.,-1.,2.28983498828939E-16));
#7727=DIRECTION('ref_axis',(2.28983498828939E-16,2.28983498828939E-16,1.));
#7728=DIRECTION('',(2.28983498828939E-16,2.28983498828939E-16,1.));
#7729=DIRECTION('',(1.,-5.24334427359425E-32,-2.28983498828939E-16));
#7730=DIRECTION('',(2.28983498828939E-16,2.28983498828939E-16,1.));
#7731=DIRECTION('',(1.,-5.24334427359425E-32,-2.28983498828939E-16));
#7732=DIRECTION('center_axis',(2.80414647586397E-32,1.,-1.06522863446701E-16));
#7733=DIRECTION('ref_axis',(-2.28983498828939E-16,-1.06522863446701E-16,
-1.));
#7734=DIRECTION('',(-2.28983498828939E-16,-1.06522863446701E-16,-1.));
#7735=DIRECTION('',(-1.,5.24334427359425E-32,2.28983498828939E-16));
#7736=DIRECTION('',(-2.28983498828939E-16,-1.06522863446701E-16,-1.));
#7737=DIRECTION('center_axis',(-0.707106781186549,-0.707106781186546,3.23831569603529E-16));
#7738=DIRECTION('ref_axis',(0.707106781186546,-0.707106781186549,7.14905195356542E-31));
#7739=DIRECTION('',(0.626384365641346,-0.626384365641349,-0.463988418993591));
#7740=DIRECTION('',(2.28983498828939E-16,2.28983498828939E-16,1.));
#7741=DIRECTION('',(-0.707106781186546,0.707106781186549,-7.14905195356542E-31));
#7742=DIRECTION('',(3.51444134211176E-16,1.06522863446701E-16,1.));
#7743=DIRECTION('',(-2.28983498828939E-16,-2.28983498828939E-16,-1.));
#7744=DIRECTION('center_axis',(2.80414647586397E-32,1.,-1.06522863446701E-16));
#7745=DIRECTION('ref_axis',(-2.28983498828939E-16,-1.06522863446701E-16,
-1.));
#7746=DIRECTION('',(1.,-5.24334427359425E-32,-2.28983498828939E-16));
#7747=DIRECTION('',(-2.28983498828939E-16,-1.06522863446701E-16,-1.));
#7748=DIRECTION('',(-1.,5.24334427359425E-32,2.28983498828939E-16));
#7749=DIRECTION('',(-2.28983498828939E-16,-1.06522863446701E-16,-1.));
#7750=DIRECTION('center_axis',(-1.83186799063151E-16,-0.6,-0.8));
#7751=DIRECTION('ref_axis',(1.37390099297363E-16,-0.8,0.6));
#7752=DIRECTION('',(1.,-5.24334427359425E-32,-2.28983498828939E-16));
#7753=DIRECTION('',(1.37390099297363E-16,-0.8,0.6));
#7754=DIRECTION('',(1.,-5.24334427359425E-32,-2.28983498828939E-16));
#7755=DIRECTION('',(1.37390099297363E-16,-0.8,0.6));
#7756=DIRECTION('center_axis',(1.,-5.24334427359425E-32,-2.28983498828939E-16));
#7757=DIRECTION('ref_axis',(-2.08005240798215E-46,1.,-2.28983498828939E-16));
#7758=DIRECTION('',(1.,-5.24334427359425E-32,-2.28983498828939E-16));
#7759=DIRECTION('center_axis',(1.,-5.24334427359425E-32,-2.28983498828939E-16));
#7760=DIRECTION('ref_axis',(-2.08005240798215E-46,1.,-2.28983498828939E-16));
#7761=DIRECTION('',(1.,-5.24334427359425E-32,-2.28983498828939E-16));
#7762=DIRECTION('center_axis',(1.,-5.24334427359425E-32,-2.28983498828939E-16));
#7763=DIRECTION('ref_axis',(-2.08005240798215E-46,1.,-2.28983498828939E-16));
#7764=DIRECTION('center_axis',(-2.80414647586397E-32,-1.,1.06522863446701E-16));
#7765=DIRECTION('ref_axis',(-2.28983498828939E-16,-1.06522863446701E-16,
-1.));
#7766=DIRECTION('',(-1.,5.24334427359425E-32,2.28983498828939E-16));
#7767=DIRECTION('',(2.28983498828939E-16,1.06522863446701E-16,1.));
#7768=DIRECTION('center_axis',(-2.28983498828939E-16,-2.28983498828939E-16,
-1.));
#7769=DIRECTION('ref_axis',(0.,-1.,2.28983498828939E-16));
#7770=DIRECTION('',(1.,-5.24334427359425E-32,-2.28983498828939E-16));
#7771=DIRECTION('',(0.,-1.,2.28983498828939E-16));
#7772=DIRECTION('',(1.,-5.24334427359425E-32,-2.28983498828939E-16));
#7773=DIRECTION('',(0.,1.,-2.28983498828939E-16));
#7774=DIRECTION('center_axis',(2.28983498828939E-16,1.06522863446701E-16,
1.));
#7775=DIRECTION('ref_axis',(1.,-5.24334427359425E-32,-2.28983498828939E-16));
#7776=DIRECTION('',(2.80414647586397E-32,1.,-1.06522863446701E-16));
#7777=DIRECTION('center_axis',(0.,1.,-2.28983498828939E-16));
#7778=DIRECTION('ref_axis',(-2.28983498828939E-16,-2.28983498828939E-16,
-1.));
#7779=DIRECTION('',(-1.,5.24334427359425E-32,2.28983498828939E-16));
#7780=DIRECTION('',(1.,-5.24334427359425E-32,-2.28983498828939E-16));
#7781=DIRECTION('center_axis',(2.28983498828939E-16,1.06522863446701E-16,
1.));
#7782=DIRECTION('ref_axis',(2.80414647586397E-32,1.,-1.06522863446701E-16));
#7783=DIRECTION('center_axis',(2.229998385642E-16,-0.227112212966356,0.973868596229247));
#7784=DIRECTION('ref_axis',(5.20049491518193E-17,0.973868596229247,0.227112212966356));
#7785=DIRECTION('',(-1.,5.24334427359425E-32,2.28983498828939E-16));
#7786=DIRECTION('center_axis',(-1.,5.24334427359425E-32,2.28983498828939E-16));
#7787=DIRECTION('ref_axis',(-2.08005240798215E-46,1.,-2.28983498828939E-16));
#7788=DIRECTION('',(-1.,5.24334427359425E-32,2.28983498828939E-16));
#7789=DIRECTION('center_axis',(0.,1.,-2.28983498828939E-16));
#7790=DIRECTION('ref_axis',(2.28983498828939E-16,2.28983498828939E-16,1.));
#7791=DIRECTION('',(1.,-5.24334427359425E-32,-2.28983498828939E-16));
#7792=DIRECTION('center_axis',(-2.28983498828939E-16,-2.28983498828939E-16,
-1.));
#7793=DIRECTION('ref_axis',(0.,-1.,2.28983498828939E-16));
#7794=DIRECTION('',(-1.,5.24334427359425E-32,2.28983498828939E-16));
#7795=DIRECTION('center_axis',(1.61915784801776E-16,-0.707106781186497,
0.707106781186598));
#7796=DIRECTION('ref_axis',(-1.61915784801753E-16,-0.707106781186598,-0.707106781186497));
#7797=DIRECTION('',(-1.,5.24334427359425E-32,2.28983498828939E-16));
#7798=DIRECTION('center_axis',(0.,-1.,2.28983498828939E-16));
#7799=DIRECTION('ref_axis',(-2.28983498828939E-16,-2.28983498828939E-16,
-1.));
#7800=DIRECTION('',(-1.,5.24334427359425E-32,2.28983498828939E-16));
#7801=DIRECTION('center_axis',(-1.,5.24334427359425E-32,2.28983498828939E-16));
#7802=DIRECTION('ref_axis',(-2.08005240798215E-46,1.,-2.28983498828939E-16));
#7803=DIRECTION('center_axis',(0.707106781186543,-7.53230390945713E-17,
-0.707106781186552));
#7804=DIRECTION('ref_axis',(-0.707106781186552,6.23130444540118E-16,-0.707106781186543));
#7805=DIRECTION('',(-3.6757228750745E-32,-1.,1.06522863446701E-16));
#7806=DIRECTION('',(-0.707106781186552,-1.06404633570505E-16,-0.707106781186543));
#7807=DIRECTION('center_axis',(0.,-1.,2.28983498828939E-16));
#7808=DIRECTION('ref_axis',(2.28983498828939E-16,2.28983498828939E-16,1.));
#7809=DIRECTION('',(2.28983498828939E-16,2.28983498828939E-16,1.));
#7810=DIRECTION('',(1.,-5.24334427359425E-32,-2.28983498828939E-16));
#7811=DIRECTION('',(2.28983498828939E-16,2.28983498828939E-16,1.));
#7812=DIRECTION('center_axis',(-0.707106781186549,0.707106781186546,7.14905195356542E-31));
#7813=DIRECTION('ref_axis',(-0.707106781186546,-0.707106781186549,3.23831569603529E-16));
#7814=DIRECTION('',(0.626384365641347,0.626384365641349,0.463988418993591));
#7815=DIRECTION('',(1.06522863446701E-16,1.06522863446701E-16,1.));
#7816=DIRECTION('',(0.707106781186546,0.707106781186549,-3.23831569603529E-16));
#7817=DIRECTION('',(2.28983498828939E-16,2.28983498828939E-16,1.));
#7818=DIRECTION('center_axis',(2.229998385642E-16,-0.227112212966356,0.973868596229247));
#7819=DIRECTION('ref_axis',(5.20049491518193E-17,0.973868596229247,0.227112212966356));
#7820=DIRECTION('',(5.20049491518193E-17,0.973868596229247,0.227112212966356));
#7821=DIRECTION('',(5.20049491518193E-17,0.973868596229247,0.227112212966356));
#7822=DIRECTION('center_axis',(1.,-5.24334427359425E-32,-2.28983498828939E-16));
#7823=DIRECTION('ref_axis',(2.80414647586396E-32,1.,-1.06522863446701E-16));
#7824=DIRECTION('',(0.,1.,-2.28983498828939E-16));
#7825=DIRECTION('',(-2.28983498828939E-16,-1.06522863446701E-16,-1.));
#7826=DIRECTION('center_axis',(-2.80414647586397E-32,-1.,1.06522863446701E-16));
#7827=DIRECTION('ref_axis',(2.28983498828939E-16,1.06522863446701E-16,1.));
#7828=DIRECTION('',(1.,-5.24334427359425E-32,-2.28983498828939E-16));
#7829=DIRECTION('',(-2.28983498828939E-16,-1.06522863446701E-16,-1.));
#7830=DIRECTION('',(2.28983498828939E-16,1.06522863446701E-16,1.));
#7831=DIRECTION('',(1.,-5.24334427359425E-32,-2.28983498828939E-16));
#7832=DIRECTION('',(2.28983498828939E-16,1.06522863446701E-16,1.));
#7833=DIRECTION('',(-1.,5.24334427359425E-32,2.28983498828939E-16));
#7834=DIRECTION('center_axis',(-1.,5.24334427359425E-32,2.28983498828939E-16));
#7835=DIRECTION('ref_axis',(-5.24334427359425E-32,-1.,0.));
#7836=DIRECTION('center_axis',(-1.,5.24334427359425E-32,2.28983498828939E-16));
#7837=DIRECTION('ref_axis',(-5.24334427359425E-32,-1.,0.));
#7838=DIRECTION('',(-1.,5.24334427359425E-32,2.28983498828939E-16));
#7839=DIRECTION('center_axis',(-1.,5.24334427359425E-32,2.28983498828939E-16));
#7840=DIRECTION('ref_axis',(-5.24334427359425E-32,-1.,0.));
#7841=DIRECTION('',(1.,-5.24334427359425E-32,-2.28983498828939E-16));
#7842=DIRECTION('center_axis',(-2.28757676783049E-16,0.0444006136207234,
-0.999013806466209));
#7843=DIRECTION('ref_axis',(-1.01670078570251E-17,-0.999013806466209,-0.0444006136207234));
#7844=DIRECTION('',(1.01670078570251E-17,0.999013806466209,0.0444006136207234));
#7845=DIRECTION('',(1.01670078570251E-17,0.999013806466209,0.0444006136207234));
#7846=DIRECTION('',(1.,-5.24334427359425E-32,-2.28983498828939E-16));
#7847=DIRECTION('center_axis',(-1.61915784801759E-16,-0.707106781186573,
-0.707106781186522));
#7848=DIRECTION('ref_axis',(1.6191578480177E-16,-0.707106781186522,0.707106781186573));
#7849=DIRECTION('',(-1.6191578480177E-16,0.707106781186522,-0.707106781186573));
#7850=DIRECTION('',(-1.6191578480177E-16,0.707106781186522,-0.707106781186573));
#7851=DIRECTION('',(1.,-5.24334427359425E-32,-2.28983498828939E-16));
#7852=DIRECTION('center_axis',(-5.24334427359425E-32,-1.,1.20063931733229E-47));
#7853=DIRECTION('ref_axis',(2.28983498828939E-16,-2.91703841149741E-62,
1.));
#7854=DIRECTION('',(2.28983498828939E-16,0.,1.));
#7855=DIRECTION('',(2.28983498828939E-16,0.,1.));
#7856=DIRECTION('',(-1.,5.24334427359425E-32,2.28983498828939E-16));
#7857=DIRECTION('center_axis',(-1.,5.24334427359425E-32,2.28983498828939E-16));
#7858=DIRECTION('ref_axis',(-5.24334427359425E-32,-1.,0.));
#7859=DIRECTION('center_axis',(-1.,5.24334427359425E-32,2.28983498828939E-16));
#7860=DIRECTION('ref_axis',(-5.24334427359425E-32,-1.,0.));
#7861=DIRECTION('center_axis',(-1.,5.24334427359425E-32,2.28983498828939E-16));
#7862=DIRECTION('ref_axis',(-5.24334427359425E-32,-1.,0.));
#7863=DIRECTION('',(1.,-5.24334427359425E-32,-2.28983498828939E-16));
#7864=DIRECTION('center_axis',(-2.28983498828939E-16,1.20063931733229E-47,
-1.));
#7865=DIRECTION('ref_axis',(-5.24334427359425E-32,-1.,2.91703841149741E-62));
#7866=DIRECTION('',(-5.24334427359425E-32,-1.,0.));
#7867=DIRECTION('',(-5.24334427359425E-32,-1.,0.));
#7868=DIRECTION('',(1.,-5.24334427359425E-32,-2.28983498828939E-16));
#7869=DIRECTION('center_axis',(-5.24334427359425E-32,-1.,1.20063931733229E-47));
#7870=DIRECTION('ref_axis',(2.28983498828939E-16,-2.91703841149741E-62,
1.));
#7871=DIRECTION('',(-2.28983498828939E-16,0.,-1.));
#7872=DIRECTION('',(-2.28983498828939E-16,0.,-1.));
#7873=DIRECTION('',(1.,-5.24334427359425E-32,-2.28983498828939E-16));
#7874=DIRECTION('center_axis',(2.28983498828939E-16,-1.20063931733229E-47,
1.));
#7875=DIRECTION('ref_axis',(5.24334427359425E-32,1.,-2.91703841149741E-62));
#7876=DIRECTION('',(-5.24334427359425E-32,-1.,0.));
#7877=DIRECTION('',(-5.24334427359425E-32,-1.,0.));
#7878=DIRECTION('',(1.,-5.24334427359425E-32,-2.28983498828939E-16));
#7879=DIRECTION('center_axis',(-1.,5.24334427359425E-32,2.28983498828939E-16));
#7880=DIRECTION('ref_axis',(-5.24334427359425E-32,-1.,0.));
#7881=DIRECTION('center_axis',(-1.,5.24334427359425E-32,2.28983498828939E-16));
#7882=DIRECTION('ref_axis',(-5.24334427359425E-32,-1.,0.));
#7883=DIRECTION('center_axis',(-1.,5.24334427359425E-32,2.28983498828939E-16));
#7884=DIRECTION('ref_axis',(-5.24334427359425E-32,-1.,0.));
#7885=DIRECTION('',(-1.,5.24334427359425E-32,2.28983498828939E-16));
#7886=DIRECTION('center_axis',(-5.24334427359425E-32,-1.,1.20063931733229E-47));
#7887=DIRECTION('ref_axis',(2.28983498828939E-16,-2.91703841149741E-62,
1.));
#7888=DIRECTION('',(2.28983498828939E-16,0.,1.));
#7889=DIRECTION('',(2.28983498828939E-16,0.,1.));
#7890=DIRECTION('',(-1.,5.24334427359425E-32,2.28983498828939E-16));
#7891=DIRECTION('center_axis',(-1.,5.24334427359425E-32,2.28983498828939E-16));
#7892=DIRECTION('ref_axis',(-5.24334427359425E-32,-1.,0.));
#7893=DIRECTION('center_axis',(-1.,5.24334427359425E-32,2.28983498828939E-16));
#7894=DIRECTION('ref_axis',(-5.24334427359425E-32,-1.,0.));
#7895=DIRECTION('center_axis',(-1.,5.24334427359425E-32,2.28983498828939E-16));
#7896=DIRECTION('ref_axis',(-5.24334427359425E-32,-1.,0.));
#7897=DIRECTION('',(1.,-5.24334427359425E-32,-2.28983498828939E-16));
#7898=DIRECTION('center_axis',(-2.28983498828939E-16,1.20063931733229E-47,
-1.));
#7899=DIRECTION('ref_axis',(-5.24334427359425E-32,-1.,2.91703841149741E-62));
#7900=DIRECTION('',(5.24334427359425E-32,1.,0.));
#7901=DIRECTION('',(5.24334427359425E-32,1.,0.));
#7902=DIRECTION('',(1.,-5.24334427359425E-32,-2.28983498828939E-16));
#7903=DIRECTION('center_axis',(-5.24334427359425E-32,-1.,1.20063931733229E-47));
#7904=DIRECTION('ref_axis',(2.28983498828939E-16,-2.91703841149741E-62,
1.));
#7905=DIRECTION('',(2.28983498828939E-16,0.,1.));
#7906=DIRECTION('',(2.28983498828939E-16,0.,1.));
#7907=DIRECTION('',(1.,-5.24334427359425E-32,-2.28983498828939E-16));
#7908=DIRECTION('center_axis',(5.24334427359425E-32,1.,-1.20063931733229E-47));
#7909=DIRECTION('ref_axis',(-2.28983498828939E-16,2.91703841149741E-62,
-1.));
#7910=DIRECTION('',(2.28983498828939E-16,2.28983498828939E-16,1.));
#7911=DIRECTION('',(1.,-5.24334427359425E-32,-2.28983498828939E-16));
#7912=DIRECTION('',(2.28983498828939E-16,2.28983498828939E-16,1.));
#7913=DIRECTION('center_axis',(2.28983498828939E-16,-1.20063931733229E-47,
1.));
#7914=DIRECTION('ref_axis',(5.24334427359425E-32,1.,-2.91703841149741E-62));
#7915=DIRECTION('',(0.,-1.,2.28983498828939E-16));
#7916=DIRECTION('',(0.,-1.,2.28983498828939E-16));
#7917=DIRECTION('center_axis',(1.,-5.24334427359425E-32,-2.28983498828939E-16));
#7918=DIRECTION('ref_axis',(5.24334427359425E-32,1.,0.));
#7919=DIRECTION('center_axis',(-1.,5.24334427359425E-32,2.28983498828939E-16));
#7920=DIRECTION('ref_axis',(-2.08005240798215E-46,1.,-2.28983498828939E-16));
#7921=DIRECTION('',(0.,1.,-2.28983498828939E-16));
#7922=DIRECTION('center_axis',(1.,-5.24334427359425E-32,-2.28983498828939E-16));
#7923=DIRECTION('ref_axis',(5.24334427359425E-32,1.,0.));
#7924=DIRECTION('',(0.,1.,-2.28983498828939E-16));
#7925=DIRECTION('center_axis',(-1.,5.24334427359425E-32,2.28983498828939E-16));
#7926=DIRECTION('ref_axis',(-2.08005240798215E-46,1.,-2.28983498828939E-16));
#7927=DIRECTION('center_axis',(2.28983498828939E-16,2.28983498828939E-16,
1.));
#7928=DIRECTION('ref_axis',(0.,1.,-2.28983498828939E-16));
#7929=DIRECTION('',(-1.,5.24334427359425E-32,2.28983498828939E-16));
#7930=DIRECTION('center_axis',(1.,-5.24334427359425E-32,-2.28983498828939E-16));
#7931=DIRECTION('ref_axis',(-2.08005240798215E-46,1.,-2.28983498828939E-16));
#7932=DIRECTION('center_axis',(1.,-5.24334427359425E-32,-2.28983498828939E-16));
#7933=DIRECTION('ref_axis',(2.80414647586396E-32,1.,-1.06522863446701E-16));
#7934=DIRECTION('',(0.,1.,-2.28983498828939E-16));
#7935=DIRECTION('center_axis',(0.707106781186543,-7.53230390945713E-17,
-0.707106781186552));
#7936=DIRECTION('ref_axis',(0.707106781186552,1.61915784801763E-16,0.707106781186543));
#7937=DIRECTION('',(-1.22460635382239E-16,1.,-2.28983498828938E-16));
#7938=DIRECTION('',(0.216371161203961,0.952033109297413,0.216371161203958));
#7939=DIRECTION('',(-3.6757228750745E-32,-1.,1.06522863446701E-16));
#7940=DIRECTION('center_axis',(-2.23289333142183E-16,0.221621103588969,
-0.97513285579146));
#7941=DIRECTION('ref_axis',(-5.07475757141327E-17,-0.97513285579146,-0.221621103588969));
#7942=DIRECTION('',(-1.,5.24334427359425E-32,2.28983498828939E-16));
#7943=DIRECTION('',(-0.216371161203961,0.952033109297413,0.216371161203958));
#7944=DIRECTION('',(-1.,5.24334427359425E-32,2.28983498828939E-16));
#7945=DIRECTION('center_axis',(-0.707106781186543,-7.53230390945712E-17,
-0.707106781186552));
#7946=DIRECTION('ref_axis',(0.707106781186552,6.23130444540118E-16,-0.707106781186543));
#7947=DIRECTION('',(-1.22460635382239E-16,-1.,2.28983498828939E-16));
#7948=DIRECTION('',(1.93257007665344E-32,1.,-1.06522863446701E-16));
#7949=DIRECTION('center_axis',(2.28983498828939E-16,2.28983498828939E-16,
1.));
#7950=DIRECTION('ref_axis',(0.,-1.,2.28983498828939E-16));
#7951=DIRECTION('center_axis',(-2.23289333142183E-16,0.221621103588969,
-0.97513285579146));
#7952=DIRECTION('ref_axis',(-5.07475757141327E-17,-0.97513285579146,-0.221621103588969));
#7953=DIRECTION('',(-1.,5.24334427359425E-32,2.28983498828939E-16));
#7954=DIRECTION('',(-0.216371161203961,-0.952033109297413,-0.216371161203958));
#7955=DIRECTION('center_axis',(0.707106781186543,-7.53230390945713E-17,
-0.707106781186552));
#7956=DIRECTION('ref_axis',(-0.707106781186552,6.23130444540118E-16,-0.707106781186543));
#7957=DIRECTION('',(-3.6757228750745E-32,-1.,1.06522863446701E-16));
#7958=DIRECTION('center_axis',(0.707106781186543,-7.53230390945713E-17,
-0.707106781186552));
#7959=DIRECTION('ref_axis',(-0.707106781186552,6.23130444540118E-16,-0.707106781186543));
#7960=DIRECTION('',(-1.22460635382239E-16,1.,-2.28983498828938E-16));
#7961=DIRECTION('',(-0.216371161203961,-0.952033109297413,-0.216371161203958));
#7962=DIRECTION('',(-3.6757228750745E-32,-1.,1.06522863446701E-16));
#7963=DIRECTION('',(-0.707106781186552,-1.06404633570505E-16,-0.707106781186543));
#7964=DIRECTION('center_axis',(1.,-5.24334427359425E-32,-2.28983498828939E-16));
#7965=DIRECTION('ref_axis',(-2.08005240798215E-46,1.,-2.28983498828939E-16));
#7966=DIRECTION('',(1.,-5.24334427359425E-32,-2.28983498828939E-16));
#7967=DIRECTION('center_axis',(1.,-5.24334427359425E-32,-2.28983498828939E-16));
#7968=DIRECTION('ref_axis',(-2.08005240798215E-46,1.,-2.28983498828939E-16));
#7969=DIRECTION('',(1.,-5.24334427359425E-32,-2.28983498828939E-16));
#7970=DIRECTION('center_axis',(1.,-5.24334427359425E-32,-2.28983498828939E-16));
#7971=DIRECTION('ref_axis',(-2.08005240798215E-46,1.,-2.28983498828939E-16));
#7972=DIRECTION('center_axis',(-2.28983498828939E-16,-2.28983498828939E-16,
-1.));
#7973=DIRECTION('ref_axis',(0.,-1.,2.28983498828939E-16));
#7974=DIRECTION('',(1.,-5.24334427359425E-32,-2.28983498828939E-16));
#7975=DIRECTION('',(0.,-1.,2.28983498828939E-16));
#7976=DIRECTION('',(1.,-5.24334427359425E-32,-2.28983498828939E-16));
#7977=DIRECTION('',(0.,1.,-2.28983498828939E-16));
#7978=DIRECTION('center_axis',(1.,-5.24334427359425E-32,-2.28983498828939E-16));
#7979=DIRECTION('ref_axis',(-2.08005240798215E-46,1.,-2.28983498828939E-16));
#7980=DIRECTION('',(1.,-5.24334427359425E-32,-2.28983498828939E-16));
#7981=DIRECTION('center_axis',(1.,-5.24334427359425E-32,-2.28983498828939E-16));
#7982=DIRECTION('ref_axis',(-2.08005240798215E-46,1.,-2.28983498828939E-16));
#7983=DIRECTION('',(1.,-5.24334427359425E-32,-2.28983498828939E-16));
#7984=DIRECTION('center_axis',(1.,-5.24334427359425E-32,-2.28983498828939E-16));
#7985=DIRECTION('ref_axis',(-2.08005240798215E-46,1.,-2.28983498828939E-16));
#7986=DIRECTION('center_axis',(1.,-5.24334427359425E-32,-2.28983498828939E-16));
#7987=DIRECTION('ref_axis',(-2.08005240798215E-46,1.,-2.28983498828939E-16));
#7988=DIRECTION('center_axis',(1.,-5.24334427359425E-32,-2.28983498828939E-16));
#7989=DIRECTION('ref_axis',(-2.08005240798215E-46,1.,-2.28983498828939E-16));
#7990=DIRECTION('center_axis',(1.,-5.24334427359425E-32,-2.28983498828939E-16));
#7991=DIRECTION('ref_axis',(-2.08005240798215E-46,1.,-2.28983498828939E-16));
#7992=DIRECTION('center_axis',(2.28983498828939E-16,1.06522863446701E-16,
1.));
#7993=DIRECTION('ref_axis',(-1.,5.24334427359425E-32,2.28983498828939E-16));
#7994=DIRECTION('',(-1.,5.24334427359425E-32,2.28983498828939E-16));
#7995=DIRECTION('',(-2.80414647586397E-32,-1.,1.06522863446701E-16));
#7996=DIRECTION('',(-1.,5.24334427359425E-32,2.28983498828939E-16));
#7997=DIRECTION('',(-2.80414647586397E-32,-1.,1.06522863446701E-16));
#7998=DIRECTION('',(1.,-5.24334427359425E-32,-2.28983498828939E-16));
#7999=DIRECTION('',(-2.80414647586397E-32,-1.,1.06522863446701E-16));
#8000=DIRECTION('',(1.,-5.24334427359425E-32,-2.28983498828939E-16));
#8001=DIRECTION('',(-2.80414647586397E-32,-1.,1.06522863446701E-16));
#8002=DIRECTION('',(1.,-5.24334427359425E-32,-2.28983498828939E-16));
#8003=DIRECTION('',(-2.80414647586397E-32,-1.,1.06522863446701E-16));
#8004=DIRECTION('',(1.,-5.24334427359425E-32,-2.28983498828939E-16));
#8005=DIRECTION('',(2.80414647586397E-32,1.,-1.06522863446701E-16));
#8006=DIRECTION('',(1.,-5.24334427359425E-32,-2.28983498828939E-16));
#8007=DIRECTION('',(-2.80414647586397E-32,-1.,1.06522863446701E-16));
#8008=DIRECTION('',(1.,-5.24334427359425E-32,-2.28983498828939E-16));
#8009=DIRECTION('',(2.80414647586397E-32,1.,-1.06522863446701E-16));
#8010=DIRECTION('',(1.,-5.24334427359425E-32,-2.28983498828939E-16));
#8011=DIRECTION('',(-2.80414647586397E-32,-1.,1.06522863446701E-16));
#8012=DIRECTION('',(1.,-5.24334427359425E-32,-2.28983498828939E-16));
#8013=DIRECTION('',(2.80414647586397E-32,1.,-1.06522863446701E-16));
#8014=DIRECTION('',(1.,-5.24334427359425E-32,-2.28983498828939E-16));
#8015=DIRECTION('',(-2.80414647586397E-32,-1.,1.06522863446701E-16));
#8016=DIRECTION('',(1.,-5.24334427359425E-32,-2.28983498828939E-16));
#8017=DIRECTION('',(2.80414647586397E-32,1.,-1.06522863446701E-16));
#8018=DIRECTION('',(1.,-5.24334427359425E-32,-2.28983498828939E-16));
#8019=DIRECTION('',(-2.80414647586397E-32,-1.,1.06522863446701E-16));
#8020=DIRECTION('',(1.,-5.24334427359425E-32,-2.28983498828939E-16));
#8021=DIRECTION('',(2.80414647586397E-32,1.,-1.06522863446701E-16));
#8022=DIRECTION('',(1.,-5.24334427359425E-32,-2.28983498828939E-16));
#8023=DIRECTION('',(-2.80414647586397E-32,-1.,1.06522863446701E-16));
#8024=DIRECTION('',(1.,-5.24334427359425E-32,-2.28983498828939E-16));
#8025=DIRECTION('',(2.80414647586397E-32,1.,-1.06522863446701E-16));
#8026=DIRECTION('',(1.,-5.24334427359425E-32,-2.28983498828939E-16));
#8027=DIRECTION('',(-2.80414647586397E-32,-1.,1.06522863446701E-16));
#8028=DIRECTION('',(1.,-5.24334427359425E-32,-2.28983498828939E-16));
#8029=DIRECTION('',(2.80414647586397E-32,1.,-1.06522863446701E-16));
#8030=DIRECTION('',(1.,-5.24334427359425E-32,-2.28983498828939E-16));
#8031=DIRECTION('',(-2.80414647586397E-32,-1.,1.06522863446701E-16));
#8032=DIRECTION('',(1.,-5.24334427359425E-32,-2.28983498828939E-16));
#8033=DIRECTION('',(2.80414647586397E-32,1.,-1.06522863446701E-16));
#8034=DIRECTION('',(1.,-5.24334427359425E-32,-2.28983498828939E-16));
#8035=DIRECTION('',(-2.80414647586397E-32,-1.,1.06522863446701E-16));
#8036=DIRECTION('',(1.,-5.24334427359425E-32,-2.28983498828939E-16));
#8037=DIRECTION('',(2.80414647586397E-32,1.,-1.06522863446701E-16));
#8038=DIRECTION('',(1.,-5.24334427359425E-32,-2.28983498828939E-16));
#8039=DIRECTION('',(-2.80414647586397E-32,-1.,1.06522863446701E-16));
#8040=DIRECTION('',(1.,-5.24334427359425E-32,-2.28983498828939E-16));
#8041=DIRECTION('',(2.80414647586397E-32,1.,-1.06522863446701E-16));
#8042=DIRECTION('',(1.,-5.24334427359425E-32,-2.28983498828939E-16));
#8043=DIRECTION('',(-2.80414647586397E-32,-1.,1.06522863446701E-16));
#8044=DIRECTION('',(1.,-5.24334427359425E-32,-2.28983498828939E-16));
#8045=DIRECTION('',(2.80414647586397E-32,1.,-1.06522863446701E-16));
#8046=DIRECTION('',(1.,-5.24334427359425E-32,-2.28983498828939E-16));
#8047=DIRECTION('',(-2.80414647586397E-32,-1.,1.06522863446701E-16));
#8048=DIRECTION('',(1.,-5.24334427359425E-32,-2.28983498828939E-16));
#8049=DIRECTION('',(2.80414647586397E-32,1.,-1.06522863446701E-16));
#8050=DIRECTION('',(-2.80414647586397E-32,-1.,1.06522863446701E-16));
#8051=DIRECTION('',(1.,-5.24334427359425E-32,-2.28983498828939E-16));
#8052=DIRECTION('center_axis',(1.,-5.24334427359425E-32,-2.28983498828939E-16));
#8053=DIRECTION('ref_axis',(-2.08005240798215E-46,1.,-2.28983498828939E-16));
#8054=DIRECTION('',(1.,-5.24334427359425E-32,-2.28983498828939E-16));
#8055=DIRECTION('center_axis',(1.,-5.24334427359425E-32,-2.28983498828939E-16));
#8056=DIRECTION('ref_axis',(-2.08005240798215E-46,1.,-2.28983498828939E-16));
#8057=DIRECTION('',(1.,-5.24334427359425E-32,-2.28983498828939E-16));
#8058=DIRECTION('center_axis',(1.,-5.24334427359425E-32,-2.28983498828939E-16));
#8059=DIRECTION('ref_axis',(-2.08005240798215E-46,1.,-2.28983498828939E-16));
#8060=DIRECTION('center_axis',(-0.707106781186543,-7.53230390945712E-17,
-0.707106781186552));
#8061=DIRECTION('ref_axis',(0.707106781186552,6.23130444540118E-16,-0.707106781186543));
#8062=DIRECTION('',(-1.22460635382239E-16,-1.,2.28983498828939E-16));
#8063=DIRECTION('',(-0.707106781186552,1.06404633570505E-16,0.707106781186543));
#8064=DIRECTION('',(1.93257007665344E-32,1.,-1.06522863446701E-16));
#8065=DIRECTION('',(-0.216371161203961,0.952033109297413,0.216371161203958));
#8066=DIRECTION('center_axis',(1.,-5.24334427359425E-32,-2.28983498828939E-16));
#8067=DIRECTION('ref_axis',(5.24334427359425E-32,1.,0.));
#8068=DIRECTION('',(2.28983498828939E-16,2.28983498828939E-16,1.));
#8069=DIRECTION('',(-1.61915784801753E-16,-0.707106781186598,-0.707106781186497));
#8070=DIRECTION('',(-2.28983498828939E-16,-1.06522863446701E-16,-1.));
#8071=DIRECTION('center_axis',(1.,-5.24334427359425E-32,-2.28983498828939E-16));
#8072=DIRECTION('ref_axis',(-2.08005240798215E-46,1.,-2.28983498828939E-16));
#8073=DIRECTION('center_axis',(1.,-5.24334427359425E-32,-2.28983498828939E-16));
#8074=DIRECTION('ref_axis',(-2.08005240798215E-46,1.,-2.28983498828939E-16));
#8075=DIRECTION('',(1.,-5.24334427359425E-32,-2.28983498828939E-16));
#8076=DIRECTION('center_axis',(1.,-5.24334427359425E-32,-2.28983498828939E-16));
#8077=DIRECTION('ref_axis',(-2.08005240798215E-46,1.,-2.28983498828939E-16));
#8078=DIRECTION('center_axis',(-2.28983498828939E-16,-2.28983498828939E-16,
-1.));
#8079=DIRECTION('ref_axis',(0.,1.,-2.28983498828939E-16));
#8080=DIRECTION('',(2.80414647586397E-32,1.,-1.06522863446701E-16));
#8081=DIRECTION('',(-1.,5.24334427359425E-32,2.28983498828939E-16));
#8082=DIRECTION('center_axis',(0.,1.,-2.28983498828939E-16));
#8083=DIRECTION('ref_axis',(-2.28983498828939E-16,-2.28983498828939E-16,
-1.));
#8084=DIRECTION('',(1.,-5.24334427359425E-32,-2.28983498828939E-16));
#8085=DIRECTION('',(-2.28983498828939E-16,-2.28983498828939E-16,-1.));
#8086=DIRECTION('',(1.,-5.24334427359425E-32,-2.28983498828939E-16));
#8087=DIRECTION('',(-2.28983498828939E-16,-2.28983498828939E-16,-1.));
#8088=DIRECTION('center_axis',(-1.61915784801776E-16,0.707106781186497,
-0.707106781186598));
#8089=DIRECTION('ref_axis',(-1.61915784801753E-16,-0.707106781186598,-0.707106781186497));
#8090=DIRECTION('',(1.,-5.24334427359425E-32,-2.28983498828939E-16));
#8091=DIRECTION('',(-1.61915784801753E-16,-0.707106781186598,-0.707106781186497));
#8092=DIRECTION('',(1.,-5.24334427359425E-32,-2.28983498828939E-16));
#8093=DIRECTION('',(-1.61915784801753E-16,-0.707106781186598,-0.707106781186497));
#8094=DIRECTION('center_axis',(1.,-5.24334427359425E-32,-2.28983498828939E-16));
#8095=DIRECTION('ref_axis',(-2.08005240798215E-46,1.,-2.28983498828939E-16));
#8096=DIRECTION('',(1.,-5.24334427359425E-32,-2.28983498828939E-16));
#8097=DIRECTION('center_axis',(1.,-5.24334427359425E-32,-2.28983498828939E-16));
#8098=DIRECTION('ref_axis',(-2.08005240798215E-46,1.,-2.28983498828939E-16));
#8099=DIRECTION('',(1.,-5.24334427359425E-32,-2.28983498828939E-16));
#8100=DIRECTION('center_axis',(1.,-5.24334427359425E-32,-2.28983498828939E-16));
#8101=DIRECTION('ref_axis',(-2.08005240798215E-46,1.,-2.28983498828939E-16));
#8102=DIRECTION('center_axis',(0.,1.,-2.28983498828939E-16));
#8103=DIRECTION('ref_axis',(-2.28983498828939E-16,-2.28983498828939E-16,
-1.));
#8104=DIRECTION('',(-2.28983498828939E-16,-2.28983498828939E-16,-1.));
#8105=DIRECTION('',(1.,-5.24334427359425E-32,-2.28983498828939E-16));
#8106=DIRECTION('',(-2.28983498828939E-16,-2.28983498828939E-16,-1.));
#8107=DIRECTION('center_axis',(0.,1.,-2.28983498828939E-16));
#8108=DIRECTION('ref_axis',(-2.28983498828939E-16,-2.28983498828939E-16,
-1.));
#8109=DIRECTION('',(-2.28983498828939E-16,-2.28983498828939E-16,-1.));
#8110=DIRECTION('',(2.28983498828939E-16,2.28983498828939E-16,1.));
#8111=DIRECTION('center_axis',(2.229998385642E-16,-0.227112212966356,0.973868596229247));
#8112=DIRECTION('ref_axis',(5.20049491518193E-17,0.973868596229247,0.227112212966356));
#8113=DIRECTION('',(1.,-5.24334427359425E-32,-2.28983498828939E-16));
#8114=DIRECTION('',(5.20049491518193E-17,0.973868596229247,0.227112212966356));
#8115=DIRECTION('',(-1.,5.24334427359425E-32,2.28983498828939E-16));
#8116=DIRECTION('',(5.20049491518193E-17,0.973868596229247,0.227112212966356));
#8117=DIRECTION('center_axis',(1.,-5.24334427359425E-32,-2.28983498828939E-16));
#8118=DIRECTION('ref_axis',(-2.08005240798215E-46,1.,-2.28983498828939E-16));
#8119=DIRECTION('',(1.,-5.24334427359425E-32,-2.28983498828939E-16));
#8120=DIRECTION('center_axis',(1.,-5.24334427359425E-32,-2.28983498828939E-16));
#8121=DIRECTION('ref_axis',(-2.08005240798215E-46,1.,-2.28983498828939E-16));
#8122=DIRECTION('center_axis',(1.,-5.24334427359425E-32,-2.28983498828939E-16));
#8123=DIRECTION('ref_axis',(-2.08005240798215E-46,1.,-2.28983498828939E-16));
#8124=DIRECTION('center_axis',(0.,-1.,2.28983498828939E-16));
#8125=DIRECTION('ref_axis',(2.28983498828939E-16,2.28983498828939E-16,1.));
#8126=DIRECTION('',(2.28983498828939E-16,2.28983498828939E-16,1.));
#8127=DIRECTION('',(1.,-5.24334427359425E-32,-2.28983498828939E-16));
#8128=DIRECTION('',(2.28983498828939E-16,2.28983498828939E-16,1.));
#8129=DIRECTION('center_axis',(-0.707106781186543,-7.53230390945712E-17,
-0.707106781186552));
#8130=DIRECTION('ref_axis',(0.707106781186552,6.23130444540118E-16,-0.707106781186543));
#8131=DIRECTION('',(-1.22460635382239E-16,-1.,2.28983498828939E-16));
#8132=DIRECTION('',(-0.707106781186552,1.06404633570505E-16,0.707106781186543));
#8133=DIRECTION('',(1.93257007665344E-32,1.,-1.06522863446701E-16));
#8134=DIRECTION('',(-0.216371161203961,0.952033109297413,0.216371161203958));
#8135=DIRECTION('center_axis',(0.,1.,-2.28983498828939E-16));
#8136=DIRECTION('ref_axis',(-2.28983498828939E-16,-2.28983498828939E-16,
-1.));
#8137=DIRECTION('',(-2.28983498828939E-16,-2.28983498828939E-16,-1.));
#8138=DIRECTION('',(1.,-5.24334427359425E-32,-2.28983498828939E-16));
#8139=DIRECTION('',(2.28983498828939E-16,2.28983498828939E-16,1.));
#8140=DIRECTION('center_axis',(0.,1.,-2.28983498828939E-16));
#8141=DIRECTION('ref_axis',(-2.28983498828939E-16,-2.28983498828939E-16,
-1.));
#8142=DIRECTION('',(-2.28983498828939E-16,-2.28983498828939E-16,-1.));
#8143=DIRECTION('',(1.,-5.24334427359425E-32,-2.28983498828939E-16));
#8144=DIRECTION('',(-2.28983498828939E-16,-2.28983498828939E-16,-1.));
#8145=DIRECTION('center_axis',(-2.80414647586397E-32,-1.,1.06522863446701E-16));
#8146=DIRECTION('ref_axis',(-2.28983498828939E-16,-1.06522863446701E-16,
-1.));
#8147=DIRECTION('',(-1.,5.24334427359425E-32,2.28983498828939E-16));
#8148=DIRECTION('',(1.,-5.24334427359425E-32,-2.28983498828939E-16));
#8149=DIRECTION('',(2.28983498828939E-16,1.06522863446701E-16,1.));
#8150=DIRECTION('center_axis',(-1.61915784801776E-16,0.707106781186497,
-0.707106781186598));
#8151=DIRECTION('ref_axis',(-1.61915784801753E-16,-0.707106781186598,-0.707106781186497));
#8152=DIRECTION('',(-1.61915784801753E-16,-0.707106781186598,-0.707106781186497));
#8153=DIRECTION('',(1.,-5.24334427359425E-32,-2.28983498828939E-16));
#8154=DIRECTION('',(-1.61915784801753E-16,-0.707106781186598,-0.707106781186497));
#8155=DIRECTION('center_axis',(2.80414647586397E-32,1.,-1.06522863446701E-16));
#8156=DIRECTION('ref_axis',(2.28983498828939E-16,1.06522863446701E-16,1.));
#8157=DIRECTION('',(1.,-5.24334427359425E-32,-2.28983498828939E-16));
#8158=DIRECTION('',(-2.28983498828939E-16,-1.06522863446701E-16,-1.));
#8159=DIRECTION('center_axis',(0.,-1.,2.28983498828939E-16));
#8160=DIRECTION('ref_axis',(2.28983498828939E-16,2.28983498828939E-16,1.));
#8161=DIRECTION('',(2.28983498828939E-16,2.28983498828939E-16,1.));
#8162=DIRECTION('center_axis',(-1.61915784801776E-16,0.707106781186497,
-0.707106781186598));
#8163=DIRECTION('ref_axis',(-1.61915784801753E-16,-0.707106781186598,-0.707106781186497));
#8164=DIRECTION('',(-1.61915784801753E-16,-0.707106781186598,-0.707106781186497));
#8165=DIRECTION('center_axis',(-2.28983498828939E-16,-2.28983498828939E-16,
-1.));
#8166=DIRECTION('ref_axis',(0.,-1.,2.28983498828939E-16));
#8167=DIRECTION('',(-1.,5.24334427359425E-32,2.28983498828939E-16));
#8168=DIRECTION('',(5.24334427359425E-32,1.,0.));
#8169=DIRECTION('',(-1.,5.24334427359425E-32,2.28983498828939E-16));
#8170=DIRECTION('center_axis',(-2.28983498828939E-16,-2.28983498828939E-16,
-1.));
#8171=DIRECTION('ref_axis',(0.,-1.,2.28983498828939E-16));
#8172=DIRECTION('',(1.,-5.24334427359425E-32,-2.28983498828939E-16));
#8173=DIRECTION('',(0.,-1.,2.28983498828939E-16));
#8174=DIRECTION('',(0.,1.,-2.28983498828939E-16));
#8175=DIRECTION('center_axis',(-2.28983498828939E-16,-2.28983498828939E-16,
-1.));
#8176=DIRECTION('ref_axis',(0.,-1.,2.28983498828939E-16));
#8177=DIRECTION('',(1.,-5.24334427359425E-32,-2.28983498828939E-16));
#8178=DIRECTION('',(0.,-1.,2.28983498828939E-16));
#8179=DIRECTION('',(0.,1.,-2.28983498828939E-16));
#8180=DIRECTION('center_axis',(2.229998385642E-16,-0.227112212966356,0.973868596229247));
#8181=DIRECTION('ref_axis',(5.20049491518193E-17,0.973868596229247,0.227112212966356));
#8182=DIRECTION('',(5.20049491518193E-17,0.973868596229247,0.227112212966356));
#8183=DIRECTION('',(-1.,5.24334427359425E-32,2.28983498828939E-16));
#8184=DIRECTION('',(5.20049491518193E-17,0.973868596229247,0.227112212966356));
#8185=DIRECTION('center_axis',(1.,-5.24334427359425E-32,-2.28983498828939E-16));
#8186=DIRECTION('ref_axis',(5.24334427359425E-32,1.,0.));
#8187=DIRECTION('',(-2.28983498828939E-16,-1.06522863446701E-16,-1.));
#8188=DIRECTION('center_axis',(2.80414647586397E-32,1.,-1.06522863446701E-16));
#8189=DIRECTION('ref_axis',(-2.28983498828939E-16,-1.06522863446701E-16,
-1.));
#8190=DIRECTION('',(1.,-5.24334427359425E-32,-2.28983498828939E-16));
#8191=DIRECTION('center_axis',(0.,1.,-2.28983498828939E-16));
#8192=DIRECTION('ref_axis',(-2.28983498828939E-16,-2.28983498828939E-16,
-1.));
#8193=DIRECTION('',(-2.28983498828939E-16,-2.28983498828939E-16,-1.));
#8194=DIRECTION('',(2.28983498828939E-16,2.28983498828939E-16,1.));
#8195=DIRECTION('center_axis',(6.75318141499484E-18,-1.,1.06522863446701E-16));
#8196=DIRECTION('ref_axis',(-1.,-6.75318141499481E-18,2.28983498828939E-16));
#8197=DIRECTION('',(0.707106781186547,-1.61915784801764E-16,-0.707106781186548));
#8198=DIRECTION('',(2.28983498828939E-16,2.28983498828939E-16,1.));
#8199=DIRECTION('',(-1.,5.24334427359425E-32,2.28983498828939E-16));
#8200=DIRECTION('center_axis',(2.229998385642E-16,-0.227112212966356,0.973868596229247));
#8201=DIRECTION('ref_axis',(5.20049491518193E-17,0.973868596229247,0.227112212966356));
#8202=DIRECTION('',(5.20049491518193E-17,0.973868596229247,0.227112212966356));
#8203=DIRECTION('',(-1.,5.24334427359425E-32,2.28983498828939E-16));
#8204=DIRECTION('',(5.20049491518193E-17,0.973868596229247,0.227112212966356));
#8205=DIRECTION('center_axis',(-0.707106781186543,-7.53230390945712E-17,
-0.707106781186552));
#8206=DIRECTION('ref_axis',(0.707106781186552,6.23130444540118E-16,-0.707106781186543));
#8207=DIRECTION('',(-1.22460635382239E-16,-1.,2.28983498828939E-16));
#8208=DIRECTION('',(-0.707106781186552,1.06404633570505E-16,0.707106781186543));
#8209=DIRECTION('',(1.93257007665344E-32,1.,-1.06522863446701E-16));
#8210=DIRECTION('',(-0.216371161203961,0.952033109297413,0.216371161203958));
#8211=DIRECTION('center_axis',(-0.707106781186543,-7.53230390945712E-17,
-0.707106781186552));
#8212=DIRECTION('ref_axis',(0.707106781186552,6.23130444540118E-16,-0.707106781186543));
#8213=DIRECTION('',(-0.707106781186552,1.06404633570505E-16,0.707106781186543));
#8214=DIRECTION('',(1.93257007665344E-32,1.,-1.06522863446701E-16));
#8215=DIRECTION('center_axis',(-2.28572438062754E-16,0.0598922907279467,
-0.998204845465779));
#8216=DIRECTION('ref_axis',(1.37143462837653E-17,0.998204845465779,0.0598922907279467));
#8217=DIRECTION('',(-1.37143462837653E-17,-0.998204845465779,-0.0598922907279467));
#8218=DIRECTION('center_axis',(-2.28983498828939E-16,-2.28983498828939E-16,
-1.));
#8219=DIRECTION('ref_axis',(0.,-1.,2.28983498828939E-16));
#8220=DIRECTION('',(0.,-1.,2.28983498828939E-16));
#8221=DIRECTION('',(0.,1.,-2.28983498828939E-16));
#8222=DIRECTION('center_axis',(-1.84001337641242E-16,0.595227550625737,
-0.803557193344746));
#8223=DIRECTION('ref_axis',(1.3629728714166E-16,0.803557193344746,0.595227550625737));
#8224=DIRECTION('',(1.,-5.24334427359425E-32,-2.28983498828939E-16));
#8225=DIRECTION('',(1.3629728714166E-16,0.803557193344746,0.595227550625737));
#8226=DIRECTION('center_axis',(-1.61915784801776E-16,0.707106781186497,
-0.707106781186598));
#8227=DIRECTION('ref_axis',(-1.61915784801753E-16,-0.707106781186598,-0.707106781186497));
#8228=DIRECTION('',(1.,-5.24334427359425E-32,-2.28983498828939E-16));
#8229=DIRECTION('',(-1.61915784801753E-16,-0.707106781186598,-0.707106781186497));
#8230=DIRECTION('',(-1.61915784801753E-16,-0.707106781186598,-0.707106781186497));
#8231=DIRECTION('center_axis',(-1.,5.24334427359425E-32,2.28983498828939E-16));
#8232=DIRECTION('ref_axis',(-2.08005240798215E-46,1.,-2.28983498828939E-16));
#8233=DIRECTION('',(2.80414647586397E-32,1.,-1.06522863446701E-16));
#8234=DIRECTION('',(1.71256640256046E-17,-0.997199309888456,0.0747899482416343));
#8235=DIRECTION('',(3.75748179833565E-32,1.,-6.48895000232574E-17));
#8236=DIRECTION('',(-2.28983498828939E-16,-1.06522863446701E-16,-1.));
#8237=DIRECTION('center_axis',(2.03158007366517E-16,-0.461352736641989,
0.887216801234595));
#8238=DIRECTION('ref_axis',(-1.05642163830589E-16,-0.887216801234595,-0.461352736641989));
#8239=DIRECTION('',(1.05642163830589E-16,0.887216801234595,0.461352736641989));
#8240=DIRECTION('',(-1.,5.24334427359425E-32,2.28983498828939E-16));
#8241=DIRECTION('center_axis',(-2.28983498828939E-16,-1.06522863446701E-16,
-1.));
#8242=DIRECTION('ref_axis',(-2.80414647586397E-32,-1.,1.06522863446701E-16));
#8243=DIRECTION('',(-1.,5.24334427359425E-32,2.28983498828939E-16));
#8244=DIRECTION('center_axis',(0.,1.,-2.28983498828939E-16));
#8245=DIRECTION('ref_axis',(-2.28983498828939E-16,-2.28983498828939E-16,
-1.));
#8246=DIRECTION('',(-2.28983498828939E-16,-2.28983498828939E-16,-1.));
#8247=DIRECTION('',(1.,-5.24334427359425E-32,-2.28983498828939E-16));
#8248=DIRECTION('',(2.28983498828939E-16,2.28983498828939E-16,1.));
#8249=DIRECTION('center_axis',(2.28342187008062E-16,0.0747899482416343,
0.997199309888456));
#8250=DIRECTION('ref_axis',(1.71256640256046E-17,-0.997199309888456,0.0747899482416343));
#8251=DIRECTION('',(-1.,5.24334427359425E-32,2.28983498828939E-16));
#8252=DIRECTION('center_axis',(-1.61915784801776E-16,0.707106781186497,
-0.707106781186598));
#8253=DIRECTION('ref_axis',(-1.61915784801753E-16,-0.707106781186598,-0.707106781186497));
#8254=DIRECTION('',(-1.61915784801753E-16,-0.707106781186598,-0.707106781186497));
#8255=DIRECTION('',(-1.61915784801753E-16,-0.707106781186598,-0.707106781186497));
#8256=DIRECTION('center_axis',(1.,-5.24334427359425E-32,-2.28983498828939E-16));
#8257=DIRECTION('ref_axis',(-2.08005240798215E-46,1.,-2.28983498828939E-16));
#8258=DIRECTION('center_axis',(1.,-5.24334427359425E-32,-2.28983498828939E-16));
#8259=DIRECTION('ref_axis',(-2.08005240798215E-46,1.,-2.28983498828939E-16));
#8260=DIRECTION('center_axis',(1.,-5.24334427359425E-32,-2.28983498828939E-16));
#8261=DIRECTION('ref_axis',(-2.08005240798215E-46,1.,-2.28983498828939E-16));
#8262=DIRECTION('center_axis',(0.,1.,-2.28983498828939E-16));
#8263=DIRECTION('ref_axis',(-2.28983498828939E-16,-2.28983498828939E-16,
-1.));
#8264=DIRECTION('',(-2.28983498828939E-16,-2.28983498828939E-16,-1.));
#8265=DIRECTION('',(2.28983498828939E-16,2.28983498828939E-16,1.));
#8266=DIRECTION('center_axis',(2.80414647586397E-32,1.,-1.06522863446701E-16));
#8267=DIRECTION('ref_axis',(2.28983498828939E-16,1.06522863446701E-16,1.));
#8268=DIRECTION('',(1.,-5.24334427359425E-32,-2.28983498828939E-16));
#8269=DIRECTION('center_axis',(1.,-5.24334427359425E-32,-2.28983498828939E-16));
#8270=DIRECTION('ref_axis',(-2.08005240798215E-46,1.,-2.28983498828939E-16));
#8271=DIRECTION('center_axis',(1.,-5.24334427359425E-32,-2.28983498828939E-16));
#8272=DIRECTION('ref_axis',(-2.08005240798215E-46,1.,-2.28983498828939E-16));
#8273=DIRECTION('',(1.,-5.24334427359425E-32,-2.28983498828939E-16));
#8274=DIRECTION('center_axis',(1.,-5.24334427359425E-32,-2.28983498828939E-16));
#8275=DIRECTION('ref_axis',(-2.08005240798215E-46,1.,-2.28983498828939E-16));
#8276=DIRECTION('center_axis',(2.229998385642E-16,-0.227112212966356,0.973868596229247));
#8277=DIRECTION('ref_axis',(5.20049491518193E-17,0.973868596229247,0.227112212966356));
#8278=DIRECTION('',(5.20049491518193E-17,0.973868596229247,0.227112212966356));
#8279=DIRECTION('',(-1.,5.24334427359425E-32,2.28983498828939E-16));
#8280=DIRECTION('',(5.20049491518193E-17,0.973868596229247,0.227112212966356));
#8281=DIRECTION('center_axis',(2.229998385642E-16,-0.227112212966356,0.973868596229247));
#8282=DIRECTION('ref_axis',(5.20049491518193E-17,0.973868596229247,0.227112212966356));
#8283=DIRECTION('',(5.20049491518193E-17,0.973868596229247,0.227112212966356));
#8284=DIRECTION('',(-1.,5.24334427359425E-32,2.28983498828939E-16));
#8285=DIRECTION('',(5.20049491518193E-17,0.973868596229247,0.227112212966356));
#8286=DIRECTION('center_axis',(-1.61915784801776E-16,0.707106781186497,
-0.707106781186598));
#8287=DIRECTION('ref_axis',(-1.61915784801753E-16,-0.707106781186598,-0.707106781186497));
#8288=DIRECTION('',(-1.61915784801753E-16,-0.707106781186598,-0.707106781186497));
#8289=DIRECTION('',(-1.61915784801753E-16,-0.707106781186598,-0.707106781186497));
#8290=DIRECTION('center_axis',(2.80414647586397E-32,1.,-1.06522863446701E-16));
#8291=DIRECTION('ref_axis',(-2.28983498828939E-16,-1.06522863446701E-16,
-1.));
#8292=DIRECTION('',(-2.28983498828939E-16,-1.06522863446701E-16,-1.));
#8293=DIRECTION('',(-1.,5.24334427359425E-32,2.28983498828939E-16));
#8294=DIRECTION('',(-0.707106781186552,-1.06404633570505E-16,-0.707106781186543));
#8295=DIRECTION('',(1.,-5.24334427359425E-32,-2.28983498828939E-16));
#8296=DIRECTION('center_axis',(1.,-5.24334427359425E-32,-2.28983498828939E-16));
#8297=DIRECTION('ref_axis',(5.24334427359425E-32,1.,0.));
#8298=DIRECTION('',(-2.28983498828939E-16,-1.06522863446701E-16,-1.));
#8299=DIRECTION('center_axis',(2.80414647586397E-32,1.,-1.06522863446701E-16));
#8300=DIRECTION('ref_axis',(-2.28983498828939E-16,-1.06522863446701E-16,
-1.));
#8301=DIRECTION('',(1.,-5.24334427359425E-32,-2.28983498828939E-16));
#8302=DIRECTION('',(-2.28983498828939E-16,-1.06522863446701E-16,-1.));
#8303=DIRECTION('center_axis',(1.,-5.24334427359425E-32,-2.28983498828939E-16));
#8304=DIRECTION('ref_axis',(5.24334427359425E-32,1.,0.));
#8305=DIRECTION('',(-2.28983498828939E-16,-1.06522863446701E-16,-1.));
#8306=DIRECTION('center_axis',(0.707106781186543,-7.53230390945713E-17,
-0.707106781186552));
#8307=DIRECTION('ref_axis',(-0.707106781186552,6.23130444540118E-16,-0.707106781186543));
#8308=DIRECTION('',(-1.22460635382239E-16,1.,-2.28983498828938E-16));
#8309=DIRECTION('',(-0.216371161203961,-0.952033109297413,-0.216371161203958));
#8310=DIRECTION('',(-3.6757228750745E-32,-1.,1.06522863446701E-16));
#8311=DIRECTION('center_axis',(-2.28983498828939E-16,-2.28983498828939E-16,
-1.));
#8312=DIRECTION('ref_axis',(0.,-1.,2.28983498828939E-16));
#8313=DIRECTION('',(-1.,5.24334427359425E-32,2.28983498828939E-16));
#8314=DIRECTION('',(-1.,5.24334427359425E-32,2.28983498828939E-16));
#8315=DIRECTION('',(-1.22460635382239E-16,-1.,2.28983498828939E-16));
#8316=DIRECTION('center_axis',(-2.23289333142183E-16,0.221621103588969,
-0.97513285579146));
#8317=DIRECTION('ref_axis',(-5.07475757141327E-17,-0.97513285579146,-0.221621103588969));
#8318=DIRECTION('',(-1.,5.24334427359425E-32,2.28983498828939E-16));
#8319=DIRECTION('',(-0.216371161203961,0.952033109297413,0.216371161203958));
#8320=DIRECTION('center_axis',(-0.707106781186543,-7.53230390945712E-17,
-0.707106781186552));
#8321=DIRECTION('ref_axis',(0.707106781186552,6.23130444540118E-16,-0.707106781186543));
#8322=DIRECTION('',(-0.707106781186552,1.06404633570505E-16,0.707106781186543));
#8323=DIRECTION('',(1.93257007665344E-32,1.,-1.06522863446701E-16));
#8324=DIRECTION('center_axis',(0.707106781186543,-7.53230390945713E-17,
-0.707106781186552));
#8325=DIRECTION('ref_axis',(-0.707106781186552,6.23130444540118E-16,-0.707106781186543));
#8326=DIRECTION('',(-1.22460635382239E-16,1.,-2.28983498828938E-16));
#8327=DIRECTION('',(-0.216371161203961,-0.952033109297413,-0.216371161203958));
#8328=DIRECTION('',(-3.6757228750745E-32,-1.,1.06522863446701E-16));
#8329=DIRECTION('',(-0.707106781186552,-1.06404633570505E-16,-0.707106781186543));
#8330=DIRECTION('center_axis',(-2.23289333142183E-16,0.221621103588969,
-0.97513285579146));
#8331=DIRECTION('ref_axis',(-5.07475757141327E-17,-0.97513285579146,-0.221621103588969));
#8332=DIRECTION('',(-1.,5.24334427359425E-32,2.28983498828939E-16));
#8333=DIRECTION('',(-1.,5.24334427359425E-32,2.28983498828939E-16));
#8334=DIRECTION('center_axis',(-2.28983498828939E-16,-2.28983498828939E-16,
-1.));
#8335=DIRECTION('ref_axis',(0.,-1.,2.28983498828939E-16));
#8336=DIRECTION('',(-1.,5.24334427359425E-32,2.28983498828939E-16));
#8337=DIRECTION('',(1.,-5.24334427359425E-32,-2.28983498828939E-16));
#8338=DIRECTION('',(-1.,5.24334427359425E-32,2.28983498828939E-16));
#8339=DIRECTION('center_axis',(2.80414647586397E-32,1.,-1.06522863446701E-16));
#8340=DIRECTION('ref_axis',(-2.28983498828939E-16,-1.06522863446701E-16,
-1.));
#8341=DIRECTION('',(-2.28983498828939E-16,-1.06522863446701E-16,-1.));
#8342=DIRECTION('',(1.,-5.24334427359425E-32,-2.28983498828939E-16));
#8343=DIRECTION('center_axis',(2.80414647586397E-32,1.,-1.06522863446701E-16));
#8344=DIRECTION('ref_axis',(-2.28983498828939E-16,-1.06522863446701E-16,
-1.));
#8345=DIRECTION('',(-2.28983498828939E-16,-1.06522863446701E-16,-1.));
#8346=DIRECTION('',(-2.28983498828939E-16,-1.06522863446701E-16,-1.));
#8347=DIRECTION('center_axis',(1.,-5.24334427359425E-32,-2.28983498828939E-16));
#8348=DIRECTION('ref_axis',(5.24334427359425E-32,1.,0.));
#8349=DIRECTION('center_axis',(1.,-5.24334427359425E-32,-2.28983498828939E-16));
#8350=DIRECTION('ref_axis',(5.24334427359425E-32,1.,0.));
#8351=DIRECTION('',(-2.28983498828939E-16,-1.06522863446701E-16,-1.));
#8352=DIRECTION('center_axis',(2.80414647586397E-32,1.,-1.06522863446701E-16));
#8353=DIRECTION('ref_axis',(-2.28983498828939E-16,-1.06522863446701E-16,
-1.));
#8354=DIRECTION('',(-2.28983498828939E-16,-1.06522863446701E-16,-1.));
#8355=DIRECTION('',(-1.,5.24334427359425E-32,2.28983498828939E-16));
#8356=DIRECTION('',(-0.707106781186552,-1.06404633570505E-16,-0.707106781186543));
#8357=DIRECTION('',(1.,-5.24334427359425E-32,-2.28983498828939E-16));
#8358=DIRECTION('center_axis',(1.,-5.24334427359425E-32,-2.28983498828939E-16));
#8359=DIRECTION('ref_axis',(5.24334427359425E-32,1.,0.));
#8360=DIRECTION('',(2.28983498828939E-16,2.28983498828939E-16,1.));
#8361=DIRECTION('',(-2.28983498828939E-16,-1.06522863446701E-16,-1.));
#8362=DIRECTION('center_axis',(2.80414647586397E-32,1.,-1.06522863446701E-16));
#8363=DIRECTION('ref_axis',(-2.28983498828939E-16,-1.06522863446701E-16,
-1.));
#8364=DIRECTION('',(1.,-5.24334427359425E-32,-2.28983498828939E-16));
#8365=DIRECTION('',(-2.28983498828939E-16,-1.06522863446701E-16,-1.));
#8366=DIRECTION('center_axis',(1.,-5.24334427359425E-32,-2.28983498828939E-16));
#8367=DIRECTION('ref_axis',(5.24334427359425E-32,1.,0.));
#8368=DIRECTION('',(2.28983498828939E-16,2.28983498828939E-16,1.));
#8369=DIRECTION('',(-2.28983498828939E-16,-1.06522863446701E-16,-1.));
#8370=DIRECTION('center_axis',(0.707106781186543,-7.53230390945713E-17,
-0.707106781186552));
#8371=DIRECTION('ref_axis',(-0.707106781186552,6.23130444540118E-16,-0.707106781186543));
#8372=DIRECTION('',(-1.22460635382239E-16,1.,-2.28983498828938E-16));
#8373=DIRECTION('',(-0.216371161203961,-0.952033109297413,-0.216371161203958));
#8374=DIRECTION('',(-3.6757228750745E-32,-1.,1.06522863446701E-16));
#8375=DIRECTION('center_axis',(-2.28983498828939E-16,-2.28983498828939E-16,
-1.));
#8376=DIRECTION('ref_axis',(0.,-1.,2.28983498828939E-16));
#8377=DIRECTION('',(-1.,5.24334427359425E-32,2.28983498828939E-16));
#8378=DIRECTION('',(-1.,5.24334427359425E-32,2.28983498828939E-16));
#8379=DIRECTION('',(-1.22460635382239E-16,-1.,2.28983498828939E-16));
#8380=DIRECTION('center_axis',(-2.23289333142183E-16,0.221621103588969,
-0.97513285579146));
#8381=DIRECTION('ref_axis',(-5.07475757141327E-17,-0.97513285579146,-0.221621103588969));
#8382=DIRECTION('',(-1.,5.24334427359425E-32,2.28983498828939E-16));
#8383=DIRECTION('',(-0.216371161203961,0.952033109297413,0.216371161203958));
#8384=DIRECTION('center_axis',(-0.707106781186543,-7.53230390945712E-17,
-0.707106781186552));
#8385=DIRECTION('ref_axis',(0.707106781186552,6.23130444540118E-16,-0.707106781186543));
#8386=DIRECTION('',(-0.707106781186552,1.06404633570505E-16,0.707106781186543));
#8387=DIRECTION('',(1.93257007665344E-32,1.,-1.06522863446701E-16));
#8388=DIRECTION('center_axis',(0.707106781186543,-7.53230390945713E-17,
-0.707106781186552));
#8389=DIRECTION('ref_axis',(-0.707106781186552,6.23130444540118E-16,-0.707106781186543));
#8390=DIRECTION('',(-1.22460635382239E-16,1.,-2.28983498828938E-16));
#8391=DIRECTION('',(-0.216371161203961,-0.952033109297413,-0.216371161203958));
#8392=DIRECTION('',(-3.6757228750745E-32,-1.,1.06522863446701E-16));
#8393=DIRECTION('',(-0.707106781186552,-1.06404633570505E-16,-0.707106781186543));
#8394=DIRECTION('center_axis',(-2.23289333142183E-16,0.221621103588969,
-0.97513285579146));
#8395=DIRECTION('ref_axis',(-5.07475757141327E-17,-0.97513285579146,-0.221621103588969));
#8396=DIRECTION('',(-1.,5.24334427359425E-32,2.28983498828939E-16));
#8397=DIRECTION('',(-1.,5.24334427359425E-32,2.28983498828939E-16));
#8398=DIRECTION('center_axis',(-2.28983498828939E-16,-2.28983498828939E-16,
-1.));
#8399=DIRECTION('ref_axis',(0.,-1.,2.28983498828939E-16));
#8400=DIRECTION('',(-1.,5.24334427359425E-32,2.28983498828939E-16));
#8401=DIRECTION('',(1.,-5.24334427359425E-32,-2.28983498828939E-16));
#8402=DIRECTION('',(-1.,5.24334427359425E-32,2.28983498828939E-16));
#8403=DIRECTION('center_axis',(2.80414647586397E-32,1.,-1.06522863446701E-16));
#8404=DIRECTION('ref_axis',(-2.28983498828939E-16,-1.06522863446701E-16,
-1.));
#8405=DIRECTION('',(-2.28983498828939E-16,-1.06522863446701E-16,-1.));
#8406=DIRECTION('',(1.,-5.24334427359425E-32,-2.28983498828939E-16));
#8407=DIRECTION('center_axis',(1.,-5.24334427359425E-32,-2.28983498828939E-16));
#8408=DIRECTION('ref_axis',(5.24334427359425E-32,1.,0.));
#8409=DIRECTION('',(-2.28983498828939E-16,-1.06522863446701E-16,-1.));
#8410=DIRECTION('',(0.,-1.,2.28983498828939E-16));
#8411=DIRECTION('',(-2.28983498828939E-16,-2.28983498828939E-16,-1.));
#8412=DIRECTION('',(-2.28983498828939E-16,-1.06522863446701E-16,-1.));
#8413=DIRECTION('center_axis',(2.80414647586397E-32,1.,-1.06522863446701E-16));
#8414=DIRECTION('ref_axis',(-2.28983498828939E-16,-1.06522863446701E-16,
-1.));
#8415=DIRECTION('',(-2.28983498828939E-16,-1.06522863446701E-16,-1.));
#8416=DIRECTION('center_axis',(1.,-5.24334427359425E-32,-2.28983498828939E-16));
#8417=DIRECTION('ref_axis',(5.24334427359425E-32,1.,0.));
#8418=DIRECTION('',(-2.28983498828939E-16,-2.28983498828939E-16,-1.));
#8419=DIRECTION('',(0.,1.,-2.28983498828939E-16));
#8420=DIRECTION('center_axis',(2.80414647586397E-32,1.,-1.06522863446701E-16));
#8421=DIRECTION('ref_axis',(-2.28983498828939E-16,-1.06522863446701E-16,
-1.));
#8422=DIRECTION('',(-2.28983498828939E-16,-1.06522863446701E-16,-1.));
#8423=DIRECTION('',(-1.,5.24334427359425E-32,2.28983498828939E-16));
#8424=DIRECTION('',(-0.707106781186552,-1.06404633570505E-16,-0.707106781186543));
#8425=DIRECTION('',(1.,-5.24334427359425E-32,-2.28983498828939E-16));
#8426=DIRECTION('center_axis',(1.,-5.24334427359425E-32,-2.28983498828939E-16));
#8427=DIRECTION('ref_axis',(5.24334427359425E-32,1.,0.));
#8428=DIRECTION('',(-2.28983498828939E-16,-2.28983498828939E-16,-1.));
#8429=DIRECTION('',(-2.28983498828939E-16,-1.06522863446701E-16,-1.));
#8430=DIRECTION('center_axis',(2.80414647586397E-32,1.,-1.06522863446701E-16));
#8431=DIRECTION('ref_axis',(-2.28983498828939E-16,-1.06522863446701E-16,
-1.));
#8432=DIRECTION('',(1.,-5.24334427359425E-32,-2.28983498828939E-16));
#8433=DIRECTION('',(-2.28983498828939E-16,-1.06522863446701E-16,-1.));
#8434=DIRECTION('center_axis',(1.,-5.24334427359425E-32,-2.28983498828939E-16));
#8435=DIRECTION('ref_axis',(5.24334427359425E-32,1.,0.));
#8436=DIRECTION('',(-2.28983498828939E-16,-2.28983498828939E-16,-1.));
#8437=DIRECTION('',(-2.28983498828939E-16,-1.06522863446701E-16,-1.));
#8438=DIRECTION('center_axis',(0.707106781186543,-7.53230390945713E-17,
-0.707106781186552));
#8439=DIRECTION('ref_axis',(-0.707106781186552,6.23130444540118E-16,-0.707106781186543));
#8440=DIRECTION('',(-1.22460635382239E-16,1.,-2.28983498828938E-16));
#8441=DIRECTION('',(-0.216371161203961,-0.952033109297413,-0.216371161203958));
#8442=DIRECTION('',(-3.6757228750745E-32,-1.,1.06522863446701E-16));
#8443=DIRECTION('center_axis',(-2.28983498828939E-16,-2.28983498828939E-16,
-1.));
#8444=DIRECTION('ref_axis',(0.,-1.,2.28983498828939E-16));
#8445=DIRECTION('',(-1.,5.24334427359425E-32,2.28983498828939E-16));
#8446=DIRECTION('',(-1.,5.24334427359425E-32,2.28983498828939E-16));
#8447=DIRECTION('',(-1.22460635382239E-16,-1.,2.28983498828939E-16));
#8448=DIRECTION('center_axis',(-2.23289333142183E-16,0.221621103588969,
-0.97513285579146));
#8449=DIRECTION('ref_axis',(-5.07475757141327E-17,-0.97513285579146,-0.221621103588969));
#8450=DIRECTION('',(-1.,5.24334427359425E-32,2.28983498828939E-16));
#8451=DIRECTION('',(-0.216371161203961,0.952033109297413,0.216371161203958));
#8452=DIRECTION('center_axis',(-0.707106781186543,-7.53230390945712E-17,
-0.707106781186552));
#8453=DIRECTION('ref_axis',(0.707106781186552,6.23130444540118E-16,-0.707106781186543));
#8454=DIRECTION('',(-0.707106781186552,1.06404633570505E-16,0.707106781186543));
#8455=DIRECTION('',(1.93257007665344E-32,1.,-1.06522863446701E-16));
#8456=DIRECTION('center_axis',(0.707106781186543,-7.53230390945713E-17,
-0.707106781186552));
#8457=DIRECTION('ref_axis',(-0.707106781186552,6.23130444540118E-16,-0.707106781186543));
#8458=DIRECTION('',(-1.22460635382239E-16,1.,-2.28983498828938E-16));
#8459=DIRECTION('',(-0.216371161203961,-0.952033109297413,-0.216371161203958));
#8460=DIRECTION('',(-3.6757228750745E-32,-1.,1.06522863446701E-16));
#8461=DIRECTION('',(-0.707106781186552,-1.06404633570505E-16,-0.707106781186543));
#8462=DIRECTION('center_axis',(0.707106781186543,7.53230390945712E-17,0.707106781186552));
#8463=DIRECTION('ref_axis',(-0.707106781186552,1.61915784801763E-16,0.707106781186543));
#8464=DIRECTION('',(-1.93257007665344E-32,-1.,1.06522863446701E-16));
#8465=DIRECTION('',(-0.216371161203961,0.952033109297413,0.216371161203958));
#8466=DIRECTION('',(1.22460635382239E-16,1.,-2.28983498828939E-16));
#8467=DIRECTION('',(0.707106781186552,-1.06404633570505E-16,-0.707106781186543));
#8468=DIRECTION('center_axis',(0.707106781186543,-7.53230390945713E-17,
-0.707106781186552));
#8469=DIRECTION('ref_axis',(-0.707106781186552,6.23130444540118E-16,-0.707106781186543));
#8470=DIRECTION('',(-1.22460635382239E-16,1.,-2.28983498828938E-16));
#8471=DIRECTION('',(-0.216371161203961,-0.952033109297413,-0.216371161203958));
#8472=DIRECTION('',(-3.6757228750745E-32,-1.,1.06522863446701E-16));
#8473=DIRECTION('',(-0.707106781186552,-1.06404633570505E-16,-0.707106781186543));
#8474=DIRECTION('center_axis',(2.80414647586397E-32,1.,-1.06522863446701E-16));
#8475=DIRECTION('ref_axis',(-2.28983498828939E-16,-1.06522863446701E-16,
-1.));
#8476=DIRECTION('',(2.28983498828939E-16,1.06522863446701E-16,1.));
#8477=DIRECTION('',(-1.,5.24334427359425E-32,2.28983498828939E-16));
#8478=DIRECTION('',(1.,-5.24334427359425E-32,-2.28983498828939E-16));
#8479=DIRECTION('center_axis',(0.,1.,-2.28983498828939E-16));
#8480=DIRECTION('ref_axis',(-2.28983498828939E-16,-2.28983498828939E-16,
-1.));
#8481=DIRECTION('center_axis',(0.,-1.,2.28983498828939E-16));
#8482=DIRECTION('ref_axis',(2.28983498828939E-16,2.28983498828939E-16,1.));
#8483=DIRECTION('center_axis',(-2.28983498828939E-16,-2.28983498828939E-16,
-1.));
#8484=DIRECTION('ref_axis',(0.,-1.,2.28983498828939E-16));
#8485=DIRECTION('center_axis',(0.,1.,-2.28983498828939E-16));
#8486=DIRECTION('ref_axis',(-2.28983498828939E-16,-2.28983498828939E-16,
-1.));
#8487=DIRECTION('center_axis',(-2.28983498828939E-16,-2.28983498828939E-16,
-1.));
#8488=DIRECTION('ref_axis',(0.,-1.,2.28983498828939E-16));
#8489=DIRECTION('',(-1.,5.24334427359425E-32,2.28983498828939E-16));
#8490=DIRECTION('',(1.,-5.24334427359425E-32,-2.28983498828939E-16));
#8491=DIRECTION('',(1.,-5.24334427359425E-32,-2.28983498828939E-16));
#8492=DIRECTION('center_axis',(0.707106781186551,-0.707106781186544,-1.42981039071308E-30));
#8493=DIRECTION('ref_axis',(0.707106781186544,0.707106781186551,-3.23831569603529E-16));
#8494=DIRECTION('',(2.28983498828939E-16,2.28983498828939E-16,1.));
#8495=DIRECTION('',(0.577350269189624,0.577350269189629,0.577350269189624));
#8496=DIRECTION('',(0.707106781186544,0.707106781186551,-2.12809267141013E-16));
#8497=DIRECTION('',(2.28983498828939E-16,2.28983498828939E-16,1.));
#8498=DIRECTION('',(-0.707106781186544,-0.707106781186551,3.23831569603529E-16));
#8499=DIRECTION('center_axis',(0.707106781186547,-7.53230390945708E-17,
-0.707106781186548));
#8500=DIRECTION('ref_axis',(-0.707106781186548,-7.53230390945707E-17,-0.707106781186547));
#8501=DIRECTION('',(2.80414647586397E-32,1.,-1.06522863446701E-16));
#8502=DIRECTION('',(-0.707106781186548,-7.53230390945707E-17,-0.707106781186547));
#8503=DIRECTION('',(-2.80414647586397E-32,-1.,1.06522863446701E-16));
#8504=DIRECTION('center_axis',(1.,-5.24334427359425E-32,-2.28983498828939E-16));
#8505=DIRECTION('ref_axis',(-2.28983498828939E-16,-1.06522863446701E-16,
-1.));
#8506=DIRECTION('',(2.28983498828939E-16,1.06522863446701E-16,1.));
#8507=DIRECTION('',(-2.80414647586397E-32,-1.,1.06522863446701E-16));
#8508=DIRECTION('',(-2.28983498828939E-16,-1.06522863446701E-16,-1.));
#8509=DIRECTION('',(2.80414647586397E-32,1.,-1.06522863446701E-16));
#8510=DIRECTION('',(2.28983498828939E-16,1.06522863446701E-16,1.));
#8511=DIRECTION('center_axis',(2.28983498828939E-16,1.06522863446701E-16,
1.));
#8512=DIRECTION('ref_axis',(-2.80414647586397E-32,-1.,1.06522863446701E-16));
#8513=DIRECTION('',(1.,-5.24334427359425E-32,-2.28983498828939E-16));
#8514=DIRECTION('',(1.,-5.24334427359425E-32,-2.28983498828939E-16));
#8515=DIRECTION('',(2.80414647586397E-32,1.,-1.06522863446701E-16));
#8516=DIRECTION('center_axis',(2.80414647586397E-32,1.,-1.06522863446701E-16));
#8517=DIRECTION('ref_axis',(-2.28983498828939E-16,-1.06522863446701E-16,
-1.));
#8518=DIRECTION('',(2.28983498828939E-16,1.06522863446701E-16,1.));
#8519=DIRECTION('',(-1.,5.24334427359425E-32,2.28983498828939E-16));
#8520=DIRECTION('',(1.,-5.24334427359425E-32,-2.28983498828939E-16));
#8521=DIRECTION('center_axis',(1.83186799063151E-16,0.6,0.8));
#8522=DIRECTION('ref_axis',(1.37390099297363E-16,-0.8,0.6));
#8523=DIRECTION('',(1.37390099297363E-16,-0.8,0.6));
#8524=DIRECTION('',(-1.,5.24334427359425E-32,2.28983498828939E-16));
#8525=DIRECTION('',(1.37390099297363E-16,-0.8,0.6));
#8526=DIRECTION('center_axis',(-2.28983498828939E-16,-1.06522863446701E-16,
-1.));
#8527=DIRECTION('ref_axis',(-1.,5.24334427359425E-32,2.28983498828939E-16));
#8528=DIRECTION('',(2.80414647586397E-32,1.,-1.06522863446701E-16));
#8529=DIRECTION('center_axis',(1.,-5.24334427359425E-32,-2.28983498828939E-16));
#8530=DIRECTION('ref_axis',(2.80414647586396E-32,1.,-1.06522863446701E-16));
#8531=DIRECTION('',(-2.28983498828939E-16,-1.06522863446701E-16,-1.));
#8532=DIRECTION('',(0.,1.,-2.28983498828939E-16));
#8533=DIRECTION('center_axis',(2.80414647586397E-32,1.,-1.06522863446701E-16));
#8534=DIRECTION('ref_axis',(2.28983498828939E-16,1.06522863446701E-16,1.));
#8535=DIRECTION('',(-2.28983498828939E-16,-1.06522863446701E-16,-1.));
#8536=DIRECTION('',(-1.,5.24334427359425E-32,2.28983498828939E-16));
#8537=DIRECTION('',(-1.,5.24334427359425E-32,2.28983498828939E-16));
#8538=DIRECTION('',(-2.28983498828939E-16,-1.06522863446701E-16,-1.));
#8539=DIRECTION('',(1.,-5.24334427359425E-32,-2.28983498828939E-16));
#8540=DIRECTION('',(-2.28983498828939E-16,-1.06522863446701E-16,-1.));
#8541=DIRECTION('center_axis',(-1.,5.24334427359425E-32,2.28983498828939E-16));
#8542=DIRECTION('ref_axis',(-5.24334427359425E-32,-1.,0.));
#8543=DIRECTION('',(-1.,5.24334427359425E-32,2.28983498828939E-16));
#8544=DIRECTION('center_axis',(-1.,5.24334427359425E-32,2.28983498828939E-16));
#8545=DIRECTION('ref_axis',(-5.24334427359425E-32,-1.,0.));
#8546=DIRECTION('',(-1.,5.24334427359425E-32,2.28983498828939E-16));
#8547=DIRECTION('center_axis',(-1.,5.24334427359425E-32,2.28983498828939E-16));
#8548=DIRECTION('ref_axis',(-5.24334427359425E-32,-1.,0.));
#8549=DIRECTION('center_axis',(2.28757676783049E-16,-0.0444006136207234,
0.999013806466209));
#8550=DIRECTION('ref_axis',(1.01670078570251E-17,0.999013806466209,0.0444006136207234));
#8551=DIRECTION('',(-1.,5.24334427359425E-32,2.28983498828939E-16));
#8552=DIRECTION('',(1.01670078570251E-17,0.999013806466209,0.0444006136207234));
#8553=DIRECTION('',(1.01670078570251E-17,0.999013806466209,0.0444006136207234));
#8554=DIRECTION('center_axis',(1.61915784801759E-16,0.707106781186573,0.707106781186522));
#8555=DIRECTION('ref_axis',(-1.6191578480177E-16,0.707106781186522,-0.707106781186573));
#8556=DIRECTION('',(-1.,5.24334427359425E-32,2.28983498828939E-16));
#8557=DIRECTION('',(-1.6191578480177E-16,0.707106781186522,-0.707106781186573));
#8558=DIRECTION('',(-1.6191578480177E-16,0.707106781186522,-0.707106781186573));
#8559=DIRECTION('center_axis',(5.24334427359425E-32,1.,-1.20063931733229E-47));
#8560=DIRECTION('ref_axis',(-2.28983498828939E-16,2.91703841149741E-62,
-1.));
#8561=DIRECTION('',(-1.,5.24334427359425E-32,2.28983498828939E-16));
#8562=DIRECTION('',(2.28983498828939E-16,0.,1.));
#8563=DIRECTION('',(2.28983498828939E-16,0.,1.));
#8564=DIRECTION('center_axis',(-1.,5.24334427359425E-32,2.28983498828939E-16));
#8565=DIRECTION('ref_axis',(-5.24334427359425E-32,-1.,0.));
#8566=DIRECTION('',(-1.,5.24334427359425E-32,2.28983498828939E-16));
#8567=DIRECTION('center_axis',(-1.,5.24334427359425E-32,2.28983498828939E-16));
#8568=DIRECTION('ref_axis',(-5.24334427359425E-32,-1.,0.));
#8569=DIRECTION('center_axis',(-1.,5.24334427359425E-32,2.28983498828939E-16));
#8570=DIRECTION('ref_axis',(-5.24334427359425E-32,-1.,0.));
#8571=DIRECTION('center_axis',(2.28983498828939E-16,-1.20063931733229E-47,
1.));
#8572=DIRECTION('ref_axis',(5.24334427359425E-32,1.,-2.91703841149741E-62));
#8573=DIRECTION('',(-1.,5.24334427359425E-32,2.28983498828939E-16));
#8574=DIRECTION('',(-5.24334427359425E-32,-1.,0.));
#8575=DIRECTION('',(-5.24334427359425E-32,-1.,0.));
#8576=DIRECTION('center_axis',(5.24334427359425E-32,1.,-1.20063931733229E-47));
#8577=DIRECTION('ref_axis',(-2.28983498828939E-16,2.91703841149741E-62,
-1.));
#8578=DIRECTION('',(-1.,5.24334427359425E-32,2.28983498828939E-16));
#8579=DIRECTION('',(-2.28983498828939E-16,0.,-1.));
#8580=DIRECTION('',(-2.28983498828939E-16,0.,-1.));
#8581=DIRECTION('center_axis',(-2.28983498828939E-16,1.20063931733229E-47,
-1.));
#8582=DIRECTION('ref_axis',(-5.24334427359425E-32,-1.,2.91703841149741E-62));
#8583=DIRECTION('',(-1.,5.24334427359425E-32,2.28983498828939E-16));
#8584=DIRECTION('',(-5.24334427359425E-32,-1.,0.));
#8585=DIRECTION('',(-5.24334427359425E-32,-1.,0.));
#8586=DIRECTION('center_axis',(-1.,5.24334427359425E-32,2.28983498828939E-16));
#8587=DIRECTION('ref_axis',(-5.24334427359425E-32,-1.,0.));
#8588=DIRECTION('',(-1.,5.24334427359425E-32,2.28983498828939E-16));
#8589=DIRECTION('center_axis',(-1.,5.24334427359425E-32,2.28983498828939E-16));
#8590=DIRECTION('ref_axis',(-5.24334427359425E-32,-1.,0.));
#8591=DIRECTION('center_axis',(-1.,5.24334427359425E-32,2.28983498828939E-16));
#8592=DIRECTION('ref_axis',(-5.24334427359425E-32,-1.,0.));
#8593=DIRECTION('center_axis',(5.24334427359425E-32,1.,-1.20063931733229E-47));
#8594=DIRECTION('ref_axis',(-2.28983498828939E-16,2.91703841149741E-62,
-1.));
#8595=DIRECTION('',(-1.,5.24334427359425E-32,2.28983498828939E-16));
#8596=DIRECTION('',(2.28983498828939E-16,0.,1.));
#8597=DIRECTION('',(2.28983498828939E-16,0.,1.));
#8598=DIRECTION('center_axis',(-1.,5.24334427359425E-32,2.28983498828939E-16));
#8599=DIRECTION('ref_axis',(-5.24334427359425E-32,-1.,0.));
#8600=DIRECTION('',(-1.,5.24334427359425E-32,2.28983498828939E-16));
#8601=DIRECTION('center_axis',(-1.,5.24334427359425E-32,2.28983498828939E-16));
#8602=DIRECTION('ref_axis',(-5.24334427359425E-32,-1.,0.));
#8603=DIRECTION('center_axis',(-1.,5.24334427359425E-32,2.28983498828939E-16));
#8604=DIRECTION('ref_axis',(-5.24334427359425E-32,-1.,0.));
#8605=DIRECTION('center_axis',(2.28983498828939E-16,-1.20063931733229E-47,
1.));
#8606=DIRECTION('ref_axis',(5.24334427359425E-32,1.,-2.91703841149741E-62));
#8607=DIRECTION('',(-1.,5.24334427359425E-32,2.28983498828939E-16));
#8608=DIRECTION('',(5.24334427359425E-32,1.,0.));
#8609=DIRECTION('',(5.24334427359425E-32,1.,0.));
#8610=DIRECTION('center_axis',(5.24334427359425E-32,1.,-1.20063931733229E-47));
#8611=DIRECTION('ref_axis',(-2.28983498828939E-16,2.91703841149741E-62,
-1.));
#8612=DIRECTION('',(-1.,5.24334427359425E-32,2.28983498828939E-16));
#8613=DIRECTION('',(2.28983498828939E-16,0.,1.));
#8614=DIRECTION('',(2.28983498828939E-16,0.,1.));
#8615=DIRECTION('center_axis',(-5.24334427359425E-32,-1.,1.20063931733229E-47));
#8616=DIRECTION('ref_axis',(2.28983498828939E-16,-2.91703841149741E-62,
1.));
#8617=DIRECTION('',(-2.28983498828939E-16,-2.28983498828939E-16,-1.));
#8618=DIRECTION('',(-1.,5.24334427359425E-32,2.28983498828939E-16));
#8619=DIRECTION('',(-2.28983498828939E-16,-2.28983498828939E-16,-1.));
#8620=DIRECTION('center_axis',(2.28983498828939E-16,2.28983498828939E-16,
1.));
#8621=DIRECTION('ref_axis',(0.,-1.,2.28983498828939E-16));
#8622=DIRECTION('',(0.,1.,-2.28983498828939E-16));
#8623=DIRECTION('',(0.,1.,-2.28983498828939E-16));
#8624=DIRECTION('center_axis',(1.,-5.24334427359425E-32,-2.28983498828939E-16));
#8625=DIRECTION('ref_axis',(-2.08005240798215E-46,1.,-2.28983498828939E-16));
#8626=DIRECTION('center_axis',(-1.,5.24334427359425E-32,2.28983498828939E-16));
#8627=DIRECTION('ref_axis',(-2.08005240798215E-46,1.,-2.28983498828939E-16));
#8628=DIRECTION('',(0.,-1.,2.28983498828939E-16));
#8629=DIRECTION('center_axis',(1.,-5.24334427359425E-32,-2.28983498828939E-16));
#8630=DIRECTION('ref_axis',(5.24334427359425E-32,1.,0.));
#8631=DIRECTION('',(0.,-1.,2.28983498828939E-16));
#8632=DIRECTION('center_axis',(-1.,5.24334427359425E-32,2.28983498828939E-16));
#8633=DIRECTION('ref_axis',(-2.08005240798215E-46,1.,-2.28983498828939E-16));
#8634=DIRECTION('center_axis',(-2.28983498828939E-16,-2.28983498828939E-16,
-1.));
#8635=DIRECTION('ref_axis',(0.,1.,-2.28983498828939E-16));
#8636=DIRECTION('',(-1.,5.24334427359425E-32,2.28983498828939E-16));
#8637=DIRECTION('center_axis',(-1.,5.24334427359425E-32,2.28983498828939E-16));
#8638=DIRECTION('ref_axis',(-2.08005240798215E-46,1.,-2.28983498828939E-16));
#8639=DIRECTION('center_axis',(1.,-5.24334427359425E-32,-2.28983498828939E-16));
#8640=DIRECTION('ref_axis',(2.80414647586396E-32,1.,-1.06522863446701E-16));
#8641=DIRECTION('',(0.,1.,-2.28983498828939E-16));
#8642=DIRECTION('',(-2.28983498828939E-16,-1.06522863446701E-16,-1.));
#8643=DIRECTION('center_axis',(2.80414647586397E-32,1.,-1.06522863446701E-16));
#8644=DIRECTION('ref_axis',(-2.28983498828939E-16,-1.06522863446701E-16,
-1.));
#8645=DIRECTION('',(-2.28983498828939E-16,-1.06522863446701E-16,-1.));
#8646=DIRECTION('',(-1.,5.24334427359425E-32,2.28983498828939E-16));
#8647=DIRECTION('',(-2.28983498828939E-16,-1.06522863446701E-16,-1.));
#8648=DIRECTION('',(1.,-5.24334427359425E-32,-2.28983498828939E-16));
#8649=DIRECTION('',(1.,-5.24334427359425E-32,-2.28983498828939E-16));
#8650=DIRECTION('center_axis',(1.,-5.24334427359425E-32,-2.28983498828939E-16));
#8651=DIRECTION('ref_axis',(5.24334427359425E-32,1.,0.));
#8652=DIRECTION('',(-2.28983498828939E-16,-1.06522863446701E-16,-1.));
#8653=DIRECTION('',(5.20049491518193E-17,0.973868596229247,0.227112212966356));
#8654=DIRECTION('center_axis',(1.,-5.24334427359425E-32,-2.28983498828939E-16));
#8655=DIRECTION('ref_axis',(-2.08005240798215E-46,1.,-2.28983498828939E-16));
#8656=DIRECTION('',(2.28983498828939E-16,2.28983498828939E-16,1.));
#8657=DIRECTION('',(0.,-1.,2.28983498828939E-16));
#8658=DIRECTION('',(-1.61915784801753E-16,-0.707106781186598,-0.707106781186497));
#8659=DIRECTION('',(-2.28983498828939E-16,-2.28983498828939E-16,-1.));
#8660=DIRECTION('center_axis',(1.,-5.24334427359425E-32,-2.28983498828939E-16));
#8661=DIRECTION('ref_axis',(-2.08005240798215E-46,1.,-2.28983498828939E-16));
#8662=DIRECTION('',(-2.28983498828939E-16,-2.28983498828939E-16,-1.));
#8663=DIRECTION('',(-2.28983498828939E-16,-1.06522863446701E-16,-1.));
#8664=DIRECTION('center_axis',(-2.28983498828939E-16,-6.48895000232574E-17,
-1.));
#8665=DIRECTION('ref_axis',(-3.75748179833565E-32,-1.,6.48895000232574E-17));
#8666=DIRECTION('',(-1.,5.24334427359425E-32,2.28983498828939E-16));
#8667=DIRECTION('center_axis',(0.707106781186548,-0.707106781186548,-8.65927457071934E-17));
#8668=DIRECTION('ref_axis',(0.707106781186548,0.707106781186548,-4.33500381231807E-16));
#8669=DIRECTION('',(0.707106781186547,0.707106781186547,-2.68320418372271E-16));
#8670=DIRECTION('',(-2.28983498828939E-16,-1.06522863446701E-16,-1.));
#8671=DIRECTION('',(-2.28983498828939E-16,-1.06522863446701E-16,-1.));
#8672=DIRECTION('',(0.707106781186547,0.707106781186547,-3.23831569603529E-16));
#8673=DIRECTION('center_axis',(2.28983498828939E-16,2.28983498828939E-16,
1.));
#8674=DIRECTION('ref_axis',(0.,1.,-2.28983498828939E-16));
#8675=DIRECTION('',(-2.80414647586397E-32,-1.,1.06522863446701E-16));
#8676=DIRECTION('',(1.,-5.24334427359425E-32,-2.28983498828939E-16));
#8677=DIRECTION('',(2.80414647586397E-32,1.,-1.06522863446701E-16));
#8678=DIRECTION('center_axis',(1.,-5.24334427359425E-32,-2.28983498828939E-16));
#8679=DIRECTION('ref_axis',(2.80414647586396E-32,1.,-1.06522863446701E-16));
#8680=DIRECTION('',(-2.28983498828939E-16,-1.06522863446701E-16,-1.));
#8681=DIRECTION('',(-2.80414647586397E-32,-1.,1.06522863446701E-16));
#8682=DIRECTION('',(2.28983498828939E-16,1.06522863446701E-16,1.));
#8683=DIRECTION('',(-2.80414647586397E-32,-1.,1.06522863446701E-16));
#8684=DIRECTION('center_axis',(-2.28983498828939E-16,-1.06522863446701E-16,
-1.));
#8685=DIRECTION('ref_axis',(2.80414647586397E-32,1.,-1.06522863446701E-16));
#8686=DIRECTION('',(1.,-5.24334427359425E-32,-2.28983498828939E-16));
#8687=DIRECTION('center_axis',(2.80414647586397E-32,1.,-1.06522863446701E-16));
#8688=DIRECTION('ref_axis',(2.28983498828939E-16,1.06522863446701E-16,1.));
#8689=DIRECTION('center_axis',(2.28983498828939E-16,2.28983498828939E-16,
1.));
#8690=DIRECTION('ref_axis',(0.,-1.,2.28983498828939E-16));
#8691=DIRECTION('',(-1.,5.24334427359425E-32,2.28983498828939E-16));
#8692=DIRECTION('',(1.,-5.24334427359425E-32,-2.28983498828939E-16));
#8693=DIRECTION('',(0.,1.,-2.28983498828939E-16));
#8694=DIRECTION('center_axis',(0.,-1.,2.28983498828939E-16));
#8695=DIRECTION('ref_axis',(-1.,5.24334427359427E-32,2.28983498828939E-16));
#8696=DIRECTION('',(-1.,5.24334427359425E-32,2.28983498828939E-16));
#8697=DIRECTION('center_axis',(-0.707106781186548,-7.53230390945707E-17,
-0.707106781186547));
#8698=DIRECTION('ref_axis',(-0.707106781186547,7.53230390945708E-17,0.707106781186548));
#8699=DIRECTION('center_axis',(-2.23289333142183E-16,0.221621103588969,
-0.97513285579146));
#8700=DIRECTION('ref_axis',(-5.07475757141327E-17,-0.97513285579146,-0.221621103588969));
#8701=DIRECTION('',(1.,-5.24334427359425E-32,-2.28983498828939E-16));
#8702=DIRECTION('center_axis',(1.,-5.24334427359425E-32,-2.28983498828939E-16));
#8703=DIRECTION('ref_axis',(5.24334427359425E-32,1.,0.));
#8704=DIRECTION('',(-2.28983498828939E-16,-1.06522863446701E-16,-1.));
#8705=DIRECTION('',(2.28983498828939E-16,2.28983498828939E-16,1.));
#8706=DIRECTION('center_axis',(1.,-5.24334427359425E-32,-2.28983498828939E-16));
#8707=DIRECTION('ref_axis',(-2.08005240798215E-46,1.,-2.28983498828939E-16));
#8708=DIRECTION('',(-2.28983498828939E-16,-2.28983498828939E-16,-1.));
#8709=DIRECTION('',(-1.61915784801753E-16,-0.707106781186598,-0.707106781186497));
#8710=DIRECTION('',(0.,1.,-2.28983498828939E-16));
#8711=DIRECTION('',(2.28983498828939E-16,2.28983498828939E-16,1.));
#8712=DIRECTION('center_axis',(1.,-5.24334427359425E-32,-2.28983498828939E-16));
#8713=DIRECTION('ref_axis',(-2.08005240798215E-46,1.,-2.28983498828939E-16));
#8714=DIRECTION('',(5.20049491518193E-17,0.973868596229247,0.227112212966356));
#8715=DIRECTION('center_axis',(-2.80414647586397E-32,-1.,1.06522863446701E-16));
#8716=DIRECTION('ref_axis',(-2.28983498828939E-16,-1.06522863446701E-16,
-1.));
#8717=DIRECTION('center_axis',(1.,-5.24334427359425E-32,-2.28983498828939E-16));
#8718=DIRECTION('ref_axis',(2.80414647586396E-32,1.,-1.06522863446701E-16));
#8719=DIRECTION('center_axis',(2.80414647586397E-32,1.,-1.06522863446701E-16));
#8720=DIRECTION('ref_axis',(1.,-5.24334427359426E-32,-2.28983498828939E-16));
#8721=DIRECTION('center_axis',(0.,1.,-2.28983498828939E-16));
#8722=DIRECTION('ref_axis',(-2.28983498828939E-16,-2.28983498828939E-16,
-1.));
#8723=DIRECTION('',(2.28983498828939E-16,2.28983498828939E-16,1.));
#8724=DIRECTION('',(1.,-5.24334427359425E-32,-2.28983498828939E-16));
#8725=DIRECTION('center_axis',(1.,-5.24334427359425E-32,-2.28983498828939E-16));
#8726=DIRECTION('ref_axis',(-2.08005240798215E-46,1.,-2.28983498828939E-16));
#8727=DIRECTION('center_axis',(1.,-5.24334427359425E-32,-2.28983498828939E-16));
#8728=DIRECTION('ref_axis',(-2.08005240798215E-46,1.,-2.28983498828939E-16));
#8729=DIRECTION('',(1.,-5.24334427359425E-32,-2.28983498828939E-16));
#8730=DIRECTION('center_axis',(0.,1.,-2.28983498828939E-16));
#8731=DIRECTION('ref_axis',(-2.28983498828939E-16,-2.28983498828939E-16,
-1.));
#8732=DIRECTION('',(-2.28983498828939E-16,-2.28983498828939E-16,-1.));
#8733=DIRECTION('',(1.,-5.24334427359425E-32,-2.28983498828939E-16));
#8734=DIRECTION('center_axis',(-1.61915784801776E-16,0.707106781186497,
-0.707106781186598));
#8735=DIRECTION('ref_axis',(-1.61915784801753E-16,-0.707106781186598,-0.707106781186497));
#8736=DIRECTION('',(-1.61915784801753E-16,-0.707106781186598,-0.707106781186497));
#8737=DIRECTION('',(1.,-5.24334427359425E-32,-2.28983498828939E-16));
#8738=DIRECTION('center_axis',(-2.28983498828939E-16,-2.28983498828939E-16,
-1.));
#8739=DIRECTION('ref_axis',(0.,-1.,2.28983498828939E-16));
#8740=DIRECTION('',(0.,1.,-2.28983498828939E-16));
#8741=DIRECTION('',(1.,-5.24334427359425E-32,-2.28983498828939E-16));
#8742=DIRECTION('center_axis',(0.,-1.,2.28983498828939E-16));
#8743=DIRECTION('ref_axis',(2.28983498828939E-16,2.28983498828939E-16,1.));
#8744=DIRECTION('',(2.28983498828939E-16,2.28983498828939E-16,1.));
#8745=DIRECTION('',(1.,-5.24334427359425E-32,-2.28983498828939E-16));
#8746=DIRECTION('center_axis',(1.,-5.24334427359425E-32,-2.28983498828939E-16));
#8747=DIRECTION('ref_axis',(-2.08005240798215E-46,1.,-2.28983498828939E-16));
#8748=DIRECTION('center_axis',(1.,-5.24334427359425E-32,-2.28983498828939E-16));
#8749=DIRECTION('ref_axis',(-2.08005240798215E-46,1.,-2.28983498828939E-16));
#8750=DIRECTION('',(1.,-5.24334427359425E-32,-2.28983498828939E-16));
#8751=DIRECTION('center_axis',(2.229998385642E-16,-0.227112212966356,0.973868596229247));
#8752=DIRECTION('ref_axis',(5.20049491518193E-17,0.973868596229247,0.227112212966356));
#8753=DIRECTION('',(5.20049491518193E-17,0.973868596229247,0.227112212966356));
#8754=DIRECTION('center_axis',(1.,-5.24334427359425E-32,-2.28983498828939E-16));
#8755=DIRECTION('ref_axis',(5.24334427359425E-32,1.,0.));
#8756=DIRECTION('',(-2.28983498828939E-16,-1.06522863446701E-16,-1.));
#8757=DIRECTION('',(5.20049491518193E-17,0.973868596229247,0.227112212966356));
#8758=DIRECTION('center_axis',(1.,-5.24334427359425E-32,-2.28983498828939E-16));
#8759=DIRECTION('ref_axis',(-2.08005240798215E-46,1.,-2.28983498828939E-16));
#8760=DIRECTION('',(2.28983498828939E-16,2.28983498828939E-16,1.));
#8761=DIRECTION('',(0.,-1.,2.28983498828939E-16));
#8762=DIRECTION('',(-1.61915784801753E-16,-0.707106781186598,-0.707106781186497));
#8763=DIRECTION('',(-2.28983498828939E-16,-2.28983498828939E-16,-1.));
#8764=DIRECTION('center_axis',(1.,-5.24334427359425E-32,-2.28983498828939E-16));
#8765=DIRECTION('ref_axis',(-2.08005240798215E-46,1.,-2.28983498828939E-16));
#8766=DIRECTION('',(-2.28983498828939E-16,-2.28983498828939E-16,-1.));
#8767=DIRECTION('',(2.28983498828939E-16,1.06522863446701E-16,1.));
#8768=DIRECTION('center_axis',(2.80414647586397E-32,1.,-1.06522863446701E-16));
#8769=DIRECTION('ref_axis',(-2.28983498828939E-16,-1.06522863446701E-16,
-1.));
#8770=DIRECTION('',(1.,-5.24334427359425E-32,-2.28983498828939E-16));
#8771=DIRECTION('',(-2.28983498828939E-16,-1.06522863446701E-16,-1.));
#8772=DIRECTION('',(-1.,5.24334427359425E-32,2.28983498828939E-16));
#8773=DIRECTION('center_axis',(1.,-5.24334427359425E-32,-2.28983498828939E-16));
#8774=DIRECTION('ref_axis',(5.24334427359425E-32,1.,0.));
#8775=DIRECTION('',(-2.28983498828939E-16,-1.06522863446701E-16,-1.));
#8776=DIRECTION('',(2.28983498828939E-16,2.28983498828939E-16,1.));
#8777=DIRECTION('center_axis',(1.,-5.24334427359425E-32,-2.28983498828939E-16));
#8778=DIRECTION('ref_axis',(-2.08005240798215E-46,1.,-2.28983498828939E-16));
#8779=DIRECTION('',(-2.28983498828939E-16,-2.28983498828939E-16,-1.));
#8780=DIRECTION('',(-1.61915784801753E-16,-0.707106781186598,-0.707106781186497));
#8781=DIRECTION('',(0.,1.,-2.28983498828939E-16));
#8782=DIRECTION('',(2.28983498828939E-16,2.28983498828939E-16,1.));
#8783=DIRECTION('center_axis',(1.,-5.24334427359425E-32,-2.28983498828939E-16));
#8784=DIRECTION('ref_axis',(-2.08005240798215E-46,1.,-2.28983498828939E-16));
#8785=DIRECTION('',(5.20049491518193E-17,0.973868596229247,0.227112212966356));
#8786=DIRECTION('center_axis',(0.,1.,-2.28983498828939E-16));
#8787=DIRECTION('ref_axis',(-2.28983498828939E-16,-2.28983498828939E-16,
-1.));
#8788=DIRECTION('',(1.,-5.24334427359425E-32,-2.28983498828939E-16));
#8789=DIRECTION('center_axis',(1.,-5.24334427359425E-32,-2.28983498828939E-16));
#8790=DIRECTION('ref_axis',(-2.08005240798215E-46,1.,-2.28983498828939E-16));
#8791=DIRECTION('',(1.,-5.24334427359425E-32,-2.28983498828939E-16));
#8792=DIRECTION('center_axis',(0.,1.,-2.28983498828939E-16));
#8793=DIRECTION('ref_axis',(-2.28983498828939E-16,-2.28983498828939E-16,
-1.));
#8794=DIRECTION('',(1.,-5.24334427359425E-32,-2.28983498828939E-16));
#8795=DIRECTION('center_axis',(-1.61915784801776E-16,0.707106781186497,
-0.707106781186598));
#8796=DIRECTION('ref_axis',(-1.61915784801753E-16,-0.707106781186598,-0.707106781186497));
#8797=DIRECTION('',(1.,-5.24334427359425E-32,-2.28983498828939E-16));
#8798=DIRECTION('center_axis',(-2.28983498828939E-16,-2.28983498828939E-16,
-1.));
#8799=DIRECTION('ref_axis',(0.,-1.,2.28983498828939E-16));
#8800=DIRECTION('',(1.,-5.24334427359425E-32,-2.28983498828939E-16));
#8801=DIRECTION('center_axis',(0.,-1.,2.28983498828939E-16));
#8802=DIRECTION('ref_axis',(2.28983498828939E-16,2.28983498828939E-16,1.));
#8803=DIRECTION('',(1.,-5.24334427359425E-32,-2.28983498828939E-16));
#8804=DIRECTION('center_axis',(1.,-5.24334427359425E-32,-2.28983498828939E-16));
#8805=DIRECTION('ref_axis',(-2.08005240798215E-46,1.,-2.28983498828939E-16));
#8806=DIRECTION('',(1.,-5.24334427359425E-32,-2.28983498828939E-16));
#8807=DIRECTION('center_axis',(2.229998385642E-16,-0.227112212966356,0.973868596229247));
#8808=DIRECTION('ref_axis',(5.20049491518193E-17,0.973868596229247,0.227112212966356));
#8809=DIRECTION('center_axis',(1.,-5.24334427359425E-32,-2.28983498828939E-16));
#8810=DIRECTION('ref_axis',(5.24334427359425E-32,1.,0.));
#8811=DIRECTION('',(-2.28983498828939E-16,-1.06522863446701E-16,-1.));
#8812=DIRECTION('',(5.20049491518193E-17,0.973868596229247,0.227112212966356));
#8813=DIRECTION('center_axis',(1.,-5.24334427359425E-32,-2.28983498828939E-16));
#8814=DIRECTION('ref_axis',(-2.08005240798215E-46,1.,-2.28983498828939E-16));
#8815=DIRECTION('',(2.28983498828939E-16,2.28983498828939E-16,1.));
#8816=DIRECTION('',(0.,-1.,2.28983498828939E-16));
#8817=DIRECTION('',(-1.61915784801753E-16,-0.707106781186598,-0.707106781186497));
#8818=DIRECTION('',(-2.28983498828939E-16,-2.28983498828939E-16,-1.));
#8819=DIRECTION('center_axis',(1.,-5.24334427359425E-32,-2.28983498828939E-16));
#8820=DIRECTION('ref_axis',(-2.08005240798215E-46,1.,-2.28983498828939E-16));
#8821=DIRECTION('',(-2.28983498828939E-16,-2.28983498828939E-16,-1.));
#8822=DIRECTION('',(-2.28983498828939E-16,-1.06522863446701E-16,-1.));
#8823=DIRECTION('center_axis',(2.80414647586397E-32,1.,-1.06522863446701E-16));
#8824=DIRECTION('ref_axis',(-2.28983498828939E-16,-1.06522863446701E-16,
-1.));
#8825=DIRECTION('',(-2.28983498828939E-16,-1.06522863446701E-16,-1.));
#8826=DIRECTION('',(-1.,5.24334427359425E-32,2.28983498828939E-16));
#8827=DIRECTION('',(1.,-5.24334427359425E-32,-2.28983498828939E-16));
#8828=DIRECTION('',(-0.707106781186552,1.06404633570505E-16,0.707106781186543));
#8829=DIRECTION('',(-1.,5.24334427359425E-32,2.28983498828939E-16));
#8830=DIRECTION('center_axis',(2.80414647586397E-32,1.,-1.06522863446701E-16));
#8831=DIRECTION('ref_axis',(-2.28983498828939E-16,-1.06522863446701E-16,
-1.));
#8832=DIRECTION('',(1.,-5.24334427359425E-32,-2.28983498828939E-16));
#8833=DIRECTION('',(-2.28983498828939E-16,-1.06522863446701E-16,-1.));
#8834=DIRECTION('',(-1.,5.24334427359425E-32,2.28983498828939E-16));
#8835=DIRECTION('center_axis',(1.,-5.24334427359425E-32,-2.28983498828939E-16));
#8836=DIRECTION('ref_axis',(5.24334427359425E-32,1.,0.));
#8837=DIRECTION('',(2.28983498828939E-16,2.28983498828939E-16,1.));
#8838=DIRECTION('center_axis',(1.,-5.24334427359425E-32,-2.28983498828939E-16));
#8839=DIRECTION('ref_axis',(-2.08005240798215E-46,1.,-2.28983498828939E-16));
#8840=DIRECTION('',(-2.28983498828939E-16,-2.28983498828939E-16,-1.));
#8841=DIRECTION('',(-1.61915784801753E-16,-0.707106781186598,-0.707106781186497));
#8842=DIRECTION('',(0.,1.,-2.28983498828939E-16));
#8843=DIRECTION('',(2.28983498828939E-16,2.28983498828939E-16,1.));
#8844=DIRECTION('center_axis',(1.,-5.24334427359425E-32,-2.28983498828939E-16));
#8845=DIRECTION('ref_axis',(-2.08005240798215E-46,1.,-2.28983498828939E-16));
#8846=DIRECTION('',(5.20049491518193E-17,0.973868596229247,0.227112212966356));
#8847=DIRECTION('center_axis',(0.,1.,-2.28983498828939E-16));
#8848=DIRECTION('ref_axis',(-2.28983498828939E-16,-2.28983498828939E-16,
-1.));
#8849=DIRECTION('',(1.,-5.24334427359425E-32,-2.28983498828939E-16));
#8850=DIRECTION('center_axis',(1.,-5.24334427359425E-32,-2.28983498828939E-16));
#8851=DIRECTION('ref_axis',(-2.08005240798215E-46,1.,-2.28983498828939E-16));
#8852=DIRECTION('',(1.,-5.24334427359425E-32,-2.28983498828939E-16));
#8853=DIRECTION('center_axis',(0.,1.,-2.28983498828939E-16));
#8854=DIRECTION('ref_axis',(-2.28983498828939E-16,-2.28983498828939E-16,
-1.));
#8855=DIRECTION('',(1.,-5.24334427359425E-32,-2.28983498828939E-16));
#8856=DIRECTION('center_axis',(-1.61915784801776E-16,0.707106781186497,
-0.707106781186598));
#8857=DIRECTION('ref_axis',(-1.61915784801753E-16,-0.707106781186598,-0.707106781186497));
#8858=DIRECTION('',(1.,-5.24334427359425E-32,-2.28983498828939E-16));
#8859=DIRECTION('center_axis',(-2.28983498828939E-16,-2.28983498828939E-16,
-1.));
#8860=DIRECTION('ref_axis',(0.,-1.,2.28983498828939E-16));
#8861=DIRECTION('',(1.,-5.24334427359425E-32,-2.28983498828939E-16));
#8862=DIRECTION('center_axis',(0.,-1.,2.28983498828939E-16));
#8863=DIRECTION('ref_axis',(2.28983498828939E-16,2.28983498828939E-16,1.));
#8864=DIRECTION('',(1.,-5.24334427359425E-32,-2.28983498828939E-16));
#8865=DIRECTION('center_axis',(1.,-5.24334427359425E-32,-2.28983498828939E-16));
#8866=DIRECTION('ref_axis',(-2.08005240798215E-46,1.,-2.28983498828939E-16));
#8867=DIRECTION('',(1.,-5.24334427359425E-32,-2.28983498828939E-16));
#8868=DIRECTION('center_axis',(2.229998385642E-16,-0.227112212966356,0.973868596229247));
#8869=DIRECTION('ref_axis',(5.20049491518193E-17,0.973868596229247,0.227112212966356));
#8870=DIRECTION('center_axis',(-2.28983498828939E-16,-2.28983498828939E-16,
-1.));
#8871=DIRECTION('ref_axis',(0.,-1.,2.28983498828939E-16));
#8872=DIRECTION('',(-1.,5.24334427359425E-32,2.28983498828939E-16));
#8873=DIRECTION('',(-1.,5.24334427359425E-32,2.28983498828939E-16));
#8874=DIRECTION('center_axis',(-2.23289333142183E-16,0.221621103588969,
-0.97513285579146));
#8875=DIRECTION('ref_axis',(-5.07475757141327E-17,-0.97513285579146,-0.221621103588969));
#8876=DIRECTION('',(-1.,5.24334427359425E-32,2.28983498828939E-16));
#8877=DIRECTION('center_axis',(-2.28983498828939E-16,-1.06522863446701E-16,
-1.));
#8878=DIRECTION('ref_axis',(-2.80414647586397E-32,-1.,1.06522863446701E-16));
#8879=DIRECTION('',(-1.,5.24334427359425E-32,2.28983498828939E-16));
#8880=DIRECTION('',(1.93257007665344E-32,1.,-1.06522863446701E-16));
#8881=DIRECTION('',(1.,-5.24334427359425E-32,-2.28983498828939E-16));
#8882=DIRECTION('',(-3.6757228750745E-32,-1.,1.06522863446701E-16));
#8883=DIRECTION('',(-1.,5.24334427359425E-32,2.28983498828939E-16));
#8884=DIRECTION('',(1.93257007665344E-32,1.,-1.06522863446701E-16));
#8885=DIRECTION('',(1.,-5.24334427359425E-32,-2.28983498828939E-16));
#8886=DIRECTION('',(-3.6757228750745E-32,-1.,1.06522863446701E-16));
#8887=DIRECTION('',(-1.,5.24334427359425E-32,2.28983498828939E-16));
#8888=DIRECTION('',(1.93257007665344E-32,1.,-1.06522863446701E-16));
#8889=DIRECTION('',(1.,-5.24334427359425E-32,-2.28983498828939E-16));
#8890=DIRECTION('',(-3.6757228750745E-32,-1.,1.06522863446701E-16));
#8891=DIRECTION('',(-1.,5.24334427359425E-32,2.28983498828939E-16));
#8892=DIRECTION('',(1.93257007665344E-32,1.,-1.06522863446701E-16));
#8893=DIRECTION('',(1.,-5.24334427359425E-32,-2.28983498828939E-16));
#8894=DIRECTION('',(-3.6757228750745E-32,-1.,1.06522863446701E-16));
#8895=DIRECTION('',(-1.,5.24334427359425E-32,2.28983498828939E-16));
#8896=DIRECTION('',(1.93257007665344E-32,1.,-1.06522863446701E-16));
#8897=DIRECTION('',(1.,-5.24334427359425E-32,-2.28983498828939E-16));
#8898=DIRECTION('',(-3.6757228750745E-32,-1.,1.06522863446701E-16));
#8899=DIRECTION('',(-1.,5.24334427359425E-32,2.28983498828939E-16));
#8900=DIRECTION('',(1.,-5.24334427359425E-32,-2.28983498828939E-16));
#8901=DIRECTION('center_axis',(-2.23289333142183E-16,0.221621103588969,
-0.97513285579146));
#8902=DIRECTION('ref_axis',(-5.07475757141327E-17,-0.97513285579146,-0.221621103588969));
#8903=DIRECTION('',(-1.,5.24334427359425E-32,2.28983498828939E-16));
#8904=DIRECTION('',(-0.216371161203961,0.952033109297413,0.216371161203958));
#8905=DIRECTION('center_axis',(-2.28983498828939E-16,-2.28983498828939E-16,
-1.));
#8906=DIRECTION('ref_axis',(0.,-1.,2.28983498828939E-16));
#8907=DIRECTION('',(1.,-5.24334427359425E-32,-2.28983498828939E-16));
#8908=DIRECTION('',(-1.,5.24334427359425E-32,2.28983498828939E-16));
#8909=DIRECTION('',(-1.22460635382239E-16,-1.,2.28983498828939E-16));
#8910=DIRECTION('center_axis',(1.,-5.24334427359425E-32,-2.28983498828939E-16));
#8911=DIRECTION('ref_axis',(5.24334427359425E-32,1.,0.));
#8912=DIRECTION('',(-2.28983498828939E-16,-1.06522863446701E-16,-1.));
#8913=DIRECTION('',(5.20049491518193E-17,0.973868596229247,0.227112212966356));
#8914=DIRECTION('center_axis',(1.,-5.24334427359425E-32,-2.28983498828939E-16));
#8915=DIRECTION('ref_axis',(-2.08005240798215E-46,1.,-2.28983498828939E-16));
#8916=DIRECTION('',(2.28983498828939E-16,2.28983498828939E-16,1.));
#8917=DIRECTION('',(0.,-1.,2.28983498828939E-16));
#8918=DIRECTION('',(-1.61915784801753E-16,-0.707106781186598,-0.707106781186497));
#8919=DIRECTION('',(-2.28983498828939E-16,-2.28983498828939E-16,-1.));
#8920=DIRECTION('center_axis',(1.,-5.24334427359425E-32,-2.28983498828939E-16));
#8921=DIRECTION('ref_axis',(-2.08005240798215E-46,1.,-2.28983498828939E-16));
#8922=DIRECTION('',(-2.28983498828939E-16,-2.28983498828939E-16,-1.));
#8923=DIRECTION('',(-2.28983498828939E-16,-1.06522863446701E-16,-1.));
#8924=DIRECTION('center_axis',(2.80414647586397E-32,1.,-1.06522863446701E-16));
#8925=DIRECTION('ref_axis',(-2.28983498828939E-16,-1.06522863446701E-16,
-1.));
#8926=DIRECTION('',(2.28983498828939E-16,1.06522863446701E-16,1.));
#8927=DIRECTION('',(-1.,5.24334427359425E-32,2.28983498828939E-16));
#8928=DIRECTION('center_axis',(-1.,5.24334427359425E-32,2.28983498828939E-16));
#8929=DIRECTION('ref_axis',(-5.24334427359425E-32,-1.,0.));
#8930=DIRECTION('',(2.28983498828939E-16,2.28983498828939E-16,1.));
#8931=DIRECTION('center_axis',(1.,-5.24334427359425E-32,-2.28983498828939E-16));
#8932=DIRECTION('ref_axis',(-2.08005240798215E-46,1.,-2.28983498828939E-16));
#8933=DIRECTION('',(2.28983498828939E-16,2.28983498828939E-16,1.));
#8934=DIRECTION('',(1.61915784801753E-16,0.707106781186598,0.707106781186497));
#8935=DIRECTION('',(0.,1.,-2.28983498828939E-16));
#8936=DIRECTION('',(-2.28983498828939E-16,-2.28983498828939E-16,-1.));
#8937=DIRECTION('center_axis',(1.,-5.24334427359425E-32,-2.28983498828939E-16));
#8938=DIRECTION('ref_axis',(-2.08005240798215E-46,1.,-2.28983498828939E-16));
#8939=DIRECTION('',(-5.20049491518193E-17,-0.973868596229247,-0.227112212966356));
#8940=DIRECTION('center_axis',(0.,1.,-2.28983498828939E-16));
#8941=DIRECTION('ref_axis',(-2.28983498828939E-16,-2.28983498828939E-16,
-1.));
#8942=DIRECTION('',(1.,-5.24334427359425E-32,-2.28983498828939E-16));
#8943=DIRECTION('center_axis',(1.,-5.24334427359425E-32,-2.28983498828939E-16));
#8944=DIRECTION('ref_axis',(-2.08005240798215E-46,1.,-2.28983498828939E-16));
#8945=DIRECTION('',(1.,-5.24334427359425E-32,-2.28983498828939E-16));
#8946=DIRECTION('center_axis',(0.,1.,-2.28983498828939E-16));
#8947=DIRECTION('ref_axis',(-2.28983498828939E-16,-2.28983498828939E-16,
-1.));
#8948=DIRECTION('',(1.,-5.24334427359425E-32,-2.28983498828939E-16));
#8949=DIRECTION('center_axis',(-1.61915784801776E-16,0.707106781186497,
-0.707106781186598));
#8950=DIRECTION('ref_axis',(-1.61915784801753E-16,-0.707106781186598,-0.707106781186497));
#8951=DIRECTION('',(1.,-5.24334427359425E-32,-2.28983498828939E-16));
#8952=DIRECTION('center_axis',(-2.28983498828939E-16,-2.28983498828939E-16,
-1.));
#8953=DIRECTION('ref_axis',(0.,-1.,2.28983498828939E-16));
#8954=DIRECTION('',(1.,-5.24334427359425E-32,-2.28983498828939E-16));
#8955=DIRECTION('center_axis',(0.,-1.,2.28983498828939E-16));
#8956=DIRECTION('ref_axis',(2.28983498828939E-16,2.28983498828939E-16,1.));
#8957=DIRECTION('',(1.,-5.24334427359425E-32,-2.28983498828939E-16));
#8958=DIRECTION('center_axis',(1.,-5.24334427359425E-32,-2.28983498828939E-16));
#8959=DIRECTION('ref_axis',(-2.08005240798215E-46,1.,-2.28983498828939E-16));
#8960=DIRECTION('',(1.,-5.24334427359425E-32,-2.28983498828939E-16));
#8961=DIRECTION('center_axis',(2.229998385642E-16,-0.227112212966356,0.973868596229247));
#8962=DIRECTION('ref_axis',(5.20049491518193E-17,0.973868596229247,0.227112212966356));
#8963=DIRECTION('center_axis',(1.,-5.24334427359425E-32,-2.28983498828939E-16));
#8964=DIRECTION('ref_axis',(5.24334427359425E-32,1.,0.));
#8965=DIRECTION('',(-2.28983498828939E-16,-1.06522863446701E-16,-1.));
#8966=DIRECTION('',(2.28983498828939E-16,2.28983498828939E-16,1.));
#8967=DIRECTION('center_axis',(1.,-5.24334427359425E-32,-2.28983498828939E-16));
#8968=DIRECTION('ref_axis',(-2.08005240798215E-46,1.,-2.28983498828939E-16));
#8969=DIRECTION('',(-2.28983498828939E-16,-2.28983498828939E-16,-1.));
#8970=DIRECTION('',(-1.61915784801753E-16,-0.707106781186598,-0.707106781186497));
#8971=DIRECTION('',(0.,1.,-2.28983498828939E-16));
#8972=DIRECTION('',(2.28983498828939E-16,2.28983498828939E-16,1.));
#8973=DIRECTION('center_axis',(1.,-5.24334427359425E-32,-2.28983498828939E-16));
#8974=DIRECTION('ref_axis',(-2.08005240798215E-46,1.,-2.28983498828939E-16));
#8975=DIRECTION('',(5.20049491518193E-17,0.973868596229247,0.227112212966356));
#8976=DIRECTION('',(-2.28983498828939E-16,-1.06522863446701E-16,-1.));
#8977=DIRECTION('center_axis',(2.80414647586397E-32,1.,-1.06522863446701E-16));
#8978=DIRECTION('ref_axis',(-2.28983498828939E-16,-1.06522863446701E-16,
-1.));
#8979=DIRECTION('',(1.,-5.24334427359425E-32,-2.28983498828939E-16));
#8980=DIRECTION('',(-1.,5.24334427359425E-32,2.28983498828939E-16));
#8981=DIRECTION('',(-2.28983498828939E-16,-1.06522863446701E-16,-1.));
#8982=DIRECTION('center_axis',(1.,-5.24334427359425E-32,-2.28983498828939E-16));
#8983=DIRECTION('ref_axis',(5.24334427359425E-32,1.,0.));
#8984=DIRECTION('',(5.20049491518193E-17,0.973868596229247,0.227112212966356));
#8985=DIRECTION('center_axis',(1.,-5.24334427359425E-32,-2.28983498828939E-16));
#8986=DIRECTION('ref_axis',(-2.08005240798215E-46,1.,-2.28983498828939E-16));
#8987=DIRECTION('',(2.28983498828939E-16,2.28983498828939E-16,1.));
#8988=DIRECTION('',(0.,-1.,2.28983498828939E-16));
#8989=DIRECTION('',(-1.61915784801753E-16,-0.707106781186598,-0.707106781186497));
#8990=DIRECTION('',(-2.28983498828939E-16,-2.28983498828939E-16,-1.));
#8991=DIRECTION('center_axis',(1.,-5.24334427359425E-32,-2.28983498828939E-16));
#8992=DIRECTION('ref_axis',(-2.08005240798215E-46,1.,-2.28983498828939E-16));
#8993=DIRECTION('',(-2.28983498828939E-16,-2.28983498828939E-16,-1.));
#8994=DIRECTION('',(-2.28983498828939E-16,-1.06522863446701E-16,-1.));
#8995=DIRECTION('center_axis',(2.80414647586397E-32,1.,-1.06522863446701E-16));
#8996=DIRECTION('ref_axis',(-2.28983498828939E-16,-1.06522863446701E-16,
-1.));
#8997=DIRECTION('',(-1.,5.24334427359425E-32,2.28983498828939E-16));
#8998=DIRECTION('',(-0.707106781186552,-1.06404633570505E-16,-0.707106781186543));
#8999=DIRECTION('',(-0.707106781186552,1.06404633570505E-16,0.707106781186543));
#9000=DIRECTION('center_axis',(0.707106781186543,-7.53230390945713E-17,
-0.707106781186552));
#9001=DIRECTION('ref_axis',(-0.707106781186552,6.23130444540118E-16,-0.707106781186543));
#9002=DIRECTION('',(-1.22460635382239E-16,1.,-2.28983498828938E-16));
#9003=DIRECTION('',(-0.216371161203961,-0.952033109297413,-0.216371161203958));
#9004=DIRECTION('center_axis',(-2.28983498828939E-16,-2.28983498828939E-16,
-1.));
#9005=DIRECTION('ref_axis',(0.,-1.,2.28983498828939E-16));
#9006=DIRECTION('',(-1.,5.24334427359425E-32,2.28983498828939E-16));
#9007=DIRECTION('',(-1.,5.24334427359425E-32,2.28983498828939E-16));
#9008=DIRECTION('',(-1.22460635382239E-16,-1.,2.28983498828939E-16));
#9009=DIRECTION('center_axis',(-2.23289333142183E-16,0.221621103588969,
-0.97513285579146));
#9010=DIRECTION('ref_axis',(-5.07475757141327E-17,-0.97513285579146,-0.221621103588969));
#9011=DIRECTION('',(-0.216371161203961,0.952033109297413,0.216371161203958));
#9012=DIRECTION('center_axis',(-0.707106781186543,-7.53230390945712E-17,
-0.707106781186552));
#9013=DIRECTION('ref_axis',(0.707106781186552,6.23130444540118E-16,-0.707106781186543));
#9014=DIRECTION('',(-0.707106781186552,1.06404633570505E-16,0.707106781186543));
#9015=DIRECTION('center_axis',(0.707106781186543,-7.53230390945713E-17,
-0.707106781186552));
#9016=DIRECTION('ref_axis',(-0.707106781186552,6.23130444540118E-16,-0.707106781186543));
#9017=DIRECTION('',(-1.22460635382239E-16,1.,-2.28983498828938E-16));
#9018=DIRECTION('',(-0.216371161203961,-0.952033109297413,-0.216371161203958));
#9019=DIRECTION('',(-0.707106781186552,-1.06404633570505E-16,-0.707106781186543));
#9020=DIRECTION('center_axis',(-2.23289333142183E-16,0.221621103588969,
-0.97513285579146));
#9021=DIRECTION('ref_axis',(-5.07475757141327E-17,-0.97513285579146,-0.221621103588969));
#9022=DIRECTION('',(-1.,5.24334427359425E-32,2.28983498828939E-16));
#9023=DIRECTION('',(-0.216371161203961,0.952033109297413,0.216371161203958));
#9024=DIRECTION('center_axis',(-2.28983498828939E-16,-2.28983498828939E-16,
-1.));
#9025=DIRECTION('ref_axis',(0.,-1.,2.28983498828939E-16));
#9026=DIRECTION('',(-1.,5.24334427359425E-32,2.28983498828939E-16));
#9027=DIRECTION('',(1.,-5.24334427359425E-32,-2.28983498828939E-16));
#9028=DIRECTION('',(-1.,5.24334427359425E-32,2.28983498828939E-16));
#9029=DIRECTION('',(-1.22460635382239E-16,-1.,2.28983498828939E-16));
#9030=DIRECTION('center_axis',(2.80414647586397E-32,1.,-1.06522863446701E-16));
#9031=DIRECTION('ref_axis',(-2.28983498828939E-16,-1.06522863446701E-16,
-1.));
#9032=DIRECTION('',(-2.28983498828939E-16,-1.06522863446701E-16,-1.));
#9033=DIRECTION('center_axis',(1.,-5.24334427359425E-32,-2.28983498828939E-16));
#9034=DIRECTION('ref_axis',(5.24334427359425E-32,1.,0.));
#9035=DIRECTION('',(-2.28983498828939E-16,-1.06522863446701E-16,-1.));
#9036=DIRECTION('',(5.20049491518193E-17,0.973868596229247,0.227112212966356));
#9037=DIRECTION('center_axis',(1.,-5.24334427359425E-32,-2.28983498828939E-16));
#9038=DIRECTION('ref_axis',(-2.08005240798215E-46,1.,-2.28983498828939E-16));
#9039=DIRECTION('',(2.28983498828939E-16,2.28983498828939E-16,1.));
#9040=DIRECTION('',(0.,-1.,2.28983498828939E-16));
#9041=DIRECTION('',(-1.61915784801753E-16,-0.707106781186598,-0.707106781186497));
#9042=DIRECTION('',(-2.28983498828939E-16,-2.28983498828939E-16,-1.));
#9043=DIRECTION('center_axis',(1.,-5.24334427359425E-32,-2.28983498828939E-16));
#9044=DIRECTION('ref_axis',(-2.08005240798215E-46,1.,-2.28983498828939E-16));
#9045=DIRECTION('',(-2.28983498828939E-16,-2.28983498828939E-16,-1.));
#9046=DIRECTION('',(-2.28983498828939E-16,-1.06522863446701E-16,-1.));
#9047=DIRECTION('center_axis',(2.80414647586397E-32,1.,-1.06522863446701E-16));
#9048=DIRECTION('ref_axis',(-2.28983498828939E-16,-1.06522863446701E-16,
-1.));
#9049=DIRECTION('',(-2.28983498828939E-16,-1.06522863446701E-16,-1.));
#9050=DIRECTION('',(-1.,5.24334427359425E-32,2.28983498828939E-16));
#9051=DIRECTION('center_axis',(1.,-5.24334427359425E-32,-2.28983498828939E-16));
#9052=DIRECTION('ref_axis',(5.24334427359425E-32,1.,0.));
#9053=DIRECTION('',(2.28983498828939E-16,2.28983498828939E-16,1.));
#9054=DIRECTION('center_axis',(1.,-5.24334427359425E-32,-2.28983498828939E-16));
#9055=DIRECTION('ref_axis',(-2.08005240798215E-46,1.,-2.28983498828939E-16));
#9056=DIRECTION('',(-2.28983498828939E-16,-2.28983498828939E-16,-1.));
#9057=DIRECTION('',(-1.61915784801753E-16,-0.707106781186598,-0.707106781186497));
#9058=DIRECTION('',(0.,1.,-2.28983498828939E-16));
#9059=DIRECTION('',(2.28983498828939E-16,2.28983498828939E-16,1.));
#9060=DIRECTION('center_axis',(1.,-5.24334427359425E-32,-2.28983498828939E-16));
#9061=DIRECTION('ref_axis',(-2.08005240798215E-46,1.,-2.28983498828939E-16));
#9062=DIRECTION('',(5.20049491518193E-17,0.973868596229247,0.227112212966356));
#9063=DIRECTION('center_axis',(2.80414647586397E-32,1.,-1.06522863446701E-16));
#9064=DIRECTION('ref_axis',(-2.28983498828939E-16,-1.06522863446701E-16,
-1.));
#9065=DIRECTION('',(-2.28983498828939E-16,-1.06522863446701E-16,-1.));
#9066=DIRECTION('',(-1.,5.24334427359425E-32,2.28983498828939E-16));
#9067=DIRECTION('',(-0.707106781186552,-1.06404633570505E-16,-0.707106781186543));
#9068=DIRECTION('',(-0.707106781186552,1.06404633570505E-16,0.707106781186543));
#9069=DIRECTION('center_axis',(1.,-5.24334427359425E-32,-2.28983498828939E-16));
#9070=DIRECTION('ref_axis',(5.24334427359425E-32,1.,0.));
#9071=DIRECTION('',(2.28983498828939E-16,2.28983498828939E-16,1.));
#9072=DIRECTION('center_axis',(1.,-5.24334427359425E-32,-2.28983498828939E-16));
#9073=DIRECTION('ref_axis',(-2.08005240798215E-46,1.,-2.28983498828939E-16));
#9074=DIRECTION('',(-2.28983498828939E-16,-2.28983498828939E-16,-1.));
#9075=DIRECTION('',(-1.61915784801753E-16,-0.707106781186598,-0.707106781186497));
#9076=DIRECTION('',(0.,1.,-2.28983498828939E-16));
#9077=DIRECTION('',(2.28983498828939E-16,2.28983498828939E-16,1.));
#9078=DIRECTION('center_axis',(1.,-5.24334427359425E-32,-2.28983498828939E-16));
#9079=DIRECTION('ref_axis',(-2.08005240798215E-46,1.,-2.28983498828939E-16));
#9080=DIRECTION('',(5.20049491518193E-17,0.973868596229247,0.227112212966356));
#9081=DIRECTION('',(-2.28983498828939E-16,-1.06522863446701E-16,-1.));
#9082=DIRECTION('center_axis',(2.80414647586397E-32,1.,-1.06522863446701E-16));
#9083=DIRECTION('ref_axis',(-2.28983498828939E-16,-1.06522863446701E-16,
-1.));
#9084=DIRECTION('',(1.,-5.24334427359425E-32,-2.28983498828939E-16));
#9085=DIRECTION('',(-1.,5.24334427359425E-32,2.28983498828939E-16));
#9086=DIRECTION('',(-2.28983498828939E-16,-1.06522863446701E-16,-1.));
#9087=DIRECTION('center_axis',(1.,-5.24334427359425E-32,-2.28983498828939E-16));
#9088=DIRECTION('ref_axis',(5.24334427359425E-32,1.,0.));
#9089=DIRECTION('',(5.20049491518193E-17,0.973868596229247,0.227112212966356));
#9090=DIRECTION('center_axis',(1.,-5.24334427359425E-32,-2.28983498828939E-16));
#9091=DIRECTION('ref_axis',(-2.08005240798215E-46,1.,-2.28983498828939E-16));
#9092=DIRECTION('',(2.28983498828939E-16,2.28983498828939E-16,1.));
#9093=DIRECTION('',(0.,-1.,2.28983498828939E-16));
#9094=DIRECTION('',(-1.61915784801753E-16,-0.707106781186598,-0.707106781186497));
#9095=DIRECTION('',(-2.28983498828939E-16,-2.28983498828939E-16,-1.));
#9096=DIRECTION('center_axis',(1.,-5.24334427359425E-32,-2.28983498828939E-16));
#9097=DIRECTION('ref_axis',(-2.08005240798215E-46,1.,-2.28983498828939E-16));
#9098=DIRECTION('',(-2.28983498828939E-16,-2.28983498828939E-16,-1.));
#9099=DIRECTION('',(-2.28983498828939E-16,-1.06522863446701E-16,-1.));
#9100=DIRECTION('center_axis',(0.707106781186543,-7.53230390945713E-17,
-0.707106781186552));
#9101=DIRECTION('ref_axis',(-0.707106781186552,6.23130444540118E-16,-0.707106781186543));
#9102=DIRECTION('',(-1.22460635382239E-16,1.,-2.28983498828938E-16));
#9103=DIRECTION('',(-0.216371161203961,-0.952033109297413,-0.216371161203958));
#9104=DIRECTION('center_axis',(-2.28983498828939E-16,-2.28983498828939E-16,
-1.));
#9105=DIRECTION('ref_axis',(0.,-1.,2.28983498828939E-16));
#9106=DIRECTION('',(-1.,5.24334427359425E-32,2.28983498828939E-16));
#9107=DIRECTION('',(-1.,5.24334427359425E-32,2.28983498828939E-16));
#9108=DIRECTION('',(-1.22460635382239E-16,-1.,2.28983498828939E-16));
#9109=DIRECTION('center_axis',(-2.23289333142183E-16,0.221621103588969,
-0.97513285579146));
#9110=DIRECTION('ref_axis',(-5.07475757141327E-17,-0.97513285579146,-0.221621103588969));
#9111=DIRECTION('',(-0.216371161203961,0.952033109297413,0.216371161203958));
#9112=DIRECTION('center_axis',(-0.707106781186543,-7.53230390945712E-17,
-0.707106781186552));
#9113=DIRECTION('ref_axis',(0.707106781186552,6.23130444540118E-16,-0.707106781186543));
#9114=DIRECTION('',(-0.707106781186552,1.06404633570505E-16,0.707106781186543));
#9115=DIRECTION('center_axis',(0.707106781186543,-7.53230390945713E-17,
-0.707106781186552));
#9116=DIRECTION('ref_axis',(-0.707106781186552,6.23130444540118E-16,-0.707106781186543));
#9117=DIRECTION('',(-1.22460635382239E-16,1.,-2.28983498828938E-16));
#9118=DIRECTION('',(-0.216371161203961,-0.952033109297413,-0.216371161203958));
#9119=DIRECTION('',(-0.707106781186552,-1.06404633570505E-16,-0.707106781186543));
#9120=DIRECTION('center_axis',(-2.23289333142183E-16,0.221621103588969,
-0.97513285579146));
#9121=DIRECTION('ref_axis',(-5.07475757141327E-17,-0.97513285579146,-0.221621103588969));
#9122=DIRECTION('',(-1.,5.24334427359425E-32,2.28983498828939E-16));
#9123=DIRECTION('',(-0.216371161203961,0.952033109297413,0.216371161203958));
#9124=DIRECTION('center_axis',(-2.28983498828939E-16,-2.28983498828939E-16,
-1.));
#9125=DIRECTION('ref_axis',(0.,-1.,2.28983498828939E-16));
#9126=DIRECTION('',(-1.,5.24334427359425E-32,2.28983498828939E-16));
#9127=DIRECTION('',(1.,-5.24334427359425E-32,-2.28983498828939E-16));
#9128=DIRECTION('',(-1.22460635382239E-16,-1.,2.28983498828939E-16));
#9129=DIRECTION('center_axis',(2.80414647586397E-32,1.,-1.06522863446701E-16));
#9130=DIRECTION('ref_axis',(-2.28983498828939E-16,-1.06522863446701E-16,
-1.));
#9131=DIRECTION('',(-2.28983498828939E-16,-1.06522863446701E-16,-1.));
#9132=DIRECTION('center_axis',(2.80414647586397E-32,1.,-1.06522863446701E-16));
#9133=DIRECTION('ref_axis',(-2.28983498828939E-16,-1.06522863446701E-16,
-1.));
#9134=DIRECTION('',(-2.28983498828939E-16,-1.06522863446701E-16,-1.));
#9135=DIRECTION('',(-1.,5.24334427359425E-32,2.28983498828939E-16));
#9136=DIRECTION('center_axis',(1.,-5.24334427359425E-32,-2.28983498828939E-16));
#9137=DIRECTION('ref_axis',(5.24334427359425E-32,1.,0.));
#9138=DIRECTION('',(2.28983498828939E-16,2.28983498828939E-16,1.));
#9139=DIRECTION('center_axis',(1.,-5.24334427359425E-32,-2.28983498828939E-16));
#9140=DIRECTION('ref_axis',(-2.08005240798215E-46,1.,-2.28983498828939E-16));
#9141=DIRECTION('',(-2.28983498828939E-16,-2.28983498828939E-16,-1.));
#9142=DIRECTION('',(-1.61915784801753E-16,-0.707106781186598,-0.707106781186497));
#9143=DIRECTION('',(0.,1.,-2.28983498828939E-16));
#9144=DIRECTION('',(2.28983498828939E-16,2.28983498828939E-16,1.));
#9145=DIRECTION('center_axis',(1.,-5.24334427359425E-32,-2.28983498828939E-16));
#9146=DIRECTION('ref_axis',(-2.08005240798215E-46,1.,-2.28983498828939E-16));
#9147=DIRECTION('',(5.20049491518193E-17,0.973868596229247,0.227112212966356));
#9148=DIRECTION('center_axis',(2.229998385642E-16,-0.227112212966356,0.973868596229247));
#9149=DIRECTION('ref_axis',(5.20049491518193E-17,0.973868596229247,0.227112212966356));
#9150=DIRECTION('',(1.,-5.24334427359425E-32,-2.28983498828939E-16));
#9151=DIRECTION('center_axis',(1.,-5.24334427359425E-32,-2.28983498828939E-16));
#9152=DIRECTION('ref_axis',(-2.08005240798215E-46,1.,-2.28983498828939E-16));
#9153=DIRECTION('',(1.,-5.24334427359425E-32,-2.28983498828939E-16));
#9154=DIRECTION('center_axis',(0.,-1.,2.28983498828939E-16));
#9155=DIRECTION('ref_axis',(2.28983498828939E-16,2.28983498828939E-16,1.));
#9156=DIRECTION('',(1.,-5.24334427359425E-32,-2.28983498828939E-16));
#9157=DIRECTION('center_axis',(-2.28983498828939E-16,-2.28983498828939E-16,
-1.));
#9158=DIRECTION('ref_axis',(0.,-1.,2.28983498828939E-16));
#9159=DIRECTION('',(1.,-5.24334427359425E-32,-2.28983498828939E-16));
#9160=DIRECTION('center_axis',(-1.61915784801776E-16,0.707106781186497,
-0.707106781186598));
#9161=DIRECTION('ref_axis',(-1.61915784801753E-16,-0.707106781186598,-0.707106781186497));
#9162=DIRECTION('',(1.,-5.24334427359425E-32,-2.28983498828939E-16));
#9163=DIRECTION('center_axis',(0.,1.,-2.28983498828939E-16));
#9164=DIRECTION('ref_axis',(-2.28983498828939E-16,-2.28983498828939E-16,
-1.));
#9165=DIRECTION('',(1.,-5.24334427359425E-32,-2.28983498828939E-16));
#9166=DIRECTION('center_axis',(1.,-5.24334427359425E-32,-2.28983498828939E-16));
#9167=DIRECTION('ref_axis',(-2.08005240798215E-46,1.,-2.28983498828939E-16));
#9168=DIRECTION('',(1.,-5.24334427359425E-32,-2.28983498828939E-16));
#9169=DIRECTION('center_axis',(0.,1.,-2.28983498828939E-16));
#9170=DIRECTION('ref_axis',(-2.28983498828939E-16,-2.28983498828939E-16,
-1.));
#9171=DIRECTION('center_axis',(-0.707106781186543,-7.53230390945712E-17,
-0.707106781186552));
#9172=DIRECTION('ref_axis',(0.707106781186552,6.23130444540118E-16,-0.707106781186543));
#9173=DIRECTION('center_axis',(0.,1.,-2.28983498828939E-16));
#9174=DIRECTION('ref_axis',(-2.28983498828939E-16,-2.28983498828939E-16,
-1.));
#9175=DIRECTION('',(1.,-5.24334427359425E-32,-2.28983498828939E-16));
#9176=DIRECTION('center_axis',(1.,-5.24334427359425E-32,-2.28983498828939E-16));
#9177=DIRECTION('ref_axis',(-2.08005240798215E-46,1.,-2.28983498828939E-16));
#9178=DIRECTION('',(1.,-5.24334427359425E-32,-2.28983498828939E-16));
#9179=DIRECTION('center_axis',(0.,1.,-2.28983498828939E-16));
#9180=DIRECTION('ref_axis',(-2.28983498828939E-16,-2.28983498828939E-16,
-1.));
#9181=DIRECTION('',(1.,-5.24334427359425E-32,-2.28983498828939E-16));
#9182=DIRECTION('center_axis',(-1.61915784801776E-16,0.707106781186497,
-0.707106781186598));
#9183=DIRECTION('ref_axis',(-1.61915784801753E-16,-0.707106781186598,-0.707106781186497));
#9184=DIRECTION('',(1.,-5.24334427359425E-32,-2.28983498828939E-16));
#9185=DIRECTION('center_axis',(-2.28983498828939E-16,-2.28983498828939E-16,
-1.));
#9186=DIRECTION('ref_axis',(0.,-1.,2.28983498828939E-16));
#9187=DIRECTION('',(1.,-5.24334427359425E-32,-2.28983498828939E-16));
#9188=DIRECTION('center_axis',(0.,-1.,2.28983498828939E-16));
#9189=DIRECTION('ref_axis',(2.28983498828939E-16,2.28983498828939E-16,1.));
#9190=DIRECTION('',(1.,-5.24334427359425E-32,-2.28983498828939E-16));
#9191=DIRECTION('center_axis',(1.,-5.24334427359425E-32,-2.28983498828939E-16));
#9192=DIRECTION('ref_axis',(-2.08005240798215E-46,1.,-2.28983498828939E-16));
#9193=DIRECTION('',(1.,-5.24334427359425E-32,-2.28983498828939E-16));
#9194=DIRECTION('center_axis',(2.229998385642E-16,-0.227112212966356,0.973868596229247));
#9195=DIRECTION('ref_axis',(5.20049491518193E-17,0.973868596229247,0.227112212966356));
#9196=DIRECTION('center_axis',(0.,1.,-2.28983498828939E-16));
#9197=DIRECTION('ref_axis',(-2.28983498828939E-16,-2.28983498828939E-16,
-1.));
#9198=DIRECTION('',(1.,-5.24334427359425E-32,-2.28983498828939E-16));
#9199=DIRECTION('center_axis',(1.,-5.24334427359425E-32,-2.28983498828939E-16));
#9200=DIRECTION('ref_axis',(-2.08005240798215E-46,1.,-2.28983498828939E-16));
#9201=DIRECTION('',(1.,-5.24334427359425E-32,-2.28983498828939E-16));
#9202=DIRECTION('center_axis',(0.,1.,-2.28983498828939E-16));
#9203=DIRECTION('ref_axis',(-2.28983498828939E-16,-2.28983498828939E-16,
-1.));
#9204=DIRECTION('',(1.,-5.24334427359425E-32,-2.28983498828939E-16));
#9205=DIRECTION('center_axis',(-1.61915784801776E-16,0.707106781186497,
-0.707106781186598));
#9206=DIRECTION('ref_axis',(-1.61915784801753E-16,-0.707106781186598,-0.707106781186497));
#9207=DIRECTION('',(1.,-5.24334427359425E-32,-2.28983498828939E-16));
#9208=DIRECTION('center_axis',(-2.28983498828939E-16,-2.28983498828939E-16,
-1.));
#9209=DIRECTION('ref_axis',(0.,-1.,2.28983498828939E-16));
#9210=DIRECTION('',(1.,-5.24334427359425E-32,-2.28983498828939E-16));
#9211=DIRECTION('center_axis',(0.,-1.,2.28983498828939E-16));
#9212=DIRECTION('ref_axis',(2.28983498828939E-16,2.28983498828939E-16,1.));
#9213=DIRECTION('',(1.,-5.24334427359425E-32,-2.28983498828939E-16));
#9214=DIRECTION('center_axis',(1.,-5.24334427359425E-32,-2.28983498828939E-16));
#9215=DIRECTION('ref_axis',(-2.08005240798215E-46,1.,-2.28983498828939E-16));
#9216=DIRECTION('',(1.,-5.24334427359425E-32,-2.28983498828939E-16));
#9217=DIRECTION('center_axis',(2.229998385642E-16,-0.227112212966356,0.973868596229247));
#9218=DIRECTION('ref_axis',(5.20049491518193E-17,0.973868596229247,0.227112212966356));
#9219=DIRECTION('center_axis',(-0.707106781186543,-7.53230390945712E-17,
-0.707106781186552));
#9220=DIRECTION('ref_axis',(0.707106781186552,6.23130444540118E-16,-0.707106781186543));
#9221=DIRECTION('center_axis',(0.,1.,-2.28983498828939E-16));
#9222=DIRECTION('ref_axis',(-2.28983498828939E-16,-2.28983498828939E-16,
-1.));
#9223=DIRECTION('',(1.,-5.24334427359425E-32,-2.28983498828939E-16));
#9224=DIRECTION('center_axis',(1.,-5.24334427359425E-32,-2.28983498828939E-16));
#9225=DIRECTION('ref_axis',(-2.08005240798215E-46,1.,-2.28983498828939E-16));
#9226=DIRECTION('',(1.,-5.24334427359425E-32,-2.28983498828939E-16));
#9227=DIRECTION('center_axis',(0.,1.,-2.28983498828939E-16));
#9228=DIRECTION('ref_axis',(-2.28983498828939E-16,-2.28983498828939E-16,
-1.));
#9229=DIRECTION('',(1.,-5.24334427359425E-32,-2.28983498828939E-16));
#9230=DIRECTION('center_axis',(-1.61915784801776E-16,0.707106781186497,
-0.707106781186598));
#9231=DIRECTION('ref_axis',(-1.61915784801753E-16,-0.707106781186598,-0.707106781186497));
#9232=DIRECTION('',(1.,-5.24334427359425E-32,-2.28983498828939E-16));
#9233=DIRECTION('center_axis',(-2.28983498828939E-16,-2.28983498828939E-16,
-1.));
#9234=DIRECTION('ref_axis',(0.,-1.,2.28983498828939E-16));
#9235=DIRECTION('',(1.,-5.24334427359425E-32,-2.28983498828939E-16));
#9236=DIRECTION('center_axis',(0.,-1.,2.28983498828939E-16));
#9237=DIRECTION('ref_axis',(2.28983498828939E-16,2.28983498828939E-16,1.));
#9238=DIRECTION('',(1.,-5.24334427359425E-32,-2.28983498828939E-16));
#9239=DIRECTION('center_axis',(1.,-5.24334427359425E-32,-2.28983498828939E-16));
#9240=DIRECTION('ref_axis',(-2.08005240798215E-46,1.,-2.28983498828939E-16));
#9241=DIRECTION('',(1.,-5.24334427359425E-32,-2.28983498828939E-16));
#9242=DIRECTION('center_axis',(2.229998385642E-16,-0.227112212966356,0.973868596229247));
#9243=DIRECTION('ref_axis',(5.20049491518193E-17,0.973868596229247,0.227112212966356));
#9244=DIRECTION('center_axis',(-0.707106781186543,-7.53230390945712E-17,
-0.707106781186552));
#9245=DIRECTION('ref_axis',(0.707106781186552,6.23130444540118E-16,-0.707106781186543));
#9246=DIRECTION('center_axis',(0.707106781186543,-7.53230390945713E-17,
-0.707106781186552));
#9247=DIRECTION('ref_axis',(-0.707106781186552,6.23130444540118E-16,-0.707106781186543));
#9248=DIRECTION('',(-1.22460635382239E-16,1.,-2.28983498828938E-16));
#9249=DIRECTION('',(-0.216371161203961,-0.952033109297413,-0.216371161203958));
#9250=DIRECTION('',(-0.707106781186552,-1.06404633570505E-16,-0.707106781186543));
#9251=DIRECTION('center_axis',(-2.23289333142183E-16,0.221621103588969,
-0.97513285579146));
#9252=DIRECTION('ref_axis',(-5.07475757141327E-17,-0.97513285579146,-0.221621103588969));
#9253=DIRECTION('',(-1.,5.24334427359425E-32,2.28983498828939E-16));
#9254=DIRECTION('center_axis',(-2.28983498828939E-16,-2.28983498828939E-16,
-1.));
#9255=DIRECTION('ref_axis',(0.,-1.,2.28983498828939E-16));
#9256=DIRECTION('',(-1.,5.24334427359425E-32,2.28983498828939E-16));
#9257=DIRECTION('',(-1.,5.24334427359425E-32,2.28983498828939E-16));
#9258=DIRECTION('center_axis',(2.80414647586397E-32,1.,-1.06522863446701E-16));
#9259=DIRECTION('ref_axis',(-2.28983498828939E-16,-1.06522863446701E-16,
-1.));
#9260=DIRECTION('center_axis',(2.80414647586397E-32,1.,-1.06522863446701E-16));
#9261=DIRECTION('ref_axis',(-2.28983498828939E-16,-1.06522863446701E-16,
-1.));
#9262=DIRECTION('center_axis',(1.,-5.24334427359425E-32,-2.28983498828939E-16));
#9263=DIRECTION('ref_axis',(5.24334427359425E-32,1.,0.));
#9264=CARTESIAN_POINT('',(0.,0.,0.));
#9265=CARTESIAN_POINT('Origin',(-4.85,0.949999999999999,0.675));
#9266=CARTESIAN_POINT('',(-4.8,0.899999999999998,1.));
#9267=CARTESIAN_POINT('',(-4.9,1.,1.));
#9268=CARTESIAN_POINT('',(12.,-15.9,1.));
#9269=CARTESIAN_POINT('',(-4.8,0.899999999999999,0.840000000000011));
#9270=CARTESIAN_POINT('',(-4.8,0.899999999999999,0.841614000000001));
#9271=CARTESIAN_POINT('',(-4.8,0.899999999999999,0.31));
#9272=CARTESIAN_POINT('',(-4.8,0.899999999999999,0.841614000000001));
#9273=CARTESIAN_POINT('',(-4.9,1.,0.310000000000001));
#9274=CARTESIAN_POINT('',(3.,-6.9,0.309999999999999));
#9275=CARTESIAN_POINT('',(-4.9,0.999999999999999,0.841614000000001));
#9276=CARTESIAN_POINT('Origin',(-3.75,0.899999999999999,0.290000000000001));
#9277=CARTESIAN_POINT('',(-4.77,0.899999999999999,0.840000000000011));
#9278=CARTESIAN_POINT('',(-4.77,0.899999999999999,0.310000000000001));
#9279=CARTESIAN_POINT('',(-4.77,0.899999999999999,0.841614000000001));
#9280=CARTESIAN_POINT('',(-5.5,0.899999999999999,0.310000000000001));
#9281=CARTESIAN_POINT('',(-5.5,0.899999999999999,0.840000000000011));
#9282=CARTESIAN_POINT('Origin',(-4.745,1.60372431776126,0.915000000000001));
#9283=CARTESIAN_POINT('',(-4.72,0.51,0.940000000000001));
#9284=CARTESIAN_POINT('',(-4.72,1.9,0.940000000000001));
#9285=CARTESIAN_POINT('',(-4.72,0.694862999999998,0.940000000000002));
#9286=CARTESIAN_POINT('',(-4.77,1.9,0.890000000000002));
#9287=CARTESIAN_POINT('',(-4.818386,1.9,0.841614));
#9288=CARTESIAN_POINT('',(-4.77,0.460000000000001,0.890000000000001));
#9289=CARTESIAN_POINT('',(-4.77,0.694862999999998,0.890000000000002));
#9290=CARTESIAN_POINT('Origin',(-4.77,0.51,0.890000000000001));
#9291=CARTESIAN_POINT('Origin',(-4.77,1.04560231776126,-0.794708));
#9292=CARTESIAN_POINT('',(-4.77,0.460000000000001,0.840000000000011));
#9293=CARTESIAN_POINT('',(-4.77,0.460000000000001,0.841614000000001));
#9294=CARTESIAN_POINT('',(-4.77,1.9,0.6));
#9295=CARTESIAN_POINT('',(-4.77,1.9,0.841614));
#9296=CARTESIAN_POINT('',(-4.77,1.65,0.47));
#9297=CARTESIAN_POINT('',(-4.77,0.694862999999998,-0.0266712400000007));
#9298=CARTESIAN_POINT('',(-4.77,1.65,0.31));
#9299=CARTESIAN_POINT('',(-4.77,1.65,0.841614));
#9300=CARTESIAN_POINT('',(-4.77,1.,0.310000000000001));
#9301=CARTESIAN_POINT('',(-4.77,1.04560231776126,0.310000000000001));
#9302=CARTESIAN_POINT('',(-4.77,0.694862999999998,0.310000000000001));
#9303=CARTESIAN_POINT('',(-4.77,0.694862999999998,0.840000000000011));
#9304=CARTESIAN_POINT('Origin',(-3.075,0.849999999999999,0.0550000000000002));
#9305=CARTESIAN_POINT('',(-3.1,0.999999999999999,0.0800000000000001));
#9306=CARTESIAN_POINT('',(-3.1,0.919999999999999,0.0800000000000003));
#9307=CARTESIAN_POINT('',(-3.1,0.694862999999999,0.0800000000000003));
#9308=CARTESIAN_POINT('',(-3.05,0.999999999999999,0.0299999999999986));
#9309=CARTESIAN_POINT('',(-18.5,1.,15.4799999999998));
#9310=CARTESIAN_POINT('',(-3.05,0.699999999999999,0.0300000000000001));
#9311=CARTESIAN_POINT('',(-3.05,0.694862999999999,0.0300000000000001));
#9312=CARTESIAN_POINT('',(-3.0488325,0.694862999999998,0.0288324999999997));
#9313=CARTESIAN_POINT('Origin',(-2.325,0.949999999999987,0.036195489112462));
#9314=CARTESIAN_POINT('',(-2.325,0.919999999999987,0.036195489112462));
#9315=CARTESIAN_POINT('',(-2.175,0.919999999999987,0.0361954891124619));
#9316=CARTESIAN_POINT('',(-2.325,0.919999999999987,0.036195489112462));
#9317=CARTESIAN_POINT('',(-2.175,0.943186633610997,0.0654115469993394));
#9318=CARTESIAN_POINT('Origin',(-2.175,0.949999999999987,0.036195489112462));
#9319=CARTESIAN_POINT('',(-2.325,0.943186633610997,0.0654115469993394));
#9320=CARTESIAN_POINT('',(-2.325,0.943186633610997,0.0654115469993394));
#9321=CARTESIAN_POINT('Origin',(-2.325,0.949999999999987,0.036195489112462));
#9322=CARTESIAN_POINT('Origin',(-4.8,0.694862999999999,0.841614000000001));
#9323=CARTESIAN_POINT('',(-4.8,-0.0200000000000007,1.));
#9324=CARTESIAN_POINT('',(-4.8,0.694862999999999,1.));
#9325=CARTESIAN_POINT('',(-4.8,-0.0200000000000007,0.840000000000011));
#9326=CARTESIAN_POINT('',(-4.8,-0.0200000000000011,0.841614000000001));
#9327=CARTESIAN_POINT('',(-4.8,0.694862999999998,0.840000000000011));
#9328=CARTESIAN_POINT('Origin',(-5.,0.999999999999999,0.0800000000000004));
#9329=CARTESIAN_POINT('',(-5.,-0.800000000000001,0.0800000000000006));
#9330=CARTESIAN_POINT('',(-5.,1.,0.0800000000000004));
#9331=CARTESIAN_POINT('',(-5.,1.744235,0.0800000000000004));
#9332=CARTESIAN_POINT('',(-4.4525,1.,0.0800000000000003));
#9333=CARTESIAN_POINT('',(12.,0.999999999999999,0.0799999999999965));
#9334=CARTESIAN_POINT('',(-4.4525,-0.800000000000001,0.0800000000000005));
#9335=CARTESIAN_POINT('',(-4.4525,-1.9,0.0800000000000006));
#9336=CARTESIAN_POINT('',(-4.6025,-0.800000000000001,0.0800000000000006));
#9337=CARTESIAN_POINT('Origin',(0.250000000000003,0.510000000000001,0.89));
#9338=CARTESIAN_POINT('',(4.72,0.510000000000001,0.939999999999998));
#9339=CARTESIAN_POINT('',(9.75,0.510000000000001,0.939999999999997));
#9340=CARTESIAN_POINT('',(4.77,0.460000000000001,0.889999999999999));
#9341=CARTESIAN_POINT('',(0.250000000000003,0.460000000000001,0.89));
#9342=CARTESIAN_POINT('Origin',(4.77,0.51,0.889999999999998));
#9343=CARTESIAN_POINT('Origin',(-2.8375,0.919999999999999,0.0800000000000002));
#9344=CARTESIAN_POINT('',(-2.55,0.7,0.03));
#9345=CARTESIAN_POINT('',(-2.95,0.699999999999999,0.0300000000000001));
#9346=CARTESIAN_POINT('',(-0.499999999999999,0.7,0.0299999999999996));
#9347=CARTESIAN_POINT('',(-2.9,0.919999999999999,0.0800000000000003));
#9348=CARTESIAN_POINT('',(-2.9511675,0.694862999999998,0.0288324999999997));
#9349=CARTESIAN_POINT('',(-2.6,0.919999999999999,0.0800000000000002));
#9350=CARTESIAN_POINT('',(-18.5,0.919999999999999,0.0800000000000038));
#9351=CARTESIAN_POINT('',(-2.5488325,0.694862999999998,0.0288324999999996));
#9352=CARTESIAN_POINT('Origin',(-2.825,0.949999999999987,0.0361954891124621));
#9353=CARTESIAN_POINT('',(-2.825,0.919999999999987,0.0361954891124621));
#9354=CARTESIAN_POINT('',(-2.675,0.919999999999987,0.036195489112462));
#9355=CARTESIAN_POINT('',(-2.825,0.919999999999987,0.0361954891124621));
#9356=CARTESIAN_POINT('',(-2.675,0.943186633610997,0.0654115469993395));
#9357=CARTESIAN_POINT('Origin',(-2.675,0.949999999999987,0.0361954891124621));
#9358=CARTESIAN_POINT('',(-2.825,0.943186633610997,0.0654115469993395));
#9359=CARTESIAN_POINT('',(-2.825,0.943186633610997,0.0654115469993395));
#9360=CARTESIAN_POINT('Origin',(-2.825,0.949999999999987,0.0361954891124621));
#9361=CARTESIAN_POINT('Origin',(-2.325,0.919999999999986,2.22044604925031E-16));
#9362=CARTESIAN_POINT('',(-2.325,0.919999999999986,2.22044604925031E-16));
#9363=CARTESIAN_POINT('',(-2.325,0.919999999999986,2.22044604925031E-16));
#9364=CARTESIAN_POINT('',(-2.175,0.919999999999986,2.22044604925031E-16));
#9365=CARTESIAN_POINT('',(-2.325,0.919999999999986,2.22044604925031E-16));
#9366=CARTESIAN_POINT('',(-2.175,0.919999999999986,0.841614));
#9367=CARTESIAN_POINT('Origin',(3.425,0.85,0.0549999999999984));
#9368=CARTESIAN_POINT('',(3.4,1.,0.0799999999999983));
#9369=CARTESIAN_POINT('',(3.4,0.92,0.0799999999999985));
#9370=CARTESIAN_POINT('',(3.4,0.694862999999999,0.0799999999999985));
#9371=CARTESIAN_POINT('',(3.45,1.,0.0299999999999964));
#9372=CARTESIAN_POINT('',(-12.,1.,15.4799999999998));
#9373=CARTESIAN_POINT('',(3.45,0.7,0.0299999999999984));
#9374=CARTESIAN_POINT('',(3.45,0.694862999999999,0.0299999999999984));
#9375=CARTESIAN_POINT('',(3.4511675,0.694862999999998,0.0288324999999979));
#9376=CARTESIAN_POINT('Origin',(-2.8375,0.999999999999999,0.0800000000000001));
#9377=CARTESIAN_POINT('',(-2.9,0.999999999999999,0.0800000000000011));
#9378=CARTESIAN_POINT('',(-2.9,0.694862999999999,0.0800000000000003));
#9379=CARTESIAN_POINT('',(-2.825,0.999999999999999,0.0800000000000001));
#9380=CARTESIAN_POINT('',(-18.5,0.999999999999999,0.0800000000000036));
#9381=CARTESIAN_POINT('',(-2.675,0.999999999999999,0.0800000000000001));
#9382=CARTESIAN_POINT('',(2.5,0.999999999999999,0.0799999999999989));
#9383=CARTESIAN_POINT('',(-2.6,1.,0.08));
#9384=CARTESIAN_POINT('',(-18.5,1.,0.0800000000000036));
#9385=CARTESIAN_POINT('',(-2.6,0.694862999999999,0.0800000000000002));
#9386=CARTESIAN_POINT('Origin',(1.325,1.,0.309999999999999));
#9387=CARTESIAN_POINT('',(-3.825,1.,0.31));
#9388=CARTESIAN_POINT('',(-3.825,1.,0.0800000000000003));
#9389=CARTESIAN_POINT('',(-3.825,1.,0.841614));
#9390=CARTESIAN_POINT('',(-3.9,0.999999999999999,0.0799999999999969));
#9391=CARTESIAN_POINT('',(12.,0.999999999999999,0.0799999999999966));
#9392=CARTESIAN_POINT('',(-3.95,0.999999999999999,0.0299999999999988));
#9393=CARTESIAN_POINT('',(12.,1.,15.9799999999998));
#9394=CARTESIAN_POINT('',(-4.4525,1.,0.0300000000000004));
#9395=CARTESIAN_POINT('',(12.,0.999999999999999,0.0299999999999966));
#9396=CARTESIAN_POINT('',(-4.4525,0.999999999999999,0.841614));
#9397=CARTESIAN_POINT('',(-5.,1.,1.));
#9398=CARTESIAN_POINT('',(-5.,0.999999999999999,0.841614000000001));
#9399=CARTESIAN_POINT('',(12.,0.999999999999999,0.999999999999997));
#9400=CARTESIAN_POINT('',(12.,0.999999999999999,0.309999999999997));
#9401=CARTESIAN_POINT('',(3.,1.,0.309999999999999));
#9402=CARTESIAN_POINT('Origin',(-3.675,1.24577907539775,0.170500231015466));
#9403=CARTESIAN_POINT('',(-3.675,1.,0.0800000000000003));
#9404=CARTESIAN_POINT('',(-3.675,1.,0.0786607773540654));
#9405=CARTESIAN_POINT('',(-3.675,1.,0.841614));
#9406=CARTESIAN_POINT('',(-3.675,0.943186633610997,0.0654115469993397));
#9407=CARTESIAN_POINT('',(-3.675,0.943186633610997,0.0654115469993397));
#9408=CARTESIAN_POINT('',(-3.675,0.919999999999987,0.0361954891124623));
#9409=CARTESIAN_POINT('Origin',(-3.675,0.949999999999987,0.0361954891124623));
#9410=CARTESIAN_POINT('',(-3.675,0.919999999999986,5.55111512312578E-16));
#9411=CARTESIAN_POINT('',(-3.675,0.919999999999986,5.55111512312578E-16));
#9412=CARTESIAN_POINT('',(-3.675,1.24999999999999,4.44089209850063E-16));
#9413=CARTESIAN_POINT('',(-3.675,0.919999999999986,5.55111512312578E-16));
#9414=CARTESIAN_POINT('',(-3.675,1.29999999999999,0.050000000000001));
#9415=CARTESIAN_POINT('',(-3.675,1.29999999999999,0.0500000000000012));
#9416=CARTESIAN_POINT('',(-3.675,1.29999999999999,0.11));
#9417=CARTESIAN_POINT('',(-3.675,1.29999999999999,0.11));
#9418=CARTESIAN_POINT('',(-3.675,1.35,0.160000000000001));
#9419=CARTESIAN_POINT('Origin',(-3.675,1.35,0.11));
#9420=CARTESIAN_POINT('',(-3.675,1.35,0.31));
#9421=CARTESIAN_POINT('',(-3.675,1.35,0.310000000000003));
#9422=CARTESIAN_POINT('',(-3.675,1.,0.31));
#9423=CARTESIAN_POINT('',(-3.675,0.694862999999998,0.31));
#9424=CARTESIAN_POINT('',(-3.675,1.,0.841614));
#9425=CARTESIAN_POINT('Origin',(-3.675,1.,0.0786607773540654));
#9426=CARTESIAN_POINT('',(3.,1.,0.0799999999999987));
#9427=CARTESIAN_POINT('',(-3.825,1.,0.0786607773540654));
#9428=CARTESIAN_POINT('',(-3.825,1.,0.841614));
#9429=CARTESIAN_POINT('',(3.,1.,0.078660777354064));
#9430=CARTESIAN_POINT('Origin',(-3.825,3.62470223605639,-0.833697738615906));
#9431=CARTESIAN_POINT('',(-3.825,1.35,0.160000000000001));
#9432=CARTESIAN_POINT('',(-3.825,1.35,0.31));
#9433=CARTESIAN_POINT('',(-3.825,1.35,0.310000000000003));
#9434=CARTESIAN_POINT('',(-3.825,1.29999999999999,0.11));
#9435=CARTESIAN_POINT('Origin',(-3.825,1.35,0.11));
#9436=CARTESIAN_POINT('',(-3.825,1.29999999999999,0.0500000000000013));
#9437=CARTESIAN_POINT('',(-3.825,1.29999999999999,0.11));
#9438=CARTESIAN_POINT('',(-3.825,1.24999999999999,7.7715611723761E-16));
#9439=CARTESIAN_POINT('',(-3.825,1.29999999999999,0.0500000000000012));
#9440=CARTESIAN_POINT('',(-3.825,0.919999999999986,5.55111512312578E-16));
#9441=CARTESIAN_POINT('',(-3.825,0.919999999999986,5.55111512312578E-16));
#9442=CARTESIAN_POINT('',(-3.825,0.919999999999987,0.0361954891124623));
#9443=CARTESIAN_POINT('',(-3.825,0.919999999999986,5.55111512312578E-16));
#9444=CARTESIAN_POINT('',(-3.825,0.943186633610997,0.0654115469993397));
#9445=CARTESIAN_POINT('Origin',(-3.825,0.949999999999987,0.0361954891124623));
#9446=CARTESIAN_POINT('',(-3.825,0.943186633610997,0.0654115469993397));
#9447=CARTESIAN_POINT('',(-3.825,0.694862999999998,0.31));
#9448=CARTESIAN_POINT('Origin',(1.325,1.,0.309999999999999));
#9449=CARTESIAN_POINT('',(-3.325,1.,0.31));
#9450=CARTESIAN_POINT('',(-3.325,1.,0.0800000000000002));
#9451=CARTESIAN_POINT('',(-3.325,1.,0.841614));
#9452=CARTESIAN_POINT('',(-3.4,0.999999999999999,0.0800000000000003));
#9453=CARTESIAN_POINT('',(-19.,1.,0.0800000000000037));
#9454=CARTESIAN_POINT('',(-3.45,0.999999999999999,0.0300000000000022));
#9455=CARTESIAN_POINT('',(-19.,0.999999999999998,-15.5199999999998));
#9456=CARTESIAN_POINT('',(-3.55,1.,0.0299999999999969));
#9457=CARTESIAN_POINT('',(-19.,1.,0.0300000000000037));
#9458=CARTESIAN_POINT('',(-3.6,1.,0.0800000000000003));
#9459=CARTESIAN_POINT('',(-19.,1.,15.4799999999998));
#9460=CARTESIAN_POINT('',(12.,0.999999999999999,0.0799999999999966));
#9461=CARTESIAN_POINT('',(3.,1.,0.309999999999999));
#9462=CARTESIAN_POINT('Origin',(-3.175,3.62470223605639,-0.833697738615906));
#9463=CARTESIAN_POINT('',(-3.175,0.999999999999999,0.0800000000000002));
#9464=CARTESIAN_POINT('',(-3.175,1.,0.0786607773540653));
#9465=CARTESIAN_POINT('',(-3.175,1.,0.841614));
#9466=CARTESIAN_POINT('',(-3.175,0.943186633610997,0.0654115469993396));
#9467=CARTESIAN_POINT('',(-3.175,0.694862999999998,0.00750093135816665));
#9468=CARTESIAN_POINT('',(-3.175,0.919999999999987,0.0361954891124622));
#9469=CARTESIAN_POINT('Origin',(-3.175,0.949999999999987,0.0361954891124622));
#9470=CARTESIAN_POINT('',(-3.175,0.919999999999986,4.44089209850063E-16));
#9471=CARTESIAN_POINT('',(-3.175,0.919999999999986,0.841614));
#9472=CARTESIAN_POINT('',(-3.175,1.24999999999999,3.33066907387547E-16));
#9473=CARTESIAN_POINT('',(-3.175,0.694862999999998,4.44089209850063E-16));
#9474=CARTESIAN_POINT('',(-3.175,1.29999999999999,0.050000000000001));
#9475=CARTESIAN_POINT('',(-3.175,0.694862999999998,-0.55513699999991));
#9476=CARTESIAN_POINT('',(-3.175,1.3,0.11));
#9477=CARTESIAN_POINT('',(-3.175,1.3,0.841614));
#9478=CARTESIAN_POINT('',(-3.175,1.35,0.16));
#9479=CARTESIAN_POINT('Origin',(-3.175,1.35,0.11));
#9480=CARTESIAN_POINT('',(-3.175,1.35,0.31));
#9481=CARTESIAN_POINT('',(-3.175,1.35,0.841614));
#9482=CARTESIAN_POINT('',(-3.175,0.999999999999999,0.31));
#9483=CARTESIAN_POINT('',(-3.175,0.694862999999998,0.31));
#9484=CARTESIAN_POINT('',(-3.175,0.999999999999999,0.841614));
#9485=CARTESIAN_POINT('Origin',(-3.325,1.35,0.310000000000003));
#9486=CARTESIAN_POINT('',(-3.325,1.35,0.31));
#9487=CARTESIAN_POINT('',(-0.499999999999999,1.35,0.309999999999999));
#9488=CARTESIAN_POINT('',(-3.325,1.35,0.16));
#9489=CARTESIAN_POINT('',(-3.325,1.35,0.16));
#9490=CARTESIAN_POINT('',(-3.325,1.35,0.310000000000003));
#9491=CARTESIAN_POINT('Origin',(-3.175,1.,0.0786607773540653));
#9492=CARTESIAN_POINT('',(3.,1.,0.0799999999999987));
#9493=CARTESIAN_POINT('',(-3.325,1.,0.0786607773540653));
#9494=CARTESIAN_POINT('',(-3.325,1.,0.841614));
#9495=CARTESIAN_POINT('',(3.,1.,0.078660777354064));
#9496=CARTESIAN_POINT('Origin',(-3.325,1.24577907539775,0.170500231015466));
#9497=CARTESIAN_POINT('',(-3.325,0.694862999999998,0.31));
#9498=CARTESIAN_POINT('',(-3.325,1.3,0.11));
#9499=CARTESIAN_POINT('Origin',(-3.325,1.35,0.11));
#9500=CARTESIAN_POINT('',(-3.325,1.29999999999999,0.0500000000000009));
#9501=CARTESIAN_POINT('',(-3.325,1.29999999999999,0.11));
#9502=CARTESIAN_POINT('',(-3.325,1.24999999999999,3.33066907387547E-16));
#9503=CARTESIAN_POINT('',(-3.325,1.29999999999999,0.050000000000001));
#9504=CARTESIAN_POINT('',(-3.325,0.919999999999986,4.44089209850063E-16));
#9505=CARTESIAN_POINT('',(-3.325,0.919999999999986,4.44089209850063E-16));
#9506=CARTESIAN_POINT('',(-3.325,0.919999999999987,0.0361954891124622));
#9507=CARTESIAN_POINT('',(-3.325,0.919999999999986,4.44089209850063E-16));
#9508=CARTESIAN_POINT('',(-3.325,0.943186633610997,0.0654115469993396));
#9509=CARTESIAN_POINT('Origin',(-3.325,0.949999999999987,0.0361954891124622));
#9510=CARTESIAN_POINT('',(-3.325,0.943186633610997,0.0654115469993396));
#9511=CARTESIAN_POINT('Origin',(-3.325,0.943186633610997,0.0654115469993396));
#9512=CARTESIAN_POINT('',(-3.325,0.943186633610997,0.0654115469993396));
#9513=CARTESIAN_POINT('Origin',(-3.325,0.949999999999987,0.0361954891124622));
#9514=CARTESIAN_POINT('',(-3.325,0.919999999999987,0.0361954891124622));
#9515=CARTESIAN_POINT('Origin',(-3.325,0.919999999999986,4.44089209850063E-16));
#9516=CARTESIAN_POINT('',(-3.325,0.919999999999986,4.44089209850063E-16));
#9517=CARTESIAN_POINT('Origin',(-3.325,1.24999999999999,3.33066907387547E-16));
#9518=CARTESIAN_POINT('',(-3.325,1.24999999999999,3.33066907387547E-16));
#9519=CARTESIAN_POINT('Origin',(-3.325,1.29999999999999,0.050000000000001));
#9520=CARTESIAN_POINT('',(-3.325,1.29999999999999,0.050000000000001));
#9521=CARTESIAN_POINT('Origin',(-3.325,1.29999999999999,0.11));
#9522=CARTESIAN_POINT('',(-3.325,1.3,0.11));
#9523=CARTESIAN_POINT('Origin',(-3.325,1.35,0.11));
#9524=CARTESIAN_POINT('Origin',(-4.285,-1.8,1.05));
#9525=CARTESIAN_POINT('',(-4.285,-1.8,0.174074074074073));
#9526=CARTESIAN_POINT('',(-4.285,-1.63,0.300000000000001));
#9527=CARTESIAN_POINT('',(-4.285,0.694862999999998,2.02212074074074));
#9528=CARTESIAN_POINT('',(-4.285,-1.2,0.300000000000001));
#9529=CARTESIAN_POINT('',(-4.285,0.694862999999998,0.3));
#9530=CARTESIAN_POINT('',(-4.285,-0.700000000000003,0.33));
#9531=CARTESIAN_POINT('',(-4.285,0.694862999999998,0.41369178));
#9532=CARTESIAN_POINT('',(-4.285,-0.600000000000001,0.330000000000001));
#9533=CARTESIAN_POINT('',(-4.285,0.694862999999998,0.33));
#9534=CARTESIAN_POINT('',(-4.285,-0.600000000000001,0.690000000000001));
#9535=CARTESIAN_POINT('',(-4.285,-0.600000000000001,0.40284733529208));
#9536=CARTESIAN_POINT('',(-4.285,-0.700000000000001,0.690000000000001));
#9537=CARTESIAN_POINT('',(-4.285,0.074936230420637,0.690000000000001));
#9538=CARTESIAN_POINT('',(-4.285,-1.1,0.720000000000001));
#9539=CARTESIAN_POINT('',(-4.285,-0.7,0.690000000000001));
#9540=CARTESIAN_POINT('',(-4.285,-1.65,0.720000000000001));
#9541=CARTESIAN_POINT('',(-4.285,-1.2,0.720000000000001));
#9542=CARTESIAN_POINT('',(-4.285,-1.8,0.920000000000003));
#9543=CARTESIAN_POINT('',(-4.285,-1.7412105,0.841614000000001));
#9544=CARTESIAN_POINT('',(-4.285,-1.8,0.841614000000001));
#9545=CARTESIAN_POINT('Origin',(-4.4775,-1.35,0.155000000000001));
#9546=CARTESIAN_POINT('',(-4.5025,-0.800000000000001,0.180000000000001));
#9547=CARTESIAN_POINT('',(-4.5025,-1.85,0.18));
#9548=CARTESIAN_POINT('',(-4.5025,0.074936230420637,0.18));
#9549=CARTESIAN_POINT('',(-4.4525,-0.800000000000001,0.130000000000001));
#9550=CARTESIAN_POINT('',(-4.6025,-0.800000000000001,0.280000000000001));
#9551=CARTESIAN_POINT('',(-4.4525,-1.9,0.130000000000006));
#9552=CARTESIAN_POINT('',(-4.4525,0.074936230420637,0.13));
#9553=CARTESIAN_POINT('',(-7.04736299999998,0.694862999999999,2.72486299999998));
#9554=CARTESIAN_POINT('Origin',(-2.825,1.29999999999999,0.11));
#9555=CARTESIAN_POINT('',(-2.825,1.29999999999999,0.11));
#9556=CARTESIAN_POINT('',(-2.675,1.29999999999999,0.11));
#9557=CARTESIAN_POINT('',(-2.825,1.29999999999999,0.11));
#9558=CARTESIAN_POINT('',(-2.675,1.29999999999999,0.0500000000000009));
#9559=CARTESIAN_POINT('',(-2.675,1.29999999999999,0.841614));
#9560=CARTESIAN_POINT('',(-2.825,1.29999999999999,0.0500000000000008));
#9561=CARTESIAN_POINT('',(-2.825,1.29999999999999,0.0500000000000009));
#9562=CARTESIAN_POINT('',(-2.825,1.29999999999999,0.11));
#9563=CARTESIAN_POINT('Origin',(8.285,-1.65,0.719999999999997));
#9564=CARTESIAN_POINT('',(4.285,-1.8,0.919999999999998));
#9565=CARTESIAN_POINT('',(8.5,-1.8,0.919999999999997));
#9566=CARTESIAN_POINT('',(4.285,-1.65,0.719999999999998));
#9567=CARTESIAN_POINT('',(-14.5,-1.65,0.720000000000003));
#9568=CARTESIAN_POINT('',(4.285,-1.7412105,0.841613999999999));
#9569=CARTESIAN_POINT('Origin',(8.085,-0.600000000000001,0.329999999999997));
#9570=CARTESIAN_POINT('',(4.285,-0.700000000000003,0.329999999999998));
#9571=CARTESIAN_POINT('',(4.285,-0.700000000000001,0.329999999999998));
#9572=CARTESIAN_POINT('',(4.285,-0.600000000000001,0.329999999999998));
#9573=CARTESIAN_POINT('',(4.285,0.694862999999998,0.329999999999998));
#9574=CARTESIAN_POINT('',(1.,-0.600000000000001,0.33));
#9575=CARTESIAN_POINT('Origin',(-4.5275,-1.825,0.615000000000001));
#9576=CARTESIAN_POINT('',(-4.6025,-1.75,1.));
#9577=CARTESIAN_POINT('',(-4.4525,-1.9,1.));
#9578=CARTESIAN_POINT('',(-7.04736299999998,0.694862999999999,1.));
#9579=CARTESIAN_POINT('',(-4.6025,-1.75,0.180000000000001));
#9580=CARTESIAN_POINT('',(-4.6025,-1.75,0.615000000000001));
#9581=CARTESIAN_POINT('',(-7.04736299999998,0.694862999999999,0.180000000000001));
#9582=CARTESIAN_POINT('',(-4.4525,-1.9,0.615000000000001));
#9583=CARTESIAN_POINT('Origin',(-4.4525,-1.9,0.0300000000000006));
#9584=CARTESIAN_POINT('',(-4.4525,-0.800000000000001,0.40284733529208));
#9585=CARTESIAN_POINT('',(-4.4525,-1.9,0.0300000000000007));
#9586=CARTESIAN_POINT('',(-4.4525,0.694862999999999,0.0300000000000005));
#9587=CARTESIAN_POINT('',(-4.4525,-1.9,0.40284733529208));
#9588=CARTESIAN_POINT('Origin',(-3.3375,0.999999999999999,0.0800000000000002));
#9589=CARTESIAN_POINT('',(-3.4,0.919999999999999,0.0800000000000004));
#9590=CARTESIAN_POINT('',(-19.,0.919999999999999,0.080000000000004));
#9591=CARTESIAN_POINT('',(-3.4,0.694862999999999,0.0800000000000004));
#9592=CARTESIAN_POINT('',(-19.,0.999999999999999,0.0800000000000037));
#9593=CARTESIAN_POINT('Origin',(-2.825,1.35,0.310000000000002));
#9594=CARTESIAN_POINT('',(-2.825,1.35,0.31));
#9595=CARTESIAN_POINT('',(-2.675,1.35,0.31));
#9596=CARTESIAN_POINT('',(7.7715611723761E-16,1.35,0.309999999999999));
#9597=CARTESIAN_POINT('',(-2.675,1.35,0.16));
#9598=CARTESIAN_POINT('',(-2.675,1.35,0.841614));
#9599=CARTESIAN_POINT('',(-2.825,1.35,0.16));
#9600=CARTESIAN_POINT('',(-2.825,1.35,0.16));
#9601=CARTESIAN_POINT('',(-2.825,1.35,0.310000000000002));
#9602=CARTESIAN_POINT('Origin',(-0.824999999999999,0.919999999999986,-1.11022302462516E-16));
#9603=CARTESIAN_POINT('',(-0.824999999999999,0.919999999999986,-1.11022302462516E-16));
#9604=CARTESIAN_POINT('',(-0.824999999999999,0.919999999999987,0.0361954891124616));
#9605=CARTESIAN_POINT('',(-0.824999999999999,0.919999999999986,-1.11022302462516E-16));
#9606=CARTESIAN_POINT('',(-0.674999999999998,0.919999999999986,-2.22044604925031E-16));
#9607=CARTESIAN_POINT('',(-0.824999999999999,0.919999999999986,-1.11022302462516E-16));
#9608=CARTESIAN_POINT('',(-0.674999999999998,0.919999999999987,0.0361954891124616));
#9609=CARTESIAN_POINT('',(-0.674999999999998,0.919999999999986,0.841614));
#9610=CARTESIAN_POINT('',(-0.824999999999999,0.919999999999987,0.0361954891124616));
#9611=CARTESIAN_POINT('Origin',(-2.675,0.999999999999999,0.0786607773540652));
#9612=CARTESIAN_POINT('',(-2.825,0.999999999999999,0.0786607773540652));
#9613=CARTESIAN_POINT('',(-2.825,0.999999999999999,0.841614));
#9614=CARTESIAN_POINT('',(-2.675,0.999999999999999,0.0786607773540652));
#9615=CARTESIAN_POINT('',(2.5,0.999999999999999,0.0786607773540641));
#9616=CARTESIAN_POINT('',(-2.675,0.999999999999999,0.841614));
#9617=CARTESIAN_POINT('Origin',(4.335,-1.85,0.574999999999999));
#9618=CARTESIAN_POINT('',(4.285,-1.8,0.174074074074073));
#9619=CARTESIAN_POINT('',(4.385,-1.9,0.0999999999999982));
#9620=CARTESIAN_POINT('',(1.79013700000001,0.694862999999998,2.02212074074073));
#9621=CARTESIAN_POINT('',(4.385,-1.9,0.999999999999999));
#9622=CARTESIAN_POINT('',(4.385,-1.9,0.574999999999999));
#9623=CARTESIAN_POINT('',(4.285,-1.8,0.999999999999999));
#9624=CARTESIAN_POINT('',(1.79013700000001,0.694862999999998,0.999999999999999));
#9625=CARTESIAN_POINT('',(4.285,-1.8,0.841613999999999));
#9626=CARTESIAN_POINT('',(4.285,-1.8,0.841613999999999));
#9627=CARTESIAN_POINT('Origin',(3.825,1.,0.0786607773540633));
#9628=CARTESIAN_POINT('',(3.675,1.,0.0799999999999982));
#9629=CARTESIAN_POINT('',(3.825,1.,0.0799999999999982));
#9630=CARTESIAN_POINT('',(5.5,1.,0.0799999999999979));
#9631=CARTESIAN_POINT('',(3.675,1.,0.0786607773540633));
#9632=CARTESIAN_POINT('',(3.675,1.,0.841613999999998));
#9633=CARTESIAN_POINT('',(3.825,1.,0.0786607773540633));
#9634=CARTESIAN_POINT('',(5.5,1.,0.0786607773540631));
#9635=CARTESIAN_POINT('',(3.825,1.,0.841613999999998));
#9636=CARTESIAN_POINT('Origin',(-4.8,-0.800000000000001,0.18));
#9637=CARTESIAN_POINT('',(-5.,-0.800000000000001,0.18));
#9638=CARTESIAN_POINT('',(-4.6025,-0.800000000000002,0.180000000000001));
#9639=CARTESIAN_POINT('',(-5.,-0.800000000000001,0.18));
#9640=CARTESIAN_POINT('',(-4.6025,-1.,0.33));
#9641=CARTESIAN_POINT('',(-4.6025,0.694862999999998,-0.94114725));
#9642=CARTESIAN_POINT('',(-5.,-1.,0.33));
#9643=CARTESIAN_POINT('',(-5.5,-1.,0.330000000000001));
#9644=CARTESIAN_POINT('',(-5.,-0.800000000000001,0.18));
#9645=CARTESIAN_POINT('Origin',(-0.324999999999999,0.949999999999987,0.0361954891124615));
#9646=CARTESIAN_POINT('',(-0.324999999999999,0.919999999999987,0.0361954891124615));
#9647=CARTESIAN_POINT('',(-0.174999999999998,0.919999999999987,0.0361954891124615));
#9648=CARTESIAN_POINT('',(-0.324999999999999,0.919999999999987,0.0361954891124615));
#9649=CARTESIAN_POINT('',(-0.174999999999998,0.943186633610997,0.0654115469993388));
#9650=CARTESIAN_POINT('Origin',(-0.174999999999998,0.949999999999987,0.0361954891124614));
#9651=CARTESIAN_POINT('',(-0.324999999999999,0.943186633610997,0.0654115469993389));
#9652=CARTESIAN_POINT('',(-0.324999999999999,0.943186633610997,0.0654115469993389));
#9653=CARTESIAN_POINT('Origin',(-0.324999999999999,0.949999999999987,0.0361954891124615));
#9654=CARTESIAN_POINT('Origin',(-4.43367832868971,-0.800000000000001,0.556369515364619));
#9655=CARTESIAN_POINT('',(-4.6025,-0.800000000000001,0.180000000000001));
#9656=CARTESIAN_POINT('',(-5.,-0.800000000000001,1.258386));
#9657=CARTESIAN_POINT('Origin',(-2.825,1.24999999999999,2.22044604925031E-16));
#9658=CARTESIAN_POINT('',(-2.825,1.24999999999999,2.22044604925031E-16));
#9659=CARTESIAN_POINT('',(-2.675,1.24999999999999,2.22044604925031E-16));
#9660=CARTESIAN_POINT('',(-2.825,1.24999999999999,2.22044604925031E-16));
#9661=CARTESIAN_POINT('',(-2.675,0.919999999999986,3.33066907387547E-16));
#9662=CARTESIAN_POINT('',(-2.675,0.694862999999998,3.33066907387547E-16));
#9663=CARTESIAN_POINT('',(-2.825,0.919999999999986,3.33066907387547E-16));
#9664=CARTESIAN_POINT('',(-2.825,0.919999999999986,3.33066907387547E-16));
#9665=CARTESIAN_POINT('',(-2.825,0.919999999999986,3.33066907387547E-16));
#9666=CARTESIAN_POINT('Origin',(-4.4525,-1.9,0.180000000000001));
#9667=CARTESIAN_POINT('',(-4.6025,0.694862999999999,0.180000000000001));
#9668=CARTESIAN_POINT('Origin',(-3.825,1.35,0.310000000000003));
#9669=CARTESIAN_POINT('',(-5.5,1.35,0.310000000000001));
#9670=CARTESIAN_POINT('',(-3.825,1.35,0.160000000000001));
#9671=CARTESIAN_POINT('Origin',(-4.8,0.289999999999999,0.310000000000001));
#9672=CARTESIAN_POINT('Origin',(-3.825,0.943186633610997,0.0654115469993397));
#9673=CARTESIAN_POINT('',(-3.675,0.943186633610997,0.0654115469993397));
#9674=CARTESIAN_POINT('Origin',(-3.675,0.949999999999987,0.0361954891124623));
#9675=CARTESIAN_POINT('',(-3.675,0.919999999999987,0.0361954891124623));
#9676=CARTESIAN_POINT('Origin',(-3.675,0.919999999999986,5.55111512312578E-16));
#9677=CARTESIAN_POINT('',(-3.825,0.919999999999986,5.55111512312578E-16));
#9678=CARTESIAN_POINT('Origin',(-3.825,1.24999999999999,4.44089209850063E-16));
#9679=CARTESIAN_POINT('',(-3.675,1.24999999999999,4.44089209850063E-16));
#9680=CARTESIAN_POINT('Origin',(-3.675,1.29999999999999,0.0500000000000012));
#9681=CARTESIAN_POINT('',(-3.675,1.29999999999999,0.0500000000000012));
#9682=CARTESIAN_POINT('Origin',(-3.675,1.29999999999999,0.11));
#9683=CARTESIAN_POINT('',(-3.675,1.29999999999999,0.11));
#9684=CARTESIAN_POINT('Origin',(-3.675,1.35,0.11));
#9685=CARTESIAN_POINT('Origin',(-2.925,0.849999999999999,0.0550000000000002));
#9686=CARTESIAN_POINT('',(-2.95,0.999999999999999,0.030000000000003));
#9687=CARTESIAN_POINT('',(-2.95,0.694862999999999,0.0300000000000001));
#9688=CARTESIAN_POINT('',(-18.5,0.999999999999997,-15.5199999999998));
#9689=CARTESIAN_POINT('Origin',(-0.324999999999999,0.919999999999986,-2.22044604925031E-16));
#9690=CARTESIAN_POINT('',(-0.324999999999999,0.919999999999986,-2.22044604925031E-16));
#9691=CARTESIAN_POINT('',(-0.324999999999999,0.919999999999986,-2.22044604925031E-16));
#9692=CARTESIAN_POINT('',(-0.174999999999998,0.919999999999986,-3.33066907387547E-16));
#9693=CARTESIAN_POINT('',(-0.324999999999999,0.919999999999986,-2.22044604925031E-16));
#9694=CARTESIAN_POINT('',(-0.174999999999998,0.919999999999986,0.841613999999999));
#9695=CARTESIAN_POINT('Origin',(-4.335,-1.85,0.575000000000001));
#9696=CARTESIAN_POINT('',(-4.385,-1.9,0.100000000000001));
#9697=CARTESIAN_POINT('',(-1.79013700000001,0.694862999999998,2.02212074074074));
#9698=CARTESIAN_POINT('',(-4.285,-1.8,1.));
#9699=CARTESIAN_POINT('',(-4.285,-1.8,0.841614000000001));
#9700=CARTESIAN_POINT('',(-4.385,-1.9,1.));
#9701=CARTESIAN_POINT('',(-1.79013700000001,0.694862999999998,1.));
#9702=CARTESIAN_POINT('',(-4.385,-1.9,0.575000000000001));
#9703=CARTESIAN_POINT('Origin',(-2.825,0.943186633610997,0.0654115469993395));
#9704=CARTESIAN_POINT('',(-2.675,0.694862999999998,0.00750093135816654));
#9705=CARTESIAN_POINT('',(-2.825,0.943186633610997,0.0654115469993395));
#9706=CARTESIAN_POINT('Origin',(-4.6025,0.0749362304206369,0.40284733529208));
#9707=CARTESIAN_POINT('',(-4.6025,-1.,1.));
#9708=CARTESIAN_POINT('',(-4.6025,0.694862999999999,1.));
#9709=CARTESIAN_POINT('',(-4.6025,-1.,0.841614000000001));
#9710=CARTESIAN_POINT('Origin',(-4.8,-1.,0.330000000000001));
#9711=CARTESIAN_POINT('',(-5.,-1.,1.));
#9712=CARTESIAN_POINT('',(12.,-1.,0.999999999999997));
#9713=CARTESIAN_POINT('',(-5.,-1.,0.841614000000001));
#9714=CARTESIAN_POINT('',(-4.615,-1.,0.510000000000001));
#9715=CARTESIAN_POINT('',(-4.615,-1.,0.820000000000001));
#9716=CARTESIAN_POINT('',(-4.615,-1.,0.841614000000001));
#9717=CARTESIAN_POINT('',(-4.765,-1.,0.510000000000001));
#9718=CARTESIAN_POINT('',(3.,-1.,0.51));
#9719=CARTESIAN_POINT('',(-4.765,-1.,0.820000000000001));
#9720=CARTESIAN_POINT('',(-4.765,-1.,0.841614000000001));
#9721=CARTESIAN_POINT('',(3.,-1.,0.819999999999999));
#9722=CARTESIAN_POINT('Origin',(-4.765,-1.15,0.0678271361313585));
#9723=CARTESIAN_POINT('',(-4.765,-1.1,0.0678271361313585));
#9724=CARTESIAN_POINT('',(-4.765,-1.14777996931896,0.017876445808048));
#9725=CARTESIAN_POINT('Origin',(-4.765,-1.15,0.0678271361313585));
#9726=CARTESIAN_POINT('',(-4.615,-1.1,0.0678271361313585));
#9727=CARTESIAN_POINT('',(-4.765,-1.1,0.0678271361313585));
#9728=CARTESIAN_POINT('',(-4.615,-1.14777996931896,0.017876445808048));
#9729=CARTESIAN_POINT('Origin',(-4.615,-1.15,0.0678271361313585));
#9730=CARTESIAN_POINT('',(-4.765,-1.14777996931896,0.017876445808048));
#9731=CARTESIAN_POINT('Origin',(-4.765,-1.14777996931896,0.017876445808048));
#9732=CARTESIAN_POINT('',(-4.765,-1.55,5.55111512312578E-16));
#9733=CARTESIAN_POINT('',(-4.765,-1.55,5.55111512312578E-16));
#9734=CARTESIAN_POINT('',(-4.615,-1.55,5.55111512312578E-16));
#9735=CARTESIAN_POINT('',(-4.615,-1.55,5.55111512312578E-16));
#9736=CARTESIAN_POINT('',(-4.765,-1.55,5.55111512312578E-16));
#9737=CARTESIAN_POINT('Origin',(-4.765,-1.55,5.55111512312578E-16));
#9738=CARTESIAN_POINT('',(-4.765,-1.6,0.0500000000000013));
#9739=CARTESIAN_POINT('',(-4.765,-1.6,0.0500000000000013));
#9740=CARTESIAN_POINT('',(-4.615,-1.6,0.0500000000000013));
#9741=CARTESIAN_POINT('',(-4.615,-1.6,0.0500000000000013));
#9742=CARTESIAN_POINT('',(-4.765,-1.6,0.0500000000000013));
#9743=CARTESIAN_POINT('Origin',(-4.765,-1.6,0.0500000000000013));
#9744=CARTESIAN_POINT('',(-4.765,-1.6,0.120000000000001));
#9745=CARTESIAN_POINT('',(-4.765,-1.6,0.0500000000000013));
#9746=CARTESIAN_POINT('',(-4.615,-1.6,0.120000000000001));
#9747=CARTESIAN_POINT('',(-4.615,-1.6,0.0500000000000013));
#9748=CARTESIAN_POINT('',(-4.765,-1.6,0.120000000000001));
#9749=CARTESIAN_POINT('Origin',(-4.765,-1.65,0.120000000000001));
#9750=CARTESIAN_POINT('',(-4.765,-1.65,0.17));
#9751=CARTESIAN_POINT('Origin',(-4.765,-1.65,0.120000000000001));
#9752=CARTESIAN_POINT('',(-4.615,-1.65,0.17));
#9753=CARTESIAN_POINT('Origin',(-4.615,-1.65,0.120000000000001));
#9754=CARTESIAN_POINT('',(-4.765,-1.65,0.17));
#9755=CARTESIAN_POINT('Origin',(-4.765,-1.65,0.17));
#9756=CARTESIAN_POINT('',(-4.765,-1.82499999999999,0.17));
#9757=CARTESIAN_POINT('',(-4.765,-1.65,0.17));
#9758=CARTESIAN_POINT('',(-4.615,-1.82499999999999,0.17));
#9759=CARTESIAN_POINT('',(-4.615,-1.65,0.17));
#9760=CARTESIAN_POINT('',(-4.765,-1.82499999999999,0.17));
#9761=CARTESIAN_POINT('Origin',(-4.765,-1.82499999999999,0.17));
#9762=CARTESIAN_POINT('',(-4.765,-1.82499999999999,0.370000000000001));
#9763=CARTESIAN_POINT('',(-4.765,-1.82499999999999,0.370000000000001));
#9764=CARTESIAN_POINT('',(-4.615,-1.82499999999999,0.370000000000001));
#9765=CARTESIAN_POINT('',(-4.615,-1.82499999999999,0.370000000000001));
#9766=CARTESIAN_POINT('',(-4.765,-1.82499999999999,0.370000000000001));
#9767=CARTESIAN_POINT('Origin',(-4.765,-1.82499999999999,0.370000000000001));
#9768=CARTESIAN_POINT('',(-4.765,-1.79999999999998,0.370000000000001));
#9769=CARTESIAN_POINT('',(-4.765,-1.79999999999998,0.370000000000001));
#9770=CARTESIAN_POINT('',(-4.615,-1.79999999999998,0.370000000000001));
#9771=CARTESIAN_POINT('',(-4.615,-1.79999999999998,0.370000000000001));
#9772=CARTESIAN_POINT('',(-4.765,-1.79999999999998,0.370000000000001));
#9773=CARTESIAN_POINT('Origin',(-4.765,-1.79999999999998,0.420000000000001));
#9774=CARTESIAN_POINT('',(-4.765,-1.74999999999999,0.420000000000001));
#9775=CARTESIAN_POINT('Origin',(-4.765,-1.79999999999998,0.420000000000001));
#9776=CARTESIAN_POINT('',(-4.615,-1.74999999999999,0.420000000000001));
#9777=CARTESIAN_POINT('Origin',(-4.615,-1.79999999999998,0.420000000000001));
#9778=CARTESIAN_POINT('',(-4.765,-1.74999999999999,0.420000000000001));
#9779=CARTESIAN_POINT('Origin',(-4.765,-1.74999999999999,0.420000000000001));
#9780=CARTESIAN_POINT('',(-4.765,-1.74999999999999,0.470000000000002));
#9781=CARTESIAN_POINT('',(-4.765,-1.74999999999999,0.420000000000001));
#9782=CARTESIAN_POINT('',(-4.615,-1.74999999999999,0.470000000000002));
#9783=CARTESIAN_POINT('',(-4.615,-1.74999999999999,0.420000000000001));
#9784=CARTESIAN_POINT('',(-4.765,-1.74999999999999,0.470000000000002));
#9785=CARTESIAN_POINT('Origin',(-4.765,-1.79999999999998,0.470000000000002));
#9786=CARTESIAN_POINT('',(-4.765,-1.79999999999998,0.520000000000002));
#9787=CARTESIAN_POINT('Origin',(-4.765,-1.79999999999998,0.470000000000002));
#9788=CARTESIAN_POINT('',(-4.615,-1.79999999999998,0.520000000000002));
#9789=CARTESIAN_POINT('Origin',(-4.615,-1.79999999999998,0.470000000000002));
#9790=CARTESIAN_POINT('',(-4.765,-1.79999999999998,0.520000000000002));
#9791=CARTESIAN_POINT('Origin',(-4.765,-1.79999999999998,0.520000000000002));
#9792=CARTESIAN_POINT('',(-4.765,-1.9,0.520000000000001));
#9793=CARTESIAN_POINT('',(-4.765,-1.9,0.520000000000002));
#9794=CARTESIAN_POINT('',(-4.615,-1.9,0.520000000000001));
#9795=CARTESIAN_POINT('',(-4.615,-1.9,0.520000000000002));
#9796=CARTESIAN_POINT('',(-4.765,-1.9,0.520000000000001));
#9797=CARTESIAN_POINT('Origin',(-4.765,-1.9,0.520000000000001));
#9798=CARTESIAN_POINT('',(-4.765,-1.9,0.820000000000001));
#9799=CARTESIAN_POINT('',(-4.765,-1.9,0.520000000000002));
#9800=CARTESIAN_POINT('',(-4.615,-1.9,0.820000000000001));
#9801=CARTESIAN_POINT('',(-4.615,-1.9,0.520000000000002));
#9802=CARTESIAN_POINT('',(-4.765,-1.9,0.820000000000001));
#9803=CARTESIAN_POINT('Origin',(-4.765,-1.1,0.460000000000002));
#9804=CARTESIAN_POINT('',(-4.765,-1.1,0.460000000000001));
#9805=CARTESIAN_POINT('',(-4.765,-1.1,0.841614000000001));
#9806=CARTESIAN_POINT('',(-4.615,-1.1,0.460000000000001));
#9807=CARTESIAN_POINT('',(-4.765,-1.1,0.460000000000001));
#9808=CARTESIAN_POINT('',(-4.615,-1.1,0.841614000000001));
#9809=CARTESIAN_POINT('Origin',(-4.765,-1.9,0.820000000000001));
#9810=CARTESIAN_POINT('',(-4.765,0.694862999999998,0.820000000000001));
#9811=CARTESIAN_POINT('',(-4.615,0.694862999999998,0.820000000000001));
#9812=CARTESIAN_POINT('Origin',(-4.615,-1.464196,0.375201000000001));
#9813=CARTESIAN_POINT('',(-4.615,-1.05,0.510000000000001));
#9814=CARTESIAN_POINT('Origin',(-4.615,-1.05,0.460000000000001));
#9815=CARTESIAN_POINT('',(-4.615,0.694862999999998,0.51));
#9816=CARTESIAN_POINT('Origin',(-4.765,-1.464196,0.375201000000002));
#9817=CARTESIAN_POINT('',(-4.765,-1.05,0.510000000000001));
#9818=CARTESIAN_POINT('',(-4.765,0.694862999999998,0.51));
#9819=CARTESIAN_POINT('Origin',(-4.765,-1.05,0.460000000000001));
#9820=CARTESIAN_POINT('Origin',(-4.765,-1.1,0.510000000000001));
#9821=CARTESIAN_POINT('',(-4.61494,-1.05,0.509999999999999));
#9822=CARTESIAN_POINT('Origin',(-4.765,-1.05,0.460000000000001));
#9823=CARTESIAN_POINT('Origin',(-5.,0.694862999999999,0.841614000000001));
#9824=CARTESIAN_POINT('',(-5.,0.694862999999999,1.));
#9825=CARTESIAN_POINT('Origin',(-3.925,0.849999999999999,0.0550000000000004));
#9826=CARTESIAN_POINT('',(-3.9,0.919999999999999,0.0800000000000005));
#9827=CARTESIAN_POINT('',(-3.9,0.694862999999999,0.0800000000000005));
#9828=CARTESIAN_POINT('',(-3.95,0.699999999999999,0.0300000000000002));
#9829=CARTESIAN_POINT('',(-3.9511675,0.694862999999999,0.0288325));
#9830=CARTESIAN_POINT('',(-3.95,0.694862999999999,0.0300000000000004));
#9831=CARTESIAN_POINT('Origin',(-3.8375,0.919999999999999,0.0800000000000004));
#9832=CARTESIAN_POINT('',(-3.6,0.919999999999999,0.0800000000000004));
#9833=CARTESIAN_POINT('',(-19.5,0.919999999999999,0.0800000000000041));
#9834=CARTESIAN_POINT('',(-3.55,0.7,0.0300000000000002));
#9835=CARTESIAN_POINT('',(-3.5488325,0.694862999999998,0.0288324999999998));
#9836=CARTESIAN_POINT('',(12.,0.7,0.0299999999999967));
#9837=CARTESIAN_POINT('Origin',(-3.575,0.85,0.0550000000000003));
#9838=CARTESIAN_POINT('',(-3.6,0.694862999999999,0.0800000000000004));
#9839=CARTESIAN_POINT('',(-3.55,0.694862999999999,0.0300000000000002));
#9840=CARTESIAN_POINT('Origin',(-3.6625,0.999999999999999,0.0800000000000003));
#9841=CARTESIAN_POINT('Origin',(-3.3375,0.919999999999999,0.0800000000000003));
#9842=CARTESIAN_POINT('',(-3.45,0.7,0.0300000000000002));
#9843=CARTESIAN_POINT('',(-0.999999999999999,0.699999999999999,0.0299999999999997));
#9844=CARTESIAN_POINT('',(-3.4511675,0.694862999999998,0.0288324999999998));
#9845=CARTESIAN_POINT('Origin',(-3.425,0.85,0.0550000000000003));
#9846=CARTESIAN_POINT('',(-3.45,0.694862999999999,0.0300000000000002));
#9847=CARTESIAN_POINT('Origin',(3.575,0.85,0.0549999999999984));
#9848=CARTESIAN_POINT('',(3.6,0.92,0.0799999999999985));
#9849=CARTESIAN_POINT('',(3.6,0.999999999999999,0.0799999999999989));
#9850=CARTESIAN_POINT('',(3.6,0.694862999999999,0.0799999999999985));
#9851=CARTESIAN_POINT('',(3.55,0.7,0.0299999999999984));
#9852=CARTESIAN_POINT('',(3.5488325,0.694862999999998,0.0288324999999979));
#9853=CARTESIAN_POINT('',(3.55,0.999999999999999,0.0300000000000012));
#9854=CARTESIAN_POINT('',(3.55,0.694862999999999,0.0299999999999984));
#9855=CARTESIAN_POINT('',(-12.,0.999999999999998,-15.5199999999998));
#9856=CARTESIAN_POINT('Origin',(-1.825,1.35,0.109999999999999));
#9857=CARTESIAN_POINT('',(-1.825,1.35,0.16));
#9858=CARTESIAN_POINT('',(-1.675,1.35,0.16));
#9859=CARTESIAN_POINT('',(-1.825,1.35,0.16));
#9860=CARTESIAN_POINT('',(-1.675,1.29999999999999,0.109999999999999));
#9861=CARTESIAN_POINT('Origin',(-1.675,1.35,0.109999999999999));
#9862=CARTESIAN_POINT('',(-1.825,1.29999999999999,0.109999999999999));
#9863=CARTESIAN_POINT('',(-1.825,1.29999999999999,0.109999999999999));
#9864=CARTESIAN_POINT('Origin',(-1.825,1.35,0.109999999999999));
#9865=CARTESIAN_POINT('Origin',(-1.325,1.24999999999999,-1.11022302462516E-16));
#9866=CARTESIAN_POINT('',(-1.325,1.24999999999999,-1.11022302462516E-16));
#9867=CARTESIAN_POINT('',(-1.175,1.24999999999999,-2.22044604925031E-16));
#9868=CARTESIAN_POINT('',(-1.325,1.24999999999999,-1.11022302462516E-16));
#9869=CARTESIAN_POINT('',(-1.175,0.919999999999986,-1.11022302462516E-16));
#9870=CARTESIAN_POINT('',(-1.175,0.694862999999998,-1.11022302462516E-16));
#9871=CARTESIAN_POINT('',(-1.325,0.919999999999986,0.));
#9872=CARTESIAN_POINT('',(-1.325,0.919999999999986,0.));
#9873=CARTESIAN_POINT('',(-1.325,0.919999999999986,0.));
#9874=CARTESIAN_POINT('Origin',(-0.824999999999999,1.35,0.109999999999999));
#9875=CARTESIAN_POINT('',(-0.824999999999999,1.35,0.16));
#9876=CARTESIAN_POINT('',(-0.674999999999998,1.35,0.16));
#9877=CARTESIAN_POINT('',(-0.824999999999999,1.35,0.16));
#9878=CARTESIAN_POINT('',(-0.674999999999998,1.29999999999999,0.109999999999999));
#9879=CARTESIAN_POINT('Origin',(-0.674999999999998,1.35,0.109999999999999));
#9880=CARTESIAN_POINT('',(-0.824999999999999,1.29999999999999,0.109999999999999));
#9881=CARTESIAN_POINT('',(-0.824999999999999,1.29999999999999,0.109999999999999));
#9882=CARTESIAN_POINT('Origin',(-0.824999999999999,1.35,0.109999999999999));
#9883=CARTESIAN_POINT('Origin',(-2.825,1.35,0.11));
#9884=CARTESIAN_POINT('Origin',(-2.675,1.35,0.11));
#9885=CARTESIAN_POINT('Origin',(-2.825,1.35,0.11));
#9886=CARTESIAN_POINT('Origin',(2.85,1.67372431776126,0.309999999999998));
#9887=CARTESIAN_POINT('',(4.77,1.65,0.309999999999998));
#9888=CARTESIAN_POINT('',(1.15,1.65,0.309999999999999));
#9889=CARTESIAN_POINT('',(4.77,1.,0.309999999999998));
#9890=CARTESIAN_POINT('',(4.77,1.04560231776126,0.309999999999998));
#9891=CARTESIAN_POINT('',(3.825,1.,0.309999999999998));
#9892=CARTESIAN_POINT('',(5.5,1.,0.309999999999998));
#9893=CARTESIAN_POINT('',(3.825,1.35,0.309999999999998));
#9894=CARTESIAN_POINT('',(3.825,0.694862999999998,0.309999999999998));
#9895=CARTESIAN_POINT('',(3.675,1.35,0.309999999999998));
#9896=CARTESIAN_POINT('',(6.,1.35,0.309999999999998));
#9897=CARTESIAN_POINT('',(3.675,1.,0.309999999999998));
#9898=CARTESIAN_POINT('',(3.675,0.694862999999998,0.309999999999998));
#9899=CARTESIAN_POINT('',(3.325,1.,0.309999999999998));
#9900=CARTESIAN_POINT('',(5.5,1.,0.309999999999998));
#9901=CARTESIAN_POINT('',(3.325,1.35,0.309999999999999));
#9902=CARTESIAN_POINT('',(3.325,0.694862999999998,0.309999999999998));
#9903=CARTESIAN_POINT('',(3.175,1.35,0.309999999999998));
#9904=CARTESIAN_POINT('',(6.,1.35,0.309999999999998));
#9905=CARTESIAN_POINT('',(3.175,0.999999999999999,0.309999999999998));
#9906=CARTESIAN_POINT('',(3.175,0.694862999999998,0.309999999999998));
#9907=CARTESIAN_POINT('',(2.825,0.999999999999999,0.309999999999998));
#9908=CARTESIAN_POINT('',(8.5,0.999999999999999,0.309999999999997));
#9909=CARTESIAN_POINT('',(2.825,1.35,0.309999999999999));
#9910=CARTESIAN_POINT('',(2.825,0.694862999999998,0.309999999999999));
#9911=CARTESIAN_POINT('',(2.675,1.35,0.309999999999999));
#9912=CARTESIAN_POINT('',(5.5,1.35,0.309999999999998));
#9913=CARTESIAN_POINT('',(2.675,0.999999999999999,0.309999999999999));
#9914=CARTESIAN_POINT('',(2.675,0.694862999999998,0.309999999999999));
#9915=CARTESIAN_POINT('',(2.325,0.999999999999999,0.309999999999999));
#9916=CARTESIAN_POINT('',(8.,0.999999999999999,0.309999999999997));
#9917=CARTESIAN_POINT('',(2.325,1.35,0.309999999999999));
#9918=CARTESIAN_POINT('',(2.325,0.694862999999998,0.309999999999999));
#9919=CARTESIAN_POINT('',(2.175,1.35,0.309999999999999));
#9920=CARTESIAN_POINT('',(5.,1.35,0.309999999999998));
#9921=CARTESIAN_POINT('',(2.175,0.999999999999999,0.309999999999999));
#9922=CARTESIAN_POINT('',(2.175,0.694862999999998,0.309999999999999));
#9923=CARTESIAN_POINT('',(1.825,0.999999999999999,0.309999999999999));
#9924=CARTESIAN_POINT('',(7.5,0.999999999999999,0.309999999999998));
#9925=CARTESIAN_POINT('',(1.825,1.35,0.309999999999999));
#9926=CARTESIAN_POINT('',(1.825,0.694862999999998,0.309999999999999));
#9927=CARTESIAN_POINT('',(1.675,1.35,0.309999999999999));
#9928=CARTESIAN_POINT('',(4.5,1.35,0.309999999999998));
#9929=CARTESIAN_POINT('',(1.675,0.999999999999999,0.309999999999999));
#9930=CARTESIAN_POINT('',(1.675,0.694862999999998,0.309999999999999));
#9931=CARTESIAN_POINT('',(1.325,0.999999999999999,0.309999999999999));
#9932=CARTESIAN_POINT('',(7.,0.999999999999999,0.309999999999998));
#9933=CARTESIAN_POINT('',(1.325,1.35,0.309999999999999));
#9934=CARTESIAN_POINT('',(1.325,0.694862999999998,0.309999999999999));
#9935=CARTESIAN_POINT('',(1.175,1.35,0.309999999999999));
#9936=CARTESIAN_POINT('',(4.,1.35,0.309999999999999));
#9937=CARTESIAN_POINT('',(1.175,0.999999999999999,0.309999999999999));
#9938=CARTESIAN_POINT('',(1.175,0.694862999999998,0.309999999999999));
#9939=CARTESIAN_POINT('',(0.825000000000002,0.999999999999999,0.309999999999999));
#9940=CARTESIAN_POINT('',(6.5,0.999999999999999,0.309999999999998));
#9941=CARTESIAN_POINT('',(0.825000000000002,1.35,0.309999999999999));
#9942=CARTESIAN_POINT('',(0.825000000000002,0.694862999999998,0.309999999999999));
#9943=CARTESIAN_POINT('',(0.675000000000001,1.35,0.309999999999999));
#9944=CARTESIAN_POINT('',(3.5,1.35,0.309999999999999));
#9945=CARTESIAN_POINT('',(0.675000000000001,0.999999999999999,0.309999999999999));
#9946=CARTESIAN_POINT('',(0.675000000000001,0.694862999999998,0.309999999999999));
#9947=CARTESIAN_POINT('',(0.325000000000002,0.999999999999999,0.309999999999999));
#9948=CARTESIAN_POINT('',(6.,0.999999999999999,0.309999999999998));
#9949=CARTESIAN_POINT('',(0.325000000000002,1.35,0.309999999999999));
#9950=CARTESIAN_POINT('',(0.325000000000002,0.694862999999998,0.309999999999999));
#9951=CARTESIAN_POINT('',(0.175000000000001,1.35,0.309999999999999));
#9952=CARTESIAN_POINT('',(3.,1.35,0.309999999999999));
#9953=CARTESIAN_POINT('',(0.175000000000001,0.999999999999999,0.309999999999999));
#9954=CARTESIAN_POINT('',(0.175000000000001,0.694862999999998,0.309999999999999));
#9955=CARTESIAN_POINT('',(-0.174999999999998,0.999999999999999,0.309999999999999));
#9956=CARTESIAN_POINT('',(5.5,0.999999999999999,0.309999999999998));
#9957=CARTESIAN_POINT('',(-0.174999999999998,1.35,0.309999999999999));
#9958=CARTESIAN_POINT('',(-0.174999999999998,0.694862999999998,0.309999999999999));
#9959=CARTESIAN_POINT('',(-0.324999999999999,1.35,0.309999999999999));
#9960=CARTESIAN_POINT('',(2.5,1.35,0.309999999999999));
#9961=CARTESIAN_POINT('',(-0.324999999999999,0.999999999999999,0.309999999999999));
#9962=CARTESIAN_POINT('',(-0.324999999999999,0.694862999999998,0.309999999999999));
#9963=CARTESIAN_POINT('',(-0.674999999999998,0.999999999999999,0.309999999999999));
#9964=CARTESIAN_POINT('',(5.,0.999999999999999,0.309999999999998));
#9965=CARTESIAN_POINT('',(-0.674999999999998,1.35,0.31));
#9966=CARTESIAN_POINT('',(-0.674999999999998,0.694862999999998,0.31));
#9967=CARTESIAN_POINT('',(-0.824999999999999,1.35,0.31));
#9968=CARTESIAN_POINT('',(2.,1.35,0.309999999999999));
#9969=CARTESIAN_POINT('',(-0.824999999999999,0.999999999999999,0.309999999999999));
#9970=CARTESIAN_POINT('',(-0.824999999999999,0.694862999999998,0.31));
#9971=CARTESIAN_POINT('',(-1.175,0.999999999999999,0.309999999999999));
#9972=CARTESIAN_POINT('',(4.5,0.999999999999999,0.309999999999998));
#9973=CARTESIAN_POINT('',(-1.175,1.35,0.31));
#9974=CARTESIAN_POINT('',(-1.175,0.694862999999998,0.31));
#9975=CARTESIAN_POINT('',(-1.325,1.35,0.31));
#9976=CARTESIAN_POINT('',(1.5,1.35,0.309999999999999));
#9977=CARTESIAN_POINT('',(-1.325,0.999999999999999,0.31));
#9978=CARTESIAN_POINT('',(-1.325,0.694862999999998,0.31));
#9979=CARTESIAN_POINT('',(-1.675,0.999999999999999,0.31));
#9980=CARTESIAN_POINT('',(4.,0.999999999999999,0.309999999999998));
#9981=CARTESIAN_POINT('',(-1.675,1.35,0.31));
#9982=CARTESIAN_POINT('',(-1.675,0.694862999999998,0.31));
#9983=CARTESIAN_POINT('',(-1.825,1.35,0.31));
#9984=CARTESIAN_POINT('',(1.,1.35,0.309999999999999));
#9985=CARTESIAN_POINT('',(-1.825,0.999999999999999,0.31));
#9986=CARTESIAN_POINT('',(-1.825,0.694862999999998,0.31));
#9987=CARTESIAN_POINT('',(-2.175,0.999999999999999,0.31));
#9988=CARTESIAN_POINT('',(3.5,0.999999999999999,0.309999999999998));
#9989=CARTESIAN_POINT('',(-2.175,1.35,0.31));
#9990=CARTESIAN_POINT('',(-2.175,0.694862999999998,0.31));
#9991=CARTESIAN_POINT('',(-2.325,1.35,0.31));
#9992=CARTESIAN_POINT('',(0.500000000000001,1.35,0.309999999999999));
#9993=CARTESIAN_POINT('',(-2.325,1.,0.31));
#9994=CARTESIAN_POINT('',(-2.325,0.694862999999998,0.31));
#9995=CARTESIAN_POINT('',(-2.675,1.,0.31));
#9996=CARTESIAN_POINT('',(3.,1.,0.309999999999999));
#9997=CARTESIAN_POINT('',(-2.675,0.694862999999998,0.31));
#9998=CARTESIAN_POINT('',(-2.825,0.999999999999999,0.31));
#9999=CARTESIAN_POINT('',(-2.825,0.694862999999998,0.31));
#10000=CARTESIAN_POINT('',(2.5,0.999999999999999,0.309999999999999));
#10001=CARTESIAN_POINT('Origin',(-1.325,0.949999999999987,0.0361954891124617));
#10002=CARTESIAN_POINT('',(-1.325,0.919999999999987,0.0361954891124617));
#10003=CARTESIAN_POINT('',(-1.175,0.919999999999987,0.0361954891124617));
#10004=CARTESIAN_POINT('',(-1.325,0.919999999999987,0.0361954891124617));
#10005=CARTESIAN_POINT('',(-1.175,0.943186633610997,0.065411546999339));
#10006=CARTESIAN_POINT('Origin',(-1.175,0.949999999999987,0.0361954891124616));
#10007=CARTESIAN_POINT('',(-1.325,0.943186633610997,0.0654115469993392));
#10008=CARTESIAN_POINT('',(-1.325,0.943186633610997,0.0654115469993392));
#10009=CARTESIAN_POINT('Origin',(-1.325,0.949999999999987,0.0361954891124617));
#10010=CARTESIAN_POINT('Origin',(-0.574999999999999,0.849999999999999,0.0549999999999996));
#10011=CARTESIAN_POINT('',(-0.599999999999999,0.999999999999999,0.0799999999999995));
#10012=CARTESIAN_POINT('',(-0.599999999999999,0.919999999999999,0.0799999999999997));
#10013=CARTESIAN_POINT('',(-0.599999999999999,0.694862999999999,0.0799999999999997));
#10014=CARTESIAN_POINT('',(-0.549999999999997,0.999999999999999,0.029999999999998));
#10015=CARTESIAN_POINT('',(-16.,1.,15.4799999999998));
#10016=CARTESIAN_POINT('',(-0.549999999999998,0.699999999999999,0.0299999999999996));
#10017=CARTESIAN_POINT('',(-0.55,0.694862999999999,0.0299999999999996));
#10018=CARTESIAN_POINT('',(-0.548832499999997,0.694862999999998,0.0288324999999992));
#10019=CARTESIAN_POINT('Origin',(-2.675,1.24577907539775,0.170500231015466));
#10020=CARTESIAN_POINT('',(-2.675,0.919999999999986,0.841614));
#10021=CARTESIAN_POINT('',(-2.675,0.694862999999997,-0.55513699999991));
#10022=CARTESIAN_POINT('',(-2.675,1.,0.841614));
#10023=CARTESIAN_POINT('Origin',(-0.824999999999999,0.949999999999987,0.0361954891124616));
#10024=CARTESIAN_POINT('',(-0.674999999999998,0.943186633610997,0.0654115469993389));
#10025=CARTESIAN_POINT('Origin',(-0.674999999999998,0.949999999999987,0.0361954891124615));
#10026=CARTESIAN_POINT('',(-0.824999999999999,0.943186633610997,0.065411546999339));
#10027=CARTESIAN_POINT('',(-0.824999999999999,0.943186633610997,0.065411546999339));
#10028=CARTESIAN_POINT('Origin',(-0.824999999999999,0.949999999999987,0.0361954891124616));
#10029=CARTESIAN_POINT('Origin',(7.75,0.533724317761256,0.939999999999998));
#10030=CARTESIAN_POINT('',(4.72,1.9,0.939999999999998));
#10031=CARTESIAN_POINT('',(4.72,0.694862999999998,0.939999999999999));
#10032=CARTESIAN_POINT('',(7.53,1.9,0.939999999999997));
#10033=CARTESIAN_POINT('Origin',(-1.325,1.29999999999999,0.109999999999999));
#10034=CARTESIAN_POINT('',(-1.325,1.29999999999999,0.109999999999999));
#10035=CARTESIAN_POINT('',(-1.175,1.29999999999999,0.109999999999999));
#10036=CARTESIAN_POINT('',(-1.325,1.29999999999999,0.109999999999999));
#10037=CARTESIAN_POINT('',(-1.175,1.29999999999999,0.0500000000000005));
#10038=CARTESIAN_POINT('',(-1.175,1.29999999999999,0.841614));
#10039=CARTESIAN_POINT('',(-1.325,1.29999999999999,0.0500000000000005));
#10040=CARTESIAN_POINT('',(-1.325,1.29999999999999,0.0500000000000006));
#10041=CARTESIAN_POINT('',(-1.325,1.29999999999999,0.109999999999999));
#10042=CARTESIAN_POINT('Origin',(-0.824999999999999,1.29999999999999,0.0500000000000005));
#10043=CARTESIAN_POINT('',(-0.824999999999999,1.29999999999999,0.0500000000000004));
#10044=CARTESIAN_POINT('',(-0.674999999999998,1.29999999999999,0.0500000000000004));
#10045=CARTESIAN_POINT('',(-0.824999999999999,1.29999999999999,0.0500000000000005));
#10046=CARTESIAN_POINT('',(-0.674999999999998,1.24999999999999,-3.33066907387547E-16));
#10047=CARTESIAN_POINT('',(-0.674999999999998,0.694862999999997,-0.55513699999991));
#10048=CARTESIAN_POINT('',(-0.824999999999999,1.24999999999999,-2.22044604925031E-16));
#10049=CARTESIAN_POINT('',(-0.824999999999999,1.24999999999999,-2.22044604925031E-16));
#10050=CARTESIAN_POINT('',(-0.824999999999999,1.29999999999999,0.0500000000000005));
#10051=CARTESIAN_POINT('Origin',(-2.325,1.35,0.11));
#10052=CARTESIAN_POINT('',(-2.325,1.35,0.16));
#10053=CARTESIAN_POINT('',(-2.175,1.35,0.16));
#10054=CARTESIAN_POINT('',(-2.325,1.35,0.16));
#10055=CARTESIAN_POINT('',(-2.175,1.3,0.11));
#10056=CARTESIAN_POINT('Origin',(-2.175,1.35,0.11));
#10057=CARTESIAN_POINT('',(-2.325,1.3,0.11));
#10058=CARTESIAN_POINT('',(-2.325,1.3,0.11));
#10059=CARTESIAN_POINT('Origin',(-2.325,1.35,0.11));
#10060=CARTESIAN_POINT('Origin',(-2.325,1.29999999999999,0.11));
#10061=CARTESIAN_POINT('',(-2.175,1.29999999999999,0.0500000000000008));
#10062=CARTESIAN_POINT('',(-2.175,1.3,0.841614));
#10063=CARTESIAN_POINT('',(-2.325,1.29999999999999,0.0500000000000007));
#10064=CARTESIAN_POINT('',(-2.325,1.29999999999999,0.0500000000000008));
#10065=CARTESIAN_POINT('',(-2.325,1.29999999999999,0.11));
#10066=CARTESIAN_POINT('Origin',(-2.325,1.35,0.310000000000002));
#10067=CARTESIAN_POINT('',(-2.175,1.35,0.841614));
#10068=CARTESIAN_POINT('',(-2.325,1.35,0.310000000000002));
#10069=CARTESIAN_POINT('Origin',(-1.825,0.943186633610997,0.0654115469993393));
#10070=CARTESIAN_POINT('',(-1.825,0.943186633610997,0.0654115469993393));
#10071=CARTESIAN_POINT('',(-1.675,0.943186633610997,0.0654115469993392));
#10072=CARTESIAN_POINT('',(-1.825,0.943186633610997,0.0654115469993393));
#10073=CARTESIAN_POINT('',(-1.675,0.999999999999999,0.0786607773540648));
#10074=CARTESIAN_POINT('',(-1.675,0.694862999999998,0.00750093135816621));
#10075=CARTESIAN_POINT('',(-1.825,0.999999999999999,0.078660777354065));
#10076=CARTESIAN_POINT('',(3.5,0.999999999999999,0.0786607773540638));
#10077=CARTESIAN_POINT('',(-1.825,0.943186633610997,0.0654115469993393));
#10078=CARTESIAN_POINT('Origin',(-1.825,0.949999999999987,0.0361954891124618));
#10079=CARTESIAN_POINT('',(-1.825,0.919999999999987,0.0361954891124619));
#10080=CARTESIAN_POINT('',(-1.675,0.919999999999987,0.0361954891124618));
#10081=CARTESIAN_POINT('',(-1.825,0.919999999999987,0.0361954891124619));
#10082=CARTESIAN_POINT('Origin',(-1.675,0.949999999999987,0.0361954891124617));
#10083=CARTESIAN_POINT('Origin',(-1.825,0.949999999999987,0.0361954891124618));
#10084=CARTESIAN_POINT('Origin',(-1.825,0.919999999999986,1.11022302462516E-16));
#10085=CARTESIAN_POINT('',(-1.825,0.919999999999986,1.11022302462516E-16));
#10086=CARTESIAN_POINT('',(-1.825,0.919999999999986,1.11022302462516E-16));
#10087=CARTESIAN_POINT('',(-1.675,0.919999999999986,0.));
#10088=CARTESIAN_POINT('',(-1.825,0.919999999999986,1.11022302462516E-16));
#10089=CARTESIAN_POINT('',(-1.675,0.919999999999986,0.841614));
#10090=CARTESIAN_POINT('Origin',(-1.575,0.849999999999999,0.0549999999999998));
#10091=CARTESIAN_POINT('',(-1.6,0.999999999999999,0.0799999999999997));
#10092=CARTESIAN_POINT('',(-1.6,0.919999999999999,0.08));
#10093=CARTESIAN_POINT('',(-1.6,0.694862999999999,0.08));
#10094=CARTESIAN_POINT('',(-1.55,0.999999999999999,0.0299999999999983));
#10095=CARTESIAN_POINT('',(-17.,1.,15.4799999999998));
#10096=CARTESIAN_POINT('',(-1.55,0.699999999999999,0.0299999999999998));
#10097=CARTESIAN_POINT('',(-1.55,0.694862999999999,0.0299999999999998));
#10098=CARTESIAN_POINT('',(-1.5488325,0.694862999999998,0.0288324999999994));
#10099=CARTESIAN_POINT('Origin',(-0.324999999999999,1.35,0.310000000000002));
#10100=CARTESIAN_POINT('',(-0.174999999999998,1.35,0.16));
#10101=CARTESIAN_POINT('',(-0.174999999999998,1.35,0.841613999999999));
#10102=CARTESIAN_POINT('',(-0.324999999999999,1.35,0.16));
#10103=CARTESIAN_POINT('',(-0.324999999999999,1.35,0.16));
#10104=CARTESIAN_POINT('',(-0.324999999999999,1.35,0.310000000000002));
#10105=CARTESIAN_POINT('Origin',(-1.825,1.29999999999999,0.109999999999999));
#10106=CARTESIAN_POINT('',(-1.675,1.29999999999999,0.0500000000000006));
#10107=CARTESIAN_POINT('',(-1.675,1.29999999999999,0.841614));
#10108=CARTESIAN_POINT('',(-1.825,1.29999999999999,0.0500000000000006));
#10109=CARTESIAN_POINT('',(-1.825,1.29999999999999,0.0500000000000007));
#10110=CARTESIAN_POINT('',(-1.825,1.29999999999999,0.109999999999999));
#10111=CARTESIAN_POINT('Origin',(8.8,-0.0200000000000007,1.05));
#10112=CARTESIAN_POINT('',(4.8,-0.0200000000000007,0.840000000000009));
#10113=CARTESIAN_POINT('',(9.5,-0.0200000000000007,0.840000000000008));
#10114=CARTESIAN_POINT('',(4.8,-0.0200000000000007,0.999999999999998));
#10115=CARTESIAN_POINT('',(3.,-0.0200000000000007,0.999999999999999));
#10116=CARTESIAN_POINT('',(4.8,-0.0200000000000007,0.841613999999998));
#10117=CARTESIAN_POINT('Origin',(-1.825,1.29999999999999,0.0500000000000007));
#10118=CARTESIAN_POINT('',(-1.675,1.24999999999999,-1.11022302462516E-16));
#10119=CARTESIAN_POINT('',(-1.675,0.694862999999997,-0.55513699999991));
#10120=CARTESIAN_POINT('',(-1.825,1.24999999999999,0.));
#10121=CARTESIAN_POINT('',(-1.825,1.24999999999999,0.));
#10122=CARTESIAN_POINT('',(-1.825,1.29999999999999,0.0500000000000007));
#10123=CARTESIAN_POINT('Origin',(7.25,0.460000000000001,0.889999999999998));
#10124=CARTESIAN_POINT('',(4.77,0.460000000000001,0.840000000000009));
#10125=CARTESIAN_POINT('',(8.88178419700125E-16,0.460000000000001,0.84000000000001));
#10126=CARTESIAN_POINT('',(4.77,0.460000000000001,0.841613999999998));
#10127=CARTESIAN_POINT('Origin',(-2.825,0.919999999999986,3.33066907387547E-16));
#10128=CARTESIAN_POINT('',(-2.825,0.919999999999986,3.33066907387547E-16));
#10129=CARTESIAN_POINT('Origin',(-2.825,1.29999999999999,0.0500000000000009));
#10130=CARTESIAN_POINT('',(-2.825,1.29999999999999,0.0500000000000009));
#10131=CARTESIAN_POINT('Origin',(7.3375,-0.0700000000000006,0.299999999999998));
#10132=CARTESIAN_POINT('',(4.285,-1.63,0.299999999999999));
#10133=CARTESIAN_POINT('',(-0.734999999999999,-1.63,0.3));
#10134=CARTESIAN_POINT('',(4.285,-1.2,0.299999999999998));
#10135=CARTESIAN_POINT('',(4.285,0.694862999999998,0.299999999999998));
#10136=CARTESIAN_POINT('',(-14.5,-1.20000000000001,0.300000000000003));
#10137=CARTESIAN_POINT('Origin',(-0.324999999999999,1.24999999999999,-3.33066907387547E-16));
#10138=CARTESIAN_POINT('',(-0.324999999999999,1.24999999999999,-3.33066907387547E-16));
#10139=CARTESIAN_POINT('',(-0.174999999999998,1.24999999999999,-4.44089209850063E-16));
#10140=CARTESIAN_POINT('',(-0.324999999999999,1.24999999999999,-3.33066907387547E-16));
#10141=CARTESIAN_POINT('',(-0.174999999999998,0.694862999999998,-3.33066907387547E-16));
#10142=CARTESIAN_POINT('',(-0.324999999999999,0.919999999999986,-2.22044604925031E-16));
#10143=CARTESIAN_POINT('Origin',(-2.325,1.24999999999999,1.11022302462516E-16));
#10144=CARTESIAN_POINT('',(-2.325,1.24999999999999,1.11022302462516E-16));
#10145=CARTESIAN_POINT('',(-2.175,1.24999999999999,1.11022302462516E-16));
#10146=CARTESIAN_POINT('',(-2.325,1.24999999999999,1.11022302462516E-16));
#10147=CARTESIAN_POINT('',(-2.175,0.694862999999998,2.22044604925031E-16));
#10148=CARTESIAN_POINT('',(-2.325,0.919999999999986,2.22044604925031E-16));
#10149=CARTESIAN_POINT('Origin',(-0.324999999999999,0.943186633610997,0.0654115469993389));
#10150=CARTESIAN_POINT('',(-0.174999999999998,0.999999999999999,0.0786607773540645));
#10151=CARTESIAN_POINT('',(-0.174999999999998,0.694862999999998,0.00750093135816587));
#10152=CARTESIAN_POINT('',(-0.324999999999999,0.999999999999999,0.0786607773540646));
#10153=CARTESIAN_POINT('',(5.,0.999999999999999,0.0786607773540635));
#10154=CARTESIAN_POINT('',(-0.324999999999999,0.943186633610997,0.0654115469993389));
#10155=CARTESIAN_POINT('Origin',(-2.825,1.24577907539775,0.170500231015466));
#10156=CARTESIAN_POINT('',(-2.825,0.999999999999999,0.841614));
#10157=CARTESIAN_POINT('Origin',(0.825000000000001,0.999999999999999,0.309999999999999));
#10158=CARTESIAN_POINT('',(-18.5,0.999999999999999,0.0300000000000036));
#10159=CARTESIAN_POINT('Origin',(-1.825,1.35,0.310000000000002));
#10160=CARTESIAN_POINT('',(-1.675,1.35,0.841614));
#10161=CARTESIAN_POINT('',(-1.825,1.35,0.310000000000002));
#10162=CARTESIAN_POINT('Origin',(7.17,1.9,0.939999999999998));
#10163=CARTESIAN_POINT('',(4.77,1.9,0.89));
#10164=CARTESIAN_POINT('',(4.818386,1.9,0.841613999999998));
#10165=CARTESIAN_POINT('',(4.77,1.9,0.599999999999997));
#10166=CARTESIAN_POINT('',(4.77,1.9,0.841613999999998));
#10167=CARTESIAN_POINT('',(4.53,1.9,0.599999999999998));
#10168=CARTESIAN_POINT('Origin',(-0.824999999999999,0.943186633610997,0.065411546999339));
#10169=CARTESIAN_POINT('',(-0.674999999999998,0.999999999999999,0.0786607773540646));
#10170=CARTESIAN_POINT('',(-0.674999999999998,0.694862999999998,0.00750093135816599));
#10171=CARTESIAN_POINT('',(-0.824999999999999,0.999999999999999,0.0786607773540647));
#10172=CARTESIAN_POINT('',(4.5,0.999999999999999,0.0786607773540636));
#10173=CARTESIAN_POINT('',(-0.824999999999999,0.943186633610997,0.065411546999339));
#10174=CARTESIAN_POINT('Origin',(2.925,0.849999999999999,0.0549999999999987));
#10175=CARTESIAN_POINT('',(2.9,0.999999999999999,0.0799999999999986));
#10176=CARTESIAN_POINT('',(2.9,0.919999999999999,0.0799999999999989));
#10177=CARTESIAN_POINT('',(2.9,0.694862999999999,0.0799999999999989));
#10178=CARTESIAN_POINT('',(2.95,0.999999999999999,0.0299999999999971));
#10179=CARTESIAN_POINT('',(-12.5,1.,15.4799999999998));
#10180=CARTESIAN_POINT('',(2.95,0.699999999999999,0.0299999999999987));
#10181=CARTESIAN_POINT('',(2.95,0.694862999999999,0.0299999999999987));
#10182=CARTESIAN_POINT('',(2.9511675,0.694862999999998,0.0288324999999983));
#10183=CARTESIAN_POINT('Origin',(-2.575,0.85,0.055));
#10184=CARTESIAN_POINT('',(-2.55,1.,0.0299999999999985));
#10185=CARTESIAN_POINT('',(-18.,1.,15.4799999999998));
#10186=CARTESIAN_POINT('',(-2.55,0.694862999999999,0.03));
#10187=CARTESIAN_POINT('Origin',(8.285,-1.2,0.299999999999997));
#10188=CARTESIAN_POINT('',(4.285,0.694862999999998,0.413691779999998));
#10189=CARTESIAN_POINT('Origin',(-1.825,1.24999999999999,0.));
#10190=CARTESIAN_POINT('',(-1.675,0.694862999999998,0.));
#10191=CARTESIAN_POINT('',(-1.825,0.919999999999986,1.11022302462516E-16));
#10192=CARTESIAN_POINT('Origin',(8.265,-1.63,0.299999999999997));
#10193=CARTESIAN_POINT('',(-0.499999999999999,-1.9,0.100000000000001));
#10194=CARTESIAN_POINT('',(4.285,0.694862999999998,2.02212074074073));
#10195=CARTESIAN_POINT('Origin',(-0.324999999999999,1.29999999999999,0.0500000000000004));
#10196=CARTESIAN_POINT('',(-0.324999999999999,1.29999999999999,0.0500000000000003));
#10197=CARTESIAN_POINT('',(-0.174999999999998,1.29999999999999,0.0500000000000003));
#10198=CARTESIAN_POINT('',(-0.324999999999999,1.29999999999999,0.0500000000000004));
#10199=CARTESIAN_POINT('',(-0.174999999999998,0.694862999999997,-0.55513699999991));
#10200=CARTESIAN_POINT('',(-0.324999999999999,1.29999999999999,0.0500000000000004));
#10201=CARTESIAN_POINT('Origin',(4.285,-1.8,1.05));
#10202=CARTESIAN_POINT('',(4.285,-1.1,0.719999999999998));
#10203=CARTESIAN_POINT('',(4.285,0.0749362304206375,0.719999999999998));
#10204=CARTESIAN_POINT('',(4.285,-0.7,0.689999999999998));
#10205=CARTESIAN_POINT('',(4.285,-0.7,0.689999999999998));
#10206=CARTESIAN_POINT('',(4.285,-0.6,0.689999999999998));
#10207=CARTESIAN_POINT('',(4.285,0.0749362304206375,0.689999999999998));
#10208=CARTESIAN_POINT('',(4.285,-0.6,0.402847335292078));
#10209=CARTESIAN_POINT('Origin',(-6.15,1.9,0.6));
#10210=CARTESIAN_POINT('',(4.77,1.65,0.469999999999998));
#10211=CARTESIAN_POINT('',(4.77,0.694862999999998,-0.0266712400000032));
#10212=CARTESIAN_POINT('',(-4.23,1.65,0.47));
#10213=CARTESIAN_POINT('Origin',(-8.285,-1.2,0.720000000000001));
#10214=CARTESIAN_POINT('',(-4.735,-1.1,0.720000000000001));
#10215=CARTESIAN_POINT('Origin',(-1.325,1.35,0.310000000000002));
#10216=CARTESIAN_POINT('',(-1.175,1.35,0.16));
#10217=CARTESIAN_POINT('',(-1.175,1.35,0.841614));
#10218=CARTESIAN_POINT('',(-1.325,1.35,0.16));
#10219=CARTESIAN_POINT('',(-1.325,1.35,0.16));
#10220=CARTESIAN_POINT('',(-1.325,1.35,0.310000000000002));
#10221=CARTESIAN_POINT('Origin',(8.265,-0.7,0.689999999999997));
#10222=CARTESIAN_POINT('',(12.,-0.700000000000001,0.689999999999996));
#10223=CARTESIAN_POINT('Origin',(-1.325,1.29999999999999,0.0500000000000006));
#10224=CARTESIAN_POINT('',(-1.175,0.694862999999997,-0.55513699999991));
#10225=CARTESIAN_POINT('',(-1.325,1.29999999999999,0.0500000000000006));
#10226=CARTESIAN_POINT('Origin',(-1.325,1.35,0.109999999999999));
#10227=CARTESIAN_POINT('Origin',(-1.175,1.35,0.109999999999999));
#10228=CARTESIAN_POINT('Origin',(-1.325,1.35,0.109999999999999));
#10229=CARTESIAN_POINT('Origin',(-0.824999999999999,1.35,0.310000000000002));
#10230=CARTESIAN_POINT('',(-0.674999999999998,1.35,0.841613999999999));
#10231=CARTESIAN_POINT('',(-0.824999999999999,1.35,0.310000000000002));
#10232=CARTESIAN_POINT('Origin',(22.785,-1.8,0.919999999999994));
#10233=CARTESIAN_POINT('',(6.,-1.8,0.999999999999999));
#10234=CARTESIAN_POINT('Origin',(-0.324999999999999,1.35,0.109999999999999));
#10235=CARTESIAN_POINT('',(-0.174999999999998,1.29999999999999,0.109999999999999));
#10236=CARTESIAN_POINT('Origin',(-0.174999999999998,1.35,0.109999999999999));
#10237=CARTESIAN_POINT('',(-0.324999999999999,1.29999999999999,0.109999999999999));
#10238=CARTESIAN_POINT('',(-0.324999999999999,1.29999999999999,0.109999999999999));
#10239=CARTESIAN_POINT('Origin',(-0.324999999999999,1.35,0.109999999999999));
#10240=CARTESIAN_POINT('Origin',(-1.325,0.943186633610997,0.0654115469993392));
#10241=CARTESIAN_POINT('',(-1.175,0.999999999999999,0.0786607773540647));
#10242=CARTESIAN_POINT('',(-1.175,0.694862999999998,0.0075009313581661));
#10243=CARTESIAN_POINT('',(-1.325,0.999999999999999,0.0786607773540648));
#10244=CARTESIAN_POINT('',(4.,0.999999999999999,0.0786607773540637));
#10245=CARTESIAN_POINT('',(-1.325,0.943186633610997,0.0654115469993392));
#10246=CARTESIAN_POINT('Origin',(-2.325,0.943186633610997,0.0654115469993394));
#10247=CARTESIAN_POINT('',(-2.175,1.,0.0786607773540651));
#10248=CARTESIAN_POINT('',(-2.175,0.694862999999998,0.00750093135816643));
#10249=CARTESIAN_POINT('',(-2.325,1.,0.0786607773540651));
#10250=CARTESIAN_POINT('',(3.,1.,0.078660777354064));
#10251=CARTESIAN_POINT('',(-2.325,0.943186633610997,0.0654115469993394));
#10252=CARTESIAN_POINT('Origin',(-2.325,1.29999999999999,0.0500000000000008));
#10253=CARTESIAN_POINT('',(-2.175,0.694862999999998,-0.55513699999991));
#10254=CARTESIAN_POINT('',(-2.325,1.29999999999999,0.0500000000000008));
#10255=CARTESIAN_POINT('Origin',(1.325,1.,0.309999999999999));
#10256=CARTESIAN_POINT('',(-2.325,1.,0.08));
#10257=CARTESIAN_POINT('',(-2.325,1.,0.841614));
#10258=CARTESIAN_POINT('',(-2.4,0.999999999999999,0.080000000000001));
#10259=CARTESIAN_POINT('',(-18.,1.,0.0800000000000035));
#10260=CARTESIAN_POINT('',(-2.45,0.999999999999999,0.0300000000000029));
#10261=CARTESIAN_POINT('',(-18.,0.999999999999998,-15.5199999999998));
#10262=CARTESIAN_POINT('',(-18.,1.,0.0300000000000035));
#10263=CARTESIAN_POINT('Origin',(-2.325,1.24577907539775,0.170500231015466));
#10264=CARTESIAN_POINT('',(-2.325,1.,0.841614));
#10265=CARTESIAN_POINT('Origin',(-2.175,1.,0.0786607773540651));
#10266=CARTESIAN_POINT('',(-2.175,1.,0.08));
#10267=CARTESIAN_POINT('',(3.,1.,0.0799999999999987));
#10268=CARTESIAN_POINT('',(-2.175,1.,0.841614));
#10269=CARTESIAN_POINT('Origin',(-2.175,1.24577907539775,0.170500231015466));
#10270=CARTESIAN_POINT('',(-2.175,0.999999999999999,0.841614));
#10271=CARTESIAN_POINT('Origin',(-2.425,0.85,0.055));
#10272=CARTESIAN_POINT('',(-2.4,0.919999999999999,0.0800000000000002));
#10273=CARTESIAN_POINT('',(-2.4,0.694862999999999,0.0800000000000002));
#10274=CARTESIAN_POINT('',(-2.45,0.7,0.03));
#10275=CARTESIAN_POINT('',(-2.4511675,0.694862999999998,0.0288324999999996));
#10276=CARTESIAN_POINT('',(-2.45,0.694862999999999,0.03));
#10277=CARTESIAN_POINT('Origin',(-2.3375,0.999999999999999,0.08));
#10278=CARTESIAN_POINT('',(-2.1,0.919999999999999,0.0800000000000001));
#10279=CARTESIAN_POINT('',(-18.,0.919999999999999,0.0800000000000037));
#10280=CARTESIAN_POINT('',(-2.1,0.999999999999999,0.0799999999999998));
#10281=CARTESIAN_POINT('',(-18.,0.999999999999999,0.0800000000000035));
#10282=CARTESIAN_POINT('',(-2.1,0.694862999999999,0.0800000000000001));
#10283=CARTESIAN_POINT('Origin',(-2.3375,0.919999999999999,0.0800000000000001));
#10284=CARTESIAN_POINT('',(-2.05,0.699999999999999,0.0299999999999999));
#10285=CARTESIAN_POINT('',(0.500000000000001,0.7,0.0299999999999994));
#10286=CARTESIAN_POINT('',(-2.0488325,0.694862999999998,0.0288324999999995));
#10287=CARTESIAN_POINT('Origin',(-2.075,0.849999999999999,0.0549999999999999));
#10288=CARTESIAN_POINT('',(-2.05,0.999999999999999,0.0299999999999984));
#10289=CARTESIAN_POINT('',(-17.5,1.,15.4799999999998));
#10290=CARTESIAN_POINT('',(-2.05,0.694862999999999,0.0299999999999999));
#10291=CARTESIAN_POINT('Origin',(-1.925,0.849999999999999,0.0549999999999999));
#10292=CARTESIAN_POINT('',(-1.9,0.919999999999999,0.0800000000000001));
#10293=CARTESIAN_POINT('',(-1.9,0.999999999999999,0.0800000000000008));
#10294=CARTESIAN_POINT('',(-1.9,0.694862999999999,0.0800000000000001));
#10295=CARTESIAN_POINT('',(-1.95,0.699999999999999,0.0299999999999999));
#10296=CARTESIAN_POINT('',(-1.9511675,0.694862999999998,0.0288324999999995));
#10297=CARTESIAN_POINT('',(-1.95,0.999999999999999,0.0300000000000028));
#10298=CARTESIAN_POINT('',(-1.95,0.694862999999999,0.0299999999999999));
#10299=CARTESIAN_POINT('',(-17.5,0.999999999999997,-15.5199999999998));
#10300=CARTESIAN_POINT('Origin',(-1.8375,0.919999999999999,0.08));
#10301=CARTESIAN_POINT('',(0.500000000000001,0.699999999999999,0.0299999999999994));
#10302=CARTESIAN_POINT('',(-17.5,0.919999999999999,0.0800000000000036));
#10303=CARTESIAN_POINT('Origin',(-1.8375,0.999999999999999,0.0799999999999998));
#10304=CARTESIAN_POINT('',(-1.825,0.999999999999999,0.0799999999999998));
#10305=CARTESIAN_POINT('',(-17.5,0.999999999999999,0.0800000000000034));
#10306=CARTESIAN_POINT('',(-1.675,0.999999999999999,0.0799999999999997));
#10307=CARTESIAN_POINT('',(3.5,0.999999999999999,0.0799999999999986));
#10308=CARTESIAN_POINT('',(-17.5,0.999999999999999,0.0800000000000034));
#10309=CARTESIAN_POINT('Origin',(1.825,0.999999999999999,0.309999999999999));
#10310=CARTESIAN_POINT('',(-1.825,0.999999999999999,0.841614));
#10311=CARTESIAN_POINT('',(-17.5,0.999999999999999,0.0300000000000034));
#10312=CARTESIAN_POINT('Origin',(-1.675,0.999999999999999,0.0786607773540648));
#10313=CARTESIAN_POINT('',(-1.825,0.999999999999999,0.841614));
#10314=CARTESIAN_POINT('',(-1.675,0.999999999999999,0.841614));
#10315=CARTESIAN_POINT('Origin',(-1.825,1.24577907539775,0.170500231015466));
#10316=CARTESIAN_POINT('Origin',(-1.675,1.24577907539775,0.170500231015466));
#10317=CARTESIAN_POINT('',(-1.675,0.999999999999999,0.841614));
#10318=CARTESIAN_POINT('Origin',(2.325,0.999999999999999,0.309999999999999));
#10319=CARTESIAN_POINT('',(-1.325,0.999999999999999,0.0799999999999997));
#10320=CARTESIAN_POINT('',(-1.325,0.999999999999999,0.841614));
#10321=CARTESIAN_POINT('',(-1.4,0.999999999999999,0.0800000000000007));
#10322=CARTESIAN_POINT('',(-17.,0.999999999999999,0.0800000000000033));
#10323=CARTESIAN_POINT('',(-1.45,0.999999999999999,0.0300000000000027));
#10324=CARTESIAN_POINT('',(-17.,0.999999999999997,-15.5199999999998));
#10325=CARTESIAN_POINT('',(-17.,0.999999999999999,0.0300000000000032));
#10326=CARTESIAN_POINT('Origin',(-1.325,1.24577907539775,0.170500231015466));
#10327=CARTESIAN_POINT('',(-1.325,0.919999999999986,0.));
#10328=CARTESIAN_POINT('',(-1.325,0.999999999999999,0.841614));
#10329=CARTESIAN_POINT('Origin',(-1.175,0.999999999999999,0.0786607773540647));
#10330=CARTESIAN_POINT('',(-1.175,0.999999999999999,0.0799999999999996));
#10331=CARTESIAN_POINT('',(4.,0.999999999999999,0.0799999999999985));
#10332=CARTESIAN_POINT('',(-1.175,0.999999999999999,0.841614));
#10333=CARTESIAN_POINT('Origin',(-1.175,1.24577907539775,0.170500231015466));
#10334=CARTESIAN_POINT('',(-1.175,0.919999999999986,0.841614));
#10335=CARTESIAN_POINT('',(-1.175,0.999999999999999,0.841614));
#10336=CARTESIAN_POINT('Origin',(-1.425,0.849999999999999,0.0549999999999998));
#10337=CARTESIAN_POINT('',(-1.4,0.919999999999999,0.08));
#10338=CARTESIAN_POINT('',(-1.4,0.694862999999999,0.08));
#10339=CARTESIAN_POINT('',(-1.45,0.699999999999999,0.0299999999999998));
#10340=CARTESIAN_POINT('',(-1.4511675,0.694862999999998,0.0288324999999994));
#10341=CARTESIAN_POINT('',(-1.45,0.694862999999999,0.0299999999999998));
#10342=CARTESIAN_POINT('Origin',(-1.3375,0.999999999999999,0.0799999999999997));
#10343=CARTESIAN_POINT('',(-1.1,0.919999999999999,0.0799999999999998));
#10344=CARTESIAN_POINT('',(-17.,0.919999999999999,0.0800000000000035));
#10345=CARTESIAN_POINT('',(-1.1,0.999999999999999,0.0799999999999996));
#10346=CARTESIAN_POINT('',(-17.,0.999999999999999,0.0800000000000033));
#10347=CARTESIAN_POINT('',(-1.1,0.694862999999999,0.0799999999999998));
#10348=CARTESIAN_POINT('Origin',(-1.3375,0.919999999999999,0.0799999999999998));
#10349=CARTESIAN_POINT('',(-1.05,0.699999999999999,0.0299999999999997));
#10350=CARTESIAN_POINT('',(1.5,0.699999999999999,0.0299999999999991));
#10351=CARTESIAN_POINT('',(-1.0488325,0.694862999999998,0.0288324999999993));
#10352=CARTESIAN_POINT('Origin',(-1.075,0.849999999999999,0.0549999999999997));
#10353=CARTESIAN_POINT('',(-1.05,0.999999999999999,0.0299999999999981));
#10354=CARTESIAN_POINT('',(-16.5,1.,15.4799999999998));
#10355=CARTESIAN_POINT('',(-1.05,0.694862999999999,0.0299999999999997));
#10356=CARTESIAN_POINT('Origin',(-0.925,0.849999999999999,0.0549999999999997));
#10357=CARTESIAN_POINT('',(-0.899999999999998,0.919999999999999,0.0799999999999998));
#10358=CARTESIAN_POINT('',(-0.900000000000001,0.999999999999999,0.0800000000000006));
#10359=CARTESIAN_POINT('',(-0.899999999999998,0.694862999999999,0.0799999999999998));
#10360=CARTESIAN_POINT('',(-0.950000000000002,0.699999999999999,0.0299999999999997));
#10361=CARTESIAN_POINT('',(-0.951167500000001,0.694862999999998,0.0288324999999993));
#10362=CARTESIAN_POINT('',(-0.949999999999999,0.999999999999999,0.0300000000000026));
#10363=CARTESIAN_POINT('',(-0.949999999999999,0.694862999999999,0.0299999999999997));
#10364=CARTESIAN_POINT('',(-16.5,0.999999999999997,-15.5199999999998));
#10365=CARTESIAN_POINT('Origin',(-0.837499999999998,0.919999999999999,0.0799999999999997));
#10366=CARTESIAN_POINT('',(1.5,0.699999999999999,0.0299999999999991));
#10367=CARTESIAN_POINT('',(-16.5,0.919999999999999,0.0800000000000034));
#10368=CARTESIAN_POINT('Origin',(-0.837499999999998,0.999999999999999,0.0799999999999996));
#10369=CARTESIAN_POINT('',(-0.824999999999999,0.999999999999999,0.0799999999999996));
#10370=CARTESIAN_POINT('',(-16.5,0.999999999999999,0.0800000000000032));
#10371=CARTESIAN_POINT('',(-0.674999999999998,0.999999999999999,0.0799999999999995));
#10372=CARTESIAN_POINT('',(4.5,0.999999999999999,0.0799999999999984));
#10373=CARTESIAN_POINT('',(-16.5,0.999999999999999,0.0800000000000032));
#10374=CARTESIAN_POINT('Origin',(2.825,0.999999999999999,0.309999999999998));
#10375=CARTESIAN_POINT('',(-0.824999999999998,0.999999999999999,0.841614));
#10376=CARTESIAN_POINT('',(-16.5,0.999999999999999,0.0300000000000031));
#10377=CARTESIAN_POINT('Origin',(-0.674999999999998,1.24577907539775,0.170500231015466));
#10378=CARTESIAN_POINT('',(-0.674999999999998,0.999999999999999,0.841614));
#10379=CARTESIAN_POINT('',(-0.674999999999998,0.694862999999998,-2.22044604925031E-16));
#10380=CARTESIAN_POINT('',(-0.674999999999998,1.29999999999999,0.841613999999999));
#10381=CARTESIAN_POINT('',(-0.674999999999998,0.999999999999999,0.841614));
#10382=CARTESIAN_POINT('Origin',(-0.674999999999998,0.999999999999999,0.0786607773540646));
#10383=CARTESIAN_POINT('',(-0.824999999999998,0.999999999999999,0.841614));
#10384=CARTESIAN_POINT('Origin',(-0.824999999999999,1.24577907539775,0.170500231015466));
#10385=CARTESIAN_POINT('',(-0.824999999999999,1.29999999999999,0.109999999999999));
#10386=CARTESIAN_POINT('',(-0.824999999999999,0.919999999999986,-1.11022302462516E-16));
#10387=CARTESIAN_POINT('Origin',(3.325,0.999999999999999,0.309999999999998));
#10388=CARTESIAN_POINT('',(-0.324999999999999,0.999999999999999,0.0799999999999995));
#10389=CARTESIAN_POINT('',(-0.324999999999998,0.999999999999999,0.841613999999999));
#10390=CARTESIAN_POINT('',(-0.400000000000001,0.999999999999999,0.0800000000000005));
#10391=CARTESIAN_POINT('',(-16.,0.999999999999999,0.0800000000000031));
#10392=CARTESIAN_POINT('',(-0.449999999999999,0.999999999999999,0.0300000000000025));
#10393=CARTESIAN_POINT('',(-16.,0.999999999999997,-15.5199999999998));
#10394=CARTESIAN_POINT('',(-16.,0.999999999999999,0.030000000000003));
#10395=CARTESIAN_POINT('Origin',(-0.324999999999999,1.24577907539775,0.170500231015466));
#10396=CARTESIAN_POINT('',(-0.324999999999999,1.29999999999999,0.109999999999999));
#10397=CARTESIAN_POINT('',(-0.324999999999998,0.999999999999999,0.841613999999999));
#10398=CARTESIAN_POINT('Origin',(-0.174999999999998,0.999999999999999,0.0786607773540645));
#10399=CARTESIAN_POINT('',(-0.174999999999998,0.999999999999999,0.0799999999999994));
#10400=CARTESIAN_POINT('',(5.,0.999999999999999,0.0799999999999983));
#10401=CARTESIAN_POINT('',(-0.174999999999998,0.999999999999999,0.841613999999999));
#10402=CARTESIAN_POINT('Origin',(-0.174999999999998,1.24577907539775,0.170500231015465));
#10403=CARTESIAN_POINT('',(-0.174999999999998,1.29999999999999,0.841613999999999));
#10404=CARTESIAN_POINT('',(-0.174999999999998,0.999999999999999,0.841613999999999));
#10405=CARTESIAN_POINT('Origin',(-0.425,0.849999999999999,0.0549999999999996));
#10406=CARTESIAN_POINT('',(-0.399999999999998,0.919999999999999,0.0799999999999997));
#10407=CARTESIAN_POINT('',(-0.399999999999998,0.694862999999999,0.0799999999999997));
#10408=CARTESIAN_POINT('',(-0.450000000000002,0.699999999999999,0.0299999999999996));
#10409=CARTESIAN_POINT('',(-0.451167500000001,0.694862999999998,0.0288324999999992));
#10410=CARTESIAN_POINT('',(-0.449999999999999,0.694862999999999,0.0299999999999996));
#10411=CARTESIAN_POINT('Origin',(-0.337499999999998,0.999999999999999,0.0799999999999995));
#10412=CARTESIAN_POINT('',(-0.099999999999999,0.919999999999999,0.0799999999999996));
#10413=CARTESIAN_POINT('',(-16.,0.919999999999999,0.0800000000000033));
#10414=CARTESIAN_POINT('',(-0.099999999999999,0.999999999999999,0.0799999999999994));
#10415=CARTESIAN_POINT('',(-16.,0.999999999999999,0.0800000000000031));
#10416=CARTESIAN_POINT('',(-0.099999999999999,0.694862999999999,0.0799999999999996));
#10417=CARTESIAN_POINT('Origin',(-0.337499999999998,0.919999999999999,0.0799999999999996));
#10418=CARTESIAN_POINT('',(-0.0499999999999983,0.699999999999999,0.0299999999999995));
#10419=CARTESIAN_POINT('',(2.,0.699999999999999,0.029999999999999));
#10420=CARTESIAN_POINT('',(-0.0488324999999972,0.694862999999998,0.028832499999999));
#10421=CARTESIAN_POINT('Origin',(-0.0749999999999986,0.849999999999999,
0.0549999999999995));
#10422=CARTESIAN_POINT('',(-0.0499999999999974,0.999999999999999,0.0299999999999979));
#10423=CARTESIAN_POINT('',(-15.5,1.,15.4799999999998));
#10424=CARTESIAN_POINT('',(-0.05,0.694862999999999,0.0299999999999995));
#10425=CARTESIAN_POINT('Origin',(0.075,0.849999999999999,0.0549999999999995));
#10426=CARTESIAN_POINT('',(0.100000000000002,0.919999999999999,0.0799999999999996));
#10427=CARTESIAN_POINT('',(0.0999999999999995,0.999999999999999,0.0800000000000004));
#10428=CARTESIAN_POINT('',(0.100000000000002,0.694862999999999,0.0799999999999996));
#10429=CARTESIAN_POINT('',(0.0499999999999979,0.699999999999999,0.0299999999999995));
#10430=CARTESIAN_POINT('',(0.0488324999999994,0.694862999999998,0.028832499999999));
#10431=CARTESIAN_POINT('',(0.0500000000000014,0.999999999999999,0.0300000000000024));
#10432=CARTESIAN_POINT('',(0.0500000000000014,0.694862999999999,0.0299999999999995));
#10433=CARTESIAN_POINT('',(-15.5,0.999999999999997,-15.5199999999998));
#10434=CARTESIAN_POINT('Origin',(3.925,0.85,0.0549999999999983));
#10435=CARTESIAN_POINT('',(3.95,1.,0.0299999999999974));
#10436=CARTESIAN_POINT('',(3.95,0.7,0.0299999999999981));
#10437=CARTESIAN_POINT('',(3.95,0.694862999999999,0.0299999999999983));
#10438=CARTESIAN_POINT('',(3.9,0.919999999999999,0.0799999999999984));
#10439=CARTESIAN_POINT('',(3.9511675,0.694862999999999,0.0288324999999979));
#10440=CARTESIAN_POINT('',(3.9,1.,0.0799999999999954));
#10441=CARTESIAN_POINT('',(3.9,0.694862999999999,0.0799999999999984));
#10442=CARTESIAN_POINT('',(-12.,1.,15.9799999999998));
#10443=CARTESIAN_POINT('Origin',(2.575,0.849999999999999,0.0549999999999989));
#10444=CARTESIAN_POINT('',(2.6,0.919999999999999,0.0799999999999991));
#10445=CARTESIAN_POINT('',(2.6,0.999999999999999,0.0799999999999998));
#10446=CARTESIAN_POINT('',(2.6,0.694862999999999,0.0799999999999991));
#10447=CARTESIAN_POINT('',(2.55,0.699999999999999,0.0299999999999989));
#10448=CARTESIAN_POINT('',(2.5488325,0.694862999999998,0.0288324999999985));
#10449=CARTESIAN_POINT('',(2.55,0.999999999999999,0.0300000000000018));
#10450=CARTESIAN_POINT('',(2.55,0.694862999999999,0.0299999999999989));
#10451=CARTESIAN_POINT('',(-13.,0.999999999999997,-15.5199999999998));
#10452=CARTESIAN_POINT('Origin',(3.825,0.999999999999999,0.309999999999998));
#10453=CARTESIAN_POINT('',(0.175000000000001,0.999999999999999,0.0799999999999994));
#10454=CARTESIAN_POINT('',(0.175000000000002,0.999999999999999,0.841613999999999));
#10455=CARTESIAN_POINT('',(-15.5,0.999999999999999,0.080000000000003));
#10456=CARTESIAN_POINT('',(-15.5,0.999999999999999,0.0300000000000029));
#10457=CARTESIAN_POINT('Origin',(-0.824999999999999,1.29999999999999,0.109999999999999));
#10458=CARTESIAN_POINT('Origin',(-1.325,0.919999999999986,0.));
#10459=CARTESIAN_POINT('Origin',(-0.824999999999999,1.24999999999999,-2.22044604925031E-16));
#10460=CARTESIAN_POINT('Origin',(-0.324999999999999,1.29999999999999,0.109999999999999));
#10461=CARTESIAN_POINT('Origin',(3.6625,1.,0.0799999999999982));
#10462=CARTESIAN_POINT('',(-12.,0.92,0.0800000000000021));
#10463=CARTESIAN_POINT('',(-12.,1.,0.0800000000000018));
#10464=CARTESIAN_POINT('',(-12.,1.,0.0800000000000018));
#10465=CARTESIAN_POINT('Origin',(4.5275,-1.825,0.614999999999998));
#10466=CARTESIAN_POINT('',(4.4525,-1.9,0.130000000000001));
#10467=CARTESIAN_POINT('',(4.4525,-1.9,0.999999999999999));
#10468=CARTESIAN_POINT('',(4.4525,-1.9,0.614999999999998));
#10469=CARTESIAN_POINT('',(4.5025,-1.85,0.179999999999998));
#10470=CARTESIAN_POINT('',(7.04736299999998,0.694863,2.72486299999997));
#10471=CARTESIAN_POINT('',(4.6025,-1.75,0.179999999999998));
#10472=CARTESIAN_POINT('',(7.04736299999998,0.694862999999999,0.179999999999998));
#10473=CARTESIAN_POINT('',(4.6025,-1.75,0.999999999999999));
#10474=CARTESIAN_POINT('',(4.6025,-1.75,0.614999999999998));
#10475=CARTESIAN_POINT('',(7.04736299999998,0.694862999999999,0.999999999999998));
#10476=CARTESIAN_POINT('Origin',(4.4775,-1.35,0.154999999999998));
#10477=CARTESIAN_POINT('',(4.4525,-0.800000000000001,0.129999999999999));
#10478=CARTESIAN_POINT('',(4.4525,0.0749362304206375,0.129999999999998));
#10479=CARTESIAN_POINT('',(4.5025,-0.800000000000001,0.179999999999998));
#10480=CARTESIAN_POINT('',(4.6025,-0.800000000000001,0.279999999999998));
#10481=CARTESIAN_POINT('',(4.5025,0.0749362304206375,0.179999999999998));
#10482=CARTESIAN_POINT('Origin',(4.4525,-1.9,0.0299999999999983));
#10483=CARTESIAN_POINT('',(4.4525,-1.9,0.0299999999999984));
#10484=CARTESIAN_POINT('',(4.4525,-1.9,0.402847335292078));
#10485=CARTESIAN_POINT('',(4.4525,1.,0.029999999999998));
#10486=CARTESIAN_POINT('',(4.4525,0.694862999999999,0.0299999999999981));
#10487=CARTESIAN_POINT('',(4.4525,1.,0.079999999999998));
#10488=CARTESIAN_POINT('',(4.4525,1.,0.841613999999998));
#10489=CARTESIAN_POINT('',(4.4525,-0.800000000000001,0.0799999999999982));
#10490=CARTESIAN_POINT('',(4.4525,-1.9,0.0799999999999983));
#10491=CARTESIAN_POINT('',(4.4525,-0.800000000000001,0.402847335292078));
#10492=CARTESIAN_POINT('Origin',(5.,0.999999999999999,0.0799999999999979));
#10493=CARTESIAN_POINT('',(5.,-0.800000000000001,0.0799999999999981));
#10494=CARTESIAN_POINT('',(4.6025,-0.800000000000001,0.0799999999999982));
#10495=CARTESIAN_POINT('',(5.,1.,0.0799999999999979));
#10496=CARTESIAN_POINT('',(-12.,1.,0.0800000000000017));
#10497=CARTESIAN_POINT('',(5.,1.744235,0.0799999999999979));
#10498=CARTESIAN_POINT('Origin',(4.43367832868971,-0.800000000000001,0.556369515364616));
#10499=CARTESIAN_POINT('',(5.,-0.800000000000001,0.179999999999998));
#10500=CARTESIAN_POINT('',(5.,-0.800000000000001,1.258386));
#10501=CARTESIAN_POINT('',(4.6025,-0.800000000000002,0.179999999999998));
#10502=CARTESIAN_POINT('',(5.,-0.800000000000001,0.179999999999998));
#10503=CARTESIAN_POINT('',(4.6025,-0.800000000000001,0.179999999999998));
#10504=CARTESIAN_POINT('Origin',(4.8,-0.800000000000001,0.179999999999998));
#10505=CARTESIAN_POINT('',(5.,-1.,0.329999999999998));
#10506=CARTESIAN_POINT('',(5.,-0.800000000000001,0.179999999999998));
#10507=CARTESIAN_POINT('',(4.6025,-1.,0.329999999999998));
#10508=CARTESIAN_POINT('',(5.5,-1.,0.329999999999998));
#10509=CARTESIAN_POINT('',(4.6025,0.694862999999999,-0.941147250000002));
#10510=CARTESIAN_POINT('Origin',(4.4525,-1.9,0.179999999999998));
#10511=CARTESIAN_POINT('',(4.6025,0.694862999999999,0.179999999999998));
#10512=CARTESIAN_POINT('Origin',(4.6025,0.0749362304206374,0.402847335292078));
#10513=CARTESIAN_POINT('',(4.6025,-1.,0.999999999999999));
#10514=CARTESIAN_POINT('',(4.6025,-1.,0.841613999999998));
#10515=CARTESIAN_POINT('',(4.6025,0.694862999999999,0.999999999999998));
#10516=CARTESIAN_POINT('Origin',(4.8,-1.,0.329999999999998));
#10517=CARTESIAN_POINT('',(5.,-1.,0.999999999999999));
#10518=CARTESIAN_POINT('',(5.,-1.,0.841613999999998));
#10519=CARTESIAN_POINT('',(-12.,-1.,1.));
#10520=CARTESIAN_POINT('',(4.765,-1.,0.819999999999999));
#10521=CARTESIAN_POINT('',(4.615,-1.,0.819999999999999));
#10522=CARTESIAN_POINT('',(5.5,-1.,0.819999999999998));
#10523=CARTESIAN_POINT('',(4.765,-1.,0.51));
#10524=CARTESIAN_POINT('',(4.765,-1.,0.841613999999998));
#10525=CARTESIAN_POINT('',(4.615,-1.,0.51));
#10526=CARTESIAN_POINT('',(5.5,-1.,0.51));
#10527=CARTESIAN_POINT('',(4.615,-1.,0.841613999999998));
#10528=CARTESIAN_POINT('Origin',(4.765,-1.15,0.0678271361313563));
#10529=CARTESIAN_POINT('',(4.765,-1.14777996931896,0.0178764458080458));
#10530=CARTESIAN_POINT('',(4.615,-1.14777996931896,0.0178764458080459));
#10531=CARTESIAN_POINT('',(4.765,-1.14777996931896,0.0178764458080458));
#10532=CARTESIAN_POINT('',(4.615,-1.1,0.0678271361313563));
#10533=CARTESIAN_POINT('Origin',(4.615,-1.15,0.0678271361313564));
#10534=CARTESIAN_POINT('',(4.765,-1.1,0.0678271361313563));
#10535=CARTESIAN_POINT('',(4.765,-1.1,0.0678271361313563));
#10536=CARTESIAN_POINT('Origin',(4.765,-1.15,0.0678271361313563));
#10537=CARTESIAN_POINT('Origin',(4.765,-1.14777996931896,0.0178764458080458));
#10538=CARTESIAN_POINT('',(4.765,-1.55,-1.77635683940025E-15));
#10539=CARTESIAN_POINT('',(4.615,-1.55,-1.66533453693773E-15));
#10540=CARTESIAN_POINT('',(4.765,-1.55,-1.77635683940025E-15));
#10541=CARTESIAN_POINT('',(4.615,-1.55,-1.66533453693773E-15));
#10542=CARTESIAN_POINT('',(4.765,-1.55,-1.77635683940025E-15));
#10543=CARTESIAN_POINT('Origin',(4.765,-1.55,-1.77635683940025E-15));
#10544=CARTESIAN_POINT('',(4.765,-1.6,0.0499999999999989));
#10545=CARTESIAN_POINT('',(4.615,-1.6,0.049999999999999));
#10546=CARTESIAN_POINT('',(4.765,-1.6,0.0499999999999989));
#10547=CARTESIAN_POINT('',(4.615,-1.6,0.049999999999999));
#10548=CARTESIAN_POINT('',(4.765,-1.6,0.0499999999999989));
#10549=CARTESIAN_POINT('Origin',(4.765,-1.6,0.0499999999999989));
#10550=CARTESIAN_POINT('',(4.765,-1.6,0.119999999999998));
#10551=CARTESIAN_POINT('',(4.615,-1.6,0.119999999999998));
#10552=CARTESIAN_POINT('',(4.765,-1.6,0.119999999999998));
#10553=CARTESIAN_POINT('',(4.615,-1.6,0.049999999999999));
#10554=CARTESIAN_POINT('',(4.765,-1.6,0.0499999999999989));
#10555=CARTESIAN_POINT('Origin',(4.765,-1.65,0.119999999999998));
#10556=CARTESIAN_POINT('',(4.765,-1.65,0.169999999999998));
#10557=CARTESIAN_POINT('',(4.615,-1.65,0.169999999999998));
#10558=CARTESIAN_POINT('',(4.765,-1.65,0.169999999999998));
#10559=CARTESIAN_POINT('Origin',(4.615,-1.65,0.119999999999998));
#10560=CARTESIAN_POINT('Origin',(4.765,-1.65,0.119999999999998));
#10561=CARTESIAN_POINT('Origin',(4.765,-1.65,0.169999999999998));
#10562=CARTESIAN_POINT('',(4.765,-1.82499999999999,0.169999999999998));
#10563=CARTESIAN_POINT('',(4.615,-1.82499999999999,0.169999999999998));
#10564=CARTESIAN_POINT('',(4.765,-1.82499999999999,0.169999999999998));
#10565=CARTESIAN_POINT('',(4.615,-1.65,0.169999999999998));
#10566=CARTESIAN_POINT('',(4.765,-1.65,0.169999999999998));
#10567=CARTESIAN_POINT('Origin',(4.765,-1.82499999999999,0.169999999999998));
#10568=CARTESIAN_POINT('',(4.765,-1.82499999999999,0.369999999999999));
#10569=CARTESIAN_POINT('',(4.615,-1.82499999999999,0.369999999999999));
#10570=CARTESIAN_POINT('',(4.765,-1.82499999999999,0.369999999999999));
#10571=CARTESIAN_POINT('',(4.615,-1.82499999999999,0.369999999999999));
#10572=CARTESIAN_POINT('',(4.765,-1.82499999999999,0.369999999999999));
#10573=CARTESIAN_POINT('Origin',(4.765,-1.82499999999999,0.369999999999999));
#10574=CARTESIAN_POINT('',(4.765,-1.79999999999998,0.369999999999999));
#10575=CARTESIAN_POINT('',(4.615,-1.79999999999998,0.369999999999999));
#10576=CARTESIAN_POINT('',(4.765,-1.79999999999998,0.369999999999999));
#10577=CARTESIAN_POINT('',(4.615,-1.79999999999998,0.369999999999999));
#10578=CARTESIAN_POINT('',(4.765,-1.79999999999998,0.369999999999999));
#10579=CARTESIAN_POINT('Origin',(4.765,-1.79999999999998,0.419999999999999));
#10580=CARTESIAN_POINT('',(4.765,-1.74999999999999,0.419999999999999));
#10581=CARTESIAN_POINT('',(4.615,-1.74999999999999,0.419999999999999));
#10582=CARTESIAN_POINT('',(4.765,-1.74999999999999,0.419999999999999));
#10583=CARTESIAN_POINT('Origin',(4.615,-1.79999999999998,0.419999999999999));
#10584=CARTESIAN_POINT('Origin',(4.765,-1.79999999999998,0.419999999999999));
#10585=CARTESIAN_POINT('Origin',(4.765,-1.74999999999999,0.419999999999999));
#10586=CARTESIAN_POINT('',(4.765,-1.74999999999999,0.47));
#10587=CARTESIAN_POINT('',(4.615,-1.74999999999999,0.47));
#10588=CARTESIAN_POINT('',(4.765,-1.74999999999999,0.47));
#10589=CARTESIAN_POINT('',(4.615,-1.74999999999999,0.419999999999999));
#10590=CARTESIAN_POINT('',(4.765,-1.74999999999999,0.419999999999999));
#10591=CARTESIAN_POINT('Origin',(4.765,-1.79999999999998,0.47));
#10592=CARTESIAN_POINT('',(4.765,-1.79999999999998,0.52));
#10593=CARTESIAN_POINT('',(4.615,-1.79999999999998,0.52));
#10594=CARTESIAN_POINT('',(4.765,-1.79999999999998,0.52));
#10595=CARTESIAN_POINT('Origin',(4.615,-1.79999999999998,0.47));
#10596=CARTESIAN_POINT('Origin',(4.765,-1.79999999999998,0.47));
#10597=CARTESIAN_POINT('Origin',(4.765,-1.79999999999998,0.52));
#10598=CARTESIAN_POINT('',(4.765,-1.9,0.519999999999998));
#10599=CARTESIAN_POINT('',(4.615,-1.9,0.519999999999999));
#10600=CARTESIAN_POINT('',(4.765,-1.9,0.519999999999998));
#10601=CARTESIAN_POINT('',(4.615,-1.9,0.52));
#10602=CARTESIAN_POINT('',(4.765,-1.9,0.52));
#10603=CARTESIAN_POINT('Origin',(4.765,-1.9,0.519999999999998));
#10604=CARTESIAN_POINT('',(4.765,-1.9,0.819999999999999));
#10605=CARTESIAN_POINT('',(4.615,-1.9,0.819999999999999));
#10606=CARTESIAN_POINT('',(4.765,-1.9,0.819999999999999));
#10607=CARTESIAN_POINT('',(4.615,-1.9,0.52));
#10608=CARTESIAN_POINT('',(4.765,-1.9,0.52));
#10609=CARTESIAN_POINT('Origin',(4.765,-1.1,0.46));
#10610=CARTESIAN_POINT('',(4.615,-1.1,0.459999999999998));
#10611=CARTESIAN_POINT('',(4.615,-1.1,0.841613999999998));
#10612=CARTESIAN_POINT('',(4.765,-1.1,0.459999999999998));
#10613=CARTESIAN_POINT('',(4.765,-1.1,0.459999999999998));
#10614=CARTESIAN_POINT('',(4.765,-1.1,0.841613999999998));
#10615=CARTESIAN_POINT('Origin',(4.765,0.799999999999999,0.819999999999998));
#10616=CARTESIAN_POINT('',(4.765,0.694862999999998,0.819999999999998));
#10617=CARTESIAN_POINT('',(4.615,0.694862999999998,0.819999999999998));
#10618=CARTESIAN_POINT('Origin',(4.765,-1.22889738369333,0.397842849918335));
#10619=CARTESIAN_POINT('',(4.765,-1.05,0.509999999999998));
#10620=CARTESIAN_POINT('Origin',(4.765,-1.05,0.459999999999998));
#10621=CARTESIAN_POINT('',(4.765,0.694862999999998,0.509999999999998));
#10622=CARTESIAN_POINT('Origin',(4.615,-1.464196,0.375200999999999));
#10623=CARTESIAN_POINT('',(4.615,-1.05,0.509999999999998));
#10624=CARTESIAN_POINT('',(4.615,0.694862999999998,0.509999999999998));
#10625=CARTESIAN_POINT('Origin',(4.615,-1.05,0.459999999999998));
#10626=CARTESIAN_POINT('Origin',(4.765,-1.1,0.509999999999998));
#10627=CARTESIAN_POINT('',(4.765,-1.05,0.509999999999997));
#10628=CARTESIAN_POINT('Origin',(4.765,-1.05,0.459999999999998));
#10629=CARTESIAN_POINT('Origin',(5.,0.694862999999999,0.841613999999998));
#10630=CARTESIAN_POINT('',(5.,1.,0.999999999999998));
#10631=CARTESIAN_POINT('',(5.,0.694862999999999,0.999999999999998));
#10632=CARTESIAN_POINT('',(5.,1.,0.841613999999998));
#10633=CARTESIAN_POINT('Origin',(3.825,1.,0.309999999999998));
#10634=CARTESIAN_POINT('',(3.825,1.,0.841613999999998));
#10635=CARTESIAN_POINT('',(4.9,0.999999999999999,0.309999999999998));
#10636=CARTESIAN_POINT('',(-12.,1.,0.310000000000002));
#10637=CARTESIAN_POINT('',(4.9,1.,0.999999999999998));
#10638=CARTESIAN_POINT('',(4.9,1.,0.841613999999998));
#10639=CARTESIAN_POINT('',(-12.,1.,1.));
#10640=CARTESIAN_POINT('',(-12.,1.,0.0300000000000018));
#10641=CARTESIAN_POINT('Origin',(2.825,1.24577907539775,0.170500231015465));
#10642=CARTESIAN_POINT('',(2.825,0.999999999999999,0.0799999999999986));
#10643=CARTESIAN_POINT('',(2.825,0.999999999999999,0.0786607773540638));
#10644=CARTESIAN_POINT('',(2.825,0.999999999999999,0.841613999999999));
#10645=CARTESIAN_POINT('',(2.825,0.943186633610997,0.0654115469993382));
#10646=CARTESIAN_POINT('',(2.825,0.694862999999998,0.00750093135816521));
#10647=CARTESIAN_POINT('',(2.825,0.919999999999987,0.0361954891124608));
#10648=CARTESIAN_POINT('Origin',(2.825,0.949999999999987,0.0361954891124607));
#10649=CARTESIAN_POINT('',(2.825,0.919999999999986,-9.99200722162641E-16));
#10650=CARTESIAN_POINT('',(2.825,0.919999999999986,0.841613999999999));
#10651=CARTESIAN_POINT('',(2.825,1.24999999999999,-1.11022302462516E-15));
#10652=CARTESIAN_POINT('',(2.825,0.694862999999998,-9.99200722162641E-16));
#10653=CARTESIAN_POINT('',(2.825,1.29999999999999,0.0499999999999996));
#10654=CARTESIAN_POINT('',(2.825,0.694862999999997,-0.555136999999911));
#10655=CARTESIAN_POINT('',(2.825,1.29999999999999,0.109999999999998));
#10656=CARTESIAN_POINT('',(2.825,1.29999999999999,0.841613999999999));
#10657=CARTESIAN_POINT('',(2.825,1.35,0.159999999999999));
#10658=CARTESIAN_POINT('Origin',(2.825,1.35,0.109999999999998));
#10659=CARTESIAN_POINT('',(2.825,1.35,0.841613999999999));
#10660=CARTESIAN_POINT('',(2.825,0.999999999999999,0.841613999999999));
#10661=CARTESIAN_POINT('Origin',(-8.285,-0.600000000000001,0.690000000000001));
#10662=CARTESIAN_POINT('',(6.785,-0.6,0.689999999999998));
#10663=CARTESIAN_POINT('Origin',(4.85,0.949999999999999,0.674999999999998));
#10664=CARTESIAN_POINT('',(4.8,0.899999999999998,0.309999999999998));
#10665=CARTESIAN_POINT('',(5.5,1.6,0.309999999999998));
#10666=CARTESIAN_POINT('',(4.8,0.899999999999999,0.840000000000008));
#10667=CARTESIAN_POINT('',(4.8,0.899999999999999,0.841613999999998));
#10668=CARTESIAN_POINT('',(4.8,0.899999999999999,0.999999999999998));
#10669=CARTESIAN_POINT('',(4.8,0.899999999999999,0.841613999999998));
#10670=CARTESIAN_POINT('',(-12.,-15.9,1.00000000000001));
#10671=CARTESIAN_POINT('Origin',(-5.825,-0.0699999999997936,0.840000000000011));
#10672=CARTESIAN_POINT('',(4.8,0.694862999999998,0.840000000000008));
#10673=CARTESIAN_POINT('',(4.77,0.899999999999999,0.840000000000008));
#10674=CARTESIAN_POINT('',(5.5,0.899999999999999,0.840000000000008));
#10675=CARTESIAN_POINT('',(4.77,0.694862999999998,0.840000000000008));
#10676=CARTESIAN_POINT('Origin',(4.77,1.04560231776126,-0.794708000000002));
#10677=CARTESIAN_POINT('',(4.77,0.899999999999999,0.309999999999998));
#10678=CARTESIAN_POINT('',(4.77,0.899999999999999,0.841613999999998));
#10679=CARTESIAN_POINT('',(4.77,0.694862999999998,0.309999999999998));
#10680=CARTESIAN_POINT('',(4.77,1.65,0.841613999999998));
#10681=CARTESIAN_POINT('',(4.77,0.694862999999998,0.89));
#10682=CARTESIAN_POINT('Origin',(4.8,0.289999999999999,0.309999999999998));
#10683=CARTESIAN_POINT('',(5.5,0.899999999999999,0.309999999999998));
#10684=CARTESIAN_POINT('Origin',(-2.75,1.65,0.47));
#10685=CARTESIAN_POINT('Origin',(-43.1766243888419,-1.49386726829363,1.00000000000001));
#10686=CARTESIAN_POINT('',(-5.5,-1.9,1.));
#10687=CARTESIAN_POINT('',(5.5,-1.9,0.999999999999999));
#10688=CARTESIAN_POINT('',(4.8,0.694862999999999,0.999999999999998));
#10689=CARTESIAN_POINT('Origin',(-24.385,-1.9,1.05000000000001));
#10690=CARTESIAN_POINT('',(1.5,-1.9,0.029999999999999));
#10691=CARTESIAN_POINT('Origin',(4.745,1.60372431776126,0.914999999999998));
#10692=CARTESIAN_POINT('Origin',(3.6625,0.919999999999999,0.0799999999999983));
#10693=CARTESIAN_POINT('',(-12.,0.7,0.0300000000000019));
#10694=CARTESIAN_POINT('Origin',(3.675,1.24577907539775,0.170500231015464));
#10695=CARTESIAN_POINT('',(3.675,1.,0.841613999999998));
#10696=CARTESIAN_POINT('',(3.675,1.35,0.159999999999998));
#10697=CARTESIAN_POINT('',(3.675,1.35,0.310000000000001));
#10698=CARTESIAN_POINT('',(3.675,1.3,0.109999999999998));
#10699=CARTESIAN_POINT('Origin',(3.675,1.35,0.109999999999998));
#10700=CARTESIAN_POINT('',(3.675,1.3,0.0499999999999989));
#10701=CARTESIAN_POINT('',(3.675,1.3,0.109999999999998));
#10702=CARTESIAN_POINT('',(3.675,1.24999999999999,-1.66533453693773E-15));
#10703=CARTESIAN_POINT('',(3.675,1.3,0.049999999999999));
#10704=CARTESIAN_POINT('',(3.675,0.919999999999986,-1.55431223447522E-15));
#10705=CARTESIAN_POINT('',(3.675,0.919999999999986,-1.55431223447522E-15));
#10706=CARTESIAN_POINT('',(3.675,0.919999999999988,0.0361954891124602));
#10707=CARTESIAN_POINT('',(3.675,0.919999999999986,-1.55431223447522E-15));
#10708=CARTESIAN_POINT('',(3.675,0.943186633610998,0.0654115469993376));
#10709=CARTESIAN_POINT('Origin',(3.675,0.949999999999988,0.0361954891124602));
#10710=CARTESIAN_POINT('',(3.675,0.943186633610998,0.0654115469993376));
#10711=CARTESIAN_POINT('Origin',(-20.1207195148812,-0.6,0.487455497580434));
#10712=CARTESIAN_POINT('Origin',(4.8,0.694862999999999,0.841613999999998));
#10713=CARTESIAN_POINT('Origin',(3.75,0.899999999999999,0.289999999999998));
#10714=CARTESIAN_POINT('Origin',(3.675,1.35,0.310000000000001));
#10715=CARTESIAN_POINT('',(3.825,1.35,0.159999999999998));
#10716=CARTESIAN_POINT('',(3.825,1.35,0.310000000000001));
#10717=CARTESIAN_POINT('',(3.675,1.35,0.159999999999998));
#10718=CARTESIAN_POINT('Origin',(3.675,1.35,0.109999999999998));
#10719=CARTESIAN_POINT('',(3.825,1.3,0.109999999999998));
#10720=CARTESIAN_POINT('Origin',(3.825,1.35,0.109999999999998));
#10721=CARTESIAN_POINT('',(3.675,1.3,0.109999999999998));
#10722=CARTESIAN_POINT('Origin',(3.675,1.29999999999999,0.109999999999998));
#10723=CARTESIAN_POINT('',(3.825,1.29999999999999,0.0499999999999992));
#10724=CARTESIAN_POINT('',(3.825,1.29999999999999,0.109999999999998));
#10725=CARTESIAN_POINT('',(3.675,1.29999999999999,0.049999999999999));
#10726=CARTESIAN_POINT('Origin',(3.675,1.3,0.049999999999999));
#10727=CARTESIAN_POINT('',(3.825,1.24999999999999,-1.33226762955019E-15));
#10728=CARTESIAN_POINT('',(3.825,1.29999999999999,0.049999999999999));
#10729=CARTESIAN_POINT('',(3.675,1.24999999999999,-1.66533453693773E-15));
#10730=CARTESIAN_POINT('Origin',(3.675,1.24999999999999,-1.66533453693773E-15));
#10731=CARTESIAN_POINT('',(3.825,0.919999999999986,-1.55431223447522E-15));
#10732=CARTESIAN_POINT('',(3.825,0.919999999999986,-1.55431223447522E-15));
#10733=CARTESIAN_POINT('',(3.675,0.919999999999986,-1.55431223447522E-15));
#10734=CARTESIAN_POINT('Origin',(3.675,0.919999999999986,-1.55431223447522E-15));
#10735=CARTESIAN_POINT('',(3.825,0.919999999999988,0.0361954891124602));
#10736=CARTESIAN_POINT('',(3.825,0.919999999999986,-1.55431223447522E-15));
#10737=CARTESIAN_POINT('',(3.675,0.919999999999988,0.0361954891124602));
#10738=CARTESIAN_POINT('Origin',(3.675,0.949999999999988,0.0361954891124602));
#10739=CARTESIAN_POINT('',(3.825,0.943186633610997,0.0654115469993376));
#10740=CARTESIAN_POINT('Origin',(3.825,0.949999999999987,0.0361954891124602));
#10741=CARTESIAN_POINT('',(3.675,0.943186633610997,0.0654115469993376));
#10742=CARTESIAN_POINT('Origin',(3.675,0.943186633610998,0.0654115469993376));
#10743=CARTESIAN_POINT('',(3.825,0.943186633610997,0.0654115469993376));
#10744=CARTESIAN_POINT('Origin',(3.325,1.24577907539775,0.170500231015465));
#10745=CARTESIAN_POINT('',(3.325,0.999999999999999,0.0799999999999985));
#10746=CARTESIAN_POINT('',(3.325,0.999999999999999,0.0786607773540636));
#10747=CARTESIAN_POINT('',(3.325,0.999999999999999,0.841613999999999));
#10748=CARTESIAN_POINT('',(3.325,0.943186633610997,0.0654115469993379));
#10749=CARTESIAN_POINT('',(3.325,0.694862999999998,0.00750093135816499));
#10750=CARTESIAN_POINT('',(3.325,0.919999999999987,0.0361954891124605));
#10751=CARTESIAN_POINT('Origin',(3.325,0.949999999999987,0.0361954891124605));
#10752=CARTESIAN_POINT('',(3.325,0.919999999999986,-1.22124532708767E-15));
#10753=CARTESIAN_POINT('',(3.325,0.919999999999986,0.841613999999999));
#10754=CARTESIAN_POINT('',(3.325,1.24999999999999,-1.33226762955019E-15));
#10755=CARTESIAN_POINT('',(3.325,0.694862999999998,-1.22124532708767E-15));
#10756=CARTESIAN_POINT('',(3.325,1.29999999999999,0.0499999999999994));
#10757=CARTESIAN_POINT('',(3.325,0.694862999999997,-0.555136999999911));
#10758=CARTESIAN_POINT('',(3.325,1.29999999999999,0.109999999999998));
#10759=CARTESIAN_POINT('',(3.325,1.29999999999999,0.841613999999998));
#10760=CARTESIAN_POINT('',(3.325,1.35,0.159999999999999));
#10761=CARTESIAN_POINT('Origin',(3.325,1.35,0.109999999999998));
#10762=CARTESIAN_POINT('',(3.325,1.35,0.841613999999998));
#10763=CARTESIAN_POINT('',(3.325,1.,0.841613999999999));
#10764=CARTESIAN_POINT('Origin',(3.325,0.999999999999999,0.0786607773540636));
#10765=CARTESIAN_POINT('',(3.175,0.999999999999999,0.0799999999999985));
#10766=CARTESIAN_POINT('',(8.5,0.999999999999999,0.0799999999999973));
#10767=CARTESIAN_POINT('',(3.175,0.999999999999999,0.0786607773540636));
#10768=CARTESIAN_POINT('',(3.175,0.999999999999999,0.841613999999999));
#10769=CARTESIAN_POINT('',(8.5,0.999999999999999,0.0786607773540625));
#10770=CARTESIAN_POINT('Origin',(3.175,1.24577907539775,0.170500231015465));
#10771=CARTESIAN_POINT('',(3.175,0.999999999999999,0.841613999999999));
#10772=CARTESIAN_POINT('',(3.175,1.35,0.159999999999999));
#10773=CARTESIAN_POINT('',(3.175,1.35,0.310000000000001));
#10774=CARTESIAN_POINT('',(3.175,1.29999999999999,0.109999999999998));
#10775=CARTESIAN_POINT('Origin',(3.175,1.35,0.109999999999998));
#10776=CARTESIAN_POINT('',(3.175,1.29999999999999,0.0499999999999993));
#10777=CARTESIAN_POINT('',(3.175,1.29999999999999,0.109999999999998));
#10778=CARTESIAN_POINT('',(3.175,1.24999999999999,-1.33226762955019E-15));
#10779=CARTESIAN_POINT('',(3.175,1.29999999999999,0.0499999999999994));
#10780=CARTESIAN_POINT('',(3.175,0.919999999999986,-1.22124532708767E-15));
#10781=CARTESIAN_POINT('',(3.175,0.919999999999986,-1.22124532708767E-15));
#10782=CARTESIAN_POINT('',(3.175,0.919999999999987,0.0361954891124605));
#10783=CARTESIAN_POINT('',(3.175,0.919999999999986,-1.22124532708767E-15));
#10784=CARTESIAN_POINT('',(3.175,0.943186633610997,0.0654115469993379));
#10785=CARTESIAN_POINT('Origin',(3.175,0.949999999999987,0.0361954891124605));
#10786=CARTESIAN_POINT('',(3.175,0.943186633610997,0.0654115469993379));
#10787=CARTESIAN_POINT('Origin',(3.175,1.35,0.310000000000001));
#10788=CARTESIAN_POINT('',(3.175,1.35,0.159999999999999));
#10789=CARTESIAN_POINT('Origin',(3.175,1.35,0.109999999999998));
#10790=CARTESIAN_POINT('',(3.175,1.29999999999999,0.109999999999998));
#10791=CARTESIAN_POINT('Origin',(3.175,1.29999999999999,0.109999999999998));
#10792=CARTESIAN_POINT('',(3.175,1.29999999999999,0.0499999999999994));
#10793=CARTESIAN_POINT('Origin',(3.175,1.29999999999999,0.0499999999999994));
#10794=CARTESIAN_POINT('',(3.175,1.24999999999999,-1.33226762955019E-15));
#10795=CARTESIAN_POINT('Origin',(3.175,1.24999999999999,-1.33226762955019E-15));
#10796=CARTESIAN_POINT('',(3.175,0.919999999999986,-1.22124532708767E-15));
#10797=CARTESIAN_POINT('Origin',(3.175,0.919999999999986,-1.22124532708767E-15));
#10798=CARTESIAN_POINT('',(3.175,0.919999999999987,0.0361954891124605));
#10799=CARTESIAN_POINT('Origin',(3.175,0.949999999999987,0.0361954891124605));
#10800=CARTESIAN_POINT('',(3.175,0.943186633610997,0.0654115469993379));
#10801=CARTESIAN_POINT('Origin',(3.175,0.943186633610997,0.0654115469993379));
#10802=CARTESIAN_POINT('Origin',(2.325,1.24577907539775,0.170500231015465));
#10803=CARTESIAN_POINT('',(2.325,0.999999999999999,0.0799999999999989));
#10804=CARTESIAN_POINT('',(2.325,0.999999999999999,0.078660777354064));
#10805=CARTESIAN_POINT('',(2.325,0.999999999999999,0.841613999999999));
#10806=CARTESIAN_POINT('',(2.325,0.943186633610997,0.0654115469993383));
#10807=CARTESIAN_POINT('',(2.325,0.694862999999998,0.00750093135816532));
#10808=CARTESIAN_POINT('',(2.325,0.919999999999987,0.0361954891124609));
#10809=CARTESIAN_POINT('Origin',(2.325,0.949999999999987,0.0361954891124608));
#10810=CARTESIAN_POINT('',(2.325,0.919999999999986,-8.88178419700125E-16));
#10811=CARTESIAN_POINT('',(2.325,0.919999999999986,0.841613999999999));
#10812=CARTESIAN_POINT('',(2.325,1.24999999999999,-9.99200722162641E-16));
#10813=CARTESIAN_POINT('',(2.325,0.694862999999998,-8.88178419700125E-16));
#10814=CARTESIAN_POINT('',(2.325,1.29999999999999,0.0499999999999997));
#10815=CARTESIAN_POINT('',(2.325,0.694862999999997,-0.555136999999911));
#10816=CARTESIAN_POINT('',(2.325,1.29999999999999,0.109999999999999));
#10817=CARTESIAN_POINT('',(2.325,1.29999999999999,0.841613999999999));
#10818=CARTESIAN_POINT('',(2.325,1.35,0.159999999999999));
#10819=CARTESIAN_POINT('Origin',(2.325,1.35,0.109999999999998));
#10820=CARTESIAN_POINT('',(2.325,1.35,0.841613999999999));
#10821=CARTESIAN_POINT('',(2.325,0.999999999999999,0.841613999999999));
#10822=CARTESIAN_POINT('Origin',(6.325,0.999999999999999,0.309999999999998));
#10823=CARTESIAN_POINT('',(2.675,0.999999999999999,0.0799999999999989));
#10824=CARTESIAN_POINT('',(2.675,0.999999999999999,0.841613999999999));
#10825=CARTESIAN_POINT('',(-13.,0.999999999999999,0.0800000000000024));
#10826=CARTESIAN_POINT('',(2.45,0.999999999999999,0.0299999999999974));
#10827=CARTESIAN_POINT('',(-13.,0.999999999999999,0.0300000000000024));
#10828=CARTESIAN_POINT('',(2.4,0.999999999999999,0.0799999999999989));
#10829=CARTESIAN_POINT('',(-13.,1.,15.4799999999998));
#10830=CARTESIAN_POINT('',(-13.5,0.999999999999999,0.0800000000000025));
#10831=CARTESIAN_POINT('Origin',(2.825,0.999999999999999,0.0786607773540638));
#10832=CARTESIAN_POINT('',(8.,0.999999999999999,0.0799999999999976));
#10833=CARTESIAN_POINT('',(2.675,0.999999999999999,0.078660777354064));
#10834=CARTESIAN_POINT('',(2.675,0.999999999999999,0.841613999999999));
#10835=CARTESIAN_POINT('',(8.,0.999999999999999,0.0786607773540629));
#10836=CARTESIAN_POINT('Origin',(2.675,1.24577907539775,0.170500231015465));
#10837=CARTESIAN_POINT('',(2.675,1.35,0.159999999999999));
#10838=CARTESIAN_POINT('',(2.675,1.35,0.310000000000001));
#10839=CARTESIAN_POINT('',(2.675,1.29999999999999,0.109999999999998));
#10840=CARTESIAN_POINT('Origin',(2.675,1.35,0.109999999999998));
#10841=CARTESIAN_POINT('',(2.675,1.29999999999999,0.0499999999999996));
#10842=CARTESIAN_POINT('',(2.675,1.29999999999999,0.109999999999998));
#10843=CARTESIAN_POINT('',(2.675,1.24999999999999,-9.99200722162641E-16));
#10844=CARTESIAN_POINT('',(2.675,1.29999999999999,0.0499999999999997));
#10845=CARTESIAN_POINT('',(2.675,0.919999999999986,-8.88178419700125E-16));
#10846=CARTESIAN_POINT('',(2.675,0.919999999999986,-8.88178419700125E-16));
#10847=CARTESIAN_POINT('',(2.675,0.919999999999987,0.0361954891124609));
#10848=CARTESIAN_POINT('',(2.675,0.919999999999986,-8.88178419700125E-16));
#10849=CARTESIAN_POINT('',(2.675,0.943186633610997,0.0654115469993383));
#10850=CARTESIAN_POINT('Origin',(2.675,0.949999999999987,0.0361954891124608));
#10851=CARTESIAN_POINT('',(2.675,0.943186633610997,0.0654115469993383));
#10852=CARTESIAN_POINT('Origin',(2.675,1.35,0.310000000000001));
#10853=CARTESIAN_POINT('',(2.675,1.35,0.159999999999999));
#10854=CARTESIAN_POINT('Origin',(2.675,1.35,0.109999999999998));
#10855=CARTESIAN_POINT('',(2.675,1.29999999999999,0.109999999999998));
#10856=CARTESIAN_POINT('Origin',(2.675,1.29999999999999,0.109999999999998));
#10857=CARTESIAN_POINT('',(2.675,1.29999999999999,0.0499999999999997));
#10858=CARTESIAN_POINT('Origin',(2.675,1.29999999999999,0.0499999999999997));
#10859=CARTESIAN_POINT('',(2.675,1.24999999999999,-9.99200722162641E-16));
#10860=CARTESIAN_POINT('Origin',(2.675,1.24999999999999,-9.99200722162641E-16));
#10861=CARTESIAN_POINT('',(2.675,0.919999999999986,-8.88178419700125E-16));
#10862=CARTESIAN_POINT('Origin',(2.675,0.919999999999986,-8.88178419700125E-16));
#10863=CARTESIAN_POINT('',(2.675,0.919999999999987,0.0361954891124609));
#10864=CARTESIAN_POINT('Origin',(2.675,0.949999999999987,0.0361954891124608));
#10865=CARTESIAN_POINT('',(2.675,0.943186633610997,0.0654115469993383));
#10866=CARTESIAN_POINT('Origin',(2.675,0.943186633610997,0.0654115469993383));
#10867=CARTESIAN_POINT('Origin',(2.6625,0.999999999999999,0.0799999999999989));
#10868=CARTESIAN_POINT('',(-13.,0.919999999999999,0.0800000000000026));
#10869=CARTESIAN_POINT('',(-13.,0.999999999999999,0.0800000000000023));
#10870=CARTESIAN_POINT('Origin',(2.6625,0.919999999999999,0.079999999999999));
#10871=CARTESIAN_POINT('',(5.5,0.699999999999999,0.0299999999999983));
#10872=CARTESIAN_POINT('Origin',(-48.6025,0.999999999999999,0.0300000000000105));
#10873=CARTESIAN_POINT('',(0.450000000000002,0.699999999999999,0.0299999999999995));
#10874=CARTESIAN_POINT('',(2.5,0.699999999999999,0.029999999999999));
#10875=CARTESIAN_POINT('',(0.450000000000003,0.999999999999999,0.0299999999999979));
#10876=CARTESIAN_POINT('',(0.45,0.694862999999999,0.0299999999999995));
#10877=CARTESIAN_POINT('',(0.550000000000001,0.999999999999999,0.0300000000000024));
#10878=CARTESIAN_POINT('',(-15.,0.999999999999999,0.0300000000000029));
#10879=CARTESIAN_POINT('',(0.549999999999998,0.699999999999999,0.0299999999999995));
#10880=CARTESIAN_POINT('',(0.550000000000001,0.694862999999999,0.0299999999999995));
#10881=CARTESIAN_POINT('',(0.950000000000002,0.699999999999999,0.0299999999999994));
#10882=CARTESIAN_POINT('',(3.,0.699999999999999,0.0299999999999989));
#10883=CARTESIAN_POINT('',(0.950000000000003,0.999999999999999,0.0299999999999978));
#10884=CARTESIAN_POINT('',(0.95,0.694862999999999,0.0299999999999994));
#10885=CARTESIAN_POINT('',(1.05,0.999999999999999,0.0300000000000022));
#10886=CARTESIAN_POINT('',(-14.5,0.999999999999999,0.0300000000000028));
#10887=CARTESIAN_POINT('',(1.05,0.699999999999999,0.0299999999999994));
#10888=CARTESIAN_POINT('',(1.05,0.694862999999999,0.0299999999999994));
#10889=CARTESIAN_POINT('',(1.45,0.699999999999999,0.0299999999999991));
#10890=CARTESIAN_POINT('',(3.5,0.699999999999999,0.0299999999999987));
#10891=CARTESIAN_POINT('',(1.45,0.999999999999999,0.0299999999999976));
#10892=CARTESIAN_POINT('',(1.45,0.694862999999999,0.0299999999999991));
#10893=CARTESIAN_POINT('',(1.55,0.999999999999999,0.030000000000002));
#10894=CARTESIAN_POINT('',(-14.,0.999999999999999,0.0300000000000026));
#10895=CARTESIAN_POINT('',(1.55,0.699999999999999,0.0299999999999991));
#10896=CARTESIAN_POINT('',(1.55,0.694862999999999,0.0299999999999991));
#10897=CARTESIAN_POINT('',(1.95,0.699999999999999,0.029999999999999));
#10898=CARTESIAN_POINT('',(4.,0.699999999999999,0.0299999999999986));
#10899=CARTESIAN_POINT('',(1.95,0.999999999999999,0.0299999999999975));
#10900=CARTESIAN_POINT('',(1.95,0.694862999999999,0.029999999999999));
#10901=CARTESIAN_POINT('',(2.05,0.999999999999999,0.0300000000000019));
#10902=CARTESIAN_POINT('',(-13.5,0.999999999999999,0.0300000000000025));
#10903=CARTESIAN_POINT('',(2.05,0.699999999999999,0.029999999999999));
#10904=CARTESIAN_POINT('',(2.05,0.694862999999999,0.029999999999999));
#10905=CARTESIAN_POINT('',(2.45,0.699999999999999,0.0299999999999989));
#10906=CARTESIAN_POINT('',(5.,0.699999999999999,0.0299999999999984));
#10907=CARTESIAN_POINT('',(2.45,0.694862999999999,0.0299999999999989));
#10908=CARTESIAN_POINT('',(3.05,0.999999999999999,0.0300000000000016));
#10909=CARTESIAN_POINT('',(-12.5,0.999999999999999,0.0300000000000021));
#10910=CARTESIAN_POINT('',(3.05,0.699999999999999,0.0299999999999987));
#10911=CARTESIAN_POINT('',(3.05,0.694862999999999,0.0299999999999987));
#10912=CARTESIAN_POINT('',(6.,0.7,0.0299999999999978));
#10913=CARTESIAN_POINT('',(-12.,1.,0.0300000000000018));
#10914=CARTESIAN_POINT('Origin',(0.162500000000002,0.919999999999999,0.0799999999999996));
#10915=CARTESIAN_POINT('',(0.400000000000001,0.919999999999999,0.0799999999999996));
#10916=CARTESIAN_POINT('',(-15.5,0.919999999999999,0.0800000000000033));
#10917=CARTESIAN_POINT('',(0.451167500000003,0.694862999999998,0.028832499999999));
#10918=CARTESIAN_POINT('Origin',(0.162500000000002,0.999999999999999,0.0799999999999995));
#10919=CARTESIAN_POINT('',(0.325000000000002,0.999999999999999,0.0799999999999994));
#10920=CARTESIAN_POINT('',(5.5,0.999999999999999,0.0799999999999983));
#10921=CARTESIAN_POINT('',(0.400000000000001,0.999999999999999,0.0799999999999994));
#10922=CARTESIAN_POINT('',(-15.5,0.999999999999999,0.0800000000000031));
#10923=CARTESIAN_POINT('',(0.400000000000001,0.694862999999999,0.0799999999999996));
#10924=CARTESIAN_POINT('Origin',(0.325000000000002,1.24577907539775,0.170500231015465));
#10925=CARTESIAN_POINT('',(0.325000000000002,0.999999999999999,0.0786607773540645));
#10926=CARTESIAN_POINT('',(0.325000000000002,0.999999999999999,0.841613999999999));
#10927=CARTESIAN_POINT('',(0.325000000000002,0.943186633610997,0.0654115469993388));
#10928=CARTESIAN_POINT('',(0.325000000000002,0.694862999999998,0.00750093135816587));
#10929=CARTESIAN_POINT('',(0.325000000000002,0.919999999999987,0.0361954891124615));
#10930=CARTESIAN_POINT('Origin',(0.325000000000002,0.949999999999987,0.0361954891124614));
#10931=CARTESIAN_POINT('',(0.325000000000002,0.919999999999986,-3.33066907387547E-16));
#10932=CARTESIAN_POINT('',(0.325000000000002,0.919999999999986,0.841613999999999));
#10933=CARTESIAN_POINT('',(0.325000000000002,1.24999999999999,-4.44089209850063E-16));
#10934=CARTESIAN_POINT('',(0.325000000000002,0.694862999999998,-3.33066907387547E-16));
#10935=CARTESIAN_POINT('',(0.325000000000002,1.29999999999999,0.0500000000000003));
#10936=CARTESIAN_POINT('',(0.325000000000002,0.694862999999997,-0.555136999999911));
#10937=CARTESIAN_POINT('',(0.325000000000002,1.29999999999999,0.109999999999999));
#10938=CARTESIAN_POINT('',(0.325000000000002,1.29999999999999,0.841613999999999));
#10939=CARTESIAN_POINT('',(0.325000000000002,1.35,0.16));
#10940=CARTESIAN_POINT('Origin',(0.325000000000002,1.35,0.109999999999999));
#10941=CARTESIAN_POINT('',(0.325000000000002,1.35,0.841613999999999));
#10942=CARTESIAN_POINT('',(0.325000000000002,0.999999999999999,0.841613999999999));
#10943=CARTESIAN_POINT('Origin',(0.325000000000002,0.999999999999999,0.0786607773540645));
#10944=CARTESIAN_POINT('',(0.175000000000001,0.999999999999999,0.0786607773540645));
#10945=CARTESIAN_POINT('',(0.175000000000002,0.999999999999999,0.841613999999999));
#10946=CARTESIAN_POINT('',(5.5,0.999999999999999,0.0786607773540635));
#10947=CARTESIAN_POINT('Origin',(0.175000000000001,1.22594855864103,0.122254690831592));
#10948=CARTESIAN_POINT('',(0.175000000000001,1.35,0.16));
#10949=CARTESIAN_POINT('',(0.175000000000002,1.35,0.841613999999999));
#10950=CARTESIAN_POINT('',(0.175000000000001,1.29999999999999,0.109999999999999));
#10951=CARTESIAN_POINT('Origin',(0.175000000000001,1.35,0.109999999999999));
#10952=CARTESIAN_POINT('',(0.175000000000001,1.29999999999999,0.0500000000000004));
#10953=CARTESIAN_POINT('',(0.175000000000002,1.29999999999999,0.841613999999999));
#10954=CARTESIAN_POINT('',(0.175000000000001,1.24999999999999,-3.33066907387547E-16));
#10955=CARTESIAN_POINT('',(0.175000000000001,0.694862999999998,-0.55513699999991));
#10956=CARTESIAN_POINT('',(0.175000000000001,0.919999999999986,-2.22044604925031E-16));
#10957=CARTESIAN_POINT('',(0.175000000000001,0.694862999999998,-2.22044604925031E-16));
#10958=CARTESIAN_POINT('',(0.175000000000001,0.919999999999987,0.0361954891124615));
#10959=CARTESIAN_POINT('',(0.175000000000002,0.919999999999986,0.841613999999999));
#10960=CARTESIAN_POINT('',(0.175000000000001,0.943186633610997,0.0654115469993388));
#10961=CARTESIAN_POINT('Origin',(0.175000000000001,0.949999999999987,0.0361954891124615));
#10962=CARTESIAN_POINT('',(0.175000000000001,0.694862999999998,0.00750093135816599));
#10963=CARTESIAN_POINT('Origin',(0.175000000000001,1.35,0.310000000000002));
#10964=CARTESIAN_POINT('',(0.175000000000001,1.35,0.16));
#10965=CARTESIAN_POINT('Origin',(0.175000000000001,1.35,0.109999999999999));
#10966=CARTESIAN_POINT('',(0.175000000000001,1.29999999999999,0.109999999999999));
#10967=CARTESIAN_POINT('Origin',(0.175000000000001,1.29999999999999,0.109999999999999));
#10968=CARTESIAN_POINT('',(0.175000000000001,1.29999999999999,0.0500000000000004));
#10969=CARTESIAN_POINT('Origin',(0.175000000000001,1.29999999999999,0.0500000000000004));
#10970=CARTESIAN_POINT('',(0.175000000000001,1.24999999999999,-3.33066907387547E-16));
#10971=CARTESIAN_POINT('Origin',(0.175000000000001,1.24999999999999,-3.33066907387547E-16));
#10972=CARTESIAN_POINT('',(0.175000000000001,0.919999999999986,-2.22044604925031E-16));
#10973=CARTESIAN_POINT('Origin',(0.175000000000001,0.919999999999986,-2.22044604925031E-16));
#10974=CARTESIAN_POINT('',(0.175000000000001,0.919999999999987,0.0361954891124615));
#10975=CARTESIAN_POINT('Origin',(0.175000000000001,0.949999999999987,0.0361954891124615));
#10976=CARTESIAN_POINT('',(0.175000000000001,0.943186633610997,0.0654115469993389));
#10977=CARTESIAN_POINT('Origin',(0.175000000000001,0.943186633610997,0.0654115469993389));
#10978=CARTESIAN_POINT('Origin',(0.675000000000001,1.24577907539775,0.170500231015465));
#10979=CARTESIAN_POINT('',(0.675000000000001,0.999999999999999,0.0799999999999994));
#10980=CARTESIAN_POINT('',(0.675000000000002,0.999999999999999,0.841613999999999));
#10981=CARTESIAN_POINT('',(0.675000000000001,1.35,0.16));
#10982=CARTESIAN_POINT('',(0.675000000000001,1.35,0.310000000000002));
#10983=CARTESIAN_POINT('',(0.675000000000001,1.29999999999999,0.109999999999999));
#10984=CARTESIAN_POINT('Origin',(0.675000000000001,1.35,0.109999999999999));
#10985=CARTESIAN_POINT('',(0.675000000000001,1.29999999999999,0.0500000000000002));
#10986=CARTESIAN_POINT('',(0.675000000000001,1.29999999999999,0.109999999999999));
#10987=CARTESIAN_POINT('',(0.675000000000001,1.24999999999999,-4.44089209850063E-16));
#10988=CARTESIAN_POINT('',(0.675000000000001,1.29999999999999,0.0500000000000003));
#10989=CARTESIAN_POINT('',(0.675000000000001,0.919999999999986,-3.33066907387547E-16));
#10990=CARTESIAN_POINT('',(0.675000000000001,0.919999999999986,-3.33066907387547E-16));
#10991=CARTESIAN_POINT('',(0.675000000000001,0.919999999999987,0.0361954891124614));
#10992=CARTESIAN_POINT('',(0.675000000000001,0.919999999999986,-3.33066907387547E-16));
#10993=CARTESIAN_POINT('',(0.675000000000001,0.943186633610997,0.0654115469993388));
#10994=CARTESIAN_POINT('Origin',(0.675000000000001,0.949999999999987,0.0361954891124614));
#10995=CARTESIAN_POINT('',(0.675000000000001,0.999999999999999,0.0786607773540645));
#10996=CARTESIAN_POINT('',(0.675000000000001,0.943186633610997,0.0654115469993388));
#10997=CARTESIAN_POINT('',(0.675000000000002,0.999999999999999,0.841613999999999));
#10998=CARTESIAN_POINT('Origin',(0.825000000000002,0.999999999999999,0.0786607773540644));
#10999=CARTESIAN_POINT('',(0.825000000000002,0.999999999999999,0.0799999999999993));
#11000=CARTESIAN_POINT('',(6.,0.999999999999999,0.0799999999999982));
#11001=CARTESIAN_POINT('',(0.825000000000002,0.999999999999999,0.0786607773540644));
#11002=CARTESIAN_POINT('',(6.,0.999999999999999,0.0786607773540634));
#11003=CARTESIAN_POINT('',(0.825000000000002,0.999999999999999,0.841613999999999));
#11004=CARTESIAN_POINT('Origin',(0.825000000000002,1.24577907539775,0.170500231015465));
#11005=CARTESIAN_POINT('',(0.825000000000002,0.943186633610997,0.0654115469993387));
#11006=CARTESIAN_POINT('',(0.825000000000002,0.694862999999998,0.00750093135816576));
#11007=CARTESIAN_POINT('',(0.825000000000002,0.919999999999987,0.0361954891124614));
#11008=CARTESIAN_POINT('Origin',(0.825000000000002,0.949999999999987,0.0361954891124613));
#11009=CARTESIAN_POINT('',(0.825000000000002,0.919999999999986,-4.44089209850063E-16));
#11010=CARTESIAN_POINT('',(0.825000000000002,0.919999999999986,0.841613999999999));
#11011=CARTESIAN_POINT('',(0.825000000000002,1.24999999999999,-5.55111512312578E-16));
#11012=CARTESIAN_POINT('',(0.825000000000002,0.694862999999998,-4.44089209850063E-16));
#11013=CARTESIAN_POINT('',(0.825000000000002,1.29999999999999,0.0500000000000002));
#11014=CARTESIAN_POINT('',(0.825000000000002,0.694862999999997,-0.555136999999911));
#11015=CARTESIAN_POINT('',(0.825000000000002,1.29999999999999,0.109999999999999));
#11016=CARTESIAN_POINT('',(0.825000000000002,1.29999999999999,0.841613999999999));
#11017=CARTESIAN_POINT('',(0.825000000000002,1.35,0.16));
#11018=CARTESIAN_POINT('Origin',(0.825000000000002,1.35,0.109999999999999));
#11019=CARTESIAN_POINT('',(0.825000000000002,1.35,0.841613999999999));
#11020=CARTESIAN_POINT('',(0.825000000000002,0.999999999999999,0.841613999999999));
#11021=CARTESIAN_POINT('Origin',(4.325,0.999999999999999,0.309999999999998));
#11022=CARTESIAN_POINT('',(0.599999999999999,0.999999999999999,0.0800000000000004));
#11023=CARTESIAN_POINT('',(-15.,0.999999999999999,0.080000000000003));
#11024=CARTESIAN_POINT('',(-15.,0.999999999999997,-15.5199999999998));
#11025=CARTESIAN_POINT('',(-15.,1.,15.4799999999998));
#11026=CARTESIAN_POINT('Origin',(0.575,0.849999999999999,0.0549999999999995));
#11027=CARTESIAN_POINT('',(0.600000000000002,0.919999999999999,0.0799999999999996));
#11028=CARTESIAN_POINT('',(0.600000000000002,0.694862999999999,0.0799999999999996));
#11029=CARTESIAN_POINT('',(0.548832499999999,0.694862999999998,0.028832499999999));
#11030=CARTESIAN_POINT('Origin',(0.662500000000002,0.999999999999999,0.0799999999999994));
#11031=CARTESIAN_POINT('',(0.900000000000001,0.919999999999999,0.0799999999999995));
#11032=CARTESIAN_POINT('',(-15.,0.919999999999999,0.0800000000000032));
#11033=CARTESIAN_POINT('',(0.900000000000001,0.999999999999999,0.0799999999999993));
#11034=CARTESIAN_POINT('',(-15.,0.999999999999999,0.080000000000003));
#11035=CARTESIAN_POINT('',(0.900000000000001,0.694862999999999,0.0799999999999995));
#11036=CARTESIAN_POINT('Origin',(0.662500000000002,0.919999999999999,0.0799999999999995));
#11037=CARTESIAN_POINT('',(0.951167500000003,0.694862999999998,0.0288324999999989));
#11038=CARTESIAN_POINT('Origin',(0.925000000000001,0.849999999999999,0.0549999999999994));
#11039=CARTESIAN_POINT('',(-14.5,1.,15.4799999999998));
#11040=CARTESIAN_POINT('Origin',(1.075,0.849999999999999,0.0549999999999994));
#11041=CARTESIAN_POINT('',(1.1,0.919999999999999,0.0799999999999995));
#11042=CARTESIAN_POINT('',(1.1,0.999999999999999,0.0800000000000003));
#11043=CARTESIAN_POINT('',(1.1,0.694862999999999,0.0799999999999995));
#11044=CARTESIAN_POINT('',(1.0488325,0.694862999999998,0.0288324999999989));
#11045=CARTESIAN_POINT('',(-14.5,0.999999999999997,-15.5199999999998));
#11046=CARTESIAN_POINT('Origin',(1.1625,0.919999999999999,0.0799999999999994));
#11047=CARTESIAN_POINT('',(1.4,0.919999999999999,0.0799999999999993));
#11048=CARTESIAN_POINT('',(-14.5,0.919999999999999,0.0800000000000031));
#11049=CARTESIAN_POINT('',(1.4511675,0.694862999999998,0.0288324999999987));
#11050=CARTESIAN_POINT('Origin',(1.1625,0.999999999999999,0.0799999999999993));
#11051=CARTESIAN_POINT('',(1.175,0.999999999999999,0.0799999999999993));
#11052=CARTESIAN_POINT('',(-14.5,0.999999999999999,0.0800000000000028));
#11053=CARTESIAN_POINT('',(1.325,0.999999999999999,0.0799999999999991));
#11054=CARTESIAN_POINT('',(6.5,0.999999999999999,0.0799999999999981));
#11055=CARTESIAN_POINT('',(1.4,0.999999999999999,0.0799999999999991));
#11056=CARTESIAN_POINT('',(-14.5,0.999999999999999,0.0800000000000027));
#11057=CARTESIAN_POINT('',(1.4,0.694862999999999,0.0799999999999993));
#11058=CARTESIAN_POINT('Origin',(4.825,0.999999999999999,0.309999999999998));
#11059=CARTESIAN_POINT('',(1.175,0.999999999999999,0.841613999999999));
#11060=CARTESIAN_POINT('Origin',(1.325,1.24577907539775,0.170500231015465));
#11061=CARTESIAN_POINT('',(1.325,0.999999999999999,0.0786607773540643));
#11062=CARTESIAN_POINT('',(1.325,0.999999999999999,0.841613999999999));
#11063=CARTESIAN_POINT('',(1.325,0.943186633610997,0.0654115469993386));
#11064=CARTESIAN_POINT('',(1.325,0.694862999999998,0.00750093135816565));
#11065=CARTESIAN_POINT('',(1.325,0.919999999999987,0.0361954891124613));
#11066=CARTESIAN_POINT('Origin',(1.325,0.949999999999987,0.0361954891124612));
#11067=CARTESIAN_POINT('',(1.325,0.919999999999986,-5.55111512312578E-16));
#11068=CARTESIAN_POINT('',(1.325,0.919999999999986,0.841613999999999));
#11069=CARTESIAN_POINT('',(1.325,1.24999999999999,-6.66133814775094E-16));
#11070=CARTESIAN_POINT('',(1.325,0.694862999999998,-5.55111512312578E-16));
#11071=CARTESIAN_POINT('',(1.325,1.29999999999999,0.05));
#11072=CARTESIAN_POINT('',(1.325,0.694862999999997,-0.555136999999911));
#11073=CARTESIAN_POINT('',(1.325,1.29999999999999,0.109999999999999));
#11074=CARTESIAN_POINT('',(1.325,1.29999999999999,0.841613999999999));
#11075=CARTESIAN_POINT('',(1.325,1.35,0.159999999999999));
#11076=CARTESIAN_POINT('Origin',(1.325,1.35,0.109999999999999));
#11077=CARTESIAN_POINT('',(1.325,1.35,0.841613999999999));
#11078=CARTESIAN_POINT('',(1.325,0.999999999999999,0.841613999999999));
#11079=CARTESIAN_POINT('Origin',(1.325,0.999999999999999,0.0786607773540643));
#11080=CARTESIAN_POINT('',(1.175,0.999999999999999,0.0786607773540644));
#11081=CARTESIAN_POINT('',(1.175,0.999999999999999,0.841613999999999));
#11082=CARTESIAN_POINT('',(6.5,0.999999999999999,0.0786607773540633));
#11083=CARTESIAN_POINT('Origin',(1.175,1.24577907539775,0.170500231015465));
#11084=CARTESIAN_POINT('',(1.175,1.35,0.16));
#11085=CARTESIAN_POINT('',(1.175,1.35,0.310000000000002));
#11086=CARTESIAN_POINT('',(1.175,1.29999999999999,0.109999999999999));
#11087=CARTESIAN_POINT('Origin',(1.175,1.35,0.109999999999999));
#11088=CARTESIAN_POINT('',(1.175,1.29999999999999,0.05));
#11089=CARTESIAN_POINT('',(1.175,1.29999999999999,0.109999999999999));
#11090=CARTESIAN_POINT('',(1.175,1.24999999999999,-5.55111512312578E-16));
#11091=CARTESIAN_POINT('',(1.175,1.29999999999999,0.0500000000000002));
#11092=CARTESIAN_POINT('',(1.175,0.919999999999986,-4.44089209850063E-16));
#11093=CARTESIAN_POINT('',(1.175,0.919999999999986,-4.44089209850063E-16));
#11094=CARTESIAN_POINT('',(1.175,0.919999999999987,0.0361954891124613));
#11095=CARTESIAN_POINT('',(1.175,0.919999999999986,-4.44089209850063E-16));
#11096=CARTESIAN_POINT('',(1.175,0.943186633610997,0.0654115469993387));
#11097=CARTESIAN_POINT('Origin',(1.175,0.949999999999987,0.0361954891124613));
#11098=CARTESIAN_POINT('',(1.175,0.943186633610997,0.0654115469993387));
#11099=CARTESIAN_POINT('Origin',(5.325,0.999999999999999,0.309999999999998));
#11100=CARTESIAN_POINT('',(1.675,0.999999999999999,0.0799999999999991));
#11101=CARTESIAN_POINT('',(1.675,0.999999999999999,0.841613999999999));
#11102=CARTESIAN_POINT('',(1.6,0.999999999999999,0.0800000000000001));
#11103=CARTESIAN_POINT('',(-14.,0.999999999999999,0.0800000000000026));
#11104=CARTESIAN_POINT('',(-14.,0.999999999999997,-15.5199999999998));
#11105=CARTESIAN_POINT('',(-14.,1.,15.4799999999998));
#11106=CARTESIAN_POINT('Origin',(1.675,1.24577907539775,0.170500231015465));
#11107=CARTESIAN_POINT('',(1.675,1.35,0.159999999999999));
#11108=CARTESIAN_POINT('',(1.675,1.35,0.310000000000001));
#11109=CARTESIAN_POINT('',(1.675,1.29999999999999,0.109999999999999));
#11110=CARTESIAN_POINT('Origin',(1.675,1.35,0.109999999999999));
#11111=CARTESIAN_POINT('',(1.675,1.29999999999999,0.0499999999999998));
#11112=CARTESIAN_POINT('',(1.675,1.29999999999999,0.109999999999999));
#11113=CARTESIAN_POINT('',(1.675,1.24999999999999,-7.7715611723761E-16));
#11114=CARTESIAN_POINT('',(1.675,1.29999999999999,0.0499999999999999));
#11115=CARTESIAN_POINT('',(1.675,0.919999999999986,-6.66133814775094E-16));
#11116=CARTESIAN_POINT('',(1.675,0.919999999999986,-6.66133814775094E-16));
#11117=CARTESIAN_POINT('',(1.675,0.919999999999987,0.0361954891124611));
#11118=CARTESIAN_POINT('',(1.675,0.919999999999986,-6.66133814775094E-16));
#11119=CARTESIAN_POINT('',(1.675,0.943186633610997,0.0654115469993385));
#11120=CARTESIAN_POINT('Origin',(1.675,0.949999999999987,0.0361954891124611));
#11121=CARTESIAN_POINT('',(1.675,0.999999999999999,0.0786607773540642));
#11122=CARTESIAN_POINT('',(1.675,0.943186633610997,0.0654115469993385));
#11123=CARTESIAN_POINT('',(1.675,0.999999999999999,0.841613999999999));
#11124=CARTESIAN_POINT('Origin',(1.825,0.999999999999999,0.0786607773540641));
#11125=CARTESIAN_POINT('',(1.825,0.999999999999999,0.079999999999999));
#11126=CARTESIAN_POINT('',(7.,0.999999999999999,0.0799999999999979));
#11127=CARTESIAN_POINT('',(1.825,0.999999999999999,0.0786607773540641));
#11128=CARTESIAN_POINT('',(7.,0.999999999999999,0.0786607773540631));
#11129=CARTESIAN_POINT('',(1.825,0.999999999999999,0.841613999999999));
#11130=CARTESIAN_POINT('Origin',(1.825,1.24577907539775,0.170500231015465));
#11131=CARTESIAN_POINT('',(1.825,0.943186633610997,0.0654115469993384));
#11132=CARTESIAN_POINT('',(1.825,0.694862999999998,0.00750093135816543));
#11133=CARTESIAN_POINT('',(1.825,0.919999999999987,0.036195489112461));
#11134=CARTESIAN_POINT('Origin',(1.825,0.949999999999987,0.036195489112461));
#11135=CARTESIAN_POINT('',(1.825,0.919999999999986,-7.7715611723761E-16));
#11136=CARTESIAN_POINT('',(1.825,0.919999999999986,0.841613999999999));
#11137=CARTESIAN_POINT('',(1.825,1.24999999999999,-8.88178419700125E-16));
#11138=CARTESIAN_POINT('',(1.825,0.694862999999998,-7.7715611723761E-16));
#11139=CARTESIAN_POINT('',(1.825,1.29999999999999,0.0499999999999998));
#11140=CARTESIAN_POINT('',(1.825,0.694862999999997,-0.555136999999911));
#11141=CARTESIAN_POINT('',(1.825,1.29999999999999,0.109999999999999));
#11142=CARTESIAN_POINT('',(1.825,1.29999999999999,0.841613999999999));
#11143=CARTESIAN_POINT('',(1.825,1.35,0.159999999999999));
#11144=CARTESIAN_POINT('Origin',(1.825,1.35,0.109999999999999));
#11145=CARTESIAN_POINT('',(1.825,1.35,0.841613999999999));
#11146=CARTESIAN_POINT('',(1.825,0.999999999999999,0.841613999999999));
#11147=CARTESIAN_POINT('Origin',(1.575,0.849999999999999,0.0549999999999992));
#11148=CARTESIAN_POINT('',(1.6,0.919999999999999,0.0799999999999993));
#11149=CARTESIAN_POINT('',(1.6,0.694862999999999,0.0799999999999993));
#11150=CARTESIAN_POINT('',(1.5488325,0.694862999999998,0.0288324999999987));
#11151=CARTESIAN_POINT('Origin',(1.6625,0.999999999999999,0.0799999999999991));
#11152=CARTESIAN_POINT('',(1.9,0.919999999999999,0.0799999999999992));
#11153=CARTESIAN_POINT('',(-14.,0.919999999999999,0.0800000000000028));
#11154=CARTESIAN_POINT('',(1.9,0.999999999999999,0.079999999999999));
#11155=CARTESIAN_POINT('',(-14.,0.999999999999999,0.0800000000000026));
#11156=CARTESIAN_POINT('',(1.9,0.694862999999999,0.0799999999999992));
#11157=CARTESIAN_POINT('Origin',(1.6625,0.919999999999999,0.0799999999999992));
#11158=CARTESIAN_POINT('',(1.9511675,0.694862999999998,0.0288324999999986));
#11159=CARTESIAN_POINT('Origin',(1.925,0.849999999999999,0.0549999999999991));
#11160=CARTESIAN_POINT('',(-13.5,1.,15.4799999999998));
#11161=CARTESIAN_POINT('Origin',(2.075,0.849999999999999,0.0549999999999991));
#11162=CARTESIAN_POINT('',(2.1,0.919999999999999,0.0799999999999992));
#11163=CARTESIAN_POINT('',(2.1,0.999999999999999,0.08));
#11164=CARTESIAN_POINT('',(2.1,0.694862999999999,0.0799999999999992));
#11165=CARTESIAN_POINT('',(2.0488325,0.694862999999998,0.0288324999999986));
#11166=CARTESIAN_POINT('',(-13.5,0.999999999999997,-15.5199999999998));
#11167=CARTESIAN_POINT('Origin',(2.1625,0.919999999999999,0.0799999999999991));
#11168=CARTESIAN_POINT('',(2.4,0.919999999999999,0.0799999999999991));
#11169=CARTESIAN_POINT('',(-13.5,0.919999999999999,0.0800000000000027));
#11170=CARTESIAN_POINT('',(2.4511675,0.694862999999998,0.0288324999999985));
#11171=CARTESIAN_POINT('Origin',(2.1625,0.999999999999999,0.079999999999999));
#11172=CARTESIAN_POINT('',(2.175,0.999999999999999,0.079999999999999));
#11173=CARTESIAN_POINT('',(-13.5,0.999999999999999,0.0800000000000025));
#11174=CARTESIAN_POINT('',(7.5,0.999999999999999,0.0799999999999977));
#11175=CARTESIAN_POINT('',(2.4,0.694862999999999,0.0799999999999991));
#11176=CARTESIAN_POINT('Origin',(5.825,0.999999999999999,0.309999999999998));
#11177=CARTESIAN_POINT('',(2.175,0.999999999999999,0.841613999999999));
#11178=CARTESIAN_POINT('Origin',(2.325,0.999999999999999,0.078660777354064));
#11179=CARTESIAN_POINT('',(2.175,0.999999999999999,0.0786607773540641));
#11180=CARTESIAN_POINT('',(2.175,0.999999999999999,0.841613999999999));
#11181=CARTESIAN_POINT('',(7.5,0.999999999999999,0.078660777354063));
#11182=CARTESIAN_POINT('Origin',(2.175,1.24577907539775,0.170500231015465));
#11183=CARTESIAN_POINT('',(2.175,1.35,0.159999999999999));
#11184=CARTESIAN_POINT('',(2.175,1.35,0.310000000000001));
#11185=CARTESIAN_POINT('',(2.175,1.29999999999999,0.109999999999999));
#11186=CARTESIAN_POINT('Origin',(2.175,1.35,0.109999999999999));
#11187=CARTESIAN_POINT('',(2.175,1.29999999999999,0.0499999999999997));
#11188=CARTESIAN_POINT('',(2.175,1.29999999999999,0.109999999999999));
#11189=CARTESIAN_POINT('',(2.175,1.24999999999999,-8.88178419700125E-16));
#11190=CARTESIAN_POINT('',(2.175,1.29999999999999,0.0499999999999998));
#11191=CARTESIAN_POINT('',(2.175,0.919999999999986,-7.7715611723761E-16));
#11192=CARTESIAN_POINT('',(2.175,0.919999999999986,-7.7715611723761E-16));
#11193=CARTESIAN_POINT('',(2.175,0.919999999999987,0.036195489112461));
#11194=CARTESIAN_POINT('',(2.175,0.919999999999986,-7.7715611723761E-16));
#11195=CARTESIAN_POINT('',(2.175,0.943186633610997,0.0654115469993384));
#11196=CARTESIAN_POINT('Origin',(2.175,0.949999999999987,0.036195489112461));
#11197=CARTESIAN_POINT('',(2.175,0.943186633610997,0.0654115469993384));
#11198=CARTESIAN_POINT('Origin',(2.175,0.943186633610997,0.0654115469993384));
#11199=CARTESIAN_POINT('',(2.175,0.943186633610997,0.0654115469993384));
#11200=CARTESIAN_POINT('Origin',(2.175,0.949999999999987,0.036195489112461));
#11201=CARTESIAN_POINT('',(2.175,0.919999999999987,0.036195489112461));
#11202=CARTESIAN_POINT('Origin',(2.175,0.919999999999986,-7.7715611723761E-16));
#11203=CARTESIAN_POINT('',(2.175,0.919999999999986,-7.7715611723761E-16));
#11204=CARTESIAN_POINT('Origin',(2.175,1.24999999999999,-8.88178419700125E-16));
#11205=CARTESIAN_POINT('',(2.175,1.24999999999999,-8.88178419700125E-16));
#11206=CARTESIAN_POINT('Origin',(2.175,1.29999999999999,0.0499999999999998));
#11207=CARTESIAN_POINT('',(2.175,1.29999999999999,0.0499999999999998));
#11208=CARTESIAN_POINT('Origin',(2.175,1.29999999999999,0.109999999999999));
#11209=CARTESIAN_POINT('',(2.175,1.29999999999999,0.109999999999999));
#11210=CARTESIAN_POINT('Origin',(2.175,1.35,0.109999999999999));
#11211=CARTESIAN_POINT('',(2.175,1.35,0.159999999999999));
#11212=CARTESIAN_POINT('Origin',(2.175,1.35,0.310000000000001));
#11213=CARTESIAN_POINT('Origin',(2.425,0.849999999999999,0.0549999999999989));
#11214=CARTESIAN_POINT('Origin',(1.675,1.35,0.310000000000001));
#11215=CARTESIAN_POINT('',(1.675,1.35,0.159999999999999));
#11216=CARTESIAN_POINT('Origin',(1.675,1.35,0.109999999999999));
#11217=CARTESIAN_POINT('',(1.675,1.29999999999999,0.109999999999999));
#11218=CARTESIAN_POINT('Origin',(1.675,1.29999999999999,0.109999999999999));
#11219=CARTESIAN_POINT('',(1.675,1.29999999999999,0.0499999999999999));
#11220=CARTESIAN_POINT('Origin',(1.675,1.29999999999999,0.0499999999999999));
#11221=CARTESIAN_POINT('',(1.675,1.24999999999999,-7.7715611723761E-16));
#11222=CARTESIAN_POINT('Origin',(1.675,1.24999999999999,-7.7715611723761E-16));
#11223=CARTESIAN_POINT('',(1.675,0.919999999999986,-6.66133814775094E-16));
#11224=CARTESIAN_POINT('Origin',(1.675,0.919999999999986,-6.66133814775094E-16));
#11225=CARTESIAN_POINT('',(1.675,0.919999999999987,0.0361954891124611));
#11226=CARTESIAN_POINT('Origin',(1.675,0.949999999999987,0.0361954891124611));
#11227=CARTESIAN_POINT('',(1.675,0.943186633610997,0.0654115469993385));
#11228=CARTESIAN_POINT('Origin',(1.675,0.943186633610997,0.0654115469993385));
#11229=CARTESIAN_POINT('Origin',(1.175,1.35,0.310000000000002));
#11230=CARTESIAN_POINT('',(1.175,1.35,0.16));
#11231=CARTESIAN_POINT('Origin',(1.175,1.35,0.109999999999999));
#11232=CARTESIAN_POINT('',(1.175,1.29999999999999,0.109999999999999));
#11233=CARTESIAN_POINT('Origin',(1.175,1.29999999999999,0.109999999999999));
#11234=CARTESIAN_POINT('',(1.175,1.29999999999999,0.0500000000000002));
#11235=CARTESIAN_POINT('Origin',(1.175,1.29999999999999,0.0500000000000002));
#11236=CARTESIAN_POINT('',(1.175,1.24999999999999,-5.55111512312578E-16));
#11237=CARTESIAN_POINT('Origin',(1.175,1.24999999999999,-5.55111512312578E-16));
#11238=CARTESIAN_POINT('',(1.175,0.919999999999986,-4.44089209850063E-16));
#11239=CARTESIAN_POINT('Origin',(1.175,0.919999999999986,-4.44089209850063E-16));
#11240=CARTESIAN_POINT('',(1.175,0.919999999999987,0.0361954891124613));
#11241=CARTESIAN_POINT('Origin',(1.175,0.949999999999987,0.0361954891124613));
#11242=CARTESIAN_POINT('',(1.175,0.943186633610997,0.0654115469993387));
#11243=CARTESIAN_POINT('Origin',(1.175,0.943186633610997,0.0654115469993387));
#11244=CARTESIAN_POINT('Origin',(1.425,0.849999999999999,0.0549999999999992));
#11245=CARTESIAN_POINT('Origin',(0.675000000000001,1.35,0.310000000000002));
#11246=CARTESIAN_POINT('',(0.675000000000001,1.35,0.16));
#11247=CARTESIAN_POINT('Origin',(0.675000000000001,1.35,0.109999999999999));
#11248=CARTESIAN_POINT('',(0.675000000000001,1.29999999999999,0.109999999999999));
#11249=CARTESIAN_POINT('Origin',(0.675000000000001,1.29999999999999,0.109999999999999));
#11250=CARTESIAN_POINT('',(0.675000000000001,1.29999999999999,0.0500000000000003));
#11251=CARTESIAN_POINT('Origin',(0.675000000000001,1.29999999999999,0.0500000000000003));
#11252=CARTESIAN_POINT('',(0.675000000000001,1.24999999999999,-4.44089209850063E-16));
#11253=CARTESIAN_POINT('Origin',(0.675000000000001,1.24999999999999,-4.44089209850063E-16));
#11254=CARTESIAN_POINT('',(0.675000000000001,0.919999999999986,-3.33066907387547E-16));
#11255=CARTESIAN_POINT('Origin',(0.675000000000001,0.919999999999986,-3.33066907387547E-16));
#11256=CARTESIAN_POINT('',(0.675000000000001,0.919999999999987,0.0361954891124614));
#11257=CARTESIAN_POINT('Origin',(0.675000000000001,0.949999999999987,0.0361954891124614));
#11258=CARTESIAN_POINT('',(0.675000000000001,0.943186633610997,0.0654115469993388));
#11259=CARTESIAN_POINT('Origin',(0.675000000000001,0.943186633610997,0.0654115469993388));
#11260=CARTESIAN_POINT('Origin',(0.425000000000001,0.849999999999999,0.0549999999999995));
#11261=CARTESIAN_POINT('Origin',(3.075,0.849999999999999,0.0549999999999987));
#11262=CARTESIAN_POINT('',(3.1,0.919999999999999,0.0799999999999989));
#11263=CARTESIAN_POINT('',(3.1,0.999999999999999,0.0799999999999996));
#11264=CARTESIAN_POINT('',(3.1,0.694862999999999,0.0799999999999989));
#11265=CARTESIAN_POINT('',(3.0488325,0.694862999999998,0.0288324999999983));
#11266=CARTESIAN_POINT('',(-12.5,0.999999999999997,-15.5199999999998));
#11267=CARTESIAN_POINT('Origin',(3.1625,0.919999999999999,0.0799999999999987));
#11268=CARTESIAN_POINT('',(-12.5,0.919999999999999,0.0800000000000024));
#11269=CARTESIAN_POINT('Origin',(3.1625,0.999999999999999,0.0799999999999986));
#11270=CARTESIAN_POINT('',(-12.5,0.999999999999999,0.0800000000000022));
#11271=CARTESIAN_POINT('',(-12.5,1.,0.080000000000002));
#11272=CARTESIAN_POINT('Origin',(6.825,0.999999999999999,0.309999999999997));
#11273=CARTESIAN_POINT('Origin',(3.825,1.,0.309999999999998));
#11274=CARTESIAN_POINT('Origin',(3.825,1.24577907539775,0.170500231015464));
#11275=UNCERTAINTY_MEASURE_WITH_UNIT(LENGTH_MEASURE(0.01),#11279,
'DISTANCE_ACCURACY_VALUE',
'Maximum model space distance between geometric entities at asserted c
onnectivities');
#11276=UNCERTAINTY_MEASURE_WITH_UNIT(LENGTH_MEASURE(0.01),#11279,
'DISTANCE_ACCURACY_VALUE',
'Maximum model space distance between geometric entities at asserted c
onnectivities');
#11277=(
GEOMETRIC_REPRESENTATION_CONTEXT(3)
GLOBAL_UNCERTAINTY_ASSIGNED_CONTEXT((#11275))
GLOBAL_UNIT_ASSIGNED_CONTEXT((#11279,#11281,#11282))
REPRESENTATION_CONTEXT('','3D')
);
#11278=(
GEOMETRIC_REPRESENTATION_CONTEXT(3)
GLOBAL_UNCERTAINTY_ASSIGNED_CONTEXT((#11276))
GLOBAL_UNIT_ASSIGNED_CONTEXT((#11279,#11281,#11282))
REPRESENTATION_CONTEXT('','3D')
);
#11279=(
LENGTH_UNIT()
NAMED_UNIT(*)
SI_UNIT(.MILLI.,.METRE.)
);
#11280=(
LENGTH_UNIT()
NAMED_UNIT(*)
SI_UNIT($,.METRE.)
);
#11281=(
NAMED_UNIT(*)
PLANE_ANGLE_UNIT()
SI_UNIT($,.RADIAN.)
);
#11282=(
NAMED_UNIT(*)
SI_UNIT($,.STERADIAN.)
SOLID_ANGLE_UNIT()
);
#11283=SHAPE_DEFINITION_REPRESENTATION(#11284,#11285);
#11284=PRODUCT_DEFINITION_SHAPE('',$,#11287);
#11285=SHAPE_REPRESENTATION('',(#7027),#11277);
#11286=PRODUCT_DEFINITION_CONTEXT('part definition',#11291,'design');
#11287=PRODUCT_DEFINITION('FH34SRJ-16S-0.5SH','(Unsaved)',#11288,#11286);
#11288=PRODUCT_DEFINITION_FORMATION('',$,#11293);
#11289=PRODUCT_RELATED_PRODUCT_CATEGORY('(Unsaved)','(Unsaved)',(#11293));
#11290=APPLICATION_PROTOCOL_DEFINITION('international standard',
'automotive_design',2009,#11291);
#11291=APPLICATION_CONTEXT(
'Core Data for Automotive Mechanical Design Process');
#11292=PRODUCT_CONTEXT('part definition',#11291,'mechanical');
#11293=PRODUCT('FH34SRJ-16S-0.5SH','(Unsaved)',
'CoCreate Modeling STEP Export',(#11292));
#11294=PRESENTATION_STYLE_ASSIGNMENT((#11296));
#11295=PRESENTATION_STYLE_ASSIGNMENT((#11297));
#11296=SURFACE_STYLE_USAGE(.BOTH.,#11298);
#11297=SURFACE_STYLE_USAGE(.BOTH.,#11299);
#11298=SURFACE_SIDE_STYLE('',(#11300));
#11299=SURFACE_SIDE_STYLE('',(#11301));
#11300=SURFACE_STYLE_FILL_AREA(#11302);
#11301=SURFACE_STYLE_FILL_AREA(#11303);
#11302=FILL_AREA_STYLE('Steel - Satin',(#11304));
#11303=FILL_AREA_STYLE(
'PEKK - Polyetherketoneketone Reinforced With Carbon Fibers - HT-23 (w
ith EOS P 810 3D Printer)',(#11305));
#11304=FILL_AREA_STYLE_COLOUR('Steel - Satin',#11306);
#11305=FILL_AREA_STYLE_COLOUR(
'PEKK - Polyetherketoneketone Reinforced With Carbon Fibers - HT-23 (w
ith EOS P 810 3D Printer)',#11307);
#11306=COLOUR_RGB('Steel - Satin',0.627450980392157,0.627450980392157,0.627450980392157);
#11307=COLOUR_RGB(
'PEKK - Polyetherketoneketone Reinforced With Carbon Fibers - HT-23 (w
ith EOS P 810 3D Printer)',0.352941176470588,0.352941176470588,0.352941176470588);
ENDSEC;
END-ISO-10303-21;
