ISO-10303-21;
HEADER;
/* Generated by software containing ST-Developer
 * from STEP Tools, Inc. (www.steptools.com) 
 */

FILE_DESCRIPTION(
/* description */ ('CoCreate Modeling STEP Export'),
/* implementation_level */ '2;1');

FILE_NAME(
/* name */ 'FH34SRJ-22S-0.step',
/* time_stamp */ '2025-10-20T23:20:07+01:00',
/* author */ (''),
/* organization */ (''),
/* preprocessor_version */ 'ST-DEVELOPER v20.1',
/* originating_system */ 'Autodesk Translation Framework v14.10.0.0',
/* authorisation */ '');

FILE_SCHEMA (('AUTOMOTIVE_DESIGN { 1 0 10303 214 3 1 1 }'));
ENDSEC;

DATA;
#10=MECHANICAL_DESIGN_GEOMETRIC_PRESENTATION_REPRESENTATION('',(#13),#14362);
#11=SHAPE_REPRESENTATION_RELATIONSHIP('SRR','None',#14369,#12);
#12=ADVANCED_BREP_SHAPE_REPRESENTATION('',(#14),#14361);
#13=STYLED_ITEM('',(#14379),#14);
#14=MANIFOLD_SOLID_BREP('Body1',#8934);
#15=FACE_BOUND('',#694,.T.);
#16=FACE_BOUND('',#1034,.T.);
#17=CIRCLE('',#8955,0.0299999999999999);
#18=CIRCLE('',#8956,0.0299999999999999);
#19=CIRCLE('',#8963,0.0299999999999999);
#20=CIRCLE('',#8964,0.0299999999999999);
#21=CIRCLE('',#8970,0.0299999999999999);
#22=CIRCLE('',#8971,0.0500000000000007);
#23=CIRCLE('',#8974,0.0500000000000007);
#24=CIRCLE('',#8975,0.0299999999999999);
#25=CIRCLE('',#8978,0.0299999999999999);
#26=CIRCLE('',#8979,0.0500000000000007);
#27=CIRCLE('',#8983,0.0500000000000007);
#28=CIRCLE('',#8984,0.0299999999999999);
#29=CIRCLE('',#9026,0.0500000000000043);
#30=CIRCLE('',#9027,0.0500000000000043);
#31=CIRCLE('',#9032,0.0499999999999998);
#32=CIRCLE('',#9033,0.0499999999999998);
#33=CIRCLE('',#9038,0.0499999999999972);
#34=CIRCLE('',#9039,0.0499999999999972);
#35=CIRCLE('',#9042,0.0499999999999998);
#36=CIRCLE('',#9043,0.0499999999999998);
#37=CIRCLE('',#9049,0.05);
#38=CIRCLE('',#9051,0.05);
#39=CIRCLE('',#9063,0.0299999999999999);
#40=CIRCLE('',#9064,0.0299999999999999);
#41=CIRCLE('',#9066,0.0500000000000007);
#42=CIRCLE('',#9067,0.0500000000000007);
#43=CIRCLE('',#9070,0.0500000000000007);
#44=CIRCLE('',#9071,0.0500000000000007);
#45=CIRCLE('',#9073,0.0299999999999999);
#46=CIRCLE('',#9074,0.0500000000000007);
#47=CIRCLE('',#9083,0.0299999999999999);
#48=CIRCLE('',#9084,0.0299999999999999);
#49=CIRCLE('',#9090,0.0500000000000007);
#50=CIRCLE('',#9091,0.0500000000000007);
#51=CIRCLE('',#9096,0.0299999999999999);
#52=CIRCLE('',#9097,0.0299999999999999);
#53=CIRCLE('',#9106,0.0500000000000007);
#54=CIRCLE('',#9107,0.0500000000000007);
#55=CIRCLE('',#9117,0.0500000000000007);
#56=CIRCLE('',#9118,0.0500000000000007);
#57=CIRCLE('',#9121,0.0500000000000007);
#58=CIRCLE('',#9122,0.0500000000000007);
#59=CIRCLE('',#9126,0.0500000000000007);
#60=CIRCLE('',#9127,0.0500000000000007);
#61=CIRCLE('',#9133,0.0299999999999999);
#62=CIRCLE('',#9134,0.0299999999999999);
#63=CIRCLE('',#9142,0.0500000000000007);
#64=CIRCLE('',#9145,0.0500000000000007);
#65=CIRCLE('',#9156,0.0500000000000007);
#66=CIRCLE('',#9157,0.0299999999999999);
#67=CIRCLE('',#9159,0.0299999999999999);
#68=CIRCLE('',#9160,0.0500000000000007);
#69=CIRCLE('',#9163,0.0500000000000007);
#70=CIRCLE('',#9164,0.0299999999999999);
#71=CIRCLE('',#9167,0.0299999999999999);
#72=CIRCLE('',#9168,0.0500000000000007);
#73=CIRCLE('',#9178,0.0299999999999999);
#74=CIRCLE('',#9181,0.0299999999999999);
#75=CIRCLE('',#9184,0.0500000000000007);
#76=CIRCLE('',#9185,0.0299999999999999);
#77=CIRCLE('',#9188,0.0299999999999999);
#78=CIRCLE('',#9189,0.0500000000000007);
#79=CIRCLE('',#9200,0.0299999999999999);
#80=CIRCLE('',#9202,0.0299999999999999);
#81=CIRCLE('',#9232,0.0500000000000007);
#82=CIRCLE('',#9234,0.0500000000000007);
#83=CIRCLE('',#9237,0.0500000000000007);
#84=CIRCLE('',#9238,0.0299999999999999);
#85=CIRCLE('',#9241,0.0299999999999999);
#86=CIRCLE('',#9242,0.0500000000000007);
#87=CIRCLE('',#9253,0.0299999999999999);
#88=CIRCLE('',#9255,0.0299999999999999);
#89=CIRCLE('',#9285,0.0500000000000007);
#90=CIRCLE('',#9286,0.0299999999999999);
#91=CIRCLE('',#9328,0.0500000000000007);
#92=CIRCLE('',#9329,0.0299999999999999);
#93=CIRCLE('',#9336,0.0500000000000007);
#94=CIRCLE('',#9337,0.0299999999999999);
#95=CIRCLE('',#9339,0.0299999999999999);
#96=CIRCLE('',#9343,0.0500000000000007);
#97=CIRCLE('',#9347,0.0299999999999999);
#98=CIRCLE('',#9356,0.0299999999999999);
#99=CIRCLE('',#9357,0.0500000000000007);
#100=CIRCLE('',#9364,0.0500000000000007);
#101=CIRCLE('',#9365,0.0299999999999999);
#102=CIRCLE('',#9368,0.0500000000000007);
#103=CIRCLE('',#9377,0.0500000000000007);
#104=CIRCLE('',#9383,0.0299999999999999);
#105=CIRCLE('',#9391,0.0299999999999999);
#106=CIRCLE('',#9392,0.0299999999999999);
#107=CIRCLE('',#9398,0.0500000000000007);
#108=CIRCLE('',#9401,0.0299999999999999);
#109=CIRCLE('',#9402,0.0299999999999999);
#110=CIRCLE('',#9408,0.0500000000000007);
#111=CIRCLE('',#9419,0.0500000000000007);
#112=CIRCLE('',#9420,0.0299999999999999);
#113=CIRCLE('',#9422,0.0500000000000007);
#114=CIRCLE('',#9423,0.0500000000000007);
#115=CIRCLE('',#9451,0.0500000000000043);
#116=CIRCLE('',#9452,0.0500000000000043);
#117=CIRCLE('',#9457,0.0499999999999998);
#118=CIRCLE('',#9458,0.0499999999999998);
#119=CIRCLE('',#9463,0.0499999999999972);
#120=CIRCLE('',#9464,0.0499999999999972);
#121=CIRCLE('',#9467,0.0499999999999998);
#122=CIRCLE('',#9468,0.0499999999999998);
#123=CIRCLE('',#9474,0.05);
#124=CIRCLE('',#9476,0.05);
#125=CYLINDRICAL_SURFACE('',#8954,0.0299999999999999);
#126=CYLINDRICAL_SURFACE('',#8959,0.05);
#127=CYLINDRICAL_SURFACE('',#8962,0.0299999999999999);
#128=CYLINDRICAL_SURFACE('',#8986,0.0299999999999999);
#129=CYLINDRICAL_SURFACE('',#8991,0.0500000000000007);
#130=CYLINDRICAL_SURFACE('',#9013,0.0299999999999999);
#131=CYLINDRICAL_SURFACE('',#9018,0.0500000000000007);
#132=CYLINDRICAL_SURFACE('',#9025,0.0500000000000043);
#133=CYLINDRICAL_SURFACE('',#9031,0.0499999999999998);
#134=CYLINDRICAL_SURFACE('',#9037,0.0499999999999972);
#135=CYLINDRICAL_SURFACE('',#9041,0.0499999999999998);
#136=CYLINDRICAL_SURFACE('',#9053,0.05);
#137=CYLINDRICAL_SURFACE('',#9062,0.0299999999999999);
#138=CYLINDRICAL_SURFACE('',#9065,0.0500000000000007);
#139=CYLINDRICAL_SURFACE('',#9069,0.0500000000000007);
#140=CYLINDRICAL_SURFACE('',#9082,0.0299999999999999);
#141=CYLINDRICAL_SURFACE('',#9089,0.0500000000000007);
#142=CYLINDRICAL_SURFACE('',#9095,0.0299999999999999);
#143=CYLINDRICAL_SURFACE('',#9105,0.0500000000000007);
#144=CYLINDRICAL_SURFACE('',#9116,0.0500000000000007);
#145=CYLINDRICAL_SURFACE('',#9120,0.0500000000000007);
#146=CYLINDRICAL_SURFACE('',#9125,0.0500000000000007);
#147=CYLINDRICAL_SURFACE('',#9132,0.0299999999999999);
#148=CYLINDRICAL_SURFACE('',#9267,0.0500000000000007);
#149=CYLINDRICAL_SURFACE('',#9272,0.0500000000000007);
#150=CYLINDRICAL_SURFACE('',#9279,0.0500000000000007);
#151=CYLINDRICAL_SURFACE('',#9283,0.0299999999999999);
#152=CYLINDRICAL_SURFACE('',#9288,0.0299999999999999);
#153=CYLINDRICAL_SURFACE('',#9289,0.0500000000000007);
#154=CYLINDRICAL_SURFACE('',#9290,0.0299999999999999);
#155=CYLINDRICAL_SURFACE('',#9294,0.0299999999999999);
#156=CYLINDRICAL_SURFACE('',#9301,0.0299999999999999);
#157=CYLINDRICAL_SURFACE('',#9302,0.0500000000000007);
#158=CYLINDRICAL_SURFACE('',#9306,0.0299999999999999);
#159=CYLINDRICAL_SURFACE('',#9317,0.0500000000000007);
#160=CYLINDRICAL_SURFACE('',#9319,0.0299999999999999);
#161=CYLINDRICAL_SURFACE('',#9330,0.0500000000000007);
#162=CYLINDRICAL_SURFACE('',#9338,0.0299999999999999);
#163=CYLINDRICAL_SURFACE('',#9340,0.0299999999999999);
#164=CYLINDRICAL_SURFACE('',#9342,0.0500000000000007);
#165=CYLINDRICAL_SURFACE('',#9351,0.0299999999999999);
#166=CYLINDRICAL_SURFACE('',#9371,0.0500000000000007);
#167=CYLINDRICAL_SURFACE('',#9376,0.0500000000000007);
#168=CYLINDRICAL_SURFACE('',#9382,0.0299999999999999);
#169=CYLINDRICAL_SURFACE('',#9390,0.0299999999999999);
#170=CYLINDRICAL_SURFACE('',#9400,0.0299999999999999);
#171=CYLINDRICAL_SURFACE('',#9415,0.0500000000000007);
#172=CYLINDRICAL_SURFACE('',#9421,0.0500000000000007);
#173=CYLINDRICAL_SURFACE('',#9450,0.0500000000000043);
#174=CYLINDRICAL_SURFACE('',#9456,0.0499999999999998);
#175=CYLINDRICAL_SURFACE('',#9462,0.0499999999999972);
#176=CYLINDRICAL_SURFACE('',#9466,0.0499999999999998);
#177=CYLINDRICAL_SURFACE('',#9478,0.05);
#178=CYLINDRICAL_SURFACE('',#9493,0.0500000000000007);
#179=CYLINDRICAL_SURFACE('',#9505,0.0299999999999999);
#180=ELLIPSE('',#8951,0.0707106781186547,0.05);
#181=ELLIPSE('',#8960,0.0707106781186547,0.05);
#182=FACE_OUTER_BOUND('',#631,.T.);
#183=FACE_OUTER_BOUND('',#632,.T.);
#184=FACE_OUTER_BOUND('',#633,.T.);
#185=FACE_OUTER_BOUND('',#634,.T.);
#186=FACE_OUTER_BOUND('',#635,.T.);
#187=FACE_OUTER_BOUND('',#636,.T.);
#188=FACE_OUTER_BOUND('',#637,.T.);
#189=FACE_OUTER_BOUND('',#638,.T.);
#190=FACE_OUTER_BOUND('',#639,.T.);
#191=FACE_OUTER_BOUND('',#640,.T.);
#192=FACE_OUTER_BOUND('',#641,.T.);
#193=FACE_OUTER_BOUND('',#642,.T.);
#194=FACE_OUTER_BOUND('',#643,.T.);
#195=FACE_OUTER_BOUND('',#644,.T.);
#196=FACE_OUTER_BOUND('',#645,.T.);
#197=FACE_OUTER_BOUND('',#646,.T.);
#198=FACE_OUTER_BOUND('',#647,.T.);
#199=FACE_OUTER_BOUND('',#648,.T.);
#200=FACE_OUTER_BOUND('',#649,.T.);
#201=FACE_OUTER_BOUND('',#650,.T.);
#202=FACE_OUTER_BOUND('',#651,.T.);
#203=FACE_OUTER_BOUND('',#652,.T.);
#204=FACE_OUTER_BOUND('',#653,.T.);
#205=FACE_OUTER_BOUND('',#654,.T.);
#206=FACE_OUTER_BOUND('',#655,.T.);
#207=FACE_OUTER_BOUND('',#656,.T.);
#208=FACE_OUTER_BOUND('',#657,.T.);
#209=FACE_OUTER_BOUND('',#658,.T.);
#210=FACE_OUTER_BOUND('',#659,.T.);
#211=FACE_OUTER_BOUND('',#660,.T.);
#212=FACE_OUTER_BOUND('',#661,.T.);
#213=FACE_OUTER_BOUND('',#662,.T.);
#214=FACE_OUTER_BOUND('',#663,.T.);
#215=FACE_OUTER_BOUND('',#664,.T.);
#216=FACE_OUTER_BOUND('',#665,.T.);
#217=FACE_OUTER_BOUND('',#666,.T.);
#218=FACE_OUTER_BOUND('',#667,.T.);
#219=FACE_OUTER_BOUND('',#668,.T.);
#220=FACE_OUTER_BOUND('',#669,.T.);
#221=FACE_OUTER_BOUND('',#670,.T.);
#222=FACE_OUTER_BOUND('',#671,.T.);
#223=FACE_OUTER_BOUND('',#672,.T.);
#224=FACE_OUTER_BOUND('',#673,.T.);
#225=FACE_OUTER_BOUND('',#674,.T.);
#226=FACE_OUTER_BOUND('',#675,.T.);
#227=FACE_OUTER_BOUND('',#676,.T.);
#228=FACE_OUTER_BOUND('',#677,.T.);
#229=FACE_OUTER_BOUND('',#678,.T.);
#230=FACE_OUTER_BOUND('',#679,.T.);
#231=FACE_OUTER_BOUND('',#680,.T.);
#232=FACE_OUTER_BOUND('',#681,.T.);
#233=FACE_OUTER_BOUND('',#682,.T.);
#234=FACE_OUTER_BOUND('',#683,.T.);
#235=FACE_OUTER_BOUND('',#684,.T.);
#236=FACE_OUTER_BOUND('',#685,.T.);
#237=FACE_OUTER_BOUND('',#686,.T.);
#238=FACE_OUTER_BOUND('',#687,.T.);
#239=FACE_OUTER_BOUND('',#688,.T.);
#240=FACE_OUTER_BOUND('',#689,.T.);
#241=FACE_OUTER_BOUND('',#690,.T.);
#242=FACE_OUTER_BOUND('',#691,.T.);
#243=FACE_OUTER_BOUND('',#692,.T.);
#244=FACE_OUTER_BOUND('',#693,.T.);
#245=FACE_OUTER_BOUND('',#695,.T.);
#246=FACE_OUTER_BOUND('',#696,.T.);
#247=FACE_OUTER_BOUND('',#697,.T.);
#248=FACE_OUTER_BOUND('',#698,.T.);
#249=FACE_OUTER_BOUND('',#699,.T.);
#250=FACE_OUTER_BOUND('',#700,.T.);
#251=FACE_OUTER_BOUND('',#701,.T.);
#252=FACE_OUTER_BOUND('',#702,.T.);
#253=FACE_OUTER_BOUND('',#703,.T.);
#254=FACE_OUTER_BOUND('',#704,.T.);
#255=FACE_OUTER_BOUND('',#705,.T.);
#256=FACE_OUTER_BOUND('',#706,.T.);
#257=FACE_OUTER_BOUND('',#707,.T.);
#258=FACE_OUTER_BOUND('',#708,.T.);
#259=FACE_OUTER_BOUND('',#709,.T.);
#260=FACE_OUTER_BOUND('',#710,.T.);
#261=FACE_OUTER_BOUND('',#711,.T.);
#262=FACE_OUTER_BOUND('',#712,.T.);
#263=FACE_OUTER_BOUND('',#713,.T.);
#264=FACE_OUTER_BOUND('',#714,.T.);
#265=FACE_OUTER_BOUND('',#715,.T.);
#266=FACE_OUTER_BOUND('',#716,.T.);
#267=FACE_OUTER_BOUND('',#717,.T.);
#268=FACE_OUTER_BOUND('',#718,.T.);
#269=FACE_OUTER_BOUND('',#719,.T.);
#270=FACE_OUTER_BOUND('',#720,.T.);
#271=FACE_OUTER_BOUND('',#721,.T.);
#272=FACE_OUTER_BOUND('',#722,.T.);
#273=FACE_OUTER_BOUND('',#723,.T.);
#274=FACE_OUTER_BOUND('',#724,.T.);
#275=FACE_OUTER_BOUND('',#725,.T.);
#276=FACE_OUTER_BOUND('',#726,.T.);
#277=FACE_OUTER_BOUND('',#727,.T.);
#278=FACE_OUTER_BOUND('',#728,.T.);
#279=FACE_OUTER_BOUND('',#729,.T.);
#280=FACE_OUTER_BOUND('',#730,.T.);
#281=FACE_OUTER_BOUND('',#731,.T.);
#282=FACE_OUTER_BOUND('',#732,.T.);
#283=FACE_OUTER_BOUND('',#733,.T.);
#284=FACE_OUTER_BOUND('',#734,.T.);
#285=FACE_OUTER_BOUND('',#735,.T.);
#286=FACE_OUTER_BOUND('',#736,.T.);
#287=FACE_OUTER_BOUND('',#737,.T.);
#288=FACE_OUTER_BOUND('',#738,.T.);
#289=FACE_OUTER_BOUND('',#739,.T.);
#290=FACE_OUTER_BOUND('',#740,.T.);
#291=FACE_OUTER_BOUND('',#741,.T.);
#292=FACE_OUTER_BOUND('',#742,.T.);
#293=FACE_OUTER_BOUND('',#743,.T.);
#294=FACE_OUTER_BOUND('',#744,.T.);
#295=FACE_OUTER_BOUND('',#745,.T.);
#296=FACE_OUTER_BOUND('',#746,.T.);
#297=FACE_OUTER_BOUND('',#747,.T.);
#298=FACE_OUTER_BOUND('',#748,.T.);
#299=FACE_OUTER_BOUND('',#749,.T.);
#300=FACE_OUTER_BOUND('',#750,.T.);
#301=FACE_OUTER_BOUND('',#751,.T.);
#302=FACE_OUTER_BOUND('',#752,.T.);
#303=FACE_OUTER_BOUND('',#753,.T.);
#304=FACE_OUTER_BOUND('',#754,.T.);
#305=FACE_OUTER_BOUND('',#755,.T.);
#306=FACE_OUTER_BOUND('',#756,.T.);
#307=FACE_OUTER_BOUND('',#757,.T.);
#308=FACE_OUTER_BOUND('',#758,.T.);
#309=FACE_OUTER_BOUND('',#759,.T.);
#310=FACE_OUTER_BOUND('',#760,.T.);
#311=FACE_OUTER_BOUND('',#761,.T.);
#312=FACE_OUTER_BOUND('',#762,.T.);
#313=FACE_OUTER_BOUND('',#763,.T.);
#314=FACE_OUTER_BOUND('',#764,.T.);
#315=FACE_OUTER_BOUND('',#765,.T.);
#316=FACE_OUTER_BOUND('',#766,.T.);
#317=FACE_OUTER_BOUND('',#767,.T.);
#318=FACE_OUTER_BOUND('',#768,.T.);
#319=FACE_OUTER_BOUND('',#769,.T.);
#320=FACE_OUTER_BOUND('',#770,.T.);
#321=FACE_OUTER_BOUND('',#771,.T.);
#322=FACE_OUTER_BOUND('',#772,.T.);
#323=FACE_OUTER_BOUND('',#773,.T.);
#324=FACE_OUTER_BOUND('',#774,.T.);
#325=FACE_OUTER_BOUND('',#775,.T.);
#326=FACE_OUTER_BOUND('',#776,.T.);
#327=FACE_OUTER_BOUND('',#777,.T.);
#328=FACE_OUTER_BOUND('',#778,.T.);
#329=FACE_OUTER_BOUND('',#779,.T.);
#330=FACE_OUTER_BOUND('',#780,.T.);
#331=FACE_OUTER_BOUND('',#781,.T.);
#332=FACE_OUTER_BOUND('',#782,.T.);
#333=FACE_OUTER_BOUND('',#783,.T.);
#334=FACE_OUTER_BOUND('',#784,.T.);
#335=FACE_OUTER_BOUND('',#785,.T.);
#336=FACE_OUTER_BOUND('',#786,.T.);
#337=FACE_OUTER_BOUND('',#787,.T.);
#338=FACE_OUTER_BOUND('',#788,.T.);
#339=FACE_OUTER_BOUND('',#789,.T.);
#340=FACE_OUTER_BOUND('',#790,.T.);
#341=FACE_OUTER_BOUND('',#791,.T.);
#342=FACE_OUTER_BOUND('',#792,.T.);
#343=FACE_OUTER_BOUND('',#793,.T.);
#344=FACE_OUTER_BOUND('',#794,.T.);
#345=FACE_OUTER_BOUND('',#795,.T.);
#346=FACE_OUTER_BOUND('',#796,.T.);
#347=FACE_OUTER_BOUND('',#797,.T.);
#348=FACE_OUTER_BOUND('',#798,.T.);
#349=FACE_OUTER_BOUND('',#799,.T.);
#350=FACE_OUTER_BOUND('',#800,.T.);
#351=FACE_OUTER_BOUND('',#801,.T.);
#352=FACE_OUTER_BOUND('',#802,.T.);
#353=FACE_OUTER_BOUND('',#803,.T.);
#354=FACE_OUTER_BOUND('',#804,.T.);
#355=FACE_OUTER_BOUND('',#805,.T.);
#356=FACE_OUTER_BOUND('',#806,.T.);
#357=FACE_OUTER_BOUND('',#807,.T.);
#358=FACE_OUTER_BOUND('',#808,.T.);
#359=FACE_OUTER_BOUND('',#809,.T.);
#360=FACE_OUTER_BOUND('',#810,.T.);
#361=FACE_OUTER_BOUND('',#811,.T.);
#362=FACE_OUTER_BOUND('',#812,.T.);
#363=FACE_OUTER_BOUND('',#813,.T.);
#364=FACE_OUTER_BOUND('',#814,.T.);
#365=FACE_OUTER_BOUND('',#815,.T.);
#366=FACE_OUTER_BOUND('',#816,.T.);
#367=FACE_OUTER_BOUND('',#817,.T.);
#368=FACE_OUTER_BOUND('',#818,.T.);
#369=FACE_OUTER_BOUND('',#819,.T.);
#370=FACE_OUTER_BOUND('',#820,.T.);
#371=FACE_OUTER_BOUND('',#821,.T.);
#372=FACE_OUTER_BOUND('',#822,.T.);
#373=FACE_OUTER_BOUND('',#823,.T.);
#374=FACE_OUTER_BOUND('',#824,.T.);
#375=FACE_OUTER_BOUND('',#825,.T.);
#376=FACE_OUTER_BOUND('',#826,.T.);
#377=FACE_OUTER_BOUND('',#827,.T.);
#378=FACE_OUTER_BOUND('',#828,.T.);
#379=FACE_OUTER_BOUND('',#829,.T.);
#380=FACE_OUTER_BOUND('',#830,.T.);
#381=FACE_OUTER_BOUND('',#831,.T.);
#382=FACE_OUTER_BOUND('',#832,.T.);
#383=FACE_OUTER_BOUND('',#833,.T.);
#384=FACE_OUTER_BOUND('',#834,.T.);
#385=FACE_OUTER_BOUND('',#835,.T.);
#386=FACE_OUTER_BOUND('',#836,.T.);
#387=FACE_OUTER_BOUND('',#837,.T.);
#388=FACE_OUTER_BOUND('',#838,.T.);
#389=FACE_OUTER_BOUND('',#839,.T.);
#390=FACE_OUTER_BOUND('',#840,.T.);
#391=FACE_OUTER_BOUND('',#841,.T.);
#392=FACE_OUTER_BOUND('',#842,.T.);
#393=FACE_OUTER_BOUND('',#843,.T.);
#394=FACE_OUTER_BOUND('',#844,.T.);
#395=FACE_OUTER_BOUND('',#845,.T.);
#396=FACE_OUTER_BOUND('',#846,.T.);
#397=FACE_OUTER_BOUND('',#847,.T.);
#398=FACE_OUTER_BOUND('',#848,.T.);
#399=FACE_OUTER_BOUND('',#849,.T.);
#400=FACE_OUTER_BOUND('',#850,.T.);
#401=FACE_OUTER_BOUND('',#851,.T.);
#402=FACE_OUTER_BOUND('',#852,.T.);
#403=FACE_OUTER_BOUND('',#853,.T.);
#404=FACE_OUTER_BOUND('',#854,.T.);
#405=FACE_OUTER_BOUND('',#855,.T.);
#406=FACE_OUTER_BOUND('',#856,.T.);
#407=FACE_OUTER_BOUND('',#857,.T.);
#408=FACE_OUTER_BOUND('',#858,.T.);
#409=FACE_OUTER_BOUND('',#859,.T.);
#410=FACE_OUTER_BOUND('',#860,.T.);
#411=FACE_OUTER_BOUND('',#861,.T.);
#412=FACE_OUTER_BOUND('',#862,.T.);
#413=FACE_OUTER_BOUND('',#863,.T.);
#414=FACE_OUTER_BOUND('',#864,.T.);
#415=FACE_OUTER_BOUND('',#865,.T.);
#416=FACE_OUTER_BOUND('',#866,.T.);
#417=FACE_OUTER_BOUND('',#867,.T.);
#418=FACE_OUTER_BOUND('',#868,.T.);
#419=FACE_OUTER_BOUND('',#869,.T.);
#420=FACE_OUTER_BOUND('',#870,.T.);
#421=FACE_OUTER_BOUND('',#871,.T.);
#422=FACE_OUTER_BOUND('',#872,.T.);
#423=FACE_OUTER_BOUND('',#873,.T.);
#424=FACE_OUTER_BOUND('',#874,.T.);
#425=FACE_OUTER_BOUND('',#875,.T.);
#426=FACE_OUTER_BOUND('',#876,.T.);
#427=FACE_OUTER_BOUND('',#877,.T.);
#428=FACE_OUTER_BOUND('',#878,.T.);
#429=FACE_OUTER_BOUND('',#879,.T.);
#430=FACE_OUTER_BOUND('',#880,.T.);
#431=FACE_OUTER_BOUND('',#881,.T.);
#432=FACE_OUTER_BOUND('',#882,.T.);
#433=FACE_OUTER_BOUND('',#883,.T.);
#434=FACE_OUTER_BOUND('',#884,.T.);
#435=FACE_OUTER_BOUND('',#885,.T.);
#436=FACE_OUTER_BOUND('',#886,.T.);
#437=FACE_OUTER_BOUND('',#887,.T.);
#438=FACE_OUTER_BOUND('',#888,.T.);
#439=FACE_OUTER_BOUND('',#889,.T.);
#440=FACE_OUTER_BOUND('',#890,.T.);
#441=FACE_OUTER_BOUND('',#891,.T.);
#442=FACE_OUTER_BOUND('',#892,.T.);
#443=FACE_OUTER_BOUND('',#893,.T.);
#444=FACE_OUTER_BOUND('',#894,.T.);
#445=FACE_OUTER_BOUND('',#895,.T.);
#446=FACE_OUTER_BOUND('',#896,.T.);
#447=FACE_OUTER_BOUND('',#897,.T.);
#448=FACE_OUTER_BOUND('',#898,.T.);
#449=FACE_OUTER_BOUND('',#899,.T.);
#450=FACE_OUTER_BOUND('',#900,.T.);
#451=FACE_OUTER_BOUND('',#901,.T.);
#452=FACE_OUTER_BOUND('',#902,.T.);
#453=FACE_OUTER_BOUND('',#903,.T.);
#454=FACE_OUTER_BOUND('',#904,.T.);
#455=FACE_OUTER_BOUND('',#905,.T.);
#456=FACE_OUTER_BOUND('',#906,.T.);
#457=FACE_OUTER_BOUND('',#907,.T.);
#458=FACE_OUTER_BOUND('',#908,.T.);
#459=FACE_OUTER_BOUND('',#909,.T.);
#460=FACE_OUTER_BOUND('',#910,.T.);
#461=FACE_OUTER_BOUND('',#911,.T.);
#462=FACE_OUTER_BOUND('',#912,.T.);
#463=FACE_OUTER_BOUND('',#913,.T.);
#464=FACE_OUTER_BOUND('',#914,.T.);
#465=FACE_OUTER_BOUND('',#915,.T.);
#466=FACE_OUTER_BOUND('',#916,.T.);
#467=FACE_OUTER_BOUND('',#917,.T.);
#468=FACE_OUTER_BOUND('',#918,.T.);
#469=FACE_OUTER_BOUND('',#919,.T.);
#470=FACE_OUTER_BOUND('',#920,.T.);
#471=FACE_OUTER_BOUND('',#921,.T.);
#472=FACE_OUTER_BOUND('',#922,.T.);
#473=FACE_OUTER_BOUND('',#923,.T.);
#474=FACE_OUTER_BOUND('',#924,.T.);
#475=FACE_OUTER_BOUND('',#925,.T.);
#476=FACE_OUTER_BOUND('',#926,.T.);
#477=FACE_OUTER_BOUND('',#927,.T.);
#478=FACE_OUTER_BOUND('',#928,.T.);
#479=FACE_OUTER_BOUND('',#929,.T.);
#480=FACE_OUTER_BOUND('',#930,.T.);
#481=FACE_OUTER_BOUND('',#931,.T.);
#482=FACE_OUTER_BOUND('',#932,.T.);
#483=FACE_OUTER_BOUND('',#933,.T.);
#484=FACE_OUTER_BOUND('',#934,.T.);
#485=FACE_OUTER_BOUND('',#935,.T.);
#486=FACE_OUTER_BOUND('',#936,.T.);
#487=FACE_OUTER_BOUND('',#937,.T.);
#488=FACE_OUTER_BOUND('',#938,.T.);
#489=FACE_OUTER_BOUND('',#939,.T.);
#490=FACE_OUTER_BOUND('',#940,.T.);
#491=FACE_OUTER_BOUND('',#941,.T.);
#492=FACE_OUTER_BOUND('',#942,.T.);
#493=FACE_OUTER_BOUND('',#943,.T.);
#494=FACE_OUTER_BOUND('',#944,.T.);
#495=FACE_OUTER_BOUND('',#945,.T.);
#496=FACE_OUTER_BOUND('',#946,.T.);
#497=FACE_OUTER_BOUND('',#947,.T.);
#498=FACE_OUTER_BOUND('',#948,.T.);
#499=FACE_OUTER_BOUND('',#949,.T.);
#500=FACE_OUTER_BOUND('',#950,.T.);
#501=FACE_OUTER_BOUND('',#951,.T.);
#502=FACE_OUTER_BOUND('',#952,.T.);
#503=FACE_OUTER_BOUND('',#953,.T.);
#504=FACE_OUTER_BOUND('',#954,.T.);
#505=FACE_OUTER_BOUND('',#955,.T.);
#506=FACE_OUTER_BOUND('',#956,.T.);
#507=FACE_OUTER_BOUND('',#957,.T.);
#508=FACE_OUTER_BOUND('',#958,.T.);
#509=FACE_OUTER_BOUND('',#959,.T.);
#510=FACE_OUTER_BOUND('',#960,.T.);
#511=FACE_OUTER_BOUND('',#961,.T.);
#512=FACE_OUTER_BOUND('',#962,.T.);
#513=FACE_OUTER_BOUND('',#963,.T.);
#514=FACE_OUTER_BOUND('',#964,.T.);
#515=FACE_OUTER_BOUND('',#965,.T.);
#516=FACE_OUTER_BOUND('',#966,.T.);
#517=FACE_OUTER_BOUND('',#967,.T.);
#518=FACE_OUTER_BOUND('',#968,.T.);
#519=FACE_OUTER_BOUND('',#969,.T.);
#520=FACE_OUTER_BOUND('',#970,.T.);
#521=FACE_OUTER_BOUND('',#971,.T.);
#522=FACE_OUTER_BOUND('',#972,.T.);
#523=FACE_OUTER_BOUND('',#973,.T.);
#524=FACE_OUTER_BOUND('',#974,.T.);
#525=FACE_OUTER_BOUND('',#975,.T.);
#526=FACE_OUTER_BOUND('',#976,.T.);
#527=FACE_OUTER_BOUND('',#977,.T.);
#528=FACE_OUTER_BOUND('',#978,.T.);
#529=FACE_OUTER_BOUND('',#979,.T.);
#530=FACE_OUTER_BOUND('',#980,.T.);
#531=FACE_OUTER_BOUND('',#981,.T.);
#532=FACE_OUTER_BOUND('',#982,.T.);
#533=FACE_OUTER_BOUND('',#983,.T.);
#534=FACE_OUTER_BOUND('',#984,.T.);
#535=FACE_OUTER_BOUND('',#985,.T.);
#536=FACE_OUTER_BOUND('',#986,.T.);
#537=FACE_OUTER_BOUND('',#987,.T.);
#538=FACE_OUTER_BOUND('',#988,.T.);
#539=FACE_OUTER_BOUND('',#989,.T.);
#540=FACE_OUTER_BOUND('',#990,.T.);
#541=FACE_OUTER_BOUND('',#991,.T.);
#542=FACE_OUTER_BOUND('',#992,.T.);
#543=FACE_OUTER_BOUND('',#993,.T.);
#544=FACE_OUTER_BOUND('',#994,.T.);
#545=FACE_OUTER_BOUND('',#995,.T.);
#546=FACE_OUTER_BOUND('',#996,.T.);
#547=FACE_OUTER_BOUND('',#997,.T.);
#548=FACE_OUTER_BOUND('',#998,.T.);
#549=FACE_OUTER_BOUND('',#999,.T.);
#550=FACE_OUTER_BOUND('',#1000,.T.);
#551=FACE_OUTER_BOUND('',#1001,.T.);
#552=FACE_OUTER_BOUND('',#1002,.T.);
#553=FACE_OUTER_BOUND('',#1003,.T.);
#554=FACE_OUTER_BOUND('',#1004,.T.);
#555=FACE_OUTER_BOUND('',#1005,.T.);
#556=FACE_OUTER_BOUND('',#1006,.T.);
#557=FACE_OUTER_BOUND('',#1007,.T.);
#558=FACE_OUTER_BOUND('',#1008,.T.);
#559=FACE_OUTER_BOUND('',#1009,.T.);
#560=FACE_OUTER_BOUND('',#1010,.T.);
#561=FACE_OUTER_BOUND('',#1011,.T.);
#562=FACE_OUTER_BOUND('',#1012,.T.);
#563=FACE_OUTER_BOUND('',#1013,.T.);
#564=FACE_OUTER_BOUND('',#1014,.T.);
#565=FACE_OUTER_BOUND('',#1015,.T.);
#566=FACE_OUTER_BOUND('',#1016,.T.);
#567=FACE_OUTER_BOUND('',#1017,.T.);
#568=FACE_OUTER_BOUND('',#1018,.T.);
#569=FACE_OUTER_BOUND('',#1019,.T.);
#570=FACE_OUTER_BOUND('',#1020,.T.);
#571=FACE_OUTER_BOUND('',#1021,.T.);
#572=FACE_OUTER_BOUND('',#1022,.T.);
#573=FACE_OUTER_BOUND('',#1023,.T.);
#574=FACE_OUTER_BOUND('',#1024,.T.);
#575=FACE_OUTER_BOUND('',#1025,.T.);
#576=FACE_OUTER_BOUND('',#1026,.T.);
#577=FACE_OUTER_BOUND('',#1027,.T.);
#578=FACE_OUTER_BOUND('',#1028,.T.);
#579=FACE_OUTER_BOUND('',#1029,.T.);
#580=FACE_OUTER_BOUND('',#1030,.T.);
#581=FACE_OUTER_BOUND('',#1031,.T.);
#582=FACE_OUTER_BOUND('',#1032,.T.);
#583=FACE_OUTER_BOUND('',#1033,.T.);
#584=FACE_OUTER_BOUND('',#1035,.T.);
#585=FACE_OUTER_BOUND('',#1036,.T.);
#586=FACE_OUTER_BOUND('',#1037,.T.);
#587=FACE_OUTER_BOUND('',#1038,.T.);
#588=FACE_OUTER_BOUND('',#1039,.T.);
#589=FACE_OUTER_BOUND('',#1040,.T.);
#590=FACE_OUTER_BOUND('',#1041,.T.);
#591=FACE_OUTER_BOUND('',#1042,.T.);
#592=FACE_OUTER_BOUND('',#1043,.T.);
#593=FACE_OUTER_BOUND('',#1044,.T.);
#594=FACE_OUTER_BOUND('',#1045,.T.);
#595=FACE_OUTER_BOUND('',#1046,.T.);
#596=FACE_OUTER_BOUND('',#1047,.T.);
#597=FACE_OUTER_BOUND('',#1048,.T.);
#598=FACE_OUTER_BOUND('',#1049,.T.);
#599=FACE_OUTER_BOUND('',#1050,.T.);
#600=FACE_OUTER_BOUND('',#1051,.T.);
#601=FACE_OUTER_BOUND('',#1052,.T.);
#602=FACE_OUTER_BOUND('',#1053,.T.);
#603=FACE_OUTER_BOUND('',#1054,.T.);
#604=FACE_OUTER_BOUND('',#1055,.T.);
#605=FACE_OUTER_BOUND('',#1056,.T.);
#606=FACE_OUTER_BOUND('',#1057,.T.);
#607=FACE_OUTER_BOUND('',#1058,.T.);
#608=FACE_OUTER_BOUND('',#1059,.T.);
#609=FACE_OUTER_BOUND('',#1060,.T.);
#610=FACE_OUTER_BOUND('',#1061,.T.);
#611=FACE_OUTER_BOUND('',#1062,.T.);
#612=FACE_OUTER_BOUND('',#1063,.T.);
#613=FACE_OUTER_BOUND('',#1064,.T.);
#614=FACE_OUTER_BOUND('',#1065,.T.);
#615=FACE_OUTER_BOUND('',#1066,.T.);
#616=FACE_OUTER_BOUND('',#1067,.T.);
#617=FACE_OUTER_BOUND('',#1068,.T.);
#618=FACE_OUTER_BOUND('',#1069,.T.);
#619=FACE_OUTER_BOUND('',#1070,.T.);
#620=FACE_OUTER_BOUND('',#1071,.T.);
#621=FACE_OUTER_BOUND('',#1072,.T.);
#622=FACE_OUTER_BOUND('',#1073,.T.);
#623=FACE_OUTER_BOUND('',#1074,.T.);
#624=FACE_OUTER_BOUND('',#1075,.T.);
#625=FACE_OUTER_BOUND('',#1076,.T.);
#626=FACE_OUTER_BOUND('',#1077,.T.);
#627=FACE_OUTER_BOUND('',#1078,.T.);
#628=FACE_OUTER_BOUND('',#1079,.T.);
#629=FACE_OUTER_BOUND('',#1080,.T.);
#630=FACE_OUTER_BOUND('',#1081,.T.);
#631=EDGE_LOOP('',(#5533,#5534,#5535,#5536,#5537));
#632=EDGE_LOOP('',(#5538,#5539,#5540,#5541));
#633=EDGE_LOOP('',(#5542,#5543,#5544,#5545));
#634=EDGE_LOOP('',(#5546,#5547,#5548,#5549,#5550,#5551,#5552,#5553,#5554));
#635=EDGE_LOOP('',(#5555,#5556,#5557,#5558));
#636=EDGE_LOOP('',(#5559,#5560,#5561,#5562));
#637=EDGE_LOOP('',(#5563,#5564,#5565,#5566));
#638=EDGE_LOOP('',(#5567,#5568,#5569,#5570));
#639=EDGE_LOOP('',(#5571,#5572,#5573,#5574));
#640=EDGE_LOOP('',(#5575,#5576,#5577,#5578));
#641=EDGE_LOOP('',(#5579,#5580,#5581,#5582));
#642=EDGE_LOOP('',(#5583,#5584,#5585,#5586));
#643=EDGE_LOOP('',(#5587,#5588,#5589,#5590));
#644=EDGE_LOOP('',(#5591,#5592,#5593,#5594,#5595,#5596));
#645=EDGE_LOOP('',(#5597,#5598,#5599,#5600,#5601,#5602,#5603,#5604,#5605,
#5606,#5607));
#646=EDGE_LOOP('',(#5608,#5609,#5610,#5611,#5612,#5613,#5614,#5615,#5616,
#5617,#5618));
#647=EDGE_LOOP('',(#5619,#5620,#5621,#5622));
#648=EDGE_LOOP('',(#5623,#5624,#5625,#5626,#5627,#5628,#5629,#5630,#5631,
#5632,#5633));
#649=EDGE_LOOP('',(#5634,#5635,#5636,#5637,#5638,#5639,#5640,#5641));
#650=EDGE_LOOP('',(#5642,#5643,#5644,#5645,#5646,#5647,#5648,#5649,#5650,
#5651,#5652));
#651=EDGE_LOOP('',(#5653,#5654,#5655,#5656));
#652=EDGE_LOOP('',(#5657,#5658,#5659,#5660));
#653=EDGE_LOOP('',(#5661,#5662,#5663,#5664,#5665,#5666,#5667,#5668,#5669,
#5670,#5671));
#654=EDGE_LOOP('',(#5672,#5673,#5674,#5675));
#655=EDGE_LOOP('',(#5676,#5677,#5678,#5679));
#656=EDGE_LOOP('',(#5680,#5681,#5682,#5683));
#657=EDGE_LOOP('',(#5684,#5685,#5686,#5687));
#658=EDGE_LOOP('',(#5688,#5689,#5690,#5691));
#659=EDGE_LOOP('',(#5692,#5693,#5694,#5695));
#660=EDGE_LOOP('',(#5696,#5697,#5698,#5699));
#661=EDGE_LOOP('',(#5700,#5701,#5702,#5703,#5704,#5705,#5706,#5707,#5708,
#5709));
#662=EDGE_LOOP('',(#5710,#5711,#5712,#5713));
#663=EDGE_LOOP('',(#5714,#5715,#5716,#5717));
#664=EDGE_LOOP('',(#5718,#5719,#5720,#5721));
#665=EDGE_LOOP('',(#5722,#5723,#5724,#5725));
#666=EDGE_LOOP('',(#5726,#5727,#5728,#5729,#5730));
#667=EDGE_LOOP('',(#5731,#5732,#5733,#5734,#5735,#5736));
#668=EDGE_LOOP('',(#5737,#5738,#5739,#5740,#5741,#5742));
#669=EDGE_LOOP('',(#5743,#5744,#5745,#5746));
#670=EDGE_LOOP('',(#5747,#5748,#5749,#5750));
#671=EDGE_LOOP('',(#5751,#5752,#5753,#5754));
#672=EDGE_LOOP('',(#5755,#5756,#5757,#5758));
#673=EDGE_LOOP('',(#5759,#5760,#5761,#5762));
#674=EDGE_LOOP('',(#5763,#5764,#5765,#5766));
#675=EDGE_LOOP('',(#5767,#5768,#5769,#5770));
#676=EDGE_LOOP('',(#5771,#5772,#5773,#5774,#5775,#5776));
#677=EDGE_LOOP('',(#5777,#5778,#5779,#5780));
#678=EDGE_LOOP('',(#5781,#5782,#5783,#5784));
#679=EDGE_LOOP('',(#5785,#5786,#5787,#5788));
#680=EDGE_LOOP('',(#5789,#5790,#5791,#5792));
#681=EDGE_LOOP('',(#5793,#5794,#5795,#5796));
#682=EDGE_LOOP('',(#5797,#5798,#5799,#5800));
#683=EDGE_LOOP('',(#5801,#5802,#5803,#5804));
#684=EDGE_LOOP('',(#5805,#5806,#5807,#5808));
#685=EDGE_LOOP('',(#5809,#5810,#5811,#5812));
#686=EDGE_LOOP('',(#5813,#5814,#5815,#5816));
#687=EDGE_LOOP('',(#5817,#5818,#5819,#5820));
#688=EDGE_LOOP('',(#5821,#5822,#5823,#5824));
#689=EDGE_LOOP('',(#5825,#5826,#5827,#5828));
#690=EDGE_LOOP('',(#5829,#5830,#5831,#5832,#5833));
#691=EDGE_LOOP('',(#5834,#5835,#5836,#5837));
#692=EDGE_LOOP('',(#5838,#5839,#5840,#5841,#5842));
#693=EDGE_LOOP('',(#5843,#5844,#5845,#5846));
#694=EDGE_LOOP('',(#5847,#5848,#5849,#5850));
#695=EDGE_LOOP('',(#5851,#5852,#5853,#5854));
#696=EDGE_LOOP('',(#5855,#5856,#5857,#5858));
#697=EDGE_LOOP('',(#5859,#5860,#5861,#5862));
#698=EDGE_LOOP('',(#5863,#5864,#5865,#5866));
#699=EDGE_LOOP('',(#5867,#5868,#5869,#5870));
#700=EDGE_LOOP('',(#5871,#5872,#5873,#5874));
#701=EDGE_LOOP('',(#5875,#5876,#5877,#5878));
#702=EDGE_LOOP('',(#5879,#5880,#5881,#5882));
#703=EDGE_LOOP('',(#5883,#5884,#5885,#5886));
#704=EDGE_LOOP('',(#5887,#5888,#5889,#5890));
#705=EDGE_LOOP('',(#5891,#5892,#5893,#5894));
#706=EDGE_LOOP('',(#5895,#5896,#5897,#5898));
#707=EDGE_LOOP('',(#5899,#5900,#5901,#5902));
#708=EDGE_LOOP('',(#5903,#5904,#5905,#5906));
#709=EDGE_LOOP('',(#5907,#5908,#5909,#5910));
#710=EDGE_LOOP('',(#5911,#5912,#5913,#5914,#5915,#5916,#5917,#5918,#5919,
#5920,#5921,#5922,#5923,#5924,#5925,#5926,#5927,#5928));
#711=EDGE_LOOP('',(#5929,#5930,#5931,#5932,#5933,#5934,#5935,#5936,#5937,
#5938,#5939,#5940,#5941,#5942,#5943,#5944,#5945,#5946));
#712=EDGE_LOOP('',(#5947,#5948,#5949,#5950));
#713=EDGE_LOOP('',(#5951,#5952,#5953,#5954));
#714=EDGE_LOOP('',(#5955,#5956,#5957,#5958,#5959,#5960));
#715=EDGE_LOOP('',(#5961,#5962,#5963,#5964));
#716=EDGE_LOOP('',(#5965,#5966,#5967,#5968));
#717=EDGE_LOOP('',(#5969,#5970,#5971,#5972));
#718=EDGE_LOOP('',(#5973,#5974,#5975,#5976,#5977,#5978));
#719=EDGE_LOOP('',(#5979,#5980,#5981,#5982));
#720=EDGE_LOOP('',(#5983,#5984,#5985,#5986));
#721=EDGE_LOOP('',(#5987,#5988,#5989,#5990,#5991,#5992,#5993,#5994,#5995,
#5996,#5997,#5998,#5999,#6000,#6001,#6002,#6003,#6004,#6005,#6006,#6007,
#6008,#6009,#6010,#6011,#6012,#6013,#6014,#6015,#6016,#6017,#6018,#6019,
#6020,#6021,#6022,#6023,#6024,#6025,#6026,#6027,#6028,#6029,#6030,#6031,
#6032,#6033,#6034,#6035,#6036,#6037,#6038,#6039,#6040,#6041,#6042,#6043,
#6044,#6045,#6046,#6047,#6048,#6049,#6050,#6051,#6052,#6053,#6054,#6055,
#6056,#6057,#6058,#6059,#6060,#6061,#6062,#6063,#6064,#6065,#6066,#6067,
#6068,#6069,#6070,#6071,#6072,#6073,#6074,#6075,#6076,#6077,#6078));
#722=EDGE_LOOP('',(#6079,#6080,#6081,#6082));
#723=EDGE_LOOP('',(#6083,#6084,#6085,#6086));
#724=EDGE_LOOP('',(#6087,#6088,#6089,#6090));
#725=EDGE_LOOP('',(#6091,#6092,#6093,#6094));
#726=EDGE_LOOP('',(#6095,#6096,#6097,#6098,#6099,#6100,#6101,#6102,#6103,
#6104,#6105));
#727=EDGE_LOOP('',(#6106,#6107,#6108,#6109));
#728=EDGE_LOOP('',(#6110,#6111,#6112,#6113));
#729=EDGE_LOOP('',(#6114,#6115,#6116,#6117,#6118,#6119,#6120,#6121,#6122,
#6123,#6124));
#730=EDGE_LOOP('',(#6125,#6126,#6127,#6128,#6129,#6130,#6131,#6132,#6133,
#6134));
#731=EDGE_LOOP('',(#6135,#6136,#6137,#6138));
#732=EDGE_LOOP('',(#6139,#6140,#6141,#6142));
#733=EDGE_LOOP('',(#6143,#6144,#6145,#6146));
#734=EDGE_LOOP('',(#6147,#6148,#6149,#6150));
#735=EDGE_LOOP('',(#6151,#6152,#6153,#6154));
#736=EDGE_LOOP('',(#6155,#6156,#6157,#6158));
#737=EDGE_LOOP('',(#6159,#6160,#6161,#6162));
#738=EDGE_LOOP('',(#6163,#6164,#6165,#6166));
#739=EDGE_LOOP('',(#6167,#6168,#6169,#6170));
#740=EDGE_LOOP('',(#6171,#6172,#6173,#6174));
#741=EDGE_LOOP('',(#6175,#6176,#6177,#6178));
#742=EDGE_LOOP('',(#6179,#6180,#6181,#6182));
#743=EDGE_LOOP('',(#6183,#6184,#6185,#6186));
#744=EDGE_LOOP('',(#6187,#6188,#6189,#6190));
#745=EDGE_LOOP('',(#6191,#6192,#6193,#6194));
#746=EDGE_LOOP('',(#6195,#6196,#6197,#6198));
#747=EDGE_LOOP('',(#6199,#6200,#6201,#6202));
#748=EDGE_LOOP('',(#6203,#6204,#6205,#6206));
#749=EDGE_LOOP('',(#6207,#6208,#6209,#6210));
#750=EDGE_LOOP('',(#6211,#6212,#6213,#6214));
#751=EDGE_LOOP('',(#6215,#6216,#6217,#6218));
#752=EDGE_LOOP('',(#6219,#6220,#6221,#6222,#6223,#6224,#6225,#6226,#6227,
#6228,#6229));
#753=EDGE_LOOP('',(#6230,#6231,#6232,#6233,#6234,#6235,#6236,#6237));
#754=EDGE_LOOP('',(#6238,#6239,#6240,#6241));
#755=EDGE_LOOP('',(#6242,#6243,#6244,#6245,#6246,#6247,#6248,#6249,#6250,
#6251,#6252,#6253,#6254,#6255,#6256,#6257,#6258,#6259,#6260,#6261));
#756=EDGE_LOOP('',(#6262,#6263,#6264,#6265));
#757=EDGE_LOOP('',(#6266,#6267,#6268,#6269));
#758=EDGE_LOOP('',(#6270,#6271,#6272,#6273));
#759=EDGE_LOOP('',(#6274,#6275,#6276,#6277));
#760=EDGE_LOOP('',(#6278,#6279,#6280,#6281));
#761=EDGE_LOOP('',(#6282,#6283,#6284,#6285));
#762=EDGE_LOOP('',(#6286,#6287,#6288,#6289));
#763=EDGE_LOOP('',(#6290,#6291,#6292,#6293));
#764=EDGE_LOOP('',(#6294,#6295,#6296,#6297));
#765=EDGE_LOOP('',(#6298,#6299,#6300,#6301));
#766=EDGE_LOOP('',(#6302,#6303,#6304,#6305));
#767=EDGE_LOOP('',(#6306,#6307,#6308,#6309));
#768=EDGE_LOOP('',(#6310,#6311,#6312,#6313));
#769=EDGE_LOOP('',(#6314,#6315,#6316,#6317));
#770=EDGE_LOOP('',(#6318,#6319,#6320,#6321));
#771=EDGE_LOOP('',(#6322,#6323,#6324,#6325));
#772=EDGE_LOOP('',(#6326,#6327,#6328,#6329));
#773=EDGE_LOOP('',(#6330,#6331,#6332,#6333));
#774=EDGE_LOOP('',(#6334,#6335,#6336,#6337));
#775=EDGE_LOOP('',(#6338,#6339,#6340,#6341));
#776=EDGE_LOOP('',(#6342,#6343,#6344,#6345,#6346,#6347,#6348,#6349));
#777=EDGE_LOOP('',(#6350,#6351,#6352,#6353,#6354,#6355,#6356,#6357,#6358,
#6359,#6360));
#778=EDGE_LOOP('',(#6361,#6362,#6363,#6364));
#779=EDGE_LOOP('',(#6365,#6366,#6367,#6368,#6369,#6370,#6371,#6372,#6373,
#6374,#6375));
#780=EDGE_LOOP('',(#6376,#6377,#6378,#6379));
#781=EDGE_LOOP('',(#6380,#6381,#6382,#6383,#6384,#6385));
#782=EDGE_LOOP('',(#6386,#6387,#6388,#6389));
#783=EDGE_LOOP('',(#6390,#6391,#6392,#6393));
#784=EDGE_LOOP('',(#6394,#6395,#6396,#6397));
#785=EDGE_LOOP('',(#6398,#6399,#6400,#6401));
#786=EDGE_LOOP('',(#6402,#6403,#6404,#6405,#6406,#6407));
#787=EDGE_LOOP('',(#6408,#6409,#6410,#6411,#6412,#6413,#6414,#6415));
#788=EDGE_LOOP('',(#6416,#6417,#6418,#6419));
#789=EDGE_LOOP('',(#6420,#6421,#6422,#6423,#6424,#6425,#6426,#6427,#6428,
#6429,#6430));
#790=EDGE_LOOP('',(#6431,#6432,#6433,#6434,#6435,#6436,#6437,#6438,#6439,
#6440,#6441));
#791=EDGE_LOOP('',(#6442,#6443,#6444,#6445,#6446,#6447,#6448,#6449));
#792=EDGE_LOOP('',(#6450,#6451,#6452,#6453,#6454,#6455,#6456,#6457,#6458,
#6459,#6460));
#793=EDGE_LOOP('',(#6461,#6462,#6463,#6464));
#794=EDGE_LOOP('',(#6465,#6466,#6467,#6468,#6469,#6470,#6471,#6472,#6473,
#6474,#6475));
#795=EDGE_LOOP('',(#6476,#6477,#6478,#6479));
#796=EDGE_LOOP('',(#6480,#6481,#6482,#6483,#6484,#6485));
#797=EDGE_LOOP('',(#6486,#6487,#6488,#6489));
#798=EDGE_LOOP('',(#6490,#6491,#6492,#6493));
#799=EDGE_LOOP('',(#6494,#6495,#6496,#6497));
#800=EDGE_LOOP('',(#6498,#6499,#6500,#6501));
#801=EDGE_LOOP('',(#6502,#6503,#6504,#6505,#6506,#6507));
#802=EDGE_LOOP('',(#6508,#6509,#6510,#6511,#6512,#6513,#6514,#6515));
#803=EDGE_LOOP('',(#6516,#6517,#6518,#6519,#6520,#6521,#6522,#6523,#6524,
#6525,#6526));
#804=EDGE_LOOP('',(#6527,#6528,#6529,#6530));
#805=EDGE_LOOP('',(#6531,#6532,#6533,#6534,#6535,#6536,#6537,#6538,#6539,
#6540,#6541));
#806=EDGE_LOOP('',(#6542,#6543,#6544,#6545,#6546,#6547,#6548,#6549));
#807=EDGE_LOOP('',(#6550,#6551,#6552,#6553,#6554,#6555,#6556,#6557,#6558,
#6559,#6560));
#808=EDGE_LOOP('',(#6561,#6562,#6563,#6564));
#809=EDGE_LOOP('',(#6565,#6566,#6567,#6568,#6569,#6570,#6571,#6572,#6573,
#6574,#6575));
#810=EDGE_LOOP('',(#6576,#6577,#6578,#6579));
#811=EDGE_LOOP('',(#6580,#6581,#6582,#6583,#6584,#6585));
#812=EDGE_LOOP('',(#6586,#6587,#6588,#6589));
#813=EDGE_LOOP('',(#6590,#6591,#6592,#6593));
#814=EDGE_LOOP('',(#6594,#6595,#6596,#6597));
#815=EDGE_LOOP('',(#6598,#6599,#6600,#6601));
#816=EDGE_LOOP('',(#6602,#6603,#6604,#6605,#6606,#6607));
#817=EDGE_LOOP('',(#6608,#6609,#6610,#6611,#6612,#6613,#6614,#6615));
#818=EDGE_LOOP('',(#6616,#6617,#6618,#6619));
#819=EDGE_LOOP('',(#6620,#6621,#6622,#6623,#6624,#6625,#6626,#6627,#6628,
#6629,#6630));
#820=EDGE_LOOP('',(#6631,#6632,#6633,#6634,#6635,#6636,#6637,#6638,#6639,
#6640,#6641));
#821=EDGE_LOOP('',(#6642,#6643,#6644,#6645,#6646,#6647,#6648,#6649));
#822=EDGE_LOOP('',(#6650,#6651,#6652,#6653,#6654,#6655,#6656,#6657,#6658,
#6659,#6660));
#823=EDGE_LOOP('',(#6661,#6662,#6663,#6664));
#824=EDGE_LOOP('',(#6665,#6666,#6667,#6668,#6669,#6670,#6671,#6672,#6673,
#6674,#6675));
#825=EDGE_LOOP('',(#6676,#6677,#6678,#6679));
#826=EDGE_LOOP('',(#6680,#6681,#6682,#6683,#6684,#6685));
#827=EDGE_LOOP('',(#6686,#6687,#6688,#6689));
#828=EDGE_LOOP('',(#6690,#6691,#6692,#6693));
#829=EDGE_LOOP('',(#6694,#6695,#6696,#6697));
#830=EDGE_LOOP('',(#6698,#6699,#6700,#6701));
#831=EDGE_LOOP('',(#6702,#6703,#6704,#6705,#6706,#6707));
#832=EDGE_LOOP('',(#6708,#6709,#6710,#6711,#6712,#6713,#6714,#6715));
#833=EDGE_LOOP('',(#6716,#6717,#6718,#6719));
#834=EDGE_LOOP('',(#6720,#6721,#6722,#6723,#6724,#6725,#6726,#6727,#6728,
#6729,#6730));
#835=EDGE_LOOP('',(#6731,#6732,#6733,#6734,#6735,#6736,#6737,#6738,#6739,
#6740,#6741));
#836=EDGE_LOOP('',(#6742,#6743,#6744,#6745,#6746,#6747,#6748,#6749));
#837=EDGE_LOOP('',(#6750,#6751,#6752,#6753,#6754,#6755,#6756,#6757,#6758,
#6759,#6760));
#838=EDGE_LOOP('',(#6761,#6762,#6763,#6764));
#839=EDGE_LOOP('',(#6765,#6766,#6767,#6768,#6769,#6770,#6771,#6772,#6773,
#6774,#6775));
#840=EDGE_LOOP('',(#6776,#6777,#6778,#6779));
#841=EDGE_LOOP('',(#6780,#6781,#6782,#6783,#6784,#6785));
#842=EDGE_LOOP('',(#6786,#6787,#6788,#6789));
#843=EDGE_LOOP('',(#6790,#6791,#6792,#6793));
#844=EDGE_LOOP('',(#6794,#6795,#6796,#6797));
#845=EDGE_LOOP('',(#6798,#6799,#6800,#6801));
#846=EDGE_LOOP('',(#6802,#6803,#6804,#6805,#6806,#6807));
#847=EDGE_LOOP('',(#6808,#6809,#6810,#6811,#6812,#6813,#6814,#6815));
#848=EDGE_LOOP('',(#6816,#6817,#6818,#6819));
#849=EDGE_LOOP('',(#6820,#6821,#6822,#6823,#6824,#6825,#6826,#6827,#6828,
#6829,#6830));
#850=EDGE_LOOP('',(#6831,#6832,#6833,#6834,#6835,#6836,#6837,#6838,#6839,
#6840,#6841));
#851=EDGE_LOOP('',(#6842,#6843,#6844,#6845,#6846,#6847,#6848,#6849));
#852=EDGE_LOOP('',(#6850,#6851,#6852,#6853,#6854,#6855,#6856,#6857,#6858,
#6859,#6860));
#853=EDGE_LOOP('',(#6861,#6862,#6863,#6864));
#854=EDGE_LOOP('',(#6865,#6866,#6867,#6868,#6869,#6870,#6871,#6872,#6873,
#6874,#6875));
#855=EDGE_LOOP('',(#6876,#6877,#6878,#6879));
#856=EDGE_LOOP('',(#6880,#6881,#6882,#6883,#6884,#6885));
#857=EDGE_LOOP('',(#6886,#6887,#6888,#6889));
#858=EDGE_LOOP('',(#6890,#6891,#6892,#6893));
#859=EDGE_LOOP('',(#6894,#6895,#6896,#6897));
#860=EDGE_LOOP('',(#6898,#6899,#6900,#6901));
#861=EDGE_LOOP('',(#6902,#6903,#6904,#6905,#6906,#6907));
#862=EDGE_LOOP('',(#6908,#6909,#6910,#6911,#6912,#6913,#6914,#6915));
#863=EDGE_LOOP('',(#6916,#6917,#6918,#6919));
#864=EDGE_LOOP('',(#6920,#6921,#6922,#6923,#6924,#6925,#6926,#6927,#6928,
#6929,#6930));
#865=EDGE_LOOP('',(#6931,#6932,#6933,#6934,#6935,#6936,#6937,#6938,#6939,
#6940,#6941));
#866=EDGE_LOOP('',(#6942,#6943,#6944,#6945));
#867=EDGE_LOOP('',(#6946,#6947,#6948,#6949));
#868=EDGE_LOOP('',(#6950,#6951,#6952,#6953));
#869=EDGE_LOOP('',(#6954,#6955,#6956,#6957));
#870=EDGE_LOOP('',(#6958,#6959,#6960,#6961));
#871=EDGE_LOOP('',(#6962,#6963,#6964,#6965));
#872=EDGE_LOOP('',(#6966,#6967,#6968,#6969,#6970,#6971,#6972,#6973));
#873=EDGE_LOOP('',(#6974,#6975,#6976,#6977));
#874=EDGE_LOOP('',(#6978,#6979,#6980,#6981));
#875=EDGE_LOOP('',(#6982,#6983,#6984,#6985));
#876=EDGE_LOOP('',(#6986,#6987,#6988,#6989));
#877=EDGE_LOOP('',(#6990,#6991,#6992,#6993));
#878=EDGE_LOOP('',(#6994,#6995,#6996,#6997));
#879=EDGE_LOOP('',(#6998,#6999,#7000,#7001));
#880=EDGE_LOOP('',(#7002,#7003,#7004,#7005));
#881=EDGE_LOOP('',(#7006,#7007,#7008,#7009));
#882=EDGE_LOOP('',(#7010,#7011,#7012,#7013));
#883=EDGE_LOOP('',(#7014,#7015,#7016,#7017));
#884=EDGE_LOOP('',(#7018,#7019,#7020,#7021));
#885=EDGE_LOOP('',(#7022,#7023,#7024,#7025));
#886=EDGE_LOOP('',(#7026,#7027,#7028,#7029));
#887=EDGE_LOOP('',(#7030,#7031,#7032,#7033));
#888=EDGE_LOOP('',(#7034,#7035,#7036,#7037));
#889=EDGE_LOOP('',(#7038,#7039,#7040,#7041));
#890=EDGE_LOOP('',(#7042,#7043,#7044,#7045));
#891=EDGE_LOOP('',(#7046,#7047,#7048,#7049));
#892=EDGE_LOOP('',(#7050,#7051,#7052,#7053));
#893=EDGE_LOOP('',(#7054,#7055,#7056,#7057));
#894=EDGE_LOOP('',(#7058,#7059,#7060,#7061,#7062,#7063,#7064,#7065,#7066,
#7067,#7068));
#895=EDGE_LOOP('',(#7069,#7070,#7071,#7072));
#896=EDGE_LOOP('',(#7073,#7074,#7075,#7076));
#897=EDGE_LOOP('',(#7077,#7078,#7079,#7080));
#898=EDGE_LOOP('',(#7081,#7082,#7083,#7084));
#899=EDGE_LOOP('',(#7085,#7086,#7087,#7088));
#900=EDGE_LOOP('',(#7089,#7090,#7091,#7092));
#901=EDGE_LOOP('',(#7093,#7094,#7095,#7096));
#902=EDGE_LOOP('',(#7097,#7098,#7099,#7100));
#903=EDGE_LOOP('',(#7101,#7102,#7103,#7104));
#904=EDGE_LOOP('',(#7105,#7106,#7107,#7108));
#905=EDGE_LOOP('',(#7109,#7110,#7111,#7112));
#906=EDGE_LOOP('',(#7113,#7114,#7115,#7116));
#907=EDGE_LOOP('',(#7117,#7118,#7119,#7120));
#908=EDGE_LOOP('',(#7121,#7122,#7123,#7124));
#909=EDGE_LOOP('',(#7125,#7126,#7127,#7128));
#910=EDGE_LOOP('',(#7129,#7130,#7131,#7132));
#911=EDGE_LOOP('',(#7133,#7134,#7135,#7136));
#912=EDGE_LOOP('',(#7137,#7138,#7139,#7140));
#913=EDGE_LOOP('',(#7141,#7142,#7143,#7144));
#914=EDGE_LOOP('',(#7145,#7146,#7147,#7148));
#915=EDGE_LOOP('',(#7149,#7150,#7151,#7152));
#916=EDGE_LOOP('',(#7153,#7154,#7155,#7156));
#917=EDGE_LOOP('',(#7157,#7158,#7159,#7160));
#918=EDGE_LOOP('',(#7161,#7162,#7163,#7164));
#919=EDGE_LOOP('',(#7165,#7166,#7167,#7168));
#920=EDGE_LOOP('',(#7169,#7170,#7171,#7172));
#921=EDGE_LOOP('',(#7173,#7174,#7175,#7176));
#922=EDGE_LOOP('',(#7177,#7178,#7179,#7180));
#923=EDGE_LOOP('',(#7181,#7182,#7183,#7184));
#924=EDGE_LOOP('',(#7185,#7186,#7187,#7188));
#925=EDGE_LOOP('',(#7189,#7190,#7191,#7192));
#926=EDGE_LOOP('',(#7193,#7194,#7195,#7196));
#927=EDGE_LOOP('',(#7197,#7198,#7199,#7200));
#928=EDGE_LOOP('',(#7201,#7202,#7203,#7204));
#929=EDGE_LOOP('',(#7205,#7206,#7207,#7208));
#930=EDGE_LOOP('',(#7209,#7210,#7211,#7212,#7213,#7214,#7215,#7216));
#931=EDGE_LOOP('',(#7217,#7218,#7219,#7220));
#932=EDGE_LOOP('',(#7221,#7222,#7223,#7224,#7225,#7226));
#933=EDGE_LOOP('',(#7227,#7228,#7229,#7230));
#934=EDGE_LOOP('',(#7231,#7232,#7233,#7234));
#935=EDGE_LOOP('',(#7235,#7236,#7237,#7238,#7239,#7240,#7241,#7242,#7243,
#7244,#7245));
#936=EDGE_LOOP('',(#7246,#7247,#7248,#7249));
#937=EDGE_LOOP('',(#7250,#7251,#7252,#7253));
#938=EDGE_LOOP('',(#7254,#7255,#7256,#7257));
#939=EDGE_LOOP('',(#7258,#7259,#7260,#7261));
#940=EDGE_LOOP('',(#7262,#7263,#7264,#7265));
#941=EDGE_LOOP('',(#7266,#7267,#7268,#7269,#7270,#7271,#7272,#7273,#7274,
#7275,#7276));
#942=EDGE_LOOP('',(#7277,#7278,#7279,#7280));
#943=EDGE_LOOP('',(#7281,#7282,#7283,#7284));
#944=EDGE_LOOP('',(#7285,#7286,#7287,#7288));
#945=EDGE_LOOP('',(#7289,#7290,#7291,#7292));
#946=EDGE_LOOP('',(#7293,#7294,#7295,#7296));
#947=EDGE_LOOP('',(#7297,#7298,#7299,#7300,#7301,#7302,#7303,#7304));
#948=EDGE_LOOP('',(#7305,#7306,#7307,#7308,#7309,#7310,#7311,#7312,#7313,
#7314,#7315));
#949=EDGE_LOOP('',(#7316,#7317,#7318,#7319,#7320,#7321));
#950=EDGE_LOOP('',(#7322,#7323,#7324,#7325));
#951=EDGE_LOOP('',(#7326,#7327,#7328,#7329));
#952=EDGE_LOOP('',(#7330,#7331,#7332,#7333));
#953=EDGE_LOOP('',(#7334,#7335,#7336,#7337));
#954=EDGE_LOOP('',(#7338,#7339,#7340,#7341));
#955=EDGE_LOOP('',(#7342,#7343,#7344,#7345));
#956=EDGE_LOOP('',(#7346,#7347,#7348,#7349,#7350,#7351,#7352,#7353,#7354,
#7355,#7356));
#957=EDGE_LOOP('',(#7357,#7358,#7359,#7360));
#958=EDGE_LOOP('',(#7361,#7362,#7363,#7364));
#959=EDGE_LOOP('',(#7365,#7366,#7367,#7368));
#960=EDGE_LOOP('',(#7369,#7370,#7371,#7372));
#961=EDGE_LOOP('',(#7373,#7374,#7375,#7376));
#962=EDGE_LOOP('',(#7377,#7378,#7379,#7380,#7381,#7382,#7383,#7384,#7385,
#7386,#7387));
#963=EDGE_LOOP('',(#7388,#7389,#7390,#7391,#7392,#7393,#7394,#7395));
#964=EDGE_LOOP('',(#7396,#7397,#7398,#7399,#7400,#7401,#7402,#7403,#7404,
#7405,#7406));
#965=EDGE_LOOP('',(#7407,#7408,#7409,#7410,#7411,#7412));
#966=EDGE_LOOP('',(#7413,#7414,#7415,#7416));
#967=EDGE_LOOP('',(#7417,#7418,#7419,#7420));
#968=EDGE_LOOP('',(#7421,#7422,#7423,#7424));
#969=EDGE_LOOP('',(#7425,#7426,#7427,#7428));
#970=EDGE_LOOP('',(#7429,#7430,#7431,#7432));
#971=EDGE_LOOP('',(#7433,#7434,#7435,#7436));
#972=EDGE_LOOP('',(#7437,#7438,#7439,#7440));
#973=EDGE_LOOP('',(#7441,#7442,#7443,#7444));
#974=EDGE_LOOP('',(#7445,#7446,#7447,#7448));
#975=EDGE_LOOP('',(#7449,#7450,#7451,#7452));
#976=EDGE_LOOP('',(#7453,#7454,#7455,#7456));
#977=EDGE_LOOP('',(#7457,#7458,#7459,#7460));
#978=EDGE_LOOP('',(#7461,#7462,#7463,#7464));
#979=EDGE_LOOP('',(#7465,#7466,#7467,#7468,#7469,#7470,#7471,#7472));
#980=EDGE_LOOP('',(#7473,#7474,#7475,#7476,#7477,#7478,#7479,#7480,#7481,
#7482,#7483));
#981=EDGE_LOOP('',(#7484,#7485,#7486,#7487,#7488,#7489));
#982=EDGE_LOOP('',(#7490,#7491,#7492,#7493));
#983=EDGE_LOOP('',(#7494,#7495,#7496,#7497));
#984=EDGE_LOOP('',(#7498,#7499,#7500,#7501));
#985=EDGE_LOOP('',(#7502,#7503,#7504,#7505));
#986=EDGE_LOOP('',(#7506,#7507,#7508,#7509));
#987=EDGE_LOOP('',(#7510,#7511,#7512,#7513));
#988=EDGE_LOOP('',(#7514,#7515,#7516,#7517));
#989=EDGE_LOOP('',(#7518,#7519,#7520,#7521,#7522,#7523,#7524,#7525,#7526,
#7527,#7528));
#990=EDGE_LOOP('',(#7529,#7530,#7531,#7532));
#991=EDGE_LOOP('',(#7533,#7534,#7535,#7536));
#992=EDGE_LOOP('',(#7537,#7538,#7539,#7540));
#993=EDGE_LOOP('',(#7541,#7542,#7543,#7544));
#994=EDGE_LOOP('',(#7545,#7546,#7547,#7548));
#995=EDGE_LOOP('',(#7549,#7550,#7551,#7552,#7553,#7554,#7555,#7556));
#996=EDGE_LOOP('',(#7557,#7558,#7559,#7560,#7561,#7562,#7563,#7564,#7565,
#7566,#7567));
#997=EDGE_LOOP('',(#7568,#7569,#7570,#7571,#7572,#7573));
#998=EDGE_LOOP('',(#7574,#7575,#7576,#7577));
#999=EDGE_LOOP('',(#7578,#7579,#7580,#7581));
#1000=EDGE_LOOP('',(#7582,#7583,#7584,#7585));
#1001=EDGE_LOOP('',(#7586,#7587,#7588,#7589));
#1002=EDGE_LOOP('',(#7590,#7591,#7592,#7593));
#1003=EDGE_LOOP('',(#7594,#7595,#7596,#7597));
#1004=EDGE_LOOP('',(#7598,#7599,#7600,#7601));
#1005=EDGE_LOOP('',(#7602,#7603,#7604,#7605,#7606,#7607));
#1006=EDGE_LOOP('',(#7608,#7609,#7610,#7611,#7612,#7613,#7614,#7615,#7616,
#7617,#7618));
#1007=EDGE_LOOP('',(#7619,#7620,#7621,#7622));
#1008=EDGE_LOOP('',(#7623,#7624,#7625,#7626));
#1009=EDGE_LOOP('',(#7627,#7628,#7629,#7630));
#1010=EDGE_LOOP('',(#7631,#7632,#7633,#7634));
#1011=EDGE_LOOP('',(#7635,#7636,#7637,#7638,#7639,#7640,#7641,#7642));
#1012=EDGE_LOOP('',(#7643,#7644,#7645,#7646));
#1013=EDGE_LOOP('',(#7647,#7648,#7649,#7650,#7651,#7652));
#1014=EDGE_LOOP('',(#7653,#7654,#7655,#7656));
#1015=EDGE_LOOP('',(#7657,#7658,#7659,#7660));
#1016=EDGE_LOOP('',(#7661,#7662,#7663,#7664));
#1017=EDGE_LOOP('',(#7665,#7666,#7667,#7668));
#1018=EDGE_LOOP('',(#7669,#7670,#7671,#7672));
#1019=EDGE_LOOP('',(#7673,#7674,#7675,#7676));
#1020=EDGE_LOOP('',(#7677,#7678,#7679,#7680,#7681,#7682));
#1021=EDGE_LOOP('',(#7683,#7684,#7685,#7686,#7687,#7688,#7689,#7690,#7691,
#7692,#7693));
#1022=EDGE_LOOP('',(#7694,#7695,#7696,#7697));
#1023=EDGE_LOOP('',(#7698,#7699,#7700,#7701,#7702,#7703,#7704,#7705,#7706,
#7707,#7708));
#1024=EDGE_LOOP('',(#7709,#7710,#7711,#7712,#7713,#7714,#7715,#7716,#7717,
#7718,#7719));
#1025=EDGE_LOOP('',(#7720,#7721,#7722,#7723,#7724));
#1026=EDGE_LOOP('',(#7725,#7726,#7727,#7728));
#1027=EDGE_LOOP('',(#7729,#7730,#7731,#7732,#7733,#7734));
#1028=EDGE_LOOP('',(#7735,#7736,#7737,#7738));
#1029=EDGE_LOOP('',(#7739,#7740,#7741,#7742,#7743,#7744));
#1030=EDGE_LOOP('',(#7745,#7746,#7747,#7748));
#1031=EDGE_LOOP('',(#7749,#7750,#7751,#7752));
#1032=EDGE_LOOP('',(#7753,#7754,#7755,#7756,#7757));
#1033=EDGE_LOOP('',(#7758,#7759,#7760,#7761));
#1034=EDGE_LOOP('',(#7762,#7763,#7764,#7765));
#1035=EDGE_LOOP('',(#7766,#7767,#7768,#7769));
#1036=EDGE_LOOP('',(#7770,#7771,#7772,#7773));
#1037=EDGE_LOOP('',(#7774,#7775,#7776,#7777));
#1038=EDGE_LOOP('',(#7778,#7779,#7780,#7781));
#1039=EDGE_LOOP('',(#7782,#7783,#7784,#7785));
#1040=EDGE_LOOP('',(#7786,#7787,#7788,#7789));
#1041=EDGE_LOOP('',(#7790,#7791,#7792,#7793));
#1042=EDGE_LOOP('',(#7794,#7795,#7796,#7797));
#1043=EDGE_LOOP('',(#7798,#7799,#7800,#7801));
#1044=EDGE_LOOP('',(#7802,#7803,#7804,#7805));
#1045=EDGE_LOOP('',(#7806,#7807,#7808,#7809));
#1046=EDGE_LOOP('',(#7810,#7811,#7812,#7813));
#1047=EDGE_LOOP('',(#7814,#7815,#7816,#7817));
#1048=EDGE_LOOP('',(#7818,#7819,#7820,#7821));
#1049=EDGE_LOOP('',(#7822,#7823,#7824,#7825));
#1050=EDGE_LOOP('',(#7826,#7827,#7828,#7829,#7830,#7831,#7832,#7833,#7834,
#7835,#7836,#7837,#7838,#7839,#7840,#7841,#7842,#7843));
#1051=EDGE_LOOP('',(#7844,#7845,#7846,#7847,#7848,#7849,#7850,#7851,#7852,
#7853,#7854,#7855,#7856,#7857,#7858,#7859,#7860,#7861));
#1052=EDGE_LOOP('',(#7862,#7863,#7864,#7865));
#1053=EDGE_LOOP('',(#7866,#7867,#7868,#7869));
#1054=EDGE_LOOP('',(#7870,#7871,#7872,#7873,#7874,#7875));
#1055=EDGE_LOOP('',(#7876,#7877,#7878,#7879));
#1056=EDGE_LOOP('',(#7880,#7881,#7882,#7883,#7884,#7885,#7886,#7887,#7888,
#7889));
#1057=EDGE_LOOP('',(#7890,#7891,#7892,#7893,#7894));
#1058=EDGE_LOOP('',(#7895,#7896,#7897,#7898,#7899,#7900));
#1059=EDGE_LOOP('',(#7901,#7902,#7903,#7904));
#1060=EDGE_LOOP('',(#7905,#7906,#7907,#7908));
#1061=EDGE_LOOP('',(#7909,#7910,#7911,#7912));
#1062=EDGE_LOOP('',(#7913,#7914,#7915,#7916));
#1063=EDGE_LOOP('',(#7917,#7918,#7919,#7920));
#1064=EDGE_LOOP('',(#7921,#7922,#7923,#7924));
#1065=EDGE_LOOP('',(#7925,#7926,#7927,#7928));
#1066=EDGE_LOOP('',(#7929,#7930,#7931,#7932));
#1067=EDGE_LOOP('',(#7933,#7934,#7935,#7936));
#1068=EDGE_LOOP('',(#7937,#7938,#7939,#7940));
#1069=EDGE_LOOP('',(#7941,#7942,#7943,#7944,#7945));
#1070=EDGE_LOOP('',(#7946,#7947,#7948,#7949));
#1071=EDGE_LOOP('',(#7950,#7951,#7952,#7953));
#1072=EDGE_LOOP('',(#7954,#7955,#7956,#7957));
#1073=EDGE_LOOP('',(#7958,#7959,#7960,#7961,#7962,#7963,#7964,#7965,#7966));
#1074=EDGE_LOOP('',(#7967,#7968,#7969,#7970));
#1075=EDGE_LOOP('',(#7971,#7972,#7973,#7974,#7975,#7976,#7977,#7978));
#1076=EDGE_LOOP('',(#7979,#7980,#7981,#7982));
#1077=EDGE_LOOP('',(#7983,#7984,#7985,#7986));
#1078=EDGE_LOOP('',(#7987,#7988,#7989,#7990));
#1079=EDGE_LOOP('',(#7991,#7992,#7993,#7994,#7995,#7996,#7997,#7998,#7999,
#8000,#8001,#8002,#8003,#8004,#8005,#8006,#8007,#8008,#8009,#8010,#8011,
#8012,#8013,#8014,#8015,#8016,#8017,#8018,#8019,#8020,#8021,#8022,#8023,
#8024,#8025,#8026,#8027,#8028,#8029,#8030,#8031,#8032,#8033,#8034,#8035,
#8036,#8037,#8038,#8039,#8040,#8041,#8042,#8043,#8044,#8045,#8046,#8047,
#8048,#8049,#8050,#8051,#8052,#8053,#8054,#8055,#8056,#8057,#8058,#8059,
#8060,#8061,#8062,#8063,#8064,#8065,#8066,#8067,#8068,#8069,#8070,#8071,
#8072,#8073,#8074,#8075,#8076,#8077,#8078,#8079,#8080,#8081,#8082));
#1080=EDGE_LOOP('',(#8083,#8084,#8085,#8086));
#1081=EDGE_LOOP('',(#8087,#8088,#8089,#8090));
#1082=LINE('',#11800,#2251);
#1083=LINE('',#11802,#2252);
#1084=LINE('',#11804,#2253);
#1085=LINE('',#11806,#2254);
#1086=LINE('',#11807,#2255);
#1087=LINE('',#11811,#2256);
#1088=LINE('',#11812,#2257);
#1089=LINE('',#11813,#2258);
#1090=LINE('',#11817,#2259);
#1091=LINE('',#11819,#2260);
#1092=LINE('',#11821,#2261);
#1093=LINE('',#11825,#2262);
#1094=LINE('',#11827,#2263);
#1095=LINE('',#11829,#2264);
#1096=LINE('',#11831,#2265);
#1097=LINE('',#11833,#2266);
#1098=LINE('',#11834,#2267);
#1099=LINE('',#11835,#2268);
#1100=LINE('',#11839,#2269);
#1101=LINE('',#11841,#2270);
#1102=LINE('',#11843,#2271);
#1103=LINE('',#11844,#2272);
#1104=LINE('',#11848,#2273);
#1105=LINE('',#11852,#2274);
#1106=LINE('',#11856,#2275);
#1107=LINE('',#11858,#2276);
#1108=LINE('',#11859,#2277);
#1109=LINE('',#11863,#2278);
#1110=LINE('',#11865,#2279);
#1111=LINE('',#11867,#2280);
#1112=LINE('',#11868,#2281);
#1113=LINE('',#11871,#2282);
#1114=LINE('',#11873,#2283);
#1115=LINE('',#11878,#2284);
#1116=LINE('',#11880,#2285);
#1117=LINE('',#11882,#2286);
#1118=LINE('',#11883,#2287);
#1119=LINE('',#11887,#2288);
#1120=LINE('',#11891,#2289);
#1121=LINE('',#11895,#2290);
#1122=LINE('',#11897,#2291);
#1123=LINE('',#11898,#2292);
#1124=LINE('',#11901,#2293);
#1125=LINE('',#11903,#2294);
#1126=LINE('',#11904,#2295);
#1127=LINE('',#11907,#2296);
#1128=LINE('',#11909,#2297);
#1129=LINE('',#11911,#2298);
#1130=LINE('',#11913,#2299);
#1131=LINE('',#11914,#2300);
#1132=LINE('',#11918,#2301);
#1133=LINE('',#11920,#2302);
#1134=LINE('',#11922,#2303);
#1135=LINE('',#11924,#2304);
#1136=LINE('',#11925,#2305);
#1137=LINE('',#11927,#2306);
#1138=LINE('',#11928,#2307);
#1139=LINE('',#11929,#2308);
#1140=LINE('',#11930,#2309);
#1141=LINE('',#11934,#2310);
#1142=LINE('',#11936,#2311);
#1143=LINE('',#11940,#2312);
#1144=LINE('',#11942,#2313);
#1145=LINE('',#11944,#2314);
#1146=LINE('',#11946,#2315);
#1147=LINE('',#11950,#2316);
#1148=LINE('',#11952,#2317);
#1149=LINE('',#11953,#2318);
#1150=LINE('',#11955,#2319);
#1151=LINE('',#11957,#2320);
#1152=LINE('',#11958,#2321);
#1153=LINE('',#11962,#2322);
#1154=LINE('',#11966,#2323);
#1155=LINE('',#11968,#2324);
#1156=LINE('',#11970,#2325);
#1157=LINE('',#11972,#2326);
#1158=LINE('',#11975,#2327);
#1159=LINE('',#11976,#2328);
#1160=LINE('',#11980,#2329);
#1161=LINE('',#11982,#2330);
#1162=LINE('',#11984,#2331);
#1163=LINE('',#11986,#2332);
#1164=LINE('',#11988,#2333);
#1165=LINE('',#11989,#2334);
#1166=LINE('',#11990,#2335);
#1167=LINE('',#11994,#2336);
#1168=LINE('',#11996,#2337);
#1169=LINE('',#12000,#2338);
#1170=LINE('',#12002,#2339);
#1171=LINE('',#12004,#2340);
#1172=LINE('',#12006,#2341);
#1173=LINE('',#12010,#2342);
#1174=LINE('',#12012,#2343);
#1175=LINE('',#12013,#2344);
#1176=LINE('',#12016,#2345);
#1177=LINE('',#12018,#2346);
#1178=LINE('',#12019,#2347);
#1179=LINE('',#12021,#2348);
#1180=LINE('',#12023,#2349);
#1181=LINE('',#12024,#2350);
#1182=LINE('',#12026,#2351);
#1183=LINE('',#12030,#2352);
#1184=LINE('',#12032,#2353);
#1185=LINE('',#12034,#2354);
#1186=LINE('',#12036,#2355);
#1187=LINE('',#12039,#2356);
#1188=LINE('',#12041,#2357);
#1189=LINE('',#12043,#2358);
#1190=LINE('',#12045,#2359);
#1191=LINE('',#12047,#2360);
#1192=LINE('',#12049,#2361);
#1193=LINE('',#12051,#2362);
#1194=LINE('',#12056,#2363);
#1195=LINE('',#12058,#2364);
#1196=LINE('',#12060,#2365);
#1197=LINE('',#12062,#2366);
#1198=LINE('',#12064,#2367);
#1199=LINE('',#12066,#2368);
#1200=LINE('',#12068,#2369);
#1201=LINE('',#12070,#2370);
#1202=LINE('',#12072,#2371);
#1203=LINE('',#12073,#2372);
#1204=LINE('',#12077,#2373);
#1205=LINE('',#12079,#2374);
#1206=LINE('',#12081,#2375);
#1207=LINE('',#12082,#2376);
#1208=LINE('',#12086,#2377);
#1209=LINE('',#12088,#2378);
#1210=LINE('',#12090,#2379);
#1211=LINE('',#12091,#2380);
#1212=LINE('',#12095,#2381);
#1213=LINE('',#12097,#2382);
#1214=LINE('',#12099,#2383);
#1215=LINE('',#12100,#2384);
#1216=LINE('',#12104,#2385);
#1217=LINE('',#12106,#2386);
#1218=LINE('',#12108,#2387);
#1219=LINE('',#12109,#2388);
#1220=LINE('',#12113,#2389);
#1221=LINE('',#12115,#2390);
#1222=LINE('',#12116,#2391);
#1223=LINE('',#12117,#2392);
#1224=LINE('',#12119,#2393);
#1225=LINE('',#12121,#2394);
#1226=LINE('',#12122,#2395);
#1227=LINE('',#12125,#2396);
#1228=LINE('',#12126,#2397);
#1229=LINE('',#12127,#2398);
#1230=LINE('',#12131,#2399);
#1231=LINE('',#12133,#2400);
#1232=LINE('',#12135,#2401);
#1233=LINE('',#12136,#2402);
#1234=LINE('',#12140,#2403);
#1235=LINE('',#12142,#2404);
#1236=LINE('',#12144,#2405);
#1237=LINE('',#12145,#2406);
#1238=LINE('',#12148,#2407);
#1239=LINE('',#12150,#2408);
#1240=LINE('',#12151,#2409);
#1241=LINE('',#12154,#2410);
#1242=LINE('',#12156,#2411);
#1243=LINE('',#12157,#2412);
#1244=LINE('',#12160,#2413);
#1245=LINE('',#12161,#2414);
#1246=LINE('',#12165,#2415);
#1247=LINE('',#12167,#2416);
#1248=LINE('',#12169,#2417);
#1249=LINE('',#12170,#2418);
#1250=LINE('',#12172,#2419);
#1251=LINE('',#12173,#2420);
#1252=LINE('',#12175,#2421);
#1253=LINE('',#12176,#2422);
#1254=LINE('',#12180,#2423);
#1255=LINE('',#12182,#2424);
#1256=LINE('',#12184,#2425);
#1257=LINE('',#12185,#2426);
#1258=LINE('',#12187,#2427);
#1259=LINE('',#12189,#2428);
#1260=LINE('',#12190,#2429);
#1261=LINE('',#12193,#2430);
#1262=LINE('',#12195,#2431);
#1263=LINE('',#12197,#2432);
#1264=LINE('',#12199,#2433);
#1265=LINE('',#12201,#2434);
#1266=LINE('',#12203,#2435);
#1267=LINE('',#12207,#2436);
#1268=LINE('',#12208,#2437);
#1269=LINE('',#12212,#2438);
#1270=LINE('',#12214,#2439);
#1271=LINE('',#12216,#2440);
#1272=LINE('',#12217,#2441);
#1273=LINE('',#12220,#2442);
#1274=LINE('',#12222,#2443);
#1275=LINE('',#12224,#2444);
#1276=LINE('',#12225,#2445);
#1277=LINE('',#12227,#2446);
#1278=LINE('',#12228,#2447);
#1279=LINE('',#12231,#2448);
#1280=LINE('',#12232,#2449);
#1281=LINE('',#12235,#2450);
#1282=LINE('',#12236,#2451);
#1283=LINE('',#12239,#2452);
#1284=LINE('',#12241,#2453);
#1285=LINE('',#12243,#2454);
#1286=LINE('',#12244,#2455);
#1287=LINE('',#12250,#2456);
#1288=LINE('',#12253,#2457);
#1289=LINE('',#12256,#2458);
#1290=LINE('',#12258,#2459);
#1291=LINE('',#12259,#2460);
#1292=LINE('',#12262,#2461);
#1293=LINE('',#12264,#2462);
#1294=LINE('',#12265,#2463);
#1295=LINE('',#12268,#2464);
#1296=LINE('',#12270,#2465);
#1297=LINE('',#12271,#2466);
#1298=LINE('',#12277,#2467);
#1299=LINE('',#12280,#2468);
#1300=LINE('',#12282,#2469);
#1301=LINE('',#12283,#2470);
#1302=LINE('',#12286,#2471);
#1303=LINE('',#12288,#2472);
#1304=LINE('',#12289,#2473);
#1305=LINE('',#12292,#2474);
#1306=LINE('',#12294,#2475);
#1307=LINE('',#12295,#2476);
#1308=LINE('',#12301,#2477);
#1309=LINE('',#12304,#2478);
#1310=LINE('',#12306,#2479);
#1311=LINE('',#12307,#2480);
#1312=LINE('',#12313,#2481);
#1313=LINE('',#12316,#2482);
#1314=LINE('',#12318,#2483);
#1315=LINE('',#12319,#2484);
#1316=LINE('',#12322,#2485);
#1317=LINE('',#12324,#2486);
#1318=LINE('',#12325,#2487);
#1319=LINE('',#12328,#2488);
#1320=LINE('',#12330,#2489);
#1321=LINE('',#12331,#2490);
#1322=LINE('',#12333,#2491);
#1323=LINE('',#12334,#2492);
#1324=LINE('',#12338,#2493);
#1325=LINE('',#12341,#2494);
#1326=LINE('',#12344,#2495);
#1327=LINE('',#12347,#2496);
#1328=LINE('',#12350,#2497);
#1329=LINE('',#12352,#2498);
#1330=LINE('',#12353,#2499);
#1331=LINE('',#12356,#2500);
#1332=LINE('',#12358,#2501);
#1333=LINE('',#12359,#2502);
#1334=LINE('',#12361,#2503);
#1335=LINE('',#12362,#2504);
#1336=LINE('',#12366,#2505);
#1337=LINE('',#12367,#2506);
#1338=LINE('',#12369,#2507);
#1339=LINE('',#12372,#2508);
#1340=LINE('',#12373,#2509);
#1341=LINE('',#12375,#2510);
#1342=LINE('',#12377,#2511);
#1343=LINE('',#12379,#2512);
#1344=LINE('',#12381,#2513);
#1345=LINE('',#12383,#2514);
#1346=LINE('',#12385,#2515);
#1347=LINE('',#12387,#2516);
#1348=LINE('',#12389,#2517);
#1349=LINE('',#12391,#2518);
#1350=LINE('',#12393,#2519);
#1351=LINE('',#12395,#2520);
#1352=LINE('',#12397,#2521);
#1353=LINE('',#12399,#2522);
#1354=LINE('',#12401,#2523);
#1355=LINE('',#12403,#2524);
#1356=LINE('',#12405,#2525);
#1357=LINE('',#12407,#2526);
#1358=LINE('',#12409,#2527);
#1359=LINE('',#12411,#2528);
#1360=LINE('',#12413,#2529);
#1361=LINE('',#12415,#2530);
#1362=LINE('',#12417,#2531);
#1363=LINE('',#12419,#2532);
#1364=LINE('',#12421,#2533);
#1365=LINE('',#12423,#2534);
#1366=LINE('',#12425,#2535);
#1367=LINE('',#12427,#2536);
#1368=LINE('',#12429,#2537);
#1369=LINE('',#12431,#2538);
#1370=LINE('',#12433,#2539);
#1371=LINE('',#12435,#2540);
#1372=LINE('',#12437,#2541);
#1373=LINE('',#12439,#2542);
#1374=LINE('',#12441,#2543);
#1375=LINE('',#12443,#2544);
#1376=LINE('',#12445,#2545);
#1377=LINE('',#12447,#2546);
#1378=LINE('',#12449,#2547);
#1379=LINE('',#12451,#2548);
#1380=LINE('',#12453,#2549);
#1381=LINE('',#12455,#2550);
#1382=LINE('',#12457,#2551);
#1383=LINE('',#12459,#2552);
#1384=LINE('',#12461,#2553);
#1385=LINE('',#12463,#2554);
#1386=LINE('',#12465,#2555);
#1387=LINE('',#12467,#2556);
#1388=LINE('',#12469,#2557);
#1389=LINE('',#12471,#2558);
#1390=LINE('',#12473,#2559);
#1391=LINE('',#12475,#2560);
#1392=LINE('',#12477,#2561);
#1393=LINE('',#12479,#2562);
#1394=LINE('',#12481,#2563);
#1395=LINE('',#12483,#2564);
#1396=LINE('',#12485,#2565);
#1397=LINE('',#12487,#2566);
#1398=LINE('',#12489,#2567);
#1399=LINE('',#12491,#2568);
#1400=LINE('',#12493,#2569);
#1401=LINE('',#12495,#2570);
#1402=LINE('',#12497,#2571);
#1403=LINE('',#12499,#2572);
#1404=LINE('',#12501,#2573);
#1405=LINE('',#12503,#2574);
#1406=LINE('',#12505,#2575);
#1407=LINE('',#12507,#2576);
#1408=LINE('',#12509,#2577);
#1409=LINE('',#12511,#2578);
#1410=LINE('',#12513,#2579);
#1411=LINE('',#12515,#2580);
#1412=LINE('',#12517,#2581);
#1413=LINE('',#12519,#2582);
#1414=LINE('',#12521,#2583);
#1415=LINE('',#12523,#2584);
#1416=LINE('',#12525,#2585);
#1417=LINE('',#12527,#2586);
#1418=LINE('',#12529,#2587);
#1419=LINE('',#12530,#2588);
#1420=LINE('',#12534,#2589);
#1421=LINE('',#12538,#2590);
#1422=LINE('',#12543,#2591);
#1423=LINE('',#12547,#2592);
#1424=LINE('',#12552,#2593);
#1425=LINE('',#12553,#2594);
#1426=LINE('',#12554,#2595);
#1427=LINE('',#12561,#2596);
#1428=LINE('',#12563,#2597);
#1429=LINE('',#12567,#2598);
#1430=LINE('',#12569,#2599);
#1431=LINE('',#12571,#2600);
#1432=LINE('',#12573,#2601);
#1433=LINE('',#12577,#2602);
#1434=LINE('',#12579,#2603);
#1435=LINE('',#12580,#2604);
#1436=LINE('',#12583,#2605);
#1437=LINE('',#12585,#2606);
#1438=LINE('',#12586,#2607);
#1439=LINE('',#12590,#2608);
#1440=LINE('',#12592,#2609);
#1441=LINE('',#12594,#2610);
#1442=LINE('',#12595,#2611);
#1443=LINE('',#12597,#2612);
#1444=LINE('',#12598,#2613);
#1445=LINE('',#12600,#2614);
#1446=LINE('',#12601,#2615);
#1447=LINE('',#12604,#2616);
#1448=LINE('',#12605,#2617);
#1449=LINE('',#12607,#2618);
#1450=LINE('',#12609,#2619);
#1451=LINE('',#12611,#2620);
#1452=LINE('',#12612,#2621);
#1453=LINE('',#12615,#2622);
#1454=LINE('',#12617,#2623);
#1455=LINE('',#12618,#2624);
#1456=LINE('',#12622,#2625);
#1457=LINE('',#12624,#2626);
#1458=LINE('',#12626,#2627);
#1459=LINE('',#12627,#2628);
#1460=LINE('',#12631,#2629);
#1461=LINE('',#12633,#2630);
#1462=LINE('',#12635,#2631);
#1463=LINE('',#12636,#2632);
#1464=LINE('',#12640,#2633);
#1465=LINE('',#12645,#2634);
#1466=LINE('',#12647,#2635);
#1467=LINE('',#12648,#2636);
#1468=LINE('',#12652,#2637);
#1469=LINE('',#12653,#2638);
#1470=LINE('',#12654,#2639);
#1471=LINE('',#12658,#2640);
#1472=LINE('',#12659,#2641);
#1473=LINE('',#12660,#2642);
#1474=LINE('',#12664,#2643);
#1475=LINE('',#12665,#2644);
#1476=LINE('',#12666,#2645);
#1477=LINE('',#12670,#2646);
#1478=LINE('',#12676,#2647);
#1479=LINE('',#12677,#2648);
#1480=LINE('',#12678,#2649);
#1481=LINE('',#12682,#2650);
#1482=LINE('',#12683,#2651);
#1483=LINE('',#12684,#2652);
#1484=LINE('',#12688,#2653);
#1485=LINE('',#12690,#2654);
#1486=LINE('',#12692,#2655);
#1487=LINE('',#12693,#2656);
#1488=LINE('',#12697,#2657);
#1489=LINE('',#12702,#2658);
#1490=LINE('',#12704,#2659);
#1491=LINE('',#12705,#2660);
#1492=LINE('',#12709,#2661);
#1493=LINE('',#12710,#2662);
#1494=LINE('',#12711,#2663);
#1495=LINE('',#12713,#2664);
#1496=LINE('',#12715,#2665);
#1497=LINE('',#12718,#2666);
#1498=LINE('',#12720,#2667);
#1499=LINE('',#12721,#2668);
#1500=LINE('',#12725,#2669);
#1501=LINE('',#12727,#2670);
#1502=LINE('',#12729,#2671);
#1503=LINE('',#12730,#2672);
#1504=LINE('',#12734,#2673);
#1505=LINE('',#12735,#2674);
#1506=LINE('',#12736,#2675);
#1507=LINE('',#12741,#2676);
#1508=LINE('',#12745,#2677);
#1509=LINE('',#12746,#2678);
#1510=LINE('',#12748,#2679);
#1511=LINE('',#12752,#2680);
#1512=LINE('',#12754,#2681);
#1513=LINE('',#12756,#2682);
#1514=LINE('',#12757,#2683);
#1515=LINE('',#12760,#2684);
#1516=LINE('',#12762,#2685);
#1517=LINE('',#12763,#2686);
#1518=LINE('',#12765,#2687);
#1519=LINE('',#12767,#2688);
#1520=LINE('',#12769,#2689);
#1521=LINE('',#12771,#2690);
#1522=LINE('',#12773,#2691);
#1523=LINE('',#12775,#2692);
#1524=LINE('',#12776,#2693);
#1525=LINE('',#12779,#2694);
#1526=LINE('',#12781,#2695);
#1527=LINE('',#12782,#2696);
#1528=LINE('',#12784,#2697);
#1529=LINE('',#12785,#2698);
#1530=LINE('',#12787,#2699);
#1531=LINE('',#12791,#2700);
#1532=LINE('',#12793,#2701);
#1533=LINE('',#12795,#2702);
#1534=LINE('',#12796,#2703);
#1535=LINE('',#12800,#2704);
#1536=LINE('',#12804,#2705);
#1537=LINE('',#12809,#2706);
#1538=LINE('',#12811,#2707);
#1539=LINE('',#12813,#2708);
#1540=LINE('',#12814,#2709);
#1541=LINE('',#12818,#2710);
#1542=LINE('',#12824,#2711);
#1543=LINE('',#12825,#2712);
#1544=LINE('',#12826,#2713);
#1545=LINE('',#12830,#2714);
#1546=LINE('',#12831,#2715);
#1547=LINE('',#12832,#2716);
#1548=LINE('',#12837,#2717);
#1549=LINE('',#12841,#2718);
#1550=LINE('',#12843,#2719);
#1551=LINE('',#12844,#2720);
#1552=LINE('',#12847,#2721);
#1553=LINE('',#12849,#2722);
#1554=LINE('',#12850,#2723);
#1555=LINE('',#12853,#2724);
#1556=LINE('',#12855,#2725);
#1557=LINE('',#12856,#2726);
#1558=LINE('',#12859,#2727);
#1559=LINE('',#12861,#2728);
#1560=LINE('',#12862,#2729);
#1561=LINE('',#12867,#2730);
#1562=LINE('',#12871,#2731);
#1563=LINE('',#12873,#2732);
#1564=LINE('',#12874,#2733);
#1565=LINE('',#12878,#2734);
#1566=LINE('',#12880,#2735);
#1567=LINE('',#12882,#2736);
#1568=LINE('',#12883,#2737);
#1569=LINE('',#12887,#2738);
#1570=LINE('',#12888,#2739);
#1571=LINE('',#12889,#2740);
#1572=LINE('',#12892,#2741);
#1573=LINE('',#12894,#2742);
#1574=LINE('',#12895,#2743);
#1575=LINE('',#12897,#2744);
#1576=LINE('',#12898,#2745);
#1577=LINE('',#12902,#2746);
#1578=LINE('',#12904,#2747);
#1579=LINE('',#12905,#2748);
#1580=LINE('',#12906,#2749);
#1581=LINE('',#12909,#2750);
#1582=LINE('',#12911,#2751);
#1583=LINE('',#12913,#2752);
#1584=LINE('',#12916,#2753);
#1585=LINE('',#12917,#2754);
#1586=LINE('',#12922,#2755);
#1587=LINE('',#12924,#2756);
#1588=LINE('',#12925,#2757);
#1589=LINE('',#12928,#2758);
#1590=LINE('',#12929,#2759);
#1591=LINE('',#12932,#2760);
#1592=LINE('',#12934,#2761);
#1593=LINE('',#12935,#2762);
#1594=LINE('',#12937,#2763);
#1595=LINE('',#12939,#2764);
#1596=LINE('',#12943,#2765);
#1597=LINE('',#12944,#2766);
#1598=LINE('',#12945,#2767);
#1599=LINE('',#12948,#2768);
#1600=LINE('',#12949,#2769);
#1601=LINE('',#12952,#2770);
#1602=LINE('',#12954,#2771);
#1603=LINE('',#12956,#2772);
#1604=LINE('',#12957,#2773);
#1605=LINE('',#12960,#2774);
#1606=LINE('',#12961,#2775);
#1607=LINE('',#12964,#2776);
#1608=LINE('',#12966,#2777);
#1609=LINE('',#12967,#2778);
#1610=LINE('',#12970,#2779);
#1611=LINE('',#12972,#2780);
#1612=LINE('',#12975,#2781);
#1613=LINE('',#12977,#2782);
#1614=LINE('',#12979,#2783);
#1615=LINE('',#12982,#2784);
#1616=LINE('',#12985,#2785);
#1617=LINE('',#12989,#2786);
#1618=LINE('',#12990,#2787);
#1619=LINE('',#12992,#2788);
#1620=LINE('',#12996,#2789);
#1621=LINE('',#12998,#2790);
#1622=LINE('',#12999,#2791);
#1623=LINE('',#13003,#2792);
#1624=LINE('',#13005,#2793);
#1625=LINE('',#13006,#2794);
#1626=LINE('',#13007,#2795);
#1627=LINE('',#13008,#2796);
#1628=LINE('',#13010,#2797);
#1629=LINE('',#13014,#2798);
#1630=LINE('',#13016,#2799);
#1631=LINE('',#13018,#2800);
#1632=LINE('',#13020,#2801);
#1633=LINE('',#13024,#2802);
#1634=LINE('',#13025,#2803);
#1635=LINE('',#13028,#2804);
#1636=LINE('',#13030,#2805);
#1637=LINE('',#13031,#2806);
#1638=LINE('',#13034,#2807);
#1639=LINE('',#13038,#2808);
#1640=LINE('',#13040,#2809);
#1641=LINE('',#13042,#2810);
#1642=LINE('',#13044,#2811);
#1643=LINE('',#13047,#2812);
#1644=LINE('',#13048,#2813);
#1645=LINE('',#13051,#2814);
#1646=LINE('',#13052,#2815);
#1647=LINE('',#13055,#2816);
#1648=LINE('',#13057,#2817);
#1649=LINE('',#13058,#2818);
#1650=LINE('',#13060,#2819);
#1651=LINE('',#13062,#2820);
#1652=LINE('',#13066,#2821);
#1653=LINE('',#13067,#2822);
#1654=LINE('',#13068,#2823);
#1655=LINE('',#13071,#2824);
#1656=LINE('',#13072,#2825);
#1657=LINE('',#13075,#2826);
#1658=LINE('',#13077,#2827);
#1659=LINE('',#13079,#2828);
#1660=LINE('',#13080,#2829);
#1661=LINE('',#13083,#2830);
#1662=LINE('',#13084,#2831);
#1663=LINE('',#13087,#2832);
#1664=LINE('',#13089,#2833);
#1665=LINE('',#13093,#2834);
#1666=LINE('',#13094,#2835);
#1667=LINE('',#13096,#2836);
#1668=LINE('',#13098,#2837);
#1669=LINE('',#13099,#2838);
#1670=LINE('',#13102,#2839);
#1671=LINE('',#13103,#2840);
#1672=LINE('',#13106,#2841);
#1673=LINE('',#13107,#2842);
#1674=LINE('',#13109,#2843);
#1675=LINE('',#13111,#2844);
#1676=LINE('',#13114,#2845);
#1677=LINE('',#13118,#2846);
#1678=LINE('',#13120,#2847);
#1679=LINE('',#13121,#2848);
#1680=LINE('',#13122,#2849);
#1681=LINE('',#13123,#2850);
#1682=LINE('',#13126,#2851);
#1683=LINE('',#13128,#2852);
#1684=LINE('',#13133,#2853);
#1685=LINE('',#13134,#2854);
#1686=LINE('',#13137,#2855);
#1687=LINE('',#13139,#2856);
#1688=LINE('',#13140,#2857);
#1689=LINE('',#13143,#2858);
#1690=LINE('',#13148,#2859);
#1691=LINE('',#13150,#2860);
#1692=LINE('',#13151,#2861);
#1693=LINE('',#13154,#2862);
#1694=LINE('',#13155,#2863);
#1695=LINE('',#13158,#2864);
#1696=LINE('',#13160,#2865);
#1697=LINE('',#13161,#2866);
#1698=LINE('',#13163,#2867);
#1699=LINE('',#13165,#2868);
#1700=LINE('',#13169,#2869);
#1701=LINE('',#13170,#2870);
#1702=LINE('',#13171,#2871);
#1703=LINE('',#13174,#2872);
#1704=LINE('',#13175,#2873);
#1705=LINE('',#13178,#2874);
#1706=LINE('',#13180,#2875);
#1707=LINE('',#13182,#2876);
#1708=LINE('',#13183,#2877);
#1709=LINE('',#13186,#2878);
#1710=LINE('',#13187,#2879);
#1711=LINE('',#13190,#2880);
#1712=LINE('',#13192,#2881);
#1713=LINE('',#13193,#2882);
#1714=LINE('',#13195,#2883);
#1715=LINE('',#13197,#2884);
#1716=LINE('',#13199,#2885);
#1717=LINE('',#13200,#2886);
#1718=LINE('',#13203,#2887);
#1719=LINE('',#13206,#2888);
#1720=LINE('',#13209,#2889);
#1721=LINE('',#13211,#2890);
#1722=LINE('',#13212,#2891);
#1723=LINE('',#13214,#2892);
#1724=LINE('',#13215,#2893);
#1725=LINE('',#13219,#2894);
#1726=LINE('',#13221,#2895);
#1727=LINE('',#13222,#2896);
#1728=LINE('',#13223,#2897);
#1729=LINE('',#13224,#2898);
#1730=LINE('',#13226,#2899);
#1731=LINE('',#13227,#2900);
#1732=LINE('',#13228,#2901);
#1733=LINE('',#13231,#2902);
#1734=LINE('',#13232,#2903);
#1735=LINE('',#13234,#2904);
#1736=LINE('',#13236,#2905);
#1737=LINE('',#13237,#2906);
#1738=LINE('',#13240,#2907);
#1739=LINE('',#13241,#2908);
#1740=LINE('',#13244,#2909);
#1741=LINE('',#13246,#2910);
#1742=LINE('',#13247,#2911);
#1743=LINE('',#13249,#2912);
#1744=LINE('',#13251,#2913);
#1745=LINE('',#13255,#2914);
#1746=LINE('',#13256,#2915);
#1747=LINE('',#13257,#2916);
#1748=LINE('',#13259,#2917);
#1749=LINE('',#13262,#2918);
#1750=LINE('',#13264,#2919);
#1751=LINE('',#13265,#2920);
#1752=LINE('',#13268,#2921);
#1753=LINE('',#13269,#2922);
#1754=LINE('',#13271,#2923);
#1755=LINE('',#13272,#2924);
#1756=LINE('',#13274,#2925);
#1757=LINE('',#13277,#2926);
#1758=LINE('',#13278,#2927);
#1759=LINE('',#13282,#2928);
#1760=LINE('',#13284,#2929);
#1761=LINE('',#13285,#2930);
#1762=LINE('',#13286,#2931);
#1763=LINE('',#13288,#2932);
#1764=LINE('',#13289,#2933);
#1765=LINE('',#13292,#2934);
#1766=LINE('',#13293,#2935);
#1767=LINE('',#13296,#2936);
#1768=LINE('',#13297,#2937);
#1769=LINE('',#13300,#2938);
#1770=LINE('',#13301,#2939);
#1771=LINE('',#13304,#2940);
#1772=LINE('',#13306,#2941);
#1773=LINE('',#13307,#2942);
#1774=LINE('',#13309,#2943);
#1775=LINE('',#13311,#2944);
#1776=LINE('',#13315,#2945);
#1777=LINE('',#13316,#2946);
#1778=LINE('',#13317,#2947);
#1779=LINE('',#13319,#2948);
#1780=LINE('',#13322,#2949);
#1781=LINE('',#13324,#2950);
#1782=LINE('',#13325,#2951);
#1783=LINE('',#13328,#2952);
#1784=LINE('',#13329,#2953);
#1785=LINE('',#13331,#2954);
#1786=LINE('',#13332,#2955);
#1787=LINE('',#13335,#2956);
#1788=LINE('',#13337,#2957);
#1789=LINE('',#13341,#2958);
#1790=LINE('',#13342,#2959);
#1791=LINE('',#13345,#2960);
#1792=LINE('',#13347,#2961);
#1793=LINE('',#13351,#2962);
#1794=LINE('',#13353,#2963);
#1795=LINE('',#13354,#2964);
#1796=LINE('',#13358,#2965);
#1797=LINE('',#13360,#2966);
#1798=LINE('',#13361,#2967);
#1799=LINE('',#13362,#2968);
#1800=LINE('',#13365,#2969);
#1801=LINE('',#13367,#2970);
#1802=LINE('',#13371,#2971);
#1803=LINE('',#13373,#2972);
#1804=LINE('',#13375,#2973);
#1805=LINE('',#13377,#2974);
#1806=LINE('',#13381,#2975);
#1807=LINE('',#13382,#2976);
#1808=LINE('',#13385,#2977);
#1809=LINE('',#13387,#2978);
#1810=LINE('',#13388,#2979);
#1811=LINE('',#13391,#2980);
#1812=LINE('',#13395,#2981);
#1813=LINE('',#13397,#2982);
#1814=LINE('',#13399,#2983);
#1815=LINE('',#13401,#2984);
#1816=LINE('',#13405,#2985);
#1817=LINE('',#13407,#2986);
#1818=LINE('',#13408,#2987);
#1819=LINE('',#13411,#2988);
#1820=LINE('',#13412,#2989);
#1821=LINE('',#13415,#2990);
#1822=LINE('',#13417,#2991);
#1823=LINE('',#13418,#2992);
#1824=LINE('',#13420,#2993);
#1825=LINE('',#13422,#2994);
#1826=LINE('',#13426,#2995);
#1827=LINE('',#13427,#2996);
#1828=LINE('',#13428,#2997);
#1829=LINE('',#13431,#2998);
#1830=LINE('',#13432,#2999);
#1831=LINE('',#13435,#3000);
#1832=LINE('',#13437,#3001);
#1833=LINE('',#13439,#3002);
#1834=LINE('',#13440,#3003);
#1835=LINE('',#13443,#3004);
#1836=LINE('',#13444,#3005);
#1837=LINE('',#13447,#3006);
#1838=LINE('',#13449,#3007);
#1839=LINE('',#13450,#3008);
#1840=LINE('',#13452,#3009);
#1841=LINE('',#13454,#3010);
#1842=LINE('',#13456,#3011);
#1843=LINE('',#13458,#3012);
#1844=LINE('',#13460,#3013);
#1845=LINE('',#13463,#3014);
#1846=LINE('',#13466,#3015);
#1847=LINE('',#13470,#3016);
#1848=LINE('',#13472,#3017);
#1849=LINE('',#13474,#3018);
#1850=LINE('',#13475,#3019);
#1851=LINE('',#13477,#3020);
#1852=LINE('',#13478,#3021);
#1853=LINE('',#13480,#3022);
#1854=LINE('',#13482,#3023);
#1855=LINE('',#13483,#3024);
#1856=LINE('',#13487,#3025);
#1857=LINE('',#13489,#3026);
#1858=LINE('',#13491,#3027);
#1859=LINE('',#13492,#3028);
#1860=LINE('',#13496,#3029);
#1861=LINE('',#13498,#3030);
#1862=LINE('',#13499,#3031);
#1863=LINE('',#13503,#3032);
#1864=LINE('',#13505,#3033);
#1865=LINE('',#13507,#3034);
#1866=LINE('',#13508,#3035);
#1867=LINE('',#13511,#3036);
#1868=LINE('',#13513,#3037);
#1869=LINE('',#13515,#3038);
#1870=LINE('',#13517,#3039);
#1871=LINE('',#13518,#3040);
#1872=LINE('',#13522,#3041);
#1873=LINE('',#13524,#3042);
#1874=LINE('',#13526,#3043);
#1875=LINE('',#13527,#3044);
#1876=LINE('',#13529,#3045);
#1877=LINE('',#13531,#3046);
#1878=LINE('',#13532,#3047);
#1879=LINE('',#13534,#3048);
#1880=LINE('',#13535,#3049);
#1881=LINE('',#13537,#3050);
#1882=LINE('',#13540,#3051);
#1883=LINE('',#13542,#3052);
#1884=LINE('',#13543,#3053);
#1885=LINE('',#13546,#3054);
#1886=LINE('',#13548,#3055);
#1887=LINE('',#13549,#3056);
#1888=LINE('',#13553,#3057);
#1889=LINE('',#13555,#3058);
#1890=LINE('',#13557,#3059);
#1891=LINE('',#13558,#3060);
#1892=LINE('',#13561,#3061);
#1893=LINE('',#13562,#3062);
#1894=LINE('',#13564,#3063);
#1895=LINE('',#13566,#3064);
#1896=LINE('',#13569,#3065);
#1897=LINE('',#13571,#3066);
#1898=LINE('',#13573,#3067);
#1899=LINE('',#13576,#3068);
#1900=LINE('',#13577,#3069);
#1901=LINE('',#13580,#3070);
#1902=LINE('',#13581,#3071);
#1903=LINE('',#13583,#3072);
#1904=LINE('',#13586,#3073);
#1905=LINE('',#13587,#3074);
#1906=LINE('',#13591,#3075);
#1907=LINE('',#13592,#3076);
#1908=LINE('',#13594,#3077);
#1909=LINE('',#13597,#3078);
#1910=LINE('',#13599,#3079);
#1911=LINE('',#13601,#3080);
#1912=LINE('',#13604,#3081);
#1913=LINE('',#13606,#3082);
#1914=LINE('',#13608,#3083);
#1915=LINE('',#13611,#3084);
#1916=LINE('',#13613,#3085);
#1917=LINE('',#13615,#3086);
#1918=LINE('',#13616,#3087);
#1919=LINE('',#13618,#3088);
#1920=LINE('',#13619,#3089);
#1921=LINE('',#13622,#3090);
#1922=LINE('',#13624,#3091);
#1923=LINE('',#13627,#3092);
#1924=LINE('',#13628,#3093);
#1925=LINE('',#13630,#3094);
#1926=LINE('',#13634,#3095);
#1927=LINE('',#13635,#3096);
#1928=LINE('',#13636,#3097);
#1929=LINE('',#13638,#3098);
#1930=LINE('',#13640,#3099);
#1931=LINE('',#13642,#3100);
#1932=LINE('',#13644,#3101);
#1933=LINE('',#13648,#3102);
#1934=LINE('',#13656,#3103);
#1935=LINE('',#13657,#3104);
#1936=LINE('',#13658,#3105);
#1937=LINE('',#13666,#3106);
#1938=LINE('',#13667,#3107);
#1939=LINE('',#13668,#3108);
#1940=LINE('',#13669,#3109);
#1941=LINE('',#13672,#3110);
#1942=LINE('',#13673,#3111);
#1943=LINE('',#13675,#3112);
#1944=LINE('',#13676,#3113);
#1945=LINE('',#13679,#3114);
#1946=LINE('',#13683,#3115);
#1947=LINE('',#13685,#3116);
#1948=LINE('',#13687,#3117);
#1949=LINE('',#13691,#3118);
#1950=LINE('',#13692,#3119);
#1951=LINE('',#13694,#3120);
#1952=LINE('',#13698,#3121);
#1953=LINE('',#13699,#3122);
#1954=LINE('',#13701,#3123);
#1955=LINE('',#13704,#3124);
#1956=LINE('',#13708,#3125);
#1957=LINE('',#13710,#3126);
#1958=LINE('',#13712,#3127);
#1959=LINE('',#13713,#3128);
#1960=LINE('',#13717,#3129);
#1961=LINE('',#13719,#3130);
#1962=LINE('',#13721,#3131);
#1963=LINE('',#13722,#3132);
#1964=LINE('',#13726,#3133);
#1965=LINE('',#13727,#3134);
#1966=LINE('',#13730,#3135);
#1967=LINE('',#13731,#3136);
#1968=LINE('',#13733,#3137);
#1969=LINE('',#13736,#3138);
#1970=LINE('',#13739,#3139);
#1971=LINE('',#13745,#3140);
#1972=LINE('',#13747,#3141);
#1973=LINE('',#13750,#3142);
#1974=LINE('',#13751,#3143);
#1975=LINE('',#13752,#3144);
#1976=LINE('',#13755,#3145);
#1977=LINE('',#13757,#3146);
#1978=LINE('',#13758,#3147);
#1979=LINE('',#13760,#3148);
#1980=LINE('',#13761,#3149);
#1981=LINE('',#13764,#3150);
#1982=LINE('',#13765,#3151);
#1983=LINE('',#13766,#3152);
#1984=LINE('',#13767,#3153);
#1985=LINE('',#13769,#3154);
#1986=LINE('',#13774,#3155);
#1987=LINE('',#13776,#3156);
#1988=LINE('',#13777,#3157);
#1989=LINE('',#13783,#3158);
#1990=LINE('',#13785,#3159);
#1991=LINE('',#13789,#3160);
#1992=LINE('',#13791,#3161);
#1993=LINE('',#13793,#3162);
#1994=LINE('',#13795,#3163);
#1995=LINE('',#13799,#3164);
#1996=LINE('',#13801,#3165);
#1997=LINE('',#13802,#3166);
#1998=LINE('',#13805,#3167);
#1999=LINE('',#13807,#3168);
#2000=LINE('',#13808,#3169);
#2001=LINE('',#13811,#3170);
#2002=LINE('',#13812,#3171);
#2003=LINE('',#13815,#3172);
#2004=LINE('',#13817,#3173);
#2005=LINE('',#13818,#3174);
#2006=LINE('',#13821,#3175);
#2007=LINE('',#13822,#3176);
#2008=LINE('',#13827,#3177);
#2009=LINE('',#13828,#3178);
#2010=LINE('',#13832,#3179);
#2011=LINE('',#13834,#3180);
#2012=LINE('',#13836,#3181);
#2013=LINE('',#13838,#3182);
#2014=LINE('',#13842,#3183);
#2015=LINE('',#13843,#3184);
#2016=LINE('',#13846,#3185);
#2017=LINE('',#13847,#3186);
#2018=LINE('',#13848,#3187);
#2019=LINE('',#13850,#3188);
#2020=LINE('',#13854,#3189);
#2021=LINE('',#13856,#3190);
#2022=LINE('',#13857,#3191);
#2023=LINE('',#13861,#3192);
#2024=LINE('',#13862,#3193);
#2025=LINE('',#13864,#3194);
#2026=LINE('',#13865,#3195);
#2027=LINE('',#13867,#3196);
#2028=LINE('',#13869,#3197);
#2029=LINE('',#13873,#3198);
#2030=LINE('',#13875,#3199);
#2031=LINE('',#13877,#3200);
#2032=LINE('',#13878,#3201);
#2033=LINE('',#13881,#3202);
#2034=LINE('',#13883,#3203);
#2035=LINE('',#13884,#3204);
#2036=LINE('',#13886,#3205);
#2037=LINE('',#13888,#3206);
#2038=LINE('',#13892,#3207);
#2039=LINE('',#13895,#3208);
#2040=LINE('',#13897,#3209);
#2041=LINE('',#13898,#3210);
#2042=LINE('',#13902,#3211);
#2043=LINE('',#13904,#3212);
#2044=LINE('',#13906,#3213);
#2045=LINE('',#13907,#3214);
#2046=LINE('',#13910,#3215);
#2047=LINE('',#13911,#3216);
#2048=LINE('',#13918,#3217);
#2049=LINE('',#13919,#3218);
#2050=LINE('',#13920,#3219);
#2051=LINE('',#13923,#3220);
#2052=LINE('',#13924,#3221);
#2053=LINE('',#13925,#3222);
#2054=LINE('',#13926,#3223);
#2055=LINE('',#13929,#3224);
#2056=LINE('',#13931,#3225);
#2057=LINE('',#13932,#3226);
#2058=LINE('',#13934,#3227);
#2059=LINE('',#13935,#3228);
#2060=LINE('',#13939,#3229);
#2061=LINE('',#13940,#3230);
#2062=LINE('',#13941,#3231);
#2063=LINE('',#13943,#3232);
#2064=LINE('',#13944,#3233);
#2065=LINE('',#13946,#3234);
#2066=LINE('',#13950,#3235);
#2067=LINE('',#13952,#3236);
#2068=LINE('',#13954,#3237);
#2069=LINE('',#13955,#3238);
#2070=LINE('',#13959,#3239);
#2071=LINE('',#13964,#3240);
#2072=LINE('',#13967,#3241);
#2073=LINE('',#13970,#3242);
#2074=LINE('',#13972,#3243);
#2075=LINE('',#13974,#3244);
#2076=LINE('',#13977,#3245);
#2077=LINE('',#13979,#3246);
#2078=LINE('',#13980,#3247);
#2079=LINE('',#13983,#3248);
#2080=LINE('',#13985,#3249);
#2081=LINE('',#13986,#3250);
#2082=LINE('',#13991,#3251);
#2083=LINE('',#13994,#3252);
#2084=LINE('',#13999,#3253);
#2085=LINE('',#14001,#3254);
#2086=LINE('',#14003,#3255);
#2087=LINE('',#14004,#3256);
#2088=LINE('',#14007,#3257);
#2089=LINE('',#14008,#3258);
#2090=LINE('',#14009,#3259);
#2091=LINE('',#14010,#3260);
#2092=LINE('',#14013,#3261);
#2093=LINE('',#14015,#3262);
#2094=LINE('',#14016,#3263);
#2095=LINE('',#14019,#3264);
#2096=LINE('',#14020,#3265);
#2097=LINE('',#14024,#3266);
#2098=LINE('',#14025,#3267);
#2099=LINE('',#14027,#3268);
#2100=LINE('',#14028,#3269);
#2101=LINE('',#14030,#3270);
#2102=LINE('',#14032,#3271);
#2103=LINE('',#14035,#3272);
#2104=LINE('',#14037,#3273);
#2105=LINE('',#14040,#3274);
#2106=LINE('',#14043,#3275);
#2107=LINE('',#14044,#3276);
#2108=LINE('',#14048,#3277);
#2109=LINE('',#14050,#3278);
#2110=LINE('',#14052,#3279);
#2111=LINE('',#14055,#3280);
#2112=LINE('',#14057,#3281);
#2113=LINE('',#14059,#3282);
#2114=LINE('',#14063,#3283);
#2115=LINE('',#14064,#3284);
#2116=LINE('',#14069,#3285);
#2117=LINE('',#14073,#3286);
#2118=LINE('',#14074,#3287);
#2119=LINE('',#14076,#3288);
#2120=LINE('',#14079,#3289);
#2121=LINE('',#14080,#3290);
#2122=LINE('',#14081,#3291);
#2123=LINE('',#14082,#3292);
#2124=LINE('',#14085,#3293);
#2125=LINE('',#14086,#3294);
#2126=LINE('',#14089,#3295);
#2127=LINE('',#14090,#3296);
#2128=LINE('',#14092,#3297);
#2129=LINE('',#14093,#3298);
#2130=LINE('',#14095,#3299);
#2131=LINE('',#14097,#3300);
#2132=LINE('',#14099,#3301);
#2133=LINE('',#14100,#3302);
#2134=LINE('',#14102,#3303);
#2135=LINE('',#14103,#3304);
#2136=LINE('',#14105,#3305);
#2137=LINE('',#14110,#3306);
#2138=LINE('',#14112,#3307);
#2139=LINE('',#14114,#3308);
#2140=LINE('',#14116,#3309);
#2141=LINE('',#14118,#3310);
#2142=LINE('',#14119,#3311);
#2143=LINE('',#14122,#3312);
#2144=LINE('',#14124,#3313);
#2145=LINE('',#14125,#3314);
#2146=LINE('',#14126,#3315);
#2147=LINE('',#14127,#3316);
#2148=LINE('',#14129,#3317);
#2149=LINE('',#14131,#3318);
#2150=LINE('',#14133,#3319);
#2151=LINE('',#14135,#3320);
#2152=LINE('',#14136,#3321);
#2153=LINE('',#14139,#3322);
#2154=LINE('',#14141,#3323);
#2155=LINE('',#14142,#3324);
#2156=LINE('',#14144,#3325);
#2157=LINE('',#14146,#3326);
#2158=LINE('',#14147,#3327);
#2159=LINE('',#14148,#3328);
#2160=LINE('',#14151,#3329);
#2161=LINE('',#14153,#3330);
#2162=LINE('',#14154,#3331);
#2163=LINE('',#14157,#3332);
#2164=LINE('',#14159,#3333);
#2165=LINE('',#14160,#3334);
#2166=LINE('',#14163,#3335);
#2167=LINE('',#14164,#3336);
#2168=LINE('',#14167,#3337);
#2169=LINE('',#14168,#3338);
#2170=LINE('',#14171,#3339);
#2171=LINE('',#14173,#3340);
#2172=LINE('',#14174,#3341);
#2173=LINE('',#14177,#3342);
#2174=LINE('',#14179,#3343);
#2175=LINE('',#14180,#3344);
#2176=LINE('',#14182,#3345);
#2177=LINE('',#14184,#3346);
#2178=LINE('',#14186,#3347);
#2179=LINE('',#14189,#3348);
#2180=LINE('',#14191,#3349);
#2181=LINE('',#14193,#3350);
#2182=LINE('',#14194,#3351);
#2183=LINE('',#14198,#3352);
#2184=LINE('',#14202,#3353);
#2185=LINE('',#14207,#3354);
#2186=LINE('',#14208,#3355);
#2187=LINE('',#14209,#3356);
#2188=LINE('',#14213,#3357);
#2189=LINE('',#14214,#3358);
#2190=LINE('',#14215,#3359);
#2191=LINE('',#14219,#3360);
#2192=LINE('',#14220,#3361);
#2193=LINE('',#14221,#3362);
#2194=LINE('',#14225,#3363);
#2195=LINE('',#14231,#3364);
#2196=LINE('',#14232,#3365);
#2197=LINE('',#14233,#3366);
#2198=LINE('',#14237,#3367);
#2199=LINE('',#14238,#3368);
#2200=LINE('',#14239,#3369);
#2201=LINE('',#14243,#3370);
#2202=LINE('',#14244,#3371);
#2203=LINE('',#14245,#3372);
#2204=LINE('',#14249,#3373);
#2205=LINE('',#14255,#3374);
#2206=LINE('',#14256,#3375);
#2207=LINE('',#14257,#3376);
#2208=LINE('',#14261,#3377);
#2209=LINE('',#14267,#3378);
#2210=LINE('',#14268,#3379);
#2211=LINE('',#14269,#3380);
#2212=LINE('',#14273,#3381);
#2213=LINE('',#14274,#3382);
#2214=LINE('',#14275,#3383);
#2215=LINE('',#14278,#3384);
#2216=LINE('',#14280,#3385);
#2217=LINE('',#14281,#3386);
#2218=LINE('',#14283,#3387);
#2219=LINE('',#14284,#3388);
#2220=LINE('',#14288,#3389);
#2221=LINE('',#14291,#3390);
#2222=LINE('',#14294,#3391);
#2223=LINE('',#14301,#3392);
#2224=LINE('',#14303,#3393);
#2225=LINE('',#14304,#3394);
#2226=LINE('',#14305,#3395);
#2227=LINE('',#14307,#3396);
#2228=LINE('',#14309,#3397);
#2229=LINE('',#14310,#3398);
#2230=LINE('',#14312,#3399);
#2231=LINE('',#14313,#3400);
#2232=LINE('',#14315,#3401);
#2233=LINE('',#14317,#3402);
#2234=LINE('',#14319,#3403);
#2235=LINE('',#14323,#3404);
#2236=LINE('',#14326,#3405);
#2237=LINE('',#14328,#3406);
#2238=LINE('',#14333,#3407);
#2239=LINE('',#14334,#3408);
#2240=LINE('',#14335,#3409);
#2241=LINE('',#14337,#3410);
#2242=LINE('',#14341,#3411);
#2243=LINE('',#14342,#3412);
#2244=LINE('',#14344,#3413);
#2245=LINE('',#14345,#3414);
#2246=LINE('',#14346,#3415);
#2247=LINE('',#14349,#3416);
#2248=LINE('',#14350,#3417);
#2249=LINE('',#14352,#3418);
#2250=LINE('',#14354,#3419);
#2251=VECTOR('',#9511,1.);
#2252=VECTOR('',#9512,1.);
#2253=VECTOR('',#9513,1.);
#2254=VECTOR('',#9514,1.);
#2255=VECTOR('',#9515,1.);
#2256=VECTOR('',#9518,1.);
#2257=VECTOR('',#9519,1.);
#2258=VECTOR('',#9520,1.);
#2259=VECTOR('',#9523,1.);
#2260=VECTOR('',#9524,1.);
#2261=VECTOR('',#9525,1.);
#2262=VECTOR('',#9530,1.);
#2263=VECTOR('',#9531,1.);
#2264=VECTOR('',#9532,1.);
#2265=VECTOR('',#9533,1.);
#2266=VECTOR('',#9534,1.);
#2267=VECTOR('',#9535,1.);
#2268=VECTOR('',#9536,1.);
#2269=VECTOR('',#9539,1.);
#2270=VECTOR('',#9540,1.);
#2271=VECTOR('',#9541,1.);
#2272=VECTOR('',#9542,1.);
#2273=VECTOR('',#9545,1.);
#2274=VECTOR('',#9548,1.);
#2275=VECTOR('',#9553,1.);
#2276=VECTOR('',#9554,1.);
#2277=VECTOR('',#9555,1.);
#2278=VECTOR('',#9558,1.);
#2279=VECTOR('',#9559,1.);
#2280=VECTOR('',#9560,1.);
#2281=VECTOR('',#9561,1.);
#2282=VECTOR('',#9564,1.);
#2283=VECTOR('',#9565,1.);
#2284=VECTOR('',#9570,1.);
#2285=VECTOR('',#9571,1.);
#2286=VECTOR('',#9572,1.);
#2287=VECTOR('',#9573,1.);
#2288=VECTOR('',#9576,1.);
#2289=VECTOR('',#9579,1.);
#2290=VECTOR('',#9584,1.);
#2291=VECTOR('',#9585,1.);
#2292=VECTOR('',#9586,1.);
#2293=VECTOR('',#9589,1.);
#2294=VECTOR('',#9590,1.);
#2295=VECTOR('',#9591,1.);
#2296=VECTOR('',#9594,1.);
#2297=VECTOR('',#9595,1.);
#2298=VECTOR('',#9596,1.);
#2299=VECTOR('',#9597,1.);
#2300=VECTOR('',#9598,1.);
#2301=VECTOR('',#9601,1.);
#2302=VECTOR('',#9602,1.);
#2303=VECTOR('',#9603,1.);
#2304=VECTOR('',#9604,1.);
#2305=VECTOR('',#9605,1.);
#2306=VECTOR('',#9606,1.);
#2307=VECTOR('',#9607,1.);
#2308=VECTOR('',#9608,1.);
#2309=VECTOR('',#9609,1.);
#2310=VECTOR('',#9612,1.);
#2311=VECTOR('',#9613,1.);
#2312=VECTOR('',#9616,1.);
#2313=VECTOR('',#9617,1.);
#2314=VECTOR('',#9618,1.);
#2315=VECTOR('',#9619,1.);
#2316=VECTOR('',#9622,1.);
#2317=VECTOR('',#9623,1.);
#2318=VECTOR('',#9624,1.);
#2319=VECTOR('',#9627,1.);
#2320=VECTOR('',#9628,1.);
#2321=VECTOR('',#9629,1.);
#2322=VECTOR('',#9632,1.);
#2323=VECTOR('',#9635,1.);
#2324=VECTOR('',#9636,1.);
#2325=VECTOR('',#9637,1.);
#2326=VECTOR('',#9638,1.);
#2327=VECTOR('',#9641,1.);
#2328=VECTOR('',#9642,1.);
#2329=VECTOR('',#9645,1.);
#2330=VECTOR('',#9646,1.);
#2331=VECTOR('',#9647,1.);
#2332=VECTOR('',#9648,1.);
#2333=VECTOR('',#9649,1.);
#2334=VECTOR('',#9650,1.);
#2335=VECTOR('',#9651,1.);
#2336=VECTOR('',#9654,1.);
#2337=VECTOR('',#9655,1.);
#2338=VECTOR('',#9658,1.);
#2339=VECTOR('',#9659,1.);
#2340=VECTOR('',#9660,1.);
#2341=VECTOR('',#9661,1.);
#2342=VECTOR('',#9664,1.);
#2343=VECTOR('',#9665,1.);
#2344=VECTOR('',#9666,1.);
#2345=VECTOR('',#9669,1.);
#2346=VECTOR('',#9670,1.);
#2347=VECTOR('',#9671,1.);
#2348=VECTOR('',#9674,1.);
#2349=VECTOR('',#9675,1.);
#2350=VECTOR('',#9676,1.);
#2351=VECTOR('',#9679,1.);
#2352=VECTOR('',#9682,1.);
#2353=VECTOR('',#9683,1.);
#2354=VECTOR('',#9684,1.);
#2355=VECTOR('',#9685,1.);
#2356=VECTOR('',#9688,1.);
#2357=VECTOR('',#9691,1.);
#2358=VECTOR('',#9694,1.);
#2359=VECTOR('',#9697,1.);
#2360=VECTOR('',#9700,1.);
#2361=VECTOR('',#9703,1.);
#2362=VECTOR('',#9706,1.);
#2363=VECTOR('',#9711,1.);
#2364=VECTOR('',#9712,1.);
#2365=VECTOR('',#9713,1.);
#2366=VECTOR('',#9714,1.);
#2367=VECTOR('',#9715,1.);
#2368=VECTOR('',#9716,1.);
#2369=VECTOR('',#9717,1.);
#2370=VECTOR('',#9718,1.);
#2371=VECTOR('',#9719,1.);
#2372=VECTOR('',#9720,1.);
#2373=VECTOR('',#9723,1.);
#2374=VECTOR('',#9724,1.);
#2375=VECTOR('',#9725,1.);
#2376=VECTOR('',#9726,1.);
#2377=VECTOR('',#9729,1.);
#2378=VECTOR('',#9730,1.);
#2379=VECTOR('',#9731,1.);
#2380=VECTOR('',#9732,1.);
#2381=VECTOR('',#9735,1.);
#2382=VECTOR('',#9736,1.);
#2383=VECTOR('',#9737,1.);
#2384=VECTOR('',#9738,1.);
#2385=VECTOR('',#9741,1.);
#2386=VECTOR('',#9742,1.);
#2387=VECTOR('',#9743,1.);
#2388=VECTOR('',#9744,1.);
#2389=VECTOR('',#9747,1.);
#2390=VECTOR('',#9748,1.);
#2391=VECTOR('',#9749,1.);
#2392=VECTOR('',#9750,1.);
#2393=VECTOR('',#9753,1.);
#2394=VECTOR('',#9754,1.);
#2395=VECTOR('',#9755,1.);
#2396=VECTOR('',#9758,1.);
#2397=VECTOR('',#9759,1.);
#2398=VECTOR('',#9760,1.);
#2399=VECTOR('',#9763,1.);
#2400=VECTOR('',#9764,1.);
#2401=VECTOR('',#9765,1.);
#2402=VECTOR('',#9766,1.);
#2403=VECTOR('',#9769,1.);
#2404=VECTOR('',#9770,1.);
#2405=VECTOR('',#9771,1.);
#2406=VECTOR('',#9772,1.);
#2407=VECTOR('',#9775,1.);
#2408=VECTOR('',#9776,1.);
#2409=VECTOR('',#9777,1.);
#2410=VECTOR('',#9780,1.);
#2411=VECTOR('',#9781,1.);
#2412=VECTOR('',#9782,1.);
#2413=VECTOR('',#9785,1.);
#2414=VECTOR('',#9786,1.);
#2415=VECTOR('',#9789,1.);
#2416=VECTOR('',#9790,1.);
#2417=VECTOR('',#9791,1.);
#2418=VECTOR('',#9792,1.);
#2419=VECTOR('',#9795,1.);
#2420=VECTOR('',#9796,1.);
#2421=VECTOR('',#9799,1.);
#2422=VECTOR('',#9800,1.);
#2423=VECTOR('',#9803,1.);
#2424=VECTOR('',#9804,1.);
#2425=VECTOR('',#9805,1.);
#2426=VECTOR('',#9806,1.);
#2427=VECTOR('',#9809,1.);
#2428=VECTOR('',#9812,1.);
#2429=VECTOR('',#9813,1.);
#2430=VECTOR('',#9818,1.);
#2431=VECTOR('',#9821,1.);
#2432=VECTOR('',#9824,1.);
#2433=VECTOR('',#9827,1.);
#2434=VECTOR('',#9830,1.);
#2435=VECTOR('',#9833,1.);
#2436=VECTOR('',#9838,1.);
#2437=VECTOR('',#9839,1.);
#2438=VECTOR('',#9842,1.);
#2439=VECTOR('',#9843,1.);
#2440=VECTOR('',#9844,1.);
#2441=VECTOR('',#9845,1.);
#2442=VECTOR('',#9848,1.);
#2443=VECTOR('',#9849,1.);
#2444=VECTOR('',#9850,1.);
#2445=VECTOR('',#9851,1.);
#2446=VECTOR('',#9854,1.);
#2447=VECTOR('',#9855,1.);
#2448=VECTOR('',#9858,1.);
#2449=VECTOR('',#9859,1.);
#2450=VECTOR('',#9862,1.);
#2451=VECTOR('',#9863,1.);
#2452=VECTOR('',#9864,1.);
#2453=VECTOR('',#9865,1.);
#2454=VECTOR('',#9866,1.);
#2455=VECTOR('',#9867,1.);
#2456=VECTOR('',#9872,1.);
#2457=VECTOR('',#9875,1.);
#2458=VECTOR('',#9878,1.);
#2459=VECTOR('',#9879,1.);
#2460=VECTOR('',#9880,1.);
#2461=VECTOR('',#9883,1.);
#2462=VECTOR('',#9884,1.);
#2463=VECTOR('',#9885,1.);
#2464=VECTOR('',#9888,1.);
#2465=VECTOR('',#9889,1.);
#2466=VECTOR('',#9890,1.);
#2467=VECTOR('',#9897,1.);
#2468=VECTOR('',#9900,1.);
#2469=VECTOR('',#9901,1.);
#2470=VECTOR('',#9902,1.);
#2471=VECTOR('',#9905,1.);
#2472=VECTOR('',#9906,1.);
#2473=VECTOR('',#9907,1.);
#2474=VECTOR('',#9910,1.);
#2475=VECTOR('',#9911,1.);
#2476=VECTOR('',#9912,1.);
#2477=VECTOR('',#9919,1.);
#2478=VECTOR('',#9922,1.);
#2479=VECTOR('',#9923,1.);
#2480=VECTOR('',#9924,1.);
#2481=VECTOR('',#9931,1.);
#2482=VECTOR('',#9934,1.);
#2483=VECTOR('',#9935,1.);
#2484=VECTOR('',#9936,1.);
#2485=VECTOR('',#9939,1.);
#2486=VECTOR('',#9940,1.);
#2487=VECTOR('',#9941,1.);
#2488=VECTOR('',#9944,1.);
#2489=VECTOR('',#9945,1.);
#2490=VECTOR('',#9946,1.);
#2491=VECTOR('',#9949,1.);
#2492=VECTOR('',#9950,1.);
#2493=VECTOR('',#9955,1.);
#2494=VECTOR('',#9958,1.);
#2495=VECTOR('',#9963,1.);
#2496=VECTOR('',#9968,1.);
#2497=VECTOR('',#9971,1.);
#2498=VECTOR('',#9972,1.);
#2499=VECTOR('',#9973,1.);
#2500=VECTOR('',#9976,1.);
#2501=VECTOR('',#9977,1.);
#2502=VECTOR('',#9978,1.);
#2503=VECTOR('',#9981,1.);
#2504=VECTOR('',#9982,1.);
#2505=VECTOR('',#9987,1.);
#2506=VECTOR('',#9988,1.);
#2507=VECTOR('',#9991,1.);
#2508=VECTOR('',#9994,1.);
#2509=VECTOR('',#9995,1.);
#2510=VECTOR('',#9996,1.);
#2511=VECTOR('',#9997,1.);
#2512=VECTOR('',#9998,1.);
#2513=VECTOR('',#9999,1.);
#2514=VECTOR('',#10000,1.);
#2515=VECTOR('',#10001,1.);
#2516=VECTOR('',#10002,1.);
#2517=VECTOR('',#10003,1.);
#2518=VECTOR('',#10004,1.);
#2519=VECTOR('',#10005,1.);
#2520=VECTOR('',#10006,1.);
#2521=VECTOR('',#10007,1.);
#2522=VECTOR('',#10008,1.);
#2523=VECTOR('',#10009,1.);
#2524=VECTOR('',#10010,1.);
#2525=VECTOR('',#10011,1.);
#2526=VECTOR('',#10012,1.);
#2527=VECTOR('',#10013,1.);
#2528=VECTOR('',#10014,1.);
#2529=VECTOR('',#10015,1.);
#2530=VECTOR('',#10016,1.);
#2531=VECTOR('',#10017,1.);
#2532=VECTOR('',#10018,1.);
#2533=VECTOR('',#10019,1.);
#2534=VECTOR('',#10020,1.);
#2535=VECTOR('',#10021,1.);
#2536=VECTOR('',#10022,1.);
#2537=VECTOR('',#10023,1.);
#2538=VECTOR('',#10024,1.);
#2539=VECTOR('',#10025,1.);
#2540=VECTOR('',#10026,1.);
#2541=VECTOR('',#10027,1.);
#2542=VECTOR('',#10028,1.);
#2543=VECTOR('',#10029,1.);
#2544=VECTOR('',#10030,1.);
#2545=VECTOR('',#10031,1.);
#2546=VECTOR('',#10032,1.);
#2547=VECTOR('',#10033,1.);
#2548=VECTOR('',#10034,1.);
#2549=VECTOR('',#10035,1.);
#2550=VECTOR('',#10036,1.);
#2551=VECTOR('',#10037,1.);
#2552=VECTOR('',#10038,1.);
#2553=VECTOR('',#10039,1.);
#2554=VECTOR('',#10040,1.);
#2555=VECTOR('',#10041,1.);
#2556=VECTOR('',#10042,1.);
#2557=VECTOR('',#10043,1.);
#2558=VECTOR('',#10044,1.);
#2559=VECTOR('',#10045,1.);
#2560=VECTOR('',#10046,1.);
#2561=VECTOR('',#10047,1.);
#2562=VECTOR('',#10048,1.);
#2563=VECTOR('',#10049,1.);
#2564=VECTOR('',#10050,1.);
#2565=VECTOR('',#10051,1.);
#2566=VECTOR('',#10052,1.);
#2567=VECTOR('',#10053,1.);
#2568=VECTOR('',#10054,1.);
#2569=VECTOR('',#10055,1.);
#2570=VECTOR('',#10056,1.);
#2571=VECTOR('',#10057,1.);
#2572=VECTOR('',#10058,1.);
#2573=VECTOR('',#10059,1.);
#2574=VECTOR('',#10060,1.);
#2575=VECTOR('',#10061,1.);
#2576=VECTOR('',#10062,1.);
#2577=VECTOR('',#10063,1.);
#2578=VECTOR('',#10064,1.);
#2579=VECTOR('',#10065,1.);
#2580=VECTOR('',#10066,1.);
#2581=VECTOR('',#10067,1.);
#2582=VECTOR('',#10068,1.);
#2583=VECTOR('',#10069,1.);
#2584=VECTOR('',#10070,1.);
#2585=VECTOR('',#10071,1.);
#2586=VECTOR('',#10072,1.);
#2587=VECTOR('',#10073,1.);
#2588=VECTOR('',#10074,1.);
#2589=VECTOR('',#10077,1.);
#2590=VECTOR('',#10080,1.);
#2591=VECTOR('',#10085,1.);
#2592=VECTOR('',#10088,1.);
#2593=VECTOR('',#10093,1.);
#2594=VECTOR('',#10094,1.);
#2595=VECTOR('',#10095,1.);
#2596=VECTOR('',#10104,1.);
#2597=VECTOR('',#10105,1.);
#2598=VECTOR('',#10108,1.);
#2599=VECTOR('',#10109,1.);
#2600=VECTOR('',#10110,1.);
#2601=VECTOR('',#10111,1.);
#2602=VECTOR('',#10114,1.);
#2603=VECTOR('',#10115,1.);
#2604=VECTOR('',#10116,1.);
#2605=VECTOR('',#10119,1.);
#2606=VECTOR('',#10120,1.);
#2607=VECTOR('',#10121,1.);
#2608=VECTOR('',#10124,1.);
#2609=VECTOR('',#10125,1.);
#2610=VECTOR('',#10126,1.);
#2611=VECTOR('',#10127,1.);
#2612=VECTOR('',#10130,1.);
#2613=VECTOR('',#10131,1.);
#2614=VECTOR('',#10132,1.);
#2615=VECTOR('',#10133,1.);
#2616=VECTOR('',#10136,1.);
#2617=VECTOR('',#10137,1.);
#2618=VECTOR('',#10138,1.);
#2619=VECTOR('',#10139,1.);
#2620=VECTOR('',#10140,1.);
#2621=VECTOR('',#10141,1.);
#2622=VECTOR('',#10144,1.);
#2623=VECTOR('',#10145,1.);
#2624=VECTOR('',#10146,1.);
#2625=VECTOR('',#10149,1.);
#2626=VECTOR('',#10150,1.);
#2627=VECTOR('',#10151,1.);
#2628=VECTOR('',#10152,1.);
#2629=VECTOR('',#10155,1.);
#2630=VECTOR('',#10156,1.);
#2631=VECTOR('',#10157,1.);
#2632=VECTOR('',#10158,1.);
#2633=VECTOR('',#10161,1.);
#2634=VECTOR('',#10168,1.);
#2635=VECTOR('',#10169,1.);
#2636=VECTOR('',#10170,1.);
#2637=VECTOR('',#10173,1.);
#2638=VECTOR('',#10174,1.);
#2639=VECTOR('',#10175,1.);
#2640=VECTOR('',#10178,1.);
#2641=VECTOR('',#10179,1.);
#2642=VECTOR('',#10180,1.);
#2643=VECTOR('',#10183,1.);
#2644=VECTOR('',#10184,1.);
#2645=VECTOR('',#10185,1.);
#2646=VECTOR('',#10188,1.);
#2647=VECTOR('',#10195,1.);
#2648=VECTOR('',#10196,1.);
#2649=VECTOR('',#10197,1.);
#2650=VECTOR('',#10200,1.);
#2651=VECTOR('',#10201,1.);
#2652=VECTOR('',#10202,1.);
#2653=VECTOR('',#10205,1.);
#2654=VECTOR('',#10206,1.);
#2655=VECTOR('',#10207,1.);
#2656=VECTOR('',#10208,1.);
#2657=VECTOR('',#10211,1.);
#2658=VECTOR('',#10218,1.);
#2659=VECTOR('',#10219,1.);
#2660=VECTOR('',#10220,1.);
#2661=VECTOR('',#10223,1.);
#2662=VECTOR('',#10224,1.);
#2663=VECTOR('',#10225,1.);
#2664=VECTOR('',#10228,1.);
#2665=VECTOR('',#10231,1.);
#2666=VECTOR('',#10234,1.);
#2667=VECTOR('',#10235,1.);
#2668=VECTOR('',#10236,1.);
#2669=VECTOR('',#10239,1.);
#2670=VECTOR('',#10240,1.);
#2671=VECTOR('',#10241,1.);
#2672=VECTOR('',#10242,1.);
#2673=VECTOR('',#10245,1.);
#2674=VECTOR('',#10246,1.);
#2675=VECTOR('',#10247,1.);
#2676=VECTOR('',#10252,1.);
#2677=VECTOR('',#10257,1.);
#2678=VECTOR('',#10258,1.);
#2679=VECTOR('',#10261,1.);
#2680=VECTOR('',#10264,1.);
#2681=VECTOR('',#10265,1.);
#2682=VECTOR('',#10266,1.);
#2683=VECTOR('',#10267,1.);
#2684=VECTOR('',#10270,1.);
#2685=VECTOR('',#10271,1.);
#2686=VECTOR('',#10272,1.);
#2687=VECTOR('',#10273,1.);
#2688=VECTOR('',#10274,1.);
#2689=VECTOR('',#10275,1.);
#2690=VECTOR('',#10276,1.);
#2691=VECTOR('',#10277,1.);
#2692=VECTOR('',#10278,1.);
#2693=VECTOR('',#10279,1.);
#2694=VECTOR('',#10282,1.);
#2695=VECTOR('',#10283,1.);
#2696=VECTOR('',#10284,1.);
#2697=VECTOR('',#10287,1.);
#2698=VECTOR('',#10288,1.);
#2699=VECTOR('',#10291,1.);
#2700=VECTOR('',#10294,1.);
#2701=VECTOR('',#10295,1.);
#2702=VECTOR('',#10296,1.);
#2703=VECTOR('',#10297,1.);
#2704=VECTOR('',#10300,1.);
#2705=VECTOR('',#10303,1.);
#2706=VECTOR('',#10308,1.);
#2707=VECTOR('',#10309,1.);
#2708=VECTOR('',#10310,1.);
#2709=VECTOR('',#10311,1.);
#2710=VECTOR('',#10314,1.);
#2711=VECTOR('',#10321,1.);
#2712=VECTOR('',#10322,1.);
#2713=VECTOR('',#10323,1.);
#2714=VECTOR('',#10326,1.);
#2715=VECTOR('',#10327,1.);
#2716=VECTOR('',#10328,1.);
#2717=VECTOR('',#10333,1.);
#2718=VECTOR('',#10338,1.);
#2719=VECTOR('',#10339,1.);
#2720=VECTOR('',#10340,1.);
#2721=VECTOR('',#10343,1.);
#2722=VECTOR('',#10344,1.);
#2723=VECTOR('',#10345,1.);
#2724=VECTOR('',#10348,1.);
#2725=VECTOR('',#10349,1.);
#2726=VECTOR('',#10350,1.);
#2727=VECTOR('',#10353,1.);
#2728=VECTOR('',#10354,1.);
#2729=VECTOR('',#10355,1.);
#2730=VECTOR('',#10360,1.);
#2731=VECTOR('',#10365,1.);
#2732=VECTOR('',#10366,1.);
#2733=VECTOR('',#10367,1.);
#2734=VECTOR('',#10370,1.);
#2735=VECTOR('',#10371,1.);
#2736=VECTOR('',#10372,1.);
#2737=VECTOR('',#10373,1.);
#2738=VECTOR('',#10376,1.);
#2739=VECTOR('',#10377,1.);
#2740=VECTOR('',#10378,1.);
#2741=VECTOR('',#10381,1.);
#2742=VECTOR('',#10382,1.);
#2743=VECTOR('',#10383,1.);
#2744=VECTOR('',#10386,1.);
#2745=VECTOR('',#10387,1.);
#2746=VECTOR('',#10390,1.);
#2747=VECTOR('',#10391,1.);
#2748=VECTOR('',#10392,1.);
#2749=VECTOR('',#10393,1.);
#2750=VECTOR('',#10396,1.);
#2751=VECTOR('',#10397,1.);
#2752=VECTOR('',#10400,1.);
#2753=VECTOR('',#10403,1.);
#2754=VECTOR('',#10404,1.);
#2755=VECTOR('',#10409,1.);
#2756=VECTOR('',#10410,1.);
#2757=VECTOR('',#10411,1.);
#2758=VECTOR('',#10414,1.);
#2759=VECTOR('',#10415,1.);
#2760=VECTOR('',#10418,1.);
#2761=VECTOR('',#10419,1.);
#2762=VECTOR('',#10420,1.);
#2763=VECTOR('',#10423,1.);
#2764=VECTOR('',#10426,1.);
#2765=VECTOR('',#10429,1.);
#2766=VECTOR('',#10430,1.);
#2767=VECTOR('',#10431,1.);
#2768=VECTOR('',#10434,1.);
#2769=VECTOR('',#10435,1.);
#2770=VECTOR('',#10438,1.);
#2771=VECTOR('',#10439,1.);
#2772=VECTOR('',#10440,1.);
#2773=VECTOR('',#10441,1.);
#2774=VECTOR('',#10444,1.);
#2775=VECTOR('',#10445,1.);
#2776=VECTOR('',#10448,1.);
#2777=VECTOR('',#10449,1.);
#2778=VECTOR('',#10450,1.);
#2779=VECTOR('',#10453,1.);
#2780=VECTOR('',#10454,1.);
#2781=VECTOR('',#10457,1.);
#2782=VECTOR('',#10458,1.);
#2783=VECTOR('',#10459,1.);
#2784=VECTOR('',#10462,1.);
#2785=VECTOR('',#10465,1.);
#2786=VECTOR('',#10468,1.);
#2787=VECTOR('',#10469,1.);
#2788=VECTOR('',#10470,1.);
#2789=VECTOR('',#10473,1.);
#2790=VECTOR('',#10474,1.);
#2791=VECTOR('',#10475,1.);
#2792=VECTOR('',#10478,1.);
#2793=VECTOR('',#10479,1.);
#2794=VECTOR('',#10480,1.);
#2795=VECTOR('',#10481,1.);
#2796=VECTOR('',#10482,1.);
#2797=VECTOR('',#10485,1.);
#2798=VECTOR('',#10488,1.);
#2799=VECTOR('',#10489,1.);
#2800=VECTOR('',#10490,1.);
#2801=VECTOR('',#10491,1.);
#2802=VECTOR('',#10494,1.);
#2803=VECTOR('',#10495,1.);
#2804=VECTOR('',#10498,1.);
#2805=VECTOR('',#10499,1.);
#2806=VECTOR('',#10500,1.);
#2807=VECTOR('',#10503,1.);
#2808=VECTOR('',#10506,1.);
#2809=VECTOR('',#10507,1.);
#2810=VECTOR('',#10508,1.);
#2811=VECTOR('',#10509,1.);
#2812=VECTOR('',#10512,1.);
#2813=VECTOR('',#10513,1.);
#2814=VECTOR('',#10516,1.);
#2815=VECTOR('',#10517,1.);
#2816=VECTOR('',#10520,1.);
#2817=VECTOR('',#10521,1.);
#2818=VECTOR('',#10522,1.);
#2819=VECTOR('',#10525,1.);
#2820=VECTOR('',#10528,1.);
#2821=VECTOR('',#10531,1.);
#2822=VECTOR('',#10532,1.);
#2823=VECTOR('',#10533,1.);
#2824=VECTOR('',#10536,1.);
#2825=VECTOR('',#10537,1.);
#2826=VECTOR('',#10540,1.);
#2827=VECTOR('',#10541,1.);
#2828=VECTOR('',#10542,1.);
#2829=VECTOR('',#10543,1.);
#2830=VECTOR('',#10546,1.);
#2831=VECTOR('',#10547,1.);
#2832=VECTOR('',#10550,1.);
#2833=VECTOR('',#10551,1.);
#2834=VECTOR('',#10554,1.);
#2835=VECTOR('',#10555,1.);
#2836=VECTOR('',#10556,1.);
#2837=VECTOR('',#10557,1.);
#2838=VECTOR('',#10558,1.);
#2839=VECTOR('',#10561,1.);
#2840=VECTOR('',#10562,1.);
#2841=VECTOR('',#10565,1.);
#2842=VECTOR('',#10566,1.);
#2843=VECTOR('',#10567,1.);
#2844=VECTOR('',#10568,1.);
#2845=VECTOR('',#10571,1.);
#2846=VECTOR('',#10574,1.);
#2847=VECTOR('',#10575,1.);
#2848=VECTOR('',#10576,1.);
#2849=VECTOR('',#10577,1.);
#2850=VECTOR('',#10578,1.);
#2851=VECTOR('',#10581,1.);
#2852=VECTOR('',#10582,1.);
#2853=VECTOR('',#10587,1.);
#2854=VECTOR('',#10588,1.);
#2855=VECTOR('',#10591,1.);
#2856=VECTOR('',#10592,1.);
#2857=VECTOR('',#10593,1.);
#2858=VECTOR('',#10596,1.);
#2859=VECTOR('',#10601,1.);
#2860=VECTOR('',#10602,1.);
#2861=VECTOR('',#10603,1.);
#2862=VECTOR('',#10606,1.);
#2863=VECTOR('',#10607,1.);
#2864=VECTOR('',#10610,1.);
#2865=VECTOR('',#10611,1.);
#2866=VECTOR('',#10612,1.);
#2867=VECTOR('',#10615,1.);
#2868=VECTOR('',#10618,1.);
#2869=VECTOR('',#10621,1.);
#2870=VECTOR('',#10622,1.);
#2871=VECTOR('',#10623,1.);
#2872=VECTOR('',#10626,1.);
#2873=VECTOR('',#10627,1.);
#2874=VECTOR('',#10630,1.);
#2875=VECTOR('',#10631,1.);
#2876=VECTOR('',#10632,1.);
#2877=VECTOR('',#10633,1.);
#2878=VECTOR('',#10636,1.);
#2879=VECTOR('',#10637,1.);
#2880=VECTOR('',#10640,1.);
#2881=VECTOR('',#10641,1.);
#2882=VECTOR('',#10642,1.);
#2883=VECTOR('',#10645,1.);
#2884=VECTOR('',#10646,1.);
#2885=VECTOR('',#10647,1.);
#2886=VECTOR('',#10648,1.);
#2887=VECTOR('',#10651,1.);
#2888=VECTOR('',#10654,1.);
#2889=VECTOR('',#10657,1.);
#2890=VECTOR('',#10658,1.);
#2891=VECTOR('',#10659,1.);
#2892=VECTOR('',#10660,1.);
#2893=VECTOR('',#10661,1.);
#2894=VECTOR('',#10664,1.);
#2895=VECTOR('',#10665,1.);
#2896=VECTOR('',#10666,1.);
#2897=VECTOR('',#10667,1.);
#2898=VECTOR('',#10668,1.);
#2899=VECTOR('',#10671,1.);
#2900=VECTOR('',#10672,1.);
#2901=VECTOR('',#10673,1.);
#2902=VECTOR('',#10676,1.);
#2903=VECTOR('',#10677,1.);
#2904=VECTOR('',#10680,1.);
#2905=VECTOR('',#10681,1.);
#2906=VECTOR('',#10682,1.);
#2907=VECTOR('',#10685,1.);
#2908=VECTOR('',#10686,1.);
#2909=VECTOR('',#10689,1.);
#2910=VECTOR('',#10690,1.);
#2911=VECTOR('',#10691,1.);
#2912=VECTOR('',#10694,1.);
#2913=VECTOR('',#10697,1.);
#2914=VECTOR('',#10700,1.);
#2915=VECTOR('',#10701,1.);
#2916=VECTOR('',#10702,1.);
#2917=VECTOR('',#10705,1.);
#2918=VECTOR('',#10708,1.);
#2919=VECTOR('',#10709,1.);
#2920=VECTOR('',#10710,1.);
#2921=VECTOR('',#10713,1.);
#2922=VECTOR('',#10714,1.);
#2923=VECTOR('',#10717,1.);
#2924=VECTOR('',#10718,1.);
#2925=VECTOR('',#10721,1.);
#2926=VECTOR('',#10724,1.);
#2927=VECTOR('',#10725,1.);
#2928=VECTOR('',#10728,1.);
#2929=VECTOR('',#10729,1.);
#2930=VECTOR('',#10730,1.);
#2931=VECTOR('',#10731,1.);
#2932=VECTOR('',#10734,1.);
#2933=VECTOR('',#10735,1.);
#2934=VECTOR('',#10738,1.);
#2935=VECTOR('',#10739,1.);
#2936=VECTOR('',#10742,1.);
#2937=VECTOR('',#10743,1.);
#2938=VECTOR('',#10746,1.);
#2939=VECTOR('',#10747,1.);
#2940=VECTOR('',#10750,1.);
#2941=VECTOR('',#10751,1.);
#2942=VECTOR('',#10752,1.);
#2943=VECTOR('',#10755,1.);
#2944=VECTOR('',#10758,1.);
#2945=VECTOR('',#10761,1.);
#2946=VECTOR('',#10762,1.);
#2947=VECTOR('',#10763,1.);
#2948=VECTOR('',#10766,1.);
#2949=VECTOR('',#10769,1.);
#2950=VECTOR('',#10770,1.);
#2951=VECTOR('',#10771,1.);
#2952=VECTOR('',#10774,1.);
#2953=VECTOR('',#10775,1.);
#2954=VECTOR('',#10778,1.);
#2955=VECTOR('',#10779,1.);
#2956=VECTOR('',#10782,1.);
#2957=VECTOR('',#10783,1.);
#2958=VECTOR('',#10786,1.);
#2959=VECTOR('',#10787,1.);
#2960=VECTOR('',#10790,1.);
#2961=VECTOR('',#10791,1.);
#2962=VECTOR('',#10794,1.);
#2963=VECTOR('',#10795,1.);
#2964=VECTOR('',#10796,1.);
#2965=VECTOR('',#10799,1.);
#2966=VECTOR('',#10800,1.);
#2967=VECTOR('',#10801,1.);
#2968=VECTOR('',#10802,1.);
#2969=VECTOR('',#10805,1.);
#2970=VECTOR('',#10806,1.);
#2971=VECTOR('',#10809,1.);
#2972=VECTOR('',#10810,1.);
#2973=VECTOR('',#10811,1.);
#2974=VECTOR('',#10812,1.);
#2975=VECTOR('',#10815,1.);
#2976=VECTOR('',#10816,1.);
#2977=VECTOR('',#10819,1.);
#2978=VECTOR('',#10820,1.);
#2979=VECTOR('',#10821,1.);
#2980=VECTOR('',#10824,1.);
#2981=VECTOR('',#10827,1.);
#2982=VECTOR('',#10828,1.);
#2983=VECTOR('',#10829,1.);
#2984=VECTOR('',#10830,1.);
#2985=VECTOR('',#10833,1.);
#2986=VECTOR('',#10834,1.);
#2987=VECTOR('',#10835,1.);
#2988=VECTOR('',#10838,1.);
#2989=VECTOR('',#10839,1.);
#2990=VECTOR('',#10842,1.);
#2991=VECTOR('',#10843,1.);
#2992=VECTOR('',#10844,1.);
#2993=VECTOR('',#10847,1.);
#2994=VECTOR('',#10850,1.);
#2995=VECTOR('',#10853,1.);
#2996=VECTOR('',#10854,1.);
#2997=VECTOR('',#10855,1.);
#2998=VECTOR('',#10858,1.);
#2999=VECTOR('',#10859,1.);
#3000=VECTOR('',#10862,1.);
#3001=VECTOR('',#10863,1.);
#3002=VECTOR('',#10864,1.);
#3003=VECTOR('',#10865,1.);
#3004=VECTOR('',#10868,1.);
#3005=VECTOR('',#10869,1.);
#3006=VECTOR('',#10872,1.);
#3007=VECTOR('',#10873,1.);
#3008=VECTOR('',#10874,1.);
#3009=VECTOR('',#10877,1.);
#3010=VECTOR('',#10878,1.);
#3011=VECTOR('',#10879,1.);
#3012=VECTOR('',#10880,1.);
#3013=VECTOR('',#10881,1.);
#3014=VECTOR('',#10884,1.);
#3015=VECTOR('',#10887,1.);
#3016=VECTOR('',#10890,1.);
#3017=VECTOR('',#10891,1.);
#3018=VECTOR('',#10892,1.);
#3019=VECTOR('',#10893,1.);
#3020=VECTOR('',#10894,1.);
#3021=VECTOR('',#10895,1.);
#3022=VECTOR('',#10898,1.);
#3023=VECTOR('',#10901,1.);
#3024=VECTOR('',#10902,1.);
#3025=VECTOR('',#10905,1.);
#3026=VECTOR('',#10906,1.);
#3027=VECTOR('',#10907,1.);
#3028=VECTOR('',#10908,1.);
#3029=VECTOR('',#10913,1.);
#3030=VECTOR('',#10914,1.);
#3031=VECTOR('',#10915,1.);
#3032=VECTOR('',#10918,1.);
#3033=VECTOR('',#10919,1.);
#3034=VECTOR('',#10920,1.);
#3035=VECTOR('',#10921,1.);
#3036=VECTOR('',#10924,1.);
#3037=VECTOR('',#10925,1.);
#3038=VECTOR('',#10926,1.);
#3039=VECTOR('',#10927,1.);
#3040=VECTOR('',#10928,1.);
#3041=VECTOR('',#10931,1.);
#3042=VECTOR('',#10932,1.);
#3043=VECTOR('',#10933,1.);
#3044=VECTOR('',#10934,1.);
#3045=VECTOR('',#10937,1.);
#3046=VECTOR('',#10940,1.);
#3047=VECTOR('',#10941,1.);
#3048=VECTOR('',#10944,1.);
#3049=VECTOR('',#10945,1.);
#3050=VECTOR('',#10948,1.);
#3051=VECTOR('',#10951,1.);
#3052=VECTOR('',#10952,1.);
#3053=VECTOR('',#10953,1.);
#3054=VECTOR('',#10956,1.);
#3055=VECTOR('',#10957,1.);
#3056=VECTOR('',#10958,1.);
#3057=VECTOR('',#10961,1.);
#3058=VECTOR('',#10962,1.);
#3059=VECTOR('',#10963,1.);
#3060=VECTOR('',#10964,1.);
#3061=VECTOR('',#10969,1.);
#3062=VECTOR('',#10970,1.);
#3063=VECTOR('',#10973,1.);
#3064=VECTOR('',#10976,1.);
#3065=VECTOR('',#10981,1.);
#3066=VECTOR('',#10984,1.);
#3067=VECTOR('',#10987,1.);
#3068=VECTOR('',#10992,1.);
#3069=VECTOR('',#10993,1.);
#3070=VECTOR('',#10998,1.);
#3071=VECTOR('',#10999,1.);
#3072=VECTOR('',#11002,1.);
#3073=VECTOR('',#11005,1.);
#3074=VECTOR('',#11006,1.);
#3075=VECTOR('',#11009,1.);
#3076=VECTOR('',#11010,1.);
#3077=VECTOR('',#11011,1.);
#3078=VECTOR('',#11014,1.);
#3079=VECTOR('',#11017,1.);
#3080=VECTOR('',#11020,1.);
#3081=VECTOR('',#11025,1.);
#3082=VECTOR('',#11028,1.);
#3083=VECTOR('',#11031,1.);
#3084=VECTOR('',#11036,1.);
#3085=VECTOR('',#11039,1.);
#3086=VECTOR('',#11042,1.);
#3087=VECTOR('',#11043,1.);
#3088=VECTOR('',#11046,1.);
#3089=VECTOR('',#11047,1.);
#3090=VECTOR('',#11052,1.);
#3091=VECTOR('',#11055,1.);
#3092=VECTOR('',#11060,1.);
#3093=VECTOR('',#11061,1.);
#3094=VECTOR('',#11064,1.);
#3095=VECTOR('',#11067,1.);
#3096=VECTOR('',#11068,1.);
#3097=VECTOR('',#11069,1.);
#3098=VECTOR('',#11072,1.);
#3099=VECTOR('',#11075,1.);
#3100=VECTOR('',#11078,1.);
#3101=VECTOR('',#11081,1.);
#3102=VECTOR('',#11088,1.);
#3103=VECTOR('',#11099,1.);
#3104=VECTOR('',#11100,1.);
#3105=VECTOR('',#11101,1.);
#3106=VECTOR('',#11114,1.);
#3107=VECTOR('',#11115,1.);
#3108=VECTOR('',#11116,1.);
#3109=VECTOR('',#11117,1.);
#3110=VECTOR('',#11120,1.);
#3111=VECTOR('',#11121,1.);
#3112=VECTOR('',#11124,1.);
#3113=VECTOR('',#11125,1.);
#3114=VECTOR('',#11130,1.);
#3115=VECTOR('',#11133,1.);
#3116=VECTOR('',#11134,1.);
#3117=VECTOR('',#11135,1.);
#3118=VECTOR('',#11138,1.);
#3119=VECTOR('',#11139,1.);
#3120=VECTOR('',#11140,1.);
#3121=VECTOR('',#11143,1.);
#3122=VECTOR('',#11144,1.);
#3123=VECTOR('',#11147,1.);
#3124=VECTOR('',#11152,1.);
#3125=VECTOR('',#11155,1.);
#3126=VECTOR('',#11156,1.);
#3127=VECTOR('',#11157,1.);
#3128=VECTOR('',#11158,1.);
#3129=VECTOR('',#11161,1.);
#3130=VECTOR('',#11162,1.);
#3131=VECTOR('',#11163,1.);
#3132=VECTOR('',#11164,1.);
#3133=VECTOR('',#11167,1.);
#3134=VECTOR('',#11168,1.);
#3135=VECTOR('',#11171,1.);
#3136=VECTOR('',#11172,1.);
#3137=VECTOR('',#11175,1.);
#3138=VECTOR('',#11178,1.);
#3139=VECTOR('',#11181,1.);
#3140=VECTOR('',#11190,1.);
#3141=VECTOR('',#11193,1.);
#3142=VECTOR('',#11196,1.);
#3143=VECTOR('',#11197,1.);
#3144=VECTOR('',#11198,1.);
#3145=VECTOR('',#11201,1.);
#3146=VECTOR('',#11204,1.);
#3147=VECTOR('',#11205,1.);
#3148=VECTOR('',#11206,1.);
#3149=VECTOR('',#11207,1.);
#3150=VECTOR('',#11210,1.);
#3151=VECTOR('',#11211,1.);
#3152=VECTOR('',#11212,1.);
#3153=VECTOR('',#11213,1.);
#3154=VECTOR('',#11216,1.);
#3155=VECTOR('',#11223,1.);
#3156=VECTOR('',#11224,1.);
#3157=VECTOR('',#11225,1.);
#3158=VECTOR('',#11232,1.);
#3159=VECTOR('',#11233,1.);
#3160=VECTOR('',#11236,1.);
#3161=VECTOR('',#11237,1.);
#3162=VECTOR('',#11238,1.);
#3163=VECTOR('',#11239,1.);
#3164=VECTOR('',#11242,1.);
#3165=VECTOR('',#11243,1.);
#3166=VECTOR('',#11244,1.);
#3167=VECTOR('',#11247,1.);
#3168=VECTOR('',#11248,1.);
#3169=VECTOR('',#11249,1.);
#3170=VECTOR('',#11252,1.);
#3171=VECTOR('',#11253,1.);
#3172=VECTOR('',#11256,1.);
#3173=VECTOR('',#11257,1.);
#3174=VECTOR('',#11258,1.);
#3175=VECTOR('',#11261,1.);
#3176=VECTOR('',#11262,1.);
#3177=VECTOR('',#11267,1.);
#3178=VECTOR('',#11268,1.);
#3179=VECTOR('',#11271,1.);
#3180=VECTOR('',#11272,1.);
#3181=VECTOR('',#11273,1.);
#3182=VECTOR('',#11274,1.);
#3183=VECTOR('',#11277,1.);
#3184=VECTOR('',#11278,1.);
#3185=VECTOR('',#11281,1.);
#3186=VECTOR('',#11282,1.);
#3187=VECTOR('',#11283,1.);
#3188=VECTOR('',#11286,1.);
#3189=VECTOR('',#11289,1.);
#3190=VECTOR('',#11290,1.);
#3191=VECTOR('',#11291,1.);
#3192=VECTOR('',#11294,1.);
#3193=VECTOR('',#11295,1.);
#3194=VECTOR('',#11296,1.);
#3195=VECTOR('',#11297,1.);
#3196=VECTOR('',#11300,1.);
#3197=VECTOR('',#11303,1.);
#3198=VECTOR('',#11306,1.);
#3199=VECTOR('',#11307,1.);
#3200=VECTOR('',#11308,1.);
#3201=VECTOR('',#11309,1.);
#3202=VECTOR('',#11312,1.);
#3203=VECTOR('',#11313,1.);
#3204=VECTOR('',#11314,1.);
#3205=VECTOR('',#11317,1.);
#3206=VECTOR('',#11320,1.);
#3207=VECTOR('',#11325,1.);
#3208=VECTOR('',#11328,1.);
#3209=VECTOR('',#11329,1.);
#3210=VECTOR('',#11330,1.);
#3211=VECTOR('',#11333,1.);
#3212=VECTOR('',#11334,1.);
#3213=VECTOR('',#11335,1.);
#3214=VECTOR('',#11336,1.);
#3215=VECTOR('',#11339,1.);
#3216=VECTOR('',#11340,1.);
#3217=VECTOR('',#11349,1.);
#3218=VECTOR('',#11350,1.);
#3219=VECTOR('',#11351,1.);
#3220=VECTOR('',#11354,1.);
#3221=VECTOR('',#11355,1.);
#3222=VECTOR('',#11356,1.);
#3223=VECTOR('',#11357,1.);
#3224=VECTOR('',#11360,1.);
#3225=VECTOR('',#11361,1.);
#3226=VECTOR('',#11362,1.);
#3227=VECTOR('',#11363,1.);
#3228=VECTOR('',#11364,1.);
#3229=VECTOR('',#11367,1.);
#3230=VECTOR('',#11368,1.);
#3231=VECTOR('',#11369,1.);
#3232=VECTOR('',#11370,1.);
#3233=VECTOR('',#11371,1.);
#3234=VECTOR('',#11374,1.);
#3235=VECTOR('',#11377,1.);
#3236=VECTOR('',#11378,1.);
#3237=VECTOR('',#11379,1.);
#3238=VECTOR('',#11380,1.);
#3239=VECTOR('',#11383,1.);
#3240=VECTOR('',#11392,1.);
#3241=VECTOR('',#11397,1.);
#3242=VECTOR('',#11400,1.);
#3243=VECTOR('',#11401,1.);
#3244=VECTOR('',#11402,1.);
#3245=VECTOR('',#11405,1.);
#3246=VECTOR('',#11406,1.);
#3247=VECTOR('',#11407,1.);
#3248=VECTOR('',#11410,1.);
#3249=VECTOR('',#11411,1.);
#3250=VECTOR('',#11412,1.);
#3251=VECTOR('',#11417,1.);
#3252=VECTOR('',#11422,1.);
#3253=VECTOR('',#11427,1.);
#3254=VECTOR('',#11428,1.);
#3255=VECTOR('',#11429,1.);
#3256=VECTOR('',#11430,1.);
#3257=VECTOR('',#11433,1.);
#3258=VECTOR('',#11434,1.);
#3259=VECTOR('',#11435,1.);
#3260=VECTOR('',#11436,1.);
#3261=VECTOR('',#11439,1.);
#3262=VECTOR('',#11440,1.);
#3263=VECTOR('',#11441,1.);
#3264=VECTOR('',#11444,1.);
#3265=VECTOR('',#11445,1.);
#3266=VECTOR('',#11448,1.);
#3267=VECTOR('',#11449,1.);
#3268=VECTOR('',#11450,1.);
#3269=VECTOR('',#11451,1.);
#3270=VECTOR('',#11454,1.);
#3271=VECTOR('',#11457,1.);
#3272=VECTOR('',#11462,1.);
#3273=VECTOR('',#11465,1.);
#3274=VECTOR('',#11470,1.);
#3275=VECTOR('',#11473,1.);
#3276=VECTOR('',#11474,1.);
#3277=VECTOR('',#11477,1.);
#3278=VECTOR('',#11478,1.);
#3279=VECTOR('',#11479,1.);
#3280=VECTOR('',#11482,1.);
#3281=VECTOR('',#11483,1.);
#3282=VECTOR('',#11484,1.);
#3283=VECTOR('',#11487,1.);
#3284=VECTOR('',#11488,1.);
#3285=VECTOR('',#11493,1.);
#3286=VECTOR('',#11500,1.);
#3287=VECTOR('',#11501,1.);
#3288=VECTOR('',#11504,1.);
#3289=VECTOR('',#11507,1.);
#3290=VECTOR('',#11508,1.);
#3291=VECTOR('',#11509,1.);
#3292=VECTOR('',#11510,1.);
#3293=VECTOR('',#11513,1.);
#3294=VECTOR('',#11514,1.);
#3295=VECTOR('',#11517,1.);
#3296=VECTOR('',#11518,1.);
#3297=VECTOR('',#11519,1.);
#3298=VECTOR('',#11520,1.);
#3299=VECTOR('',#11523,1.);
#3300=VECTOR('',#11526,1.);
#3301=VECTOR('',#11529,1.);
#3302=VECTOR('',#11530,1.);
#3303=VECTOR('',#11533,1.);
#3304=VECTOR('',#11534,1.);
#3305=VECTOR('',#11537,1.);
#3306=VECTOR('',#11542,1.);
#3307=VECTOR('',#11543,1.);
#3308=VECTOR('',#11544,1.);
#3309=VECTOR('',#11545,1.);
#3310=VECTOR('',#11546,1.);
#3311=VECTOR('',#11547,1.);
#3312=VECTOR('',#11550,1.);
#3313=VECTOR('',#11551,1.);
#3314=VECTOR('',#11552,1.);
#3315=VECTOR('',#11553,1.);
#3316=VECTOR('',#11554,1.);
#3317=VECTOR('',#11557,1.);
#3318=VECTOR('',#11560,1.);
#3319=VECTOR('',#11561,1.);
#3320=VECTOR('',#11562,1.);
#3321=VECTOR('',#11563,1.);
#3322=VECTOR('',#11566,1.);
#3323=VECTOR('',#11567,1.);
#3324=VECTOR('',#11568,1.);
#3325=VECTOR('',#11569,1.);
#3326=VECTOR('',#11570,1.);
#3327=VECTOR('',#11571,1.);
#3328=VECTOR('',#11572,1.);
#3329=VECTOR('',#11575,1.);
#3330=VECTOR('',#11576,1.);
#3331=VECTOR('',#11577,1.);
#3332=VECTOR('',#11580,1.);
#3333=VECTOR('',#11581,1.);
#3334=VECTOR('',#11582,1.);
#3335=VECTOR('',#11585,1.);
#3336=VECTOR('',#11586,1.);
#3337=VECTOR('',#11589,1.);
#3338=VECTOR('',#11590,1.);
#3339=VECTOR('',#11593,1.);
#3340=VECTOR('',#11594,1.);
#3341=VECTOR('',#11595,1.);
#3342=VECTOR('',#11598,1.);
#3343=VECTOR('',#11599,1.);
#3344=VECTOR('',#11600,1.);
#3345=VECTOR('',#11603,1.);
#3346=VECTOR('',#11606,1.);
#3347=VECTOR('',#11609,1.);
#3348=VECTOR('',#11610,1.);
#3349=VECTOR('',#11611,1.);
#3350=VECTOR('',#11612,1.);
#3351=VECTOR('',#11613,1.);
#3352=VECTOR('',#11616,1.);
#3353=VECTOR('',#11619,1.);
#3354=VECTOR('',#11624,1.);
#3355=VECTOR('',#11625,1.);
#3356=VECTOR('',#11626,1.);
#3357=VECTOR('',#11629,1.);
#3358=VECTOR('',#11630,1.);
#3359=VECTOR('',#11631,1.);
#3360=VECTOR('',#11634,1.);
#3361=VECTOR('',#11635,1.);
#3362=VECTOR('',#11636,1.);
#3363=VECTOR('',#11639,1.);
#3364=VECTOR('',#11646,1.);
#3365=VECTOR('',#11647,1.);
#3366=VECTOR('',#11648,1.);
#3367=VECTOR('',#11651,1.);
#3368=VECTOR('',#11652,1.);
#3369=VECTOR('',#11653,1.);
#3370=VECTOR('',#11656,1.);
#3371=VECTOR('',#11657,1.);
#3372=VECTOR('',#11658,1.);
#3373=VECTOR('',#11661,1.);
#3374=VECTOR('',#11668,1.);
#3375=VECTOR('',#11669,1.);
#3376=VECTOR('',#11670,1.);
#3377=VECTOR('',#11673,1.);
#3378=VECTOR('',#11680,1.);
#3379=VECTOR('',#11681,1.);
#3380=VECTOR('',#11682,1.);
#3381=VECTOR('',#11685,1.);
#3382=VECTOR('',#11686,1.);
#3383=VECTOR('',#11687,1.);
#3384=VECTOR('',#11690,1.);
#3385=VECTOR('',#11691,1.);
#3386=VECTOR('',#11692,1.);
#3387=VECTOR('',#11695,1.);
#3388=VECTOR('',#11696,1.);
#3389=VECTOR('',#11701,1.);
#3390=VECTOR('',#11704,1.);
#3391=VECTOR('',#11709,1.);
#3392=VECTOR('',#11718,1.);
#3393=VECTOR('',#11719,1.);
#3394=VECTOR('',#11720,1.);
#3395=VECTOR('',#11721,1.);
#3396=VECTOR('',#11722,1.);
#3397=VECTOR('',#11723,1.);
#3398=VECTOR('',#11724,1.);
#3399=VECTOR('',#11727,0.999999999999999);
#3400=VECTOR('',#11728,1.);
#3401=VECTOR('',#11731,1.);
#3402=VECTOR('',#11734,1.);
#3403=VECTOR('',#11737,1.);
#3404=VECTOR('',#11744,1.);
#3405=VECTOR('',#11749,1.);
#3406=VECTOR('',#11752,1.);
#3407=VECTOR('',#11759,1.);
#3408=VECTOR('',#11760,1.);
#3409=VECTOR('',#11761,1.);
#3410=VECTOR('',#11764,1.);
#3411=VECTOR('',#11769,1.);
#3412=VECTOR('',#11770,1.);
#3413=VECTOR('',#11773,1.);
#3414=VECTOR('',#11774,1.);
#3415=VECTOR('',#11775,1.);
#3416=VECTOR('',#11780,1.);
#3417=VECTOR('',#11781,1.);
#3418=VECTOR('',#11784,1.);
#3419=VECTOR('',#11787,1.);
#3420=VERTEX_POINT('',#11798);
#3421=VERTEX_POINT('',#11799);
#3422=VERTEX_POINT('',#11801);
#3423=VERTEX_POINT('',#11803);
#3424=VERTEX_POINT('',#11805);
#3425=VERTEX_POINT('',#11809);
#3426=VERTEX_POINT('',#11810);
#3427=VERTEX_POINT('',#11815);
#3428=VERTEX_POINT('',#11816);
#3429=VERTEX_POINT('',#11818);
#3430=VERTEX_POINT('',#11820);
#3431=VERTEX_POINT('',#11824);
#3432=VERTEX_POINT('',#11826);
#3433=VERTEX_POINT('',#11828);
#3434=VERTEX_POINT('',#11830);
#3435=VERTEX_POINT('',#11832);
#3436=VERTEX_POINT('',#11837);
#3437=VERTEX_POINT('',#11838);
#3438=VERTEX_POINT('',#11840);
#3439=VERTEX_POINT('',#11842);
#3440=VERTEX_POINT('',#11846);
#3441=VERTEX_POINT('',#11847);
#3442=VERTEX_POINT('',#11849);
#3443=VERTEX_POINT('',#11851);
#3444=VERTEX_POINT('',#11855);
#3445=VERTEX_POINT('',#11857);
#3446=VERTEX_POINT('',#11861);
#3447=VERTEX_POINT('',#11862);
#3448=VERTEX_POINT('',#11864);
#3449=VERTEX_POINT('',#11866);
#3450=VERTEX_POINT('',#11870);
#3451=VERTEX_POINT('',#11872);
#3452=VERTEX_POINT('',#11876);
#3453=VERTEX_POINT('',#11877);
#3454=VERTEX_POINT('',#11879);
#3455=VERTEX_POINT('',#11881);
#3456=VERTEX_POINT('',#11885);
#3457=VERTEX_POINT('',#11886);
#3458=VERTEX_POINT('',#11888);
#3459=VERTEX_POINT('',#11890);
#3460=VERTEX_POINT('',#11894);
#3461=VERTEX_POINT('',#11896);
#3462=VERTEX_POINT('',#11900);
#3463=VERTEX_POINT('',#11902);
#3464=VERTEX_POINT('',#11906);
#3465=VERTEX_POINT('',#11908);
#3466=VERTEX_POINT('',#11910);
#3467=VERTEX_POINT('',#11912);
#3468=VERTEX_POINT('',#11916);
#3469=VERTEX_POINT('',#11917);
#3470=VERTEX_POINT('',#11919);
#3471=VERTEX_POINT('',#11921);
#3472=VERTEX_POINT('',#11923);
#3473=VERTEX_POINT('',#11926);
#3474=VERTEX_POINT('',#11932);
#3475=VERTEX_POINT('',#11933);
#3476=VERTEX_POINT('',#11935);
#3477=VERTEX_POINT('',#11937);
#3478=VERTEX_POINT('',#11939);
#3479=VERTEX_POINT('',#11941);
#3480=VERTEX_POINT('',#11943);
#3481=VERTEX_POINT('',#11945);
#3482=VERTEX_POINT('',#11947);
#3483=VERTEX_POINT('',#11949);
#3484=VERTEX_POINT('',#11951);
#3485=VERTEX_POINT('',#11956);
#3486=VERTEX_POINT('',#11960);
#3487=VERTEX_POINT('',#11961);
#3488=VERTEX_POINT('',#11963);
#3489=VERTEX_POINT('',#11965);
#3490=VERTEX_POINT('',#11967);
#3491=VERTEX_POINT('',#11969);
#3492=VERTEX_POINT('',#11971);
#3493=VERTEX_POINT('',#11973);
#3494=VERTEX_POINT('',#11978);
#3495=VERTEX_POINT('',#11979);
#3496=VERTEX_POINT('',#11981);
#3497=VERTEX_POINT('',#11983);
#3498=VERTEX_POINT('',#11985);
#3499=VERTEX_POINT('',#11987);
#3500=VERTEX_POINT('',#11992);
#3501=VERTEX_POINT('',#11993);
#3502=VERTEX_POINT('',#11995);
#3503=VERTEX_POINT('',#11997);
#3504=VERTEX_POINT('',#11999);
#3505=VERTEX_POINT('',#12001);
#3506=VERTEX_POINT('',#12003);
#3507=VERTEX_POINT('',#12005);
#3508=VERTEX_POINT('',#12007);
#3509=VERTEX_POINT('',#12009);
#3510=VERTEX_POINT('',#12011);
#3511=VERTEX_POINT('',#12015);
#3512=VERTEX_POINT('',#12017);
#3513=VERTEX_POINT('',#12022);
#3514=VERTEX_POINT('',#12027);
#3515=VERTEX_POINT('',#12029);
#3516=VERTEX_POINT('',#12031);
#3517=VERTEX_POINT('',#12033);
#3518=VERTEX_POINT('',#12035);
#3519=VERTEX_POINT('',#12037);
#3520=VERTEX_POINT('',#12054);
#3521=VERTEX_POINT('',#12055);
#3522=VERTEX_POINT('',#12057);
#3523=VERTEX_POINT('',#12059);
#3524=VERTEX_POINT('',#12061);
#3525=VERTEX_POINT('',#12063);
#3526=VERTEX_POINT('',#12065);
#3527=VERTEX_POINT('',#12067);
#3528=VERTEX_POINT('',#12069);
#3529=VERTEX_POINT('',#12071);
#3530=VERTEX_POINT('',#12075);
#3531=VERTEX_POINT('',#12076);
#3532=VERTEX_POINT('',#12078);
#3533=VERTEX_POINT('',#12080);
#3534=VERTEX_POINT('',#12084);
#3535=VERTEX_POINT('',#12085);
#3536=VERTEX_POINT('',#12087);
#3537=VERTEX_POINT('',#12089);
#3538=VERTEX_POINT('',#12093);
#3539=VERTEX_POINT('',#12094);
#3540=VERTEX_POINT('',#12096);
#3541=VERTEX_POINT('',#12098);
#3542=VERTEX_POINT('',#12102);
#3543=VERTEX_POINT('',#12103);
#3544=VERTEX_POINT('',#12105);
#3545=VERTEX_POINT('',#12107);
#3546=VERTEX_POINT('',#12111);
#3547=VERTEX_POINT('',#12112);
#3548=VERTEX_POINT('',#12114);
#3549=VERTEX_POINT('',#12120);
#3550=VERTEX_POINT('',#12124);
#3551=VERTEX_POINT('',#12129);
#3552=VERTEX_POINT('',#12130);
#3553=VERTEX_POINT('',#12132);
#3554=VERTEX_POINT('',#12134);
#3555=VERTEX_POINT('',#12138);
#3556=VERTEX_POINT('',#12139);
#3557=VERTEX_POINT('',#12141);
#3558=VERTEX_POINT('',#12143);
#3559=VERTEX_POINT('',#12147);
#3560=VERTEX_POINT('',#12149);
#3561=VERTEX_POINT('',#12153);
#3562=VERTEX_POINT('',#12155);
#3563=VERTEX_POINT('',#12159);
#3564=VERTEX_POINT('',#12163);
#3565=VERTEX_POINT('',#12164);
#3566=VERTEX_POINT('',#12166);
#3567=VERTEX_POINT('',#12168);
#3568=VERTEX_POINT('',#12178);
#3569=VERTEX_POINT('',#12179);
#3570=VERTEX_POINT('',#12181);
#3571=VERTEX_POINT('',#12183);
#3572=VERTEX_POINT('',#12206);
#3573=VERTEX_POINT('',#12210);
#3574=VERTEX_POINT('',#12211);
#3575=VERTEX_POINT('',#12213);
#3576=VERTEX_POINT('',#12215);
#3577=VERTEX_POINT('',#12219);
#3578=VERTEX_POINT('',#12221);
#3579=VERTEX_POINT('',#12223);
#3580=VERTEX_POINT('',#12230);
#3581=VERTEX_POINT('',#12234);
#3582=VERTEX_POINT('',#12237);
#3583=VERTEX_POINT('',#12238);
#3584=VERTEX_POINT('',#12240);
#3585=VERTEX_POINT('',#12242);
#3586=VERTEX_POINT('',#12246);
#3587=VERTEX_POINT('',#12247);
#3588=VERTEX_POINT('',#12249);
#3589=VERTEX_POINT('',#12251);
#3590=VERTEX_POINT('',#12255);
#3591=VERTEX_POINT('',#12257);
#3592=VERTEX_POINT('',#12261);
#3593=VERTEX_POINT('',#12263);
#3594=VERTEX_POINT('',#12267);
#3595=VERTEX_POINT('',#12269);
#3596=VERTEX_POINT('',#12273);
#3597=VERTEX_POINT('',#12275);
#3598=VERTEX_POINT('',#12279);
#3599=VERTEX_POINT('',#12281);
#3600=VERTEX_POINT('',#12285);
#3601=VERTEX_POINT('',#12287);
#3602=VERTEX_POINT('',#12291);
#3603=VERTEX_POINT('',#12293);
#3604=VERTEX_POINT('',#12297);
#3605=VERTEX_POINT('',#12299);
#3606=VERTEX_POINT('',#12303);
#3607=VERTEX_POINT('',#12305);
#3608=VERTEX_POINT('',#12309);
#3609=VERTEX_POINT('',#12311);
#3610=VERTEX_POINT('',#12315);
#3611=VERTEX_POINT('',#12317);
#3612=VERTEX_POINT('',#12321);
#3613=VERTEX_POINT('',#12323);
#3614=VERTEX_POINT('',#12327);
#3615=VERTEX_POINT('',#12329);
#3616=VERTEX_POINT('',#12336);
#3617=VERTEX_POINT('',#12340);
#3618=VERTEX_POINT('',#12349);
#3619=VERTEX_POINT('',#12351);
#3620=VERTEX_POINT('',#12355);
#3621=VERTEX_POINT('',#12357);
#3622=VERTEX_POINT('',#12365);
#3623=VERTEX_POINT('',#12371);
#3624=VERTEX_POINT('',#12374);
#3625=VERTEX_POINT('',#12376);
#3626=VERTEX_POINT('',#12378);
#3627=VERTEX_POINT('',#12380);
#3628=VERTEX_POINT('',#12382);
#3629=VERTEX_POINT('',#12384);
#3630=VERTEX_POINT('',#12386);
#3631=VERTEX_POINT('',#12388);
#3632=VERTEX_POINT('',#12390);
#3633=VERTEX_POINT('',#12392);
#3634=VERTEX_POINT('',#12394);
#3635=VERTEX_POINT('',#12396);
#3636=VERTEX_POINT('',#12398);
#3637=VERTEX_POINT('',#12400);
#3638=VERTEX_POINT('',#12402);
#3639=VERTEX_POINT('',#12404);
#3640=VERTEX_POINT('',#12406);
#3641=VERTEX_POINT('',#12408);
#3642=VERTEX_POINT('',#12410);
#3643=VERTEX_POINT('',#12412);
#3644=VERTEX_POINT('',#12414);
#3645=VERTEX_POINT('',#12416);
#3646=VERTEX_POINT('',#12418);
#3647=VERTEX_POINT('',#12420);
#3648=VERTEX_POINT('',#12422);
#3649=VERTEX_POINT('',#12424);
#3650=VERTEX_POINT('',#12426);
#3651=VERTEX_POINT('',#12428);
#3652=VERTEX_POINT('',#12430);
#3653=VERTEX_POINT('',#12432);
#3654=VERTEX_POINT('',#12434);
#3655=VERTEX_POINT('',#12436);
#3656=VERTEX_POINT('',#12438);
#3657=VERTEX_POINT('',#12440);
#3658=VERTEX_POINT('',#12442);
#3659=VERTEX_POINT('',#12444);
#3660=VERTEX_POINT('',#12446);
#3661=VERTEX_POINT('',#12448);
#3662=VERTEX_POINT('',#12450);
#3663=VERTEX_POINT('',#12452);
#3664=VERTEX_POINT('',#12454);
#3665=VERTEX_POINT('',#12456);
#3666=VERTEX_POINT('',#12458);
#3667=VERTEX_POINT('',#12460);
#3668=VERTEX_POINT('',#12462);
#3669=VERTEX_POINT('',#12464);
#3670=VERTEX_POINT('',#12466);
#3671=VERTEX_POINT('',#12468);
#3672=VERTEX_POINT('',#12470);
#3673=VERTEX_POINT('',#12472);
#3674=VERTEX_POINT('',#12474);
#3675=VERTEX_POINT('',#12476);
#3676=VERTEX_POINT('',#12478);
#3677=VERTEX_POINT('',#12480);
#3678=VERTEX_POINT('',#12482);
#3679=VERTEX_POINT('',#12484);
#3680=VERTEX_POINT('',#12486);
#3681=VERTEX_POINT('',#12488);
#3682=VERTEX_POINT('',#12490);
#3683=VERTEX_POINT('',#12492);
#3684=VERTEX_POINT('',#12494);
#3685=VERTEX_POINT('',#12496);
#3686=VERTEX_POINT('',#12498);
#3687=VERTEX_POINT('',#12500);
#3688=VERTEX_POINT('',#12502);
#3689=VERTEX_POINT('',#12504);
#3690=VERTEX_POINT('',#12506);
#3691=VERTEX_POINT('',#12508);
#3692=VERTEX_POINT('',#12510);
#3693=VERTEX_POINT('',#12512);
#3694=VERTEX_POINT('',#12514);
#3695=VERTEX_POINT('',#12516);
#3696=VERTEX_POINT('',#12518);
#3697=VERTEX_POINT('',#12520);
#3698=VERTEX_POINT('',#12522);
#3699=VERTEX_POINT('',#12524);
#3700=VERTEX_POINT('',#12526);
#3701=VERTEX_POINT('',#12528);
#3702=VERTEX_POINT('',#12532);
#3703=VERTEX_POINT('',#12533);
#3704=VERTEX_POINT('',#12535);
#3705=VERTEX_POINT('',#12537);
#3706=VERTEX_POINT('',#12541);
#3707=VERTEX_POINT('',#12542);
#3708=VERTEX_POINT('',#12544);
#3709=VERTEX_POINT('',#12546);
#3710=VERTEX_POINT('',#12550);
#3711=VERTEX_POINT('',#12551);
#3712=VERTEX_POINT('',#12559);
#3713=VERTEX_POINT('',#12560);
#3714=VERTEX_POINT('',#12562);
#3715=VERTEX_POINT('',#12564);
#3716=VERTEX_POINT('',#12566);
#3717=VERTEX_POINT('',#12568);
#3718=VERTEX_POINT('',#12570);
#3719=VERTEX_POINT('',#12572);
#3720=VERTEX_POINT('',#12574);
#3721=VERTEX_POINT('',#12576);
#3722=VERTEX_POINT('',#12578);
#3723=VERTEX_POINT('',#12582);
#3724=VERTEX_POINT('',#12584);
#3725=VERTEX_POINT('',#12588);
#3726=VERTEX_POINT('',#12589);
#3727=VERTEX_POINT('',#12591);
#3728=VERTEX_POINT('',#12593);
#3729=VERTEX_POINT('',#12599);
#3730=VERTEX_POINT('',#12603);
#3731=VERTEX_POINT('',#12606);
#3732=VERTEX_POINT('',#12608);
#3733=VERTEX_POINT('',#12610);
#3734=VERTEX_POINT('',#12614);
#3735=VERTEX_POINT('',#12616);
#3736=VERTEX_POINT('',#12620);
#3737=VERTEX_POINT('',#12621);
#3738=VERTEX_POINT('',#12623);
#3739=VERTEX_POINT('',#12625);
#3740=VERTEX_POINT('',#12629);
#3741=VERTEX_POINT('',#12630);
#3742=VERTEX_POINT('',#12632);
#3743=VERTEX_POINT('',#12634);
#3744=VERTEX_POINT('',#12638);
#3745=VERTEX_POINT('',#12639);
#3746=VERTEX_POINT('',#12644);
#3747=VERTEX_POINT('',#12646);
#3748=VERTEX_POINT('',#12650);
#3749=VERTEX_POINT('',#12651);
#3750=VERTEX_POINT('',#12656);
#3751=VERTEX_POINT('',#12657);
#3752=VERTEX_POINT('',#12662);
#3753=VERTEX_POINT('',#12663);
#3754=VERTEX_POINT('',#12668);
#3755=VERTEX_POINT('',#12669);
#3756=VERTEX_POINT('',#12674);
#3757=VERTEX_POINT('',#12675);
#3758=VERTEX_POINT('',#12680);
#3759=VERTEX_POINT('',#12681);
#3760=VERTEX_POINT('',#12686);
#3761=VERTEX_POINT('',#12687);
#3762=VERTEX_POINT('',#12689);
#3763=VERTEX_POINT('',#12691);
#3764=VERTEX_POINT('',#12695);
#3765=VERTEX_POINT('',#12696);
#3766=VERTEX_POINT('',#12701);
#3767=VERTEX_POINT('',#12703);
#3768=VERTEX_POINT('',#12707);
#3769=VERTEX_POINT('',#12708);
#3770=VERTEX_POINT('',#12717);
#3771=VERTEX_POINT('',#12719);
#3772=VERTEX_POINT('',#12723);
#3773=VERTEX_POINT('',#12724);
#3774=VERTEX_POINT('',#12726);
#3775=VERTEX_POINT('',#12728);
#3776=VERTEX_POINT('',#12732);
#3777=VERTEX_POINT('',#12733);
#3778=VERTEX_POINT('',#12738);
#3779=VERTEX_POINT('',#12740);
#3780=VERTEX_POINT('',#12744);
#3781=VERTEX_POINT('',#12750);
#3782=VERTEX_POINT('',#12751);
#3783=VERTEX_POINT('',#12753);
#3784=VERTEX_POINT('',#12755);
#3785=VERTEX_POINT('',#12759);
#3786=VERTEX_POINT('',#12761);
#3787=VERTEX_POINT('',#12764);
#3788=VERTEX_POINT('',#12766);
#3789=VERTEX_POINT('',#12768);
#3790=VERTEX_POINT('',#12770);
#3791=VERTEX_POINT('',#12772);
#3792=VERTEX_POINT('',#12774);
#3793=VERTEX_POINT('',#12778);
#3794=VERTEX_POINT('',#12780);
#3795=VERTEX_POINT('',#12789);
#3796=VERTEX_POINT('',#12790);
#3797=VERTEX_POINT('',#12792);
#3798=VERTEX_POINT('',#12794);
#3799=VERTEX_POINT('',#12798);
#3800=VERTEX_POINT('',#12799);
#3801=VERTEX_POINT('',#12801);
#3802=VERTEX_POINT('',#12803);
#3803=VERTEX_POINT('',#12807);
#3804=VERTEX_POINT('',#12808);
#3805=VERTEX_POINT('',#12810);
#3806=VERTEX_POINT('',#12812);
#3807=VERTEX_POINT('',#12816);
#3808=VERTEX_POINT('',#12817);
#3809=VERTEX_POINT('',#12822);
#3810=VERTEX_POINT('',#12823);
#3811=VERTEX_POINT('',#12828);
#3812=VERTEX_POINT('',#12829);
#3813=VERTEX_POINT('',#12834);
#3814=VERTEX_POINT('',#12836);
#3815=VERTEX_POINT('',#12840);
#3816=VERTEX_POINT('',#12842);
#3817=VERTEX_POINT('',#12846);
#3818=VERTEX_POINT('',#12848);
#3819=VERTEX_POINT('',#12852);
#3820=VERTEX_POINT('',#12854);
#3821=VERTEX_POINT('',#12858);
#3822=VERTEX_POINT('',#12860);
#3823=VERTEX_POINT('',#12864);
#3824=VERTEX_POINT('',#12866);
#3825=VERTEX_POINT('',#12870);
#3826=VERTEX_POINT('',#12872);
#3827=VERTEX_POINT('',#12876);
#3828=VERTEX_POINT('',#12877);
#3829=VERTEX_POINT('',#12879);
#3830=VERTEX_POINT('',#12881);
#3831=VERTEX_POINT('',#12885);
#3832=VERTEX_POINT('',#12886);
#3833=VERTEX_POINT('',#12891);
#3834=VERTEX_POINT('',#12893);
#3835=VERTEX_POINT('',#12900);
#3836=VERTEX_POINT('',#12901);
#3837=VERTEX_POINT('',#12903);
#3838=VERTEX_POINT('',#12908);
#3839=VERTEX_POINT('',#12910);
#3840=VERTEX_POINT('',#12915);
#3841=VERTEX_POINT('',#12919);
#3842=VERTEX_POINT('',#12921);
#3843=VERTEX_POINT('',#12923);
#3844=VERTEX_POINT('',#12927);
#3845=VERTEX_POINT('',#12931);
#3846=VERTEX_POINT('',#12933);
#3847=VERTEX_POINT('',#12941);
#3848=VERTEX_POINT('',#12942);
#3849=VERTEX_POINT('',#12947);
#3850=VERTEX_POINT('',#12951);
#3851=VERTEX_POINT('',#12953);
#3852=VERTEX_POINT('',#12955);
#3853=VERTEX_POINT('',#12959);
#3854=VERTEX_POINT('',#12963);
#3855=VERTEX_POINT('',#12965);
#3856=VERTEX_POINT('',#12969);
#3857=VERTEX_POINT('',#12971);
#3858=VERTEX_POINT('',#12973);
#3859=VERTEX_POINT('',#12976);
#3860=VERTEX_POINT('',#12978);
#3861=VERTEX_POINT('',#12980);
#3862=VERTEX_POINT('',#12984);
#3863=VERTEX_POINT('',#12986);
#3864=VERTEX_POINT('',#12988);
#3865=VERTEX_POINT('',#12991);
#3866=VERTEX_POINT('',#12993);
#3867=VERTEX_POINT('',#12995);
#3868=VERTEX_POINT('',#12997);
#3869=VERTEX_POINT('',#13001);
#3870=VERTEX_POINT('',#13002);
#3871=VERTEX_POINT('',#13004);
#3872=VERTEX_POINT('',#13011);
#3873=VERTEX_POINT('',#13013);
#3874=VERTEX_POINT('',#13015);
#3875=VERTEX_POINT('',#13017);
#3876=VERTEX_POINT('',#13019);
#3877=VERTEX_POINT('',#13021);
#3878=VERTEX_POINT('',#13023);
#3879=VERTEX_POINT('',#13027);
#3880=VERTEX_POINT('',#13029);
#3881=VERTEX_POINT('',#13033);
#3882=VERTEX_POINT('',#13035);
#3883=VERTEX_POINT('',#13037);
#3884=VERTEX_POINT('',#13039);
#3885=VERTEX_POINT('',#13041);
#3886=VERTEX_POINT('',#13043);
#3887=VERTEX_POINT('',#13046);
#3888=VERTEX_POINT('',#13050);
#3889=VERTEX_POINT('',#13054);
#3890=VERTEX_POINT('',#13056);
#3891=VERTEX_POINT('',#13064);
#3892=VERTEX_POINT('',#13065);
#3893=VERTEX_POINT('',#13070);
#3894=VERTEX_POINT('',#13074);
#3895=VERTEX_POINT('',#13076);
#3896=VERTEX_POINT('',#13078);
#3897=VERTEX_POINT('',#13082);
#3898=VERTEX_POINT('',#13086);
#3899=VERTEX_POINT('',#13088);
#3900=VERTEX_POINT('',#13090);
#3901=VERTEX_POINT('',#13092);
#3902=VERTEX_POINT('',#13095);
#3903=VERTEX_POINT('',#13097);
#3904=VERTEX_POINT('',#13101);
#3905=VERTEX_POINT('',#13105);
#3906=VERTEX_POINT('',#13108);
#3907=VERTEX_POINT('',#13110);
#3908=VERTEX_POINT('',#13112);
#3909=VERTEX_POINT('',#13116);
#3910=VERTEX_POINT('',#13117);
#3911=VERTEX_POINT('',#13119);
#3912=VERTEX_POINT('',#13125);
#3913=VERTEX_POINT('',#13127);
#3914=VERTEX_POINT('',#13130);
#3915=VERTEX_POINT('',#13132);
#3916=VERTEX_POINT('',#13136);
#3917=VERTEX_POINT('',#13138);
#3918=VERTEX_POINT('',#13142);
#3919=VERTEX_POINT('',#13145);
#3920=VERTEX_POINT('',#13147);
#3921=VERTEX_POINT('',#13149);
#3922=VERTEX_POINT('',#13153);
#3923=VERTEX_POINT('',#13157);
#3924=VERTEX_POINT('',#13159);
#3925=VERTEX_POINT('',#13167);
#3926=VERTEX_POINT('',#13168);
#3927=VERTEX_POINT('',#13173);
#3928=VERTEX_POINT('',#13177);
#3929=VERTEX_POINT('',#13179);
#3930=VERTEX_POINT('',#13181);
#3931=VERTEX_POINT('',#13185);
#3932=VERTEX_POINT('',#13189);
#3933=VERTEX_POINT('',#13191);
#3934=VERTEX_POINT('',#13196);
#3935=VERTEX_POINT('',#13198);
#3936=VERTEX_POINT('',#13201);
#3937=VERTEX_POINT('',#13205);
#3938=VERTEX_POINT('',#13208);
#3939=VERTEX_POINT('',#13210);
#3940=VERTEX_POINT('',#13213);
#3941=VERTEX_POINT('',#13217);
#3942=VERTEX_POINT('',#13218);
#3943=VERTEX_POINT('',#13220);
#3944=VERTEX_POINT('',#13230);
#3945=VERTEX_POINT('',#13235);
#3946=VERTEX_POINT('',#13239);
#3947=VERTEX_POINT('',#13243);
#3948=VERTEX_POINT('',#13245);
#3949=VERTEX_POINT('',#13253);
#3950=VERTEX_POINT('',#13254);
#3951=VERTEX_POINT('',#13261);
#3952=VERTEX_POINT('',#13263);
#3953=VERTEX_POINT('',#13267);
#3954=VERTEX_POINT('',#13276);
#3955=VERTEX_POINT('',#13280);
#3956=VERTEX_POINT('',#13281);
#3957=VERTEX_POINT('',#13283);
#3958=VERTEX_POINT('',#13291);
#3959=VERTEX_POINT('',#13295);
#3960=VERTEX_POINT('',#13299);
#3961=VERTEX_POINT('',#13303);
#3962=VERTEX_POINT('',#13305);
#3963=VERTEX_POINT('',#13313);
#3964=VERTEX_POINT('',#13314);
#3965=VERTEX_POINT('',#13321);
#3966=VERTEX_POINT('',#13323);
#3967=VERTEX_POINT('',#13327);
#3968=VERTEX_POINT('',#13334);
#3969=VERTEX_POINT('',#13336);
#3970=VERTEX_POINT('',#13338);
#3971=VERTEX_POINT('',#13340);
#3972=VERTEX_POINT('',#13344);
#3973=VERTEX_POINT('',#13346);
#3974=VERTEX_POINT('',#13348);
#3975=VERTEX_POINT('',#13350);
#3976=VERTEX_POINT('',#13352);
#3977=VERTEX_POINT('',#13356);
#3978=VERTEX_POINT('',#13357);
#3979=VERTEX_POINT('',#13359);
#3980=VERTEX_POINT('',#13364);
#3981=VERTEX_POINT('',#13366);
#3982=VERTEX_POINT('',#13368);
#3983=VERTEX_POINT('',#13370);
#3984=VERTEX_POINT('',#13372);
#3985=VERTEX_POINT('',#13374);
#3986=VERTEX_POINT('',#13376);
#3987=VERTEX_POINT('',#13378);
#3988=VERTEX_POINT('',#13380);
#3989=VERTEX_POINT('',#13384);
#3990=VERTEX_POINT('',#13386);
#3991=VERTEX_POINT('',#13390);
#3992=VERTEX_POINT('',#13392);
#3993=VERTEX_POINT('',#13394);
#3994=VERTEX_POINT('',#13396);
#3995=VERTEX_POINT('',#13398);
#3996=VERTEX_POINT('',#13400);
#3997=VERTEX_POINT('',#13402);
#3998=VERTEX_POINT('',#13404);
#3999=VERTEX_POINT('',#13406);
#4000=VERTEX_POINT('',#13410);
#4001=VERTEX_POINT('',#13414);
#4002=VERTEX_POINT('',#13416);
#4003=VERTEX_POINT('',#13424);
#4004=VERTEX_POINT('',#13425);
#4005=VERTEX_POINT('',#13430);
#4006=VERTEX_POINT('',#13434);
#4007=VERTEX_POINT('',#13436);
#4008=VERTEX_POINT('',#13438);
#4009=VERTEX_POINT('',#13442);
#4010=VERTEX_POINT('',#13446);
#4011=VERTEX_POINT('',#13448);
#4012=VERTEX_POINT('',#13453);
#4013=VERTEX_POINT('',#13455);
#4014=VERTEX_POINT('',#13457);
#4015=VERTEX_POINT('',#13459);
#4016=VERTEX_POINT('',#13461);
#4017=VERTEX_POINT('',#13465);
#4018=VERTEX_POINT('',#13467);
#4019=VERTEX_POINT('',#13469);
#4020=VERTEX_POINT('',#13471);
#4021=VERTEX_POINT('',#13473);
#4022=VERTEX_POINT('',#13476);
#4023=VERTEX_POINT('',#13485);
#4024=VERTEX_POINT('',#13486);
#4025=VERTEX_POINT('',#13488);
#4026=VERTEX_POINT('',#13490);
#4027=VERTEX_POINT('',#13495);
#4028=VERTEX_POINT('',#13497);
#4029=VERTEX_POINT('',#13501);
#4030=VERTEX_POINT('',#13502);
#4031=VERTEX_POINT('',#13504);
#4032=VERTEX_POINT('',#13506);
#4033=VERTEX_POINT('',#13510);
#4034=VERTEX_POINT('',#13512);
#4035=VERTEX_POINT('',#13514);
#4036=VERTEX_POINT('',#13516);
#4037=VERTEX_POINT('',#13520);
#4038=VERTEX_POINT('',#13521);
#4039=VERTEX_POINT('',#13523);
#4040=VERTEX_POINT('',#13525);
#4041=VERTEX_POINT('',#13539);
#4042=VERTEX_POINT('',#13541);
#4043=VERTEX_POINT('',#13545);
#4044=VERTEX_POINT('',#13547);
#4045=VERTEX_POINT('',#13551);
#4046=VERTEX_POINT('',#13552);
#4047=VERTEX_POINT('',#13554);
#4048=VERTEX_POINT('',#13556);
#4049=VERTEX_POINT('',#13585);
#4050=VERTEX_POINT('',#13588);
#4051=VERTEX_POINT('',#13590);
#4052=VERTEX_POINT('',#13593);
#4053=VERTEX_POINT('',#13595);
#4054=VERTEX_POINT('',#13632);
#4055=VERTEX_POINT('',#13633);
#4056=VERTEX_POINT('',#13654);
#4057=VERTEX_POINT('',#13655);
#4058=VERTEX_POINT('',#13665);
#4059=VERTEX_POINT('',#13671);
#4060=VERTEX_POINT('',#13681);
#4061=VERTEX_POINT('',#13682);
#4062=VERTEX_POINT('',#13684);
#4063=VERTEX_POINT('',#13686);
#4064=VERTEX_POINT('',#13688);
#4065=VERTEX_POINT('',#13690);
#4066=VERTEX_POINT('',#13693);
#4067=VERTEX_POINT('',#13695);
#4068=VERTEX_POINT('',#13697);
#4069=VERTEX_POINT('',#13706);
#4070=VERTEX_POINT('',#13707);
#4071=VERTEX_POINT('',#13709);
#4072=VERTEX_POINT('',#13711);
#4073=VERTEX_POINT('',#13715);
#4074=VERTEX_POINT('',#13716);
#4075=VERTEX_POINT('',#13718);
#4076=VERTEX_POINT('',#13720);
#4077=VERTEX_POINT('',#13724);
#4078=VERTEX_POINT('',#13725);
#4079=VERTEX_POINT('',#13728);
#4080=VERTEX_POINT('',#13735);
#4081=VERTEX_POINT('',#13737);
#4082=VERTEX_POINT('',#13743);
#4083=VERTEX_POINT('',#13749);
#4084=VERTEX_POINT('',#13754);
#4085=VERTEX_POINT('',#13759);
#4086=VERTEX_POINT('',#13763);
#4087=VERTEX_POINT('',#13773);
#4088=VERTEX_POINT('',#13775);
#4089=VERTEX_POINT('',#13781);
#4090=VERTEX_POINT('',#13782);
#4091=VERTEX_POINT('',#13784);
#4092=VERTEX_POINT('',#13786);
#4093=VERTEX_POINT('',#13788);
#4094=VERTEX_POINT('',#13790);
#4095=VERTEX_POINT('',#13792);
#4096=VERTEX_POINT('',#13794);
#4097=VERTEX_POINT('',#13796);
#4098=VERTEX_POINT('',#13798);
#4099=VERTEX_POINT('',#13800);
#4100=VERTEX_POINT('',#13804);
#4101=VERTEX_POINT('',#13806);
#4102=VERTEX_POINT('',#13810);
#4103=VERTEX_POINT('',#13814);
#4104=VERTEX_POINT('',#13816);
#4105=VERTEX_POINT('',#13820);
#4106=VERTEX_POINT('',#13825);
#4107=VERTEX_POINT('',#13826);
#4108=VERTEX_POINT('',#13829);
#4109=VERTEX_POINT('',#13831);
#4110=VERTEX_POINT('',#13833);
#4111=VERTEX_POINT('',#13835);
#4112=VERTEX_POINT('',#13837);
#4113=VERTEX_POINT('',#13839);
#4114=VERTEX_POINT('',#13841);
#4115=VERTEX_POINT('',#13845);
#4116=VERTEX_POINT('',#13851);
#4117=VERTEX_POINT('',#13853);
#4118=VERTEX_POINT('',#13855);
#4119=VERTEX_POINT('',#13859);
#4120=VERTEX_POINT('',#13860);
#4121=VERTEX_POINT('',#13863);
#4122=VERTEX_POINT('',#13871);
#4123=VERTEX_POINT('',#13872);
#4124=VERTEX_POINT('',#13874);
#4125=VERTEX_POINT('',#13876);
#4126=VERTEX_POINT('',#13880);
#4127=VERTEX_POINT('',#13882);
#4128=VERTEX_POINT('',#13890);
#4129=VERTEX_POINT('',#13894);
#4130=VERTEX_POINT('',#13896);
#4131=VERTEX_POINT('',#13900);
#4132=VERTEX_POINT('',#13901);
#4133=VERTEX_POINT('',#13903);
#4134=VERTEX_POINT('',#13905);
#4135=VERTEX_POINT('',#13909);
#4136=VERTEX_POINT('',#13916);
#4137=VERTEX_POINT('',#13917);
#4138=VERTEX_POINT('',#13922);
#4139=VERTEX_POINT('',#13928);
#4140=VERTEX_POINT('',#13930);
#4141=VERTEX_POINT('',#13933);
#4142=VERTEX_POINT('',#13937);
#4143=VERTEX_POINT('',#13938);
#4144=VERTEX_POINT('',#13942);
#4145=VERTEX_POINT('',#13948);
#4146=VERTEX_POINT('',#13949);
#4147=VERTEX_POINT('',#13951);
#4148=VERTEX_POINT('',#13953);
#4149=VERTEX_POINT('',#13957);
#4150=VERTEX_POINT('',#13958);
#4151=VERTEX_POINT('',#13969);
#4152=VERTEX_POINT('',#13971);
#4153=VERTEX_POINT('',#13973);
#4154=VERTEX_POINT('',#13976);
#4155=VERTEX_POINT('',#13978);
#4156=VERTEX_POINT('',#13982);
#4157=VERTEX_POINT('',#13984);
#4158=VERTEX_POINT('',#13988);
#4159=VERTEX_POINT('',#13990);
#4160=VERTEX_POINT('',#13997);
#4161=VERTEX_POINT('',#13998);
#4162=VERTEX_POINT('',#14000);
#4163=VERTEX_POINT('',#14002);
#4164=VERTEX_POINT('',#14006);
#4165=VERTEX_POINT('',#14012);
#4166=VERTEX_POINT('',#14014);
#4167=VERTEX_POINT('',#14018);
#4168=VERTEX_POINT('',#14022);
#4169=VERTEX_POINT('',#14023);
#4170=VERTEX_POINT('',#14026);
#4171=VERTEX_POINT('',#14042);
#4172=VERTEX_POINT('',#14046);
#4173=VERTEX_POINT('',#14047);
#4174=VERTEX_POINT('',#14049);
#4175=VERTEX_POINT('',#14051);
#4176=VERTEX_POINT('',#14053);
#4177=VERTEX_POINT('',#14056);
#4178=VERTEX_POINT('',#14058);
#4179=VERTEX_POINT('',#14060);
#4180=VERTEX_POINT('',#14062);
#4181=VERTEX_POINT('',#14066);
#4182=VERTEX_POINT('',#14068);
#4183=VERTEX_POINT('',#14078);
#4184=VERTEX_POINT('',#14084);
#4185=VERTEX_POINT('',#14088);
#4186=VERTEX_POINT('',#14091);
#4187=VERTEX_POINT('',#14108);
#4188=VERTEX_POINT('',#14109);
#4189=VERTEX_POINT('',#14111);
#4190=VERTEX_POINT('',#14113);
#4191=VERTEX_POINT('',#14115);
#4192=VERTEX_POINT('',#14117);
#4193=VERTEX_POINT('',#14121);
#4194=VERTEX_POINT('',#14123);
#4195=VERTEX_POINT('',#14132);
#4196=VERTEX_POINT('',#14134);
#4197=VERTEX_POINT('',#14138);
#4198=VERTEX_POINT('',#14140);
#4199=VERTEX_POINT('',#14143);
#4200=VERTEX_POINT('',#14145);
#4201=VERTEX_POINT('',#14150);
#4202=VERTEX_POINT('',#14152);
#4203=VERTEX_POINT('',#14156);
#4204=VERTEX_POINT('',#14158);
#4205=VERTEX_POINT('',#14162);
#4206=VERTEX_POINT('',#14166);
#4207=VERTEX_POINT('',#14170);
#4208=VERTEX_POINT('',#14172);
#4209=VERTEX_POINT('',#14176);
#4210=VERTEX_POINT('',#14178);
#4211=VERTEX_POINT('',#14187);
#4212=VERTEX_POINT('',#14188);
#4213=VERTEX_POINT('',#14190);
#4214=VERTEX_POINT('',#14192);
#4215=VERTEX_POINT('',#14196);
#4216=VERTEX_POINT('',#14197);
#4217=VERTEX_POINT('',#14199);
#4218=VERTEX_POINT('',#14201);
#4219=VERTEX_POINT('',#14205);
#4220=VERTEX_POINT('',#14206);
#4221=VERTEX_POINT('',#14211);
#4222=VERTEX_POINT('',#14212);
#4223=VERTEX_POINT('',#14217);
#4224=VERTEX_POINT('',#14218);
#4225=VERTEX_POINT('',#14223);
#4226=VERTEX_POINT('',#14224);
#4227=VERTEX_POINT('',#14229);
#4228=VERTEX_POINT('',#14230);
#4229=VERTEX_POINT('',#14235);
#4230=VERTEX_POINT('',#14236);
#4231=VERTEX_POINT('',#14241);
#4232=VERTEX_POINT('',#14242);
#4233=VERTEX_POINT('',#14247);
#4234=VERTEX_POINT('',#14248);
#4235=VERTEX_POINT('',#14253);
#4236=VERTEX_POINT('',#14254);
#4237=VERTEX_POINT('',#14259);
#4238=VERTEX_POINT('',#14260);
#4239=VERTEX_POINT('',#14265);
#4240=VERTEX_POINT('',#14266);
#4241=VERTEX_POINT('',#14271);
#4242=VERTEX_POINT('',#14272);
#4243=VERTEX_POINT('',#14277);
#4244=VERTEX_POINT('',#14279);
#4245=VERTEX_POINT('',#14286);
#4246=VERTEX_POINT('',#14290);
#4247=VERTEX_POINT('',#14299);
#4248=VERTEX_POINT('',#14300);
#4249=VERTEX_POINT('',#14302);
#4250=VERTEX_POINT('',#14306);
#4251=VERTEX_POINT('',#14308);
#4252=VERTEX_POINT('',#14332);
#4253=VERTEX_POINT('',#14340);
#4254=EDGE_CURVE('',#3420,#3421,#1082,.T.);
#4255=EDGE_CURVE('',#3420,#3422,#1083,.T.);
#4256=EDGE_CURVE('',#3422,#3423,#1084,.T.);
#4257=EDGE_CURVE('',#3423,#3424,#1085,.T.);
#4258=EDGE_CURVE('',#3421,#3424,#1086,.T.);
#4259=EDGE_CURVE('',#3425,#3426,#1087,.T.);
#4260=EDGE_CURVE('',#3426,#3423,#1088,.T.);
#4261=EDGE_CURVE('',#3425,#3422,#1089,.T.);
#4262=EDGE_CURVE('',#3427,#3428,#1090,.T.);
#4263=EDGE_CURVE('',#3428,#3429,#1091,.T.);
#4264=EDGE_CURVE('',#3429,#3430,#1092,.T.);
#4265=EDGE_CURVE('',#3430,#3427,#180,.T.);
#4266=EDGE_CURVE('',#3430,#3431,#1093,.T.);
#4267=EDGE_CURVE('',#3432,#3429,#1094,.T.);
#4268=EDGE_CURVE('',#3433,#3432,#1095,.T.);
#4269=EDGE_CURVE('',#3434,#3433,#1096,.T.);
#4270=EDGE_CURVE('',#3434,#3435,#1097,.T.);
#4271=EDGE_CURVE('',#3435,#3426,#1098,.T.);
#4272=EDGE_CURVE('',#3431,#3425,#1099,.T.);
#4273=EDGE_CURVE('',#3436,#3437,#1100,.T.);
#4274=EDGE_CURVE('',#3438,#3436,#1101,.T.);
#4275=EDGE_CURVE('',#3439,#3438,#1102,.T.);
#4276=EDGE_CURVE('',#3439,#3437,#1103,.T.);
#4277=EDGE_CURVE('',#3440,#3441,#1104,.T.);
#4278=EDGE_CURVE('',#3442,#3441,#17,.T.);
#4279=EDGE_CURVE('',#3443,#3442,#1105,.T.);
#4280=EDGE_CURVE('',#3443,#3440,#18,.T.);
#4281=EDGE_CURVE('',#3444,#3420,#1106,.T.);
#4282=EDGE_CURVE('',#3445,#3444,#1107,.T.);
#4283=EDGE_CURVE('',#3422,#3445,#1108,.T.);
#4284=EDGE_CURVE('',#3446,#3447,#1109,.T.);
#4285=EDGE_CURVE('',#3448,#3447,#1110,.T.);
#4286=EDGE_CURVE('',#3449,#3448,#1111,.T.);
#4287=EDGE_CURVE('',#3449,#3446,#1112,.T.);
#4288=EDGE_CURVE('',#3450,#3427,#1113,.T.);
#4289=EDGE_CURVE('',#3451,#3430,#1114,.T.);
#4290=EDGE_CURVE('',#3451,#3450,#181,.T.);
#4291=EDGE_CURVE('',#3452,#3453,#1115,.T.);
#4292=EDGE_CURVE('',#3454,#3453,#1116,.T.);
#4293=EDGE_CURVE('',#3455,#3454,#1117,.T.);
#4294=EDGE_CURVE('',#3452,#3455,#1118,.T.);
#4295=EDGE_CURVE('',#3456,#3457,#1119,.T.);
#4296=EDGE_CURVE('',#3458,#3457,#19,.T.);
#4297=EDGE_CURVE('',#3459,#3458,#1120,.T.);
#4298=EDGE_CURVE('',#3459,#3456,#20,.T.);
#4299=EDGE_CURVE('',#3460,#3440,#1121,.T.);
#4300=EDGE_CURVE('',#3460,#3461,#1122,.T.);
#4301=EDGE_CURVE('',#3461,#3441,#1123,.T.);
#4302=EDGE_CURVE('',#3462,#3433,#1124,.T.);
#4303=EDGE_CURVE('',#3463,#3462,#1125,.T.);
#4304=EDGE_CURVE('',#3463,#3434,#1126,.T.);
#4305=EDGE_CURVE('',#3454,#3464,#1127,.T.);
#4306=EDGE_CURVE('',#3465,#3464,#1128,.T.);
#4307=EDGE_CURVE('',#3465,#3466,#1129,.T.);
#4308=EDGE_CURVE('',#3467,#3466,#1130,.T.);
#4309=EDGE_CURVE('',#3467,#3455,#1131,.T.);
#4310=EDGE_CURVE('',#3468,#3469,#1132,.T.);
#4311=EDGE_CURVE('',#3469,#3470,#1133,.T.);
#4312=EDGE_CURVE('',#3470,#3471,#1134,.T.);
#4313=EDGE_CURVE('',#3471,#3472,#1135,.T.);
#4314=EDGE_CURVE('',#3448,#3472,#1136,.T.);
#4315=EDGE_CURVE('',#3473,#3447,#1137,.T.);
#4316=EDGE_CURVE('',#3421,#3473,#1138,.T.);
#4317=EDGE_CURVE('',#3424,#3435,#1139,.T.);
#4318=EDGE_CURVE('',#3435,#3468,#1140,.T.);
#4319=EDGE_CURVE('',#3474,#3475,#1141,.T.);
#4320=EDGE_CURVE('',#3476,#3475,#1142,.T.);
#4321=EDGE_CURVE('',#3476,#3477,#21,.T.);
#4322=EDGE_CURVE('',#3478,#3477,#1143,.T.);
#4323=EDGE_CURVE('',#3478,#3479,#1144,.T.);
#4324=EDGE_CURVE('',#3480,#3479,#1145,.T.);
#4325=EDGE_CURVE('',#3481,#3480,#1146,.T.);
#4326=EDGE_CURVE('',#3482,#3481,#22,.T.);
#4327=EDGE_CURVE('',#3482,#3483,#1147,.T.);
#4328=EDGE_CURVE('',#3483,#3484,#1148,.T.);
#4329=EDGE_CURVE('',#3484,#3474,#1149,.T.);
#4330=EDGE_CURVE('',#3474,#3469,#1150,.T.);
#4331=EDGE_CURVE('',#3469,#3485,#1151,.T.);
#4332=EDGE_CURVE('',#3475,#3485,#1152,.T.);
#4333=EDGE_CURVE('',#3486,#3487,#1153,.T.);
#4334=EDGE_CURVE('',#3486,#3488,#23,.T.);
#4335=EDGE_CURVE('',#3488,#3489,#1154,.T.);
#4336=EDGE_CURVE('',#3489,#3490,#1155,.T.);
#4337=EDGE_CURVE('',#3491,#3490,#1156,.T.);
#4338=EDGE_CURVE('',#3491,#3492,#1157,.T.);
#4339=EDGE_CURVE('',#3493,#3492,#24,.T.);
#4340=EDGE_CURVE('',#3493,#3485,#1158,.T.);
#4341=EDGE_CURVE('',#3487,#3468,#1159,.T.);
#4342=EDGE_CURVE('',#3494,#3495,#1160,.T.);
#4343=EDGE_CURVE('',#3495,#3496,#1161,.T.);
#4344=EDGE_CURVE('',#3496,#3497,#1162,.T.);
#4345=EDGE_CURVE('',#3498,#3497,#1163,.T.);
#4346=EDGE_CURVE('',#3498,#3499,#1164,.T.);
#4347=EDGE_CURVE('',#3499,#3474,#1165,.T.);
#4348=EDGE_CURVE('',#3484,#3494,#1166,.T.);
#4349=EDGE_CURVE('',#3500,#3501,#1167,.T.);
#4350=EDGE_CURVE('',#3502,#3501,#1168,.T.);
#4351=EDGE_CURVE('',#3502,#3503,#25,.T.);
#4352=EDGE_CURVE('',#3504,#3503,#1169,.T.);
#4353=EDGE_CURVE('',#3505,#3504,#1170,.T.);
#4354=EDGE_CURVE('',#3506,#3505,#1171,.T.);
#4355=EDGE_CURVE('',#3507,#3506,#1172,.T.);
#4356=EDGE_CURVE('',#3508,#3507,#26,.T.);
#4357=EDGE_CURVE('',#3509,#3508,#1173,.T.);
#4358=EDGE_CURVE('',#3509,#3510,#1174,.T.);
#4359=EDGE_CURVE('',#3500,#3510,#1175,.T.);
#4360=EDGE_CURVE('',#3511,#3509,#1176,.T.);
#4361=EDGE_CURVE('',#3512,#3508,#1177,.T.);
#4362=EDGE_CURVE('',#3512,#3511,#1178,.T.);
#4363=EDGE_CURVE('',#3495,#3500,#1179,.T.);
#4364=EDGE_CURVE('',#3495,#3513,#1180,.T.);
#4365=EDGE_CURVE('',#3501,#3513,#1181,.T.);
#4366=EDGE_CURVE('',#3511,#3494,#1182,.T.);
#4367=EDGE_CURVE('',#3512,#3514,#27,.T.);
#4368=EDGE_CURVE('',#3514,#3515,#1183,.T.);
#4369=EDGE_CURVE('',#3515,#3516,#1184,.T.);
#4370=EDGE_CURVE('',#3517,#3516,#1185,.T.);
#4371=EDGE_CURVE('',#3517,#3518,#1186,.T.);
#4372=EDGE_CURVE('',#3519,#3518,#28,.T.);
#4373=EDGE_CURVE('',#3519,#3513,#1187,.T.);
#4374=EDGE_CURVE('',#3519,#3502,#1188,.T.);
#4375=EDGE_CURVE('',#3518,#3503,#1189,.T.);
#4376=EDGE_CURVE('',#3517,#3504,#1190,.T.);
#4377=EDGE_CURVE('',#3516,#3505,#1191,.T.);
#4378=EDGE_CURVE('',#3515,#3506,#1192,.T.);
#4379=EDGE_CURVE('',#3514,#3507,#1193,.T.);
#4380=EDGE_CURVE('',#3520,#3521,#1194,.T.);
#4381=EDGE_CURVE('',#3521,#3522,#1195,.T.);
#4382=EDGE_CURVE('',#3523,#3522,#1196,.T.);
#4383=EDGE_CURVE('',#3524,#3523,#1197,.T.);
#4384=EDGE_CURVE('',#3525,#3524,#1198,.T.);
#4385=EDGE_CURVE('',#3526,#3525,#1199,.T.);
#4386=EDGE_CURVE('',#3526,#3527,#1200,.T.);
#4387=EDGE_CURVE('',#3527,#3528,#1201,.T.);
#4388=EDGE_CURVE('',#3528,#3529,#1202,.T.);
#4389=EDGE_CURVE('',#3520,#3529,#1203,.T.);
#4390=EDGE_CURVE('',#3530,#3531,#1204,.T.);
#4391=EDGE_CURVE('',#3530,#3532,#1205,.T.);
#4392=EDGE_CURVE('',#3533,#3532,#1206,.T.);
#4393=EDGE_CURVE('',#3533,#3531,#1207,.T.);
#4394=EDGE_CURVE('',#3534,#3535,#1208,.T.);
#4395=EDGE_CURVE('',#3535,#3536,#1209,.T.);
#4396=EDGE_CURVE('',#3537,#3536,#1210,.T.);
#4397=EDGE_CURVE('',#3534,#3537,#1211,.T.);
#4398=EDGE_CURVE('',#3538,#3539,#1212,.T.);
#4399=EDGE_CURVE('',#3539,#3540,#1213,.T.);
#4400=EDGE_CURVE('',#3541,#3540,#1214,.T.);
#4401=EDGE_CURVE('',#3538,#3541,#1215,.T.);
#4402=EDGE_CURVE('',#3542,#3543,#1216,.T.);
#4403=EDGE_CURVE('',#3543,#3544,#1217,.T.);
#4404=EDGE_CURVE('',#3545,#3544,#1218,.T.);
#4405=EDGE_CURVE('',#3542,#3545,#1219,.T.);
#4406=EDGE_CURVE('',#3546,#3547,#1220,.T.);
#4407=EDGE_CURVE('',#3548,#3546,#1221,.T.);
#4408=EDGE_CURVE('',#3531,#3548,#1222,.T.);
#4409=EDGE_CURVE('',#3533,#3547,#1223,.T.);
#4410=EDGE_CURVE('',#3449,#3532,#1224,.T.);
#4411=EDGE_CURVE('',#3472,#3549,#1225,.T.);
#4412=EDGE_CURVE('',#3549,#3533,#1226,.T.);
#4413=EDGE_CURVE('',#3437,#3550,#1227,.T.);
#4414=EDGE_CURVE('',#3550,#3496,#1228,.T.);
#4415=EDGE_CURVE('',#3436,#3500,#1229,.T.);
#4416=EDGE_CURVE('',#3551,#3552,#1230,.T.);
#4417=EDGE_CURVE('',#3552,#3553,#1231,.T.);
#4418=EDGE_CURVE('',#3554,#3553,#1232,.T.);
#4419=EDGE_CURVE('',#3554,#3551,#1233,.T.);
#4420=EDGE_CURVE('',#3555,#3556,#1234,.T.);
#4421=EDGE_CURVE('',#3555,#3557,#1235,.T.);
#4422=EDGE_CURVE('',#3557,#3558,#1236,.T.);
#4423=EDGE_CURVE('',#3556,#3558,#1237,.T.);
#4424=EDGE_CURVE('',#3465,#3559,#1238,.T.);
#4425=EDGE_CURVE('',#3560,#3559,#1239,.T.);
#4426=EDGE_CURVE('',#3466,#3560,#1240,.T.);
#4427=EDGE_CURVE('',#3561,#3524,#1241,.T.);
#4428=EDGE_CURVE('',#3562,#3561,#1242,.T.);
#4429=EDGE_CURVE('',#3562,#3525,#1243,.T.);
#4430=EDGE_CURVE('',#3563,#3526,#1244,.T.);
#4431=EDGE_CURVE('',#3563,#3562,#1245,.T.);
#4432=EDGE_CURVE('',#3564,#3565,#1246,.T.);
#4433=EDGE_CURVE('',#3565,#3566,#1247,.T.);
#4434=EDGE_CURVE('',#3567,#3566,#1248,.T.);
#4435=EDGE_CURVE('',#3564,#3567,#1249,.T.);
#4436=EDGE_CURVE('',#3544,#3557,#1250,.T.);
#4437=EDGE_CURVE('',#3555,#3545,#1251,.T.);
#4438=EDGE_CURVE('',#3530,#3565,#1252,.T.);
#4439=EDGE_CURVE('',#3446,#3564,#1253,.T.);
#4440=EDGE_CURVE('',#3568,#3569,#1254,.T.);
#4441=EDGE_CURVE('',#3569,#3570,#1255,.T.);
#4442=EDGE_CURVE('',#3571,#3570,#1256,.T.);
#4443=EDGE_CURVE('',#3571,#3568,#1257,.T.);
#4444=EDGE_CURVE('',#3548,#3565,#1258,.T.);
#4445=EDGE_CURVE('',#3483,#3487,#1259,.T.);
#4446=EDGE_CURVE('',#3486,#3482,#1260,.T.);
#4447=EDGE_CURVE('',#3476,#3493,#1261,.T.);
#4448=EDGE_CURVE('',#3477,#3492,#1262,.T.);
#4449=EDGE_CURVE('',#3491,#3478,#1263,.T.);
#4450=EDGE_CURVE('',#3479,#3490,#1264,.T.);
#4451=EDGE_CURVE('',#3480,#3489,#1265,.T.);
#4452=EDGE_CURVE('',#3481,#3488,#1266,.T.);
#4453=EDGE_CURVE('',#3572,#3453,#1267,.T.);
#4454=EDGE_CURVE('',#3464,#3572,#1268,.T.);
#4455=EDGE_CURVE('',#3573,#3574,#1269,.T.);
#4456=EDGE_CURVE('',#3574,#3575,#1270,.T.);
#4457=EDGE_CURVE('',#3576,#3575,#1271,.T.);
#4458=EDGE_CURVE('',#3573,#3576,#1272,.T.);
#4459=EDGE_CURVE('',#3577,#3520,#1273,.T.);
#4460=EDGE_CURVE('',#3529,#3578,#1274,.T.);
#4461=EDGE_CURVE('',#3579,#3578,#1275,.T.);
#4462=EDGE_CURVE('',#3577,#3579,#1276,.T.);
#4463=EDGE_CURVE('',#3458,#3560,#1277,.T.);
#4464=EDGE_CURVE('',#3459,#3559,#1278,.T.);
#4465=EDGE_CURVE('',#3546,#3580,#1279,.T.);
#4466=EDGE_CURVE('',#3580,#3566,#1280,.T.);
#4467=EDGE_CURVE('',#3581,#3580,#1281,.T.);
#4468=EDGE_CURVE('',#3581,#3567,#1282,.T.);
#4469=EDGE_CURVE('',#3582,#3583,#1283,.T.);
#4470=EDGE_CURVE('',#3584,#3582,#1284,.T.);
#4471=EDGE_CURVE('',#3584,#3585,#1285,.T.);
#4472=EDGE_CURVE('',#3583,#3585,#1286,.T.);
#4473=EDGE_CURVE('',#3586,#3587,#29,.T.);
#4474=EDGE_CURVE('',#3588,#3586,#1287,.T.);
#4475=EDGE_CURVE('',#3588,#3589,#30,.T.);
#4476=EDGE_CURVE('',#3587,#3589,#1288,.T.);
#4477=EDGE_CURVE('',#3590,#3587,#1289,.T.);
#4478=EDGE_CURVE('',#3591,#3589,#1290,.T.);
#4479=EDGE_CURVE('',#3590,#3591,#1291,.T.);
#4480=EDGE_CURVE('',#3592,#3590,#1292,.T.);
#4481=EDGE_CURVE('',#3593,#3591,#1293,.T.);
#4482=EDGE_CURVE('',#3592,#3593,#1294,.T.);
#4483=EDGE_CURVE('',#3592,#3594,#1295,.T.);
#4484=EDGE_CURVE('',#3593,#3595,#1296,.T.);
#4485=EDGE_CURVE('',#3595,#3594,#1297,.T.);
#4486=EDGE_CURVE('',#3596,#3594,#31,.T.);
#4487=EDGE_CURVE('',#3597,#3595,#32,.T.);
#4488=EDGE_CURVE('',#3596,#3597,#1298,.T.);
#4489=EDGE_CURVE('',#3596,#3598,#1299,.T.);
#4490=EDGE_CURVE('',#3597,#3599,#1300,.T.);
#4491=EDGE_CURVE('',#3598,#3599,#1301,.T.);
#4492=EDGE_CURVE('',#3600,#3598,#1302,.T.);
#4493=EDGE_CURVE('',#3601,#3599,#1303,.T.);
#4494=EDGE_CURVE('',#3600,#3601,#1304,.T.);
#4495=EDGE_CURVE('',#3602,#3600,#1305,.T.);
#4496=EDGE_CURVE('',#3603,#3601,#1306,.T.);
#4497=EDGE_CURVE('',#3602,#3603,#1307,.T.);
#4498=EDGE_CURVE('',#3604,#3602,#33,.T.);
#4499=EDGE_CURVE('',#3605,#3603,#34,.T.);
#4500=EDGE_CURVE('',#3605,#3604,#1308,.T.);
#4501=EDGE_CURVE('',#3604,#3606,#1309,.T.);
#4502=EDGE_CURVE('',#3605,#3607,#1310,.T.);
#4503=EDGE_CURVE('',#3607,#3606,#1311,.T.);
#4504=EDGE_CURVE('',#3608,#3606,#35,.T.);
#4505=EDGE_CURVE('',#3609,#3607,#36,.T.);
#4506=EDGE_CURVE('',#3608,#3609,#1312,.T.);
#4507=EDGE_CURVE('',#3610,#3608,#1313,.T.);
#4508=EDGE_CURVE('',#3611,#3609,#1314,.T.);
#4509=EDGE_CURVE('',#3610,#3611,#1315,.T.);
#4510=EDGE_CURVE('',#3610,#3612,#1316,.T.);
#4511=EDGE_CURVE('',#3611,#3613,#1317,.T.);
#4512=EDGE_CURVE('',#3612,#3613,#1318,.T.);
#4513=EDGE_CURVE('',#3586,#3614,#1319,.T.);
#4514=EDGE_CURVE('',#3614,#3615,#1320,.T.);
#4515=EDGE_CURVE('',#3588,#3615,#1321,.T.);
#4516=EDGE_CURVE('',#3585,#3612,#1322,.T.);
#4517=EDGE_CURVE('',#3583,#3613,#1323,.T.);
#4518=EDGE_CURVE('',#3615,#3616,#37,.T.);
#4519=EDGE_CURVE('',#3616,#3582,#1324,.T.);
#4520=EDGE_CURVE('',#3617,#3584,#1325,.T.);
#4521=EDGE_CURVE('',#3614,#3617,#38,.T.);
#4522=EDGE_CURVE('',#3616,#3617,#1326,.T.);
#4523=EDGE_CURVE('',#3581,#3473,#1327,.T.);
#4524=EDGE_CURVE('',#3618,#3470,#1328,.T.);
#4525=EDGE_CURVE('',#3619,#3618,#1329,.T.);
#4526=EDGE_CURVE('',#3471,#3619,#1330,.T.);
#4527=EDGE_CURVE('',#3620,#3618,#1331,.T.);
#4528=EDGE_CURVE('',#3621,#3620,#1332,.T.);
#4529=EDGE_CURVE('',#3621,#3619,#1333,.T.);
#4530=EDGE_CURVE('',#3499,#3620,#1334,.T.);
#4531=EDGE_CURVE('',#3621,#3498,#1335,.T.);
#4532=EDGE_CURVE('',#3439,#3622,#1336,.T.);
#4533=EDGE_CURVE('',#3550,#3622,#1337,.T.);
#4534=EDGE_CURVE('',#3497,#3622,#1338,.T.);
#4535=EDGE_CURVE('',#3623,#3549,#1339,.T.);
#4536=EDGE_CURVE('',#3438,#3572,#1340,.T.);
#4537=EDGE_CURVE('',#3452,#3624,#1341,.T.);
#4538=EDGE_CURVE('',#3624,#3625,#1342,.T.);
#4539=EDGE_CURVE('',#3625,#3626,#1343,.T.);
#4540=EDGE_CURVE('',#3627,#3626,#1344,.T.);
#4541=EDGE_CURVE('',#3627,#3628,#1345,.T.);
#4542=EDGE_CURVE('',#3628,#3629,#1346,.T.);
#4543=EDGE_CURVE('',#3629,#3630,#1347,.T.);
#4544=EDGE_CURVE('',#3631,#3630,#1348,.T.);
#4545=EDGE_CURVE('',#3631,#3632,#1349,.T.);
#4546=EDGE_CURVE('',#3632,#3633,#1350,.T.);
#4547=EDGE_CURVE('',#3633,#3634,#1351,.T.);
#4548=EDGE_CURVE('',#3635,#3634,#1352,.T.);
#4549=EDGE_CURVE('',#3635,#3636,#1353,.T.);
#4550=EDGE_CURVE('',#3636,#3637,#1354,.T.);
#4551=EDGE_CURVE('',#3637,#3638,#1355,.T.);
#4552=EDGE_CURVE('',#3639,#3638,#1356,.T.);
#4553=EDGE_CURVE('',#3639,#3640,#1357,.T.);
#4554=EDGE_CURVE('',#3640,#3641,#1358,.T.);
#4555=EDGE_CURVE('',#3641,#3642,#1359,.T.);
#4556=EDGE_CURVE('',#3643,#3642,#1360,.T.);
#4557=EDGE_CURVE('',#3643,#3644,#1361,.T.);
#4558=EDGE_CURVE('',#3644,#3645,#1362,.T.);
#4559=EDGE_CURVE('',#3645,#3646,#1363,.T.);
#4560=EDGE_CURVE('',#3647,#3646,#1364,.T.);
#4561=EDGE_CURVE('',#3647,#3648,#1365,.T.);
#4562=EDGE_CURVE('',#3648,#3649,#1366,.T.);
#4563=EDGE_CURVE('',#3649,#3650,#1367,.T.);
#4564=EDGE_CURVE('',#3651,#3650,#1368,.T.);
#4565=EDGE_CURVE('',#3651,#3652,#1369,.T.);
#4566=EDGE_CURVE('',#3652,#3653,#1370,.T.);
#4567=EDGE_CURVE('',#3653,#3654,#1371,.T.);
#4568=EDGE_CURVE('',#3655,#3654,#1372,.T.);
#4569=EDGE_CURVE('',#3655,#3656,#1373,.T.);
#4570=EDGE_CURVE('',#3656,#3657,#1374,.T.);
#4571=EDGE_CURVE('',#3657,#3658,#1375,.T.);
#4572=EDGE_CURVE('',#3659,#3658,#1376,.T.);
#4573=EDGE_CURVE('',#3659,#3660,#1377,.T.);
#4574=EDGE_CURVE('',#3660,#3661,#1378,.T.);
#4575=EDGE_CURVE('',#3661,#3662,#1379,.T.);
#4576=EDGE_CURVE('',#3663,#3662,#1380,.T.);
#4577=EDGE_CURVE('',#3663,#3664,#1381,.T.);
#4578=EDGE_CURVE('',#3664,#3665,#1382,.T.);
#4579=EDGE_CURVE('',#3665,#3666,#1383,.T.);
#4580=EDGE_CURVE('',#3667,#3666,#1384,.T.);
#4581=EDGE_CURVE('',#3667,#3668,#1385,.T.);
#4582=EDGE_CURVE('',#3668,#3669,#1386,.T.);
#4583=EDGE_CURVE('',#3669,#3670,#1387,.T.);
#4584=EDGE_CURVE('',#3671,#3670,#1388,.T.);
#4585=EDGE_CURVE('',#3671,#3672,#1389,.T.);
#4586=EDGE_CURVE('',#3672,#3673,#1390,.T.);
#4587=EDGE_CURVE('',#3673,#3674,#1391,.T.);
#4588=EDGE_CURVE('',#3675,#3674,#1392,.T.);
#4589=EDGE_CURVE('',#3675,#3676,#1393,.T.);
#4590=EDGE_CURVE('',#3676,#3677,#1394,.T.);
#4591=EDGE_CURVE('',#3677,#3678,#1395,.T.);
#4592=EDGE_CURVE('',#3679,#3678,#1396,.T.);
#4593=EDGE_CURVE('',#3679,#3680,#1397,.T.);
#4594=EDGE_CURVE('',#3680,#3681,#1398,.T.);
#4595=EDGE_CURVE('',#3681,#3682,#1399,.T.);
#4596=EDGE_CURVE('',#3683,#3682,#1400,.T.);
#4597=EDGE_CURVE('',#3683,#3684,#1401,.T.);
#4598=EDGE_CURVE('',#3684,#3685,#1402,.T.);
#4599=EDGE_CURVE('',#3685,#3686,#1403,.T.);
#4600=EDGE_CURVE('',#3687,#3686,#1404,.T.);
#4601=EDGE_CURVE('',#3687,#3688,#1405,.T.);
#4602=EDGE_CURVE('',#3688,#3689,#1406,.T.);
#4603=EDGE_CURVE('',#3689,#3690,#1407,.T.);
#4604=EDGE_CURVE('',#3691,#3690,#1408,.T.);
#4605=EDGE_CURVE('',#3691,#3692,#1409,.T.);
#4606=EDGE_CURVE('',#3692,#3693,#1410,.T.);
#4607=EDGE_CURVE('',#3693,#3694,#1411,.T.);
#4608=EDGE_CURVE('',#3695,#3694,#1412,.T.);
#4609=EDGE_CURVE('',#3695,#3696,#1413,.T.);
#4610=EDGE_CURVE('',#3696,#3697,#1414,.T.);
#4611=EDGE_CURVE('',#3697,#3698,#1415,.T.);
#4612=EDGE_CURVE('',#3698,#3699,#1416,.T.);
#4613=EDGE_CURVE('',#3700,#3699,#1417,.T.);
#4614=EDGE_CURVE('',#3700,#3701,#1418,.T.);
#4615=EDGE_CURVE('',#3701,#3623,#1419,.T.);
#4616=EDGE_CURVE('',#3702,#3703,#1420,.T.);
#4617=EDGE_CURVE('',#3704,#3703,#39,.T.);
#4618=EDGE_CURVE('',#3705,#3704,#1421,.T.);
#4619=EDGE_CURVE('',#3705,#3702,#40,.T.);
#4620=EDGE_CURVE('',#3706,#3707,#1422,.T.);
#4621=EDGE_CURVE('',#3707,#3708,#41,.T.);
#4622=EDGE_CURVE('',#3709,#3708,#1423,.T.);
#4623=EDGE_CURVE('',#3706,#3709,#42,.T.);
#4624=EDGE_CURVE('',#3710,#3711,#1424,.T.);
#4625=EDGE_CURVE('',#3711,#3543,#1425,.T.);
#4626=EDGE_CURVE('',#3710,#3542,#1426,.T.);
#4627=EDGE_CURVE('',#3553,#3535,#43,.T.);
#4628=EDGE_CURVE('',#3554,#3534,#44,.T.);
#4629=EDGE_CURVE('',#3712,#3713,#1427,.T.);
#4630=EDGE_CURVE('',#3714,#3713,#1428,.T.);
#4631=EDGE_CURVE('',#3714,#3715,#45,.T.);
#4632=EDGE_CURVE('',#3716,#3715,#1429,.T.);
#4633=EDGE_CURVE('',#3717,#3716,#1430,.T.);
#4634=EDGE_CURVE('',#3718,#3717,#1431,.T.);
#4635=EDGE_CURVE('',#3719,#3718,#1432,.T.);
#4636=EDGE_CURVE('',#3720,#3719,#46,.T.);
#4637=EDGE_CURVE('',#3721,#3720,#1433,.T.);
#4638=EDGE_CURVE('',#3721,#3722,#1434,.T.);
#4639=EDGE_CURVE('',#3712,#3722,#1435,.T.);
#4640=EDGE_CURVE('',#3704,#3723,#1436,.T.);
#4641=EDGE_CURVE('',#3723,#3724,#1437,.T.);
#4642=EDGE_CURVE('',#3705,#3724,#1438,.T.);
#4643=EDGE_CURVE('',#3725,#3726,#1439,.T.);
#4644=EDGE_CURVE('',#3725,#3727,#1440,.T.);
#4645=EDGE_CURVE('',#3727,#3728,#1441,.T.);
#4646=EDGE_CURVE('',#3726,#3728,#1442,.T.);
#4647=EDGE_CURVE('',#3570,#3457,#1443,.T.);
#4648=EDGE_CURVE('',#3536,#3569,#1444,.T.);
#4649=EDGE_CURVE('',#3729,#3552,#1445,.T.);
#4650=EDGE_CURVE('',#3729,#3466,#1446,.T.);
#4651=EDGE_CURVE('',#3577,#3730,#1447,.T.);
#4652=EDGE_CURVE('',#3579,#3547,#1448,.T.);
#4653=EDGE_CURVE('',#3623,#3731,#1449,.T.);
#4654=EDGE_CURVE('',#3731,#3732,#1450,.T.);
#4655=EDGE_CURVE('',#3733,#3732,#1451,.T.);
#4656=EDGE_CURVE('',#3730,#3733,#1452,.T.);
#4657=EDGE_CURVE('',#3708,#3734,#1453,.T.);
#4658=EDGE_CURVE('',#3735,#3734,#1454,.T.);
#4659=EDGE_CURVE('',#3709,#3735,#1455,.T.);
#4660=EDGE_CURVE('',#3736,#3737,#1456,.T.);
#4661=EDGE_CURVE('',#3737,#3738,#1457,.T.);
#4662=EDGE_CURVE('',#3739,#3738,#1458,.T.);
#4663=EDGE_CURVE('',#3739,#3736,#1459,.T.);
#4664=EDGE_CURVE('',#3740,#3741,#1460,.T.);
#4665=EDGE_CURVE('',#3741,#3742,#1461,.T.);
#4666=EDGE_CURVE('',#3742,#3743,#1462,.T.);
#4667=EDGE_CURVE('',#3740,#3743,#1463,.T.);
#4668=EDGE_CURVE('',#3744,#3745,#1464,.T.);
#4669=EDGE_CURVE('',#3741,#3745,#47,.T.);
#4670=EDGE_CURVE('',#3740,#3744,#48,.T.);
#4671=EDGE_CURVE('',#3746,#3744,#1465,.T.);
#4672=EDGE_CURVE('',#3746,#3747,#1466,.T.);
#4673=EDGE_CURVE('',#3747,#3745,#1467,.T.);
#4674=EDGE_CURVE('',#3748,#3749,#1468,.T.);
#4675=EDGE_CURVE('',#3749,#3747,#1469,.T.);
#4676=EDGE_CURVE('',#3746,#3748,#1470,.T.);
#4677=EDGE_CURVE('',#3750,#3751,#1471,.T.);
#4678=EDGE_CURVE('',#3751,#3749,#1472,.T.);
#4679=EDGE_CURVE('',#3750,#3748,#1473,.T.);
#4680=EDGE_CURVE('',#3752,#3753,#1474,.T.);
#4681=EDGE_CURVE('',#3753,#3751,#1475,.T.);
#4682=EDGE_CURVE('',#3752,#3750,#1476,.T.);
#4683=EDGE_CURVE('',#3754,#3755,#1477,.T.);
#4684=EDGE_CURVE('',#3755,#3753,#49,.T.);
#4685=EDGE_CURVE('',#3754,#3752,#50,.T.);
#4686=EDGE_CURVE('',#3756,#3757,#1478,.T.);
#4687=EDGE_CURVE('',#3757,#3755,#1479,.T.);
#4688=EDGE_CURVE('',#3754,#3756,#1480,.T.);
#4689=EDGE_CURVE('',#3758,#3759,#1481,.T.);
#4690=EDGE_CURVE('',#3664,#3758,#1482,.T.);
#4691=EDGE_CURVE('',#3663,#3759,#1483,.T.);
#4692=EDGE_CURVE('',#3760,#3761,#1484,.T.);
#4693=EDGE_CURVE('',#3761,#3762,#1485,.T.);
#4694=EDGE_CURVE('',#3762,#3763,#1486,.T.);
#4695=EDGE_CURVE('',#3760,#3763,#1487,.T.);
#4696=EDGE_CURVE('',#3764,#3765,#1488,.T.);
#4697=EDGE_CURVE('',#3761,#3765,#51,.T.);
#4698=EDGE_CURVE('',#3760,#3764,#52,.T.);
#4699=EDGE_CURVE('',#3766,#3764,#1489,.T.);
#4700=EDGE_CURVE('',#3766,#3767,#1490,.T.);
#4701=EDGE_CURVE('',#3767,#3765,#1491,.T.);
#4702=EDGE_CURVE('',#3768,#3769,#1492,.T.);
#4703=EDGE_CURVE('',#3769,#3767,#1493,.T.);
#4704=EDGE_CURVE('',#3766,#3768,#1494,.T.);
#4705=EDGE_CURVE('',#3571,#3456,#1495,.T.);
#4706=EDGE_CURVE('',#3537,#3568,#1496,.T.);
#4707=EDGE_CURVE('',#3770,#3721,#1497,.T.);
#4708=EDGE_CURVE('',#3771,#3720,#1498,.T.);
#4709=EDGE_CURVE('',#3771,#3770,#1499,.T.);
#4710=EDGE_CURVE('',#3772,#3773,#1500,.T.);
#4711=EDGE_CURVE('',#3773,#3774,#1501,.T.);
#4712=EDGE_CURVE('',#3775,#3774,#1502,.T.);
#4713=EDGE_CURVE('',#3775,#3772,#1503,.T.);
#4714=EDGE_CURVE('',#3776,#3777,#1504,.T.);
#4715=EDGE_CURVE('',#3777,#3461,#1505,.T.);
#4716=EDGE_CURVE('',#3460,#3776,#1506,.T.);
#4717=EDGE_CURVE('',#3774,#3778,#53,.T.);
#4718=EDGE_CURVE('',#3779,#3778,#1507,.T.);
#4719=EDGE_CURVE('',#3775,#3779,#54,.T.);
#4720=EDGE_CURVE('',#3780,#3465,#1508,.T.);
#4721=EDGE_CURVE('',#3551,#3780,#1509,.T.);
#4722=EDGE_CURVE('',#3510,#3780,#1510,.T.);
#4723=EDGE_CURVE('',#3781,#3782,#1511,.T.);
#4724=EDGE_CURVE('',#3782,#3783,#1512,.T.);
#4725=EDGE_CURVE('',#3784,#3783,#1513,.T.);
#4726=EDGE_CURVE('',#3784,#3781,#1514,.T.);
#4727=EDGE_CURVE('',#3444,#3785,#1515,.T.);
#4728=EDGE_CURVE('',#3578,#3786,#1516,.T.);
#4729=EDGE_CURVE('',#3733,#3786,#1517,.T.);
#4730=EDGE_CURVE('',#3787,#3732,#1518,.T.);
#4731=EDGE_CURVE('',#3787,#3788,#1519,.T.);
#4732=EDGE_CURVE('',#3789,#3788,#1520,.T.);
#4733=EDGE_CURVE('',#3789,#3790,#1521,.T.);
#4734=EDGE_CURVE('',#3791,#3790,#1522,.T.);
#4735=EDGE_CURVE('',#3792,#3791,#1523,.T.);
#4736=EDGE_CURVE('',#3785,#3792,#1524,.T.);
#4737=EDGE_CURVE('',#3734,#3793,#1525,.T.);
#4738=EDGE_CURVE('',#3794,#3793,#1526,.T.);
#4739=EDGE_CURVE('',#3735,#3794,#1527,.T.);
#4740=EDGE_CURVE('',#3784,#3702,#1528,.T.);
#4741=EDGE_CURVE('',#3783,#3703,#1529,.T.);
#4742=EDGE_CURVE('',#3624,#3467,#1530,.T.);
#4743=EDGE_CURVE('',#3795,#3796,#1531,.T.);
#4744=EDGE_CURVE('',#3796,#3797,#1532,.T.);
#4745=EDGE_CURVE('',#3798,#3797,#1533,.T.);
#4746=EDGE_CURVE('',#3795,#3798,#1534,.T.);
#4747=EDGE_CURVE('',#3799,#3800,#1535,.T.);
#4748=EDGE_CURVE('',#3800,#3801,#55,.T.);
#4749=EDGE_CURVE('',#3802,#3801,#1536,.T.);
#4750=EDGE_CURVE('',#3799,#3802,#56,.T.);
#4751=EDGE_CURVE('',#3803,#3804,#1537,.T.);
#4752=EDGE_CURVE('',#3804,#3805,#1538,.T.);
#4753=EDGE_CURVE('',#3806,#3805,#1539,.T.);
#4754=EDGE_CURVE('',#3806,#3803,#1540,.T.);
#4755=EDGE_CURVE('',#3807,#3808,#1541,.T.);
#4756=EDGE_CURVE('',#3808,#3796,#57,.T.);
#4757=EDGE_CURVE('',#3807,#3795,#58,.T.);
#4758=EDGE_CURVE('',#3809,#3810,#1542,.T.);
#4759=EDGE_CURVE('',#3810,#3808,#1543,.T.);
#4760=EDGE_CURVE('',#3807,#3809,#1544,.T.);
#4761=EDGE_CURVE('',#3811,#3812,#1545,.T.);
#4762=EDGE_CURVE('',#3656,#3811,#1546,.T.);
#4763=EDGE_CURVE('',#3655,#3812,#1547,.T.);
#4764=EDGE_CURVE('',#3738,#3813,#59,.T.);
#4765=EDGE_CURVE('',#3814,#3813,#1548,.T.);
#4766=EDGE_CURVE('',#3739,#3814,#60,.T.);
#4767=EDGE_CURVE('',#3813,#3815,#1549,.T.);
#4768=EDGE_CURVE('',#3816,#3815,#1550,.T.);
#4769=EDGE_CURVE('',#3814,#3816,#1551,.T.);
#4770=EDGE_CURVE('',#3815,#3817,#1552,.T.);
#4771=EDGE_CURVE('',#3818,#3817,#1553,.T.);
#4772=EDGE_CURVE('',#3816,#3818,#1554,.T.);
#4773=EDGE_CURVE('',#3817,#3819,#1555,.T.);
#4774=EDGE_CURVE('',#3820,#3819,#1556,.T.);
#4775=EDGE_CURVE('',#3820,#3818,#1557,.T.);
#4776=EDGE_CURVE('',#3820,#3821,#1558,.T.);
#4777=EDGE_CURVE('',#3819,#3822,#1559,.T.);
#4778=EDGE_CURVE('',#3821,#3822,#1560,.T.);
#4779=EDGE_CURVE('',#3823,#3822,#61,.T.);
#4780=EDGE_CURVE('',#3824,#3823,#1561,.T.);
#4781=EDGE_CURVE('',#3824,#3821,#62,.T.);
#4782=EDGE_CURVE('',#3823,#3825,#1562,.T.);
#4783=EDGE_CURVE('',#3825,#3826,#1563,.T.);
#4784=EDGE_CURVE('',#3824,#3826,#1564,.T.);
#4785=EDGE_CURVE('',#3827,#3828,#1565,.T.);
#4786=EDGE_CURVE('',#3828,#3829,#1566,.T.);
#4787=EDGE_CURVE('',#3830,#3829,#1567,.T.);
#4788=EDGE_CURVE('',#3830,#3827,#1568,.T.);
#4789=EDGE_CURVE('',#3831,#3832,#1569,.T.);
#4790=EDGE_CURVE('',#3832,#3800,#1570,.T.);
#4791=EDGE_CURVE('',#3799,#3831,#1571,.T.);
#4792=EDGE_CURVE('',#3442,#3833,#1572,.T.);
#4793=EDGE_CURVE('',#3833,#3834,#1573,.T.);
#4794=EDGE_CURVE('',#3443,#3834,#1574,.T.);
#4795=EDGE_CURVE('',#3540,#3777,#1575,.T.);
#4796=EDGE_CURVE('',#3541,#3776,#1576,.T.);
#4797=EDGE_CURVE('',#3835,#3836,#1577,.T.);
#4798=EDGE_CURVE('',#3836,#3837,#1578,.T.);
#4799=EDGE_CURVE('',#3837,#3625,#1579,.T.);
#4800=EDGE_CURVE('',#3729,#3835,#1580,.T.);
#4801=EDGE_CURVE('',#3838,#3835,#1581,.T.);
#4802=EDGE_CURVE('',#3839,#3838,#1582,.T.);
#4803=EDGE_CURVE('',#3839,#3538,#63,.T.);
#4804=EDGE_CURVE('',#3836,#3834,#1583,.T.);
#4805=EDGE_CURVE('',#3836,#3840,#1584,.T.);
#4806=EDGE_CURVE('',#3840,#3833,#1585,.T.);
#4807=EDGE_CURVE('',#3841,#3539,#64,.T.);
#4808=EDGE_CURVE('',#3842,#3841,#1586,.T.);
#4809=EDGE_CURVE('',#3843,#3842,#1587,.T.);
#4810=EDGE_CURVE('',#3843,#3840,#1588,.T.);
#4811=EDGE_CURVE('',#3844,#3837,#1589,.T.);
#4812=EDGE_CURVE('',#3844,#3626,#1590,.T.);
#4813=EDGE_CURVE('',#3845,#3844,#1591,.T.);
#4814=EDGE_CURVE('',#3846,#3840,#1592,.T.);
#4815=EDGE_CURVE('',#3846,#3845,#1593,.T.);
#4816=EDGE_CURVE('',#3627,#3845,#1594,.T.);
#4817=EDGE_CURVE('',#3628,#3846,#1595,.T.);
#4818=EDGE_CURVE('',#3847,#3848,#1596,.T.);
#4819=EDGE_CURVE('',#3847,#3630,#1597,.T.);
#4820=EDGE_CURVE('',#3848,#3629,#1598,.T.);
#4821=EDGE_CURVE('',#3849,#3847,#1599,.T.);
#4822=EDGE_CURVE('',#3631,#3849,#1600,.T.);
#4823=EDGE_CURVE('',#3850,#3848,#1601,.T.);
#4824=EDGE_CURVE('',#3850,#3851,#1602,.T.);
#4825=EDGE_CURVE('',#3852,#3851,#1603,.T.);
#4826=EDGE_CURVE('',#3852,#3849,#1604,.T.);
#4827=EDGE_CURVE('',#3853,#3850,#1605,.T.);
#4828=EDGE_CURVE('',#3843,#3853,#1606,.T.);
#4829=EDGE_CURVE('',#3850,#3854,#1607,.T.);
#4830=EDGE_CURVE('',#3855,#3854,#1608,.T.);
#4831=EDGE_CURVE('',#3851,#3855,#1609,.T.);
#4832=EDGE_CURVE('',#3856,#3853,#1610,.T.);
#4833=EDGE_CURVE('',#3857,#3856,#1611,.T.);
#4834=EDGE_CURVE('',#3857,#3858,#65,.T.);
#4835=EDGE_CURVE('',#3858,#3573,#1612,.T.);
#4836=EDGE_CURVE('',#3859,#3576,#1613,.T.);
#4837=EDGE_CURVE('',#3859,#3860,#1614,.T.);
#4838=EDGE_CURVE('',#3861,#3860,#66,.T.);
#4839=EDGE_CURVE('',#3861,#3854,#1615,.T.);
#4840=EDGE_CURVE('',#3862,#3855,#1616,.T.);
#4841=EDGE_CURVE('',#3862,#3863,#67,.T.);
#4842=EDGE_CURVE('',#3864,#3863,#1617,.T.);
#4843=EDGE_CURVE('',#3575,#3864,#1618,.T.);
#4844=EDGE_CURVE('',#3865,#3574,#1619,.T.);
#4845=EDGE_CURVE('',#3866,#3865,#68,.T.);
#4846=EDGE_CURVE('',#3867,#3866,#1620,.T.);
#4847=EDGE_CURVE('',#3868,#3867,#1621,.T.);
#4848=EDGE_CURVE('',#3868,#3851,#1622,.T.);
#4849=EDGE_CURVE('',#3869,#3870,#1623,.T.);
#4850=EDGE_CURVE('',#3870,#3871,#1624,.T.);
#4851=EDGE_CURVE('',#3871,#3633,#1625,.T.);
#4852=EDGE_CURVE('',#3632,#3852,#1626,.T.);
#4853=EDGE_CURVE('',#3868,#3869,#1627,.T.);
#4854=EDGE_CURVE('',#3827,#3869,#1628,.T.);
#4855=EDGE_CURVE('',#3830,#3872,#69,.T.);
#4856=EDGE_CURVE('',#3872,#3873,#1629,.T.);
#4857=EDGE_CURVE('',#3873,#3874,#1630,.T.);
#4858=EDGE_CURVE('',#3875,#3874,#1631,.T.);
#4859=EDGE_CURVE('',#3875,#3876,#1632,.T.);
#4860=EDGE_CURVE('',#3877,#3876,#70,.T.);
#4861=EDGE_CURVE('',#3877,#3878,#1633,.T.);
#4862=EDGE_CURVE('',#3870,#3878,#1634,.T.);
#4863=EDGE_CURVE('',#3870,#3879,#1635,.T.);
#4864=EDGE_CURVE('',#3880,#3878,#1636,.T.);
#4865=EDGE_CURVE('',#3879,#3880,#1637,.T.);
#4866=EDGE_CURVE('',#3881,#3880,#1638,.T.);
#4867=EDGE_CURVE('',#3881,#3882,#71,.T.);
#4868=EDGE_CURVE('',#3883,#3882,#1639,.T.);
#4869=EDGE_CURVE('',#3884,#3883,#1640,.T.);
#4870=EDGE_CURVE('',#3885,#3884,#1641,.T.);
#4871=EDGE_CURVE('',#3886,#3885,#1642,.T.);
#4872=EDGE_CURVE('',#3829,#3886,#72,.T.);
#4873=EDGE_CURVE('',#3887,#3828,#1643,.T.);
#4874=EDGE_CURVE('',#3887,#3879,#1644,.T.);
#4875=EDGE_CURVE('',#3888,#3871,#1645,.T.);
#4876=EDGE_CURVE('',#3888,#3634,#1646,.T.);
#4877=EDGE_CURVE('',#3889,#3888,#1647,.T.);
#4878=EDGE_CURVE('',#3890,#3879,#1648,.T.);
#4879=EDGE_CURVE('',#3890,#3889,#1649,.T.);
#4880=EDGE_CURVE('',#3635,#3889,#1650,.T.);
#4881=EDGE_CURVE('',#3636,#3890,#1651,.T.);
#4882=EDGE_CURVE('',#3891,#3892,#1652,.T.);
#4883=EDGE_CURVE('',#3891,#3638,#1653,.T.);
#4884=EDGE_CURVE('',#3892,#3637,#1654,.T.);
#4885=EDGE_CURVE('',#3893,#3891,#1655,.T.);
#4886=EDGE_CURVE('',#3639,#3893,#1656,.T.);
#4887=EDGE_CURVE('',#3894,#3892,#1657,.T.);
#4888=EDGE_CURVE('',#3894,#3895,#1658,.T.);
#4889=EDGE_CURVE('',#3896,#3895,#1659,.T.);
#4890=EDGE_CURVE('',#3896,#3893,#1660,.T.);
#4891=EDGE_CURVE('',#3897,#3894,#1661,.T.);
#4892=EDGE_CURVE('',#3887,#3897,#1662,.T.);
#4893=EDGE_CURVE('',#3895,#3898,#1663,.T.);
#4894=EDGE_CURVE('',#3899,#3898,#1664,.T.);
#4895=EDGE_CURVE('',#3899,#3900,#73,.T.);
#4896=EDGE_CURVE('',#3901,#3900,#1665,.T.);
#4897=EDGE_CURVE('',#3793,#3901,#1666,.T.);
#4898=EDGE_CURVE('',#3902,#3707,#1667,.T.);
#4899=EDGE_CURVE('',#3903,#3902,#1668,.T.);
#4900=EDGE_CURVE('',#3903,#3895,#1669,.T.);
#4901=EDGE_CURVE('',#3894,#3904,#1670,.T.);
#4902=EDGE_CURVE('',#3898,#3904,#1671,.T.);
#4903=EDGE_CURVE('',#3905,#3897,#1672,.T.);
#4904=EDGE_CURVE('',#3706,#3905,#1673,.T.);
#4905=EDGE_CURVE('',#3906,#3794,#1674,.T.);
#4906=EDGE_CURVE('',#3906,#3907,#1675,.T.);
#4907=EDGE_CURVE('',#3908,#3907,#74,.T.);
#4908=EDGE_CURVE('',#3908,#3904,#1676,.T.);
#4909=EDGE_CURVE('',#3909,#3910,#1677,.T.);
#4910=EDGE_CURVE('',#3910,#3911,#1678,.T.);
#4911=EDGE_CURVE('',#3911,#3641,#1679,.T.);
#4912=EDGE_CURVE('',#3640,#3896,#1680,.T.);
#4913=EDGE_CURVE('',#3903,#3909,#1681,.T.);
#4914=EDGE_CURVE('',#3912,#3909,#1682,.T.);
#4915=EDGE_CURVE('',#3913,#3912,#1683,.T.);
#4916=EDGE_CURVE('',#3913,#3710,#75,.T.);
#4917=EDGE_CURVE('',#3914,#3556,#76,.T.);
#4918=EDGE_CURVE('',#3914,#3915,#1684,.T.);
#4919=EDGE_CURVE('',#3910,#3915,#1685,.T.);
#4920=EDGE_CURVE('',#3910,#3916,#1686,.T.);
#4921=EDGE_CURVE('',#3917,#3915,#1687,.T.);
#4922=EDGE_CURVE('',#3916,#3917,#1688,.T.);
#4923=EDGE_CURVE('',#3918,#3917,#1689,.T.);
#4924=EDGE_CURVE('',#3918,#3558,#77,.T.);
#4925=EDGE_CURVE('',#3919,#3711,#78,.T.);
#4926=EDGE_CURVE('',#3920,#3919,#1690,.T.);
#4927=EDGE_CURVE('',#3921,#3920,#1691,.T.);
#4928=EDGE_CURVE('',#3921,#3916,#1692,.T.);
#4929=EDGE_CURVE('',#3922,#3911,#1693,.T.);
#4930=EDGE_CURVE('',#3922,#3642,#1694,.T.);
#4931=EDGE_CURVE('',#3923,#3922,#1695,.T.);
#4932=EDGE_CURVE('',#3924,#3916,#1696,.T.);
#4933=EDGE_CURVE('',#3924,#3923,#1697,.T.);
#4934=EDGE_CURVE('',#3643,#3923,#1698,.T.);
#4935=EDGE_CURVE('',#3644,#3924,#1699,.T.);
#4936=EDGE_CURVE('',#3925,#3926,#1700,.T.);
#4937=EDGE_CURVE('',#3925,#3646,#1701,.T.);
#4938=EDGE_CURVE('',#3926,#3645,#1702,.T.);
#4939=EDGE_CURVE('',#3927,#3925,#1703,.T.);
#4940=EDGE_CURVE('',#3647,#3927,#1704,.T.);
#4941=EDGE_CURVE('',#3928,#3926,#1705,.T.);
#4942=EDGE_CURVE('',#3928,#3929,#1706,.T.);
#4943=EDGE_CURVE('',#3930,#3929,#1707,.T.);
#4944=EDGE_CURVE('',#3930,#3927,#1708,.T.);
#4945=EDGE_CURVE('',#3931,#3928,#1709,.T.);
#4946=EDGE_CURVE('',#3921,#3931,#1710,.T.);
#4947=EDGE_CURVE('',#3928,#3932,#1711,.T.);
#4948=EDGE_CURVE('',#3933,#3932,#1712,.T.);
#4949=EDGE_CURVE('',#3929,#3933,#1713,.T.);
#4950=EDGE_CURVE('',#3772,#3931,#1714,.T.);
#4951=EDGE_CURVE('',#3779,#3934,#1715,.T.);
#4952=EDGE_CURVE('',#3934,#3935,#1716,.T.);
#4953=EDGE_CURVE('',#3725,#3935,#1717,.T.);
#4954=EDGE_CURVE('',#3936,#3726,#79,.T.);
#4955=EDGE_CURVE('',#3936,#3932,#1718,.T.);
#4956=EDGE_CURVE('',#3937,#3933,#1719,.T.);
#4957=EDGE_CURVE('',#3937,#3728,#80,.T.);
#4958=EDGE_CURVE('',#3938,#3727,#1720,.T.);
#4959=EDGE_CURVE('',#3939,#3938,#1721,.T.);
#4960=EDGE_CURVE('',#3778,#3939,#1722,.T.);
#4961=EDGE_CURVE('',#3940,#3773,#1723,.T.);
#4962=EDGE_CURVE('',#3940,#3929,#1724,.T.);
#4963=EDGE_CURVE('',#3941,#3942,#1725,.T.);
#4964=EDGE_CURVE('',#3942,#3943,#1726,.T.);
#4965=EDGE_CURVE('',#3943,#3649,#1727,.T.);
#4966=EDGE_CURVE('',#3648,#3930,#1728,.T.);
#4967=EDGE_CURVE('',#3940,#3941,#1729,.T.);
#4968=EDGE_CURVE('',#3809,#3941,#1730,.T.);
#4969=EDGE_CURVE('',#3798,#3781,#1731,.T.);
#4970=EDGE_CURVE('',#3942,#3724,#1732,.T.);
#4971=EDGE_CURVE('',#3942,#3944,#1733,.T.);
#4972=EDGE_CURVE('',#3944,#3723,#1734,.T.);
#4973=EDGE_CURVE('',#3797,#3782,#1735,.T.);
#4974=EDGE_CURVE('',#3945,#3810,#1736,.T.);
#4975=EDGE_CURVE('',#3945,#3944,#1737,.T.);
#4976=EDGE_CURVE('',#3946,#3943,#1738,.T.);
#4977=EDGE_CURVE('',#3946,#3650,#1739,.T.);
#4978=EDGE_CURVE('',#3947,#3946,#1740,.T.);
#4979=EDGE_CURVE('',#3948,#3944,#1741,.T.);
#4980=EDGE_CURVE('',#3948,#3947,#1742,.T.);
#4981=EDGE_CURVE('',#3651,#3947,#1743,.T.);
#4982=EDGE_CURVE('',#3652,#3948,#1744,.T.);
#4983=EDGE_CURVE('',#3949,#3950,#1745,.T.);
#4984=EDGE_CURVE('',#3949,#3654,#1746,.T.);
#4985=EDGE_CURVE('',#3950,#3653,#1747,.T.);
#4986=EDGE_CURVE('',#3812,#3949,#1748,.T.);
#4987=EDGE_CURVE('',#3951,#3950,#1749,.T.);
#4988=EDGE_CURVE('',#3951,#3952,#1750,.T.);
#4989=EDGE_CURVE('',#3811,#3952,#1751,.T.);
#4990=EDGE_CURVE('',#3953,#3951,#1752,.T.);
#4991=EDGE_CURVE('',#3945,#3953,#1753,.T.);
#4992=EDGE_CURVE('',#3951,#3826,#1754,.T.);
#4993=EDGE_CURVE('',#3952,#3825,#1755,.T.);
#4994=EDGE_CURVE('',#3736,#3953,#1756,.T.);
#4995=EDGE_CURVE('',#3954,#3737,#1757,.T.);
#4996=EDGE_CURVE('',#3954,#3952,#1758,.T.);
#4997=EDGE_CURVE('',#3955,#3956,#1759,.T.);
#4998=EDGE_CURVE('',#3956,#3957,#1760,.T.);
#4999=EDGE_CURVE('',#3957,#3657,#1761,.T.);
#5000=EDGE_CURVE('',#3954,#3955,#1762,.T.);
#5001=EDGE_CURVE('',#3756,#3955,#1763,.T.);
#5002=EDGE_CURVE('',#3956,#3743,#1764,.T.);
#5003=EDGE_CURVE('',#3956,#3958,#1765,.T.);
#5004=EDGE_CURVE('',#3958,#3742,#1766,.T.);
#5005=EDGE_CURVE('',#3959,#3757,#1767,.T.);
#5006=EDGE_CURVE('',#3959,#3958,#1768,.T.);
#5007=EDGE_CURVE('',#3960,#3957,#1769,.T.);
#5008=EDGE_CURVE('',#3960,#3658,#1770,.T.);
#5009=EDGE_CURVE('',#3961,#3960,#1771,.T.);
#5010=EDGE_CURVE('',#3962,#3958,#1772,.T.);
#5011=EDGE_CURVE('',#3962,#3961,#1773,.T.);
#5012=EDGE_CURVE('',#3659,#3961,#1774,.T.);
#5013=EDGE_CURVE('',#3660,#3962,#1775,.T.);
#5014=EDGE_CURVE('',#3963,#3964,#1776,.T.);
#5015=EDGE_CURVE('',#3963,#3662,#1777,.T.);
#5016=EDGE_CURVE('',#3964,#3661,#1778,.T.);
#5017=EDGE_CURVE('',#3759,#3963,#1779,.T.);
#5018=EDGE_CURVE('',#3965,#3964,#1780,.T.);
#5019=EDGE_CURVE('',#3965,#3966,#1781,.T.);
#5020=EDGE_CURVE('',#3758,#3966,#1782,.T.);
#5021=EDGE_CURVE('',#3967,#3965,#1783,.T.);
#5022=EDGE_CURVE('',#3959,#3967,#1784,.T.);
#5023=EDGE_CURVE('',#3965,#3763,#1785,.T.);
#5024=EDGE_CURVE('',#3966,#3762,#1786,.T.);
#5025=EDGE_CURVE('',#3968,#3967,#1787,.T.);
#5026=EDGE_CURVE('',#3969,#3968,#1788,.T.);
#5027=EDGE_CURVE('',#3969,#3970,#81,.T.);
#5028=EDGE_CURVE('',#3970,#3971,#1789,.T.);
#5029=EDGE_CURVE('',#3971,#3768,#1790,.T.);
#5030=EDGE_CURVE('',#3972,#3769,#1791,.T.);
#5031=EDGE_CURVE('',#3973,#3972,#1792,.T.);
#5032=EDGE_CURVE('',#3974,#3973,#82,.T.);
#5033=EDGE_CURVE('',#3975,#3974,#1793,.T.);
#5034=EDGE_CURVE('',#3976,#3975,#1794,.T.);
#5035=EDGE_CURVE('',#3976,#3966,#1795,.T.);
#5036=EDGE_CURVE('',#3977,#3978,#1796,.T.);
#5037=EDGE_CURVE('',#3978,#3979,#1797,.T.);
#5038=EDGE_CURVE('',#3979,#3665,#1798,.T.);
#5039=EDGE_CURVE('',#3976,#3977,#1799,.T.);
#5040=EDGE_CURVE('',#3980,#3977,#1800,.T.);
#5041=EDGE_CURVE('',#3981,#3980,#1801,.T.);
#5042=EDGE_CURVE('',#3981,#3982,#83,.T.);
#5043=EDGE_CURVE('',#3982,#3983,#1802,.T.);
#5044=EDGE_CURVE('',#3983,#3984,#1803,.T.);
#5045=EDGE_CURVE('',#3985,#3984,#1804,.T.);
#5046=EDGE_CURVE('',#3985,#3986,#1805,.T.);
#5047=EDGE_CURVE('',#3987,#3986,#84,.T.);
#5048=EDGE_CURVE('',#3987,#3988,#1806,.T.);
#5049=EDGE_CURVE('',#3978,#3988,#1807,.T.);
#5050=EDGE_CURVE('',#3978,#3989,#1808,.T.);
#5051=EDGE_CURVE('',#3990,#3988,#1809,.T.);
#5052=EDGE_CURVE('',#3989,#3990,#1810,.T.);
#5053=EDGE_CURVE('',#3991,#3990,#1811,.T.);
#5054=EDGE_CURVE('',#3991,#3992,#85,.T.);
#5055=EDGE_CURVE('',#3993,#3992,#1812,.T.);
#5056=EDGE_CURVE('',#3994,#3993,#1813,.T.);
#5057=EDGE_CURVE('',#3995,#3994,#1814,.T.);
#5058=EDGE_CURVE('',#3996,#3995,#1815,.T.);
#5059=EDGE_CURVE('',#3997,#3996,#86,.T.);
#5060=EDGE_CURVE('',#3998,#3997,#1816,.T.);
#5061=EDGE_CURVE('',#3999,#3998,#1817,.T.);
#5062=EDGE_CURVE('',#3999,#3989,#1818,.T.);
#5063=EDGE_CURVE('',#4000,#3979,#1819,.T.);
#5064=EDGE_CURVE('',#4000,#3666,#1820,.T.);
#5065=EDGE_CURVE('',#4001,#4000,#1821,.T.);
#5066=EDGE_CURVE('',#4002,#3989,#1822,.T.);
#5067=EDGE_CURVE('',#4002,#4001,#1823,.T.);
#5068=EDGE_CURVE('',#3667,#4001,#1824,.T.);
#5069=EDGE_CURVE('',#3668,#4002,#1825,.T.);
#5070=EDGE_CURVE('',#4003,#4004,#1826,.T.);
#5071=EDGE_CURVE('',#4003,#3670,#1827,.T.);
#5072=EDGE_CURVE('',#4004,#3669,#1828,.T.);
#5073=EDGE_CURVE('',#4005,#4003,#1829,.T.);
#5074=EDGE_CURVE('',#3671,#4005,#1830,.T.);
#5075=EDGE_CURVE('',#4006,#4004,#1831,.T.);
#5076=EDGE_CURVE('',#4006,#4007,#1832,.T.);
#5077=EDGE_CURVE('',#4008,#4007,#1833,.T.);
#5078=EDGE_CURVE('',#4008,#4005,#1834,.T.);
#5079=EDGE_CURVE('',#4009,#4006,#1835,.T.);
#5080=EDGE_CURVE('',#3999,#4009,#1836,.T.);
#5081=EDGE_CURVE('',#4006,#4010,#1837,.T.);
#5082=EDGE_CURVE('',#4011,#4010,#1838,.T.);
#5083=EDGE_CURVE('',#4007,#4011,#1839,.T.);
#5084=EDGE_CURVE('',#3831,#4009,#1840,.T.);
#5085=EDGE_CURVE('',#3802,#4012,#1841,.T.);
#5086=EDGE_CURVE('',#4012,#4013,#1842,.T.);
#5087=EDGE_CURVE('',#4014,#4013,#1843,.T.);
#5088=EDGE_CURVE('',#4014,#4015,#1844,.T.);
#5089=EDGE_CURVE('',#4016,#4015,#87,.T.);
#5090=EDGE_CURVE('',#4016,#4010,#1845,.T.);
#5091=EDGE_CURVE('',#4017,#4011,#1846,.T.);
#5092=EDGE_CURVE('',#4017,#4018,#88,.T.);
#5093=EDGE_CURVE('',#4019,#4018,#1847,.T.);
#5094=EDGE_CURVE('',#4020,#4019,#1848,.T.);
#5095=EDGE_CURVE('',#4021,#4020,#1849,.T.);
#5096=EDGE_CURVE('',#3801,#4021,#1850,.T.);
#5097=EDGE_CURVE('',#3832,#4022,#1851,.T.);
#5098=EDGE_CURVE('',#4007,#4022,#1852,.T.);
#5099=EDGE_CURVE('',#3905,#3902,#1853,.T.);
#5100=EDGE_CURVE('',#3912,#3920,#1854,.T.);
#5101=EDGE_CURVE('',#3913,#3919,#1855,.T.);
#5102=EDGE_CURVE('',#4023,#4024,#1856,.T.);
#5103=EDGE_CURVE('',#4024,#4025,#1857,.T.);
#5104=EDGE_CURVE('',#4026,#4025,#1858,.T.);
#5105=EDGE_CURVE('',#4026,#4023,#1859,.T.);
#5106=EDGE_CURVE('',#4027,#3712,#1860,.T.);
#5107=EDGE_CURVE('',#4027,#4028,#1861,.T.);
#5108=EDGE_CURVE('',#3713,#4028,#1862,.T.);
#5109=EDGE_CURVE('',#4029,#4030,#1863,.T.);
#5110=EDGE_CURVE('',#4029,#4031,#1864,.T.);
#5111=EDGE_CURVE('',#4031,#4032,#1865,.T.);
#5112=EDGE_CURVE('',#4030,#4032,#1866,.T.);
#5113=EDGE_CURVE('',#3431,#4033,#1867,.T.);
#5114=EDGE_CURVE('',#4034,#3445,#1868,.T.);
#5115=EDGE_CURVE('',#4035,#4034,#1869,.T.);
#5116=EDGE_CURVE('',#4036,#4035,#1870,.T.);
#5117=EDGE_CURVE('',#4033,#4036,#1871,.T.);
#5118=EDGE_CURVE('',#4037,#4038,#1872,.T.);
#5119=EDGE_CURVE('',#4038,#4039,#1873,.T.);
#5120=EDGE_CURVE('',#4040,#4039,#1874,.T.);
#5121=EDGE_CURVE('',#4040,#4037,#1875,.T.);
#5122=EDGE_CURVE('',#3935,#3938,#1876,.T.);
#5123=EDGE_CURVE('',#3906,#3901,#1877,.T.);
#5124=EDGE_CURVE('',#3907,#3900,#1878,.T.);
#5125=EDGE_CURVE('',#3838,#3842,#1879,.T.);
#5126=EDGE_CURVE('',#3839,#3841,#1880,.T.);
#5127=EDGE_CURVE('',#3872,#3886,#1881,.T.);
#5128=EDGE_CURVE('',#4041,#3717,#1882,.T.);
#5129=EDGE_CURVE('',#4042,#3716,#1883,.T.);
#5130=EDGE_CURVE('',#4042,#4041,#1884,.T.);
#5131=EDGE_CURVE('',#3528,#4043,#1885,.T.);
#5132=EDGE_CURVE('',#4044,#3527,#1886,.T.);
#5133=EDGE_CURVE('',#4043,#4044,#1887,.T.);
#5134=EDGE_CURVE('',#4045,#4046,#1888,.T.);
#5135=EDGE_CURVE('',#4046,#4047,#1889,.T.);
#5136=EDGE_CURVE('',#4047,#4048,#1890,.T.);
#5137=EDGE_CURVE('',#4045,#4048,#1891,.T.);
#5138=EDGE_CURVE('',#3969,#3974,#1892,.T.);
#5139=EDGE_CURVE('',#3970,#3973,#1893,.T.);
#5140=EDGE_CURVE('',#3877,#3881,#1894,.T.);
#5141=EDGE_CURVE('',#3861,#3862,#1895,.T.);
#5142=EDGE_CURVE('',#3873,#3885,#1896,.T.);
#5143=EDGE_CURVE('',#3971,#3972,#1897,.T.);
#5144=EDGE_CURVE('',#3934,#3939,#1898,.T.);
#5145=EDGE_CURVE('',#3856,#3867,#1899,.T.);
#5146=EDGE_CURVE('',#3857,#3866,#1900,.T.);
#5147=EDGE_CURVE('',#3874,#3884,#1901,.T.);
#5148=EDGE_CURVE('',#3875,#3883,#1902,.T.);
#5149=EDGE_CURVE('',#3908,#3899,#1903,.T.);
#5150=EDGE_CURVE('',#4049,#4027,#1904,.T.);
#5151=EDGE_CURVE('',#3770,#4049,#1905,.T.);
#5152=EDGE_CURVE('',#3771,#4050,#89,.T.);
#5153=EDGE_CURVE('',#4050,#4051,#1906,.T.);
#5154=EDGE_CURVE('',#4051,#4041,#1907,.T.);
#5155=EDGE_CURVE('',#4042,#4052,#1908,.T.);
#5156=EDGE_CURVE('',#4053,#4052,#90,.T.);
#5157=EDGE_CURVE('',#4053,#4028,#1909,.T.);
#5158=EDGE_CURVE('',#4053,#3714,#1910,.T.);
#5159=EDGE_CURVE('',#3860,#3863,#1911,.T.);
#5160=EDGE_CURVE('',#3876,#3882,#1912,.T.);
#5161=EDGE_CURVE('',#3859,#3864,#1913,.T.);
#5162=EDGE_CURVE('',#3858,#3865,#1914,.T.);
#5163=EDGE_CURVE('',#3914,#3918,#1915,.T.);
#5164=EDGE_CURVE('',#4012,#4021,#1916,.T.);
#5165=EDGE_CURVE('',#3985,#3993,#1917,.T.);
#5166=EDGE_CURVE('',#3986,#3992,#1918,.T.);
#5167=EDGE_CURVE('',#3983,#3995,#1919,.T.);
#5168=EDGE_CURVE('',#3984,#3994,#1920,.T.);
#5169=EDGE_CURVE('',#3968,#3975,#1921,.T.);
#5170=EDGE_CURVE('',#3987,#3991,#1922,.T.);
#5171=EDGE_CURVE('',#3981,#3997,#1923,.T.);
#5172=EDGE_CURVE('',#3982,#3996,#1924,.T.);
#5173=EDGE_CURVE('',#3980,#3998,#1925,.T.);
#5174=EDGE_CURVE('',#4054,#4055,#1926,.T.);
#5175=EDGE_CURVE('',#3676,#4054,#1927,.T.);
#5176=EDGE_CURVE('',#3675,#4055,#1928,.T.);
#5177=EDGE_CURVE('',#4016,#4017,#1929,.T.);
#5178=EDGE_CURVE('',#4015,#4018,#1930,.T.);
#5179=EDGE_CURVE('',#4014,#4019,#1931,.T.);
#5180=EDGE_CURVE('',#4013,#4020,#1932,.T.);
#5181=EDGE_CURVE('',#3936,#3937,#1933,.T.);
#5182=EDGE_CURVE('',#4056,#4057,#1934,.T.);
#5183=EDGE_CURVE('',#3680,#4056,#1935,.T.);
#5184=EDGE_CURVE('',#3679,#4057,#1936,.T.);
#5185=EDGE_CURVE('',#4027,#4058,#1937,.T.);
#5186=EDGE_CURVE('',#4058,#3673,#1938,.T.);
#5187=EDGE_CURVE('',#3672,#4008,#1939,.T.);
#5188=EDGE_CURVE('',#4022,#4049,#1940,.T.);
#5189=EDGE_CURVE('',#4059,#4058,#1941,.T.);
#5190=EDGE_CURVE('',#4059,#3674,#1942,.T.);
#5191=EDGE_CURVE('',#4055,#4059,#1943,.T.);
#5192=EDGE_CURVE('',#4054,#3712,#1944,.T.);
#5193=EDGE_CURVE('',#4052,#3715,#1945,.T.);
#5194=EDGE_CURVE('',#4060,#4061,#1946,.T.);
#5195=EDGE_CURVE('',#4062,#4060,#1947,.T.);
#5196=EDGE_CURVE('',#4063,#4062,#1948,.T.);
#5197=EDGE_CURVE('',#4063,#4064,#91,.T.);
#5198=EDGE_CURVE('',#4064,#4065,#1949,.T.);
#5199=EDGE_CURVE('',#4065,#4023,#1950,.T.);
#5200=EDGE_CURVE('',#4026,#4066,#1951,.T.);
#5201=EDGE_CURVE('',#4067,#4066,#92,.T.);
#5202=EDGE_CURVE('',#4067,#4068,#1952,.T.);
#5203=EDGE_CURVE('',#4061,#4068,#1953,.T.);
#5204=EDGE_CURVE('',#4050,#3719,#1954,.T.);
#5205=EDGE_CURVE('',#4051,#3718,#1955,.T.);
#5206=EDGE_CURVE('',#4069,#4070,#1956,.T.);
#5207=EDGE_CURVE('',#4071,#4070,#1957,.T.);
#5208=EDGE_CURVE('',#4071,#4072,#1958,.T.);
#5209=EDGE_CURVE('',#4072,#4069,#1959,.T.);
#5210=EDGE_CURVE('',#4073,#4074,#1960,.T.);
#5211=EDGE_CURVE('',#4074,#4075,#1961,.T.);
#5212=EDGE_CURVE('',#4076,#4075,#1962,.T.);
#5213=EDGE_CURVE('',#4073,#4076,#1963,.T.);
#5214=EDGE_CURVE('',#4077,#4078,#1964,.T.);
#5215=EDGE_CURVE('',#4037,#4077,#1965,.T.);
#5216=EDGE_CURVE('',#4040,#4079,#93,.T.);
#5217=EDGE_CURVE('',#4079,#4073,#1966,.T.);
#5218=EDGE_CURVE('',#4029,#4076,#1967,.T.);
#5219=EDGE_CURVE('',#4045,#4030,#94,.T.);
#5220=EDGE_CURVE('',#4078,#4048,#1968,.T.);
#5221=EDGE_CURVE('',#4066,#4080,#1969,.T.);
#5222=EDGE_CURVE('',#4081,#4080,#95,.T.);
#5223=EDGE_CURVE('',#4067,#4081,#1970,.T.);
#5224=EDGE_CURVE('',#4039,#4082,#96,.T.);
#5225=EDGE_CURVE('',#4079,#4082,#1971,.T.);
#5226=EDGE_CURVE('',#4025,#4080,#1972,.T.);
#5227=EDGE_CURVE('',#4078,#4083,#1973,.T.);
#5228=EDGE_CURVE('',#4083,#3677,#1974,.T.);
#5229=EDGE_CURVE('',#3722,#4077,#1975,.T.);
#5230=EDGE_CURVE('',#4084,#4047,#1976,.T.);
#5231=EDGE_CURVE('',#4046,#4032,#97,.T.);
#5232=EDGE_CURVE('',#4075,#4031,#1977,.T.);
#5233=EDGE_CURVE('',#4082,#4074,#1978,.T.);
#5234=EDGE_CURVE('',#4038,#4085,#1979,.T.);
#5235=EDGE_CURVE('',#4084,#4085,#1980,.T.);
#5236=EDGE_CURVE('',#4057,#4086,#1981,.T.);
#5237=EDGE_CURVE('',#4086,#4083,#1982,.T.);
#5238=EDGE_CURVE('',#4078,#4084,#1983,.T.);
#5239=EDGE_CURVE('',#4056,#4084,#1984,.T.);
#5240=EDGE_CURVE('',#4086,#3678,#1985,.T.);
#5241=EDGE_CURVE('',#4061,#4087,#1986,.T.);
#5242=EDGE_CURVE('',#4088,#4068,#1987,.T.);
#5243=EDGE_CURVE('',#4087,#4088,#1988,.T.);
#5244=EDGE_CURVE('',#4089,#4090,#1989,.T.);
#5245=EDGE_CURVE('',#4091,#4090,#1990,.T.);
#5246=EDGE_CURVE('',#4091,#4092,#98,.T.);
#5247=EDGE_CURVE('',#4093,#4092,#1991,.T.);
#5248=EDGE_CURVE('',#4094,#4093,#1992,.T.);
#5249=EDGE_CURVE('',#4095,#4094,#1993,.T.);
#5250=EDGE_CURVE('',#4096,#4095,#1994,.T.);
#5251=EDGE_CURVE('',#4097,#4096,#99,.T.);
#5252=EDGE_CURVE('',#4098,#4097,#1995,.T.);
#5253=EDGE_CURVE('',#4098,#4099,#1996,.T.);
#5254=EDGE_CURVE('',#4089,#4099,#1997,.T.);
#5255=EDGE_CURVE('',#4100,#4095,#1998,.T.);
#5256=EDGE_CURVE('',#4101,#4094,#1999,.T.);
#5257=EDGE_CURVE('',#4100,#4101,#2000,.T.);
#5258=EDGE_CURVE('',#4065,#4102,#2001,.T.);
#5259=EDGE_CURVE('',#4102,#4024,#2002,.T.);
#5260=EDGE_CURVE('',#4103,#3451,#2003,.T.);
#5261=EDGE_CURVE('',#4104,#4103,#2004,.T.);
#5262=EDGE_CURVE('',#3450,#4104,#2005,.T.);
#5263=EDGE_CURVE('',#4064,#4105,#2006,.T.);
#5264=EDGE_CURVE('',#4105,#4102,#2007,.T.);
#5265=EDGE_CURVE('',#4106,#4107,#2008,.T.);
#5266=EDGE_CURVE('',#3803,#4106,#2009,.T.);
#5267=EDGE_CURVE('',#3806,#4108,#100,.T.);
#5268=EDGE_CURVE('',#4108,#4109,#2010,.T.);
#5269=EDGE_CURVE('',#4109,#4110,#2011,.T.);
#5270=EDGE_CURVE('',#4111,#4110,#2012,.T.);
#5271=EDGE_CURVE('',#4111,#4112,#2013,.T.);
#5272=EDGE_CURVE('',#4113,#4112,#101,.T.);
#5273=EDGE_CURVE('',#4113,#4114,#2014,.T.);
#5274=EDGE_CURVE('',#4107,#4114,#2015,.T.);
#5275=EDGE_CURVE('',#4061,#4115,#2016,.T.);
#5276=EDGE_CURVE('',#4115,#3681,#2017,.T.);
#5277=EDGE_CURVE('',#4085,#4060,#2018,.T.);
#5278=EDGE_CURVE('',#4081,#4088,#2019,.T.);
#5279=EDGE_CURVE('',#4116,#4105,#102,.T.);
#5280=EDGE_CURVE('',#4117,#4116,#2020,.T.);
#5281=EDGE_CURVE('',#4117,#4118,#2021,.T.);
#5282=EDGE_CURVE('',#4087,#4118,#2022,.T.);
#5283=EDGE_CURVE('',#4119,#4120,#2023,.T.);
#5284=EDGE_CURVE('',#4120,#4115,#2024,.T.);
#5285=EDGE_CURVE('',#4121,#4087,#2025,.T.);
#5286=EDGE_CURVE('',#4121,#4119,#2026,.T.);
#5287=EDGE_CURVE('',#4120,#3682,#2027,.T.);
#5288=EDGE_CURVE('',#4063,#4116,#2028,.T.);
#5289=EDGE_CURVE('',#4122,#4123,#2029,.T.);
#5290=EDGE_CURVE('',#4123,#4124,#2030,.T.);
#5291=EDGE_CURVE('',#4125,#4124,#2031,.T.);
#5292=EDGE_CURVE('',#4122,#4125,#2032,.T.);
#5293=EDGE_CURVE('',#4113,#4126,#2033,.T.);
#5294=EDGE_CURVE('',#4126,#4127,#2034,.T.);
#5295=EDGE_CURVE('',#4127,#4114,#2035,.T.);
#5296=EDGE_CURVE('',#3683,#4119,#2036,.T.);
#5297=EDGE_CURVE('',#4062,#4117,#2037,.T.);
#5298=EDGE_CURVE('',#3805,#4128,#103,.T.);
#5299=EDGE_CURVE('',#4108,#4128,#2038,.T.);
#5300=EDGE_CURVE('',#4111,#4129,#2039,.T.);
#5301=EDGE_CURVE('',#4129,#4130,#2040,.T.);
#5302=EDGE_CURVE('',#4112,#4130,#2041,.T.);
#5303=EDGE_CURVE('',#4131,#4132,#2042,.T.);
#5304=EDGE_CURVE('',#4131,#4133,#2043,.T.);
#5305=EDGE_CURVE('',#4134,#4133,#2044,.T.);
#5306=EDGE_CURVE('',#4132,#4134,#2045,.T.);
#5307=EDGE_CURVE('',#4128,#4135,#2046,.T.);
#5308=EDGE_CURVE('',#4109,#4135,#2047,.T.);
#5309=EDGE_CURVE('',#4126,#4130,#104,.T.);
#5310=EDGE_CURVE('',#4136,#4137,#2048,.T.);
#5311=EDGE_CURVE('',#4137,#4134,#2049,.T.);
#5312=EDGE_CURVE('',#4136,#4133,#2050,.T.);
#5313=EDGE_CURVE('',#4107,#4138,#2051,.T.);
#5314=EDGE_CURVE('',#4138,#3685,#2052,.T.);
#5315=EDGE_CURVE('',#3684,#4121,#2053,.T.);
#5316=EDGE_CURVE('',#4118,#4106,#2054,.T.);
#5317=EDGE_CURVE('',#4139,#4127,#2055,.T.);
#5318=EDGE_CURVE('',#4140,#4129,#2056,.T.);
#5319=EDGE_CURVE('',#4135,#4140,#2057,.T.);
#5320=EDGE_CURVE('',#3804,#4141,#2058,.T.);
#5321=EDGE_CURVE('',#4139,#4141,#2059,.T.);
#5322=EDGE_CURVE('',#4142,#4143,#2060,.T.);
#5323=EDGE_CURVE('',#4143,#4138,#2061,.T.);
#5324=EDGE_CURVE('',#4107,#4139,#2062,.T.);
#5325=EDGE_CURVE('',#4144,#4139,#2063,.T.);
#5326=EDGE_CURVE('',#4144,#4142,#2064,.T.);
#5327=EDGE_CURVE('',#4143,#3686,#2065,.T.);
#5328=EDGE_CURVE('',#4145,#4146,#2066,.T.);
#5329=EDGE_CURVE('',#4146,#4147,#2067,.T.);
#5330=EDGE_CURVE('',#4148,#4147,#2068,.T.);
#5331=EDGE_CURVE('',#4145,#4148,#2069,.T.);
#5332=EDGE_CURVE('',#4149,#4150,#2070,.T.);
#5333=EDGE_CURVE('',#4137,#4150,#105,.T.);
#5334=EDGE_CURVE('',#4136,#4149,#106,.T.);
#5335=EDGE_CURVE('',#3687,#4142,#2071,.T.);
#5336=EDGE_CURVE('',#3451,#4033,#2072,.T.);
#5337=EDGE_CURVE('',#4151,#4131,#2073,.T.);
#5338=EDGE_CURVE('',#4152,#4151,#2074,.T.);
#5339=EDGE_CURVE('',#4153,#4152,#2075,.T.);
#5340=EDGE_CURVE('',#4153,#4122,#107,.T.);
#5341=EDGE_CURVE('',#4125,#4154,#2076,.T.);
#5342=EDGE_CURVE('',#4155,#4154,#2077,.T.);
#5343=EDGE_CURVE('',#4155,#4149,#2078,.T.);
#5344=EDGE_CURVE('',#4152,#4156,#2079,.T.);
#5345=EDGE_CURVE('',#4156,#4157,#2080,.T.);
#5346=EDGE_CURVE('',#4153,#4157,#2081,.T.);
#5347=EDGE_CURVE('',#4071,#4158,#108,.T.);
#5348=EDGE_CURVE('',#4158,#4159,#2082,.T.);
#5349=EDGE_CURVE('',#4072,#4159,#109,.T.);
#5350=EDGE_CURVE('',#4110,#4140,#2083,.T.);
#5351=EDGE_CURVE('',#4160,#4161,#2084,.T.);
#5352=EDGE_CURVE('',#4161,#4162,#2085,.T.);
#5353=EDGE_CURVE('',#4163,#4162,#2086,.T.);
#5354=EDGE_CURVE('',#4160,#4163,#2087,.T.);
#5355=EDGE_CURVE('',#4131,#4164,#2088,.T.);
#5356=EDGE_CURVE('',#4164,#3689,#2089,.T.);
#5357=EDGE_CURVE('',#3688,#4144,#2090,.T.);
#5358=EDGE_CURVE('',#4141,#4151,#2091,.T.);
#5359=EDGE_CURVE('',#4165,#4150,#2092,.T.);
#5360=EDGE_CURVE('',#4166,#4165,#2093,.T.);
#5361=EDGE_CURVE('',#4124,#4166,#2094,.T.);
#5362=EDGE_CURVE('',#4157,#4123,#110,.T.);
#5363=EDGE_CURVE('',#4156,#4167,#2095,.T.);
#5364=EDGE_CURVE('',#4132,#4167,#2096,.T.);
#5365=EDGE_CURVE('',#4168,#4169,#2097,.T.);
#5366=EDGE_CURVE('',#4169,#4164,#2098,.T.);
#5367=EDGE_CURVE('',#4170,#4132,#2099,.T.);
#5368=EDGE_CURVE('',#4170,#4168,#2100,.T.);
#5369=EDGE_CURVE('',#4169,#3690,#2101,.T.);
#5370=EDGE_CURVE('',#4155,#4165,#2102,.T.);
#5371=EDGE_CURVE('',#4154,#4166,#2103,.T.);
#5372=EDGE_CURVE('',#3691,#4168,#2104,.T.);
#5373=EDGE_CURVE('',#4104,#3428,#2105,.T.);
#5374=EDGE_CURVE('',#4171,#4103,#2106,.T.);
#5375=EDGE_CURVE('',#4171,#3432,#2107,.T.);
#5376=EDGE_CURVE('',#4172,#4173,#2108,.T.);
#5377=EDGE_CURVE('',#4174,#4172,#2109,.T.);
#5378=EDGE_CURVE('',#4175,#4174,#2110,.T.);
#5379=EDGE_CURVE('',#4175,#4176,#111,.T.);
#5380=EDGE_CURVE('',#4176,#4100,#2111,.T.);
#5381=EDGE_CURVE('',#4177,#4101,#2112,.T.);
#5382=EDGE_CURVE('',#4177,#4178,#2113,.T.);
#5383=EDGE_CURVE('',#4179,#4178,#112,.T.);
#5384=EDGE_CURVE('',#4179,#4180,#2114,.T.);
#5385=EDGE_CURVE('',#4173,#4180,#2115,.T.);
#5386=EDGE_CURVE('',#4181,#4160,#113,.T.);
#5387=EDGE_CURVE('',#4181,#4182,#2116,.T.);
#5388=EDGE_CURVE('',#4182,#4161,#114,.T.);
#5389=EDGE_CURVE('',#4174,#4098,#2117,.T.);
#5390=EDGE_CURVE('',#4175,#4097,#2118,.T.);
#5391=EDGE_CURVE('',#4176,#4096,#2119,.T.);
#5392=EDGE_CURVE('',#4173,#4183,#2120,.T.);
#5393=EDGE_CURVE('',#4183,#3693,#2121,.T.);
#5394=EDGE_CURVE('',#3692,#4170,#2122,.T.);
#5395=EDGE_CURVE('',#4167,#4172,#2123,.T.);
#5396=EDGE_CURVE('',#4184,#4183,#2124,.T.);
#5397=EDGE_CURVE('',#4184,#3694,#2125,.T.);
#5398=EDGE_CURVE('',#4185,#4184,#2126,.T.);
#5399=EDGE_CURVE('',#4173,#4089,#2127,.T.);
#5400=EDGE_CURVE('',#4186,#4089,#2128,.T.);
#5401=EDGE_CURVE('',#4186,#4185,#2129,.T.);
#5402=EDGE_CURVE('',#3695,#4185,#2130,.T.);
#5403=EDGE_CURVE('',#3696,#4186,#2131,.T.);
#5404=EDGE_CURVE('',#4179,#4091,#2132,.T.);
#5405=EDGE_CURVE('',#4090,#4180,#2133,.T.);
#5406=EDGE_CURVE('',#4145,#4158,#2134,.T.);
#5407=EDGE_CURVE('',#4148,#4159,#2135,.T.);
#5408=EDGE_CURVE('',#4177,#4093,#2136,.T.);
#5409=EDGE_CURVE('',#4187,#4188,#2137,.T.);
#5410=EDGE_CURVE('',#4188,#4189,#2138,.T.);
#5411=EDGE_CURVE('',#4189,#4190,#2139,.T.);
#5412=EDGE_CURVE('',#4190,#4191,#2140,.T.);
#5413=EDGE_CURVE('',#4191,#4192,#2141,.T.);
#5414=EDGE_CURVE('',#4187,#4192,#2142,.T.);
#5415=EDGE_CURVE('',#4193,#4190,#2143,.T.);
#5416=EDGE_CURVE('',#4194,#4193,#2144,.T.);
#5417=EDGE_CURVE('',#4181,#4194,#2145,.T.);
#5418=EDGE_CURVE('',#4163,#4146,#2146,.T.);
#5419=EDGE_CURVE('',#4190,#4070,#2147,.T.);
#5420=EDGE_CURVE('',#4191,#4069,#2148,.T.);
#5421=EDGE_CURVE('',#4162,#4147,#2149,.T.);
#5422=EDGE_CURVE('',#4182,#4195,#2150,.T.);
#5423=EDGE_CURVE('',#4195,#4196,#2151,.T.);
#5424=EDGE_CURVE('',#4196,#4191,#2152,.T.);
#5425=EDGE_CURVE('',#4197,#4196,#2153,.T.);
#5426=EDGE_CURVE('',#4198,#4197,#2154,.T.);
#5427=EDGE_CURVE('',#3791,#4198,#2155,.T.);
#5428=EDGE_CURVE('',#3790,#4199,#2156,.T.);
#5429=EDGE_CURVE('',#4200,#4199,#2157,.T.);
#5430=EDGE_CURVE('',#4200,#3701,#2158,.T.);
#5431=EDGE_CURVE('',#4192,#3700,#2159,.T.);
#5432=EDGE_CURVE('',#3731,#4201,#2160,.T.);
#5433=EDGE_CURVE('',#4201,#4202,#2161,.T.);
#5434=EDGE_CURVE('',#4202,#3787,#2162,.T.);
#5435=EDGE_CURVE('',#3731,#4203,#2163,.T.);
#5436=EDGE_CURVE('',#4204,#4203,#2164,.T.);
#5437=EDGE_CURVE('',#4204,#4201,#2165,.T.);
#5438=EDGE_CURVE('',#4205,#4200,#2166,.T.);
#5439=EDGE_CURVE('',#4205,#4203,#2167,.T.);
#5440=EDGE_CURVE('',#4205,#4206,#2168,.T.);
#5441=EDGE_CURVE('',#4206,#4199,#2169,.T.);
#5442=EDGE_CURVE('',#4206,#4207,#2170,.T.);
#5443=EDGE_CURVE('',#4207,#4208,#2171,.T.);
#5444=EDGE_CURVE('',#4204,#4208,#2172,.T.);
#5445=EDGE_CURVE('',#4207,#4209,#2173,.T.);
#5446=EDGE_CURVE('',#4209,#4210,#2174,.T.);
#5447=EDGE_CURVE('',#4208,#4210,#2175,.T.);
#5448=EDGE_CURVE('',#4202,#4208,#2176,.T.);
#5449=EDGE_CURVE('',#3788,#4210,#2177,.T.);
#5450=EDGE_CURVE('',#3789,#4209,#2178,.T.);
#5451=EDGE_CURVE('',#4211,#4212,#2179,.T.);
#5452=EDGE_CURVE('',#4211,#4213,#2180,.T.);
#5453=EDGE_CURVE('',#4214,#4213,#2181,.T.);
#5454=EDGE_CURVE('',#4212,#4214,#2182,.T.);
#5455=EDGE_CURVE('',#4215,#4216,#2183,.T.);
#5456=EDGE_CURVE('',#4217,#4216,#115,.T.);
#5457=EDGE_CURVE('',#4218,#4217,#2184,.T.);
#5458=EDGE_CURVE('',#4218,#4215,#116,.T.);
#5459=EDGE_CURVE('',#4219,#4220,#2185,.T.);
#5460=EDGE_CURVE('',#4220,#4216,#2186,.T.);
#5461=EDGE_CURVE('',#4219,#4215,#2187,.T.);
#5462=EDGE_CURVE('',#4221,#4222,#2188,.T.);
#5463=EDGE_CURVE('',#4222,#4220,#2189,.T.);
#5464=EDGE_CURVE('',#4221,#4219,#2190,.T.);
#5465=EDGE_CURVE('',#4223,#4224,#2191,.T.);
#5466=EDGE_CURVE('',#4222,#4224,#2192,.T.);
#5467=EDGE_CURVE('',#4221,#4223,#2193,.T.);
#5468=EDGE_CURVE('',#4225,#4226,#2194,.T.);
#5469=EDGE_CURVE('',#4226,#4224,#117,.T.);
#5470=EDGE_CURVE('',#4225,#4223,#118,.T.);
#5471=EDGE_CURVE('',#4227,#4228,#2195,.T.);
#5472=EDGE_CURVE('',#4226,#4228,#2196,.T.);
#5473=EDGE_CURVE('',#4225,#4227,#2197,.T.);
#5474=EDGE_CURVE('',#4229,#4230,#2198,.T.);
#5475=EDGE_CURVE('',#4230,#4228,#2199,.T.);
#5476=EDGE_CURVE('',#4229,#4227,#2200,.T.);
#5477=EDGE_CURVE('',#4231,#4232,#2201,.T.);
#5478=EDGE_CURVE('',#4232,#4230,#2202,.T.);
#5479=EDGE_CURVE('',#4231,#4229,#2203,.T.);
#5480=EDGE_CURVE('',#4233,#4234,#2204,.T.);
#5481=EDGE_CURVE('',#4234,#4232,#119,.T.);
#5482=EDGE_CURVE('',#4233,#4231,#120,.T.);
#5483=EDGE_CURVE('',#4235,#4236,#2205,.T.);
#5484=EDGE_CURVE('',#4234,#4236,#2206,.T.);
#5485=EDGE_CURVE('',#4233,#4235,#2207,.T.);
#5486=EDGE_CURVE('',#4237,#4238,#2208,.T.);
#5487=EDGE_CURVE('',#4238,#4236,#121,.T.);
#5488=EDGE_CURVE('',#4237,#4235,#122,.T.);
#5489=EDGE_CURVE('',#4239,#4240,#2209,.T.);
#5490=EDGE_CURVE('',#4240,#4238,#2210,.T.);
#5491=EDGE_CURVE('',#4239,#4237,#2211,.T.);
#5492=EDGE_CURVE('',#4241,#4242,#2212,.T.);
#5493=EDGE_CURVE('',#4240,#4242,#2213,.T.);
#5494=EDGE_CURVE('',#4239,#4241,#2214,.T.);
#5495=EDGE_CURVE('',#4243,#4217,#2215,.T.);
#5496=EDGE_CURVE('',#4244,#4243,#2216,.T.);
#5497=EDGE_CURVE('',#4244,#4218,#2217,.T.);
#5498=EDGE_CURVE('',#4241,#4211,#2218,.T.);
#5499=EDGE_CURVE('',#4242,#4212,#2219,.T.);
#5500=EDGE_CURVE('',#4244,#4245,#123,.T.);
#5501=EDGE_CURVE('',#4213,#4245,#2220,.T.);
#5502=EDGE_CURVE('',#4214,#4246,#2221,.T.);
#5503=EDGE_CURVE('',#4243,#4246,#124,.T.);
#5504=EDGE_CURVE('',#4245,#4246,#2222,.T.);
#5505=EDGE_CURVE('',#4247,#4248,#2223,.T.);
#5506=EDGE_CURVE('',#4249,#4247,#2224,.T.);
#5507=EDGE_CURVE('',#4043,#4249,#2225,.T.);
#5508=EDGE_CURVE('',#3563,#4044,#2226,.T.);
#5509=EDGE_CURVE('',#3561,#4250,#2227,.T.);
#5510=EDGE_CURVE('',#4250,#4251,#2228,.T.);
#5511=EDGE_CURVE('',#4248,#4251,#2229,.T.);
#5512=EDGE_CURVE('',#4247,#3730,#2230,.T.);
#5513=EDGE_CURVE('',#4249,#3786,#2231,.T.);
#5514=EDGE_CURVE('',#4248,#3521,#2232,.T.);
#5515=EDGE_CURVE('',#4251,#3522,#2233,.T.);
#5516=EDGE_CURVE('',#4250,#3523,#2234,.T.);
#5517=EDGE_CURVE('',#4178,#4092,#2235,.T.);
#5518=EDGE_CURVE('',#4194,#4195,#2236,.T.);
#5519=EDGE_CURVE('',#4249,#3529,#2237,.T.);
#5520=EDGE_CURVE('',#4252,#4198,#2238,.T.);
#5521=EDGE_CURVE('',#4035,#4252,#2239,.T.);
#5522=EDGE_CURVE('',#3792,#4035,#2240,.T.);
#5523=EDGE_CURVE('',#4034,#3785,#2241,.T.);
#5524=EDGE_CURVE('',#4253,#4252,#2242,.T.);
#5525=EDGE_CURVE('',#4036,#4253,#2243,.T.);
#5526=EDGE_CURVE('',#4197,#4253,#2244,.T.);
#5527=EDGE_CURVE('',#3463,#4197,#2245,.T.);
#5528=EDGE_CURVE('',#3462,#4171,#2246,.T.);
#5529=EDGE_CURVE('',#4189,#3697,#2247,.T.);
#5530=EDGE_CURVE('',#4099,#4193,#2248,.T.);
#5531=EDGE_CURVE('',#3699,#4187,#2249,.T.);
#5532=EDGE_CURVE('',#4188,#3698,#2250,.T.);
#5533=ORIENTED_EDGE('',*,*,#4254,.F.);
#5534=ORIENTED_EDGE('',*,*,#4255,.T.);
#5535=ORIENTED_EDGE('',*,*,#4256,.T.);
#5536=ORIENTED_EDGE('',*,*,#4257,.T.);
#5537=ORIENTED_EDGE('',*,*,#4258,.F.);
#5538=ORIENTED_EDGE('',*,*,#4259,.T.);
#5539=ORIENTED_EDGE('',*,*,#4260,.T.);
#5540=ORIENTED_EDGE('',*,*,#4256,.F.);
#5541=ORIENTED_EDGE('',*,*,#4261,.F.);
#5542=ORIENTED_EDGE('',*,*,#4262,.T.);
#5543=ORIENTED_EDGE('',*,*,#4263,.T.);
#5544=ORIENTED_EDGE('',*,*,#4264,.T.);
#5545=ORIENTED_EDGE('',*,*,#4265,.T.);
#5546=ORIENTED_EDGE('',*,*,#4266,.F.);
#5547=ORIENTED_EDGE('',*,*,#4264,.F.);
#5548=ORIENTED_EDGE('',*,*,#4267,.F.);
#5549=ORIENTED_EDGE('',*,*,#4268,.F.);
#5550=ORIENTED_EDGE('',*,*,#4269,.F.);
#5551=ORIENTED_EDGE('',*,*,#4270,.T.);
#5552=ORIENTED_EDGE('',*,*,#4271,.T.);
#5553=ORIENTED_EDGE('',*,*,#4259,.F.);
#5554=ORIENTED_EDGE('',*,*,#4272,.F.);
#5555=ORIENTED_EDGE('',*,*,#4273,.F.);
#5556=ORIENTED_EDGE('',*,*,#4274,.F.);
#5557=ORIENTED_EDGE('',*,*,#4275,.F.);
#5558=ORIENTED_EDGE('',*,*,#4276,.T.);
#5559=ORIENTED_EDGE('',*,*,#4277,.T.);
#5560=ORIENTED_EDGE('',*,*,#4278,.F.);
#5561=ORIENTED_EDGE('',*,*,#4279,.F.);
#5562=ORIENTED_EDGE('',*,*,#4280,.T.);
#5563=ORIENTED_EDGE('',*,*,#4255,.F.);
#5564=ORIENTED_EDGE('',*,*,#4281,.F.);
#5565=ORIENTED_EDGE('',*,*,#4282,.F.);
#5566=ORIENTED_EDGE('',*,*,#4283,.F.);
#5567=ORIENTED_EDGE('',*,*,#4284,.T.);
#5568=ORIENTED_EDGE('',*,*,#4285,.F.);
#5569=ORIENTED_EDGE('',*,*,#4286,.F.);
#5570=ORIENTED_EDGE('',*,*,#4287,.T.);
#5571=ORIENTED_EDGE('',*,*,#4288,.T.);
#5572=ORIENTED_EDGE('',*,*,#4265,.F.);
#5573=ORIENTED_EDGE('',*,*,#4289,.F.);
#5574=ORIENTED_EDGE('',*,*,#4290,.T.);
#5575=ORIENTED_EDGE('',*,*,#4291,.T.);
#5576=ORIENTED_EDGE('',*,*,#4292,.F.);
#5577=ORIENTED_EDGE('',*,*,#4293,.F.);
#5578=ORIENTED_EDGE('',*,*,#4294,.F.);
#5579=ORIENTED_EDGE('',*,*,#4295,.T.);
#5580=ORIENTED_EDGE('',*,*,#4296,.F.);
#5581=ORIENTED_EDGE('',*,*,#4297,.F.);
#5582=ORIENTED_EDGE('',*,*,#4298,.T.);
#5583=ORIENTED_EDGE('',*,*,#4299,.F.);
#5584=ORIENTED_EDGE('',*,*,#4300,.T.);
#5585=ORIENTED_EDGE('',*,*,#4301,.T.);
#5586=ORIENTED_EDGE('',*,*,#4277,.F.);
#5587=ORIENTED_EDGE('',*,*,#4302,.F.);
#5588=ORIENTED_EDGE('',*,*,#4303,.F.);
#5589=ORIENTED_EDGE('',*,*,#4304,.T.);
#5590=ORIENTED_EDGE('',*,*,#4269,.T.);
#5591=ORIENTED_EDGE('',*,*,#4293,.T.);
#5592=ORIENTED_EDGE('',*,*,#4305,.T.);
#5593=ORIENTED_EDGE('',*,*,#4306,.F.);
#5594=ORIENTED_EDGE('',*,*,#4307,.T.);
#5595=ORIENTED_EDGE('',*,*,#4308,.F.);
#5596=ORIENTED_EDGE('',*,*,#4309,.T.);
#5597=ORIENTED_EDGE('',*,*,#4310,.T.);
#5598=ORIENTED_EDGE('',*,*,#4311,.T.);
#5599=ORIENTED_EDGE('',*,*,#4312,.T.);
#5600=ORIENTED_EDGE('',*,*,#4313,.T.);
#5601=ORIENTED_EDGE('',*,*,#4314,.F.);
#5602=ORIENTED_EDGE('',*,*,#4285,.T.);
#5603=ORIENTED_EDGE('',*,*,#4315,.F.);
#5604=ORIENTED_EDGE('',*,*,#4316,.F.);
#5605=ORIENTED_EDGE('',*,*,#4258,.T.);
#5606=ORIENTED_EDGE('',*,*,#4317,.T.);
#5607=ORIENTED_EDGE('',*,*,#4318,.T.);
#5608=ORIENTED_EDGE('',*,*,#4319,.T.);
#5609=ORIENTED_EDGE('',*,*,#4320,.F.);
#5610=ORIENTED_EDGE('',*,*,#4321,.T.);
#5611=ORIENTED_EDGE('',*,*,#4322,.F.);
#5612=ORIENTED_EDGE('',*,*,#4323,.T.);
#5613=ORIENTED_EDGE('',*,*,#4324,.F.);
#5614=ORIENTED_EDGE('',*,*,#4325,.F.);
#5615=ORIENTED_EDGE('',*,*,#4326,.F.);
#5616=ORIENTED_EDGE('',*,*,#4327,.T.);
#5617=ORIENTED_EDGE('',*,*,#4328,.T.);
#5618=ORIENTED_EDGE('',*,*,#4329,.T.);
#5619=ORIENTED_EDGE('',*,*,#4330,.T.);
#5620=ORIENTED_EDGE('',*,*,#4331,.T.);
#5621=ORIENTED_EDGE('',*,*,#4332,.F.);
#5622=ORIENTED_EDGE('',*,*,#4319,.F.);
#5623=ORIENTED_EDGE('',*,*,#4333,.F.);
#5624=ORIENTED_EDGE('',*,*,#4334,.T.);
#5625=ORIENTED_EDGE('',*,*,#4335,.T.);
#5626=ORIENTED_EDGE('',*,*,#4336,.T.);
#5627=ORIENTED_EDGE('',*,*,#4337,.F.);
#5628=ORIENTED_EDGE('',*,*,#4338,.T.);
#5629=ORIENTED_EDGE('',*,*,#4339,.F.);
#5630=ORIENTED_EDGE('',*,*,#4340,.T.);
#5631=ORIENTED_EDGE('',*,*,#4331,.F.);
#5632=ORIENTED_EDGE('',*,*,#4310,.F.);
#5633=ORIENTED_EDGE('',*,*,#4341,.F.);
#5634=ORIENTED_EDGE('',*,*,#4342,.T.);
#5635=ORIENTED_EDGE('',*,*,#4343,.T.);
#5636=ORIENTED_EDGE('',*,*,#4344,.T.);
#5637=ORIENTED_EDGE('',*,*,#4345,.F.);
#5638=ORIENTED_EDGE('',*,*,#4346,.T.);
#5639=ORIENTED_EDGE('',*,*,#4347,.T.);
#5640=ORIENTED_EDGE('',*,*,#4329,.F.);
#5641=ORIENTED_EDGE('',*,*,#4348,.T.);
#5642=ORIENTED_EDGE('',*,*,#4349,.T.);
#5643=ORIENTED_EDGE('',*,*,#4350,.F.);
#5644=ORIENTED_EDGE('',*,*,#4351,.T.);
#5645=ORIENTED_EDGE('',*,*,#4352,.F.);
#5646=ORIENTED_EDGE('',*,*,#4353,.F.);
#5647=ORIENTED_EDGE('',*,*,#4354,.F.);
#5648=ORIENTED_EDGE('',*,*,#4355,.F.);
#5649=ORIENTED_EDGE('',*,*,#4356,.F.);
#5650=ORIENTED_EDGE('',*,*,#4357,.F.);
#5651=ORIENTED_EDGE('',*,*,#4358,.T.);
#5652=ORIENTED_EDGE('',*,*,#4359,.F.);
#5653=ORIENTED_EDGE('',*,*,#4360,.T.);
#5654=ORIENTED_EDGE('',*,*,#4357,.T.);
#5655=ORIENTED_EDGE('',*,*,#4361,.F.);
#5656=ORIENTED_EDGE('',*,*,#4362,.T.);
#5657=ORIENTED_EDGE('',*,*,#4363,.F.);
#5658=ORIENTED_EDGE('',*,*,#4364,.T.);
#5659=ORIENTED_EDGE('',*,*,#4365,.F.);
#5660=ORIENTED_EDGE('',*,*,#4349,.F.);
#5661=ORIENTED_EDGE('',*,*,#4342,.F.);
#5662=ORIENTED_EDGE('',*,*,#4366,.F.);
#5663=ORIENTED_EDGE('',*,*,#4362,.F.);
#5664=ORIENTED_EDGE('',*,*,#4367,.T.);
#5665=ORIENTED_EDGE('',*,*,#4368,.T.);
#5666=ORIENTED_EDGE('',*,*,#4369,.T.);
#5667=ORIENTED_EDGE('',*,*,#4370,.F.);
#5668=ORIENTED_EDGE('',*,*,#4371,.T.);
#5669=ORIENTED_EDGE('',*,*,#4372,.F.);
#5670=ORIENTED_EDGE('',*,*,#4373,.T.);
#5671=ORIENTED_EDGE('',*,*,#4364,.F.);
#5672=ORIENTED_EDGE('',*,*,#4365,.T.);
#5673=ORIENTED_EDGE('',*,*,#4373,.F.);
#5674=ORIENTED_EDGE('',*,*,#4374,.T.);
#5675=ORIENTED_EDGE('',*,*,#4350,.T.);
#5676=ORIENTED_EDGE('',*,*,#4375,.T.);
#5677=ORIENTED_EDGE('',*,*,#4351,.F.);
#5678=ORIENTED_EDGE('',*,*,#4374,.F.);
#5679=ORIENTED_EDGE('',*,*,#4372,.T.);
#5680=ORIENTED_EDGE('',*,*,#4371,.F.);
#5681=ORIENTED_EDGE('',*,*,#4376,.T.);
#5682=ORIENTED_EDGE('',*,*,#4352,.T.);
#5683=ORIENTED_EDGE('',*,*,#4375,.F.);
#5684=ORIENTED_EDGE('',*,*,#4370,.T.);
#5685=ORIENTED_EDGE('',*,*,#4377,.T.);
#5686=ORIENTED_EDGE('',*,*,#4353,.T.);
#5687=ORIENTED_EDGE('',*,*,#4376,.F.);
#5688=ORIENTED_EDGE('',*,*,#4378,.T.);
#5689=ORIENTED_EDGE('',*,*,#4354,.T.);
#5690=ORIENTED_EDGE('',*,*,#4377,.F.);
#5691=ORIENTED_EDGE('',*,*,#4369,.F.);
#5692=ORIENTED_EDGE('',*,*,#4379,.T.);
#5693=ORIENTED_EDGE('',*,*,#4355,.T.);
#5694=ORIENTED_EDGE('',*,*,#4378,.F.);
#5695=ORIENTED_EDGE('',*,*,#4368,.F.);
#5696=ORIENTED_EDGE('',*,*,#4367,.F.);
#5697=ORIENTED_EDGE('',*,*,#4361,.T.);
#5698=ORIENTED_EDGE('',*,*,#4356,.T.);
#5699=ORIENTED_EDGE('',*,*,#4379,.F.);
#5700=ORIENTED_EDGE('',*,*,#4380,.T.);
#5701=ORIENTED_EDGE('',*,*,#4381,.T.);
#5702=ORIENTED_EDGE('',*,*,#4382,.F.);
#5703=ORIENTED_EDGE('',*,*,#4383,.F.);
#5704=ORIENTED_EDGE('',*,*,#4384,.F.);
#5705=ORIENTED_EDGE('',*,*,#4385,.F.);
#5706=ORIENTED_EDGE('',*,*,#4386,.T.);
#5707=ORIENTED_EDGE('',*,*,#4387,.T.);
#5708=ORIENTED_EDGE('',*,*,#4388,.T.);
#5709=ORIENTED_EDGE('',*,*,#4389,.F.);
#5710=ORIENTED_EDGE('',*,*,#4390,.F.);
#5711=ORIENTED_EDGE('',*,*,#4391,.T.);
#5712=ORIENTED_EDGE('',*,*,#4392,.F.);
#5713=ORIENTED_EDGE('',*,*,#4393,.T.);
#5714=ORIENTED_EDGE('',*,*,#4394,.T.);
#5715=ORIENTED_EDGE('',*,*,#4395,.T.);
#5716=ORIENTED_EDGE('',*,*,#4396,.F.);
#5717=ORIENTED_EDGE('',*,*,#4397,.F.);
#5718=ORIENTED_EDGE('',*,*,#4398,.T.);
#5719=ORIENTED_EDGE('',*,*,#4399,.T.);
#5720=ORIENTED_EDGE('',*,*,#4400,.F.);
#5721=ORIENTED_EDGE('',*,*,#4401,.F.);
#5722=ORIENTED_EDGE('',*,*,#4402,.T.);
#5723=ORIENTED_EDGE('',*,*,#4403,.T.);
#5724=ORIENTED_EDGE('',*,*,#4404,.F.);
#5725=ORIENTED_EDGE('',*,*,#4405,.F.);
#5726=ORIENTED_EDGE('',*,*,#4406,.F.);
#5727=ORIENTED_EDGE('',*,*,#4407,.F.);
#5728=ORIENTED_EDGE('',*,*,#4408,.F.);
#5729=ORIENTED_EDGE('',*,*,#4393,.F.);
#5730=ORIENTED_EDGE('',*,*,#4409,.T.);
#5731=ORIENTED_EDGE('',*,*,#4392,.T.);
#5732=ORIENTED_EDGE('',*,*,#4410,.F.);
#5733=ORIENTED_EDGE('',*,*,#4286,.T.);
#5734=ORIENTED_EDGE('',*,*,#4314,.T.);
#5735=ORIENTED_EDGE('',*,*,#4411,.T.);
#5736=ORIENTED_EDGE('',*,*,#4412,.T.);
#5737=ORIENTED_EDGE('',*,*,#4413,.T.);
#5738=ORIENTED_EDGE('',*,*,#4414,.T.);
#5739=ORIENTED_EDGE('',*,*,#4343,.F.);
#5740=ORIENTED_EDGE('',*,*,#4363,.T.);
#5741=ORIENTED_EDGE('',*,*,#4415,.F.);
#5742=ORIENTED_EDGE('',*,*,#4273,.T.);
#5743=ORIENTED_EDGE('',*,*,#4416,.T.);
#5744=ORIENTED_EDGE('',*,*,#4417,.T.);
#5745=ORIENTED_EDGE('',*,*,#4418,.F.);
#5746=ORIENTED_EDGE('',*,*,#4419,.T.);
#5747=ORIENTED_EDGE('',*,*,#4420,.F.);
#5748=ORIENTED_EDGE('',*,*,#4421,.T.);
#5749=ORIENTED_EDGE('',*,*,#4422,.T.);
#5750=ORIENTED_EDGE('',*,*,#4423,.F.);
#5751=ORIENTED_EDGE('',*,*,#4307,.F.);
#5752=ORIENTED_EDGE('',*,*,#4424,.T.);
#5753=ORIENTED_EDGE('',*,*,#4425,.F.);
#5754=ORIENTED_EDGE('',*,*,#4426,.F.);
#5755=ORIENTED_EDGE('',*,*,#4427,.F.);
#5756=ORIENTED_EDGE('',*,*,#4428,.F.);
#5757=ORIENTED_EDGE('',*,*,#4429,.T.);
#5758=ORIENTED_EDGE('',*,*,#4384,.T.);
#5759=ORIENTED_EDGE('',*,*,#4430,.T.);
#5760=ORIENTED_EDGE('',*,*,#4385,.T.);
#5761=ORIENTED_EDGE('',*,*,#4429,.F.);
#5762=ORIENTED_EDGE('',*,*,#4431,.F.);
#5763=ORIENTED_EDGE('',*,*,#4432,.T.);
#5764=ORIENTED_EDGE('',*,*,#4433,.T.);
#5765=ORIENTED_EDGE('',*,*,#4434,.F.);
#5766=ORIENTED_EDGE('',*,*,#4435,.F.);
#5767=ORIENTED_EDGE('',*,*,#4404,.T.);
#5768=ORIENTED_EDGE('',*,*,#4436,.T.);
#5769=ORIENTED_EDGE('',*,*,#4421,.F.);
#5770=ORIENTED_EDGE('',*,*,#4437,.T.);
#5771=ORIENTED_EDGE('',*,*,#4438,.T.);
#5772=ORIENTED_EDGE('',*,*,#4432,.F.);
#5773=ORIENTED_EDGE('',*,*,#4439,.F.);
#5774=ORIENTED_EDGE('',*,*,#4287,.F.);
#5775=ORIENTED_EDGE('',*,*,#4410,.T.);
#5776=ORIENTED_EDGE('',*,*,#4391,.F.);
#5777=ORIENTED_EDGE('',*,*,#4440,.T.);
#5778=ORIENTED_EDGE('',*,*,#4441,.T.);
#5779=ORIENTED_EDGE('',*,*,#4442,.F.);
#5780=ORIENTED_EDGE('',*,*,#4443,.T.);
#5781=ORIENTED_EDGE('',*,*,#4438,.F.);
#5782=ORIENTED_EDGE('',*,*,#4390,.T.);
#5783=ORIENTED_EDGE('',*,*,#4408,.T.);
#5784=ORIENTED_EDGE('',*,*,#4444,.T.);
#5785=ORIENTED_EDGE('',*,*,#4445,.F.);
#5786=ORIENTED_EDGE('',*,*,#4327,.F.);
#5787=ORIENTED_EDGE('',*,*,#4446,.F.);
#5788=ORIENTED_EDGE('',*,*,#4333,.T.);
#5789=ORIENTED_EDGE('',*,*,#4271,.F.);
#5790=ORIENTED_EDGE('',*,*,#4317,.F.);
#5791=ORIENTED_EDGE('',*,*,#4257,.F.);
#5792=ORIENTED_EDGE('',*,*,#4260,.F.);
#5793=ORIENTED_EDGE('',*,*,#4447,.F.);
#5794=ORIENTED_EDGE('',*,*,#4320,.T.);
#5795=ORIENTED_EDGE('',*,*,#4332,.T.);
#5796=ORIENTED_EDGE('',*,*,#4340,.F.);
#5797=ORIENTED_EDGE('',*,*,#4447,.T.);
#5798=ORIENTED_EDGE('',*,*,#4339,.T.);
#5799=ORIENTED_EDGE('',*,*,#4448,.F.);
#5800=ORIENTED_EDGE('',*,*,#4321,.F.);
#5801=ORIENTED_EDGE('',*,*,#4448,.T.);
#5802=ORIENTED_EDGE('',*,*,#4338,.F.);
#5803=ORIENTED_EDGE('',*,*,#4449,.T.);
#5804=ORIENTED_EDGE('',*,*,#4322,.T.);
#5805=ORIENTED_EDGE('',*,*,#4450,.F.);
#5806=ORIENTED_EDGE('',*,*,#4323,.F.);
#5807=ORIENTED_EDGE('',*,*,#4449,.F.);
#5808=ORIENTED_EDGE('',*,*,#4337,.T.);
#5809=ORIENTED_EDGE('',*,*,#4450,.T.);
#5810=ORIENTED_EDGE('',*,*,#4336,.F.);
#5811=ORIENTED_EDGE('',*,*,#4451,.F.);
#5812=ORIENTED_EDGE('',*,*,#4324,.T.);
#5813=ORIENTED_EDGE('',*,*,#4451,.T.);
#5814=ORIENTED_EDGE('',*,*,#4335,.F.);
#5815=ORIENTED_EDGE('',*,*,#4452,.F.);
#5816=ORIENTED_EDGE('',*,*,#4325,.T.);
#5817=ORIENTED_EDGE('',*,*,#4452,.T.);
#5818=ORIENTED_EDGE('',*,*,#4334,.F.);
#5819=ORIENTED_EDGE('',*,*,#4446,.T.);
#5820=ORIENTED_EDGE('',*,*,#4326,.T.);
#5821=ORIENTED_EDGE('',*,*,#4305,.F.);
#5822=ORIENTED_EDGE('',*,*,#4292,.T.);
#5823=ORIENTED_EDGE('',*,*,#4453,.F.);
#5824=ORIENTED_EDGE('',*,*,#4454,.F.);
#5825=ORIENTED_EDGE('',*,*,#4455,.T.);
#5826=ORIENTED_EDGE('',*,*,#4456,.T.);
#5827=ORIENTED_EDGE('',*,*,#4457,.F.);
#5828=ORIENTED_EDGE('',*,*,#4458,.F.);
#5829=ORIENTED_EDGE('',*,*,#4459,.T.);
#5830=ORIENTED_EDGE('',*,*,#4389,.T.);
#5831=ORIENTED_EDGE('',*,*,#4460,.T.);
#5832=ORIENTED_EDGE('',*,*,#4461,.F.);
#5833=ORIENTED_EDGE('',*,*,#4462,.F.);
#5834=ORIENTED_EDGE('',*,*,#4297,.T.);
#5835=ORIENTED_EDGE('',*,*,#4463,.T.);
#5836=ORIENTED_EDGE('',*,*,#4425,.T.);
#5837=ORIENTED_EDGE('',*,*,#4464,.F.);
#5838=ORIENTED_EDGE('',*,*,#4433,.F.);
#5839=ORIENTED_EDGE('',*,*,#4444,.F.);
#5840=ORIENTED_EDGE('',*,*,#4407,.T.);
#5841=ORIENTED_EDGE('',*,*,#4465,.T.);
#5842=ORIENTED_EDGE('',*,*,#4466,.T.);
#5843=ORIENTED_EDGE('',*,*,#4467,.F.);
#5844=ORIENTED_EDGE('',*,*,#4468,.T.);
#5845=ORIENTED_EDGE('',*,*,#4434,.T.);
#5846=ORIENTED_EDGE('',*,*,#4466,.F.);
#5847=ORIENTED_EDGE('',*,*,#4469,.F.);
#5848=ORIENTED_EDGE('',*,*,#4470,.F.);
#5849=ORIENTED_EDGE('',*,*,#4471,.T.);
#5850=ORIENTED_EDGE('',*,*,#4472,.F.);
#5851=ORIENTED_EDGE('',*,*,#4473,.F.);
#5852=ORIENTED_EDGE('',*,*,#4474,.F.);
#5853=ORIENTED_EDGE('',*,*,#4475,.T.);
#5854=ORIENTED_EDGE('',*,*,#4476,.F.);
#5855=ORIENTED_EDGE('',*,*,#4477,.T.);
#5856=ORIENTED_EDGE('',*,*,#4476,.T.);
#5857=ORIENTED_EDGE('',*,*,#4478,.F.);
#5858=ORIENTED_EDGE('',*,*,#4479,.F.);
#5859=ORIENTED_EDGE('',*,*,#4480,.T.);
#5860=ORIENTED_EDGE('',*,*,#4479,.T.);
#5861=ORIENTED_EDGE('',*,*,#4481,.F.);
#5862=ORIENTED_EDGE('',*,*,#4482,.F.);
#5863=ORIENTED_EDGE('',*,*,#4483,.F.);
#5864=ORIENTED_EDGE('',*,*,#4482,.T.);
#5865=ORIENTED_EDGE('',*,*,#4484,.T.);
#5866=ORIENTED_EDGE('',*,*,#4485,.T.);
#5867=ORIENTED_EDGE('',*,*,#4486,.T.);
#5868=ORIENTED_EDGE('',*,*,#4485,.F.);
#5869=ORIENTED_EDGE('',*,*,#4487,.F.);
#5870=ORIENTED_EDGE('',*,*,#4488,.F.);
#5871=ORIENTED_EDGE('',*,*,#4489,.F.);
#5872=ORIENTED_EDGE('',*,*,#4488,.T.);
#5873=ORIENTED_EDGE('',*,*,#4490,.T.);
#5874=ORIENTED_EDGE('',*,*,#4491,.F.);
#5875=ORIENTED_EDGE('',*,*,#4492,.T.);
#5876=ORIENTED_EDGE('',*,*,#4491,.T.);
#5877=ORIENTED_EDGE('',*,*,#4493,.F.);
#5878=ORIENTED_EDGE('',*,*,#4494,.F.);
#5879=ORIENTED_EDGE('',*,*,#4495,.T.);
#5880=ORIENTED_EDGE('',*,*,#4494,.T.);
#5881=ORIENTED_EDGE('',*,*,#4496,.F.);
#5882=ORIENTED_EDGE('',*,*,#4497,.F.);
#5883=ORIENTED_EDGE('',*,*,#4498,.T.);
#5884=ORIENTED_EDGE('',*,*,#4497,.T.);
#5885=ORIENTED_EDGE('',*,*,#4499,.F.);
#5886=ORIENTED_EDGE('',*,*,#4500,.T.);
#5887=ORIENTED_EDGE('',*,*,#4501,.F.);
#5888=ORIENTED_EDGE('',*,*,#4500,.F.);
#5889=ORIENTED_EDGE('',*,*,#4502,.T.);
#5890=ORIENTED_EDGE('',*,*,#4503,.T.);
#5891=ORIENTED_EDGE('',*,*,#4504,.T.);
#5892=ORIENTED_EDGE('',*,*,#4503,.F.);
#5893=ORIENTED_EDGE('',*,*,#4505,.F.);
#5894=ORIENTED_EDGE('',*,*,#4506,.F.);
#5895=ORIENTED_EDGE('',*,*,#4507,.T.);
#5896=ORIENTED_EDGE('',*,*,#4506,.T.);
#5897=ORIENTED_EDGE('',*,*,#4508,.F.);
#5898=ORIENTED_EDGE('',*,*,#4509,.F.);
#5899=ORIENTED_EDGE('',*,*,#4510,.F.);
#5900=ORIENTED_EDGE('',*,*,#4509,.T.);
#5901=ORIENTED_EDGE('',*,*,#4511,.T.);
#5902=ORIENTED_EDGE('',*,*,#4512,.F.);
#5903=ORIENTED_EDGE('',*,*,#4513,.T.);
#5904=ORIENTED_EDGE('',*,*,#4514,.T.);
#5905=ORIENTED_EDGE('',*,*,#4515,.F.);
#5906=ORIENTED_EDGE('',*,*,#4474,.T.);
#5907=ORIENTED_EDGE('',*,*,#4516,.T.);
#5908=ORIENTED_EDGE('',*,*,#4512,.T.);
#5909=ORIENTED_EDGE('',*,*,#4517,.F.);
#5910=ORIENTED_EDGE('',*,*,#4472,.T.);
#5911=ORIENTED_EDGE('',*,*,#4511,.F.);
#5912=ORIENTED_EDGE('',*,*,#4508,.T.);
#5913=ORIENTED_EDGE('',*,*,#4505,.T.);
#5914=ORIENTED_EDGE('',*,*,#4502,.F.);
#5915=ORIENTED_EDGE('',*,*,#4499,.T.);
#5916=ORIENTED_EDGE('',*,*,#4496,.T.);
#5917=ORIENTED_EDGE('',*,*,#4493,.T.);
#5918=ORIENTED_EDGE('',*,*,#4490,.F.);
#5919=ORIENTED_EDGE('',*,*,#4487,.T.);
#5920=ORIENTED_EDGE('',*,*,#4484,.F.);
#5921=ORIENTED_EDGE('',*,*,#4481,.T.);
#5922=ORIENTED_EDGE('',*,*,#4478,.T.);
#5923=ORIENTED_EDGE('',*,*,#4475,.F.);
#5924=ORIENTED_EDGE('',*,*,#4515,.T.);
#5925=ORIENTED_EDGE('',*,*,#4518,.T.);
#5926=ORIENTED_EDGE('',*,*,#4519,.T.);
#5927=ORIENTED_EDGE('',*,*,#4469,.T.);
#5928=ORIENTED_EDGE('',*,*,#4517,.T.);
#5929=ORIENTED_EDGE('',*,*,#4513,.F.);
#5930=ORIENTED_EDGE('',*,*,#4473,.T.);
#5931=ORIENTED_EDGE('',*,*,#4477,.F.);
#5932=ORIENTED_EDGE('',*,*,#4480,.F.);
#5933=ORIENTED_EDGE('',*,*,#4483,.T.);
#5934=ORIENTED_EDGE('',*,*,#4486,.F.);
#5935=ORIENTED_EDGE('',*,*,#4489,.T.);
#5936=ORIENTED_EDGE('',*,*,#4492,.F.);
#5937=ORIENTED_EDGE('',*,*,#4495,.F.);
#5938=ORIENTED_EDGE('',*,*,#4498,.F.);
#5939=ORIENTED_EDGE('',*,*,#4501,.T.);
#5940=ORIENTED_EDGE('',*,*,#4504,.F.);
#5941=ORIENTED_EDGE('',*,*,#4507,.F.);
#5942=ORIENTED_EDGE('',*,*,#4510,.T.);
#5943=ORIENTED_EDGE('',*,*,#4516,.F.);
#5944=ORIENTED_EDGE('',*,*,#4471,.F.);
#5945=ORIENTED_EDGE('',*,*,#4520,.F.);
#5946=ORIENTED_EDGE('',*,*,#4521,.F.);
#5947=ORIENTED_EDGE('',*,*,#4520,.T.);
#5948=ORIENTED_EDGE('',*,*,#4470,.T.);
#5949=ORIENTED_EDGE('',*,*,#4519,.F.);
#5950=ORIENTED_EDGE('',*,*,#4522,.T.);
#5951=ORIENTED_EDGE('',*,*,#4518,.F.);
#5952=ORIENTED_EDGE('',*,*,#4514,.F.);
#5953=ORIENTED_EDGE('',*,*,#4521,.T.);
#5954=ORIENTED_EDGE('',*,*,#4522,.F.);
#5955=ORIENTED_EDGE('',*,*,#4315,.T.);
#5956=ORIENTED_EDGE('',*,*,#4284,.F.);
#5957=ORIENTED_EDGE('',*,*,#4439,.T.);
#5958=ORIENTED_EDGE('',*,*,#4435,.T.);
#5959=ORIENTED_EDGE('',*,*,#4468,.F.);
#5960=ORIENTED_EDGE('',*,*,#4523,.T.);
#5961=ORIENTED_EDGE('',*,*,#4312,.F.);
#5962=ORIENTED_EDGE('',*,*,#4524,.F.);
#5963=ORIENTED_EDGE('',*,*,#4525,.F.);
#5964=ORIENTED_EDGE('',*,*,#4526,.F.);
#5965=ORIENTED_EDGE('',*,*,#4527,.F.);
#5966=ORIENTED_EDGE('',*,*,#4528,.F.);
#5967=ORIENTED_EDGE('',*,*,#4529,.T.);
#5968=ORIENTED_EDGE('',*,*,#4525,.T.);
#5969=ORIENTED_EDGE('',*,*,#4530,.F.);
#5970=ORIENTED_EDGE('',*,*,#4346,.F.);
#5971=ORIENTED_EDGE('',*,*,#4531,.F.);
#5972=ORIENTED_EDGE('',*,*,#4528,.T.);
#5973=ORIENTED_EDGE('',*,*,#4527,.T.);
#5974=ORIENTED_EDGE('',*,*,#4524,.T.);
#5975=ORIENTED_EDGE('',*,*,#4311,.F.);
#5976=ORIENTED_EDGE('',*,*,#4330,.F.);
#5977=ORIENTED_EDGE('',*,*,#4347,.F.);
#5978=ORIENTED_EDGE('',*,*,#4530,.T.);
#5979=ORIENTED_EDGE('',*,*,#4532,.T.);
#5980=ORIENTED_EDGE('',*,*,#4533,.F.);
#5981=ORIENTED_EDGE('',*,*,#4413,.F.);
#5982=ORIENTED_EDGE('',*,*,#4276,.F.);
#5983=ORIENTED_EDGE('',*,*,#4414,.F.);
#5984=ORIENTED_EDGE('',*,*,#4533,.T.);
#5985=ORIENTED_EDGE('',*,*,#4534,.F.);
#5986=ORIENTED_EDGE('',*,*,#4344,.F.);
#5987=ORIENTED_EDGE('',*,*,#4535,.T.);
#5988=ORIENTED_EDGE('',*,*,#4411,.F.);
#5989=ORIENTED_EDGE('',*,*,#4313,.F.);
#5990=ORIENTED_EDGE('',*,*,#4526,.T.);
#5991=ORIENTED_EDGE('',*,*,#4529,.F.);
#5992=ORIENTED_EDGE('',*,*,#4531,.T.);
#5993=ORIENTED_EDGE('',*,*,#4345,.T.);
#5994=ORIENTED_EDGE('',*,*,#4534,.T.);
#5995=ORIENTED_EDGE('',*,*,#4532,.F.);
#5996=ORIENTED_EDGE('',*,*,#4275,.T.);
#5997=ORIENTED_EDGE('',*,*,#4536,.T.);
#5998=ORIENTED_EDGE('',*,*,#4453,.T.);
#5999=ORIENTED_EDGE('',*,*,#4291,.F.);
#6000=ORIENTED_EDGE('',*,*,#4537,.T.);
#6001=ORIENTED_EDGE('',*,*,#4538,.T.);
#6002=ORIENTED_EDGE('',*,*,#4539,.T.);
#6003=ORIENTED_EDGE('',*,*,#4540,.F.);
#6004=ORIENTED_EDGE('',*,*,#4541,.T.);
#6005=ORIENTED_EDGE('',*,*,#4542,.T.);
#6006=ORIENTED_EDGE('',*,*,#4543,.T.);
#6007=ORIENTED_EDGE('',*,*,#4544,.F.);
#6008=ORIENTED_EDGE('',*,*,#4545,.T.);
#6009=ORIENTED_EDGE('',*,*,#4546,.T.);
#6010=ORIENTED_EDGE('',*,*,#4547,.T.);
#6011=ORIENTED_EDGE('',*,*,#4548,.F.);
#6012=ORIENTED_EDGE('',*,*,#4549,.T.);
#6013=ORIENTED_EDGE('',*,*,#4550,.T.);
#6014=ORIENTED_EDGE('',*,*,#4551,.T.);
#6015=ORIENTED_EDGE('',*,*,#4552,.F.);
#6016=ORIENTED_EDGE('',*,*,#4553,.T.);
#6017=ORIENTED_EDGE('',*,*,#4554,.T.);
#6018=ORIENTED_EDGE('',*,*,#4555,.T.);
#6019=ORIENTED_EDGE('',*,*,#4556,.F.);
#6020=ORIENTED_EDGE('',*,*,#4557,.T.);
#6021=ORIENTED_EDGE('',*,*,#4558,.T.);
#6022=ORIENTED_EDGE('',*,*,#4559,.T.);
#6023=ORIENTED_EDGE('',*,*,#4560,.F.);
#6024=ORIENTED_EDGE('',*,*,#4561,.T.);
#6025=ORIENTED_EDGE('',*,*,#4562,.T.);
#6026=ORIENTED_EDGE('',*,*,#4563,.T.);
#6027=ORIENTED_EDGE('',*,*,#4564,.F.);
#6028=ORIENTED_EDGE('',*,*,#4565,.T.);
#6029=ORIENTED_EDGE('',*,*,#4566,.T.);
#6030=ORIENTED_EDGE('',*,*,#4567,.T.);
#6031=ORIENTED_EDGE('',*,*,#4568,.F.);
#6032=ORIENTED_EDGE('',*,*,#4569,.T.);
#6033=ORIENTED_EDGE('',*,*,#4570,.T.);
#6034=ORIENTED_EDGE('',*,*,#4571,.T.);
#6035=ORIENTED_EDGE('',*,*,#4572,.F.);
#6036=ORIENTED_EDGE('',*,*,#4573,.T.);
#6037=ORIENTED_EDGE('',*,*,#4574,.T.);
#6038=ORIENTED_EDGE('',*,*,#4575,.T.);
#6039=ORIENTED_EDGE('',*,*,#4576,.F.);
#6040=ORIENTED_EDGE('',*,*,#4577,.T.);
#6041=ORIENTED_EDGE('',*,*,#4578,.T.);
#6042=ORIENTED_EDGE('',*,*,#4579,.T.);
#6043=ORIENTED_EDGE('',*,*,#4580,.F.);
#6044=ORIENTED_EDGE('',*,*,#4581,.T.);
#6045=ORIENTED_EDGE('',*,*,#4582,.T.);
#6046=ORIENTED_EDGE('',*,*,#4583,.T.);
#6047=ORIENTED_EDGE('',*,*,#4584,.F.);
#6048=ORIENTED_EDGE('',*,*,#4585,.T.);
#6049=ORIENTED_EDGE('',*,*,#4586,.T.);
#6050=ORIENTED_EDGE('',*,*,#4587,.T.);
#6051=ORIENTED_EDGE('',*,*,#4588,.F.);
#6052=ORIENTED_EDGE('',*,*,#4589,.T.);
#6053=ORIENTED_EDGE('',*,*,#4590,.T.);
#6054=ORIENTED_EDGE('',*,*,#4591,.T.);
#6055=ORIENTED_EDGE('',*,*,#4592,.F.);
#6056=ORIENTED_EDGE('',*,*,#4593,.T.);
#6057=ORIENTED_EDGE('',*,*,#4594,.T.);
#6058=ORIENTED_EDGE('',*,*,#4595,.T.);
#6059=ORIENTED_EDGE('',*,*,#4596,.F.);
#6060=ORIENTED_EDGE('',*,*,#4597,.T.);
#6061=ORIENTED_EDGE('',*,*,#4598,.T.);
#6062=ORIENTED_EDGE('',*,*,#4599,.T.);
#6063=ORIENTED_EDGE('',*,*,#4600,.F.);
#6064=ORIENTED_EDGE('',*,*,#4601,.T.);
#6065=ORIENTED_EDGE('',*,*,#4602,.T.);
#6066=ORIENTED_EDGE('',*,*,#4603,.T.);
#6067=ORIENTED_EDGE('',*,*,#4604,.F.);
#6068=ORIENTED_EDGE('',*,*,#4605,.T.);
#6069=ORIENTED_EDGE('',*,*,#4606,.T.);
#6070=ORIENTED_EDGE('',*,*,#4607,.T.);
#6071=ORIENTED_EDGE('',*,*,#4608,.F.);
#6072=ORIENTED_EDGE('',*,*,#4609,.T.);
#6073=ORIENTED_EDGE('',*,*,#4610,.T.);
#6074=ORIENTED_EDGE('',*,*,#4611,.T.);
#6075=ORIENTED_EDGE('',*,*,#4612,.T.);
#6076=ORIENTED_EDGE('',*,*,#4613,.F.);
#6077=ORIENTED_EDGE('',*,*,#4614,.T.);
#6078=ORIENTED_EDGE('',*,*,#4615,.T.);
#6079=ORIENTED_EDGE('',*,*,#4616,.T.);
#6080=ORIENTED_EDGE('',*,*,#4617,.F.);
#6081=ORIENTED_EDGE('',*,*,#4618,.F.);
#6082=ORIENTED_EDGE('',*,*,#4619,.T.);
#6083=ORIENTED_EDGE('',*,*,#4620,.T.);
#6084=ORIENTED_EDGE('',*,*,#4621,.T.);
#6085=ORIENTED_EDGE('',*,*,#4622,.F.);
#6086=ORIENTED_EDGE('',*,*,#4623,.F.);
#6087=ORIENTED_EDGE('',*,*,#4624,.T.);
#6088=ORIENTED_EDGE('',*,*,#4625,.T.);
#6089=ORIENTED_EDGE('',*,*,#4402,.F.);
#6090=ORIENTED_EDGE('',*,*,#4626,.F.);
#6091=ORIENTED_EDGE('',*,*,#4418,.T.);
#6092=ORIENTED_EDGE('',*,*,#4627,.T.);
#6093=ORIENTED_EDGE('',*,*,#4394,.F.);
#6094=ORIENTED_EDGE('',*,*,#4628,.F.);
#6095=ORIENTED_EDGE('',*,*,#4629,.T.);
#6096=ORIENTED_EDGE('',*,*,#4630,.F.);
#6097=ORIENTED_EDGE('',*,*,#4631,.T.);
#6098=ORIENTED_EDGE('',*,*,#4632,.F.);
#6099=ORIENTED_EDGE('',*,*,#4633,.F.);
#6100=ORIENTED_EDGE('',*,*,#4634,.F.);
#6101=ORIENTED_EDGE('',*,*,#4635,.F.);
#6102=ORIENTED_EDGE('',*,*,#4636,.F.);
#6103=ORIENTED_EDGE('',*,*,#4637,.F.);
#6104=ORIENTED_EDGE('',*,*,#4638,.T.);
#6105=ORIENTED_EDGE('',*,*,#4639,.F.);
#6106=ORIENTED_EDGE('',*,*,#4618,.T.);
#6107=ORIENTED_EDGE('',*,*,#4640,.T.);
#6108=ORIENTED_EDGE('',*,*,#4641,.T.);
#6109=ORIENTED_EDGE('',*,*,#4642,.F.);
#6110=ORIENTED_EDGE('',*,*,#4643,.F.);
#6111=ORIENTED_EDGE('',*,*,#4644,.T.);
#6112=ORIENTED_EDGE('',*,*,#4645,.T.);
#6113=ORIENTED_EDGE('',*,*,#4646,.F.);
#6114=ORIENTED_EDGE('',*,*,#4426,.T.);
#6115=ORIENTED_EDGE('',*,*,#4463,.F.);
#6116=ORIENTED_EDGE('',*,*,#4296,.T.);
#6117=ORIENTED_EDGE('',*,*,#4647,.F.);
#6118=ORIENTED_EDGE('',*,*,#4441,.F.);
#6119=ORIENTED_EDGE('',*,*,#4648,.F.);
#6120=ORIENTED_EDGE('',*,*,#4395,.F.);
#6121=ORIENTED_EDGE('',*,*,#4627,.F.);
#6122=ORIENTED_EDGE('',*,*,#4417,.F.);
#6123=ORIENTED_EDGE('',*,*,#4649,.F.);
#6124=ORIENTED_EDGE('',*,*,#4650,.T.);
#6125=ORIENTED_EDGE('',*,*,#4651,.F.);
#6126=ORIENTED_EDGE('',*,*,#4462,.T.);
#6127=ORIENTED_EDGE('',*,*,#4652,.T.);
#6128=ORIENTED_EDGE('',*,*,#4409,.F.);
#6129=ORIENTED_EDGE('',*,*,#4412,.F.);
#6130=ORIENTED_EDGE('',*,*,#4535,.F.);
#6131=ORIENTED_EDGE('',*,*,#4653,.T.);
#6132=ORIENTED_EDGE('',*,*,#4654,.T.);
#6133=ORIENTED_EDGE('',*,*,#4655,.F.);
#6134=ORIENTED_EDGE('',*,*,#4656,.F.);
#6135=ORIENTED_EDGE('',*,*,#4622,.T.);
#6136=ORIENTED_EDGE('',*,*,#4657,.T.);
#6137=ORIENTED_EDGE('',*,*,#4658,.F.);
#6138=ORIENTED_EDGE('',*,*,#4659,.F.);
#6139=ORIENTED_EDGE('',*,*,#4660,.T.);
#6140=ORIENTED_EDGE('',*,*,#4661,.T.);
#6141=ORIENTED_EDGE('',*,*,#4662,.F.);
#6142=ORIENTED_EDGE('',*,*,#4663,.T.);
#6143=ORIENTED_EDGE('',*,*,#4664,.T.);
#6144=ORIENTED_EDGE('',*,*,#4665,.T.);
#6145=ORIENTED_EDGE('',*,*,#4666,.T.);
#6146=ORIENTED_EDGE('',*,*,#4667,.F.);
#6147=ORIENTED_EDGE('',*,*,#4668,.T.);
#6148=ORIENTED_EDGE('',*,*,#4669,.F.);
#6149=ORIENTED_EDGE('',*,*,#4664,.F.);
#6150=ORIENTED_EDGE('',*,*,#4670,.T.);
#6151=ORIENTED_EDGE('',*,*,#4671,.F.);
#6152=ORIENTED_EDGE('',*,*,#4672,.T.);
#6153=ORIENTED_EDGE('',*,*,#4673,.T.);
#6154=ORIENTED_EDGE('',*,*,#4668,.F.);
#6155=ORIENTED_EDGE('',*,*,#4674,.T.);
#6156=ORIENTED_EDGE('',*,*,#4675,.T.);
#6157=ORIENTED_EDGE('',*,*,#4672,.F.);
#6158=ORIENTED_EDGE('',*,*,#4676,.T.);
#6159=ORIENTED_EDGE('',*,*,#4677,.T.);
#6160=ORIENTED_EDGE('',*,*,#4678,.T.);
#6161=ORIENTED_EDGE('',*,*,#4674,.F.);
#6162=ORIENTED_EDGE('',*,*,#4679,.F.);
#6163=ORIENTED_EDGE('',*,*,#4680,.T.);
#6164=ORIENTED_EDGE('',*,*,#4681,.T.);
#6165=ORIENTED_EDGE('',*,*,#4677,.F.);
#6166=ORIENTED_EDGE('',*,*,#4682,.F.);
#6167=ORIENTED_EDGE('',*,*,#4683,.T.);
#6168=ORIENTED_EDGE('',*,*,#4684,.T.);
#6169=ORIENTED_EDGE('',*,*,#4680,.F.);
#6170=ORIENTED_EDGE('',*,*,#4685,.F.);
#6171=ORIENTED_EDGE('',*,*,#4686,.T.);
#6172=ORIENTED_EDGE('',*,*,#4687,.T.);
#6173=ORIENTED_EDGE('',*,*,#4683,.F.);
#6174=ORIENTED_EDGE('',*,*,#4688,.T.);
#6175=ORIENTED_EDGE('',*,*,#4689,.F.);
#6176=ORIENTED_EDGE('',*,*,#4690,.F.);
#6177=ORIENTED_EDGE('',*,*,#4577,.F.);
#6178=ORIENTED_EDGE('',*,*,#4691,.T.);
#6179=ORIENTED_EDGE('',*,*,#4692,.T.);
#6180=ORIENTED_EDGE('',*,*,#4693,.T.);
#6181=ORIENTED_EDGE('',*,*,#4694,.T.);
#6182=ORIENTED_EDGE('',*,*,#4695,.F.);
#6183=ORIENTED_EDGE('',*,*,#4696,.T.);
#6184=ORIENTED_EDGE('',*,*,#4697,.F.);
#6185=ORIENTED_EDGE('',*,*,#4692,.F.);
#6186=ORIENTED_EDGE('',*,*,#4698,.T.);
#6187=ORIENTED_EDGE('',*,*,#4699,.F.);
#6188=ORIENTED_EDGE('',*,*,#4700,.T.);
#6189=ORIENTED_EDGE('',*,*,#4701,.T.);
#6190=ORIENTED_EDGE('',*,*,#4696,.F.);
#6191=ORIENTED_EDGE('',*,*,#4702,.T.);
#6192=ORIENTED_EDGE('',*,*,#4703,.T.);
#6193=ORIENTED_EDGE('',*,*,#4700,.F.);
#6194=ORIENTED_EDGE('',*,*,#4704,.T.);
#6195=ORIENTED_EDGE('',*,*,#4705,.F.);
#6196=ORIENTED_EDGE('',*,*,#4442,.T.);
#6197=ORIENTED_EDGE('',*,*,#4647,.T.);
#6198=ORIENTED_EDGE('',*,*,#4295,.F.);
#6199=ORIENTED_EDGE('',*,*,#4396,.T.);
#6200=ORIENTED_EDGE('',*,*,#4648,.T.);
#6201=ORIENTED_EDGE('',*,*,#4440,.F.);
#6202=ORIENTED_EDGE('',*,*,#4706,.F.);
#6203=ORIENTED_EDGE('',*,*,#4707,.T.);
#6204=ORIENTED_EDGE('',*,*,#4637,.T.);
#6205=ORIENTED_EDGE('',*,*,#4708,.F.);
#6206=ORIENTED_EDGE('',*,*,#4709,.T.);
#6207=ORIENTED_EDGE('',*,*,#4710,.T.);
#6208=ORIENTED_EDGE('',*,*,#4711,.T.);
#6209=ORIENTED_EDGE('',*,*,#4712,.F.);
#6210=ORIENTED_EDGE('',*,*,#4713,.T.);
#6211=ORIENTED_EDGE('',*,*,#4714,.T.);
#6212=ORIENTED_EDGE('',*,*,#4715,.T.);
#6213=ORIENTED_EDGE('',*,*,#4300,.F.);
#6214=ORIENTED_EDGE('',*,*,#4716,.T.);
#6215=ORIENTED_EDGE('',*,*,#4712,.T.);
#6216=ORIENTED_EDGE('',*,*,#4717,.T.);
#6217=ORIENTED_EDGE('',*,*,#4718,.F.);
#6218=ORIENTED_EDGE('',*,*,#4719,.F.);
#6219=ORIENTED_EDGE('',*,*,#4720,.F.);
#6220=ORIENTED_EDGE('',*,*,#4721,.F.);
#6221=ORIENTED_EDGE('',*,*,#4419,.F.);
#6222=ORIENTED_EDGE('',*,*,#4628,.T.);
#6223=ORIENTED_EDGE('',*,*,#4397,.T.);
#6224=ORIENTED_EDGE('',*,*,#4706,.T.);
#6225=ORIENTED_EDGE('',*,*,#4443,.F.);
#6226=ORIENTED_EDGE('',*,*,#4705,.T.);
#6227=ORIENTED_EDGE('',*,*,#4298,.F.);
#6228=ORIENTED_EDGE('',*,*,#4464,.T.);
#6229=ORIENTED_EDGE('',*,*,#4424,.F.);
#6230=ORIENTED_EDGE('',*,*,#4720,.T.);
#6231=ORIENTED_EDGE('',*,*,#4306,.T.);
#6232=ORIENTED_EDGE('',*,*,#4454,.T.);
#6233=ORIENTED_EDGE('',*,*,#4536,.F.);
#6234=ORIENTED_EDGE('',*,*,#4274,.T.);
#6235=ORIENTED_EDGE('',*,*,#4415,.T.);
#6236=ORIENTED_EDGE('',*,*,#4359,.T.);
#6237=ORIENTED_EDGE('',*,*,#4722,.T.);
#6238=ORIENTED_EDGE('',*,*,#4723,.T.);
#6239=ORIENTED_EDGE('',*,*,#4724,.T.);
#6240=ORIENTED_EDGE('',*,*,#4725,.F.);
#6241=ORIENTED_EDGE('',*,*,#4726,.T.);
#6242=ORIENTED_EDGE('',*,*,#4727,.F.);
#6243=ORIENTED_EDGE('',*,*,#4281,.T.);
#6244=ORIENTED_EDGE('',*,*,#4254,.T.);
#6245=ORIENTED_EDGE('',*,*,#4316,.T.);
#6246=ORIENTED_EDGE('',*,*,#4523,.F.);
#6247=ORIENTED_EDGE('',*,*,#4467,.T.);
#6248=ORIENTED_EDGE('',*,*,#4465,.F.);
#6249=ORIENTED_EDGE('',*,*,#4406,.T.);
#6250=ORIENTED_EDGE('',*,*,#4652,.F.);
#6251=ORIENTED_EDGE('',*,*,#4461,.T.);
#6252=ORIENTED_EDGE('',*,*,#4728,.T.);
#6253=ORIENTED_EDGE('',*,*,#4729,.F.);
#6254=ORIENTED_EDGE('',*,*,#4655,.T.);
#6255=ORIENTED_EDGE('',*,*,#4730,.F.);
#6256=ORIENTED_EDGE('',*,*,#4731,.T.);
#6257=ORIENTED_EDGE('',*,*,#4732,.F.);
#6258=ORIENTED_EDGE('',*,*,#4733,.T.);
#6259=ORIENTED_EDGE('',*,*,#4734,.F.);
#6260=ORIENTED_EDGE('',*,*,#4735,.F.);
#6261=ORIENTED_EDGE('',*,*,#4736,.F.);
#6262=ORIENTED_EDGE('',*,*,#4658,.T.);
#6263=ORIENTED_EDGE('',*,*,#4737,.T.);
#6264=ORIENTED_EDGE('',*,*,#4738,.F.);
#6265=ORIENTED_EDGE('',*,*,#4739,.F.);
#6266=ORIENTED_EDGE('',*,*,#4740,.F.);
#6267=ORIENTED_EDGE('',*,*,#4725,.T.);
#6268=ORIENTED_EDGE('',*,*,#4741,.T.);
#6269=ORIENTED_EDGE('',*,*,#4616,.F.);
#6270=ORIENTED_EDGE('',*,*,#4309,.F.);
#6271=ORIENTED_EDGE('',*,*,#4742,.F.);
#6272=ORIENTED_EDGE('',*,*,#4537,.F.);
#6273=ORIENTED_EDGE('',*,*,#4294,.T.);
#6274=ORIENTED_EDGE('',*,*,#4743,.T.);
#6275=ORIENTED_EDGE('',*,*,#4744,.T.);
#6276=ORIENTED_EDGE('',*,*,#4745,.F.);
#6277=ORIENTED_EDGE('',*,*,#4746,.F.);
#6278=ORIENTED_EDGE('',*,*,#4747,.T.);
#6279=ORIENTED_EDGE('',*,*,#4748,.T.);
#6280=ORIENTED_EDGE('',*,*,#4749,.F.);
#6281=ORIENTED_EDGE('',*,*,#4750,.F.);
#6282=ORIENTED_EDGE('',*,*,#4751,.T.);
#6283=ORIENTED_EDGE('',*,*,#4752,.T.);
#6284=ORIENTED_EDGE('',*,*,#4753,.F.);
#6285=ORIENTED_EDGE('',*,*,#4754,.T.);
#6286=ORIENTED_EDGE('',*,*,#4755,.T.);
#6287=ORIENTED_EDGE('',*,*,#4756,.T.);
#6288=ORIENTED_EDGE('',*,*,#4743,.F.);
#6289=ORIENTED_EDGE('',*,*,#4757,.F.);
#6290=ORIENTED_EDGE('',*,*,#4758,.T.);
#6291=ORIENTED_EDGE('',*,*,#4759,.T.);
#6292=ORIENTED_EDGE('',*,*,#4755,.F.);
#6293=ORIENTED_EDGE('',*,*,#4760,.T.);
#6294=ORIENTED_EDGE('',*,*,#4761,.F.);
#6295=ORIENTED_EDGE('',*,*,#4762,.F.);
#6296=ORIENTED_EDGE('',*,*,#4569,.F.);
#6297=ORIENTED_EDGE('',*,*,#4763,.T.);
#6298=ORIENTED_EDGE('',*,*,#4662,.T.);
#6299=ORIENTED_EDGE('',*,*,#4764,.T.);
#6300=ORIENTED_EDGE('',*,*,#4765,.F.);
#6301=ORIENTED_EDGE('',*,*,#4766,.F.);
#6302=ORIENTED_EDGE('',*,*,#4765,.T.);
#6303=ORIENTED_EDGE('',*,*,#4767,.T.);
#6304=ORIENTED_EDGE('',*,*,#4768,.F.);
#6305=ORIENTED_EDGE('',*,*,#4769,.F.);
#6306=ORIENTED_EDGE('',*,*,#4768,.T.);
#6307=ORIENTED_EDGE('',*,*,#4770,.T.);
#6308=ORIENTED_EDGE('',*,*,#4771,.F.);
#6309=ORIENTED_EDGE('',*,*,#4772,.F.);
#6310=ORIENTED_EDGE('',*,*,#4771,.T.);
#6311=ORIENTED_EDGE('',*,*,#4773,.T.);
#6312=ORIENTED_EDGE('',*,*,#4774,.F.);
#6313=ORIENTED_EDGE('',*,*,#4775,.T.);
#6314=ORIENTED_EDGE('',*,*,#4776,.F.);
#6315=ORIENTED_EDGE('',*,*,#4774,.T.);
#6316=ORIENTED_EDGE('',*,*,#4777,.T.);
#6317=ORIENTED_EDGE('',*,*,#4778,.F.);
#6318=ORIENTED_EDGE('',*,*,#4778,.T.);
#6319=ORIENTED_EDGE('',*,*,#4779,.F.);
#6320=ORIENTED_EDGE('',*,*,#4780,.F.);
#6321=ORIENTED_EDGE('',*,*,#4781,.T.);
#6322=ORIENTED_EDGE('',*,*,#4780,.T.);
#6323=ORIENTED_EDGE('',*,*,#4782,.T.);
#6324=ORIENTED_EDGE('',*,*,#4783,.T.);
#6325=ORIENTED_EDGE('',*,*,#4784,.F.);
#6326=ORIENTED_EDGE('',*,*,#4785,.T.);
#6327=ORIENTED_EDGE('',*,*,#4786,.T.);
#6328=ORIENTED_EDGE('',*,*,#4787,.F.);
#6329=ORIENTED_EDGE('',*,*,#4788,.T.);
#6330=ORIENTED_EDGE('',*,*,#4789,.T.);
#6331=ORIENTED_EDGE('',*,*,#4790,.T.);
#6332=ORIENTED_EDGE('',*,*,#4747,.F.);
#6333=ORIENTED_EDGE('',*,*,#4791,.T.);
#6334=ORIENTED_EDGE('',*,*,#4279,.T.);
#6335=ORIENTED_EDGE('',*,*,#4792,.T.);
#6336=ORIENTED_EDGE('',*,*,#4793,.T.);
#6337=ORIENTED_EDGE('',*,*,#4794,.F.);
#6338=ORIENTED_EDGE('',*,*,#4400,.T.);
#6339=ORIENTED_EDGE('',*,*,#4795,.T.);
#6340=ORIENTED_EDGE('',*,*,#4714,.F.);
#6341=ORIENTED_EDGE('',*,*,#4796,.F.);
#6342=ORIENTED_EDGE('',*,*,#4797,.T.);
#6343=ORIENTED_EDGE('',*,*,#4798,.T.);
#6344=ORIENTED_EDGE('',*,*,#4799,.T.);
#6345=ORIENTED_EDGE('',*,*,#4538,.F.);
#6346=ORIENTED_EDGE('',*,*,#4742,.T.);
#6347=ORIENTED_EDGE('',*,*,#4308,.T.);
#6348=ORIENTED_EDGE('',*,*,#4650,.F.);
#6349=ORIENTED_EDGE('',*,*,#4800,.T.);
#6350=ORIENTED_EDGE('',*,*,#4797,.F.);
#6351=ORIENTED_EDGE('',*,*,#4801,.F.);
#6352=ORIENTED_EDGE('',*,*,#4802,.F.);
#6353=ORIENTED_EDGE('',*,*,#4803,.T.);
#6354=ORIENTED_EDGE('',*,*,#4401,.T.);
#6355=ORIENTED_EDGE('',*,*,#4796,.T.);
#6356=ORIENTED_EDGE('',*,*,#4716,.F.);
#6357=ORIENTED_EDGE('',*,*,#4299,.T.);
#6358=ORIENTED_EDGE('',*,*,#4280,.F.);
#6359=ORIENTED_EDGE('',*,*,#4794,.T.);
#6360=ORIENTED_EDGE('',*,*,#4804,.F.);
#6361=ORIENTED_EDGE('',*,*,#4805,.F.);
#6362=ORIENTED_EDGE('',*,*,#4804,.T.);
#6363=ORIENTED_EDGE('',*,*,#4793,.F.);
#6364=ORIENTED_EDGE('',*,*,#4806,.F.);
#6365=ORIENTED_EDGE('',*,*,#4806,.T.);
#6366=ORIENTED_EDGE('',*,*,#4792,.F.);
#6367=ORIENTED_EDGE('',*,*,#4278,.T.);
#6368=ORIENTED_EDGE('',*,*,#4301,.F.);
#6369=ORIENTED_EDGE('',*,*,#4715,.F.);
#6370=ORIENTED_EDGE('',*,*,#4795,.F.);
#6371=ORIENTED_EDGE('',*,*,#4399,.F.);
#6372=ORIENTED_EDGE('',*,*,#4807,.F.);
#6373=ORIENTED_EDGE('',*,*,#4808,.F.);
#6374=ORIENTED_EDGE('',*,*,#4809,.F.);
#6375=ORIENTED_EDGE('',*,*,#4810,.T.);
#6376=ORIENTED_EDGE('',*,*,#4811,.F.);
#6377=ORIENTED_EDGE('',*,*,#4812,.T.);
#6378=ORIENTED_EDGE('',*,*,#4539,.F.);
#6379=ORIENTED_EDGE('',*,*,#4799,.F.);
#6380=ORIENTED_EDGE('',*,*,#4813,.T.);
#6381=ORIENTED_EDGE('',*,*,#4811,.T.);
#6382=ORIENTED_EDGE('',*,*,#4798,.F.);
#6383=ORIENTED_EDGE('',*,*,#4805,.T.);
#6384=ORIENTED_EDGE('',*,*,#4814,.F.);
#6385=ORIENTED_EDGE('',*,*,#4815,.T.);
#6386=ORIENTED_EDGE('',*,*,#4540,.T.);
#6387=ORIENTED_EDGE('',*,*,#4812,.F.);
#6388=ORIENTED_EDGE('',*,*,#4813,.F.);
#6389=ORIENTED_EDGE('',*,*,#4816,.F.);
#6390=ORIENTED_EDGE('',*,*,#4815,.F.);
#6391=ORIENTED_EDGE('',*,*,#4817,.F.);
#6392=ORIENTED_EDGE('',*,*,#4541,.F.);
#6393=ORIENTED_EDGE('',*,*,#4816,.T.);
#6394=ORIENTED_EDGE('',*,*,#4818,.F.);
#6395=ORIENTED_EDGE('',*,*,#4819,.T.);
#6396=ORIENTED_EDGE('',*,*,#4543,.F.);
#6397=ORIENTED_EDGE('',*,*,#4820,.F.);
#6398=ORIENTED_EDGE('',*,*,#4544,.T.);
#6399=ORIENTED_EDGE('',*,*,#4819,.F.);
#6400=ORIENTED_EDGE('',*,*,#4821,.F.);
#6401=ORIENTED_EDGE('',*,*,#4822,.F.);
#6402=ORIENTED_EDGE('',*,*,#4821,.T.);
#6403=ORIENTED_EDGE('',*,*,#4818,.T.);
#6404=ORIENTED_EDGE('',*,*,#4823,.F.);
#6405=ORIENTED_EDGE('',*,*,#4824,.T.);
#6406=ORIENTED_EDGE('',*,*,#4825,.F.);
#6407=ORIENTED_EDGE('',*,*,#4826,.T.);
#6408=ORIENTED_EDGE('',*,*,#4827,.T.);
#6409=ORIENTED_EDGE('',*,*,#4823,.T.);
#6410=ORIENTED_EDGE('',*,*,#4820,.T.);
#6411=ORIENTED_EDGE('',*,*,#4542,.F.);
#6412=ORIENTED_EDGE('',*,*,#4817,.T.);
#6413=ORIENTED_EDGE('',*,*,#4814,.T.);
#6414=ORIENTED_EDGE('',*,*,#4810,.F.);
#6415=ORIENTED_EDGE('',*,*,#4828,.T.);
#6416=ORIENTED_EDGE('',*,*,#4824,.F.);
#6417=ORIENTED_EDGE('',*,*,#4829,.T.);
#6418=ORIENTED_EDGE('',*,*,#4830,.F.);
#6419=ORIENTED_EDGE('',*,*,#4831,.F.);
#6420=ORIENTED_EDGE('',*,*,#4827,.F.);
#6421=ORIENTED_EDGE('',*,*,#4832,.F.);
#6422=ORIENTED_EDGE('',*,*,#4833,.F.);
#6423=ORIENTED_EDGE('',*,*,#4834,.T.);
#6424=ORIENTED_EDGE('',*,*,#4835,.T.);
#6425=ORIENTED_EDGE('',*,*,#4458,.T.);
#6426=ORIENTED_EDGE('',*,*,#4836,.F.);
#6427=ORIENTED_EDGE('',*,*,#4837,.T.);
#6428=ORIENTED_EDGE('',*,*,#4838,.F.);
#6429=ORIENTED_EDGE('',*,*,#4839,.T.);
#6430=ORIENTED_EDGE('',*,*,#4829,.F.);
#6431=ORIENTED_EDGE('',*,*,#4831,.T.);
#6432=ORIENTED_EDGE('',*,*,#4840,.F.);
#6433=ORIENTED_EDGE('',*,*,#4841,.T.);
#6434=ORIENTED_EDGE('',*,*,#4842,.F.);
#6435=ORIENTED_EDGE('',*,*,#4843,.F.);
#6436=ORIENTED_EDGE('',*,*,#4456,.F.);
#6437=ORIENTED_EDGE('',*,*,#4844,.F.);
#6438=ORIENTED_EDGE('',*,*,#4845,.F.);
#6439=ORIENTED_EDGE('',*,*,#4846,.F.);
#6440=ORIENTED_EDGE('',*,*,#4847,.F.);
#6441=ORIENTED_EDGE('',*,*,#4848,.T.);
#6442=ORIENTED_EDGE('',*,*,#4849,.T.);
#6443=ORIENTED_EDGE('',*,*,#4850,.T.);
#6444=ORIENTED_EDGE('',*,*,#4851,.T.);
#6445=ORIENTED_EDGE('',*,*,#4546,.F.);
#6446=ORIENTED_EDGE('',*,*,#4852,.T.);
#6447=ORIENTED_EDGE('',*,*,#4825,.T.);
#6448=ORIENTED_EDGE('',*,*,#4848,.F.);
#6449=ORIENTED_EDGE('',*,*,#4853,.T.);
#6450=ORIENTED_EDGE('',*,*,#4849,.F.);
#6451=ORIENTED_EDGE('',*,*,#4854,.F.);
#6452=ORIENTED_EDGE('',*,*,#4788,.F.);
#6453=ORIENTED_EDGE('',*,*,#4855,.T.);
#6454=ORIENTED_EDGE('',*,*,#4856,.T.);
#6455=ORIENTED_EDGE('',*,*,#4857,.T.);
#6456=ORIENTED_EDGE('',*,*,#4858,.F.);
#6457=ORIENTED_EDGE('',*,*,#4859,.T.);
#6458=ORIENTED_EDGE('',*,*,#4860,.F.);
#6459=ORIENTED_EDGE('',*,*,#4861,.T.);
#6460=ORIENTED_EDGE('',*,*,#4862,.F.);
#6461=ORIENTED_EDGE('',*,*,#4863,.F.);
#6462=ORIENTED_EDGE('',*,*,#4862,.T.);
#6463=ORIENTED_EDGE('',*,*,#4864,.F.);
#6464=ORIENTED_EDGE('',*,*,#4865,.F.);
#6465=ORIENTED_EDGE('',*,*,#4865,.T.);
#6466=ORIENTED_EDGE('',*,*,#4866,.F.);
#6467=ORIENTED_EDGE('',*,*,#4867,.T.);
#6468=ORIENTED_EDGE('',*,*,#4868,.F.);
#6469=ORIENTED_EDGE('',*,*,#4869,.F.);
#6470=ORIENTED_EDGE('',*,*,#4870,.F.);
#6471=ORIENTED_EDGE('',*,*,#4871,.F.);
#6472=ORIENTED_EDGE('',*,*,#4872,.F.);
#6473=ORIENTED_EDGE('',*,*,#4786,.F.);
#6474=ORIENTED_EDGE('',*,*,#4873,.F.);
#6475=ORIENTED_EDGE('',*,*,#4874,.T.);
#6476=ORIENTED_EDGE('',*,*,#4875,.F.);
#6477=ORIENTED_EDGE('',*,*,#4876,.T.);
#6478=ORIENTED_EDGE('',*,*,#4547,.F.);
#6479=ORIENTED_EDGE('',*,*,#4851,.F.);
#6480=ORIENTED_EDGE('',*,*,#4877,.T.);
#6481=ORIENTED_EDGE('',*,*,#4875,.T.);
#6482=ORIENTED_EDGE('',*,*,#4850,.F.);
#6483=ORIENTED_EDGE('',*,*,#4863,.T.);
#6484=ORIENTED_EDGE('',*,*,#4878,.F.);
#6485=ORIENTED_EDGE('',*,*,#4879,.T.);
#6486=ORIENTED_EDGE('',*,*,#4548,.T.);
#6487=ORIENTED_EDGE('',*,*,#4876,.F.);
#6488=ORIENTED_EDGE('',*,*,#4877,.F.);
#6489=ORIENTED_EDGE('',*,*,#4880,.F.);
#6490=ORIENTED_EDGE('',*,*,#4879,.F.);
#6491=ORIENTED_EDGE('',*,*,#4881,.F.);
#6492=ORIENTED_EDGE('',*,*,#4549,.F.);
#6493=ORIENTED_EDGE('',*,*,#4880,.T.);
#6494=ORIENTED_EDGE('',*,*,#4882,.F.);
#6495=ORIENTED_EDGE('',*,*,#4883,.T.);
#6496=ORIENTED_EDGE('',*,*,#4551,.F.);
#6497=ORIENTED_EDGE('',*,*,#4884,.F.);
#6498=ORIENTED_EDGE('',*,*,#4552,.T.);
#6499=ORIENTED_EDGE('',*,*,#4883,.F.);
#6500=ORIENTED_EDGE('',*,*,#4885,.F.);
#6501=ORIENTED_EDGE('',*,*,#4886,.F.);
#6502=ORIENTED_EDGE('',*,*,#4885,.T.);
#6503=ORIENTED_EDGE('',*,*,#4882,.T.);
#6504=ORIENTED_EDGE('',*,*,#4887,.F.);
#6505=ORIENTED_EDGE('',*,*,#4888,.T.);
#6506=ORIENTED_EDGE('',*,*,#4889,.F.);
#6507=ORIENTED_EDGE('',*,*,#4890,.T.);
#6508=ORIENTED_EDGE('',*,*,#4891,.T.);
#6509=ORIENTED_EDGE('',*,*,#4887,.T.);
#6510=ORIENTED_EDGE('',*,*,#4884,.T.);
#6511=ORIENTED_EDGE('',*,*,#4550,.F.);
#6512=ORIENTED_EDGE('',*,*,#4881,.T.);
#6513=ORIENTED_EDGE('',*,*,#4878,.T.);
#6514=ORIENTED_EDGE('',*,*,#4874,.F.);
#6515=ORIENTED_EDGE('',*,*,#4892,.T.);
#6516=ORIENTED_EDGE('',*,*,#4893,.T.);
#6517=ORIENTED_EDGE('',*,*,#4894,.F.);
#6518=ORIENTED_EDGE('',*,*,#4895,.T.);
#6519=ORIENTED_EDGE('',*,*,#4896,.F.);
#6520=ORIENTED_EDGE('',*,*,#4897,.F.);
#6521=ORIENTED_EDGE('',*,*,#4737,.F.);
#6522=ORIENTED_EDGE('',*,*,#4657,.F.);
#6523=ORIENTED_EDGE('',*,*,#4621,.F.);
#6524=ORIENTED_EDGE('',*,*,#4898,.F.);
#6525=ORIENTED_EDGE('',*,*,#4899,.F.);
#6526=ORIENTED_EDGE('',*,*,#4900,.T.);
#6527=ORIENTED_EDGE('',*,*,#4888,.F.);
#6528=ORIENTED_EDGE('',*,*,#4901,.T.);
#6529=ORIENTED_EDGE('',*,*,#4902,.F.);
#6530=ORIENTED_EDGE('',*,*,#4893,.F.);
#6531=ORIENTED_EDGE('',*,*,#4891,.F.);
#6532=ORIENTED_EDGE('',*,*,#4903,.F.);
#6533=ORIENTED_EDGE('',*,*,#4904,.F.);
#6534=ORIENTED_EDGE('',*,*,#4623,.T.);
#6535=ORIENTED_EDGE('',*,*,#4659,.T.);
#6536=ORIENTED_EDGE('',*,*,#4739,.T.);
#6537=ORIENTED_EDGE('',*,*,#4905,.F.);
#6538=ORIENTED_EDGE('',*,*,#4906,.T.);
#6539=ORIENTED_EDGE('',*,*,#4907,.F.);
#6540=ORIENTED_EDGE('',*,*,#4908,.T.);
#6541=ORIENTED_EDGE('',*,*,#4901,.F.);
#6542=ORIENTED_EDGE('',*,*,#4909,.T.);
#6543=ORIENTED_EDGE('',*,*,#4910,.T.);
#6544=ORIENTED_EDGE('',*,*,#4911,.T.);
#6545=ORIENTED_EDGE('',*,*,#4554,.F.);
#6546=ORIENTED_EDGE('',*,*,#4912,.T.);
#6547=ORIENTED_EDGE('',*,*,#4889,.T.);
#6548=ORIENTED_EDGE('',*,*,#4900,.F.);
#6549=ORIENTED_EDGE('',*,*,#4913,.T.);
#6550=ORIENTED_EDGE('',*,*,#4909,.F.);
#6551=ORIENTED_EDGE('',*,*,#4914,.F.);
#6552=ORIENTED_EDGE('',*,*,#4915,.F.);
#6553=ORIENTED_EDGE('',*,*,#4916,.T.);
#6554=ORIENTED_EDGE('',*,*,#4626,.T.);
#6555=ORIENTED_EDGE('',*,*,#4405,.T.);
#6556=ORIENTED_EDGE('',*,*,#4437,.F.);
#6557=ORIENTED_EDGE('',*,*,#4420,.T.);
#6558=ORIENTED_EDGE('',*,*,#4917,.F.);
#6559=ORIENTED_EDGE('',*,*,#4918,.T.);
#6560=ORIENTED_EDGE('',*,*,#4919,.F.);
#6561=ORIENTED_EDGE('',*,*,#4920,.F.);
#6562=ORIENTED_EDGE('',*,*,#4919,.T.);
#6563=ORIENTED_EDGE('',*,*,#4921,.F.);
#6564=ORIENTED_EDGE('',*,*,#4922,.F.);
#6565=ORIENTED_EDGE('',*,*,#4922,.T.);
#6566=ORIENTED_EDGE('',*,*,#4923,.F.);
#6567=ORIENTED_EDGE('',*,*,#4924,.T.);
#6568=ORIENTED_EDGE('',*,*,#4422,.F.);
#6569=ORIENTED_EDGE('',*,*,#4436,.F.);
#6570=ORIENTED_EDGE('',*,*,#4403,.F.);
#6571=ORIENTED_EDGE('',*,*,#4625,.F.);
#6572=ORIENTED_EDGE('',*,*,#4925,.F.);
#6573=ORIENTED_EDGE('',*,*,#4926,.F.);
#6574=ORIENTED_EDGE('',*,*,#4927,.F.);
#6575=ORIENTED_EDGE('',*,*,#4928,.T.);
#6576=ORIENTED_EDGE('',*,*,#4929,.F.);
#6577=ORIENTED_EDGE('',*,*,#4930,.T.);
#6578=ORIENTED_EDGE('',*,*,#4555,.F.);
#6579=ORIENTED_EDGE('',*,*,#4911,.F.);
#6580=ORIENTED_EDGE('',*,*,#4931,.T.);
#6581=ORIENTED_EDGE('',*,*,#4929,.T.);
#6582=ORIENTED_EDGE('',*,*,#4910,.F.);
#6583=ORIENTED_EDGE('',*,*,#4920,.T.);
#6584=ORIENTED_EDGE('',*,*,#4932,.F.);
#6585=ORIENTED_EDGE('',*,*,#4933,.T.);
#6586=ORIENTED_EDGE('',*,*,#4556,.T.);
#6587=ORIENTED_EDGE('',*,*,#4930,.F.);
#6588=ORIENTED_EDGE('',*,*,#4931,.F.);
#6589=ORIENTED_EDGE('',*,*,#4934,.F.);
#6590=ORIENTED_EDGE('',*,*,#4933,.F.);
#6591=ORIENTED_EDGE('',*,*,#4935,.F.);
#6592=ORIENTED_EDGE('',*,*,#4557,.F.);
#6593=ORIENTED_EDGE('',*,*,#4934,.T.);
#6594=ORIENTED_EDGE('',*,*,#4936,.F.);
#6595=ORIENTED_EDGE('',*,*,#4937,.T.);
#6596=ORIENTED_EDGE('',*,*,#4559,.F.);
#6597=ORIENTED_EDGE('',*,*,#4938,.F.);
#6598=ORIENTED_EDGE('',*,*,#4560,.T.);
#6599=ORIENTED_EDGE('',*,*,#4937,.F.);
#6600=ORIENTED_EDGE('',*,*,#4939,.F.);
#6601=ORIENTED_EDGE('',*,*,#4940,.F.);
#6602=ORIENTED_EDGE('',*,*,#4939,.T.);
#6603=ORIENTED_EDGE('',*,*,#4936,.T.);
#6604=ORIENTED_EDGE('',*,*,#4941,.F.);
#6605=ORIENTED_EDGE('',*,*,#4942,.T.);
#6606=ORIENTED_EDGE('',*,*,#4943,.F.);
#6607=ORIENTED_EDGE('',*,*,#4944,.T.);
#6608=ORIENTED_EDGE('',*,*,#4945,.T.);
#6609=ORIENTED_EDGE('',*,*,#4941,.T.);
#6610=ORIENTED_EDGE('',*,*,#4938,.T.);
#6611=ORIENTED_EDGE('',*,*,#4558,.F.);
#6612=ORIENTED_EDGE('',*,*,#4935,.T.);
#6613=ORIENTED_EDGE('',*,*,#4932,.T.);
#6614=ORIENTED_EDGE('',*,*,#4928,.F.);
#6615=ORIENTED_EDGE('',*,*,#4946,.T.);
#6616=ORIENTED_EDGE('',*,*,#4942,.F.);
#6617=ORIENTED_EDGE('',*,*,#4947,.T.);
#6618=ORIENTED_EDGE('',*,*,#4948,.F.);
#6619=ORIENTED_EDGE('',*,*,#4949,.F.);
#6620=ORIENTED_EDGE('',*,*,#4945,.F.);
#6621=ORIENTED_EDGE('',*,*,#4950,.F.);
#6622=ORIENTED_EDGE('',*,*,#4713,.F.);
#6623=ORIENTED_EDGE('',*,*,#4719,.T.);
#6624=ORIENTED_EDGE('',*,*,#4951,.T.);
#6625=ORIENTED_EDGE('',*,*,#4952,.T.);
#6626=ORIENTED_EDGE('',*,*,#4953,.F.);
#6627=ORIENTED_EDGE('',*,*,#4643,.T.);
#6628=ORIENTED_EDGE('',*,*,#4954,.F.);
#6629=ORIENTED_EDGE('',*,*,#4955,.T.);
#6630=ORIENTED_EDGE('',*,*,#4947,.F.);
#6631=ORIENTED_EDGE('',*,*,#4949,.T.);
#6632=ORIENTED_EDGE('',*,*,#4956,.F.);
#6633=ORIENTED_EDGE('',*,*,#4957,.T.);
#6634=ORIENTED_EDGE('',*,*,#4645,.F.);
#6635=ORIENTED_EDGE('',*,*,#4958,.F.);
#6636=ORIENTED_EDGE('',*,*,#4959,.F.);
#6637=ORIENTED_EDGE('',*,*,#4960,.F.);
#6638=ORIENTED_EDGE('',*,*,#4717,.F.);
#6639=ORIENTED_EDGE('',*,*,#4711,.F.);
#6640=ORIENTED_EDGE('',*,*,#4961,.F.);
#6641=ORIENTED_EDGE('',*,*,#4962,.T.);
#6642=ORIENTED_EDGE('',*,*,#4963,.T.);
#6643=ORIENTED_EDGE('',*,*,#4964,.T.);
#6644=ORIENTED_EDGE('',*,*,#4965,.T.);
#6645=ORIENTED_EDGE('',*,*,#4562,.F.);
#6646=ORIENTED_EDGE('',*,*,#4966,.T.);
#6647=ORIENTED_EDGE('',*,*,#4943,.T.);
#6648=ORIENTED_EDGE('',*,*,#4962,.F.);
#6649=ORIENTED_EDGE('',*,*,#4967,.T.);
#6650=ORIENTED_EDGE('',*,*,#4963,.F.);
#6651=ORIENTED_EDGE('',*,*,#4968,.F.);
#6652=ORIENTED_EDGE('',*,*,#4760,.F.);
#6653=ORIENTED_EDGE('',*,*,#4757,.T.);
#6654=ORIENTED_EDGE('',*,*,#4746,.T.);
#6655=ORIENTED_EDGE('',*,*,#4969,.T.);
#6656=ORIENTED_EDGE('',*,*,#4726,.F.);
#6657=ORIENTED_EDGE('',*,*,#4740,.T.);
#6658=ORIENTED_EDGE('',*,*,#4619,.F.);
#6659=ORIENTED_EDGE('',*,*,#4642,.T.);
#6660=ORIENTED_EDGE('',*,*,#4970,.F.);
#6661=ORIENTED_EDGE('',*,*,#4971,.F.);
#6662=ORIENTED_EDGE('',*,*,#4970,.T.);
#6663=ORIENTED_EDGE('',*,*,#4641,.F.);
#6664=ORIENTED_EDGE('',*,*,#4972,.F.);
#6665=ORIENTED_EDGE('',*,*,#4972,.T.);
#6666=ORIENTED_EDGE('',*,*,#4640,.F.);
#6667=ORIENTED_EDGE('',*,*,#4617,.T.);
#6668=ORIENTED_EDGE('',*,*,#4741,.F.);
#6669=ORIENTED_EDGE('',*,*,#4724,.F.);
#6670=ORIENTED_EDGE('',*,*,#4973,.F.);
#6671=ORIENTED_EDGE('',*,*,#4744,.F.);
#6672=ORIENTED_EDGE('',*,*,#4756,.F.);
#6673=ORIENTED_EDGE('',*,*,#4759,.F.);
#6674=ORIENTED_EDGE('',*,*,#4974,.F.);
#6675=ORIENTED_EDGE('',*,*,#4975,.T.);
#6676=ORIENTED_EDGE('',*,*,#4976,.F.);
#6677=ORIENTED_EDGE('',*,*,#4977,.T.);
#6678=ORIENTED_EDGE('',*,*,#4563,.F.);
#6679=ORIENTED_EDGE('',*,*,#4965,.F.);
#6680=ORIENTED_EDGE('',*,*,#4978,.T.);
#6681=ORIENTED_EDGE('',*,*,#4976,.T.);
#6682=ORIENTED_EDGE('',*,*,#4964,.F.);
#6683=ORIENTED_EDGE('',*,*,#4971,.T.);
#6684=ORIENTED_EDGE('',*,*,#4979,.F.);
#6685=ORIENTED_EDGE('',*,*,#4980,.T.);
#6686=ORIENTED_EDGE('',*,*,#4564,.T.);
#6687=ORIENTED_EDGE('',*,*,#4977,.F.);
#6688=ORIENTED_EDGE('',*,*,#4978,.F.);
#6689=ORIENTED_EDGE('',*,*,#4981,.F.);
#6690=ORIENTED_EDGE('',*,*,#4980,.F.);
#6691=ORIENTED_EDGE('',*,*,#4982,.F.);
#6692=ORIENTED_EDGE('',*,*,#4565,.F.);
#6693=ORIENTED_EDGE('',*,*,#4981,.T.);
#6694=ORIENTED_EDGE('',*,*,#4983,.F.);
#6695=ORIENTED_EDGE('',*,*,#4984,.T.);
#6696=ORIENTED_EDGE('',*,*,#4567,.F.);
#6697=ORIENTED_EDGE('',*,*,#4985,.F.);
#6698=ORIENTED_EDGE('',*,*,#4568,.T.);
#6699=ORIENTED_EDGE('',*,*,#4984,.F.);
#6700=ORIENTED_EDGE('',*,*,#4986,.F.);
#6701=ORIENTED_EDGE('',*,*,#4763,.F.);
#6702=ORIENTED_EDGE('',*,*,#4986,.T.);
#6703=ORIENTED_EDGE('',*,*,#4983,.T.);
#6704=ORIENTED_EDGE('',*,*,#4987,.F.);
#6705=ORIENTED_EDGE('',*,*,#4988,.T.);
#6706=ORIENTED_EDGE('',*,*,#4989,.F.);
#6707=ORIENTED_EDGE('',*,*,#4761,.T.);
#6708=ORIENTED_EDGE('',*,*,#4990,.T.);
#6709=ORIENTED_EDGE('',*,*,#4987,.T.);
#6710=ORIENTED_EDGE('',*,*,#4985,.T.);
#6711=ORIENTED_EDGE('',*,*,#4566,.F.);
#6712=ORIENTED_EDGE('',*,*,#4982,.T.);
#6713=ORIENTED_EDGE('',*,*,#4979,.T.);
#6714=ORIENTED_EDGE('',*,*,#4975,.F.);
#6715=ORIENTED_EDGE('',*,*,#4991,.T.);
#6716=ORIENTED_EDGE('',*,*,#4988,.F.);
#6717=ORIENTED_EDGE('',*,*,#4992,.T.);
#6718=ORIENTED_EDGE('',*,*,#4783,.F.);
#6719=ORIENTED_EDGE('',*,*,#4993,.F.);
#6720=ORIENTED_EDGE('',*,*,#4990,.F.);
#6721=ORIENTED_EDGE('',*,*,#4994,.F.);
#6722=ORIENTED_EDGE('',*,*,#4663,.F.);
#6723=ORIENTED_EDGE('',*,*,#4766,.T.);
#6724=ORIENTED_EDGE('',*,*,#4769,.T.);
#6725=ORIENTED_EDGE('',*,*,#4772,.T.);
#6726=ORIENTED_EDGE('',*,*,#4775,.F.);
#6727=ORIENTED_EDGE('',*,*,#4776,.T.);
#6728=ORIENTED_EDGE('',*,*,#4781,.F.);
#6729=ORIENTED_EDGE('',*,*,#4784,.T.);
#6730=ORIENTED_EDGE('',*,*,#4992,.F.);
#6731=ORIENTED_EDGE('',*,*,#4993,.T.);
#6732=ORIENTED_EDGE('',*,*,#4782,.F.);
#6733=ORIENTED_EDGE('',*,*,#4779,.T.);
#6734=ORIENTED_EDGE('',*,*,#4777,.F.);
#6735=ORIENTED_EDGE('',*,*,#4773,.F.);
#6736=ORIENTED_EDGE('',*,*,#4770,.F.);
#6737=ORIENTED_EDGE('',*,*,#4767,.F.);
#6738=ORIENTED_EDGE('',*,*,#4764,.F.);
#6739=ORIENTED_EDGE('',*,*,#4661,.F.);
#6740=ORIENTED_EDGE('',*,*,#4995,.F.);
#6741=ORIENTED_EDGE('',*,*,#4996,.T.);
#6742=ORIENTED_EDGE('',*,*,#4997,.T.);
#6743=ORIENTED_EDGE('',*,*,#4998,.T.);
#6744=ORIENTED_EDGE('',*,*,#4999,.T.);
#6745=ORIENTED_EDGE('',*,*,#4570,.F.);
#6746=ORIENTED_EDGE('',*,*,#4762,.T.);
#6747=ORIENTED_EDGE('',*,*,#4989,.T.);
#6748=ORIENTED_EDGE('',*,*,#4996,.F.);
#6749=ORIENTED_EDGE('',*,*,#5000,.T.);
#6750=ORIENTED_EDGE('',*,*,#4997,.F.);
#6751=ORIENTED_EDGE('',*,*,#5001,.F.);
#6752=ORIENTED_EDGE('',*,*,#4688,.F.);
#6753=ORIENTED_EDGE('',*,*,#4685,.T.);
#6754=ORIENTED_EDGE('',*,*,#4682,.T.);
#6755=ORIENTED_EDGE('',*,*,#4679,.T.);
#6756=ORIENTED_EDGE('',*,*,#4676,.F.);
#6757=ORIENTED_EDGE('',*,*,#4671,.T.);
#6758=ORIENTED_EDGE('',*,*,#4670,.F.);
#6759=ORIENTED_EDGE('',*,*,#4667,.T.);
#6760=ORIENTED_EDGE('',*,*,#5002,.F.);
#6761=ORIENTED_EDGE('',*,*,#5003,.F.);
#6762=ORIENTED_EDGE('',*,*,#5002,.T.);
#6763=ORIENTED_EDGE('',*,*,#4666,.F.);
#6764=ORIENTED_EDGE('',*,*,#5004,.F.);
#6765=ORIENTED_EDGE('',*,*,#5004,.T.);
#6766=ORIENTED_EDGE('',*,*,#4665,.F.);
#6767=ORIENTED_EDGE('',*,*,#4669,.T.);
#6768=ORIENTED_EDGE('',*,*,#4673,.F.);
#6769=ORIENTED_EDGE('',*,*,#4675,.F.);
#6770=ORIENTED_EDGE('',*,*,#4678,.F.);
#6771=ORIENTED_EDGE('',*,*,#4681,.F.);
#6772=ORIENTED_EDGE('',*,*,#4684,.F.);
#6773=ORIENTED_EDGE('',*,*,#4687,.F.);
#6774=ORIENTED_EDGE('',*,*,#5005,.F.);
#6775=ORIENTED_EDGE('',*,*,#5006,.T.);
#6776=ORIENTED_EDGE('',*,*,#5007,.F.);
#6777=ORIENTED_EDGE('',*,*,#5008,.T.);
#6778=ORIENTED_EDGE('',*,*,#4571,.F.);
#6779=ORIENTED_EDGE('',*,*,#4999,.F.);
#6780=ORIENTED_EDGE('',*,*,#5009,.T.);
#6781=ORIENTED_EDGE('',*,*,#5007,.T.);
#6782=ORIENTED_EDGE('',*,*,#4998,.F.);
#6783=ORIENTED_EDGE('',*,*,#5003,.T.);
#6784=ORIENTED_EDGE('',*,*,#5010,.F.);
#6785=ORIENTED_EDGE('',*,*,#5011,.T.);
#6786=ORIENTED_EDGE('',*,*,#4572,.T.);
#6787=ORIENTED_EDGE('',*,*,#5008,.F.);
#6788=ORIENTED_EDGE('',*,*,#5009,.F.);
#6789=ORIENTED_EDGE('',*,*,#5012,.F.);
#6790=ORIENTED_EDGE('',*,*,#5011,.F.);
#6791=ORIENTED_EDGE('',*,*,#5013,.F.);
#6792=ORIENTED_EDGE('',*,*,#4573,.F.);
#6793=ORIENTED_EDGE('',*,*,#5012,.T.);
#6794=ORIENTED_EDGE('',*,*,#5014,.F.);
#6795=ORIENTED_EDGE('',*,*,#5015,.T.);
#6796=ORIENTED_EDGE('',*,*,#4575,.F.);
#6797=ORIENTED_EDGE('',*,*,#5016,.F.);
#6798=ORIENTED_EDGE('',*,*,#4576,.T.);
#6799=ORIENTED_EDGE('',*,*,#5015,.F.);
#6800=ORIENTED_EDGE('',*,*,#5017,.F.);
#6801=ORIENTED_EDGE('',*,*,#4691,.F.);
#6802=ORIENTED_EDGE('',*,*,#5017,.T.);
#6803=ORIENTED_EDGE('',*,*,#5014,.T.);
#6804=ORIENTED_EDGE('',*,*,#5018,.F.);
#6805=ORIENTED_EDGE('',*,*,#5019,.T.);
#6806=ORIENTED_EDGE('',*,*,#5020,.F.);
#6807=ORIENTED_EDGE('',*,*,#4689,.T.);
#6808=ORIENTED_EDGE('',*,*,#5021,.T.);
#6809=ORIENTED_EDGE('',*,*,#5018,.T.);
#6810=ORIENTED_EDGE('',*,*,#5016,.T.);
#6811=ORIENTED_EDGE('',*,*,#4574,.F.);
#6812=ORIENTED_EDGE('',*,*,#5013,.T.);
#6813=ORIENTED_EDGE('',*,*,#5010,.T.);
#6814=ORIENTED_EDGE('',*,*,#5006,.F.);
#6815=ORIENTED_EDGE('',*,*,#5022,.T.);
#6816=ORIENTED_EDGE('',*,*,#5019,.F.);
#6817=ORIENTED_EDGE('',*,*,#5023,.T.);
#6818=ORIENTED_EDGE('',*,*,#4694,.F.);
#6819=ORIENTED_EDGE('',*,*,#5024,.F.);
#6820=ORIENTED_EDGE('',*,*,#5021,.F.);
#6821=ORIENTED_EDGE('',*,*,#5025,.F.);
#6822=ORIENTED_EDGE('',*,*,#5026,.F.);
#6823=ORIENTED_EDGE('',*,*,#5027,.T.);
#6824=ORIENTED_EDGE('',*,*,#5028,.T.);
#6825=ORIENTED_EDGE('',*,*,#5029,.T.);
#6826=ORIENTED_EDGE('',*,*,#4704,.F.);
#6827=ORIENTED_EDGE('',*,*,#4699,.T.);
#6828=ORIENTED_EDGE('',*,*,#4698,.F.);
#6829=ORIENTED_EDGE('',*,*,#4695,.T.);
#6830=ORIENTED_EDGE('',*,*,#5023,.F.);
#6831=ORIENTED_EDGE('',*,*,#5024,.T.);
#6832=ORIENTED_EDGE('',*,*,#4693,.F.);
#6833=ORIENTED_EDGE('',*,*,#4697,.T.);
#6834=ORIENTED_EDGE('',*,*,#4701,.F.);
#6835=ORIENTED_EDGE('',*,*,#4703,.F.);
#6836=ORIENTED_EDGE('',*,*,#5030,.F.);
#6837=ORIENTED_EDGE('',*,*,#5031,.F.);
#6838=ORIENTED_EDGE('',*,*,#5032,.F.);
#6839=ORIENTED_EDGE('',*,*,#5033,.F.);
#6840=ORIENTED_EDGE('',*,*,#5034,.F.);
#6841=ORIENTED_EDGE('',*,*,#5035,.T.);
#6842=ORIENTED_EDGE('',*,*,#5036,.T.);
#6843=ORIENTED_EDGE('',*,*,#5037,.T.);
#6844=ORIENTED_EDGE('',*,*,#5038,.T.);
#6845=ORIENTED_EDGE('',*,*,#4578,.F.);
#6846=ORIENTED_EDGE('',*,*,#4690,.T.);
#6847=ORIENTED_EDGE('',*,*,#5020,.T.);
#6848=ORIENTED_EDGE('',*,*,#5035,.F.);
#6849=ORIENTED_EDGE('',*,*,#5039,.T.);
#6850=ORIENTED_EDGE('',*,*,#5036,.F.);
#6851=ORIENTED_EDGE('',*,*,#5040,.F.);
#6852=ORIENTED_EDGE('',*,*,#5041,.F.);
#6853=ORIENTED_EDGE('',*,*,#5042,.T.);
#6854=ORIENTED_EDGE('',*,*,#5043,.T.);
#6855=ORIENTED_EDGE('',*,*,#5044,.T.);
#6856=ORIENTED_EDGE('',*,*,#5045,.F.);
#6857=ORIENTED_EDGE('',*,*,#5046,.T.);
#6858=ORIENTED_EDGE('',*,*,#5047,.F.);
#6859=ORIENTED_EDGE('',*,*,#5048,.T.);
#6860=ORIENTED_EDGE('',*,*,#5049,.F.);
#6861=ORIENTED_EDGE('',*,*,#5050,.F.);
#6862=ORIENTED_EDGE('',*,*,#5049,.T.);
#6863=ORIENTED_EDGE('',*,*,#5051,.F.);
#6864=ORIENTED_EDGE('',*,*,#5052,.F.);
#6865=ORIENTED_EDGE('',*,*,#5052,.T.);
#6866=ORIENTED_EDGE('',*,*,#5053,.F.);
#6867=ORIENTED_EDGE('',*,*,#5054,.T.);
#6868=ORIENTED_EDGE('',*,*,#5055,.F.);
#6869=ORIENTED_EDGE('',*,*,#5056,.F.);
#6870=ORIENTED_EDGE('',*,*,#5057,.F.);
#6871=ORIENTED_EDGE('',*,*,#5058,.F.);
#6872=ORIENTED_EDGE('',*,*,#5059,.F.);
#6873=ORIENTED_EDGE('',*,*,#5060,.F.);
#6874=ORIENTED_EDGE('',*,*,#5061,.F.);
#6875=ORIENTED_EDGE('',*,*,#5062,.T.);
#6876=ORIENTED_EDGE('',*,*,#5063,.F.);
#6877=ORIENTED_EDGE('',*,*,#5064,.T.);
#6878=ORIENTED_EDGE('',*,*,#4579,.F.);
#6879=ORIENTED_EDGE('',*,*,#5038,.F.);
#6880=ORIENTED_EDGE('',*,*,#5065,.T.);
#6881=ORIENTED_EDGE('',*,*,#5063,.T.);
#6882=ORIENTED_EDGE('',*,*,#5037,.F.);
#6883=ORIENTED_EDGE('',*,*,#5050,.T.);
#6884=ORIENTED_EDGE('',*,*,#5066,.F.);
#6885=ORIENTED_EDGE('',*,*,#5067,.T.);
#6886=ORIENTED_EDGE('',*,*,#4580,.T.);
#6887=ORIENTED_EDGE('',*,*,#5064,.F.);
#6888=ORIENTED_EDGE('',*,*,#5065,.F.);
#6889=ORIENTED_EDGE('',*,*,#5068,.F.);
#6890=ORIENTED_EDGE('',*,*,#5067,.F.);
#6891=ORIENTED_EDGE('',*,*,#5069,.F.);
#6892=ORIENTED_EDGE('',*,*,#4581,.F.);
#6893=ORIENTED_EDGE('',*,*,#5068,.T.);
#6894=ORIENTED_EDGE('',*,*,#5070,.F.);
#6895=ORIENTED_EDGE('',*,*,#5071,.T.);
#6896=ORIENTED_EDGE('',*,*,#4583,.F.);
#6897=ORIENTED_EDGE('',*,*,#5072,.F.);
#6898=ORIENTED_EDGE('',*,*,#4584,.T.);
#6899=ORIENTED_EDGE('',*,*,#5071,.F.);
#6900=ORIENTED_EDGE('',*,*,#5073,.F.);
#6901=ORIENTED_EDGE('',*,*,#5074,.F.);
#6902=ORIENTED_EDGE('',*,*,#5073,.T.);
#6903=ORIENTED_EDGE('',*,*,#5070,.T.);
#6904=ORIENTED_EDGE('',*,*,#5075,.F.);
#6905=ORIENTED_EDGE('',*,*,#5076,.T.);
#6906=ORIENTED_EDGE('',*,*,#5077,.F.);
#6907=ORIENTED_EDGE('',*,*,#5078,.T.);
#6908=ORIENTED_EDGE('',*,*,#5079,.T.);
#6909=ORIENTED_EDGE('',*,*,#5075,.T.);
#6910=ORIENTED_EDGE('',*,*,#5072,.T.);
#6911=ORIENTED_EDGE('',*,*,#4582,.F.);
#6912=ORIENTED_EDGE('',*,*,#5069,.T.);
#6913=ORIENTED_EDGE('',*,*,#5066,.T.);
#6914=ORIENTED_EDGE('',*,*,#5062,.F.);
#6915=ORIENTED_EDGE('',*,*,#5080,.T.);
#6916=ORIENTED_EDGE('',*,*,#5076,.F.);
#6917=ORIENTED_EDGE('',*,*,#5081,.T.);
#6918=ORIENTED_EDGE('',*,*,#5082,.F.);
#6919=ORIENTED_EDGE('',*,*,#5083,.F.);
#6920=ORIENTED_EDGE('',*,*,#5079,.F.);
#6921=ORIENTED_EDGE('',*,*,#5084,.F.);
#6922=ORIENTED_EDGE('',*,*,#4791,.F.);
#6923=ORIENTED_EDGE('',*,*,#4750,.T.);
#6924=ORIENTED_EDGE('',*,*,#5085,.T.);
#6925=ORIENTED_EDGE('',*,*,#5086,.T.);
#6926=ORIENTED_EDGE('',*,*,#5087,.F.);
#6927=ORIENTED_EDGE('',*,*,#5088,.T.);
#6928=ORIENTED_EDGE('',*,*,#5089,.F.);
#6929=ORIENTED_EDGE('',*,*,#5090,.T.);
#6930=ORIENTED_EDGE('',*,*,#5081,.F.);
#6931=ORIENTED_EDGE('',*,*,#5083,.T.);
#6932=ORIENTED_EDGE('',*,*,#5091,.F.);
#6933=ORIENTED_EDGE('',*,*,#5092,.T.);
#6934=ORIENTED_EDGE('',*,*,#5093,.F.);
#6935=ORIENTED_EDGE('',*,*,#5094,.F.);
#6936=ORIENTED_EDGE('',*,*,#5095,.F.);
#6937=ORIENTED_EDGE('',*,*,#5096,.F.);
#6938=ORIENTED_EDGE('',*,*,#4748,.F.);
#6939=ORIENTED_EDGE('',*,*,#4790,.F.);
#6940=ORIENTED_EDGE('',*,*,#5097,.T.);
#6941=ORIENTED_EDGE('',*,*,#5098,.F.);
#6942=ORIENTED_EDGE('',*,*,#5099,.T.);
#6943=ORIENTED_EDGE('',*,*,#4898,.T.);
#6944=ORIENTED_EDGE('',*,*,#4620,.F.);
#6945=ORIENTED_EDGE('',*,*,#4904,.T.);
#6946=ORIENTED_EDGE('',*,*,#5100,.T.);
#6947=ORIENTED_EDGE('',*,*,#4926,.T.);
#6948=ORIENTED_EDGE('',*,*,#5101,.F.);
#6949=ORIENTED_EDGE('',*,*,#4915,.T.);
#6950=ORIENTED_EDGE('',*,*,#5102,.T.);
#6951=ORIENTED_EDGE('',*,*,#5103,.T.);
#6952=ORIENTED_EDGE('',*,*,#5104,.F.);
#6953=ORIENTED_EDGE('',*,*,#5105,.T.);
#6954=ORIENTED_EDGE('',*,*,#4826,.F.);
#6955=ORIENTED_EDGE('',*,*,#4852,.F.);
#6956=ORIENTED_EDGE('',*,*,#4545,.F.);
#6957=ORIENTED_EDGE('',*,*,#4822,.T.);
#6958=ORIENTED_EDGE('',*,*,#5106,.F.);
#6959=ORIENTED_EDGE('',*,*,#5107,.T.);
#6960=ORIENTED_EDGE('',*,*,#5108,.F.);
#6961=ORIENTED_EDGE('',*,*,#4629,.F.);
#6962=ORIENTED_EDGE('',*,*,#5109,.F.);
#6963=ORIENTED_EDGE('',*,*,#5110,.T.);
#6964=ORIENTED_EDGE('',*,*,#5111,.T.);
#6965=ORIENTED_EDGE('',*,*,#5112,.F.);
#6966=ORIENTED_EDGE('',*,*,#5113,.F.);
#6967=ORIENTED_EDGE('',*,*,#4272,.T.);
#6968=ORIENTED_EDGE('',*,*,#4261,.T.);
#6969=ORIENTED_EDGE('',*,*,#4283,.T.);
#6970=ORIENTED_EDGE('',*,*,#5114,.F.);
#6971=ORIENTED_EDGE('',*,*,#5115,.F.);
#6972=ORIENTED_EDGE('',*,*,#5116,.F.);
#6973=ORIENTED_EDGE('',*,*,#5117,.F.);
#6974=ORIENTED_EDGE('',*,*,#5118,.T.);
#6975=ORIENTED_EDGE('',*,*,#5119,.T.);
#6976=ORIENTED_EDGE('',*,*,#5120,.F.);
#6977=ORIENTED_EDGE('',*,*,#5121,.T.);
#6978=ORIENTED_EDGE('',*,*,#5122,.T.);
#6979=ORIENTED_EDGE('',*,*,#4958,.T.);
#6980=ORIENTED_EDGE('',*,*,#4644,.F.);
#6981=ORIENTED_EDGE('',*,*,#4953,.T.);
#6982=ORIENTED_EDGE('',*,*,#4906,.F.);
#6983=ORIENTED_EDGE('',*,*,#5123,.T.);
#6984=ORIENTED_EDGE('',*,*,#4896,.T.);
#6985=ORIENTED_EDGE('',*,*,#5124,.F.);
#6986=ORIENTED_EDGE('',*,*,#5125,.T.);
#6987=ORIENTED_EDGE('',*,*,#4808,.T.);
#6988=ORIENTED_EDGE('',*,*,#5126,.F.);
#6989=ORIENTED_EDGE('',*,*,#4802,.T.);
#6990=ORIENTED_EDGE('',*,*,#4787,.T.);
#6991=ORIENTED_EDGE('',*,*,#4872,.T.);
#6992=ORIENTED_EDGE('',*,*,#5127,.F.);
#6993=ORIENTED_EDGE('',*,*,#4855,.F.);
#6994=ORIENTED_EDGE('',*,*,#5128,.T.);
#6995=ORIENTED_EDGE('',*,*,#4633,.T.);
#6996=ORIENTED_EDGE('',*,*,#5129,.F.);
#6997=ORIENTED_EDGE('',*,*,#5130,.T.);
#6998=ORIENTED_EDGE('',*,*,#5131,.F.);
#6999=ORIENTED_EDGE('',*,*,#4387,.F.);
#7000=ORIENTED_EDGE('',*,*,#5132,.F.);
#7001=ORIENTED_EDGE('',*,*,#5133,.F.);
#7002=ORIENTED_EDGE('',*,*,#5134,.T.);
#7003=ORIENTED_EDGE('',*,*,#5135,.T.);
#7004=ORIENTED_EDGE('',*,*,#5136,.T.);
#7005=ORIENTED_EDGE('',*,*,#5137,.F.);
#7006=ORIENTED_EDGE('',*,*,#4944,.F.);
#7007=ORIENTED_EDGE('',*,*,#4966,.F.);
#7008=ORIENTED_EDGE('',*,*,#4561,.F.);
#7009=ORIENTED_EDGE('',*,*,#4940,.T.);
#7010=ORIENTED_EDGE('',*,*,#5138,.T.);
#7011=ORIENTED_EDGE('',*,*,#5032,.T.);
#7012=ORIENTED_EDGE('',*,*,#5139,.F.);
#7013=ORIENTED_EDGE('',*,*,#5027,.F.);
#7014=ORIENTED_EDGE('',*,*,#5140,.T.);
#7015=ORIENTED_EDGE('',*,*,#4866,.T.);
#7016=ORIENTED_EDGE('',*,*,#4864,.T.);
#7017=ORIENTED_EDGE('',*,*,#4861,.F.);
#7018=ORIENTED_EDGE('',*,*,#5141,.T.);
#7019=ORIENTED_EDGE('',*,*,#4840,.T.);
#7020=ORIENTED_EDGE('',*,*,#4830,.T.);
#7021=ORIENTED_EDGE('',*,*,#4839,.F.);
#7022=ORIENTED_EDGE('',*,*,#4890,.F.);
#7023=ORIENTED_EDGE('',*,*,#4912,.F.);
#7024=ORIENTED_EDGE('',*,*,#4553,.F.);
#7025=ORIENTED_EDGE('',*,*,#4886,.T.);
#7026=ORIENTED_EDGE('',*,*,#5127,.T.);
#7027=ORIENTED_EDGE('',*,*,#4871,.T.);
#7028=ORIENTED_EDGE('',*,*,#5142,.F.);
#7029=ORIENTED_EDGE('',*,*,#4856,.F.);
#7030=ORIENTED_EDGE('',*,*,#5143,.T.);
#7031=ORIENTED_EDGE('',*,*,#5030,.T.);
#7032=ORIENTED_EDGE('',*,*,#4702,.F.);
#7033=ORIENTED_EDGE('',*,*,#5029,.F.);
#7034=ORIENTED_EDGE('',*,*,#5144,.T.);
#7035=ORIENTED_EDGE('',*,*,#4959,.T.);
#7036=ORIENTED_EDGE('',*,*,#5122,.F.);
#7037=ORIENTED_EDGE('',*,*,#4952,.F.);
#7038=ORIENTED_EDGE('',*,*,#5126,.T.);
#7039=ORIENTED_EDGE('',*,*,#4807,.T.);
#7040=ORIENTED_EDGE('',*,*,#4398,.F.);
#7041=ORIENTED_EDGE('',*,*,#4803,.F.);
#7042=ORIENTED_EDGE('',*,*,#5145,.T.);
#7043=ORIENTED_EDGE('',*,*,#4846,.T.);
#7044=ORIENTED_EDGE('',*,*,#5146,.F.);
#7045=ORIENTED_EDGE('',*,*,#4833,.T.);
#7046=ORIENTED_EDGE('',*,*,#5139,.T.);
#7047=ORIENTED_EDGE('',*,*,#5031,.T.);
#7048=ORIENTED_EDGE('',*,*,#5143,.F.);
#7049=ORIENTED_EDGE('',*,*,#5028,.F.);
#7050=ORIENTED_EDGE('',*,*,#5147,.T.);
#7051=ORIENTED_EDGE('',*,*,#4869,.T.);
#7052=ORIENTED_EDGE('',*,*,#5148,.F.);
#7053=ORIENTED_EDGE('',*,*,#4858,.T.);
#7054=ORIENTED_EDGE('',*,*,#5124,.T.);
#7055=ORIENTED_EDGE('',*,*,#4895,.F.);
#7056=ORIENTED_EDGE('',*,*,#5149,.F.);
#7057=ORIENTED_EDGE('',*,*,#4907,.T.);
#7058=ORIENTED_EDGE('',*,*,#5150,.F.);
#7059=ORIENTED_EDGE('',*,*,#5151,.F.);
#7060=ORIENTED_EDGE('',*,*,#4709,.F.);
#7061=ORIENTED_EDGE('',*,*,#5152,.T.);
#7062=ORIENTED_EDGE('',*,*,#5153,.T.);
#7063=ORIENTED_EDGE('',*,*,#5154,.T.);
#7064=ORIENTED_EDGE('',*,*,#5130,.F.);
#7065=ORIENTED_EDGE('',*,*,#5155,.T.);
#7066=ORIENTED_EDGE('',*,*,#5156,.F.);
#7067=ORIENTED_EDGE('',*,*,#5157,.T.);
#7068=ORIENTED_EDGE('',*,*,#5107,.F.);
#7069=ORIENTED_EDGE('',*,*,#5158,.T.);
#7070=ORIENTED_EDGE('',*,*,#4630,.T.);
#7071=ORIENTED_EDGE('',*,*,#5108,.T.);
#7072=ORIENTED_EDGE('',*,*,#5157,.F.);
#7073=ORIENTED_EDGE('',*,*,#5159,.T.);
#7074=ORIENTED_EDGE('',*,*,#4841,.F.);
#7075=ORIENTED_EDGE('',*,*,#5141,.F.);
#7076=ORIENTED_EDGE('',*,*,#4838,.T.);
#7077=ORIENTED_EDGE('',*,*,#5101,.T.);
#7078=ORIENTED_EDGE('',*,*,#4925,.T.);
#7079=ORIENTED_EDGE('',*,*,#4624,.F.);
#7080=ORIENTED_EDGE('',*,*,#4916,.F.);
#7081=ORIENTED_EDGE('',*,*,#5160,.T.);
#7082=ORIENTED_EDGE('',*,*,#4867,.F.);
#7083=ORIENTED_EDGE('',*,*,#5140,.F.);
#7084=ORIENTED_EDGE('',*,*,#4860,.T.);
#7085=ORIENTED_EDGE('',*,*,#4457,.T.);
#7086=ORIENTED_EDGE('',*,*,#4843,.T.);
#7087=ORIENTED_EDGE('',*,*,#5161,.F.);
#7088=ORIENTED_EDGE('',*,*,#4836,.T.);
#7089=ORIENTED_EDGE('',*,*,#5162,.T.);
#7090=ORIENTED_EDGE('',*,*,#4844,.T.);
#7091=ORIENTED_EDGE('',*,*,#4455,.F.);
#7092=ORIENTED_EDGE('',*,*,#4835,.F.);
#7093=ORIENTED_EDGE('',*,*,#5149,.T.);
#7094=ORIENTED_EDGE('',*,*,#4894,.T.);
#7095=ORIENTED_EDGE('',*,*,#4902,.T.);
#7096=ORIENTED_EDGE('',*,*,#4908,.F.);
#7097=ORIENTED_EDGE('',*,*,#4423,.T.);
#7098=ORIENTED_EDGE('',*,*,#4924,.F.);
#7099=ORIENTED_EDGE('',*,*,#5163,.F.);
#7100=ORIENTED_EDGE('',*,*,#4917,.T.);
#7101=ORIENTED_EDGE('',*,*,#4749,.T.);
#7102=ORIENTED_EDGE('',*,*,#5096,.T.);
#7103=ORIENTED_EDGE('',*,*,#5164,.F.);
#7104=ORIENTED_EDGE('',*,*,#5085,.F.);
#7105=ORIENTED_EDGE('',*,*,#5046,.F.);
#7106=ORIENTED_EDGE('',*,*,#5165,.T.);
#7107=ORIENTED_EDGE('',*,*,#5055,.T.);
#7108=ORIENTED_EDGE('',*,*,#5166,.F.);
#7109=ORIENTED_EDGE('',*,*,#5167,.T.);
#7110=ORIENTED_EDGE('',*,*,#5057,.T.);
#7111=ORIENTED_EDGE('',*,*,#5168,.F.);
#7112=ORIENTED_EDGE('',*,*,#5044,.F.);
#7113=ORIENTED_EDGE('',*,*,#5168,.T.);
#7114=ORIENTED_EDGE('',*,*,#5056,.T.);
#7115=ORIENTED_EDGE('',*,*,#5165,.F.);
#7116=ORIENTED_EDGE('',*,*,#5045,.T.);
#7117=ORIENTED_EDGE('',*,*,#5169,.T.);
#7118=ORIENTED_EDGE('',*,*,#5033,.T.);
#7119=ORIENTED_EDGE('',*,*,#5138,.F.);
#7120=ORIENTED_EDGE('',*,*,#5026,.T.);
#7121=ORIENTED_EDGE('',*,*,#5170,.T.);
#7122=ORIENTED_EDGE('',*,*,#5053,.T.);
#7123=ORIENTED_EDGE('',*,*,#5051,.T.);
#7124=ORIENTED_EDGE('',*,*,#5048,.F.);
#7125=ORIENTED_EDGE('',*,*,#5166,.T.);
#7126=ORIENTED_EDGE('',*,*,#5054,.F.);
#7127=ORIENTED_EDGE('',*,*,#5170,.F.);
#7128=ORIENTED_EDGE('',*,*,#5047,.T.);
#7129=ORIENTED_EDGE('',*,*,#5171,.T.);
#7130=ORIENTED_EDGE('',*,*,#5059,.T.);
#7131=ORIENTED_EDGE('',*,*,#5172,.F.);
#7132=ORIENTED_EDGE('',*,*,#5042,.F.);
#7133=ORIENTED_EDGE('',*,*,#5173,.T.);
#7134=ORIENTED_EDGE('',*,*,#5060,.T.);
#7135=ORIENTED_EDGE('',*,*,#5171,.F.);
#7136=ORIENTED_EDGE('',*,*,#5041,.T.);
#7137=ORIENTED_EDGE('',*,*,#5174,.F.);
#7138=ORIENTED_EDGE('',*,*,#5175,.F.);
#7139=ORIENTED_EDGE('',*,*,#4589,.F.);
#7140=ORIENTED_EDGE('',*,*,#5176,.T.);
#7141=ORIENTED_EDGE('',*,*,#5177,.T.);
#7142=ORIENTED_EDGE('',*,*,#5091,.T.);
#7143=ORIENTED_EDGE('',*,*,#5082,.T.);
#7144=ORIENTED_EDGE('',*,*,#5090,.F.);
#7145=ORIENTED_EDGE('',*,*,#5178,.T.);
#7146=ORIENTED_EDGE('',*,*,#5092,.F.);
#7147=ORIENTED_EDGE('',*,*,#5177,.F.);
#7148=ORIENTED_EDGE('',*,*,#5089,.T.);
#7149=ORIENTED_EDGE('',*,*,#5088,.F.);
#7150=ORIENTED_EDGE('',*,*,#5179,.T.);
#7151=ORIENTED_EDGE('',*,*,#5093,.T.);
#7152=ORIENTED_EDGE('',*,*,#5178,.F.);
#7153=ORIENTED_EDGE('',*,*,#5180,.T.);
#7154=ORIENTED_EDGE('',*,*,#5094,.T.);
#7155=ORIENTED_EDGE('',*,*,#5179,.F.);
#7156=ORIENTED_EDGE('',*,*,#5087,.T.);
#7157=ORIENTED_EDGE('',*,*,#5164,.T.);
#7158=ORIENTED_EDGE('',*,*,#5095,.T.);
#7159=ORIENTED_EDGE('',*,*,#5180,.F.);
#7160=ORIENTED_EDGE('',*,*,#5086,.F.);
#7161=ORIENTED_EDGE('',*,*,#5172,.T.);
#7162=ORIENTED_EDGE('',*,*,#5058,.T.);
#7163=ORIENTED_EDGE('',*,*,#5167,.F.);
#7164=ORIENTED_EDGE('',*,*,#5043,.F.);
#7165=ORIENTED_EDGE('',*,*,#5181,.T.);
#7166=ORIENTED_EDGE('',*,*,#4956,.T.);
#7167=ORIENTED_EDGE('',*,*,#4948,.T.);
#7168=ORIENTED_EDGE('',*,*,#4955,.F.);
#7169=ORIENTED_EDGE('',*,*,#5163,.T.);
#7170=ORIENTED_EDGE('',*,*,#4923,.T.);
#7171=ORIENTED_EDGE('',*,*,#4921,.T.);
#7172=ORIENTED_EDGE('',*,*,#4918,.F.);
#7173=ORIENTED_EDGE('',*,*,#5142,.T.);
#7174=ORIENTED_EDGE('',*,*,#4870,.T.);
#7175=ORIENTED_EDGE('',*,*,#5147,.F.);
#7176=ORIENTED_EDGE('',*,*,#4857,.F.);
#7177=ORIENTED_EDGE('',*,*,#4745,.T.);
#7178=ORIENTED_EDGE('',*,*,#4973,.T.);
#7179=ORIENTED_EDGE('',*,*,#4723,.F.);
#7180=ORIENTED_EDGE('',*,*,#4969,.F.);
#7181=ORIENTED_EDGE('',*,*,#4859,.F.);
#7182=ORIENTED_EDGE('',*,*,#5148,.T.);
#7183=ORIENTED_EDGE('',*,*,#4868,.T.);
#7184=ORIENTED_EDGE('',*,*,#5160,.F.);
#7185=ORIENTED_EDGE('',*,*,#5182,.F.);
#7186=ORIENTED_EDGE('',*,*,#5183,.F.);
#7187=ORIENTED_EDGE('',*,*,#4593,.F.);
#7188=ORIENTED_EDGE('',*,*,#5184,.T.);
#7189=ORIENTED_EDGE('',*,*,#5146,.T.);
#7190=ORIENTED_EDGE('',*,*,#4845,.T.);
#7191=ORIENTED_EDGE('',*,*,#5162,.F.);
#7192=ORIENTED_EDGE('',*,*,#4834,.F.);
#7193=ORIENTED_EDGE('',*,*,#4738,.T.);
#7194=ORIENTED_EDGE('',*,*,#4897,.T.);
#7195=ORIENTED_EDGE('',*,*,#5123,.F.);
#7196=ORIENTED_EDGE('',*,*,#4905,.T.);
#7197=ORIENTED_EDGE('',*,*,#4646,.T.);
#7198=ORIENTED_EDGE('',*,*,#4957,.F.);
#7199=ORIENTED_EDGE('',*,*,#5181,.F.);
#7200=ORIENTED_EDGE('',*,*,#4954,.T.);
#7201=ORIENTED_EDGE('',*,*,#4837,.F.);
#7202=ORIENTED_EDGE('',*,*,#5161,.T.);
#7203=ORIENTED_EDGE('',*,*,#4842,.T.);
#7204=ORIENTED_EDGE('',*,*,#5159,.F.);
#7205=ORIENTED_EDGE('',*,*,#4718,.T.);
#7206=ORIENTED_EDGE('',*,*,#4960,.T.);
#7207=ORIENTED_EDGE('',*,*,#5144,.F.);
#7208=ORIENTED_EDGE('',*,*,#4951,.F.);
#7209=ORIENTED_EDGE('',*,*,#5150,.T.);
#7210=ORIENTED_EDGE('',*,*,#5185,.T.);
#7211=ORIENTED_EDGE('',*,*,#5186,.T.);
#7212=ORIENTED_EDGE('',*,*,#4586,.F.);
#7213=ORIENTED_EDGE('',*,*,#5187,.T.);
#7214=ORIENTED_EDGE('',*,*,#5077,.T.);
#7215=ORIENTED_EDGE('',*,*,#5098,.T.);
#7216=ORIENTED_EDGE('',*,*,#5188,.T.);
#7217=ORIENTED_EDGE('',*,*,#5189,.F.);
#7218=ORIENTED_EDGE('',*,*,#5190,.T.);
#7219=ORIENTED_EDGE('',*,*,#4587,.F.);
#7220=ORIENTED_EDGE('',*,*,#5186,.F.);
#7221=ORIENTED_EDGE('',*,*,#5191,.T.);
#7222=ORIENTED_EDGE('',*,*,#5189,.T.);
#7223=ORIENTED_EDGE('',*,*,#5185,.F.);
#7224=ORIENTED_EDGE('',*,*,#5106,.T.);
#7225=ORIENTED_EDGE('',*,*,#5192,.F.);
#7226=ORIENTED_EDGE('',*,*,#5174,.T.);
#7227=ORIENTED_EDGE('',*,*,#4588,.T.);
#7228=ORIENTED_EDGE('',*,*,#5190,.F.);
#7229=ORIENTED_EDGE('',*,*,#5191,.F.);
#7230=ORIENTED_EDGE('',*,*,#5176,.F.);
#7231=ORIENTED_EDGE('',*,*,#5155,.F.);
#7232=ORIENTED_EDGE('',*,*,#5129,.T.);
#7233=ORIENTED_EDGE('',*,*,#4632,.T.);
#7234=ORIENTED_EDGE('',*,*,#5193,.F.);
#7235=ORIENTED_EDGE('',*,*,#5194,.F.);
#7236=ORIENTED_EDGE('',*,*,#5195,.F.);
#7237=ORIENTED_EDGE('',*,*,#5196,.F.);
#7238=ORIENTED_EDGE('',*,*,#5197,.T.);
#7239=ORIENTED_EDGE('',*,*,#5198,.T.);
#7240=ORIENTED_EDGE('',*,*,#5199,.T.);
#7241=ORIENTED_EDGE('',*,*,#5105,.F.);
#7242=ORIENTED_EDGE('',*,*,#5200,.T.);
#7243=ORIENTED_EDGE('',*,*,#5201,.F.);
#7244=ORIENTED_EDGE('',*,*,#5202,.T.);
#7245=ORIENTED_EDGE('',*,*,#5203,.F.);
#7246=ORIENTED_EDGE('',*,*,#4708,.T.);
#7247=ORIENTED_EDGE('',*,*,#4636,.T.);
#7248=ORIENTED_EDGE('',*,*,#5204,.F.);
#7249=ORIENTED_EDGE('',*,*,#5152,.F.);
#7250=ORIENTED_EDGE('',*,*,#5078,.F.);
#7251=ORIENTED_EDGE('',*,*,#5187,.F.);
#7252=ORIENTED_EDGE('',*,*,#4585,.F.);
#7253=ORIENTED_EDGE('',*,*,#5074,.T.);
#7254=ORIENTED_EDGE('',*,*,#5205,.T.);
#7255=ORIENTED_EDGE('',*,*,#4634,.T.);
#7256=ORIENTED_EDGE('',*,*,#5128,.F.);
#7257=ORIENTED_EDGE('',*,*,#5154,.F.);
#7258=ORIENTED_EDGE('',*,*,#5206,.T.);
#7259=ORIENTED_EDGE('',*,*,#5207,.F.);
#7260=ORIENTED_EDGE('',*,*,#5208,.T.);
#7261=ORIENTED_EDGE('',*,*,#5209,.T.);
#7262=ORIENTED_EDGE('',*,*,#5210,.T.);
#7263=ORIENTED_EDGE('',*,*,#5211,.T.);
#7264=ORIENTED_EDGE('',*,*,#5212,.F.);
#7265=ORIENTED_EDGE('',*,*,#5213,.F.);
#7266=ORIENTED_EDGE('',*,*,#5214,.F.);
#7267=ORIENTED_EDGE('',*,*,#5215,.F.);
#7268=ORIENTED_EDGE('',*,*,#5121,.F.);
#7269=ORIENTED_EDGE('',*,*,#5216,.T.);
#7270=ORIENTED_EDGE('',*,*,#5217,.T.);
#7271=ORIENTED_EDGE('',*,*,#5213,.T.);
#7272=ORIENTED_EDGE('',*,*,#5218,.F.);
#7273=ORIENTED_EDGE('',*,*,#5109,.T.);
#7274=ORIENTED_EDGE('',*,*,#5219,.F.);
#7275=ORIENTED_EDGE('',*,*,#5137,.T.);
#7276=ORIENTED_EDGE('',*,*,#5220,.F.);
#7277=ORIENTED_EDGE('',*,*,#5221,.T.);
#7278=ORIENTED_EDGE('',*,*,#5222,.F.);
#7279=ORIENTED_EDGE('',*,*,#5223,.F.);
#7280=ORIENTED_EDGE('',*,*,#5201,.T.);
#7281=ORIENTED_EDGE('',*,*,#5193,.T.);
#7282=ORIENTED_EDGE('',*,*,#4631,.F.);
#7283=ORIENTED_EDGE('',*,*,#5158,.F.);
#7284=ORIENTED_EDGE('',*,*,#5156,.T.);
#7285=ORIENTED_EDGE('',*,*,#5204,.T.);
#7286=ORIENTED_EDGE('',*,*,#4635,.T.);
#7287=ORIENTED_EDGE('',*,*,#5205,.F.);
#7288=ORIENTED_EDGE('',*,*,#5153,.F.);
#7289=ORIENTED_EDGE('',*,*,#5120,.T.);
#7290=ORIENTED_EDGE('',*,*,#5224,.T.);
#7291=ORIENTED_EDGE('',*,*,#5225,.F.);
#7292=ORIENTED_EDGE('',*,*,#5216,.F.);
#7293=ORIENTED_EDGE('',*,*,#5200,.F.);
#7294=ORIENTED_EDGE('',*,*,#5104,.T.);
#7295=ORIENTED_EDGE('',*,*,#5226,.T.);
#7296=ORIENTED_EDGE('',*,*,#5221,.F.);
#7297=ORIENTED_EDGE('',*,*,#5214,.T.);
#7298=ORIENTED_EDGE('',*,*,#5227,.T.);
#7299=ORIENTED_EDGE('',*,*,#5228,.T.);
#7300=ORIENTED_EDGE('',*,*,#4590,.F.);
#7301=ORIENTED_EDGE('',*,*,#5175,.T.);
#7302=ORIENTED_EDGE('',*,*,#5192,.T.);
#7303=ORIENTED_EDGE('',*,*,#4639,.T.);
#7304=ORIENTED_EDGE('',*,*,#5229,.T.);
#7305=ORIENTED_EDGE('',*,*,#5230,.T.);
#7306=ORIENTED_EDGE('',*,*,#5135,.F.);
#7307=ORIENTED_EDGE('',*,*,#5231,.T.);
#7308=ORIENTED_EDGE('',*,*,#5111,.F.);
#7309=ORIENTED_EDGE('',*,*,#5232,.F.);
#7310=ORIENTED_EDGE('',*,*,#5211,.F.);
#7311=ORIENTED_EDGE('',*,*,#5233,.F.);
#7312=ORIENTED_EDGE('',*,*,#5224,.F.);
#7313=ORIENTED_EDGE('',*,*,#5119,.F.);
#7314=ORIENTED_EDGE('',*,*,#5234,.T.);
#7315=ORIENTED_EDGE('',*,*,#5235,.F.);
#7316=ORIENTED_EDGE('',*,*,#5236,.T.);
#7317=ORIENTED_EDGE('',*,*,#5237,.T.);
#7318=ORIENTED_EDGE('',*,*,#5227,.F.);
#7319=ORIENTED_EDGE('',*,*,#5238,.T.);
#7320=ORIENTED_EDGE('',*,*,#5239,.F.);
#7321=ORIENTED_EDGE('',*,*,#5182,.T.);
#7322=ORIENTED_EDGE('',*,*,#5237,.F.);
#7323=ORIENTED_EDGE('',*,*,#5240,.T.);
#7324=ORIENTED_EDGE('',*,*,#4591,.F.);
#7325=ORIENTED_EDGE('',*,*,#5228,.F.);
#7326=ORIENTED_EDGE('',*,*,#5212,.T.);
#7327=ORIENTED_EDGE('',*,*,#5232,.T.);
#7328=ORIENTED_EDGE('',*,*,#5110,.F.);
#7329=ORIENTED_EDGE('',*,*,#5218,.T.);
#7330=ORIENTED_EDGE('',*,*,#5112,.T.);
#7331=ORIENTED_EDGE('',*,*,#5231,.F.);
#7332=ORIENTED_EDGE('',*,*,#5134,.F.);
#7333=ORIENTED_EDGE('',*,*,#5219,.T.);
#7334=ORIENTED_EDGE('',*,*,#5241,.F.);
#7335=ORIENTED_EDGE('',*,*,#5203,.T.);
#7336=ORIENTED_EDGE('',*,*,#5242,.F.);
#7337=ORIENTED_EDGE('',*,*,#5243,.F.);
#7338=ORIENTED_EDGE('',*,*,#4592,.T.);
#7339=ORIENTED_EDGE('',*,*,#5240,.F.);
#7340=ORIENTED_EDGE('',*,*,#5236,.F.);
#7341=ORIENTED_EDGE('',*,*,#5184,.F.);
#7342=ORIENTED_EDGE('',*,*,#5238,.F.);
#7343=ORIENTED_EDGE('',*,*,#5220,.T.);
#7344=ORIENTED_EDGE('',*,*,#5136,.F.);
#7345=ORIENTED_EDGE('',*,*,#5230,.F.);
#7346=ORIENTED_EDGE('',*,*,#5244,.T.);
#7347=ORIENTED_EDGE('',*,*,#5245,.F.);
#7348=ORIENTED_EDGE('',*,*,#5246,.T.);
#7349=ORIENTED_EDGE('',*,*,#5247,.F.);
#7350=ORIENTED_EDGE('',*,*,#5248,.F.);
#7351=ORIENTED_EDGE('',*,*,#5249,.F.);
#7352=ORIENTED_EDGE('',*,*,#5250,.F.);
#7353=ORIENTED_EDGE('',*,*,#5251,.F.);
#7354=ORIENTED_EDGE('',*,*,#5252,.F.);
#7355=ORIENTED_EDGE('',*,*,#5253,.T.);
#7356=ORIENTED_EDGE('',*,*,#5254,.F.);
#7357=ORIENTED_EDGE('',*,*,#5255,.T.);
#7358=ORIENTED_EDGE('',*,*,#5249,.T.);
#7359=ORIENTED_EDGE('',*,*,#5256,.F.);
#7360=ORIENTED_EDGE('',*,*,#5257,.F.);
#7361=ORIENTED_EDGE('',*,*,#5258,.T.);
#7362=ORIENTED_EDGE('',*,*,#5259,.T.);
#7363=ORIENTED_EDGE('',*,*,#5102,.F.);
#7364=ORIENTED_EDGE('',*,*,#5199,.F.);
#7365=ORIENTED_EDGE('',*,*,#4290,.F.);
#7366=ORIENTED_EDGE('',*,*,#5260,.F.);
#7367=ORIENTED_EDGE('',*,*,#5261,.F.);
#7368=ORIENTED_EDGE('',*,*,#5262,.F.);
#7369=ORIENTED_EDGE('',*,*,#5263,.T.);
#7370=ORIENTED_EDGE('',*,*,#5264,.T.);
#7371=ORIENTED_EDGE('',*,*,#5258,.F.);
#7372=ORIENTED_EDGE('',*,*,#5198,.F.);
#7373=ORIENTED_EDGE('',*,*,#5225,.T.);
#7374=ORIENTED_EDGE('',*,*,#5233,.T.);
#7375=ORIENTED_EDGE('',*,*,#5210,.F.);
#7376=ORIENTED_EDGE('',*,*,#5217,.F.);
#7377=ORIENTED_EDGE('',*,*,#5265,.F.);
#7378=ORIENTED_EDGE('',*,*,#5266,.F.);
#7379=ORIENTED_EDGE('',*,*,#4754,.F.);
#7380=ORIENTED_EDGE('',*,*,#5267,.T.);
#7381=ORIENTED_EDGE('',*,*,#5268,.T.);
#7382=ORIENTED_EDGE('',*,*,#5269,.T.);
#7383=ORIENTED_EDGE('',*,*,#5270,.F.);
#7384=ORIENTED_EDGE('',*,*,#5271,.T.);
#7385=ORIENTED_EDGE('',*,*,#5272,.F.);
#7386=ORIENTED_EDGE('',*,*,#5273,.T.);
#7387=ORIENTED_EDGE('',*,*,#5274,.F.);
#7388=ORIENTED_EDGE('',*,*,#5194,.T.);
#7389=ORIENTED_EDGE('',*,*,#5275,.T.);
#7390=ORIENTED_EDGE('',*,*,#5276,.T.);
#7391=ORIENTED_EDGE('',*,*,#4594,.F.);
#7392=ORIENTED_EDGE('',*,*,#5183,.T.);
#7393=ORIENTED_EDGE('',*,*,#5239,.T.);
#7394=ORIENTED_EDGE('',*,*,#5235,.T.);
#7395=ORIENTED_EDGE('',*,*,#5277,.T.);
#7396=ORIENTED_EDGE('',*,*,#5243,.T.);
#7397=ORIENTED_EDGE('',*,*,#5278,.F.);
#7398=ORIENTED_EDGE('',*,*,#5222,.T.);
#7399=ORIENTED_EDGE('',*,*,#5226,.F.);
#7400=ORIENTED_EDGE('',*,*,#5103,.F.);
#7401=ORIENTED_EDGE('',*,*,#5259,.F.);
#7402=ORIENTED_EDGE('',*,*,#5264,.F.);
#7403=ORIENTED_EDGE('',*,*,#5279,.F.);
#7404=ORIENTED_EDGE('',*,*,#5280,.F.);
#7405=ORIENTED_EDGE('',*,*,#5281,.T.);
#7406=ORIENTED_EDGE('',*,*,#5282,.F.);
#7407=ORIENTED_EDGE('',*,*,#5283,.T.);
#7408=ORIENTED_EDGE('',*,*,#5284,.T.);
#7409=ORIENTED_EDGE('',*,*,#5275,.F.);
#7410=ORIENTED_EDGE('',*,*,#5241,.T.);
#7411=ORIENTED_EDGE('',*,*,#5285,.F.);
#7412=ORIENTED_EDGE('',*,*,#5286,.T.);
#7413=ORIENTED_EDGE('',*,*,#5284,.F.);
#7414=ORIENTED_EDGE('',*,*,#5287,.T.);
#7415=ORIENTED_EDGE('',*,*,#4595,.F.);
#7416=ORIENTED_EDGE('',*,*,#5276,.F.);
#7417=ORIENTED_EDGE('',*,*,#5288,.T.);
#7418=ORIENTED_EDGE('',*,*,#5279,.T.);
#7419=ORIENTED_EDGE('',*,*,#5263,.F.);
#7420=ORIENTED_EDGE('',*,*,#5197,.F.);
#7421=ORIENTED_EDGE('',*,*,#5289,.T.);
#7422=ORIENTED_EDGE('',*,*,#5290,.T.);
#7423=ORIENTED_EDGE('',*,*,#5291,.F.);
#7424=ORIENTED_EDGE('',*,*,#5292,.F.);
#7425=ORIENTED_EDGE('',*,*,#5293,.T.);
#7426=ORIENTED_EDGE('',*,*,#5294,.T.);
#7427=ORIENTED_EDGE('',*,*,#5295,.T.);
#7428=ORIENTED_EDGE('',*,*,#5273,.F.);
#7429=ORIENTED_EDGE('',*,*,#4596,.T.);
#7430=ORIENTED_EDGE('',*,*,#5287,.F.);
#7431=ORIENTED_EDGE('',*,*,#5283,.F.);
#7432=ORIENTED_EDGE('',*,*,#5296,.F.);
#7433=ORIENTED_EDGE('',*,*,#5297,.T.);
#7434=ORIENTED_EDGE('',*,*,#5280,.T.);
#7435=ORIENTED_EDGE('',*,*,#5288,.F.);
#7436=ORIENTED_EDGE('',*,*,#5196,.T.);
#7437=ORIENTED_EDGE('',*,*,#4753,.T.);
#7438=ORIENTED_EDGE('',*,*,#5298,.T.);
#7439=ORIENTED_EDGE('',*,*,#5299,.F.);
#7440=ORIENTED_EDGE('',*,*,#5267,.F.);
#7441=ORIENTED_EDGE('',*,*,#5271,.F.);
#7442=ORIENTED_EDGE('',*,*,#5300,.T.);
#7443=ORIENTED_EDGE('',*,*,#5301,.T.);
#7444=ORIENTED_EDGE('',*,*,#5302,.F.);
#7445=ORIENTED_EDGE('',*,*,#5303,.F.);
#7446=ORIENTED_EDGE('',*,*,#5304,.T.);
#7447=ORIENTED_EDGE('',*,*,#5305,.F.);
#7448=ORIENTED_EDGE('',*,*,#5306,.F.);
#7449=ORIENTED_EDGE('',*,*,#5299,.T.);
#7450=ORIENTED_EDGE('',*,*,#5307,.T.);
#7451=ORIENTED_EDGE('',*,*,#5308,.F.);
#7452=ORIENTED_EDGE('',*,*,#5268,.F.);
#7453=ORIENTED_EDGE('',*,*,#5223,.T.);
#7454=ORIENTED_EDGE('',*,*,#5278,.T.);
#7455=ORIENTED_EDGE('',*,*,#5242,.T.);
#7456=ORIENTED_EDGE('',*,*,#5202,.F.);
#7457=ORIENTED_EDGE('',*,*,#5302,.T.);
#7458=ORIENTED_EDGE('',*,*,#5309,.F.);
#7459=ORIENTED_EDGE('',*,*,#5293,.F.);
#7460=ORIENTED_EDGE('',*,*,#5272,.T.);
#7461=ORIENTED_EDGE('',*,*,#5310,.T.);
#7462=ORIENTED_EDGE('',*,*,#5311,.T.);
#7463=ORIENTED_EDGE('',*,*,#5305,.T.);
#7464=ORIENTED_EDGE('',*,*,#5312,.F.);
#7465=ORIENTED_EDGE('',*,*,#5265,.T.);
#7466=ORIENTED_EDGE('',*,*,#5313,.T.);
#7467=ORIENTED_EDGE('',*,*,#5314,.T.);
#7468=ORIENTED_EDGE('',*,*,#4598,.F.);
#7469=ORIENTED_EDGE('',*,*,#5315,.T.);
#7470=ORIENTED_EDGE('',*,*,#5285,.T.);
#7471=ORIENTED_EDGE('',*,*,#5282,.T.);
#7472=ORIENTED_EDGE('',*,*,#5316,.T.);
#7473=ORIENTED_EDGE('',*,*,#5317,.T.);
#7474=ORIENTED_EDGE('',*,*,#5294,.F.);
#7475=ORIENTED_EDGE('',*,*,#5309,.T.);
#7476=ORIENTED_EDGE('',*,*,#5301,.F.);
#7477=ORIENTED_EDGE('',*,*,#5318,.F.);
#7478=ORIENTED_EDGE('',*,*,#5319,.F.);
#7479=ORIENTED_EDGE('',*,*,#5307,.F.);
#7480=ORIENTED_EDGE('',*,*,#5298,.F.);
#7481=ORIENTED_EDGE('',*,*,#4752,.F.);
#7482=ORIENTED_EDGE('',*,*,#5320,.T.);
#7483=ORIENTED_EDGE('',*,*,#5321,.F.);
#7484=ORIENTED_EDGE('',*,*,#5322,.T.);
#7485=ORIENTED_EDGE('',*,*,#5323,.T.);
#7486=ORIENTED_EDGE('',*,*,#5313,.F.);
#7487=ORIENTED_EDGE('',*,*,#5324,.T.);
#7488=ORIENTED_EDGE('',*,*,#5325,.F.);
#7489=ORIENTED_EDGE('',*,*,#5326,.T.);
#7490=ORIENTED_EDGE('',*,*,#5323,.F.);
#7491=ORIENTED_EDGE('',*,*,#5327,.T.);
#7492=ORIENTED_EDGE('',*,*,#4599,.F.);
#7493=ORIENTED_EDGE('',*,*,#5314,.F.);
#7494=ORIENTED_EDGE('',*,*,#5328,.T.);
#7495=ORIENTED_EDGE('',*,*,#5329,.T.);
#7496=ORIENTED_EDGE('',*,*,#5330,.F.);
#7497=ORIENTED_EDGE('',*,*,#5331,.F.);
#7498=ORIENTED_EDGE('',*,*,#5332,.T.);
#7499=ORIENTED_EDGE('',*,*,#5333,.F.);
#7500=ORIENTED_EDGE('',*,*,#5310,.F.);
#7501=ORIENTED_EDGE('',*,*,#5334,.T.);
#7502=ORIENTED_EDGE('',*,*,#5324,.F.);
#7503=ORIENTED_EDGE('',*,*,#5274,.T.);
#7504=ORIENTED_EDGE('',*,*,#5295,.F.);
#7505=ORIENTED_EDGE('',*,*,#5317,.F.);
#7506=ORIENTED_EDGE('',*,*,#4600,.T.);
#7507=ORIENTED_EDGE('',*,*,#5327,.F.);
#7508=ORIENTED_EDGE('',*,*,#5322,.F.);
#7509=ORIENTED_EDGE('',*,*,#5335,.F.);
#7510=ORIENTED_EDGE('',*,*,#5286,.F.);
#7511=ORIENTED_EDGE('',*,*,#5315,.F.);
#7512=ORIENTED_EDGE('',*,*,#4597,.F.);
#7513=ORIENTED_EDGE('',*,*,#5296,.T.);
#7514=ORIENTED_EDGE('',*,*,#4289,.T.);
#7515=ORIENTED_EDGE('',*,*,#4266,.T.);
#7516=ORIENTED_EDGE('',*,*,#5113,.T.);
#7517=ORIENTED_EDGE('',*,*,#5336,.F.);
#7518=ORIENTED_EDGE('',*,*,#5337,.F.);
#7519=ORIENTED_EDGE('',*,*,#5338,.F.);
#7520=ORIENTED_EDGE('',*,*,#5339,.F.);
#7521=ORIENTED_EDGE('',*,*,#5340,.T.);
#7522=ORIENTED_EDGE('',*,*,#5292,.T.);
#7523=ORIENTED_EDGE('',*,*,#5341,.T.);
#7524=ORIENTED_EDGE('',*,*,#5342,.F.);
#7525=ORIENTED_EDGE('',*,*,#5343,.T.);
#7526=ORIENTED_EDGE('',*,*,#5334,.F.);
#7527=ORIENTED_EDGE('',*,*,#5312,.T.);
#7528=ORIENTED_EDGE('',*,*,#5304,.F.);
#7529=ORIENTED_EDGE('',*,*,#5344,.T.);
#7530=ORIENTED_EDGE('',*,*,#5345,.T.);
#7531=ORIENTED_EDGE('',*,*,#5346,.F.);
#7532=ORIENTED_EDGE('',*,*,#5339,.T.);
#7533=ORIENTED_EDGE('',*,*,#5347,.T.);
#7534=ORIENTED_EDGE('',*,*,#5348,.T.);
#7535=ORIENTED_EDGE('',*,*,#5349,.F.);
#7536=ORIENTED_EDGE('',*,*,#5208,.F.);
#7537=ORIENTED_EDGE('',*,*,#5308,.T.);
#7538=ORIENTED_EDGE('',*,*,#5319,.T.);
#7539=ORIENTED_EDGE('',*,*,#5350,.F.);
#7540=ORIENTED_EDGE('',*,*,#5269,.F.);
#7541=ORIENTED_EDGE('',*,*,#5350,.T.);
#7542=ORIENTED_EDGE('',*,*,#5318,.T.);
#7543=ORIENTED_EDGE('',*,*,#5300,.F.);
#7544=ORIENTED_EDGE('',*,*,#5270,.T.);
#7545=ORIENTED_EDGE('',*,*,#5351,.T.);
#7546=ORIENTED_EDGE('',*,*,#5352,.T.);
#7547=ORIENTED_EDGE('',*,*,#5353,.F.);
#7548=ORIENTED_EDGE('',*,*,#5354,.F.);
#7549=ORIENTED_EDGE('',*,*,#5337,.T.);
#7550=ORIENTED_EDGE('',*,*,#5355,.T.);
#7551=ORIENTED_EDGE('',*,*,#5356,.T.);
#7552=ORIENTED_EDGE('',*,*,#4602,.F.);
#7553=ORIENTED_EDGE('',*,*,#5357,.T.);
#7554=ORIENTED_EDGE('',*,*,#5325,.T.);
#7555=ORIENTED_EDGE('',*,*,#5321,.T.);
#7556=ORIENTED_EDGE('',*,*,#5358,.T.);
#7557=ORIENTED_EDGE('',*,*,#5306,.T.);
#7558=ORIENTED_EDGE('',*,*,#5311,.F.);
#7559=ORIENTED_EDGE('',*,*,#5333,.T.);
#7560=ORIENTED_EDGE('',*,*,#5359,.F.);
#7561=ORIENTED_EDGE('',*,*,#5360,.F.);
#7562=ORIENTED_EDGE('',*,*,#5361,.F.);
#7563=ORIENTED_EDGE('',*,*,#5290,.F.);
#7564=ORIENTED_EDGE('',*,*,#5362,.F.);
#7565=ORIENTED_EDGE('',*,*,#5345,.F.);
#7566=ORIENTED_EDGE('',*,*,#5363,.T.);
#7567=ORIENTED_EDGE('',*,*,#5364,.F.);
#7568=ORIENTED_EDGE('',*,*,#5365,.T.);
#7569=ORIENTED_EDGE('',*,*,#5366,.T.);
#7570=ORIENTED_EDGE('',*,*,#5355,.F.);
#7571=ORIENTED_EDGE('',*,*,#5303,.T.);
#7572=ORIENTED_EDGE('',*,*,#5367,.F.);
#7573=ORIENTED_EDGE('',*,*,#5368,.T.);
#7574=ORIENTED_EDGE('',*,*,#5366,.F.);
#7575=ORIENTED_EDGE('',*,*,#5369,.T.);
#7576=ORIENTED_EDGE('',*,*,#4603,.F.);
#7577=ORIENTED_EDGE('',*,*,#5356,.F.);
#7578=ORIENTED_EDGE('',*,*,#5343,.F.);
#7579=ORIENTED_EDGE('',*,*,#5370,.T.);
#7580=ORIENTED_EDGE('',*,*,#5359,.T.);
#7581=ORIENTED_EDGE('',*,*,#5332,.F.);
#7582=ORIENTED_EDGE('',*,*,#5326,.F.);
#7583=ORIENTED_EDGE('',*,*,#5357,.F.);
#7584=ORIENTED_EDGE('',*,*,#4601,.F.);
#7585=ORIENTED_EDGE('',*,*,#5335,.T.);
#7586=ORIENTED_EDGE('',*,*,#5291,.T.);
#7587=ORIENTED_EDGE('',*,*,#5361,.T.);
#7588=ORIENTED_EDGE('',*,*,#5371,.F.);
#7589=ORIENTED_EDGE('',*,*,#5341,.F.);
#7590=ORIENTED_EDGE('',*,*,#4604,.T.);
#7591=ORIENTED_EDGE('',*,*,#5369,.F.);
#7592=ORIENTED_EDGE('',*,*,#5365,.F.);
#7593=ORIENTED_EDGE('',*,*,#5372,.F.);
#7594=ORIENTED_EDGE('',*,*,#5346,.T.);
#7595=ORIENTED_EDGE('',*,*,#5362,.T.);
#7596=ORIENTED_EDGE('',*,*,#5289,.F.);
#7597=ORIENTED_EDGE('',*,*,#5340,.F.);
#7598=ORIENTED_EDGE('',*,*,#4288,.F.);
#7599=ORIENTED_EDGE('',*,*,#5262,.T.);
#7600=ORIENTED_EDGE('',*,*,#5373,.T.);
#7601=ORIENTED_EDGE('',*,*,#4262,.F.);
#7602=ORIENTED_EDGE('',*,*,#5373,.F.);
#7603=ORIENTED_EDGE('',*,*,#5261,.T.);
#7604=ORIENTED_EDGE('',*,*,#5374,.F.);
#7605=ORIENTED_EDGE('',*,*,#5375,.T.);
#7606=ORIENTED_EDGE('',*,*,#4267,.T.);
#7607=ORIENTED_EDGE('',*,*,#4263,.F.);
#7608=ORIENTED_EDGE('',*,*,#5376,.F.);
#7609=ORIENTED_EDGE('',*,*,#5377,.F.);
#7610=ORIENTED_EDGE('',*,*,#5378,.F.);
#7611=ORIENTED_EDGE('',*,*,#5379,.T.);
#7612=ORIENTED_EDGE('',*,*,#5380,.T.);
#7613=ORIENTED_EDGE('',*,*,#5257,.T.);
#7614=ORIENTED_EDGE('',*,*,#5381,.F.);
#7615=ORIENTED_EDGE('',*,*,#5382,.T.);
#7616=ORIENTED_EDGE('',*,*,#5383,.F.);
#7617=ORIENTED_EDGE('',*,*,#5384,.T.);
#7618=ORIENTED_EDGE('',*,*,#5385,.F.);
#7619=ORIENTED_EDGE('',*,*,#5386,.F.);
#7620=ORIENTED_EDGE('',*,*,#5387,.T.);
#7621=ORIENTED_EDGE('',*,*,#5388,.T.);
#7622=ORIENTED_EDGE('',*,*,#5351,.F.);
#7623=ORIENTED_EDGE('',*,*,#5371,.T.);
#7624=ORIENTED_EDGE('',*,*,#5360,.T.);
#7625=ORIENTED_EDGE('',*,*,#5370,.F.);
#7626=ORIENTED_EDGE('',*,*,#5342,.T.);
#7627=ORIENTED_EDGE('',*,*,#5389,.T.);
#7628=ORIENTED_EDGE('',*,*,#5252,.T.);
#7629=ORIENTED_EDGE('',*,*,#5390,.F.);
#7630=ORIENTED_EDGE('',*,*,#5378,.T.);
#7631=ORIENTED_EDGE('',*,*,#5391,.T.);
#7632=ORIENTED_EDGE('',*,*,#5250,.T.);
#7633=ORIENTED_EDGE('',*,*,#5255,.F.);
#7634=ORIENTED_EDGE('',*,*,#5380,.F.);
#7635=ORIENTED_EDGE('',*,*,#5376,.T.);
#7636=ORIENTED_EDGE('',*,*,#5392,.T.);
#7637=ORIENTED_EDGE('',*,*,#5393,.T.);
#7638=ORIENTED_EDGE('',*,*,#4606,.F.);
#7639=ORIENTED_EDGE('',*,*,#5394,.T.);
#7640=ORIENTED_EDGE('',*,*,#5367,.T.);
#7641=ORIENTED_EDGE('',*,*,#5364,.T.);
#7642=ORIENTED_EDGE('',*,*,#5395,.T.);
#7643=ORIENTED_EDGE('',*,*,#5396,.F.);
#7644=ORIENTED_EDGE('',*,*,#5397,.T.);
#7645=ORIENTED_EDGE('',*,*,#4607,.F.);
#7646=ORIENTED_EDGE('',*,*,#5393,.F.);
#7647=ORIENTED_EDGE('',*,*,#5398,.T.);
#7648=ORIENTED_EDGE('',*,*,#5396,.T.);
#7649=ORIENTED_EDGE('',*,*,#5392,.F.);
#7650=ORIENTED_EDGE('',*,*,#5399,.T.);
#7651=ORIENTED_EDGE('',*,*,#5400,.F.);
#7652=ORIENTED_EDGE('',*,*,#5401,.T.);
#7653=ORIENTED_EDGE('',*,*,#4608,.T.);
#7654=ORIENTED_EDGE('',*,*,#5397,.F.);
#7655=ORIENTED_EDGE('',*,*,#5398,.F.);
#7656=ORIENTED_EDGE('',*,*,#5402,.F.);
#7657=ORIENTED_EDGE('',*,*,#5401,.F.);
#7658=ORIENTED_EDGE('',*,*,#5403,.F.);
#7659=ORIENTED_EDGE('',*,*,#4609,.F.);
#7660=ORIENTED_EDGE('',*,*,#5402,.T.);
#7661=ORIENTED_EDGE('',*,*,#5404,.T.);
#7662=ORIENTED_EDGE('',*,*,#5245,.T.);
#7663=ORIENTED_EDGE('',*,*,#5405,.T.);
#7664=ORIENTED_EDGE('',*,*,#5384,.F.);
#7665=ORIENTED_EDGE('',*,*,#5406,.F.);
#7666=ORIENTED_EDGE('',*,*,#5331,.T.);
#7667=ORIENTED_EDGE('',*,*,#5407,.T.);
#7668=ORIENTED_EDGE('',*,*,#5348,.F.);
#7669=ORIENTED_EDGE('',*,*,#5256,.T.);
#7670=ORIENTED_EDGE('',*,*,#5248,.T.);
#7671=ORIENTED_EDGE('',*,*,#5408,.F.);
#7672=ORIENTED_EDGE('',*,*,#5381,.T.);
#7673=ORIENTED_EDGE('',*,*,#5368,.F.);
#7674=ORIENTED_EDGE('',*,*,#5394,.F.);
#7675=ORIENTED_EDGE('',*,*,#4605,.F.);
#7676=ORIENTED_EDGE('',*,*,#5372,.T.);
#7677=ORIENTED_EDGE('',*,*,#5409,.T.);
#7678=ORIENTED_EDGE('',*,*,#5410,.T.);
#7679=ORIENTED_EDGE('',*,*,#5411,.T.);
#7680=ORIENTED_EDGE('',*,*,#5412,.T.);
#7681=ORIENTED_EDGE('',*,*,#5413,.T.);
#7682=ORIENTED_EDGE('',*,*,#5414,.F.);
#7683=ORIENTED_EDGE('',*,*,#5415,.F.);
#7684=ORIENTED_EDGE('',*,*,#5416,.F.);
#7685=ORIENTED_EDGE('',*,*,#5417,.F.);
#7686=ORIENTED_EDGE('',*,*,#5386,.T.);
#7687=ORIENTED_EDGE('',*,*,#5354,.T.);
#7688=ORIENTED_EDGE('',*,*,#5418,.T.);
#7689=ORIENTED_EDGE('',*,*,#5328,.F.);
#7690=ORIENTED_EDGE('',*,*,#5406,.T.);
#7691=ORIENTED_EDGE('',*,*,#5347,.F.);
#7692=ORIENTED_EDGE('',*,*,#5207,.T.);
#7693=ORIENTED_EDGE('',*,*,#5419,.F.);
#7694=ORIENTED_EDGE('',*,*,#5412,.F.);
#7695=ORIENTED_EDGE('',*,*,#5419,.T.);
#7696=ORIENTED_EDGE('',*,*,#5206,.F.);
#7697=ORIENTED_EDGE('',*,*,#5420,.F.);
#7698=ORIENTED_EDGE('',*,*,#5420,.T.);
#7699=ORIENTED_EDGE('',*,*,#5209,.F.);
#7700=ORIENTED_EDGE('',*,*,#5349,.T.);
#7701=ORIENTED_EDGE('',*,*,#5407,.F.);
#7702=ORIENTED_EDGE('',*,*,#5330,.T.);
#7703=ORIENTED_EDGE('',*,*,#5421,.F.);
#7704=ORIENTED_EDGE('',*,*,#5352,.F.);
#7705=ORIENTED_EDGE('',*,*,#5388,.F.);
#7706=ORIENTED_EDGE('',*,*,#5422,.T.);
#7707=ORIENTED_EDGE('',*,*,#5423,.T.);
#7708=ORIENTED_EDGE('',*,*,#5424,.T.);
#7709=ORIENTED_EDGE('',*,*,#5424,.F.);
#7710=ORIENTED_EDGE('',*,*,#5425,.F.);
#7711=ORIENTED_EDGE('',*,*,#5426,.F.);
#7712=ORIENTED_EDGE('',*,*,#5427,.F.);
#7713=ORIENTED_EDGE('',*,*,#4734,.T.);
#7714=ORIENTED_EDGE('',*,*,#5428,.T.);
#7715=ORIENTED_EDGE('',*,*,#5429,.F.);
#7716=ORIENTED_EDGE('',*,*,#5430,.T.);
#7717=ORIENTED_EDGE('',*,*,#4614,.F.);
#7718=ORIENTED_EDGE('',*,*,#5431,.F.);
#7719=ORIENTED_EDGE('',*,*,#5413,.F.);
#7720=ORIENTED_EDGE('',*,*,#4654,.F.);
#7721=ORIENTED_EDGE('',*,*,#5432,.T.);
#7722=ORIENTED_EDGE('',*,*,#5433,.T.);
#7723=ORIENTED_EDGE('',*,*,#5434,.T.);
#7724=ORIENTED_EDGE('',*,*,#4730,.T.);
#7725=ORIENTED_EDGE('',*,*,#5432,.F.);
#7726=ORIENTED_EDGE('',*,*,#5435,.T.);
#7727=ORIENTED_EDGE('',*,*,#5436,.F.);
#7728=ORIENTED_EDGE('',*,*,#5437,.T.);
#7729=ORIENTED_EDGE('',*,*,#4653,.F.);
#7730=ORIENTED_EDGE('',*,*,#4615,.F.);
#7731=ORIENTED_EDGE('',*,*,#5430,.F.);
#7732=ORIENTED_EDGE('',*,*,#5438,.F.);
#7733=ORIENTED_EDGE('',*,*,#5439,.T.);
#7734=ORIENTED_EDGE('',*,*,#5435,.F.);
#7735=ORIENTED_EDGE('',*,*,#5440,.F.);
#7736=ORIENTED_EDGE('',*,*,#5438,.T.);
#7737=ORIENTED_EDGE('',*,*,#5429,.T.);
#7738=ORIENTED_EDGE('',*,*,#5441,.F.);
#7739=ORIENTED_EDGE('',*,*,#5436,.T.);
#7740=ORIENTED_EDGE('',*,*,#5439,.F.);
#7741=ORIENTED_EDGE('',*,*,#5440,.T.);
#7742=ORIENTED_EDGE('',*,*,#5442,.T.);
#7743=ORIENTED_EDGE('',*,*,#5443,.T.);
#7744=ORIENTED_EDGE('',*,*,#5444,.F.);
#7745=ORIENTED_EDGE('',*,*,#5445,.T.);
#7746=ORIENTED_EDGE('',*,*,#5446,.T.);
#7747=ORIENTED_EDGE('',*,*,#5447,.F.);
#7748=ORIENTED_EDGE('',*,*,#5443,.F.);
#7749=ORIENTED_EDGE('',*,*,#5448,.F.);
#7750=ORIENTED_EDGE('',*,*,#5433,.F.);
#7751=ORIENTED_EDGE('',*,*,#5437,.F.);
#7752=ORIENTED_EDGE('',*,*,#5444,.T.);
#7753=ORIENTED_EDGE('',*,*,#5449,.F.);
#7754=ORIENTED_EDGE('',*,*,#4731,.F.);
#7755=ORIENTED_EDGE('',*,*,#5434,.F.);
#7756=ORIENTED_EDGE('',*,*,#5448,.T.);
#7757=ORIENTED_EDGE('',*,*,#5447,.T.);
#7758=ORIENTED_EDGE('',*,*,#5449,.T.);
#7759=ORIENTED_EDGE('',*,*,#5446,.F.);
#7760=ORIENTED_EDGE('',*,*,#5450,.F.);
#7761=ORIENTED_EDGE('',*,*,#4732,.T.);
#7762=ORIENTED_EDGE('',*,*,#5451,.F.);
#7763=ORIENTED_EDGE('',*,*,#5452,.T.);
#7764=ORIENTED_EDGE('',*,*,#5453,.F.);
#7765=ORIENTED_EDGE('',*,*,#5454,.F.);
#7766=ORIENTED_EDGE('',*,*,#5455,.T.);
#7767=ORIENTED_EDGE('',*,*,#5456,.F.);
#7768=ORIENTED_EDGE('',*,*,#5457,.F.);
#7769=ORIENTED_EDGE('',*,*,#5458,.T.);
#7770=ORIENTED_EDGE('',*,*,#5459,.T.);
#7771=ORIENTED_EDGE('',*,*,#5460,.T.);
#7772=ORIENTED_EDGE('',*,*,#5455,.F.);
#7773=ORIENTED_EDGE('',*,*,#5461,.F.);
#7774=ORIENTED_EDGE('',*,*,#5462,.T.);
#7775=ORIENTED_EDGE('',*,*,#5463,.T.);
#7776=ORIENTED_EDGE('',*,*,#5459,.F.);
#7777=ORIENTED_EDGE('',*,*,#5464,.F.);
#7778=ORIENTED_EDGE('',*,*,#5465,.T.);
#7779=ORIENTED_EDGE('',*,*,#5466,.F.);
#7780=ORIENTED_EDGE('',*,*,#5462,.F.);
#7781=ORIENTED_EDGE('',*,*,#5467,.T.);
#7782=ORIENTED_EDGE('',*,*,#5468,.T.);
#7783=ORIENTED_EDGE('',*,*,#5469,.T.);
#7784=ORIENTED_EDGE('',*,*,#5465,.F.);
#7785=ORIENTED_EDGE('',*,*,#5470,.F.);
#7786=ORIENTED_EDGE('',*,*,#5471,.T.);
#7787=ORIENTED_EDGE('',*,*,#5472,.F.);
#7788=ORIENTED_EDGE('',*,*,#5468,.F.);
#7789=ORIENTED_EDGE('',*,*,#5473,.T.);
#7790=ORIENTED_EDGE('',*,*,#5474,.T.);
#7791=ORIENTED_EDGE('',*,*,#5475,.T.);
#7792=ORIENTED_EDGE('',*,*,#5471,.F.);
#7793=ORIENTED_EDGE('',*,*,#5476,.F.);
#7794=ORIENTED_EDGE('',*,*,#5477,.T.);
#7795=ORIENTED_EDGE('',*,*,#5478,.T.);
#7796=ORIENTED_EDGE('',*,*,#5474,.F.);
#7797=ORIENTED_EDGE('',*,*,#5479,.F.);
#7798=ORIENTED_EDGE('',*,*,#5480,.T.);
#7799=ORIENTED_EDGE('',*,*,#5481,.T.);
#7800=ORIENTED_EDGE('',*,*,#5477,.F.);
#7801=ORIENTED_EDGE('',*,*,#5482,.F.);
#7802=ORIENTED_EDGE('',*,*,#5483,.T.);
#7803=ORIENTED_EDGE('',*,*,#5484,.F.);
#7804=ORIENTED_EDGE('',*,*,#5480,.F.);
#7805=ORIENTED_EDGE('',*,*,#5485,.T.);
#7806=ORIENTED_EDGE('',*,*,#5486,.T.);
#7807=ORIENTED_EDGE('',*,*,#5487,.T.);
#7808=ORIENTED_EDGE('',*,*,#5483,.F.);
#7809=ORIENTED_EDGE('',*,*,#5488,.F.);
#7810=ORIENTED_EDGE('',*,*,#5489,.T.);
#7811=ORIENTED_EDGE('',*,*,#5490,.T.);
#7812=ORIENTED_EDGE('',*,*,#5486,.F.);
#7813=ORIENTED_EDGE('',*,*,#5491,.F.);
#7814=ORIENTED_EDGE('',*,*,#5492,.T.);
#7815=ORIENTED_EDGE('',*,*,#5493,.F.);
#7816=ORIENTED_EDGE('',*,*,#5489,.F.);
#7817=ORIENTED_EDGE('',*,*,#5494,.T.);
#7818=ORIENTED_EDGE('',*,*,#5457,.T.);
#7819=ORIENTED_EDGE('',*,*,#5495,.F.);
#7820=ORIENTED_EDGE('',*,*,#5496,.F.);
#7821=ORIENTED_EDGE('',*,*,#5497,.T.);
#7822=ORIENTED_EDGE('',*,*,#5498,.T.);
#7823=ORIENTED_EDGE('',*,*,#5451,.T.);
#7824=ORIENTED_EDGE('',*,*,#5499,.F.);
#7825=ORIENTED_EDGE('',*,*,#5492,.F.);
#7826=ORIENTED_EDGE('',*,*,#5497,.F.);
#7827=ORIENTED_EDGE('',*,*,#5500,.T.);
#7828=ORIENTED_EDGE('',*,*,#5501,.F.);
#7829=ORIENTED_EDGE('',*,*,#5452,.F.);
#7830=ORIENTED_EDGE('',*,*,#5498,.F.);
#7831=ORIENTED_EDGE('',*,*,#5494,.F.);
#7832=ORIENTED_EDGE('',*,*,#5491,.T.);
#7833=ORIENTED_EDGE('',*,*,#5488,.T.);
#7834=ORIENTED_EDGE('',*,*,#5485,.F.);
#7835=ORIENTED_EDGE('',*,*,#5482,.T.);
#7836=ORIENTED_EDGE('',*,*,#5479,.T.);
#7837=ORIENTED_EDGE('',*,*,#5476,.T.);
#7838=ORIENTED_EDGE('',*,*,#5473,.F.);
#7839=ORIENTED_EDGE('',*,*,#5470,.T.);
#7840=ORIENTED_EDGE('',*,*,#5467,.F.);
#7841=ORIENTED_EDGE('',*,*,#5464,.T.);
#7842=ORIENTED_EDGE('',*,*,#5461,.T.);
#7843=ORIENTED_EDGE('',*,*,#5458,.F.);
#7844=ORIENTED_EDGE('',*,*,#5495,.T.);
#7845=ORIENTED_EDGE('',*,*,#5456,.T.);
#7846=ORIENTED_EDGE('',*,*,#5460,.F.);
#7847=ORIENTED_EDGE('',*,*,#5463,.F.);
#7848=ORIENTED_EDGE('',*,*,#5466,.T.);
#7849=ORIENTED_EDGE('',*,*,#5469,.F.);
#7850=ORIENTED_EDGE('',*,*,#5472,.T.);
#7851=ORIENTED_EDGE('',*,*,#5475,.F.);
#7852=ORIENTED_EDGE('',*,*,#5478,.F.);
#7853=ORIENTED_EDGE('',*,*,#5481,.F.);
#7854=ORIENTED_EDGE('',*,*,#5484,.T.);
#7855=ORIENTED_EDGE('',*,*,#5487,.F.);
#7856=ORIENTED_EDGE('',*,*,#5490,.F.);
#7857=ORIENTED_EDGE('',*,*,#5493,.T.);
#7858=ORIENTED_EDGE('',*,*,#5499,.T.);
#7859=ORIENTED_EDGE('',*,*,#5454,.T.);
#7860=ORIENTED_EDGE('',*,*,#5502,.T.);
#7861=ORIENTED_EDGE('',*,*,#5503,.F.);
#7862=ORIENTED_EDGE('',*,*,#5504,.T.);
#7863=ORIENTED_EDGE('',*,*,#5502,.F.);
#7864=ORIENTED_EDGE('',*,*,#5453,.T.);
#7865=ORIENTED_EDGE('',*,*,#5501,.T.);
#7866=ORIENTED_EDGE('',*,*,#5504,.F.);
#7867=ORIENTED_EDGE('',*,*,#5500,.F.);
#7868=ORIENTED_EDGE('',*,*,#5496,.T.);
#7869=ORIENTED_EDGE('',*,*,#5503,.T.);
#7870=ORIENTED_EDGE('',*,*,#4733,.F.);
#7871=ORIENTED_EDGE('',*,*,#5450,.T.);
#7872=ORIENTED_EDGE('',*,*,#5445,.F.);
#7873=ORIENTED_EDGE('',*,*,#5442,.F.);
#7874=ORIENTED_EDGE('',*,*,#5441,.T.);
#7875=ORIENTED_EDGE('',*,*,#5428,.F.);
#7876=ORIENTED_EDGE('',*,*,#5418,.F.);
#7877=ORIENTED_EDGE('',*,*,#5353,.T.);
#7878=ORIENTED_EDGE('',*,*,#5421,.T.);
#7879=ORIENTED_EDGE('',*,*,#5329,.F.);
#7880=ORIENTED_EDGE('',*,*,#5505,.F.);
#7881=ORIENTED_EDGE('',*,*,#5506,.F.);
#7882=ORIENTED_EDGE('',*,*,#5507,.F.);
#7883=ORIENTED_EDGE('',*,*,#5133,.T.);
#7884=ORIENTED_EDGE('',*,*,#5508,.F.);
#7885=ORIENTED_EDGE('',*,*,#4431,.T.);
#7886=ORIENTED_EDGE('',*,*,#4428,.T.);
#7887=ORIENTED_EDGE('',*,*,#5509,.T.);
#7888=ORIENTED_EDGE('',*,*,#5510,.T.);
#7889=ORIENTED_EDGE('',*,*,#5511,.F.);
#7890=ORIENTED_EDGE('',*,*,#5512,.T.);
#7891=ORIENTED_EDGE('',*,*,#4656,.T.);
#7892=ORIENTED_EDGE('',*,*,#4729,.T.);
#7893=ORIENTED_EDGE('',*,*,#5513,.F.);
#7894=ORIENTED_EDGE('',*,*,#5506,.T.);
#7895=ORIENTED_EDGE('',*,*,#4651,.T.);
#7896=ORIENTED_EDGE('',*,*,#5512,.F.);
#7897=ORIENTED_EDGE('',*,*,#5505,.T.);
#7898=ORIENTED_EDGE('',*,*,#5514,.T.);
#7899=ORIENTED_EDGE('',*,*,#4380,.F.);
#7900=ORIENTED_EDGE('',*,*,#4459,.F.);
#7901=ORIENTED_EDGE('',*,*,#5514,.F.);
#7902=ORIENTED_EDGE('',*,*,#5511,.T.);
#7903=ORIENTED_EDGE('',*,*,#5515,.T.);
#7904=ORIENTED_EDGE('',*,*,#4381,.F.);
#7905=ORIENTED_EDGE('',*,*,#5515,.F.);
#7906=ORIENTED_EDGE('',*,*,#5510,.F.);
#7907=ORIENTED_EDGE('',*,*,#5516,.T.);
#7908=ORIENTED_EDGE('',*,*,#4382,.T.);
#7909=ORIENTED_EDGE('',*,*,#5516,.F.);
#7910=ORIENTED_EDGE('',*,*,#5509,.F.);
#7911=ORIENTED_EDGE('',*,*,#4427,.T.);
#7912=ORIENTED_EDGE('',*,*,#4383,.T.);
#7913=ORIENTED_EDGE('',*,*,#5399,.F.);
#7914=ORIENTED_EDGE('',*,*,#5385,.T.);
#7915=ORIENTED_EDGE('',*,*,#5405,.F.);
#7916=ORIENTED_EDGE('',*,*,#5244,.F.);
#7917=ORIENTED_EDGE('',*,*,#5382,.F.);
#7918=ORIENTED_EDGE('',*,*,#5408,.T.);
#7919=ORIENTED_EDGE('',*,*,#5247,.T.);
#7920=ORIENTED_EDGE('',*,*,#5517,.F.);
#7921=ORIENTED_EDGE('',*,*,#4430,.F.);
#7922=ORIENTED_EDGE('',*,*,#5508,.T.);
#7923=ORIENTED_EDGE('',*,*,#5132,.T.);
#7924=ORIENTED_EDGE('',*,*,#4386,.F.);
#7925=ORIENTED_EDGE('',*,*,#5518,.T.);
#7926=ORIENTED_EDGE('',*,*,#5422,.F.);
#7927=ORIENTED_EDGE('',*,*,#5387,.F.);
#7928=ORIENTED_EDGE('',*,*,#5417,.T.);
#7929=ORIENTED_EDGE('',*,*,#5131,.T.);
#7930=ORIENTED_EDGE('',*,*,#5507,.T.);
#7931=ORIENTED_EDGE('',*,*,#5519,.T.);
#7932=ORIENTED_EDGE('',*,*,#4388,.F.);
#7933=ORIENTED_EDGE('',*,*,#5519,.F.);
#7934=ORIENTED_EDGE('',*,*,#5513,.T.);
#7935=ORIENTED_EDGE('',*,*,#4728,.F.);
#7936=ORIENTED_EDGE('',*,*,#4460,.F.);
#7937=ORIENTED_EDGE('',*,*,#5390,.T.);
#7938=ORIENTED_EDGE('',*,*,#5251,.T.);
#7939=ORIENTED_EDGE('',*,*,#5391,.F.);
#7940=ORIENTED_EDGE('',*,*,#5379,.F.);
#7941=ORIENTED_EDGE('',*,*,#5427,.T.);
#7942=ORIENTED_EDGE('',*,*,#5520,.F.);
#7943=ORIENTED_EDGE('',*,*,#5521,.F.);
#7944=ORIENTED_EDGE('',*,*,#5522,.F.);
#7945=ORIENTED_EDGE('',*,*,#4735,.T.);
#7946=ORIENTED_EDGE('',*,*,#5115,.T.);
#7947=ORIENTED_EDGE('',*,*,#5523,.T.);
#7948=ORIENTED_EDGE('',*,*,#4736,.T.);
#7949=ORIENTED_EDGE('',*,*,#5522,.T.);
#7950=ORIENTED_EDGE('',*,*,#4727,.T.);
#7951=ORIENTED_EDGE('',*,*,#5523,.F.);
#7952=ORIENTED_EDGE('',*,*,#5114,.T.);
#7953=ORIENTED_EDGE('',*,*,#4282,.T.);
#7954=ORIENTED_EDGE('',*,*,#5116,.T.);
#7955=ORIENTED_EDGE('',*,*,#5521,.T.);
#7956=ORIENTED_EDGE('',*,*,#5524,.F.);
#7957=ORIENTED_EDGE('',*,*,#5525,.F.);
#7958=ORIENTED_EDGE('',*,*,#5117,.T.);
#7959=ORIENTED_EDGE('',*,*,#5525,.T.);
#7960=ORIENTED_EDGE('',*,*,#5526,.F.);
#7961=ORIENTED_EDGE('',*,*,#5527,.F.);
#7962=ORIENTED_EDGE('',*,*,#4303,.T.);
#7963=ORIENTED_EDGE('',*,*,#5528,.T.);
#7964=ORIENTED_EDGE('',*,*,#5374,.T.);
#7965=ORIENTED_EDGE('',*,*,#5260,.T.);
#7966=ORIENTED_EDGE('',*,*,#5336,.T.);
#7967=ORIENTED_EDGE('',*,*,#5520,.T.);
#7968=ORIENTED_EDGE('',*,*,#5426,.T.);
#7969=ORIENTED_EDGE('',*,*,#5526,.T.);
#7970=ORIENTED_EDGE('',*,*,#5524,.T.);
#7971=ORIENTED_EDGE('',*,*,#5415,.T.);
#7972=ORIENTED_EDGE('',*,*,#5411,.F.);
#7973=ORIENTED_EDGE('',*,*,#5529,.T.);
#7974=ORIENTED_EDGE('',*,*,#4610,.F.);
#7975=ORIENTED_EDGE('',*,*,#5403,.T.);
#7976=ORIENTED_EDGE('',*,*,#5400,.T.);
#7977=ORIENTED_EDGE('',*,*,#5254,.T.);
#7978=ORIENTED_EDGE('',*,*,#5530,.T.);
#7979=ORIENTED_EDGE('',*,*,#4613,.T.);
#7980=ORIENTED_EDGE('',*,*,#5531,.T.);
#7981=ORIENTED_EDGE('',*,*,#5414,.T.);
#7982=ORIENTED_EDGE('',*,*,#5431,.T.);
#7983=ORIENTED_EDGE('',*,*,#5410,.F.);
#7984=ORIENTED_EDGE('',*,*,#5532,.T.);
#7985=ORIENTED_EDGE('',*,*,#4611,.F.);
#7986=ORIENTED_EDGE('',*,*,#5529,.F.);
#7987=ORIENTED_EDGE('',*,*,#4612,.F.);
#7988=ORIENTED_EDGE('',*,*,#5532,.F.);
#7989=ORIENTED_EDGE('',*,*,#5409,.F.);
#7990=ORIENTED_EDGE('',*,*,#5531,.F.);
#7991=ORIENTED_EDGE('',*,*,#4304,.F.);
#7992=ORIENTED_EDGE('',*,*,#5527,.T.);
#7993=ORIENTED_EDGE('',*,*,#5425,.T.);
#7994=ORIENTED_EDGE('',*,*,#5423,.F.);
#7995=ORIENTED_EDGE('',*,*,#5518,.F.);
#7996=ORIENTED_EDGE('',*,*,#5416,.T.);
#7997=ORIENTED_EDGE('',*,*,#5530,.F.);
#7998=ORIENTED_EDGE('',*,*,#5253,.F.);
#7999=ORIENTED_EDGE('',*,*,#5389,.F.);
#8000=ORIENTED_EDGE('',*,*,#5377,.T.);
#8001=ORIENTED_EDGE('',*,*,#5395,.F.);
#8002=ORIENTED_EDGE('',*,*,#5363,.F.);
#8003=ORIENTED_EDGE('',*,*,#5344,.F.);
#8004=ORIENTED_EDGE('',*,*,#5338,.T.);
#8005=ORIENTED_EDGE('',*,*,#5358,.F.);
#8006=ORIENTED_EDGE('',*,*,#5320,.F.);
#8007=ORIENTED_EDGE('',*,*,#4751,.F.);
#8008=ORIENTED_EDGE('',*,*,#5266,.T.);
#8009=ORIENTED_EDGE('',*,*,#5316,.F.);
#8010=ORIENTED_EDGE('',*,*,#5281,.F.);
#8011=ORIENTED_EDGE('',*,*,#5297,.F.);
#8012=ORIENTED_EDGE('',*,*,#5195,.T.);
#8013=ORIENTED_EDGE('',*,*,#5277,.F.);
#8014=ORIENTED_EDGE('',*,*,#5234,.F.);
#8015=ORIENTED_EDGE('',*,*,#5118,.F.);
#8016=ORIENTED_EDGE('',*,*,#5215,.T.);
#8017=ORIENTED_EDGE('',*,*,#5229,.F.);
#8018=ORIENTED_EDGE('',*,*,#4638,.F.);
#8019=ORIENTED_EDGE('',*,*,#4707,.F.);
#8020=ORIENTED_EDGE('',*,*,#5151,.T.);
#8021=ORIENTED_EDGE('',*,*,#5188,.F.);
#8022=ORIENTED_EDGE('',*,*,#5097,.F.);
#8023=ORIENTED_EDGE('',*,*,#4789,.F.);
#8024=ORIENTED_EDGE('',*,*,#5084,.T.);
#8025=ORIENTED_EDGE('',*,*,#5080,.F.);
#8026=ORIENTED_EDGE('',*,*,#5061,.T.);
#8027=ORIENTED_EDGE('',*,*,#5173,.F.);
#8028=ORIENTED_EDGE('',*,*,#5040,.T.);
#8029=ORIENTED_EDGE('',*,*,#5039,.F.);
#8030=ORIENTED_EDGE('',*,*,#5034,.T.);
#8031=ORIENTED_EDGE('',*,*,#5169,.F.);
#8032=ORIENTED_EDGE('',*,*,#5025,.T.);
#8033=ORIENTED_EDGE('',*,*,#5022,.F.);
#8034=ORIENTED_EDGE('',*,*,#5005,.T.);
#8035=ORIENTED_EDGE('',*,*,#4686,.F.);
#8036=ORIENTED_EDGE('',*,*,#5001,.T.);
#8037=ORIENTED_EDGE('',*,*,#5000,.F.);
#8038=ORIENTED_EDGE('',*,*,#4995,.T.);
#8039=ORIENTED_EDGE('',*,*,#4660,.F.);
#8040=ORIENTED_EDGE('',*,*,#4994,.T.);
#8041=ORIENTED_EDGE('',*,*,#4991,.F.);
#8042=ORIENTED_EDGE('',*,*,#4974,.T.);
#8043=ORIENTED_EDGE('',*,*,#4758,.F.);
#8044=ORIENTED_EDGE('',*,*,#4968,.T.);
#8045=ORIENTED_EDGE('',*,*,#4967,.F.);
#8046=ORIENTED_EDGE('',*,*,#4961,.T.);
#8047=ORIENTED_EDGE('',*,*,#4710,.F.);
#8048=ORIENTED_EDGE('',*,*,#4950,.T.);
#8049=ORIENTED_EDGE('',*,*,#4946,.F.);
#8050=ORIENTED_EDGE('',*,*,#4927,.T.);
#8051=ORIENTED_EDGE('',*,*,#5100,.F.);
#8052=ORIENTED_EDGE('',*,*,#4914,.T.);
#8053=ORIENTED_EDGE('',*,*,#4913,.F.);
#8054=ORIENTED_EDGE('',*,*,#4899,.T.);
#8055=ORIENTED_EDGE('',*,*,#5099,.F.);
#8056=ORIENTED_EDGE('',*,*,#4903,.T.);
#8057=ORIENTED_EDGE('',*,*,#4892,.F.);
#8058=ORIENTED_EDGE('',*,*,#4873,.T.);
#8059=ORIENTED_EDGE('',*,*,#4785,.F.);
#8060=ORIENTED_EDGE('',*,*,#4854,.T.);
#8061=ORIENTED_EDGE('',*,*,#4853,.F.);
#8062=ORIENTED_EDGE('',*,*,#4847,.T.);
#8063=ORIENTED_EDGE('',*,*,#5145,.F.);
#8064=ORIENTED_EDGE('',*,*,#4832,.T.);
#8065=ORIENTED_EDGE('',*,*,#4828,.F.);
#8066=ORIENTED_EDGE('',*,*,#4809,.T.);
#8067=ORIENTED_EDGE('',*,*,#5125,.F.);
#8068=ORIENTED_EDGE('',*,*,#4801,.T.);
#8069=ORIENTED_EDGE('',*,*,#4800,.F.);
#8070=ORIENTED_EDGE('',*,*,#4649,.T.);
#8071=ORIENTED_EDGE('',*,*,#4416,.F.);
#8072=ORIENTED_EDGE('',*,*,#4721,.T.);
#8073=ORIENTED_EDGE('',*,*,#4722,.F.);
#8074=ORIENTED_EDGE('',*,*,#4358,.F.);
#8075=ORIENTED_EDGE('',*,*,#4360,.F.);
#8076=ORIENTED_EDGE('',*,*,#4366,.T.);
#8077=ORIENTED_EDGE('',*,*,#4348,.F.);
#8078=ORIENTED_EDGE('',*,*,#4328,.F.);
#8079=ORIENTED_EDGE('',*,*,#4445,.T.);
#8080=ORIENTED_EDGE('',*,*,#4341,.T.);
#8081=ORIENTED_EDGE('',*,*,#4318,.F.);
#8082=ORIENTED_EDGE('',*,*,#4270,.F.);
#8083=ORIENTED_EDGE('',*,*,#5517,.T.);
#8084=ORIENTED_EDGE('',*,*,#5246,.F.);
#8085=ORIENTED_EDGE('',*,*,#5404,.F.);
#8086=ORIENTED_EDGE('',*,*,#5383,.T.);
#8087=ORIENTED_EDGE('',*,*,#5375,.F.);
#8088=ORIENTED_EDGE('',*,*,#5528,.F.);
#8089=ORIENTED_EDGE('',*,*,#4302,.T.);
#8090=ORIENTED_EDGE('',*,*,#4268,.T.);
#8091=PLANE('',#8948);
#8092=PLANE('',#8949);
#8093=PLANE('',#8950);
#8094=PLANE('',#8952);
#8095=PLANE('',#8953);
#8096=PLANE('',#8957);
#8097=PLANE('',#8958);
#8098=PLANE('',#8961);
#8099=PLANE('',#8965);
#8100=PLANE('',#8966);
#8101=PLANE('',#8967);
#8102=PLANE('',#8968);
#8103=PLANE('',#8969);
#8104=PLANE('',#8972);
#8105=PLANE('',#8973);
#8106=PLANE('',#8976);
#8107=PLANE('',#8977);
#8108=PLANE('',#8980);
#8109=PLANE('',#8981);
#8110=PLANE('',#8982);
#8111=PLANE('',#8985);
#8112=PLANE('',#8987);
#8113=PLANE('',#8988);
#8114=PLANE('',#8989);
#8115=PLANE('',#8990);
#8116=PLANE('',#8992);
#8117=PLANE('',#8993);
#8118=PLANE('',#8994);
#8119=PLANE('',#8995);
#8120=PLANE('',#8996);
#8121=PLANE('',#8997);
#8122=PLANE('',#8998);
#8123=PLANE('',#8999);
#8124=PLANE('',#9000);
#8125=PLANE('',#9001);
#8126=PLANE('',#9002);
#8127=PLANE('',#9003);
#8128=PLANE('',#9004);
#8129=PLANE('',#9005);
#8130=PLANE('',#9006);
#8131=PLANE('',#9007);
#8132=PLANE('',#9008);
#8133=PLANE('',#9009);
#8134=PLANE('',#9010);
#8135=PLANE('',#9011);
#8136=PLANE('',#9012);
#8137=PLANE('',#9014);
#8138=PLANE('',#9015);
#8139=PLANE('',#9016);
#8140=PLANE('',#9017);
#8141=PLANE('',#9019);
#8142=PLANE('',#9020);
#8143=PLANE('',#9021);
#8144=PLANE('',#9022);
#8145=PLANE('',#9023);
#8146=PLANE('',#9024);
#8147=PLANE('',#9028);
#8148=PLANE('',#9029);
#8149=PLANE('',#9030);
#8150=PLANE('',#9034);
#8151=PLANE('',#9035);
#8152=PLANE('',#9036);
#8153=PLANE('',#9040);
#8154=PLANE('',#9044);
#8155=PLANE('',#9045);
#8156=PLANE('',#9046);
#8157=PLANE('',#9047);
#8158=PLANE('',#9048);
#8159=PLANE('',#9050);
#8160=PLANE('',#9052);
#8161=PLANE('',#9054);
#8162=PLANE('',#9055);
#8163=PLANE('',#9056);
#8164=PLANE('',#9057);
#8165=PLANE('',#9058);
#8166=PLANE('',#9059);
#8167=PLANE('',#9060);
#8168=PLANE('',#9061);
#8169=PLANE('',#9068);
#8170=PLANE('',#9072);
#8171=PLANE('',#9075);
#8172=PLANE('',#9076);
#8173=PLANE('',#9077);
#8174=PLANE('',#9078);
#8175=PLANE('',#9079);
#8176=PLANE('',#9080);
#8177=PLANE('',#9081);
#8178=PLANE('',#9085);
#8179=PLANE('',#9086);
#8180=PLANE('',#9087);
#8181=PLANE('',#9088);
#8182=PLANE('',#9092);
#8183=PLANE('',#9093);
#8184=PLANE('',#9094);
#8185=PLANE('',#9098);
#8186=PLANE('',#9099);
#8187=PLANE('',#9100);
#8188=PLANE('',#9101);
#8189=PLANE('',#9102);
#8190=PLANE('',#9103);
#8191=PLANE('',#9104);
#8192=PLANE('',#9108);
#8193=PLANE('',#9109);
#8194=PLANE('',#9110);
#8195=PLANE('',#9111);
#8196=PLANE('',#9112);
#8197=PLANE('',#9113);
#8198=PLANE('',#9114);
#8199=PLANE('',#9115);
#8200=PLANE('',#9119);
#8201=PLANE('',#9123);
#8202=PLANE('',#9124);
#8203=PLANE('',#9128);
#8204=PLANE('',#9129);
#8205=PLANE('',#9130);
#8206=PLANE('',#9131);
#8207=PLANE('',#9135);
#8208=PLANE('',#9136);
#8209=PLANE('',#9137);
#8210=PLANE('',#9138);
#8211=PLANE('',#9139);
#8212=PLANE('',#9140);
#8213=PLANE('',#9141);
#8214=PLANE('',#9143);
#8215=PLANE('',#9144);
#8216=PLANE('',#9146);
#8217=PLANE('',#9147);
#8218=PLANE('',#9148);
#8219=PLANE('',#9149);
#8220=PLANE('',#9150);
#8221=PLANE('',#9151);
#8222=PLANE('',#9152);
#8223=PLANE('',#9153);
#8224=PLANE('',#9154);
#8225=PLANE('',#9155);
#8226=PLANE('',#9158);
#8227=PLANE('',#9161);
#8228=PLANE('',#9162);
#8229=PLANE('',#9165);
#8230=PLANE('',#9166);
#8231=PLANE('',#9169);
#8232=PLANE('',#9170);
#8233=PLANE('',#9171);
#8234=PLANE('',#9172);
#8235=PLANE('',#9173);
#8236=PLANE('',#9174);
#8237=PLANE('',#9175);
#8238=PLANE('',#9176);
#8239=PLANE('',#9177);
#8240=PLANE('',#9179);
#8241=PLANE('',#9180);
#8242=PLANE('',#9182);
#8243=PLANE('',#9183);
#8244=PLANE('',#9186);
#8245=PLANE('',#9187);
#8246=PLANE('',#9190);
#8247=PLANE('',#9191);
#8248=PLANE('',#9192);
#8249=PLANE('',#9193);
#8250=PLANE('',#9194);
#8251=PLANE('',#9195);
#8252=PLANE('',#9196);
#8253=PLANE('',#9197);
#8254=PLANE('',#9198);
#8255=PLANE('',#9199);
#8256=PLANE('',#9201);
#8257=PLANE('',#9203);
#8258=PLANE('',#9204);
#8259=PLANE('',#9205);
#8260=PLANE('',#9206);
#8261=PLANE('',#9207);
#8262=PLANE('',#9208);
#8263=PLANE('',#9209);
#8264=PLANE('',#9210);
#8265=PLANE('',#9211);
#8266=PLANE('',#9212);
#8267=PLANE('',#9213);
#8268=PLANE('',#9214);
#8269=PLANE('',#9215);
#8270=PLANE('',#9216);
#8271=PLANE('',#9217);
#8272=PLANE('',#9218);
#8273=PLANE('',#9219);
#8274=PLANE('',#9220);
#8275=PLANE('',#9221);
#8276=PLANE('',#9222);
#8277=PLANE('',#9223);
#8278=PLANE('',#9224);
#8279=PLANE('',#9225);
#8280=PLANE('',#9226);
#8281=PLANE('',#9227);
#8282=PLANE('',#9228);
#8283=PLANE('',#9229);
#8284=PLANE('',#9230);
#8285=PLANE('',#9231);
#8286=PLANE('',#9233);
#8287=PLANE('',#9235);
#8288=PLANE('',#9236);
#8289=PLANE('',#9239);
#8290=PLANE('',#9240);
#8291=PLANE('',#9243);
#8292=PLANE('',#9244);
#8293=PLANE('',#9245);
#8294=PLANE('',#9246);
#8295=PLANE('',#9247);
#8296=PLANE('',#9248);
#8297=PLANE('',#9249);
#8298=PLANE('',#9250);
#8299=PLANE('',#9251);
#8300=PLANE('',#9252);
#8301=PLANE('',#9254);
#8302=PLANE('',#9256);
#8303=PLANE('',#9257);
#8304=PLANE('',#9258);
#8305=PLANE('',#9259);
#8306=PLANE('',#9260);
#8307=PLANE('',#9261);
#8308=PLANE('',#9262);
#8309=PLANE('',#9263);
#8310=PLANE('',#9264);
#8311=PLANE('',#9265);
#8312=PLANE('',#9266);
#8313=PLANE('',#9268);
#8314=PLANE('',#9269);
#8315=PLANE('',#9270);
#8316=PLANE('',#9271);
#8317=PLANE('',#9273);
#8318=PLANE('',#9274);
#8319=PLANE('',#9275);
#8320=PLANE('',#9276);
#8321=PLANE('',#9277);
#8322=PLANE('',#9278);
#8323=PLANE('',#9280);
#8324=PLANE('',#9281);
#8325=PLANE('',#9282);
#8326=PLANE('',#9284);
#8327=PLANE('',#9287);
#8328=PLANE('',#9291);
#8329=PLANE('',#9292);
#8330=PLANE('',#9293);
#8331=PLANE('',#9295);
#8332=PLANE('',#9296);
#8333=PLANE('',#9297);
#8334=PLANE('',#9298);
#8335=PLANE('',#9299);
#8336=PLANE('',#9300);
#8337=PLANE('',#9303);
#8338=PLANE('',#9304);
#8339=PLANE('',#9305);
#8340=PLANE('',#9307);
#8341=PLANE('',#9308);
#8342=PLANE('',#9309);
#8343=PLANE('',#9310);
#8344=PLANE('',#9311);
#8345=PLANE('',#9312);
#8346=PLANE('',#9313);
#8347=PLANE('',#9314);
#8348=PLANE('',#9315);
#8349=PLANE('',#9316);
#8350=PLANE('',#9318);
#8351=PLANE('',#9320);
#8352=PLANE('',#9321);
#8353=PLANE('',#9322);
#8354=PLANE('',#9323);
#8355=PLANE('',#9324);
#8356=PLANE('',#9325);
#8357=PLANE('',#9326);
#8358=PLANE('',#9327);
#8359=PLANE('',#9331);
#8360=PLANE('',#9332);
#8361=PLANE('',#9333);
#8362=PLANE('',#9334);
#8363=PLANE('',#9335);
#8364=PLANE('',#9341);
#8365=PLANE('',#9344);
#8366=PLANE('',#9345);
#8367=PLANE('',#9346);
#8368=PLANE('',#9348);
#8369=PLANE('',#9349);
#8370=PLANE('',#9350);
#8371=PLANE('',#9352);
#8372=PLANE('',#9353);
#8373=PLANE('',#9354);
#8374=PLANE('',#9355);
#8375=PLANE('',#9358);
#8376=PLANE('',#9359);
#8377=PLANE('',#9360);
#8378=PLANE('',#9361);
#8379=PLANE('',#9362);
#8380=PLANE('',#9363);
#8381=PLANE('',#9366);
#8382=PLANE('',#9367);
#8383=PLANE('',#9369);
#8384=PLANE('',#9370);
#8385=PLANE('',#9372);
#8386=PLANE('',#9373);
#8387=PLANE('',#9374);
#8388=PLANE('',#9375);
#8389=PLANE('',#9378);
#8390=PLANE('',#9379);
#8391=PLANE('',#9380);
#8392=PLANE('',#9381);
#8393=PLANE('',#9384);
#8394=PLANE('',#9385);
#8395=PLANE('',#9386);
#8396=PLANE('',#9387);
#8397=PLANE('',#9388);
#8398=PLANE('',#9389);
#8399=PLANE('',#9393);
#8400=PLANE('',#9394);
#8401=PLANE('',#9395);
#8402=PLANE('',#9396);
#8403=PLANE('',#9397);
#8404=PLANE('',#9399);
#8405=PLANE('',#9403);
#8406=PLANE('',#9404);
#8407=PLANE('',#9405);
#8408=PLANE('',#9406);
#8409=PLANE('',#9407);
#8410=PLANE('',#9409);
#8411=PLANE('',#9410);
#8412=PLANE('',#9411);
#8413=PLANE('',#9412);
#8414=PLANE('',#9413);
#8415=PLANE('',#9414);
#8416=PLANE('',#9416);
#8417=PLANE('',#9417);
#8418=PLANE('',#9418);
#8419=PLANE('',#9424);
#8420=PLANE('',#9425);
#8421=PLANE('',#9426);
#8422=PLANE('',#9427);
#8423=PLANE('',#9428);
#8424=PLANE('',#9429);
#8425=PLANE('',#9430);
#8426=PLANE('',#9431);
#8427=PLANE('',#9432);
#8428=PLANE('',#9433);
#8429=PLANE('',#9434);
#8430=PLANE('',#9435);
#8431=PLANE('',#9436);
#8432=PLANE('',#9437);
#8433=PLANE('',#9438);
#8434=PLANE('',#9439);
#8435=PLANE('',#9440);
#8436=PLANE('',#9441);
#8437=PLANE('',#9442);
#8438=PLANE('',#9443);
#8439=PLANE('',#9444);
#8440=PLANE('',#9445);
#8441=PLANE('',#9446);
#8442=PLANE('',#9447);
#8443=PLANE('',#9448);
#8444=PLANE('',#9449);
#8445=PLANE('',#9453);
#8446=PLANE('',#9454);
#8447=PLANE('',#9455);
#8448=PLANE('',#9459);
#8449=PLANE('',#9460);
#8450=PLANE('',#9461);
#8451=PLANE('',#9465);
#8452=PLANE('',#9469);
#8453=PLANE('',#9470);
#8454=PLANE('',#9471);
#8455=PLANE('',#9472);
#8456=PLANE('',#9473);
#8457=PLANE('',#9475);
#8458=PLANE('',#9477);
#8459=PLANE('',#9479);
#8460=PLANE('',#9480);
#8461=PLANE('',#9481);
#8462=PLANE('',#9482);
#8463=PLANE('',#9483);
#8464=PLANE('',#9484);
#8465=PLANE('',#9485);
#8466=PLANE('',#9486);
#8467=PLANE('',#9487);
#8468=PLANE('',#9488);
#8469=PLANE('',#9489);
#8470=PLANE('',#9490);
#8471=PLANE('',#9491);
#8472=PLANE('',#9492);
#8473=PLANE('',#9494);
#8474=PLANE('',#9495);
#8475=PLANE('',#9496);
#8476=PLANE('',#9497);
#8477=PLANE('',#9498);
#8478=PLANE('',#9499);
#8479=PLANE('',#9500);
#8480=PLANE('',#9501);
#8481=PLANE('',#9502);
#8482=PLANE('',#9503);
#8483=PLANE('',#9504);
#8484=PLANE('',#9506);
#8485=ADVANCED_FACE('',(#182),#8091,.T.);
#8486=ADVANCED_FACE('',(#183),#8092,.F.);
#8487=ADVANCED_FACE('',(#184),#8093,.T.);
#8488=ADVANCED_FACE('',(#185),#8094,.F.);
#8489=ADVANCED_FACE('',(#186),#8095,.T.);
#8490=ADVANCED_FACE('',(#187),#125,.T.);
#8491=ADVANCED_FACE('',(#188),#8096,.T.);
#8492=ADVANCED_FACE('',(#189),#8097,.T.);
#8493=ADVANCED_FACE('',(#190),#126,.T.);
#8494=ADVANCED_FACE('',(#191),#8098,.T.);
#8495=ADVANCED_FACE('',(#192),#127,.T.);
#8496=ADVANCED_FACE('',(#193),#8099,.T.);
#8497=ADVANCED_FACE('',(#194),#8100,.T.);
#8498=ADVANCED_FACE('',(#195),#8101,.T.);
#8499=ADVANCED_FACE('',(#196),#8102,.T.);
#8500=ADVANCED_FACE('',(#197),#8103,.T.);
#8501=ADVANCED_FACE('',(#198),#8104,.F.);
#8502=ADVANCED_FACE('',(#199),#8105,.F.);
#8503=ADVANCED_FACE('',(#200),#8106,.T.);
#8504=ADVANCED_FACE('',(#201),#8107,.T.);
#8505=ADVANCED_FACE('',(#202),#8108,.T.);
#8506=ADVANCED_FACE('',(#203),#8109,.F.);
#8507=ADVANCED_FACE('',(#204),#8110,.F.);
#8508=ADVANCED_FACE('',(#205),#8111,.T.);
#8509=ADVANCED_FACE('',(#206),#128,.T.);
#8510=ADVANCED_FACE('',(#207),#8112,.T.);
#8511=ADVANCED_FACE('',(#208),#8113,.T.);
#8512=ADVANCED_FACE('',(#209),#8114,.T.);
#8513=ADVANCED_FACE('',(#210),#8115,.T.);
#8514=ADVANCED_FACE('',(#211),#129,.F.);
#8515=ADVANCED_FACE('',(#212),#8116,.F.);
#8516=ADVANCED_FACE('',(#213),#8117,.F.);
#8517=ADVANCED_FACE('',(#214),#8118,.T.);
#8518=ADVANCED_FACE('',(#215),#8119,.T.);
#8519=ADVANCED_FACE('',(#216),#8120,.T.);
#8520=ADVANCED_FACE('',(#217),#8121,.F.);
#8521=ADVANCED_FACE('',(#218),#8122,.F.);
#8522=ADVANCED_FACE('',(#219),#8123,.T.);
#8523=ADVANCED_FACE('',(#220),#8124,.T.);
#8524=ADVANCED_FACE('',(#221),#8125,.T.);
#8525=ADVANCED_FACE('',(#222),#8126,.F.);
#8526=ADVANCED_FACE('',(#223),#8127,.T.);
#8527=ADVANCED_FACE('',(#224),#8128,.T.);
#8528=ADVANCED_FACE('',(#225),#8129,.T.);
#8529=ADVANCED_FACE('',(#226),#8130,.T.);
#8530=ADVANCED_FACE('',(#227),#8131,.T.);
#8531=ADVANCED_FACE('',(#228),#8132,.T.);
#8532=ADVANCED_FACE('',(#229),#8133,.F.);
#8533=ADVANCED_FACE('',(#230),#8134,.T.);
#8534=ADVANCED_FACE('',(#231),#8135,.T.);
#8535=ADVANCED_FACE('',(#232),#8136,.T.);
#8536=ADVANCED_FACE('',(#233),#130,.T.);
#8537=ADVANCED_FACE('',(#234),#8137,.F.);
#8538=ADVANCED_FACE('',(#235),#8138,.T.);
#8539=ADVANCED_FACE('',(#236),#8139,.F.);
#8540=ADVANCED_FACE('',(#237),#8140,.F.);
#8541=ADVANCED_FACE('',(#238),#131,.F.);
#8542=ADVANCED_FACE('',(#239),#8141,.T.);
#8543=ADVANCED_FACE('',(#240),#8142,.T.);
#8544=ADVANCED_FACE('',(#241),#8143,.F.);
#8545=ADVANCED_FACE('',(#242),#8144,.T.);
#8546=ADVANCED_FACE('',(#243),#8145,.F.);
#8547=ADVANCED_FACE('',(#244,#15),#8146,.T.);
#8548=ADVANCED_FACE('',(#245),#132,.T.);
#8549=ADVANCED_FACE('',(#246),#8147,.T.);
#8550=ADVANCED_FACE('',(#247),#8148,.T.);
#8551=ADVANCED_FACE('',(#248),#8149,.T.);
#8552=ADVANCED_FACE('',(#249),#133,.F.);
#8553=ADVANCED_FACE('',(#250),#8150,.T.);
#8554=ADVANCED_FACE('',(#251),#8151,.T.);
#8555=ADVANCED_FACE('',(#252),#8152,.T.);
#8556=ADVANCED_FACE('',(#253),#134,.F.);
#8557=ADVANCED_FACE('',(#254),#8153,.T.);
#8558=ADVANCED_FACE('',(#255),#135,.F.);
#8559=ADVANCED_FACE('',(#256),#8154,.T.);
#8560=ADVANCED_FACE('',(#257),#8155,.T.);
#8561=ADVANCED_FACE('',(#258),#8156,.T.);
#8562=ADVANCED_FACE('',(#259),#8157,.T.);
#8563=ADVANCED_FACE('',(#260),#8158,.T.);
#8564=ADVANCED_FACE('',(#261),#8159,.F.);
#8565=ADVANCED_FACE('',(#262),#8160,.F.);
#8566=ADVANCED_FACE('',(#263),#136,.F.);
#8567=ADVANCED_FACE('',(#264),#8161,.F.);
#8568=ADVANCED_FACE('',(#265),#8162,.T.);
#8569=ADVANCED_FACE('',(#266),#8163,.T.);
#8570=ADVANCED_FACE('',(#267),#8164,.T.);
#8571=ADVANCED_FACE('',(#268),#8165,.F.);
#8572=ADVANCED_FACE('',(#269),#8166,.T.);
#8573=ADVANCED_FACE('',(#270),#8167,.T.);
#8574=ADVANCED_FACE('',(#271),#8168,.T.);
#8575=ADVANCED_FACE('',(#272),#137,.T.);
#8576=ADVANCED_FACE('',(#273),#138,.F.);
#8577=ADVANCED_FACE('',(#274),#8169,.T.);
#8578=ADVANCED_FACE('',(#275),#139,.F.);
#8579=ADVANCED_FACE('',(#276),#8170,.T.);
#8580=ADVANCED_FACE('',(#277),#8171,.T.);
#8581=ADVANCED_FACE('',(#278),#8172,.T.);
#8582=ADVANCED_FACE('',(#279),#8173,.T.);
#8583=ADVANCED_FACE('',(#280),#8174,.T.);
#8584=ADVANCED_FACE('',(#281),#8175,.T.);
#8585=ADVANCED_FACE('',(#282),#8176,.T.);
#8586=ADVANCED_FACE('',(#283),#8177,.T.);
#8587=ADVANCED_FACE('',(#284),#140,.T.);
#8588=ADVANCED_FACE('',(#285),#8178,.T.);
#8589=ADVANCED_FACE('',(#286),#8179,.T.);
#8590=ADVANCED_FACE('',(#287),#8180,.T.);
#8591=ADVANCED_FACE('',(#288),#8181,.T.);
#8592=ADVANCED_FACE('',(#289),#141,.F.);
#8593=ADVANCED_FACE('',(#290),#8182,.T.);
#8594=ADVANCED_FACE('',(#291),#8183,.T.);
#8595=ADVANCED_FACE('',(#292),#8184,.T.);
#8596=ADVANCED_FACE('',(#293),#142,.T.);
#8597=ADVANCED_FACE('',(#294),#8185,.T.);
#8598=ADVANCED_FACE('',(#295),#8186,.T.);
#8599=ADVANCED_FACE('',(#296),#8187,.T.);
#8600=ADVANCED_FACE('',(#297),#8188,.T.);
#8601=ADVANCED_FACE('',(#298),#8189,.T.);
#8602=ADVANCED_FACE('',(#299),#8190,.T.);
#8603=ADVANCED_FACE('',(#300),#8191,.T.);
#8604=ADVANCED_FACE('',(#301),#143,.F.);
#8605=ADVANCED_FACE('',(#302),#8192,.F.);
#8606=ADVANCED_FACE('',(#303),#8193,.T.);
#8607=ADVANCED_FACE('',(#304),#8194,.T.);
#8608=ADVANCED_FACE('',(#305),#8195,.T.);
#8609=ADVANCED_FACE('',(#306),#8196,.T.);
#8610=ADVANCED_FACE('',(#307),#8197,.T.);
#8611=ADVANCED_FACE('',(#308),#8198,.T.);
#8612=ADVANCED_FACE('',(#309),#8199,.T.);
#8613=ADVANCED_FACE('',(#310),#144,.F.);
#8614=ADVANCED_FACE('',(#311),#8200,.T.);
#8615=ADVANCED_FACE('',(#312),#145,.F.);
#8616=ADVANCED_FACE('',(#313),#8201,.T.);
#8617=ADVANCED_FACE('',(#314),#8202,.T.);
#8618=ADVANCED_FACE('',(#315),#146,.F.);
#8619=ADVANCED_FACE('',(#316),#8203,.T.);
#8620=ADVANCED_FACE('',(#317),#8204,.T.);
#8621=ADVANCED_FACE('',(#318),#8205,.T.);
#8622=ADVANCED_FACE('',(#319),#8206,.T.);
#8623=ADVANCED_FACE('',(#320),#147,.T.);
#8624=ADVANCED_FACE('',(#321),#8207,.T.);
#8625=ADVANCED_FACE('',(#322),#8208,.T.);
#8626=ADVANCED_FACE('',(#323),#8209,.T.);
#8627=ADVANCED_FACE('',(#324),#8210,.T.);
#8628=ADVANCED_FACE('',(#325),#8211,.T.);
#8629=ADVANCED_FACE('',(#326),#8212,.T.);
#8630=ADVANCED_FACE('',(#327),#8213,.F.);
#8631=ADVANCED_FACE('',(#328),#8214,.F.);
#8632=ADVANCED_FACE('',(#329),#8215,.T.);
#8633=ADVANCED_FACE('',(#330),#8216,.T.);
#8634=ADVANCED_FACE('',(#331),#8217,.T.);
#8635=ADVANCED_FACE('',(#332),#8218,.T.);
#8636=ADVANCED_FACE('',(#333),#8219,.T.);
#8637=ADVANCED_FACE('',(#334),#8220,.T.);
#8638=ADVANCED_FACE('',(#335),#8221,.T.);
#8639=ADVANCED_FACE('',(#336),#8222,.T.);
#8640=ADVANCED_FACE('',(#337),#8223,.T.);
#8641=ADVANCED_FACE('',(#338),#8224,.F.);
#8642=ADVANCED_FACE('',(#339),#8225,.F.);
#8643=ADVANCED_FACE('',(#340),#8226,.T.);
#8644=ADVANCED_FACE('',(#341),#8227,.T.);
#8645=ADVANCED_FACE('',(#342),#8228,.F.);
#8646=ADVANCED_FACE('',(#343),#8229,.F.);
#8647=ADVANCED_FACE('',(#344),#8230,.T.);
#8648=ADVANCED_FACE('',(#345),#8231,.T.);
#8649=ADVANCED_FACE('',(#346),#8232,.T.);
#8650=ADVANCED_FACE('',(#347),#8233,.T.);
#8651=ADVANCED_FACE('',(#348),#8234,.T.);
#8652=ADVANCED_FACE('',(#349),#8235,.T.);
#8653=ADVANCED_FACE('',(#350),#8236,.T.);
#8654=ADVANCED_FACE('',(#351),#8237,.T.);
#8655=ADVANCED_FACE('',(#352),#8238,.T.);
#8656=ADVANCED_FACE('',(#353),#8239,.T.);
#8657=ADVANCED_FACE('',(#354),#8240,.F.);
#8658=ADVANCED_FACE('',(#355),#8241,.F.);
#8659=ADVANCED_FACE('',(#356),#8242,.T.);
#8660=ADVANCED_FACE('',(#357),#8243,.F.);
#8661=ADVANCED_FACE('',(#358),#8244,.F.);
#8662=ADVANCED_FACE('',(#359),#8245,.T.);
#8663=ADVANCED_FACE('',(#360),#8246,.T.);
#8664=ADVANCED_FACE('',(#361),#8247,.T.);
#8665=ADVANCED_FACE('',(#362),#8248,.T.);
#8666=ADVANCED_FACE('',(#363),#8249,.T.);
#8667=ADVANCED_FACE('',(#364),#8250,.T.);
#8668=ADVANCED_FACE('',(#365),#8251,.T.);
#8669=ADVANCED_FACE('',(#366),#8252,.T.);
#8670=ADVANCED_FACE('',(#367),#8253,.T.);
#8671=ADVANCED_FACE('',(#368),#8254,.F.);
#8672=ADVANCED_FACE('',(#369),#8255,.F.);
#8673=ADVANCED_FACE('',(#370),#8256,.T.);
#8674=ADVANCED_FACE('',(#371),#8257,.T.);
#8675=ADVANCED_FACE('',(#372),#8258,.F.);
#8676=ADVANCED_FACE('',(#373),#8259,.F.);
#8677=ADVANCED_FACE('',(#374),#8260,.T.);
#8678=ADVANCED_FACE('',(#375),#8261,.T.);
#8679=ADVANCED_FACE('',(#376),#8262,.T.);
#8680=ADVANCED_FACE('',(#377),#8263,.T.);
#8681=ADVANCED_FACE('',(#378),#8264,.T.);
#8682=ADVANCED_FACE('',(#379),#8265,.T.);
#8683=ADVANCED_FACE('',(#380),#8266,.T.);
#8684=ADVANCED_FACE('',(#381),#8267,.T.);
#8685=ADVANCED_FACE('',(#382),#8268,.T.);
#8686=ADVANCED_FACE('',(#383),#8269,.F.);
#8687=ADVANCED_FACE('',(#384),#8270,.F.);
#8688=ADVANCED_FACE('',(#385),#8271,.T.);
#8689=ADVANCED_FACE('',(#386),#8272,.T.);
#8690=ADVANCED_FACE('',(#387),#8273,.F.);
#8691=ADVANCED_FACE('',(#388),#8274,.F.);
#8692=ADVANCED_FACE('',(#389),#8275,.T.);
#8693=ADVANCED_FACE('',(#390),#8276,.T.);
#8694=ADVANCED_FACE('',(#391),#8277,.T.);
#8695=ADVANCED_FACE('',(#392),#8278,.T.);
#8696=ADVANCED_FACE('',(#393),#8279,.T.);
#8697=ADVANCED_FACE('',(#394),#8280,.T.);
#8698=ADVANCED_FACE('',(#395),#8281,.T.);
#8699=ADVANCED_FACE('',(#396),#8282,.T.);
#8700=ADVANCED_FACE('',(#397),#8283,.T.);
#8701=ADVANCED_FACE('',(#398),#8284,.F.);
#8702=ADVANCED_FACE('',(#399),#8285,.F.);
#8703=ADVANCED_FACE('',(#400),#8286,.T.);
#8704=ADVANCED_FACE('',(#401),#8287,.T.);
#8705=ADVANCED_FACE('',(#402),#8288,.F.);
#8706=ADVANCED_FACE('',(#403),#8289,.F.);
#8707=ADVANCED_FACE('',(#404),#8290,.T.);
#8708=ADVANCED_FACE('',(#405),#8291,.T.);
#8709=ADVANCED_FACE('',(#406),#8292,.T.);
#8710=ADVANCED_FACE('',(#407),#8293,.T.);
#8711=ADVANCED_FACE('',(#408),#8294,.T.);
#8712=ADVANCED_FACE('',(#409),#8295,.T.);
#8713=ADVANCED_FACE('',(#410),#8296,.T.);
#8714=ADVANCED_FACE('',(#411),#8297,.T.);
#8715=ADVANCED_FACE('',(#412),#8298,.T.);
#8716=ADVANCED_FACE('',(#413),#8299,.F.);
#8717=ADVANCED_FACE('',(#414),#8300,.F.);
#8718=ADVANCED_FACE('',(#415),#8301,.T.);
#8719=ADVANCED_FACE('',(#416),#8302,.T.);
#8720=ADVANCED_FACE('',(#417),#8303,.T.);
#8721=ADVANCED_FACE('',(#418),#8304,.T.);
#8722=ADVANCED_FACE('',(#419),#8305,.T.);
#8723=ADVANCED_FACE('',(#420),#8306,.F.);
#8724=ADVANCED_FACE('',(#421),#8307,.T.);
#8725=ADVANCED_FACE('',(#422),#8308,.T.);
#8726=ADVANCED_FACE('',(#423),#8309,.T.);
#8727=ADVANCED_FACE('',(#424),#8310,.T.);
#8728=ADVANCED_FACE('',(#425),#8311,.T.);
#8729=ADVANCED_FACE('',(#426),#8312,.T.);
#8730=ADVANCED_FACE('',(#427),#148,.F.);
#8731=ADVANCED_FACE('',(#428),#8313,.T.);
#8732=ADVANCED_FACE('',(#429),#8314,.T.);
#8733=ADVANCED_FACE('',(#430),#8315,.T.);
#8734=ADVANCED_FACE('',(#431),#8316,.T.);
#8735=ADVANCED_FACE('',(#432),#149,.F.);
#8736=ADVANCED_FACE('',(#433),#8317,.T.);
#8737=ADVANCED_FACE('',(#434),#8318,.T.);
#8738=ADVANCED_FACE('',(#435),#8319,.T.);
#8739=ADVANCED_FACE('',(#436),#8320,.T.);
#8740=ADVANCED_FACE('',(#437),#8321,.T.);
#8741=ADVANCED_FACE('',(#438),#8322,.T.);
#8742=ADVANCED_FACE('',(#439),#150,.F.);
#8743=ADVANCED_FACE('',(#440),#8323,.T.);
#8744=ADVANCED_FACE('',(#441),#8324,.T.);
#8745=ADVANCED_FACE('',(#442),#8325,.T.);
#8746=ADVANCED_FACE('',(#443),#151,.T.);
#8747=ADVANCED_FACE('',(#444),#8326,.F.);
#8748=ADVANCED_FACE('',(#445),#8327,.T.);
#8749=ADVANCED_FACE('',(#446),#152,.T.);
#8750=ADVANCED_FACE('',(#447),#153,.F.);
#8751=ADVANCED_FACE('',(#448),#154,.T.);
#8752=ADVANCED_FACE('',(#449),#8328,.T.);
#8753=ADVANCED_FACE('',(#450),#8329,.T.);
#8754=ADVANCED_FACE('',(#451),#8330,.T.);
#8755=ADVANCED_FACE('',(#452),#155,.T.);
#8756=ADVANCED_FACE('',(#453),#8331,.T.);
#8757=ADVANCED_FACE('',(#454),#8332,.T.);
#8758=ADVANCED_FACE('',(#455),#8333,.T.);
#8759=ADVANCED_FACE('',(#456),#8334,.T.);
#8760=ADVANCED_FACE('',(#457),#8335,.T.);
#8761=ADVANCED_FACE('',(#458),#8336,.T.);
#8762=ADVANCED_FACE('',(#459),#156,.T.);
#8763=ADVANCED_FACE('',(#460),#157,.F.);
#8764=ADVANCED_FACE('',(#461),#8337,.T.);
#8765=ADVANCED_FACE('',(#462),#8338,.T.);
#8766=ADVANCED_FACE('',(#463),#8339,.T.);
#8767=ADVANCED_FACE('',(#464),#158,.T.);
#8768=ADVANCED_FACE('',(#465),#8340,.T.);
#8769=ADVANCED_FACE('',(#466),#8341,.T.);
#8770=ADVANCED_FACE('',(#467),#8342,.T.);
#8771=ADVANCED_FACE('',(#468),#8343,.T.);
#8772=ADVANCED_FACE('',(#469),#8344,.T.);
#8773=ADVANCED_FACE('',(#470),#8345,.T.);
#8774=ADVANCED_FACE('',(#471),#8346,.T.);
#8775=ADVANCED_FACE('',(#472),#8347,.T.);
#8776=ADVANCED_FACE('',(#473),#8348,.T.);
#8777=ADVANCED_FACE('',(#474),#8349,.T.);
#8778=ADVANCED_FACE('',(#475),#159,.F.);
#8779=ADVANCED_FACE('',(#476),#8350,.T.);
#8780=ADVANCED_FACE('',(#477),#160,.T.);
#8781=ADVANCED_FACE('',(#478),#8351,.T.);
#8782=ADVANCED_FACE('',(#479),#8352,.T.);
#8783=ADVANCED_FACE('',(#480),#8353,.T.);
#8784=ADVANCED_FACE('',(#481),#8354,.T.);
#8785=ADVANCED_FACE('',(#482),#8355,.T.);
#8786=ADVANCED_FACE('',(#483),#8356,.T.);
#8787=ADVANCED_FACE('',(#484),#8357,.T.);
#8788=ADVANCED_FACE('',(#485),#8358,.F.);
#8789=ADVANCED_FACE('',(#486),#161,.F.);
#8790=ADVANCED_FACE('',(#487),#8359,.T.);
#8791=ADVANCED_FACE('',(#488),#8360,.T.);
#8792=ADVANCED_FACE('',(#489),#8361,.T.);
#8793=ADVANCED_FACE('',(#490),#8362,.T.);
#8794=ADVANCED_FACE('',(#491),#8363,.F.);
#8795=ADVANCED_FACE('',(#492),#162,.T.);
#8796=ADVANCED_FACE('',(#493),#163,.T.);
#8797=ADVANCED_FACE('',(#494),#8364,.T.);
#8798=ADVANCED_FACE('',(#495),#164,.F.);
#8799=ADVANCED_FACE('',(#496),#8365,.T.);
#8800=ADVANCED_FACE('',(#497),#8366,.T.);
#8801=ADVANCED_FACE('',(#498),#8367,.T.);
#8802=ADVANCED_FACE('',(#499),#8368,.T.);
#8803=ADVANCED_FACE('',(#500),#8369,.T.);
#8804=ADVANCED_FACE('',(#501),#8370,.T.);
#8805=ADVANCED_FACE('',(#502),#165,.T.);
#8806=ADVANCED_FACE('',(#503),#8371,.F.);
#8807=ADVANCED_FACE('',(#504),#8372,.T.);
#8808=ADVANCED_FACE('',(#505),#8373,.F.);
#8809=ADVANCED_FACE('',(#506),#8374,.T.);
#8810=ADVANCED_FACE('',(#507),#8375,.T.);
#8811=ADVANCED_FACE('',(#508),#8376,.T.);
#8812=ADVANCED_FACE('',(#509),#8377,.F.);
#8813=ADVANCED_FACE('',(#510),#8378,.T.);
#8814=ADVANCED_FACE('',(#511),#8379,.T.);
#8815=ADVANCED_FACE('',(#512),#8380,.F.);
#8816=ADVANCED_FACE('',(#513),#8381,.T.);
#8817=ADVANCED_FACE('',(#514),#8382,.T.);
#8818=ADVANCED_FACE('',(#515),#8383,.T.);
#8819=ADVANCED_FACE('',(#516),#8384,.T.);
#8820=ADVANCED_FACE('',(#517),#166,.F.);
#8821=ADVANCED_FACE('',(#518),#8385,.T.);
#8822=ADVANCED_FACE('',(#519),#8386,.T.);
#8823=ADVANCED_FACE('',(#520),#8387,.T.);
#8824=ADVANCED_FACE('',(#521),#8388,.T.);
#8825=ADVANCED_FACE('',(#522),#167,.F.);
#8826=ADVANCED_FACE('',(#523),#8389,.T.);
#8827=ADVANCED_FACE('',(#524),#8390,.F.);
#8828=ADVANCED_FACE('',(#525),#8391,.T.);
#8829=ADVANCED_FACE('',(#526),#8392,.T.);
#8830=ADVANCED_FACE('',(#527),#168,.T.);
#8831=ADVANCED_FACE('',(#528),#8393,.T.);
#8832=ADVANCED_FACE('',(#529),#8394,.T.);
#8833=ADVANCED_FACE('',(#530),#8395,.T.);
#8834=ADVANCED_FACE('',(#531),#8396,.T.);
#8835=ADVANCED_FACE('',(#532),#8397,.T.);
#8836=ADVANCED_FACE('',(#533),#8398,.T.);
#8837=ADVANCED_FACE('',(#534),#169,.T.);
#8838=ADVANCED_FACE('',(#535),#8399,.F.);
#8839=ADVANCED_FACE('',(#536),#8400,.T.);
#8840=ADVANCED_FACE('',(#537),#8401,.T.);
#8841=ADVANCED_FACE('',(#538),#8402,.F.);
#8842=ADVANCED_FACE('',(#539),#8403,.F.);
#8843=ADVANCED_FACE('',(#540),#8404,.T.);
#8844=ADVANCED_FACE('',(#541),#170,.T.);
#8845=ADVANCED_FACE('',(#542),#8405,.T.);
#8846=ADVANCED_FACE('',(#543),#8406,.T.);
#8847=ADVANCED_FACE('',(#544),#8407,.T.);
#8848=ADVANCED_FACE('',(#545),#8408,.T.);
#8849=ADVANCED_FACE('',(#546),#8409,.T.);
#8850=ADVANCED_FACE('',(#547),#8410,.T.);
#8851=ADVANCED_FACE('',(#548),#8411,.T.);
#8852=ADVANCED_FACE('',(#549),#8412,.T.);
#8853=ADVANCED_FACE('',(#550),#8413,.T.);
#8854=ADVANCED_FACE('',(#551),#8414,.T.);
#8855=ADVANCED_FACE('',(#552),#8415,.T.);
#8856=ADVANCED_FACE('',(#553),#171,.F.);
#8857=ADVANCED_FACE('',(#554),#8416,.F.);
#8858=ADVANCED_FACE('',(#555),#8417,.F.);
#8859=ADVANCED_FACE('',(#556),#8418,.F.);
#8860=ADVANCED_FACE('',(#557),#172,.F.);
#8861=ADVANCED_FACE('',(#558),#8419,.T.);
#8862=ADVANCED_FACE('',(#559),#8420,.T.);
#8863=ADVANCED_FACE('',(#560),#8421,.T.);
#8864=ADVANCED_FACE('',(#561),#8422,.T.);
#8865=ADVANCED_FACE('',(#562),#8423,.T.);
#8866=ADVANCED_FACE('',(#563),#8424,.T.);
#8867=ADVANCED_FACE('',(#564),#8425,.T.);
#8868=ADVANCED_FACE('',(#565),#8426,.T.);
#8869=ADVANCED_FACE('',(#566),#8427,.T.);
#8870=ADVANCED_FACE('',(#567),#8428,.T.);
#8871=ADVANCED_FACE('',(#568),#8429,.T.);
#8872=ADVANCED_FACE('',(#569),#8430,.T.);
#8873=ADVANCED_FACE('',(#570),#8431,.T.);
#8874=ADVANCED_FACE('',(#571),#8432,.F.);
#8875=ADVANCED_FACE('',(#572),#8433,.F.);
#8876=ADVANCED_FACE('',(#573),#8434,.T.);
#8877=ADVANCED_FACE('',(#574),#8435,.T.);
#8878=ADVANCED_FACE('',(#575),#8436,.T.);
#8879=ADVANCED_FACE('',(#576),#8437,.T.);
#8880=ADVANCED_FACE('',(#577),#8438,.T.);
#8881=ADVANCED_FACE('',(#578),#8439,.F.);
#8882=ADVANCED_FACE('',(#579),#8440,.F.);
#8883=ADVANCED_FACE('',(#580),#8441,.F.);
#8884=ADVANCED_FACE('',(#581),#8442,.T.);
#8885=ADVANCED_FACE('',(#582),#8443,.T.);
#8886=ADVANCED_FACE('',(#583,#16),#8444,.F.);
#8887=ADVANCED_FACE('',(#584),#173,.T.);
#8888=ADVANCED_FACE('',(#585),#8445,.F.);
#8889=ADVANCED_FACE('',(#586),#8446,.F.);
#8890=ADVANCED_FACE('',(#587),#8447,.F.);
#8891=ADVANCED_FACE('',(#588),#174,.F.);
#8892=ADVANCED_FACE('',(#589),#8448,.F.);
#8893=ADVANCED_FACE('',(#590),#8449,.F.);
#8894=ADVANCED_FACE('',(#591),#8450,.F.);
#8895=ADVANCED_FACE('',(#592),#175,.F.);
#8896=ADVANCED_FACE('',(#593),#8451,.F.);
#8897=ADVANCED_FACE('',(#594),#176,.F.);
#8898=ADVANCED_FACE('',(#595),#8452,.F.);
#8899=ADVANCED_FACE('',(#596),#8453,.F.);
#8900=ADVANCED_FACE('',(#597),#8454,.F.);
#8901=ADVANCED_FACE('',(#598),#8455,.T.);
#8902=ADVANCED_FACE('',(#599),#8456,.T.);
#8903=ADVANCED_FACE('',(#600),#8457,.F.);
#8904=ADVANCED_FACE('',(#601),#8458,.T.);
#8905=ADVANCED_FACE('',(#602),#177,.F.);
#8906=ADVANCED_FACE('',(#603),#8459,.T.);
#8907=ADVANCED_FACE('',(#604),#8460,.T.);
#8908=ADVANCED_FACE('',(#605),#8461,.T.);
#8909=ADVANCED_FACE('',(#606),#8462,.T.);
#8910=ADVANCED_FACE('',(#607),#8463,.F.);
#8911=ADVANCED_FACE('',(#608),#8464,.F.);
#8912=ADVANCED_FACE('',(#609),#8465,.F.);
#8913=ADVANCED_FACE('',(#610),#8466,.F.);
#8914=ADVANCED_FACE('',(#611),#8467,.F.);
#8915=ADVANCED_FACE('',(#612),#8468,.T.);
#8916=ADVANCED_FACE('',(#613),#8469,.F.);
#8917=ADVANCED_FACE('',(#614),#8470,.T.);
#8918=ADVANCED_FACE('',(#615),#8471,.F.);
#8919=ADVANCED_FACE('',(#616),#8472,.F.);
#8920=ADVANCED_FACE('',(#617),#178,.F.);
#8921=ADVANCED_FACE('',(#618),#8473,.F.);
#8922=ADVANCED_FACE('',(#619),#8474,.F.);
#8923=ADVANCED_FACE('',(#620),#8475,.F.);
#8924=ADVANCED_FACE('',(#621),#8476,.T.);
#8925=ADVANCED_FACE('',(#622),#8477,.T.);
#8926=ADVANCED_FACE('',(#623),#8478,.F.);
#8927=ADVANCED_FACE('',(#624),#8479,.T.);
#8928=ADVANCED_FACE('',(#625),#8480,.F.);
#8929=ADVANCED_FACE('',(#626),#8481,.T.);
#8930=ADVANCED_FACE('',(#627),#8482,.T.);
#8931=ADVANCED_FACE('',(#628),#8483,.F.);
#8932=ADVANCED_FACE('',(#629),#179,.T.);
#8933=ADVANCED_FACE('',(#630),#8484,.F.);
#8934=CLOSED_SHELL('',(#8485,#8486,#8487,#8488,#8489,#8490,#8491,#8492,
#8493,#8494,#8495,#8496,#8497,#8498,#8499,#8500,#8501,#8502,#8503,#8504,
#8505,#8506,#8507,#8508,#8509,#8510,#8511,#8512,#8513,#8514,#8515,#8516,
#8517,#8518,#8519,#8520,#8521,#8522,#8523,#8524,#8525,#8526,#8527,#8528,
#8529,#8530,#8531,#8532,#8533,#8534,#8535,#8536,#8537,#8538,#8539,#8540,
#8541,#8542,#8543,#8544,#8545,#8546,#8547,#8548,#8549,#8550,#8551,#8552,
#8553,#8554,#8555,#8556,#8557,#8558,#8559,#8560,#8561,#8562,#8563,#8564,
#8565,#8566,#8567,#8568,#8569,#8570,#8571,#8572,#8573,#8574,#8575,#8576,
#8577,#8578,#8579,#8580,#8581,#8582,#8583,#8584,#8585,#8586,#8587,#8588,
#8589,#8590,#8591,#8592,#8593,#8594,#8595,#8596,#8597,#8598,#8599,#8600,
#8601,#8602,#8603,#8604,#8605,#8606,#8607,#8608,#8609,#8610,#8611,#8612,
#8613,#8614,#8615,#8616,#8617,#8618,#8619,#8620,#8621,#8622,#8623,#8624,
#8625,#8626,#8627,#8628,#8629,#8630,#8631,#8632,#8633,#8634,#8635,#8636,
#8637,#8638,#8639,#8640,#8641,#8642,#8643,#8644,#8645,#8646,#8647,#8648,
#8649,#8650,#8651,#8652,#8653,#8654,#8655,#8656,#8657,#8658,#8659,#8660,
#8661,#8662,#8663,#8664,#8665,#8666,#8667,#8668,#8669,#8670,#8671,#8672,
#8673,#8674,#8675,#8676,#8677,#8678,#8679,#8680,#8681,#8682,#8683,#8684,
#8685,#8686,#8687,#8688,#8689,#8690,#8691,#8692,#8693,#8694,#8695,#8696,
#8697,#8698,#8699,#8700,#8701,#8702,#8703,#8704,#8705,#8706,#8707,#8708,
#8709,#8710,#8711,#8712,#8713,#8714,#8715,#8716,#8717,#8718,#8719,#8720,
#8721,#8722,#8723,#8724,#8725,#8726,#8727,#8728,#8729,#8730,#8731,#8732,
#8733,#8734,#8735,#8736,#8737,#8738,#8739,#8740,#8741,#8742,#8743,#8744,
#8745,#8746,#8747,#8748,#8749,#8750,#8751,#8752,#8753,#8754,#8755,#8756,
#8757,#8758,#8759,#8760,#8761,#8762,#8763,#8764,#8765,#8766,#8767,#8768,
#8769,#8770,#8771,#8772,#8773,#8774,#8775,#8776,#8777,#8778,#8779,#8780,
#8781,#8782,#8783,#8784,#8785,#8786,#8787,#8788,#8789,#8790,#8791,#8792,
#8793,#8794,#8795,#8796,#8797,#8798,#8799,#8800,#8801,#8802,#8803,#8804,
#8805,#8806,#8807,#8808,#8809,#8810,#8811,#8812,#8813,#8814,#8815,#8816,
#8817,#8818,#8819,#8820,#8821,#8822,#8823,#8824,#8825,#8826,#8827,#8828,
#8829,#8830,#8831,#8832,#8833,#8834,#8835,#8836,#8837,#8838,#8839,#8840,
#8841,#8842,#8843,#8844,#8845,#8846,#8847,#8848,#8849,#8850,#8851,#8852,
#8853,#8854,#8855,#8856,#8857,#8858,#8859,#8860,#8861,#8862,#8863,#8864,
#8865,#8866,#8867,#8868,#8869,#8870,#8871,#8872,#8873,#8874,#8875,#8876,
#8877,#8878,#8879,#8880,#8881,#8882,#8883,#8884,#8885,#8886,#8887,#8888,
#8889,#8890,#8891,#8892,#8893,#8894,#8895,#8896,#8897,#8898,#8899,#8900,
#8901,#8902,#8903,#8904,#8905,#8906,#8907,#8908,#8909,#8910,#8911,#8912,
#8913,#8914,#8915,#8916,#8917,#8918,#8919,#8920,#8921,#8922,#8923,#8924,
#8925,#8926,#8927,#8928,#8929,#8930,#8931,#8932,#8933));
#8935=DERIVED_UNIT_ELEMENT(#8937,1.);
#8936=DERIVED_UNIT_ELEMENT(#14364,-3.);
#8937=(
MASS_UNIT()
NAMED_UNIT(*)
SI_UNIT(.KILO.,.GRAM.)
);
#8938=DERIVED_UNIT((#8935,#8936));
#8939=MEASURE_REPRESENTATION_ITEM('density measure',
POSITIVE_RATIO_MEASURE(7850.),#8938);
#8940=PROPERTY_DEFINITION_REPRESENTATION(#8945,#8942);
#8941=PROPERTY_DEFINITION_REPRESENTATION(#8946,#8943);
#8942=REPRESENTATION('material name',(#8944),#14361);
#8943=REPRESENTATION('density',(#8939),#14361);
#8944=DESCRIPTIVE_REPRESENTATION_ITEM('Steel','Steel');
#8945=PROPERTY_DEFINITION('material property','material name',#14371);
#8946=PROPERTY_DEFINITION('material property','density of part',#14371);
#8947=AXIS2_PLACEMENT_3D('',#11796,#9507,#9508);
#8948=AXIS2_PLACEMENT_3D('',#11797,#9509,#9510);
#8949=AXIS2_PLACEMENT_3D('',#11808,#9516,#9517);
#8950=AXIS2_PLACEMENT_3D('',#11814,#9521,#9522);
#8951=AXIS2_PLACEMENT_3D('',#11822,#9526,#9527);
#8952=AXIS2_PLACEMENT_3D('',#11823,#9528,#9529);
#8953=AXIS2_PLACEMENT_3D('',#11836,#9537,#9538);
#8954=AXIS2_PLACEMENT_3D('',#11845,#9543,#9544);
#8955=AXIS2_PLACEMENT_3D('',#11850,#9546,#9547);
#8956=AXIS2_PLACEMENT_3D('',#11853,#9549,#9550);
#8957=AXIS2_PLACEMENT_3D('',#11854,#9551,#9552);
#8958=AXIS2_PLACEMENT_3D('',#11860,#9556,#9557);
#8959=AXIS2_PLACEMENT_3D('',#11869,#9562,#9563);
#8960=AXIS2_PLACEMENT_3D('',#11874,#9566,#9567);
#8961=AXIS2_PLACEMENT_3D('',#11875,#9568,#9569);
#8962=AXIS2_PLACEMENT_3D('',#11884,#9574,#9575);
#8963=AXIS2_PLACEMENT_3D('',#11889,#9577,#9578);
#8964=AXIS2_PLACEMENT_3D('',#11892,#9580,#9581);
#8965=AXIS2_PLACEMENT_3D('',#11893,#9582,#9583);
#8966=AXIS2_PLACEMENT_3D('',#11899,#9587,#9588);
#8967=AXIS2_PLACEMENT_3D('',#11905,#9592,#9593);
#8968=AXIS2_PLACEMENT_3D('',#11915,#9599,#9600);
#8969=AXIS2_PLACEMENT_3D('',#11931,#9610,#9611);
#8970=AXIS2_PLACEMENT_3D('',#11938,#9614,#9615);
#8971=AXIS2_PLACEMENT_3D('',#11948,#9620,#9621);
#8972=AXIS2_PLACEMENT_3D('',#11954,#9625,#9626);
#8973=AXIS2_PLACEMENT_3D('',#11959,#9630,#9631);
#8974=AXIS2_PLACEMENT_3D('',#11964,#9633,#9634);
#8975=AXIS2_PLACEMENT_3D('',#11974,#9639,#9640);
#8976=AXIS2_PLACEMENT_3D('',#11977,#9643,#9644);
#8977=AXIS2_PLACEMENT_3D('',#11991,#9652,#9653);
#8978=AXIS2_PLACEMENT_3D('',#11998,#9656,#9657);
#8979=AXIS2_PLACEMENT_3D('',#12008,#9662,#9663);
#8980=AXIS2_PLACEMENT_3D('',#12014,#9667,#9668);
#8981=AXIS2_PLACEMENT_3D('',#12020,#9672,#9673);
#8982=AXIS2_PLACEMENT_3D('',#12025,#9677,#9678);
#8983=AXIS2_PLACEMENT_3D('',#12028,#9680,#9681);
#8984=AXIS2_PLACEMENT_3D('',#12038,#9686,#9687);
#8985=AXIS2_PLACEMENT_3D('',#12040,#9689,#9690);
#8986=AXIS2_PLACEMENT_3D('',#12042,#9692,#9693);
#8987=AXIS2_PLACEMENT_3D('',#12044,#9695,#9696);
#8988=AXIS2_PLACEMENT_3D('',#12046,#9698,#9699);
#8989=AXIS2_PLACEMENT_3D('',#12048,#9701,#9702);
#8990=AXIS2_PLACEMENT_3D('',#12050,#9704,#9705);
#8991=AXIS2_PLACEMENT_3D('',#12052,#9707,#9708);
#8992=AXIS2_PLACEMENT_3D('',#12053,#9709,#9710);
#8993=AXIS2_PLACEMENT_3D('',#12074,#9721,#9722);
#8994=AXIS2_PLACEMENT_3D('',#12083,#9727,#9728);
#8995=AXIS2_PLACEMENT_3D('',#12092,#9733,#9734);
#8996=AXIS2_PLACEMENT_3D('',#12101,#9739,#9740);
#8997=AXIS2_PLACEMENT_3D('',#12110,#9745,#9746);
#8998=AXIS2_PLACEMENT_3D('',#12118,#9751,#9752);
#8999=AXIS2_PLACEMENT_3D('',#12123,#9756,#9757);
#9000=AXIS2_PLACEMENT_3D('',#12128,#9761,#9762);
#9001=AXIS2_PLACEMENT_3D('',#12137,#9767,#9768);
#9002=AXIS2_PLACEMENT_3D('',#12146,#9773,#9774);
#9003=AXIS2_PLACEMENT_3D('',#12152,#9778,#9779);
#9004=AXIS2_PLACEMENT_3D('',#12158,#9783,#9784);
#9005=AXIS2_PLACEMENT_3D('',#12162,#9787,#9788);
#9006=AXIS2_PLACEMENT_3D('',#12171,#9793,#9794);
#9007=AXIS2_PLACEMENT_3D('',#12174,#9797,#9798);
#9008=AXIS2_PLACEMENT_3D('',#12177,#9801,#9802);
#9009=AXIS2_PLACEMENT_3D('',#12186,#9807,#9808);
#9010=AXIS2_PLACEMENT_3D('',#12188,#9810,#9811);
#9011=AXIS2_PLACEMENT_3D('',#12191,#9814,#9815);
#9012=AXIS2_PLACEMENT_3D('',#12192,#9816,#9817);
#9013=AXIS2_PLACEMENT_3D('',#12194,#9819,#9820);
#9014=AXIS2_PLACEMENT_3D('',#12196,#9822,#9823);
#9015=AXIS2_PLACEMENT_3D('',#12198,#9825,#9826);
#9016=AXIS2_PLACEMENT_3D('',#12200,#9828,#9829);
#9017=AXIS2_PLACEMENT_3D('',#12202,#9831,#9832);
#9018=AXIS2_PLACEMENT_3D('',#12204,#9834,#9835);
#9019=AXIS2_PLACEMENT_3D('',#12205,#9836,#9837);
#9020=AXIS2_PLACEMENT_3D('',#12209,#9840,#9841);
#9021=AXIS2_PLACEMENT_3D('',#12218,#9846,#9847);
#9022=AXIS2_PLACEMENT_3D('',#12226,#9852,#9853);
#9023=AXIS2_PLACEMENT_3D('',#12229,#9856,#9857);
#9024=AXIS2_PLACEMENT_3D('',#12233,#9860,#9861);
#9025=AXIS2_PLACEMENT_3D('',#12245,#9868,#9869);
#9026=AXIS2_PLACEMENT_3D('',#12248,#9870,#9871);
#9027=AXIS2_PLACEMENT_3D('',#12252,#9873,#9874);
#9028=AXIS2_PLACEMENT_3D('',#12254,#9876,#9877);
#9029=AXIS2_PLACEMENT_3D('',#12260,#9881,#9882);
#9030=AXIS2_PLACEMENT_3D('',#12266,#9886,#9887);
#9031=AXIS2_PLACEMENT_3D('',#12272,#9891,#9892);
#9032=AXIS2_PLACEMENT_3D('',#12274,#9893,#9894);
#9033=AXIS2_PLACEMENT_3D('',#12276,#9895,#9896);
#9034=AXIS2_PLACEMENT_3D('',#12278,#9898,#9899);
#9035=AXIS2_PLACEMENT_3D('',#12284,#9903,#9904);
#9036=AXIS2_PLACEMENT_3D('',#12290,#9908,#9909);
#9037=AXIS2_PLACEMENT_3D('',#12296,#9913,#9914);
#9038=AXIS2_PLACEMENT_3D('',#12298,#9915,#9916);
#9039=AXIS2_PLACEMENT_3D('',#12300,#9917,#9918);
#9040=AXIS2_PLACEMENT_3D('',#12302,#9920,#9921);
#9041=AXIS2_PLACEMENT_3D('',#12308,#9925,#9926);
#9042=AXIS2_PLACEMENT_3D('',#12310,#9927,#9928);
#9043=AXIS2_PLACEMENT_3D('',#12312,#9929,#9930);
#9044=AXIS2_PLACEMENT_3D('',#12314,#9932,#9933);
#9045=AXIS2_PLACEMENT_3D('',#12320,#9937,#9938);
#9046=AXIS2_PLACEMENT_3D('',#12326,#9942,#9943);
#9047=AXIS2_PLACEMENT_3D('',#12332,#9947,#9948);
#9048=AXIS2_PLACEMENT_3D('',#12335,#9951,#9952);
#9049=AXIS2_PLACEMENT_3D('',#12337,#9953,#9954);
#9050=AXIS2_PLACEMENT_3D('',#12339,#9956,#9957);
#9051=AXIS2_PLACEMENT_3D('',#12342,#9959,#9960);
#9052=AXIS2_PLACEMENT_3D('',#12343,#9961,#9962);
#9053=AXIS2_PLACEMENT_3D('',#12345,#9964,#9965);
#9054=AXIS2_PLACEMENT_3D('',#12346,#9966,#9967);
#9055=AXIS2_PLACEMENT_3D('',#12348,#9969,#9970);
#9056=AXIS2_PLACEMENT_3D('',#12354,#9974,#9975);
#9057=AXIS2_PLACEMENT_3D('',#12360,#9979,#9980);
#9058=AXIS2_PLACEMENT_3D('',#12363,#9983,#9984);
#9059=AXIS2_PLACEMENT_3D('',#12364,#9985,#9986);
#9060=AXIS2_PLACEMENT_3D('',#12368,#9989,#9990);
#9061=AXIS2_PLACEMENT_3D('',#12370,#9992,#9993);
#9062=AXIS2_PLACEMENT_3D('',#12531,#10075,#10076);
#9063=AXIS2_PLACEMENT_3D('',#12536,#10078,#10079);
#9064=AXIS2_PLACEMENT_3D('',#12539,#10081,#10082);
#9065=AXIS2_PLACEMENT_3D('',#12540,#10083,#10084);
#9066=AXIS2_PLACEMENT_3D('',#12545,#10086,#10087);
#9067=AXIS2_PLACEMENT_3D('',#12548,#10089,#10090);
#9068=AXIS2_PLACEMENT_3D('',#12549,#10091,#10092);
#9069=AXIS2_PLACEMENT_3D('',#12555,#10096,#10097);
#9070=AXIS2_PLACEMENT_3D('',#12556,#10098,#10099);
#9071=AXIS2_PLACEMENT_3D('',#12557,#10100,#10101);
#9072=AXIS2_PLACEMENT_3D('',#12558,#10102,#10103);
#9073=AXIS2_PLACEMENT_3D('',#12565,#10106,#10107);
#9074=AXIS2_PLACEMENT_3D('',#12575,#10112,#10113);
#9075=AXIS2_PLACEMENT_3D('',#12581,#10117,#10118);
#9076=AXIS2_PLACEMENT_3D('',#12587,#10122,#10123);
#9077=AXIS2_PLACEMENT_3D('',#12596,#10128,#10129);
#9078=AXIS2_PLACEMENT_3D('',#12602,#10134,#10135);
#9079=AXIS2_PLACEMENT_3D('',#12613,#10142,#10143);
#9080=AXIS2_PLACEMENT_3D('',#12619,#10147,#10148);
#9081=AXIS2_PLACEMENT_3D('',#12628,#10153,#10154);
#9082=AXIS2_PLACEMENT_3D('',#12637,#10159,#10160);
#9083=AXIS2_PLACEMENT_3D('',#12641,#10162,#10163);
#9084=AXIS2_PLACEMENT_3D('',#12642,#10164,#10165);
#9085=AXIS2_PLACEMENT_3D('',#12643,#10166,#10167);
#9086=AXIS2_PLACEMENT_3D('',#12649,#10171,#10172);
#9087=AXIS2_PLACEMENT_3D('',#12655,#10176,#10177);
#9088=AXIS2_PLACEMENT_3D('',#12661,#10181,#10182);
#9089=AXIS2_PLACEMENT_3D('',#12667,#10186,#10187);
#9090=AXIS2_PLACEMENT_3D('',#12671,#10189,#10190);
#9091=AXIS2_PLACEMENT_3D('',#12672,#10191,#10192);
#9092=AXIS2_PLACEMENT_3D('',#12673,#10193,#10194);
#9093=AXIS2_PLACEMENT_3D('',#12679,#10198,#10199);
#9094=AXIS2_PLACEMENT_3D('',#12685,#10203,#10204);
#9095=AXIS2_PLACEMENT_3D('',#12694,#10209,#10210);
#9096=AXIS2_PLACEMENT_3D('',#12698,#10212,#10213);
#9097=AXIS2_PLACEMENT_3D('',#12699,#10214,#10215);
#9098=AXIS2_PLACEMENT_3D('',#12700,#10216,#10217);
#9099=AXIS2_PLACEMENT_3D('',#12706,#10221,#10222);
#9100=AXIS2_PLACEMENT_3D('',#12712,#10226,#10227);
#9101=AXIS2_PLACEMENT_3D('',#12714,#10229,#10230);
#9102=AXIS2_PLACEMENT_3D('',#12716,#10232,#10233);
#9103=AXIS2_PLACEMENT_3D('',#12722,#10237,#10238);
#9104=AXIS2_PLACEMENT_3D('',#12731,#10243,#10244);
#9105=AXIS2_PLACEMENT_3D('',#12737,#10248,#10249);
#9106=AXIS2_PLACEMENT_3D('',#12739,#10250,#10251);
#9107=AXIS2_PLACEMENT_3D('',#12742,#10253,#10254);
#9108=AXIS2_PLACEMENT_3D('',#12743,#10255,#10256);
#9109=AXIS2_PLACEMENT_3D('',#12747,#10259,#10260);
#9110=AXIS2_PLACEMENT_3D('',#12749,#10262,#10263);
#9111=AXIS2_PLACEMENT_3D('',#12758,#10268,#10269);
#9112=AXIS2_PLACEMENT_3D('',#12777,#10280,#10281);
#9113=AXIS2_PLACEMENT_3D('',#12783,#10285,#10286);
#9114=AXIS2_PLACEMENT_3D('',#12786,#10289,#10290);
#9115=AXIS2_PLACEMENT_3D('',#12788,#10292,#10293);
#9116=AXIS2_PLACEMENT_3D('',#12797,#10298,#10299);
#9117=AXIS2_PLACEMENT_3D('',#12802,#10301,#10302);
#9118=AXIS2_PLACEMENT_3D('',#12805,#10304,#10305);
#9119=AXIS2_PLACEMENT_3D('',#12806,#10306,#10307);
#9120=AXIS2_PLACEMENT_3D('',#12815,#10312,#10313);
#9121=AXIS2_PLACEMENT_3D('',#12819,#10315,#10316);
#9122=AXIS2_PLACEMENT_3D('',#12820,#10317,#10318);
#9123=AXIS2_PLACEMENT_3D('',#12821,#10319,#10320);
#9124=AXIS2_PLACEMENT_3D('',#12827,#10324,#10325);
#9125=AXIS2_PLACEMENT_3D('',#12833,#10329,#10330);
#9126=AXIS2_PLACEMENT_3D('',#12835,#10331,#10332);
#9127=AXIS2_PLACEMENT_3D('',#12838,#10334,#10335);
#9128=AXIS2_PLACEMENT_3D('',#12839,#10336,#10337);
#9129=AXIS2_PLACEMENT_3D('',#12845,#10341,#10342);
#9130=AXIS2_PLACEMENT_3D('',#12851,#10346,#10347);
#9131=AXIS2_PLACEMENT_3D('',#12857,#10351,#10352);
#9132=AXIS2_PLACEMENT_3D('',#12863,#10356,#10357);
#9133=AXIS2_PLACEMENT_3D('',#12865,#10358,#10359);
#9134=AXIS2_PLACEMENT_3D('',#12868,#10361,#10362);
#9135=AXIS2_PLACEMENT_3D('',#12869,#10363,#10364);
#9136=AXIS2_PLACEMENT_3D('',#12875,#10368,#10369);
#9137=AXIS2_PLACEMENT_3D('',#12884,#10374,#10375);
#9138=AXIS2_PLACEMENT_3D('',#12890,#10379,#10380);
#9139=AXIS2_PLACEMENT_3D('',#12896,#10384,#10385);
#9140=AXIS2_PLACEMENT_3D('',#12899,#10388,#10389);
#9141=AXIS2_PLACEMENT_3D('',#12907,#10394,#10395);
#9142=AXIS2_PLACEMENT_3D('',#12912,#10398,#10399);
#9143=AXIS2_PLACEMENT_3D('',#12914,#10401,#10402);
#9144=AXIS2_PLACEMENT_3D('',#12918,#10405,#10406);
#9145=AXIS2_PLACEMENT_3D('',#12920,#10407,#10408);
#9146=AXIS2_PLACEMENT_3D('',#12926,#10412,#10413);
#9147=AXIS2_PLACEMENT_3D('',#12930,#10416,#10417);
#9148=AXIS2_PLACEMENT_3D('',#12936,#10421,#10422);
#9149=AXIS2_PLACEMENT_3D('',#12938,#10424,#10425);
#9150=AXIS2_PLACEMENT_3D('',#12940,#10427,#10428);
#9151=AXIS2_PLACEMENT_3D('',#12946,#10432,#10433);
#9152=AXIS2_PLACEMENT_3D('',#12950,#10436,#10437);
#9153=AXIS2_PLACEMENT_3D('',#12958,#10442,#10443);
#9154=AXIS2_PLACEMENT_3D('',#12962,#10446,#10447);
#9155=AXIS2_PLACEMENT_3D('',#12968,#10451,#10452);
#9156=AXIS2_PLACEMENT_3D('',#12974,#10455,#10456);
#9157=AXIS2_PLACEMENT_3D('',#12981,#10460,#10461);
#9158=AXIS2_PLACEMENT_3D('',#12983,#10463,#10464);
#9159=AXIS2_PLACEMENT_3D('',#12987,#10466,#10467);
#9160=AXIS2_PLACEMENT_3D('',#12994,#10471,#10472);
#9161=AXIS2_PLACEMENT_3D('',#13000,#10476,#10477);
#9162=AXIS2_PLACEMENT_3D('',#13009,#10483,#10484);
#9163=AXIS2_PLACEMENT_3D('',#13012,#10486,#10487);
#9164=AXIS2_PLACEMENT_3D('',#13022,#10492,#10493);
#9165=AXIS2_PLACEMENT_3D('',#13026,#10496,#10497);
#9166=AXIS2_PLACEMENT_3D('',#13032,#10501,#10502);
#9167=AXIS2_PLACEMENT_3D('',#13036,#10504,#10505);
#9168=AXIS2_PLACEMENT_3D('',#13045,#10510,#10511);
#9169=AXIS2_PLACEMENT_3D('',#13049,#10514,#10515);
#9170=AXIS2_PLACEMENT_3D('',#13053,#10518,#10519);
#9171=AXIS2_PLACEMENT_3D('',#13059,#10523,#10524);
#9172=AXIS2_PLACEMENT_3D('',#13061,#10526,#10527);
#9173=AXIS2_PLACEMENT_3D('',#13063,#10529,#10530);
#9174=AXIS2_PLACEMENT_3D('',#13069,#10534,#10535);
#9175=AXIS2_PLACEMENT_3D('',#13073,#10538,#10539);
#9176=AXIS2_PLACEMENT_3D('',#13081,#10544,#10545);
#9177=AXIS2_PLACEMENT_3D('',#13085,#10548,#10549);
#9178=AXIS2_PLACEMENT_3D('',#13091,#10552,#10553);
#9179=AXIS2_PLACEMENT_3D('',#13100,#10559,#10560);
#9180=AXIS2_PLACEMENT_3D('',#13104,#10563,#10564);
#9181=AXIS2_PLACEMENT_3D('',#13113,#10569,#10570);
#9182=AXIS2_PLACEMENT_3D('',#13115,#10572,#10573);
#9183=AXIS2_PLACEMENT_3D('',#13124,#10579,#10580);
#9184=AXIS2_PLACEMENT_3D('',#13129,#10583,#10584);
#9185=AXIS2_PLACEMENT_3D('',#13131,#10585,#10586);
#9186=AXIS2_PLACEMENT_3D('',#13135,#10589,#10590);
#9187=AXIS2_PLACEMENT_3D('',#13141,#10594,#10595);
#9188=AXIS2_PLACEMENT_3D('',#13144,#10597,#10598);
#9189=AXIS2_PLACEMENT_3D('',#13146,#10599,#10600);
#9190=AXIS2_PLACEMENT_3D('',#13152,#10604,#10605);
#9191=AXIS2_PLACEMENT_3D('',#13156,#10608,#10609);
#9192=AXIS2_PLACEMENT_3D('',#13162,#10613,#10614);
#9193=AXIS2_PLACEMENT_3D('',#13164,#10616,#10617);
#9194=AXIS2_PLACEMENT_3D('',#13166,#10619,#10620);
#9195=AXIS2_PLACEMENT_3D('',#13172,#10624,#10625);
#9196=AXIS2_PLACEMENT_3D('',#13176,#10628,#10629);
#9197=AXIS2_PLACEMENT_3D('',#13184,#10634,#10635);
#9198=AXIS2_PLACEMENT_3D('',#13188,#10638,#10639);
#9199=AXIS2_PLACEMENT_3D('',#13194,#10643,#10644);
#9200=AXIS2_PLACEMENT_3D('',#13202,#10649,#10650);
#9201=AXIS2_PLACEMENT_3D('',#13204,#10652,#10653);
#9202=AXIS2_PLACEMENT_3D('',#13207,#10655,#10656);
#9203=AXIS2_PLACEMENT_3D('',#13216,#10662,#10663);
#9204=AXIS2_PLACEMENT_3D('',#13225,#10669,#10670);
#9205=AXIS2_PLACEMENT_3D('',#13229,#10674,#10675);
#9206=AXIS2_PLACEMENT_3D('',#13233,#10678,#10679);
#9207=AXIS2_PLACEMENT_3D('',#13238,#10683,#10684);
#9208=AXIS2_PLACEMENT_3D('',#13242,#10687,#10688);
#9209=AXIS2_PLACEMENT_3D('',#13248,#10692,#10693);
#9210=AXIS2_PLACEMENT_3D('',#13250,#10695,#10696);
#9211=AXIS2_PLACEMENT_3D('',#13252,#10698,#10699);
#9212=AXIS2_PLACEMENT_3D('',#13258,#10703,#10704);
#9213=AXIS2_PLACEMENT_3D('',#13260,#10706,#10707);
#9214=AXIS2_PLACEMENT_3D('',#13266,#10711,#10712);
#9215=AXIS2_PLACEMENT_3D('',#13270,#10715,#10716);
#9216=AXIS2_PLACEMENT_3D('',#13273,#10719,#10720);
#9217=AXIS2_PLACEMENT_3D('',#13275,#10722,#10723);
#9218=AXIS2_PLACEMENT_3D('',#13279,#10726,#10727);
#9219=AXIS2_PLACEMENT_3D('',#13287,#10732,#10733);
#9220=AXIS2_PLACEMENT_3D('',#13290,#10736,#10737);
#9221=AXIS2_PLACEMENT_3D('',#13294,#10740,#10741);
#9222=AXIS2_PLACEMENT_3D('',#13298,#10744,#10745);
#9223=AXIS2_PLACEMENT_3D('',#13302,#10748,#10749);
#9224=AXIS2_PLACEMENT_3D('',#13308,#10753,#10754);
#9225=AXIS2_PLACEMENT_3D('',#13310,#10756,#10757);
#9226=AXIS2_PLACEMENT_3D('',#13312,#10759,#10760);
#9227=AXIS2_PLACEMENT_3D('',#13318,#10764,#10765);
#9228=AXIS2_PLACEMENT_3D('',#13320,#10767,#10768);
#9229=AXIS2_PLACEMENT_3D('',#13326,#10772,#10773);
#9230=AXIS2_PLACEMENT_3D('',#13330,#10776,#10777);
#9231=AXIS2_PLACEMENT_3D('',#13333,#10780,#10781);
#9232=AXIS2_PLACEMENT_3D('',#13339,#10784,#10785);
#9233=AXIS2_PLACEMENT_3D('',#13343,#10788,#10789);
#9234=AXIS2_PLACEMENT_3D('',#13349,#10792,#10793);
#9235=AXIS2_PLACEMENT_3D('',#13355,#10797,#10798);
#9236=AXIS2_PLACEMENT_3D('',#13363,#10803,#10804);
#9237=AXIS2_PLACEMENT_3D('',#13369,#10807,#10808);
#9238=AXIS2_PLACEMENT_3D('',#13379,#10813,#10814);
#9239=AXIS2_PLACEMENT_3D('',#13383,#10817,#10818);
#9240=AXIS2_PLACEMENT_3D('',#13389,#10822,#10823);
#9241=AXIS2_PLACEMENT_3D('',#13393,#10825,#10826);
#9242=AXIS2_PLACEMENT_3D('',#13403,#10831,#10832);
#9243=AXIS2_PLACEMENT_3D('',#13409,#10836,#10837);
#9244=AXIS2_PLACEMENT_3D('',#13413,#10840,#10841);
#9245=AXIS2_PLACEMENT_3D('',#13419,#10845,#10846);
#9246=AXIS2_PLACEMENT_3D('',#13421,#10848,#10849);
#9247=AXIS2_PLACEMENT_3D('',#13423,#10851,#10852);
#9248=AXIS2_PLACEMENT_3D('',#13429,#10856,#10857);
#9249=AXIS2_PLACEMENT_3D('',#13433,#10860,#10861);
#9250=AXIS2_PLACEMENT_3D('',#13441,#10866,#10867);
#9251=AXIS2_PLACEMENT_3D('',#13445,#10870,#10871);
#9252=AXIS2_PLACEMENT_3D('',#13451,#10875,#10876);
#9253=AXIS2_PLACEMENT_3D('',#13462,#10882,#10883);
#9254=AXIS2_PLACEMENT_3D('',#13464,#10885,#10886);
#9255=AXIS2_PLACEMENT_3D('',#13468,#10888,#10889);
#9256=AXIS2_PLACEMENT_3D('',#13479,#10896,#10897);
#9257=AXIS2_PLACEMENT_3D('',#13481,#10899,#10900);
#9258=AXIS2_PLACEMENT_3D('',#13484,#10903,#10904);
#9259=AXIS2_PLACEMENT_3D('',#13493,#10909,#10910);
#9260=AXIS2_PLACEMENT_3D('',#13494,#10911,#10912);
#9261=AXIS2_PLACEMENT_3D('',#13500,#10916,#10917);
#9262=AXIS2_PLACEMENT_3D('',#13509,#10922,#10923);
#9263=AXIS2_PLACEMENT_3D('',#13519,#10929,#10930);
#9264=AXIS2_PLACEMENT_3D('',#13528,#10935,#10936);
#9265=AXIS2_PLACEMENT_3D('',#13530,#10938,#10939);
#9266=AXIS2_PLACEMENT_3D('',#13533,#10942,#10943);
#9267=AXIS2_PLACEMENT_3D('',#13536,#10946,#10947);
#9268=AXIS2_PLACEMENT_3D('',#13538,#10949,#10950);
#9269=AXIS2_PLACEMENT_3D('',#13544,#10954,#10955);
#9270=AXIS2_PLACEMENT_3D('',#13550,#10959,#10960);
#9271=AXIS2_PLACEMENT_3D('',#13559,#10965,#10966);
#9272=AXIS2_PLACEMENT_3D('',#13560,#10967,#10968);
#9273=AXIS2_PLACEMENT_3D('',#13563,#10971,#10972);
#9274=AXIS2_PLACEMENT_3D('',#13565,#10974,#10975);
#9275=AXIS2_PLACEMENT_3D('',#13567,#10977,#10978);
#9276=AXIS2_PLACEMENT_3D('',#13568,#10979,#10980);
#9277=AXIS2_PLACEMENT_3D('',#13570,#10982,#10983);
#9278=AXIS2_PLACEMENT_3D('',#13572,#10985,#10986);
#9279=AXIS2_PLACEMENT_3D('',#13574,#10988,#10989);
#9280=AXIS2_PLACEMENT_3D('',#13575,#10990,#10991);
#9281=AXIS2_PLACEMENT_3D('',#13578,#10994,#10995);
#9282=AXIS2_PLACEMENT_3D('',#13579,#10996,#10997);
#9283=AXIS2_PLACEMENT_3D('',#13582,#11000,#11001);
#9284=AXIS2_PLACEMENT_3D('',#13584,#11003,#11004);
#9285=AXIS2_PLACEMENT_3D('',#13589,#11007,#11008);
#9286=AXIS2_PLACEMENT_3D('',#13596,#11012,#11013);
#9287=AXIS2_PLACEMENT_3D('',#13598,#11015,#11016);
#9288=AXIS2_PLACEMENT_3D('',#13600,#11018,#11019);
#9289=AXIS2_PLACEMENT_3D('',#13602,#11021,#11022);
#9290=AXIS2_PLACEMENT_3D('',#13603,#11023,#11024);
#9291=AXIS2_PLACEMENT_3D('',#13605,#11026,#11027);
#9292=AXIS2_PLACEMENT_3D('',#13607,#11029,#11030);
#9293=AXIS2_PLACEMENT_3D('',#13609,#11032,#11033);
#9294=AXIS2_PLACEMENT_3D('',#13610,#11034,#11035);
#9295=AXIS2_PLACEMENT_3D('',#13612,#11037,#11038);
#9296=AXIS2_PLACEMENT_3D('',#13614,#11040,#11041);
#9297=AXIS2_PLACEMENT_3D('',#13617,#11044,#11045);
#9298=AXIS2_PLACEMENT_3D('',#13620,#11048,#11049);
#9299=AXIS2_PLACEMENT_3D('',#13621,#11050,#11051);
#9300=AXIS2_PLACEMENT_3D('',#13623,#11053,#11054);
#9301=AXIS2_PLACEMENT_3D('',#13625,#11056,#11057);
#9302=AXIS2_PLACEMENT_3D('',#13626,#11058,#11059);
#9303=AXIS2_PLACEMENT_3D('',#13629,#11062,#11063);
#9304=AXIS2_PLACEMENT_3D('',#13631,#11065,#11066);
#9305=AXIS2_PLACEMENT_3D('',#13637,#11070,#11071);
#9306=AXIS2_PLACEMENT_3D('',#13639,#11073,#11074);
#9307=AXIS2_PLACEMENT_3D('',#13641,#11076,#11077);
#9308=AXIS2_PLACEMENT_3D('',#13643,#11079,#11080);
#9309=AXIS2_PLACEMENT_3D('',#13645,#11082,#11083);
#9310=AXIS2_PLACEMENT_3D('',#13646,#11084,#11085);
#9311=AXIS2_PLACEMENT_3D('',#13647,#11086,#11087);
#9312=AXIS2_PLACEMENT_3D('',#13649,#11089,#11090);
#9313=AXIS2_PLACEMENT_3D('',#13650,#11091,#11092);
#9314=AXIS2_PLACEMENT_3D('',#13651,#11093,#11094);
#9315=AXIS2_PLACEMENT_3D('',#13652,#11095,#11096);
#9316=AXIS2_PLACEMENT_3D('',#13653,#11097,#11098);
#9317=AXIS2_PLACEMENT_3D('',#13659,#11102,#11103);
#9318=AXIS2_PLACEMENT_3D('',#13660,#11104,#11105);
#9319=AXIS2_PLACEMENT_3D('',#13661,#11106,#11107);
#9320=AXIS2_PLACEMENT_3D('',#13662,#11108,#11109);
#9321=AXIS2_PLACEMENT_3D('',#13663,#11110,#11111);
#9322=AXIS2_PLACEMENT_3D('',#13664,#11112,#11113);
#9323=AXIS2_PLACEMENT_3D('',#13670,#11118,#11119);
#9324=AXIS2_PLACEMENT_3D('',#13674,#11122,#11123);
#9325=AXIS2_PLACEMENT_3D('',#13677,#11126,#11127);
#9326=AXIS2_PLACEMENT_3D('',#13678,#11128,#11129);
#9327=AXIS2_PLACEMENT_3D('',#13680,#11131,#11132);
#9328=AXIS2_PLACEMENT_3D('',#13689,#11136,#11137);
#9329=AXIS2_PLACEMENT_3D('',#13696,#11141,#11142);
#9330=AXIS2_PLACEMENT_3D('',#13700,#11145,#11146);
#9331=AXIS2_PLACEMENT_3D('',#13702,#11148,#11149);
#9332=AXIS2_PLACEMENT_3D('',#13703,#11150,#11151);
#9333=AXIS2_PLACEMENT_3D('',#13705,#11153,#11154);
#9334=AXIS2_PLACEMENT_3D('',#13714,#11159,#11160);
#9335=AXIS2_PLACEMENT_3D('',#13723,#11165,#11166);
#9336=AXIS2_PLACEMENT_3D('',#13729,#11169,#11170);
#9337=AXIS2_PLACEMENT_3D('',#13732,#11173,#11174);
#9338=AXIS2_PLACEMENT_3D('',#13734,#11176,#11177);
#9339=AXIS2_PLACEMENT_3D('',#13738,#11179,#11180);
#9340=AXIS2_PLACEMENT_3D('',#13740,#11182,#11183);
#9341=AXIS2_PLACEMENT_3D('',#13741,#11184,#11185);
#9342=AXIS2_PLACEMENT_3D('',#13742,#11186,#11187);
#9343=AXIS2_PLACEMENT_3D('',#13744,#11188,#11189);
#9344=AXIS2_PLACEMENT_3D('',#13746,#11191,#11192);
#9345=AXIS2_PLACEMENT_3D('',#13748,#11194,#11195);
#9346=AXIS2_PLACEMENT_3D('',#13753,#11199,#11200);
#9347=AXIS2_PLACEMENT_3D('',#13756,#11202,#11203);
#9348=AXIS2_PLACEMENT_3D('',#13762,#11208,#11209);
#9349=AXIS2_PLACEMENT_3D('',#13768,#11214,#11215);
#9350=AXIS2_PLACEMENT_3D('',#13770,#11217,#11218);
#9351=AXIS2_PLACEMENT_3D('',#13771,#11219,#11220);
#9352=AXIS2_PLACEMENT_3D('',#13772,#11221,#11222);
#9353=AXIS2_PLACEMENT_3D('',#13778,#11226,#11227);
#9354=AXIS2_PLACEMENT_3D('',#13779,#11228,#11229);
#9355=AXIS2_PLACEMENT_3D('',#13780,#11230,#11231);
#9356=AXIS2_PLACEMENT_3D('',#13787,#11234,#11235);
#9357=AXIS2_PLACEMENT_3D('',#13797,#11240,#11241);
#9358=AXIS2_PLACEMENT_3D('',#13803,#11245,#11246);
#9359=AXIS2_PLACEMENT_3D('',#13809,#11250,#11251);
#9360=AXIS2_PLACEMENT_3D('',#13813,#11254,#11255);
#9361=AXIS2_PLACEMENT_3D('',#13819,#11259,#11260);
#9362=AXIS2_PLACEMENT_3D('',#13823,#11263,#11264);
#9363=AXIS2_PLACEMENT_3D('',#13824,#11265,#11266);
#9364=AXIS2_PLACEMENT_3D('',#13830,#11269,#11270);
#9365=AXIS2_PLACEMENT_3D('',#13840,#11275,#11276);
#9366=AXIS2_PLACEMENT_3D('',#13844,#11279,#11280);
#9367=AXIS2_PLACEMENT_3D('',#13849,#11284,#11285);
#9368=AXIS2_PLACEMENT_3D('',#13852,#11287,#11288);
#9369=AXIS2_PLACEMENT_3D('',#13858,#11292,#11293);
#9370=AXIS2_PLACEMENT_3D('',#13866,#11298,#11299);
#9371=AXIS2_PLACEMENT_3D('',#13868,#11301,#11302);
#9372=AXIS2_PLACEMENT_3D('',#13870,#11304,#11305);
#9373=AXIS2_PLACEMENT_3D('',#13879,#11310,#11311);
#9374=AXIS2_PLACEMENT_3D('',#13885,#11315,#11316);
#9375=AXIS2_PLACEMENT_3D('',#13887,#11318,#11319);
#9376=AXIS2_PLACEMENT_3D('',#13889,#11321,#11322);
#9377=AXIS2_PLACEMENT_3D('',#13891,#11323,#11324);
#9378=AXIS2_PLACEMENT_3D('',#13893,#11326,#11327);
#9379=AXIS2_PLACEMENT_3D('',#13899,#11331,#11332);
#9380=AXIS2_PLACEMENT_3D('',#13908,#11337,#11338);
#9381=AXIS2_PLACEMENT_3D('',#13912,#11341,#11342);
#9382=AXIS2_PLACEMENT_3D('',#13913,#11343,#11344);
#9383=AXIS2_PLACEMENT_3D('',#13914,#11345,#11346);
#9384=AXIS2_PLACEMENT_3D('',#13915,#11347,#11348);
#9385=AXIS2_PLACEMENT_3D('',#13921,#11352,#11353);
#9386=AXIS2_PLACEMENT_3D('',#13927,#11358,#11359);
#9387=AXIS2_PLACEMENT_3D('',#13936,#11365,#11366);
#9388=AXIS2_PLACEMENT_3D('',#13945,#11372,#11373);
#9389=AXIS2_PLACEMENT_3D('',#13947,#11375,#11376);
#9390=AXIS2_PLACEMENT_3D('',#13956,#11381,#11382);
#9391=AXIS2_PLACEMENT_3D('',#13960,#11384,#11385);
#9392=AXIS2_PLACEMENT_3D('',#13961,#11386,#11387);
#9393=AXIS2_PLACEMENT_3D('',#13962,#11388,#11389);
#9394=AXIS2_PLACEMENT_3D('',#13963,#11390,#11391);
#9395=AXIS2_PLACEMENT_3D('',#13965,#11393,#11394);
#9396=AXIS2_PLACEMENT_3D('',#13966,#11395,#11396);
#9397=AXIS2_PLACEMENT_3D('',#13968,#11398,#11399);
#9398=AXIS2_PLACEMENT_3D('',#13975,#11403,#11404);
#9399=AXIS2_PLACEMENT_3D('',#13981,#11408,#11409);
#9400=AXIS2_PLACEMENT_3D('',#13987,#11413,#11414);
#9401=AXIS2_PLACEMENT_3D('',#13989,#11415,#11416);
#9402=AXIS2_PLACEMENT_3D('',#13992,#11418,#11419);
#9403=AXIS2_PLACEMENT_3D('',#13993,#11420,#11421);
#9404=AXIS2_PLACEMENT_3D('',#13995,#11423,#11424);
#9405=AXIS2_PLACEMENT_3D('',#13996,#11425,#11426);
#9406=AXIS2_PLACEMENT_3D('',#14005,#11431,#11432);
#9407=AXIS2_PLACEMENT_3D('',#14011,#11437,#11438);
#9408=AXIS2_PLACEMENT_3D('',#14017,#11442,#11443);
#9409=AXIS2_PLACEMENT_3D('',#14021,#11446,#11447);
#9410=AXIS2_PLACEMENT_3D('',#14029,#11452,#11453);
#9411=AXIS2_PLACEMENT_3D('',#14031,#11455,#11456);
#9412=AXIS2_PLACEMENT_3D('',#14033,#11458,#11459);
#9413=AXIS2_PLACEMENT_3D('',#14034,#11460,#11461);
#9414=AXIS2_PLACEMENT_3D('',#14036,#11463,#11464);
#9415=AXIS2_PLACEMENT_3D('',#14038,#11466,#11467);
#9416=AXIS2_PLACEMENT_3D('',#14039,#11468,#11469);
#9417=AXIS2_PLACEMENT_3D('',#14041,#11471,#11472);
#9418=AXIS2_PLACEMENT_3D('',#14045,#11475,#11476);
#9419=AXIS2_PLACEMENT_3D('',#14054,#11480,#11481);
#9420=AXIS2_PLACEMENT_3D('',#14061,#11485,#11486);
#9421=AXIS2_PLACEMENT_3D('',#14065,#11489,#11490);
#9422=AXIS2_PLACEMENT_3D('',#14067,#11491,#11492);
#9423=AXIS2_PLACEMENT_3D('',#14070,#11494,#11495);
#9424=AXIS2_PLACEMENT_3D('',#14071,#11496,#11497);
#9425=AXIS2_PLACEMENT_3D('',#14072,#11498,#11499);
#9426=AXIS2_PLACEMENT_3D('',#14075,#11502,#11503);
#9427=AXIS2_PLACEMENT_3D('',#14077,#11505,#11506);
#9428=AXIS2_PLACEMENT_3D('',#14083,#11511,#11512);
#9429=AXIS2_PLACEMENT_3D('',#14087,#11515,#11516);
#9430=AXIS2_PLACEMENT_3D('',#14094,#11521,#11522);
#9431=AXIS2_PLACEMENT_3D('',#14096,#11524,#11525);
#9432=AXIS2_PLACEMENT_3D('',#14098,#11527,#11528);
#9433=AXIS2_PLACEMENT_3D('',#14101,#11531,#11532);
#9434=AXIS2_PLACEMENT_3D('',#14104,#11535,#11536);
#9435=AXIS2_PLACEMENT_3D('',#14106,#11538,#11539);
#9436=AXIS2_PLACEMENT_3D('',#14107,#11540,#11541);
#9437=AXIS2_PLACEMENT_3D('',#14120,#11548,#11549);
#9438=AXIS2_PLACEMENT_3D('',#14128,#11555,#11556);
#9439=AXIS2_PLACEMENT_3D('',#14130,#11558,#11559);
#9440=AXIS2_PLACEMENT_3D('',#14137,#11564,#11565);
#9441=AXIS2_PLACEMENT_3D('',#14149,#11573,#11574);
#9442=AXIS2_PLACEMENT_3D('',#14155,#11578,#11579);
#9443=AXIS2_PLACEMENT_3D('',#14161,#11583,#11584);
#9444=AXIS2_PLACEMENT_3D('',#14165,#11587,#11588);
#9445=AXIS2_PLACEMENT_3D('',#14169,#11591,#11592);
#9446=AXIS2_PLACEMENT_3D('',#14175,#11596,#11597);
#9447=AXIS2_PLACEMENT_3D('',#14181,#11601,#11602);
#9448=AXIS2_PLACEMENT_3D('',#14183,#11604,#11605);
#9449=AXIS2_PLACEMENT_3D('',#14185,#11607,#11608);
#9450=AXIS2_PLACEMENT_3D('',#14195,#11614,#11615);
#9451=AXIS2_PLACEMENT_3D('',#14200,#11617,#11618);
#9452=AXIS2_PLACEMENT_3D('',#14203,#11620,#11621);
#9453=AXIS2_PLACEMENT_3D('',#14204,#11622,#11623);
#9454=AXIS2_PLACEMENT_3D('',#14210,#11627,#11628);
#9455=AXIS2_PLACEMENT_3D('',#14216,#11632,#11633);
#9456=AXIS2_PLACEMENT_3D('',#14222,#11637,#11638);
#9457=AXIS2_PLACEMENT_3D('',#14226,#11640,#11641);
#9458=AXIS2_PLACEMENT_3D('',#14227,#11642,#11643);
#9459=AXIS2_PLACEMENT_3D('',#14228,#11644,#11645);
#9460=AXIS2_PLACEMENT_3D('',#14234,#11649,#11650);
#9461=AXIS2_PLACEMENT_3D('',#14240,#11654,#11655);
#9462=AXIS2_PLACEMENT_3D('',#14246,#11659,#11660);
#9463=AXIS2_PLACEMENT_3D('',#14250,#11662,#11663);
#9464=AXIS2_PLACEMENT_3D('',#14251,#11664,#11665);
#9465=AXIS2_PLACEMENT_3D('',#14252,#11666,#11667);
#9466=AXIS2_PLACEMENT_3D('',#14258,#11671,#11672);
#9467=AXIS2_PLACEMENT_3D('',#14262,#11674,#11675);
#9468=AXIS2_PLACEMENT_3D('',#14263,#11676,#11677);
#9469=AXIS2_PLACEMENT_3D('',#14264,#11678,#11679);
#9470=AXIS2_PLACEMENT_3D('',#14270,#11683,#11684);
#9471=AXIS2_PLACEMENT_3D('',#14276,#11688,#11689);
#9472=AXIS2_PLACEMENT_3D('',#14282,#11693,#11694);
#9473=AXIS2_PLACEMENT_3D('',#14285,#11697,#11698);
#9474=AXIS2_PLACEMENT_3D('',#14287,#11699,#11700);
#9475=AXIS2_PLACEMENT_3D('',#14289,#11702,#11703);
#9476=AXIS2_PLACEMENT_3D('',#14292,#11705,#11706);
#9477=AXIS2_PLACEMENT_3D('',#14293,#11707,#11708);
#9478=AXIS2_PLACEMENT_3D('',#14295,#11710,#11711);
#9479=AXIS2_PLACEMENT_3D('',#14296,#11712,#11713);
#9480=AXIS2_PLACEMENT_3D('',#14297,#11714,#11715);
#9481=AXIS2_PLACEMENT_3D('',#14298,#11716,#11717);
#9482=AXIS2_PLACEMENT_3D('',#14311,#11725,#11726);
#9483=AXIS2_PLACEMENT_3D('',#14314,#11729,#11730);
#9484=AXIS2_PLACEMENT_3D('',#14316,#11732,#11733);
#9485=AXIS2_PLACEMENT_3D('',#14318,#11735,#11736);
#9486=AXIS2_PLACEMENT_3D('',#14320,#11738,#11739);
#9487=AXIS2_PLACEMENT_3D('',#14321,#11740,#11741);
#9488=AXIS2_PLACEMENT_3D('',#14322,#11742,#11743);
#9489=AXIS2_PLACEMENT_3D('',#14324,#11745,#11746);
#9490=AXIS2_PLACEMENT_3D('',#14325,#11747,#11748);
#9491=AXIS2_PLACEMENT_3D('',#14327,#11750,#11751);
#9492=AXIS2_PLACEMENT_3D('',#14329,#11753,#11754);
#9493=AXIS2_PLACEMENT_3D('',#14330,#11755,#11756);
#9494=AXIS2_PLACEMENT_3D('',#14331,#11757,#11758);
#9495=AXIS2_PLACEMENT_3D('',#14336,#11762,#11763);
#9496=AXIS2_PLACEMENT_3D('',#14338,#11765,#11766);
#9497=AXIS2_PLACEMENT_3D('',#14339,#11767,#11768);
#9498=AXIS2_PLACEMENT_3D('',#14343,#11771,#11772);
#9499=AXIS2_PLACEMENT_3D('',#14347,#11776,#11777);
#9500=AXIS2_PLACEMENT_3D('',#14348,#11778,#11779);
#9501=AXIS2_PLACEMENT_3D('',#14351,#11782,#11783);
#9502=AXIS2_PLACEMENT_3D('',#14353,#11785,#11786);
#9503=AXIS2_PLACEMENT_3D('',#14355,#11788,#11789);
#9504=AXIS2_PLACEMENT_3D('',#14356,#11790,#11791);
#9505=AXIS2_PLACEMENT_3D('',#14357,#11792,#11793);
#9506=AXIS2_PLACEMENT_3D('',#14358,#11794,#11795);
#9507=DIRECTION('axis',(0.,0.,1.));
#9508=DIRECTION('refdir',(1.,0.,0.));
#9509=DIRECTION('center_axis',(0.707106781186548,0.707106781186548,-2.37238823896335E-16));
#9510=DIRECTION('ref_axis',(-0.707106781186548,0.707106781186548,-1.09668811628278E-16));
#9511=DIRECTION('',(-0.707106781186547,0.707106781186547,0.));
#9512=DIRECTION('',(-2.28983498828939E-16,-1.06522863446701E-16,-1.));
#9513=DIRECTION('',(-2.28983498828939E-16,-1.06522863446701E-16,-1.));
#9514=DIRECTION('',(-0.707106781186547,0.707106781186547,5.55111512312578E-17));
#9515=DIRECTION('',(-2.28983498828939E-16,-1.06522863446701E-16,-1.));
#9516=DIRECTION('center_axis',(-2.80414647586397E-32,-1.,1.06522863446701E-16));
#9517=DIRECTION('ref_axis',(-1.,5.24334427359426E-32,2.28983498828939E-16));
#9518=DIRECTION('',(-2.28983498828939E-16,-1.06522863446701E-16,-1.));
#9519=DIRECTION('',(-1.,5.24334427359425E-32,2.28983498828939E-16));
#9520=DIRECTION('',(-1.,5.24334427359425E-32,2.28983498828939E-16));
#9521=DIRECTION('center_axis',(-0.707106781186548,7.53230390945708E-17,
0.707106781186547));
#9522=DIRECTION('ref_axis',(0.707106781186547,7.53230390945708E-17,0.707106781186548));
#9523=DIRECTION('',(2.80414647586397E-32,1.,-1.06522863446701E-16));
#9524=DIRECTION('',(-0.707106781186547,-1.61915784801764E-16,-0.707106781186548));
#9525=DIRECTION('',(-2.80414647586397E-32,-1.,1.06522863446701E-16));
#9526=DIRECTION('center_axis',(-0.707106781186548,7.53230390945708E-17,
0.707106781186547));
#9527=DIRECTION('ref_axis',(0.707106781186547,7.53230390945707E-17,0.707106781186548));
#9528=DIRECTION('center_axis',(1.,-5.24334427359425E-32,-2.28983498828939E-16));
#9529=DIRECTION('ref_axis',(2.80414647586396E-32,1.,-1.06522863446701E-16));
#9530=DIRECTION('',(-2.28983498828939E-16,-1.06522863446701E-16,-1.));
#9531=DIRECTION('',(2.28983498828939E-16,2.28983498828939E-16,1.));
#9532=DIRECTION('',(1.05642163830589E-16,0.887216801234595,0.461352736641989));
#9533=DIRECTION('',(2.28983498828939E-16,1.06522863446701E-16,1.));
#9534=DIRECTION('',(-2.80414647586397E-32,-1.,1.06522863446701E-16));
#9535=DIRECTION('',(-2.80414647586397E-32,-1.,1.06522863446701E-16));
#9536=DIRECTION('',(2.80414647586397E-32,1.,-1.06522863446701E-16));
#9537=DIRECTION('center_axis',(-0.707106781186543,-7.53230390945712E-17,
-0.707106781186552));
#9538=DIRECTION('ref_axis',(0.707106781186552,6.23130444540118E-16,-0.707106781186543));
#9539=DIRECTION('',(-1.22460635382239E-16,-1.,2.28983498828939E-16));
#9540=DIRECTION('',(-0.707106781186552,1.06404633570505E-16,0.707106781186543));
#9541=DIRECTION('',(1.93257007665344E-32,1.,-1.06522863446701E-16));
#9542=DIRECTION('',(-0.216371161203961,0.952033109297413,0.216371161203958));
#9543=DIRECTION('center_axis',(1.,-5.24334427359425E-32,-2.28983498828939E-16));
#9544=DIRECTION('ref_axis',(-2.08005240798215E-46,1.,-2.28983498828939E-16));
#9545=DIRECTION('',(1.,-5.24334427359425E-32,-2.28983498828939E-16));
#9546=DIRECTION('center_axis',(1.,-5.24334427359425E-32,-2.28983498828939E-16));
#9547=DIRECTION('ref_axis',(-2.08005240798215E-46,1.,-2.28983498828939E-16));
#9548=DIRECTION('',(1.,-5.24334427359425E-32,-2.28983498828939E-16));
#9549=DIRECTION('center_axis',(1.,-5.24334427359425E-32,-2.28983498828939E-16));
#9550=DIRECTION('ref_axis',(-2.08005240798215E-46,1.,-2.28983498828939E-16));
#9551=DIRECTION('center_axis',(1.,-5.24334427359425E-32,-2.28983498828939E-16));
#9552=DIRECTION('ref_axis',(2.80414647586396E-32,1.,-1.06522863446701E-16));
#9553=DIRECTION('',(0.,1.,-2.28983498828939E-16));
#9554=DIRECTION('',(2.28983498828939E-16,1.06522863446701E-16,1.));
#9555=DIRECTION('',(-2.80414647586397E-32,-1.,1.06522863446701E-16));
#9556=DIRECTION('center_axis',(-2.28983498828939E-16,-1.06522863446701E-16,
-1.));
#9557=DIRECTION('ref_axis',(-2.80414647586397E-32,-1.,1.06522863446701E-16));
#9558=DIRECTION('',(2.80414647586397E-32,1.,-1.06522863446701E-16));
#9559=DIRECTION('',(-1.,5.24334427359425E-32,2.28983498828939E-16));
#9560=DIRECTION('',(2.80414647586397E-32,1.,-1.06522863446701E-16));
#9561=DIRECTION('',(-1.,5.24334427359425E-32,2.28983498828939E-16));
#9562=DIRECTION('center_axis',(-1.,5.24334427359425E-32,2.28983498828939E-16));
#9563=DIRECTION('ref_axis',(2.80414647586396E-32,1.,-1.06522863446701E-16));
#9564=DIRECTION('',(-1.,5.24334427359425E-32,2.28983498828939E-16));
#9565=DIRECTION('',(-1.,5.24334427359425E-32,2.28983498828939E-16));
#9566=DIRECTION('center_axis',(-0.707106781186548,-7.53230390945707E-17,
-0.707106781186547));
#9567=DIRECTION('ref_axis',(-0.707106781186547,7.53230390945708E-17,0.707106781186548));
#9568=DIRECTION('center_axis',(-2.23289333142183E-16,0.221621103588969,
-0.97513285579146));
#9569=DIRECTION('ref_axis',(-5.07475757141327E-17,-0.97513285579146,-0.221621103588969));
#9570=DIRECTION('',(-1.,5.24334427359425E-32,2.28983498828939E-16));
#9571=DIRECTION('',(-0.216371161203961,-0.952033109297413,-0.216371161203958));
#9572=DIRECTION('',(-1.,5.24334427359425E-32,2.28983498828939E-16));
#9573=DIRECTION('',(-0.216371161203961,0.952033109297413,0.216371161203958));
#9574=DIRECTION('center_axis',(1.,-5.24334427359425E-32,-2.28983498828939E-16));
#9575=DIRECTION('ref_axis',(-2.08005240798215E-46,1.,-2.28983498828939E-16));
#9576=DIRECTION('',(1.,-5.24334427359425E-32,-2.28983498828939E-16));
#9577=DIRECTION('center_axis',(1.,-5.24334427359425E-32,-2.28983498828939E-16));
#9578=DIRECTION('ref_axis',(-2.08005240798215E-46,1.,-2.28983498828939E-16));
#9579=DIRECTION('',(1.,-5.24334427359425E-32,-2.28983498828939E-16));
#9580=DIRECTION('center_axis',(1.,-5.24334427359425E-32,-2.28983498828939E-16));
#9581=DIRECTION('ref_axis',(-2.08005240798215E-46,1.,-2.28983498828939E-16));
#9582=DIRECTION('center_axis',(0.,-1.,2.28983498828939E-16));
#9583=DIRECTION('ref_axis',(2.28983498828939E-16,2.28983498828939E-16,1.));
#9584=DIRECTION('',(2.28983498828939E-16,2.28983498828939E-16,1.));
#9585=DIRECTION('',(1.,-5.24334427359425E-32,-2.28983498828939E-16));
#9586=DIRECTION('',(2.28983498828939E-16,2.28983498828939E-16,1.));
#9587=DIRECTION('center_axis',(2.80414647586397E-32,1.,-1.06522863446701E-16));
#9588=DIRECTION('ref_axis',(2.28983498828939E-16,1.06522863446701E-16,1.));
#9589=DIRECTION('',(-1.,5.24334427359425E-32,2.28983498828939E-16));
#9590=DIRECTION('',(2.28983498828939E-16,1.06522863446701E-16,1.));
#9591=DIRECTION('',(-1.,5.24334427359425E-32,2.28983498828939E-16));
#9592=DIRECTION('center_axis',(-2.28983498828939E-16,-2.28983498828939E-16,
-1.));
#9593=DIRECTION('ref_axis',(0.,-1.,2.28983498828939E-16));
#9594=DIRECTION('',(-1.22460635382239E-16,1.,-2.28983498828938E-16));
#9595=DIRECTION('',(-1.,5.24334427359425E-32,2.28983498828939E-16));
#9596=DIRECTION('',(1.,-5.24334427359425E-32,-2.28983498828939E-16));
#9597=DIRECTION('',(-1.,5.24334427359425E-32,2.28983498828939E-16));
#9598=DIRECTION('',(-1.22460635382239E-16,-1.,2.28983498828939E-16));
#9599=DIRECTION('center_axis',(2.80414647586397E-32,1.,-1.06522863446701E-16));
#9600=DIRECTION('ref_axis',(-2.28983498828939E-16,-1.06522863446701E-16,
-1.));
#9601=DIRECTION('',(-2.28983498828939E-16,-1.06522863446701E-16,-1.));
#9602=DIRECTION('',(-1.,5.24334427359425E-32,2.28983498828939E-16));
#9603=DIRECTION('',(-0.707106781186552,-1.06404633570505E-16,-0.707106781186543));
#9604=DIRECTION('',(-1.,5.24334427359425E-32,2.28983498828939E-16));
#9605=DIRECTION('',(-2.28983498828939E-16,-1.06522863446701E-16,-1.));
#9606=DIRECTION('',(-2.28983498828939E-16,-1.06522863446701E-16,-1.));
#9607=DIRECTION('',(-1.,5.24334427359425E-32,2.28983498828939E-16));
#9608=DIRECTION('',(1.,-5.24334427359425E-32,-2.28983498828939E-16));
#9609=DIRECTION('',(1.,-5.24334427359425E-32,-2.28983498828939E-16));
#9610=DIRECTION('center_axis',(1.,-5.24334427359425E-32,-2.28983498828939E-16));
#9611=DIRECTION('ref_axis',(5.24334427359425E-32,1.,0.));
#9612=DIRECTION('',(-2.28983498828939E-16,-1.06522863446701E-16,-1.));
#9613=DIRECTION('',(5.20049491518193E-17,0.973868596229247,0.227112212966356));
#9614=DIRECTION('center_axis',(1.,-5.24334427359425E-32,-2.28983498828939E-16));
#9615=DIRECTION('ref_axis',(-2.08005240798215E-46,1.,-2.28983498828939E-16));
#9616=DIRECTION('',(2.28983498828939E-16,2.28983498828939E-16,1.));
#9617=DIRECTION('',(0.,1.,-2.28983498828939E-16));
#9618=DIRECTION('',(-1.61915784801753E-16,-0.707106781186598,-0.707106781186497));
#9619=DIRECTION('',(-2.28983498828939E-16,-2.28983498828939E-16,-1.));
#9620=DIRECTION('center_axis',(1.,-5.24334427359425E-32,-2.28983498828939E-16));
#9621=DIRECTION('ref_axis',(-2.08005240798215E-46,1.,-2.28983498828939E-16));
#9622=DIRECTION('',(2.28983498828939E-16,2.28983498828939E-16,1.));
#9623=DIRECTION('',(-2.80414647586397E-32,-1.,1.06522863446701E-16));
#9624=DIRECTION('',(-2.28983498828939E-16,-1.06522863446701E-16,-1.));
#9625=DIRECTION('center_axis',(2.80414647586397E-32,1.,-1.06522863446701E-16));
#9626=DIRECTION('ref_axis',(-2.28983498828939E-16,-1.06522863446701E-16,
-1.));
#9627=DIRECTION('',(-1.,5.24334427359425E-32,2.28983498828939E-16));
#9628=DIRECTION('',(-2.28983498828939E-16,-1.06522863446701E-16,-1.));
#9629=DIRECTION('',(-1.,5.24334427359425E-32,2.28983498828939E-16));
#9630=DIRECTION('center_axis',(1.,-5.24334427359425E-32,-2.28983498828939E-16));
#9631=DIRECTION('ref_axis',(-2.08005240798215E-46,1.,-2.28983498828939E-16));
#9632=DIRECTION('',(2.28983498828939E-16,2.28983498828939E-16,1.));
#9633=DIRECTION('center_axis',(1.,-5.24334427359425E-32,-2.28983498828939E-16));
#9634=DIRECTION('ref_axis',(-2.08005240798215E-46,1.,-2.28983498828939E-16));
#9635=DIRECTION('',(-2.28983498828939E-16,-2.28983498828939E-16,-1.));
#9636=DIRECTION('',(-1.61915784801753E-16,-0.707106781186598,-0.707106781186497));
#9637=DIRECTION('',(0.,1.,-2.28983498828939E-16));
#9638=DIRECTION('',(2.28983498828939E-16,2.28983498828939E-16,1.));
#9639=DIRECTION('center_axis',(1.,-5.24334427359425E-32,-2.28983498828939E-16));
#9640=DIRECTION('ref_axis',(-2.08005240798215E-46,1.,-2.28983498828939E-16));
#9641=DIRECTION('',(5.20049491518193E-17,0.973868596229247,0.227112212966356));
#9642=DIRECTION('',(-2.80414647586397E-32,-1.,1.06522863446701E-16));
#9643=DIRECTION('center_axis',(2.80414647586397E-32,1.,-1.06522863446701E-16));
#9644=DIRECTION('ref_axis',(-2.28983498828939E-16,-1.06522863446701E-16,
-1.));
#9645=DIRECTION('',(-2.28983498828939E-16,-1.06522863446701E-16,-1.));
#9646=DIRECTION('',(-1.,5.24334427359425E-32,2.28983498828939E-16));
#9647=DIRECTION('',(-0.707106781186552,-1.06404633570505E-16,-0.707106781186543));
#9648=DIRECTION('',(1.,-5.24334427359425E-32,-2.28983498828939E-16));
#9649=DIRECTION('',(-0.707106781186552,1.06404633570505E-16,0.707106781186543));
#9650=DIRECTION('',(-1.,5.24334427359425E-32,2.28983498828939E-16));
#9651=DIRECTION('',(1.,-5.24334427359425E-32,-2.28983498828939E-16));
#9652=DIRECTION('center_axis',(1.,-5.24334427359425E-32,-2.28983498828939E-16));
#9653=DIRECTION('ref_axis',(-2.08005240798215E-46,1.,-2.28983498828939E-16));
#9654=DIRECTION('',(-2.28983498828939E-16,-1.06522863446701E-16,-1.));
#9655=DIRECTION('',(5.20049491518193E-17,0.973868596229247,0.227112212966356));
#9656=DIRECTION('center_axis',(1.,-5.24334427359425E-32,-2.28983498828939E-16));
#9657=DIRECTION('ref_axis',(-2.08005240798215E-46,1.,-2.28983498828939E-16));
#9658=DIRECTION('',(2.28983498828939E-16,2.28983498828939E-16,1.));
#9659=DIRECTION('',(0.,-1.,2.28983498828939E-16));
#9660=DIRECTION('',(-1.61915784801753E-16,-0.707106781186598,-0.707106781186497));
#9661=DIRECTION('',(-2.28983498828939E-16,-2.28983498828939E-16,-1.));
#9662=DIRECTION('center_axis',(1.,-5.24334427359425E-32,-2.28983498828939E-16));
#9663=DIRECTION('ref_axis',(-2.08005240798215E-46,1.,-2.28983498828939E-16));
#9664=DIRECTION('',(-2.28983498828939E-16,-2.28983498828939E-16,-1.));
#9665=DIRECTION('',(-2.80414647586397E-32,-1.,1.06522863446701E-16));
#9666=DIRECTION('',(2.28983498828939E-16,1.06522863446701E-16,1.));
#9667=DIRECTION('center_axis',(0.,1.,-2.28983498828939E-16));
#9668=DIRECTION('ref_axis',(-2.28983498828939E-16,-2.28983498828939E-16,
-1.));
#9669=DIRECTION('',(1.,-5.24334427359425E-32,-2.28983498828939E-16));
#9670=DIRECTION('',(1.,-5.24334427359425E-32,-2.28983498828939E-16));
#9671=DIRECTION('',(2.28983498828939E-16,2.28983498828939E-16,1.));
#9672=DIRECTION('center_axis',(2.80414647586397E-32,1.,-1.06522863446701E-16));
#9673=DIRECTION('ref_axis',(-2.28983498828939E-16,-1.06522863446701E-16,
-1.));
#9674=DIRECTION('',(1.,-5.24334427359425E-32,-2.28983498828939E-16));
#9675=DIRECTION('',(-2.28983498828939E-16,-1.06522863446701E-16,-1.));
#9676=DIRECTION('',(-1.,5.24334427359425E-32,2.28983498828939E-16));
#9677=DIRECTION('center_axis',(1.,-5.24334427359425E-32,-2.28983498828939E-16));
#9678=DIRECTION('ref_axis',(5.24334427359425E-32,1.,0.));
#9679=DIRECTION('',(-2.80414647586397E-32,-1.,1.06522863446701E-16));
#9680=DIRECTION('center_axis',(1.,-5.24334427359425E-32,-2.28983498828939E-16));
#9681=DIRECTION('ref_axis',(-2.08005240798215E-46,1.,-2.28983498828939E-16));
#9682=DIRECTION('',(-2.28983498828939E-16,-2.28983498828939E-16,-1.));
#9683=DIRECTION('',(-1.61915784801753E-16,-0.707106781186598,-0.707106781186497));
#9684=DIRECTION('',(0.,1.,-2.28983498828939E-16));
#9685=DIRECTION('',(2.28983498828939E-16,2.28983498828939E-16,1.));
#9686=DIRECTION('center_axis',(1.,-5.24334427359425E-32,-2.28983498828939E-16));
#9687=DIRECTION('ref_axis',(-2.08005240798215E-46,1.,-2.28983498828939E-16));
#9688=DIRECTION('',(5.20049491518193E-17,0.973868596229247,0.227112212966356));
#9689=DIRECTION('center_axis',(2.229998385642E-16,-0.227112212966356,0.973868596229247));
#9690=DIRECTION('ref_axis',(5.20049491518193E-17,0.973868596229247,0.227112212966356));
#9691=DIRECTION('',(1.,-5.24334427359425E-32,-2.28983498828939E-16));
#9692=DIRECTION('center_axis',(1.,-5.24334427359425E-32,-2.28983498828939E-16));
#9693=DIRECTION('ref_axis',(-2.08005240798215E-46,1.,-2.28983498828939E-16));
#9694=DIRECTION('',(1.,-5.24334427359425E-32,-2.28983498828939E-16));
#9695=DIRECTION('center_axis',(0.,-1.,2.28983498828939E-16));
#9696=DIRECTION('ref_axis',(2.28983498828939E-16,2.28983498828939E-16,1.));
#9697=DIRECTION('',(1.,-5.24334427359425E-32,-2.28983498828939E-16));
#9698=DIRECTION('center_axis',(-2.28983498828939E-16,-2.28983498828939E-16,
-1.));
#9699=DIRECTION('ref_axis',(0.,-1.,2.28983498828939E-16));
#9700=DIRECTION('',(1.,-5.24334427359425E-32,-2.28983498828939E-16));
#9701=DIRECTION('center_axis',(-1.61915784801776E-16,0.707106781186497,
-0.707106781186598));
#9702=DIRECTION('ref_axis',(-1.61915784801753E-16,-0.707106781186598,-0.707106781186497));
#9703=DIRECTION('',(1.,-5.24334427359425E-32,-2.28983498828939E-16));
#9704=DIRECTION('center_axis',(0.,1.,-2.28983498828939E-16));
#9705=DIRECTION('ref_axis',(-2.28983498828939E-16,-2.28983498828939E-16,
-1.));
#9706=DIRECTION('',(1.,-5.24334427359425E-32,-2.28983498828939E-16));
#9707=DIRECTION('center_axis',(1.,-5.24334427359425E-32,-2.28983498828939E-16));
#9708=DIRECTION('ref_axis',(-2.08005240798215E-46,1.,-2.28983498828939E-16));
#9709=DIRECTION('center_axis',(-1.,5.24334427359425E-32,2.28983498828939E-16));
#9710=DIRECTION('ref_axis',(-2.08005240798215E-46,1.,-2.28983498828939E-16));
#9711=DIRECTION('',(1.3629728714166E-16,0.803557193344746,0.595227550625737));
#9712=DIRECTION('',(5.24334427359425E-32,1.,0.));
#9713=DIRECTION('',(-1.37143462837653E-17,-0.998204845465779,-0.0598922907279467));
#9714=DIRECTION('',(-2.80414647586397E-32,-1.,1.06522863446701E-16));
#9715=DIRECTION('',(-2.28983498828939E-16,-1.06522863446701E-16,-1.));
#9716=DIRECTION('',(3.75748179833565E-32,1.,-6.48895000232574E-17));
#9717=DIRECTION('',(1.71256640256046E-17,-0.997199309888456,0.0747899482416343));
#9718=DIRECTION('',(-5.24334427359425E-32,-1.,0.));
#9719=DIRECTION('',(1.83186799063151E-16,-0.6,0.8));
#9720=DIRECTION('',(2.28983498828939E-16,2.28983498828939E-16,1.));
#9721=DIRECTION('center_axis',(0.707106781186548,7.53230390945707E-17,0.707106781186548));
#9722=DIRECTION('ref_axis',(0.707106781186548,-7.53230390945708E-17,-0.707106781186548));
#9723=DIRECTION('',(-2.80414647586397E-32,-1.,1.06522863446701E-16));
#9724=DIRECTION('',(0.707106781186547,-7.53230390945707E-17,-0.707106781186547));
#9725=DIRECTION('',(2.80414647586397E-32,1.,-1.06522863446701E-16));
#9726=DIRECTION('',(-0.577350269189624,0.577350269189629,0.577350269189624));
#9727=DIRECTION('center_axis',(0.,1.,-2.28983498828939E-16));
#9728=DIRECTION('ref_axis',(-2.28983498828939E-16,-2.28983498828939E-16,
-1.));
#9729=DIRECTION('',(1.,-5.24334427359425E-32,-2.28983498828939E-16));
#9730=DIRECTION('',(-2.28983498828939E-16,-2.28983498828939E-16,-1.));
#9731=DIRECTION('',(1.,-5.24334427359425E-32,-2.28983498828939E-16));
#9732=DIRECTION('',(-2.28983498828939E-16,-2.28983498828939E-16,-1.));
#9733=DIRECTION('center_axis',(0.,1.,-2.28983498828939E-16));
#9734=DIRECTION('ref_axis',(-2.28983498828939E-16,-2.28983498828939E-16,
-1.));
#9735=DIRECTION('',(1.,-5.24334427359425E-32,-2.28983498828939E-16));
#9736=DIRECTION('',(-2.28983498828939E-16,-2.28983498828939E-16,-1.));
#9737=DIRECTION('',(1.,-5.24334427359425E-32,-2.28983498828939E-16));
#9738=DIRECTION('',(-2.28983498828939E-16,-2.28983498828939E-16,-1.));
#9739=DIRECTION('center_axis',(-1.61915784801776E-16,0.707106781186497,
-0.707106781186598));
#9740=DIRECTION('ref_axis',(-1.61915784801753E-16,-0.707106781186598,-0.707106781186497));
#9741=DIRECTION('',(1.,-5.24334427359425E-32,-2.28983498828939E-16));
#9742=DIRECTION('',(-1.61915784801753E-16,-0.707106781186598,-0.707106781186497));
#9743=DIRECTION('',(1.,-5.24334427359425E-32,-2.28983498828939E-16));
#9744=DIRECTION('',(-1.61915784801753E-16,-0.707106781186598,-0.707106781186497));
#9745=DIRECTION('center_axis',(0.707106781186551,0.707106781186544,-3.23831569603529E-16));
#9746=DIRECTION('ref_axis',(-0.707106781186544,0.707106781186551,-1.45446229400124E-30));
#9747=DIRECTION('',(0.707106781186544,-0.707106781186551,1.42981039071308E-30));
#9748=DIRECTION('',(2.28983498828939E-16,2.28983498828939E-16,1.));
#9749=DIRECTION('',(-0.707106781186544,0.707106781186551,1.11022302462514E-16));
#9750=DIRECTION('',(2.28983498828939E-16,2.28983498828939E-16,1.));
#9751=DIRECTION('center_axis',(1.,-5.24334427359425E-32,-2.28983498828939E-16));
#9752=DIRECTION('ref_axis',(-2.28983498828939E-16,-1.06522863446701E-16,
-1.));
#9753=DIRECTION('',(2.28983498828939E-16,1.06522863446701E-16,1.));
#9754=DIRECTION('',(-2.80414647586397E-32,-1.,1.06522863446701E-16));
#9755=DIRECTION('',(2.28983498828939E-16,1.06522863446701E-16,1.));
#9756=DIRECTION('center_axis',(-2.28983498828939E-16,-2.28983498828939E-16,
-1.));
#9757=DIRECTION('ref_axis',(0.,-1.,2.28983498828939E-16));
#9758=DIRECTION('',(-1.,5.24334427359425E-32,2.28983498828939E-16));
#9759=DIRECTION('',(-1.22460635382239E-16,1.,-2.28983498828938E-16));
#9760=DIRECTION('',(-1.,5.24334427359425E-32,2.28983498828939E-16));
#9761=DIRECTION('center_axis',(0.,1.,-2.28983498828939E-16));
#9762=DIRECTION('ref_axis',(-2.28983498828939E-16,-2.28983498828939E-16,
-1.));
#9763=DIRECTION('',(1.,-5.24334427359425E-32,-2.28983498828939E-16));
#9764=DIRECTION('',(-2.28983498828939E-16,-2.28983498828939E-16,-1.));
#9765=DIRECTION('',(1.,-5.24334427359425E-32,-2.28983498828939E-16));
#9766=DIRECTION('',(2.28983498828939E-16,2.28983498828939E-16,1.));
#9767=DIRECTION('center_axis',(0.,-1.,2.28983498828939E-16));
#9768=DIRECTION('ref_axis',(2.28983498828939E-16,2.28983498828939E-16,1.));
#9769=DIRECTION('',(2.28983498828939E-16,2.28983498828939E-16,1.));
#9770=DIRECTION('',(1.,-5.24334427359425E-32,-2.28983498828939E-16));
#9771=DIRECTION('',(2.28983498828939E-16,2.28983498828939E-16,1.));
#9772=DIRECTION('',(1.,-5.24334427359425E-32,-2.28983498828939E-16));
#9773=DIRECTION('center_axis',(2.80414647586397E-32,1.,-1.06522863446701E-16));
#9774=DIRECTION('ref_axis',(-2.28983498828939E-16,-1.06522863446701E-16,
-1.));
#9775=DIRECTION('',(-2.28983498828939E-16,-1.06522863446701E-16,-1.));
#9776=DIRECTION('',(-1.,5.24334427359425E-32,2.28983498828939E-16));
#9777=DIRECTION('',(-2.28983498828939E-16,-1.06522863446701E-16,-1.));
#9778=DIRECTION('center_axis',(-2.80414647586397E-32,-1.,1.06522863446701E-16));
#9779=DIRECTION('ref_axis',(-2.28983498828939E-16,-1.06522863446701E-16,
-1.));
#9780=DIRECTION('',(-1.,5.24334427359425E-32,2.28983498828939E-16));
#9781=DIRECTION('',(-2.28983498828939E-16,-1.06522863446701E-16,-1.));
#9782=DIRECTION('',(-1.,5.24334427359425E-32,2.28983498828939E-16));
#9783=DIRECTION('center_axis',(-2.28983498828939E-16,-6.48895000232574E-17,
-1.));
#9784=DIRECTION('ref_axis',(-3.75748179833565E-32,-1.,6.48895000232574E-17));
#9785=DIRECTION('',(-1.,5.24334427359425E-32,2.28983498828939E-16));
#9786=DIRECTION('',(3.75748179833565E-32,1.,-6.48895000232574E-17));
#9787=DIRECTION('center_axis',(-1.83186799063151E-16,-0.6,-0.8));
#9788=DIRECTION('ref_axis',(1.37390099297363E-16,-0.8,0.6));
#9789=DIRECTION('',(1.,-5.24334427359425E-32,-2.28983498828939E-16));
#9790=DIRECTION('',(1.37390099297363E-16,-0.8,0.6));
#9791=DIRECTION('',(1.,-5.24334427359425E-32,-2.28983498828939E-16));
#9792=DIRECTION('',(1.37390099297363E-16,-0.8,0.6));
#9793=DIRECTION('center_axis',(-2.28983498828939E-16,-2.28983498828939E-16,
-1.));
#9794=DIRECTION('ref_axis',(0.,-1.,2.28983498828939E-16));
#9795=DIRECTION('',(0.,-1.,2.28983498828939E-16));
#9796=DIRECTION('',(0.,1.,-2.28983498828939E-16));
#9797=DIRECTION('center_axis',(-2.80414647586397E-32,-1.,1.06522863446701E-16));
#9798=DIRECTION('ref_axis',(-2.28983498828939E-16,-1.06522863446701E-16,
-1.));
#9799=DIRECTION('',(-1.,5.24334427359425E-32,2.28983498828939E-16));
#9800=DIRECTION('',(2.28983498828939E-16,1.06522863446701E-16,1.));
#9801=DIRECTION('center_axis',(-2.28983498828939E-16,-2.28983498828939E-16,
-1.));
#9802=DIRECTION('ref_axis',(0.,-1.,2.28983498828939E-16));
#9803=DIRECTION('',(1.,-5.24334427359425E-32,-2.28983498828939E-16));
#9804=DIRECTION('',(0.,-1.,2.28983498828939E-16));
#9805=DIRECTION('',(1.,-5.24334427359425E-32,-2.28983498828939E-16));
#9806=DIRECTION('',(0.,1.,-2.28983498828939E-16));
#9807=DIRECTION('center_axis',(2.28983498828939E-16,1.06522863446701E-16,
1.));
#9808=DIRECTION('ref_axis',(1.,-5.24334427359425E-32,-2.28983498828939E-16));
#9809=DIRECTION('',(2.80414647586397E-32,1.,-1.06522863446701E-16));
#9810=DIRECTION('center_axis',(0.,1.,-2.28983498828939E-16));
#9811=DIRECTION('ref_axis',(-2.28983498828939E-16,-2.28983498828939E-16,
-1.));
#9812=DIRECTION('',(-1.,5.24334427359425E-32,2.28983498828939E-16));
#9813=DIRECTION('',(1.,-5.24334427359425E-32,-2.28983498828939E-16));
#9814=DIRECTION('center_axis',(2.28983498828939E-16,1.06522863446701E-16,
1.));
#9815=DIRECTION('ref_axis',(2.80414647586397E-32,1.,-1.06522863446701E-16));
#9816=DIRECTION('center_axis',(2.229998385642E-16,-0.227112212966356,0.973868596229247));
#9817=DIRECTION('ref_axis',(5.20049491518193E-17,0.973868596229247,0.227112212966356));
#9818=DIRECTION('',(-1.,5.24334427359425E-32,2.28983498828939E-16));
#9819=DIRECTION('center_axis',(-1.,5.24334427359425E-32,2.28983498828939E-16));
#9820=DIRECTION('ref_axis',(-2.08005240798215E-46,1.,-2.28983498828939E-16));
#9821=DIRECTION('',(-1.,5.24334427359425E-32,2.28983498828939E-16));
#9822=DIRECTION('center_axis',(0.,1.,-2.28983498828939E-16));
#9823=DIRECTION('ref_axis',(2.28983498828939E-16,2.28983498828939E-16,1.));
#9824=DIRECTION('',(1.,-5.24334427359425E-32,-2.28983498828939E-16));
#9825=DIRECTION('center_axis',(-2.28983498828939E-16,-2.28983498828939E-16,
-1.));
#9826=DIRECTION('ref_axis',(0.,-1.,2.28983498828939E-16));
#9827=DIRECTION('',(-1.,5.24334427359425E-32,2.28983498828939E-16));
#9828=DIRECTION('center_axis',(1.61915784801776E-16,-0.707106781186497,
0.707106781186598));
#9829=DIRECTION('ref_axis',(-1.61915784801753E-16,-0.707106781186598,-0.707106781186497));
#9830=DIRECTION('',(-1.,5.24334427359425E-32,2.28983498828939E-16));
#9831=DIRECTION('center_axis',(0.,-1.,2.28983498828939E-16));
#9832=DIRECTION('ref_axis',(-2.28983498828939E-16,-2.28983498828939E-16,
-1.));
#9833=DIRECTION('',(-1.,5.24334427359425E-32,2.28983498828939E-16));
#9834=DIRECTION('center_axis',(-1.,5.24334427359425E-32,2.28983498828939E-16));
#9835=DIRECTION('ref_axis',(-2.08005240798215E-46,1.,-2.28983498828939E-16));
#9836=DIRECTION('center_axis',(0.707106781186543,-7.53230390945713E-17,
-0.707106781186552));
#9837=DIRECTION('ref_axis',(-0.707106781186552,6.23130444540118E-16,-0.707106781186543));
#9838=DIRECTION('',(-3.6757228750745E-32,-1.,1.06522863446701E-16));
#9839=DIRECTION('',(-0.707106781186552,-1.06404633570505E-16,-0.707106781186543));
#9840=DIRECTION('center_axis',(-1.61915784801776E-16,0.707106781186497,
-0.707106781186598));
#9841=DIRECTION('ref_axis',(-1.61915784801753E-16,-0.707106781186598,-0.707106781186497));
#9842=DIRECTION('',(1.,-5.24334427359425E-32,-2.28983498828939E-16));
#9843=DIRECTION('',(-1.61915784801753E-16,-0.707106781186598,-0.707106781186497));
#9844=DIRECTION('',(1.,-5.24334427359425E-32,-2.28983498828939E-16));
#9845=DIRECTION('',(-1.61915784801753E-16,-0.707106781186598,-0.707106781186497));
#9846=DIRECTION('center_axis',(-0.707106781186549,0.707106781186546,7.14905195356542E-31));
#9847=DIRECTION('ref_axis',(-0.707106781186546,-0.707106781186549,3.23831569603529E-16));
#9848=DIRECTION('',(0.626384365641347,0.626384365641349,0.463988418993591));
#9849=DIRECTION('',(1.06522863446701E-16,1.06522863446701E-16,1.));
#9850=DIRECTION('',(0.707106781186546,0.707106781186549,-3.23831569603529E-16));
#9851=DIRECTION('',(2.28983498828939E-16,2.28983498828939E-16,1.));
#9852=DIRECTION('center_axis',(2.229998385642E-16,-0.227112212966356,0.973868596229247));
#9853=DIRECTION('ref_axis',(5.20049491518193E-17,0.973868596229247,0.227112212966356));
#9854=DIRECTION('',(5.20049491518193E-17,0.973868596229247,0.227112212966356));
#9855=DIRECTION('',(5.20049491518193E-17,0.973868596229247,0.227112212966356));
#9856=DIRECTION('center_axis',(1.,-5.24334427359425E-32,-2.28983498828939E-16));
#9857=DIRECTION('ref_axis',(2.80414647586396E-32,1.,-1.06522863446701E-16));
#9858=DIRECTION('',(0.,1.,-2.28983498828939E-16));
#9859=DIRECTION('',(-2.28983498828939E-16,-1.06522863446701E-16,-1.));
#9860=DIRECTION('center_axis',(-2.80414647586397E-32,-1.,1.06522863446701E-16));
#9861=DIRECTION('ref_axis',(2.28983498828939E-16,1.06522863446701E-16,1.));
#9862=DIRECTION('',(1.,-5.24334427359425E-32,-2.28983498828939E-16));
#9863=DIRECTION('',(-2.28983498828939E-16,-1.06522863446701E-16,-1.));
#9864=DIRECTION('',(2.28983498828939E-16,1.06522863446701E-16,1.));
#9865=DIRECTION('',(1.,-5.24334427359425E-32,-2.28983498828939E-16));
#9866=DIRECTION('',(2.28983498828939E-16,1.06522863446701E-16,1.));
#9867=DIRECTION('',(-1.,5.24334427359425E-32,2.28983498828939E-16));
#9868=DIRECTION('center_axis',(-1.,5.24334427359425E-32,2.28983498828939E-16));
#9869=DIRECTION('ref_axis',(-5.24334427359425E-32,-1.,0.));
#9870=DIRECTION('center_axis',(-1.,5.24334427359425E-32,2.28983498828939E-16));
#9871=DIRECTION('ref_axis',(-5.24334427359425E-32,-1.,0.));
#9872=DIRECTION('',(-1.,5.24334427359425E-32,2.28983498828939E-16));
#9873=DIRECTION('center_axis',(-1.,5.24334427359425E-32,2.28983498828939E-16));
#9874=DIRECTION('ref_axis',(-5.24334427359425E-32,-1.,0.));
#9875=DIRECTION('',(1.,-5.24334427359425E-32,-2.28983498828939E-16));
#9876=DIRECTION('center_axis',(-2.28757676783049E-16,0.0444006136207234,
-0.999013806466209));
#9877=DIRECTION('ref_axis',(-1.01670078570251E-17,-0.999013806466209,-0.0444006136207234));
#9878=DIRECTION('',(1.01670078570251E-17,0.999013806466209,0.0444006136207234));
#9879=DIRECTION('',(1.01670078570251E-17,0.999013806466209,0.0444006136207234));
#9880=DIRECTION('',(1.,-5.24334427359425E-32,-2.28983498828939E-16));
#9881=DIRECTION('center_axis',(-1.61915784801759E-16,-0.707106781186573,
-0.707106781186522));
#9882=DIRECTION('ref_axis',(1.6191578480177E-16,-0.707106781186522,0.707106781186573));
#9883=DIRECTION('',(-1.6191578480177E-16,0.707106781186522,-0.707106781186573));
#9884=DIRECTION('',(-1.6191578480177E-16,0.707106781186522,-0.707106781186573));
#9885=DIRECTION('',(1.,-5.24334427359425E-32,-2.28983498828939E-16));
#9886=DIRECTION('center_axis',(-5.24334427359425E-32,-1.,1.20063931733229E-47));
#9887=DIRECTION('ref_axis',(2.28983498828939E-16,-2.91703841149741E-62,
1.));
#9888=DIRECTION('',(2.28983498828939E-16,0.,1.));
#9889=DIRECTION('',(2.28983498828939E-16,0.,1.));
#9890=DIRECTION('',(-1.,5.24334427359425E-32,2.28983498828939E-16));
#9891=DIRECTION('center_axis',(-1.,5.24334427359425E-32,2.28983498828939E-16));
#9892=DIRECTION('ref_axis',(-5.24334427359425E-32,-1.,0.));
#9893=DIRECTION('center_axis',(-1.,5.24334427359425E-32,2.28983498828939E-16));
#9894=DIRECTION('ref_axis',(-5.24334427359425E-32,-1.,0.));
#9895=DIRECTION('center_axis',(-1.,5.24334427359425E-32,2.28983498828939E-16));
#9896=DIRECTION('ref_axis',(-5.24334427359425E-32,-1.,0.));
#9897=DIRECTION('',(1.,-5.24334427359425E-32,-2.28983498828939E-16));
#9898=DIRECTION('center_axis',(-2.28983498828939E-16,1.20063931733229E-47,
-1.));
#9899=DIRECTION('ref_axis',(-5.24334427359425E-32,-1.,2.91703841149741E-62));
#9900=DIRECTION('',(-5.24334427359425E-32,-1.,0.));
#9901=DIRECTION('',(-5.24334427359425E-32,-1.,0.));
#9902=DIRECTION('',(1.,-5.24334427359425E-32,-2.28983498828939E-16));
#9903=DIRECTION('center_axis',(-5.24334427359425E-32,-1.,1.20063931733229E-47));
#9904=DIRECTION('ref_axis',(2.28983498828939E-16,-2.91703841149741E-62,
1.));
#9905=DIRECTION('',(-2.28983498828939E-16,0.,-1.));
#9906=DIRECTION('',(-2.28983498828939E-16,0.,-1.));
#9907=DIRECTION('',(1.,-5.24334427359425E-32,-2.28983498828939E-16));
#9908=DIRECTION('center_axis',(2.28983498828939E-16,-1.20063931733229E-47,
1.));
#9909=DIRECTION('ref_axis',(5.24334427359425E-32,1.,-2.91703841149741E-62));
#9910=DIRECTION('',(-5.24334427359425E-32,-1.,0.));
#9911=DIRECTION('',(-5.24334427359425E-32,-1.,0.));
#9912=DIRECTION('',(1.,-5.24334427359425E-32,-2.28983498828939E-16));
#9913=DIRECTION('center_axis',(-1.,5.24334427359425E-32,2.28983498828939E-16));
#9914=DIRECTION('ref_axis',(-5.24334427359425E-32,-1.,0.));
#9915=DIRECTION('center_axis',(-1.,5.24334427359425E-32,2.28983498828939E-16));
#9916=DIRECTION('ref_axis',(-5.24334427359425E-32,-1.,0.));
#9917=DIRECTION('center_axis',(-1.,5.24334427359425E-32,2.28983498828939E-16));
#9918=DIRECTION('ref_axis',(-5.24334427359425E-32,-1.,0.));
#9919=DIRECTION('',(-1.,5.24334427359425E-32,2.28983498828939E-16));
#9920=DIRECTION('center_axis',(-5.24334427359425E-32,-1.,1.20063931733229E-47));
#9921=DIRECTION('ref_axis',(2.28983498828939E-16,-2.91703841149741E-62,
1.));
#9922=DIRECTION('',(2.28983498828939E-16,0.,1.));
#9923=DIRECTION('',(2.28983498828939E-16,0.,1.));
#9924=DIRECTION('',(-1.,5.24334427359425E-32,2.28983498828939E-16));
#9925=DIRECTION('center_axis',(-1.,5.24334427359425E-32,2.28983498828939E-16));
#9926=DIRECTION('ref_axis',(-5.24334427359425E-32,-1.,0.));
#9927=DIRECTION('center_axis',(-1.,5.24334427359425E-32,2.28983498828939E-16));
#9928=DIRECTION('ref_axis',(-5.24334427359425E-32,-1.,0.));
#9929=DIRECTION('center_axis',(-1.,5.24334427359425E-32,2.28983498828939E-16));
#9930=DIRECTION('ref_axis',(-5.24334427359425E-32,-1.,0.));
#9931=DIRECTION('',(1.,-5.24334427359425E-32,-2.28983498828939E-16));
#9932=DIRECTION('center_axis',(-2.28983498828939E-16,1.20063931733229E-47,
-1.));
#9933=DIRECTION('ref_axis',(-5.24334427359425E-32,-1.,2.91703841149741E-62));
#9934=DIRECTION('',(5.24334427359425E-32,1.,0.));
#9935=DIRECTION('',(5.24334427359425E-32,1.,0.));
#9936=DIRECTION('',(1.,-5.24334427359425E-32,-2.28983498828939E-16));
#9937=DIRECTION('center_axis',(-5.24334427359425E-32,-1.,1.20063931733229E-47));
#9938=DIRECTION('ref_axis',(2.28983498828939E-16,-2.91703841149741E-62,
1.));
#9939=DIRECTION('',(2.28983498828939E-16,0.,1.));
#9940=DIRECTION('',(2.28983498828939E-16,0.,1.));
#9941=DIRECTION('',(1.,-5.24334427359425E-32,-2.28983498828939E-16));
#9942=DIRECTION('center_axis',(5.24334427359425E-32,1.,-1.20063931733229E-47));
#9943=DIRECTION('ref_axis',(-2.28983498828939E-16,2.91703841149741E-62,
-1.));
#9944=DIRECTION('',(2.28983498828939E-16,2.28983498828939E-16,1.));
#9945=DIRECTION('',(1.,-5.24334427359425E-32,-2.28983498828939E-16));
#9946=DIRECTION('',(2.28983498828939E-16,2.28983498828939E-16,1.));
#9947=DIRECTION('center_axis',(2.28983498828939E-16,-1.20063931733229E-47,
1.));
#9948=DIRECTION('ref_axis',(5.24334427359425E-32,1.,-2.91703841149741E-62));
#9949=DIRECTION('',(0.,-1.,2.28983498828939E-16));
#9950=DIRECTION('',(0.,-1.,2.28983498828939E-16));
#9951=DIRECTION('center_axis',(1.,-5.24334427359425E-32,-2.28983498828939E-16));
#9952=DIRECTION('ref_axis',(5.24334427359425E-32,1.,0.));
#9953=DIRECTION('center_axis',(-1.,5.24334427359425E-32,2.28983498828939E-16));
#9954=DIRECTION('ref_axis',(-2.08005240798215E-46,1.,-2.28983498828939E-16));
#9955=DIRECTION('',(0.,1.,-2.28983498828939E-16));
#9956=DIRECTION('center_axis',(1.,-5.24334427359425E-32,-2.28983498828939E-16));
#9957=DIRECTION('ref_axis',(5.24334427359425E-32,1.,0.));
#9958=DIRECTION('',(0.,1.,-2.28983498828939E-16));
#9959=DIRECTION('center_axis',(-1.,5.24334427359425E-32,2.28983498828939E-16));
#9960=DIRECTION('ref_axis',(-2.08005240798215E-46,1.,-2.28983498828939E-16));
#9961=DIRECTION('center_axis',(2.28983498828939E-16,2.28983498828939E-16,
1.));
#9962=DIRECTION('ref_axis',(0.,1.,-2.28983498828939E-16));
#9963=DIRECTION('',(-1.,5.24334427359425E-32,2.28983498828939E-16));
#9964=DIRECTION('center_axis',(1.,-5.24334427359425E-32,-2.28983498828939E-16));
#9965=DIRECTION('ref_axis',(-2.08005240798215E-46,1.,-2.28983498828939E-16));
#9966=DIRECTION('center_axis',(1.,-5.24334427359425E-32,-2.28983498828939E-16));
#9967=DIRECTION('ref_axis',(2.80414647586396E-32,1.,-1.06522863446701E-16));
#9968=DIRECTION('',(0.,1.,-2.28983498828939E-16));
#9969=DIRECTION('center_axis',(0.707106781186543,-7.53230390945713E-17,
-0.707106781186552));
#9970=DIRECTION('ref_axis',(0.707106781186552,1.61915784801763E-16,0.707106781186543));
#9971=DIRECTION('',(-1.22460635382239E-16,1.,-2.28983498828938E-16));
#9972=DIRECTION('',(0.216371161203961,0.952033109297413,0.216371161203958));
#9973=DIRECTION('',(-3.6757228750745E-32,-1.,1.06522863446701E-16));
#9974=DIRECTION('center_axis',(-2.23289333142183E-16,0.221621103588969,
-0.97513285579146));
#9975=DIRECTION('ref_axis',(-5.07475757141327E-17,-0.97513285579146,-0.221621103588969));
#9976=DIRECTION('',(-1.,5.24334427359425E-32,2.28983498828939E-16));
#9977=DIRECTION('',(-0.216371161203961,0.952033109297413,0.216371161203958));
#9978=DIRECTION('',(-1.,5.24334427359425E-32,2.28983498828939E-16));
#9979=DIRECTION('center_axis',(-0.707106781186543,-7.53230390945712E-17,
-0.707106781186552));
#9980=DIRECTION('ref_axis',(0.707106781186552,6.23130444540118E-16,-0.707106781186543));
#9981=DIRECTION('',(-1.22460635382239E-16,-1.,2.28983498828939E-16));
#9982=DIRECTION('',(1.93257007665344E-32,1.,-1.06522863446701E-16));
#9983=DIRECTION('center_axis',(2.28983498828939E-16,2.28983498828939E-16,
1.));
#9984=DIRECTION('ref_axis',(0.,-1.,2.28983498828939E-16));
#9985=DIRECTION('center_axis',(-2.23289333142183E-16,0.221621103588969,
-0.97513285579146));
#9986=DIRECTION('ref_axis',(-5.07475757141327E-17,-0.97513285579146,-0.221621103588969));
#9987=DIRECTION('',(-1.,5.24334427359425E-32,2.28983498828939E-16));
#9988=DIRECTION('',(-0.216371161203961,-0.952033109297413,-0.216371161203958));
#9989=DIRECTION('center_axis',(0.707106781186543,-7.53230390945713E-17,
-0.707106781186552));
#9990=DIRECTION('ref_axis',(-0.707106781186552,6.23130444540118E-16,-0.707106781186543));
#9991=DIRECTION('',(-3.6757228750745E-32,-1.,1.06522863446701E-16));
#9992=DIRECTION('center_axis',(-2.28983498828939E-16,-1.06522863446701E-16,
-1.));
#9993=DIRECTION('ref_axis',(-2.80414647586397E-32,-1.,1.06522863446701E-16));
#9994=DIRECTION('',(-1.,5.24334427359425E-32,2.28983498828939E-16));
#9995=DIRECTION('',(1.,-5.24334427359425E-32,-2.28983498828939E-16));
#9996=DIRECTION('',(1.93257007665344E-32,1.,-1.06522863446701E-16));
#9997=DIRECTION('',(1.,-5.24334427359425E-32,-2.28983498828939E-16));
#9998=DIRECTION('',(-3.6757228750745E-32,-1.,1.06522863446701E-16));
#9999=DIRECTION('',(-1.,5.24334427359425E-32,2.28983498828939E-16));
#10000=DIRECTION('',(1.93257007665344E-32,1.,-1.06522863446701E-16));
#10001=DIRECTION('',(1.,-5.24334427359425E-32,-2.28983498828939E-16));
#10002=DIRECTION('',(-3.6757228750745E-32,-1.,1.06522863446701E-16));
#10003=DIRECTION('',(-1.,5.24334427359425E-32,2.28983498828939E-16));
#10004=DIRECTION('',(1.93257007665344E-32,1.,-1.06522863446701E-16));
#10005=DIRECTION('',(1.,-5.24334427359425E-32,-2.28983498828939E-16));
#10006=DIRECTION('',(-3.6757228750745E-32,-1.,1.06522863446701E-16));
#10007=DIRECTION('',(-1.,5.24334427359425E-32,2.28983498828939E-16));
#10008=DIRECTION('',(1.93257007665344E-32,1.,-1.06522863446701E-16));
#10009=DIRECTION('',(1.,-5.24334427359425E-32,-2.28983498828939E-16));
#10010=DIRECTION('',(-3.6757228750745E-32,-1.,1.06522863446701E-16));
#10011=DIRECTION('',(-1.,5.24334427359425E-32,2.28983498828939E-16));
#10012=DIRECTION('',(1.93257007665344E-32,1.,-1.06522863446701E-16));
#10013=DIRECTION('',(1.,-5.24334427359425E-32,-2.28983498828939E-16));
#10014=DIRECTION('',(-3.6757228750745E-32,-1.,1.06522863446701E-16));
#10015=DIRECTION('',(-1.,5.24334427359425E-32,2.28983498828939E-16));
#10016=DIRECTION('',(1.93257007665344E-32,1.,-1.06522863446701E-16));
#10017=DIRECTION('',(1.,-5.24334427359425E-32,-2.28983498828939E-16));
#10018=DIRECTION('',(-3.6757228750745E-32,-1.,1.06522863446701E-16));
#10019=DIRECTION('',(-1.,5.24334427359425E-32,2.28983498828939E-16));
#10020=DIRECTION('',(1.93257007665344E-32,1.,-1.06522863446701E-16));
#10021=DIRECTION('',(1.,-5.24334427359425E-32,-2.28983498828939E-16));
#10022=DIRECTION('',(-3.6757228750745E-32,-1.,1.06522863446701E-16));
#10023=DIRECTION('',(-1.,5.24334427359425E-32,2.28983498828939E-16));
#10024=DIRECTION('',(1.93257007665344E-32,1.,-1.06522863446701E-16));
#10025=DIRECTION('',(1.,-5.24334427359425E-32,-2.28983498828939E-16));
#10026=DIRECTION('',(-3.6757228750745E-32,-1.,1.06522863446701E-16));
#10027=DIRECTION('',(-1.,5.24334427359425E-32,2.28983498828939E-16));
#10028=DIRECTION('',(1.93257007665344E-32,1.,-1.06522863446701E-16));
#10029=DIRECTION('',(1.,-5.24334427359425E-32,-2.28983498828939E-16));
#10030=DIRECTION('',(-3.6757228750745E-32,-1.,1.06522863446701E-16));
#10031=DIRECTION('',(-1.,5.24334427359425E-32,2.28983498828939E-16));
#10032=DIRECTION('',(1.93257007665344E-32,1.,-1.06522863446701E-16));
#10033=DIRECTION('',(1.,-5.24334427359425E-32,-2.28983498828939E-16));
#10034=DIRECTION('',(-3.6757228750745E-32,-1.,1.06522863446701E-16));
#10035=DIRECTION('',(-1.,5.24334427359425E-32,2.28983498828939E-16));
#10036=DIRECTION('',(1.93257007665344E-32,1.,-1.06522863446701E-16));
#10037=DIRECTION('',(1.,-5.24334427359425E-32,-2.28983498828939E-16));
#10038=DIRECTION('',(-3.6757228750745E-32,-1.,1.06522863446701E-16));
#10039=DIRECTION('',(-1.,5.24334427359425E-32,2.28983498828939E-16));
#10040=DIRECTION('',(1.93257007665344E-32,1.,-1.06522863446701E-16));
#10041=DIRECTION('',(1.,-5.24334427359425E-32,-2.28983498828939E-16));
#10042=DIRECTION('',(-3.6757228750745E-32,-1.,1.06522863446701E-16));
#10043=DIRECTION('',(-1.,5.24334427359425E-32,2.28983498828939E-16));
#10044=DIRECTION('',(1.93257007665344E-32,1.,-1.06522863446701E-16));
#10045=DIRECTION('',(1.,-5.24334427359425E-32,-2.28983498828939E-16));
#10046=DIRECTION('',(-3.6757228750745E-32,-1.,1.06522863446701E-16));
#10047=DIRECTION('',(-1.,5.24334427359425E-32,2.28983498828939E-16));
#10048=DIRECTION('',(1.93257007665344E-32,1.,-1.06522863446701E-16));
#10049=DIRECTION('',(1.,-5.24334427359425E-32,-2.28983498828939E-16));
#10050=DIRECTION('',(-3.6757228750745E-32,-1.,1.06522863446701E-16));
#10051=DIRECTION('',(-1.,5.24334427359425E-32,2.28983498828939E-16));
#10052=DIRECTION('',(1.93257007665344E-32,1.,-1.06522863446701E-16));
#10053=DIRECTION('',(1.,-5.24334427359425E-32,-2.28983498828939E-16));
#10054=DIRECTION('',(-3.6757228750745E-32,-1.,1.06522863446701E-16));
#10055=DIRECTION('',(-1.,5.24334427359425E-32,2.28983498828939E-16));
#10056=DIRECTION('',(1.93257007665344E-32,1.,-1.06522863446701E-16));
#10057=DIRECTION('',(1.,-5.24334427359425E-32,-2.28983498828939E-16));
#10058=DIRECTION('',(-3.6757228750745E-32,-1.,1.06522863446701E-16));
#10059=DIRECTION('',(-1.,5.24334427359425E-32,2.28983498828939E-16));
#10060=DIRECTION('',(1.93257007665344E-32,1.,-1.06522863446701E-16));
#10061=DIRECTION('',(1.,-5.24334427359425E-32,-2.28983498828939E-16));
#10062=DIRECTION('',(-3.6757228750745E-32,-1.,1.06522863446701E-16));
#10063=DIRECTION('',(-1.,5.24334427359425E-32,2.28983498828939E-16));
#10064=DIRECTION('',(1.93257007665344E-32,1.,-1.06522863446701E-16));
#10065=DIRECTION('',(1.,-5.24334427359425E-32,-2.28983498828939E-16));
#10066=DIRECTION('',(-3.6757228750745E-32,-1.,1.06522863446701E-16));
#10067=DIRECTION('',(-1.,5.24334427359425E-32,2.28983498828939E-16));
#10068=DIRECTION('',(1.93257007665344E-32,1.,-1.06522863446701E-16));
#10069=DIRECTION('',(1.,-5.24334427359425E-32,-2.28983498828939E-16));
#10070=DIRECTION('',(-3.6757228750745E-32,-1.,1.06522863446701E-16));
#10071=DIRECTION('',(1.,-5.24334427359425E-32,-2.28983498828939E-16));
#10072=DIRECTION('',(-1.93257007665344E-32,-1.,1.06522863446701E-16));
#10073=DIRECTION('',(1.,-5.24334427359425E-32,-2.28983498828939E-16));
#10074=DIRECTION('',(-2.80414647586397E-32,-1.,1.06522863446701E-16));
#10075=DIRECTION('center_axis',(1.,-5.24334427359425E-32,-2.28983498828939E-16));
#10076=DIRECTION('ref_axis',(-2.08005240798215E-46,1.,-2.28983498828939E-16));
#10077=DIRECTION('',(1.,-5.24334427359425E-32,-2.28983498828939E-16));
#10078=DIRECTION('center_axis',(1.,-5.24334427359425E-32,-2.28983498828939E-16));
#10079=DIRECTION('ref_axis',(-2.08005240798215E-46,1.,-2.28983498828939E-16));
#10080=DIRECTION('',(1.,-5.24334427359425E-32,-2.28983498828939E-16));
#10081=DIRECTION('center_axis',(1.,-5.24334427359425E-32,-2.28983498828939E-16));
#10082=DIRECTION('ref_axis',(-2.08005240798215E-46,1.,-2.28983498828939E-16));
#10083=DIRECTION('center_axis',(1.,-5.24334427359425E-32,-2.28983498828939E-16));
#10084=DIRECTION('ref_axis',(-2.08005240798215E-46,1.,-2.28983498828939E-16));
#10085=DIRECTION('',(1.,-5.24334427359425E-32,-2.28983498828939E-16));
#10086=DIRECTION('center_axis',(1.,-5.24334427359425E-32,-2.28983498828939E-16));
#10087=DIRECTION('ref_axis',(-2.08005240798215E-46,1.,-2.28983498828939E-16));
#10088=DIRECTION('',(1.,-5.24334427359425E-32,-2.28983498828939E-16));
#10089=DIRECTION('center_axis',(1.,-5.24334427359425E-32,-2.28983498828939E-16));
#10090=DIRECTION('ref_axis',(-2.08005240798215E-46,1.,-2.28983498828939E-16));
#10091=DIRECTION('center_axis',(0.,1.,-2.28983498828939E-16));
#10092=DIRECTION('ref_axis',(-2.28983498828939E-16,-2.28983498828939E-16,
-1.));
#10093=DIRECTION('',(1.,-5.24334427359425E-32,-2.28983498828939E-16));
#10094=DIRECTION('',(-2.28983498828939E-16,-2.28983498828939E-16,-1.));
#10095=DIRECTION('',(-2.28983498828939E-16,-2.28983498828939E-16,-1.));
#10096=DIRECTION('center_axis',(1.,-5.24334427359425E-32,-2.28983498828939E-16));
#10097=DIRECTION('ref_axis',(-2.08005240798215E-46,1.,-2.28983498828939E-16));
#10098=DIRECTION('center_axis',(1.,-5.24334427359425E-32,-2.28983498828939E-16));
#10099=DIRECTION('ref_axis',(-2.08005240798215E-46,1.,-2.28983498828939E-16));
#10100=DIRECTION('center_axis',(1.,-5.24334427359425E-32,-2.28983498828939E-16));
#10101=DIRECTION('ref_axis',(-2.08005240798215E-46,1.,-2.28983498828939E-16));
#10102=DIRECTION('center_axis',(1.,-5.24334427359425E-32,-2.28983498828939E-16));
#10103=DIRECTION('ref_axis',(5.24334427359425E-32,1.,0.));
#10104=DIRECTION('',(-2.28983498828939E-16,-1.06522863446701E-16,-1.));
#10105=DIRECTION('',(5.20049491518193E-17,0.973868596229247,0.227112212966356));
#10106=DIRECTION('center_axis',(1.,-5.24334427359425E-32,-2.28983498828939E-16));
#10107=DIRECTION('ref_axis',(-2.08005240798215E-46,1.,-2.28983498828939E-16));
#10108=DIRECTION('',(2.28983498828939E-16,2.28983498828939E-16,1.));
#10109=DIRECTION('',(0.,-1.,2.28983498828939E-16));
#10110=DIRECTION('',(-1.61915784801753E-16,-0.707106781186598,-0.707106781186497));
#10111=DIRECTION('',(-2.28983498828939E-16,-2.28983498828939E-16,-1.));
#10112=DIRECTION('center_axis',(1.,-5.24334427359425E-32,-2.28983498828939E-16));
#10113=DIRECTION('ref_axis',(-2.08005240798215E-46,1.,-2.28983498828939E-16));
#10114=DIRECTION('',(-2.28983498828939E-16,-2.28983498828939E-16,-1.));
#10115=DIRECTION('',(-2.80414647586397E-32,-1.,1.06522863446701E-16));
#10116=DIRECTION('',(2.28983498828939E-16,1.06522863446701E-16,1.));
#10117=DIRECTION('center_axis',(2.229998385642E-16,-0.227112212966356,0.973868596229247));
#10118=DIRECTION('ref_axis',(5.20049491518193E-17,0.973868596229247,0.227112212966356));
#10119=DIRECTION('',(5.20049491518193E-17,0.973868596229247,0.227112212966356));
#10120=DIRECTION('',(-1.,5.24334427359425E-32,2.28983498828939E-16));
#10121=DIRECTION('',(5.20049491518193E-17,0.973868596229247,0.227112212966356));
#10122=DIRECTION('center_axis',(0.,-1.,2.28983498828939E-16));
#10123=DIRECTION('ref_axis',(2.28983498828939E-16,2.28983498828939E-16,
1.));
#10124=DIRECTION('',(2.28983498828939E-16,2.28983498828939E-16,1.));
#10125=DIRECTION('',(1.,-5.24334427359425E-32,-2.28983498828939E-16));
#10126=DIRECTION('',(2.28983498828939E-16,2.28983498828939E-16,1.));
#10127=DIRECTION('',(1.,-5.24334427359425E-32,-2.28983498828939E-16));
#10128=DIRECTION('center_axis',(1.,-5.24334427359425E-32,-2.28983498828939E-16));
#10129=DIRECTION('ref_axis',(5.24334427359425E-32,1.,0.));
#10130=DIRECTION('',(2.28983498828939E-16,2.28983498828939E-16,1.));
#10131=DIRECTION('',(-1.61915784801753E-16,-0.707106781186598,-0.707106781186497));
#10132=DIRECTION('',(2.80414647586397E-32,1.,-1.06522863446701E-16));
#10133=DIRECTION('',(-2.28983498828939E-16,-1.06522863446701E-16,-1.));
#10134=DIRECTION('center_axis',(0.,-1.,2.28983498828939E-16));
#10135=DIRECTION('ref_axis',(-1.,5.24334427359427E-32,2.28983498828939E-16));
#10136=DIRECTION('',(1.,-5.24334427359425E-32,-2.28983498828939E-16));
#10137=DIRECTION('',(-1.,5.24334427359425E-32,2.28983498828939E-16));
#10138=DIRECTION('',(2.28983498828939E-16,1.06522863446701E-16,1.));
#10139=DIRECTION('',(2.28983498828939E-16,2.28983498828939E-16,1.));
#10140=DIRECTION('',(1.,-5.24334427359425E-32,-2.28983498828939E-16));
#10141=DIRECTION('',(2.28983498828939E-16,2.28983498828939E-16,1.));
#10142=DIRECTION('center_axis',(0.,1.,-2.28983498828939E-16));
#10143=DIRECTION('ref_axis',(-2.28983498828939E-16,-2.28983498828939E-16,
-1.));
#10144=DIRECTION('',(-2.28983498828939E-16,-2.28983498828939E-16,-1.));
#10145=DIRECTION('',(1.,-5.24334427359425E-32,-2.28983498828939E-16));
#10146=DIRECTION('',(-2.28983498828939E-16,-2.28983498828939E-16,-1.));
#10147=DIRECTION('center_axis',(0.,1.,-2.28983498828939E-16));
#10148=DIRECTION('ref_axis',(-2.28983498828939E-16,-2.28983498828939E-16,
-1.));
#10149=DIRECTION('',(1.,-5.24334427359425E-32,-2.28983498828939E-16));
#10150=DIRECTION('',(-2.28983498828939E-16,-2.28983498828939E-16,-1.));
#10151=DIRECTION('',(1.,-5.24334427359425E-32,-2.28983498828939E-16));
#10152=DIRECTION('',(2.28983498828939E-16,2.28983498828939E-16,1.));
#10153=DIRECTION('center_axis',(2.229998385642E-16,-0.227112212966356,0.973868596229247));
#10154=DIRECTION('ref_axis',(5.20049491518193E-17,0.973868596229247,0.227112212966356));
#10155=DIRECTION('',(1.,-5.24334427359425E-32,-2.28983498828939E-16));
#10156=DIRECTION('',(5.20049491518193E-17,0.973868596229247,0.227112212966356));
#10157=DIRECTION('',(-1.,5.24334427359425E-32,2.28983498828939E-16));
#10158=DIRECTION('',(5.20049491518193E-17,0.973868596229247,0.227112212966356));
#10159=DIRECTION('center_axis',(1.,-5.24334427359425E-32,-2.28983498828939E-16));
#10160=DIRECTION('ref_axis',(-2.08005240798215E-46,1.,-2.28983498828939E-16));
#10161=DIRECTION('',(1.,-5.24334427359425E-32,-2.28983498828939E-16));
#10162=DIRECTION('center_axis',(1.,-5.24334427359425E-32,-2.28983498828939E-16));
#10163=DIRECTION('ref_axis',(-2.08005240798215E-46,1.,-2.28983498828939E-16));
#10164=DIRECTION('center_axis',(1.,-5.24334427359425E-32,-2.28983498828939E-16));
#10165=DIRECTION('ref_axis',(-2.08005240798215E-46,1.,-2.28983498828939E-16));
#10166=DIRECTION('center_axis',(0.,-1.,2.28983498828939E-16));
#10167=DIRECTION('ref_axis',(2.28983498828939E-16,2.28983498828939E-16,
1.));
#10168=DIRECTION('',(2.28983498828939E-16,2.28983498828939E-16,1.));
#10169=DIRECTION('',(1.,-5.24334427359425E-32,-2.28983498828939E-16));
#10170=DIRECTION('',(2.28983498828939E-16,2.28983498828939E-16,1.));
#10171=DIRECTION('center_axis',(-2.28983498828939E-16,-2.28983498828939E-16,
-1.));
#10172=DIRECTION('ref_axis',(0.,-1.,2.28983498828939E-16));
#10173=DIRECTION('',(1.,-5.24334427359425E-32,-2.28983498828939E-16));
#10174=DIRECTION('',(0.,-1.,2.28983498828939E-16));
#10175=DIRECTION('',(0.,1.,-2.28983498828939E-16));
#10176=DIRECTION('center_axis',(-1.61915784801776E-16,0.707106781186497,
-0.707106781186598));
#10177=DIRECTION('ref_axis',(-1.61915784801753E-16,-0.707106781186598,-0.707106781186497));
#10178=DIRECTION('',(1.,-5.24334427359425E-32,-2.28983498828939E-16));
#10179=DIRECTION('',(-1.61915784801753E-16,-0.707106781186598,-0.707106781186497));
#10180=DIRECTION('',(-1.61915784801753E-16,-0.707106781186598,-0.707106781186497));
#10181=DIRECTION('center_axis',(0.,1.,-2.28983498828939E-16));
#10182=DIRECTION('ref_axis',(-2.28983498828939E-16,-2.28983498828939E-16,
-1.));
#10183=DIRECTION('',(1.,-5.24334427359425E-32,-2.28983498828939E-16));
#10184=DIRECTION('',(-2.28983498828939E-16,-2.28983498828939E-16,-1.));
#10185=DIRECTION('',(-2.28983498828939E-16,-2.28983498828939E-16,-1.));
#10186=DIRECTION('center_axis',(1.,-5.24334427359425E-32,-2.28983498828939E-16));
#10187=DIRECTION('ref_axis',(-2.08005240798215E-46,1.,-2.28983498828939E-16));
#10188=DIRECTION('',(1.,-5.24334427359425E-32,-2.28983498828939E-16));
#10189=DIRECTION('center_axis',(1.,-5.24334427359425E-32,-2.28983498828939E-16));
#10190=DIRECTION('ref_axis',(-2.08005240798215E-46,1.,-2.28983498828939E-16));
#10191=DIRECTION('center_axis',(1.,-5.24334427359425E-32,-2.28983498828939E-16));
#10192=DIRECTION('ref_axis',(-2.08005240798215E-46,1.,-2.28983498828939E-16));
#10193=DIRECTION('center_axis',(0.,1.,-2.28983498828939E-16));
#10194=DIRECTION('ref_axis',(-2.28983498828939E-16,-2.28983498828939E-16,
-1.));
#10195=DIRECTION('',(1.,-5.24334427359425E-32,-2.28983498828939E-16));
#10196=DIRECTION('',(-2.28983498828939E-16,-2.28983498828939E-16,-1.));
#10197=DIRECTION('',(2.28983498828939E-16,2.28983498828939E-16,1.));
#10198=DIRECTION('center_axis',(-0.707106781186543,-7.53230390945712E-17,
-0.707106781186552));
#10199=DIRECTION('ref_axis',(0.707106781186552,6.23130444540118E-16,-0.707106781186543));
#10200=DIRECTION('',(-1.22460635382239E-16,-1.,2.28983498828939E-16));
#10201=DIRECTION('',(-0.707106781186552,1.06404633570505E-16,0.707106781186543));
#10202=DIRECTION('',(-0.216371161203961,0.952033109297413,0.216371161203958));
#10203=DIRECTION('center_axis',(2.229998385642E-16,-0.227112212966356,0.973868596229247));
#10204=DIRECTION('ref_axis',(5.20049491518193E-17,0.973868596229247,0.227112212966356));
#10205=DIRECTION('',(1.,-5.24334427359425E-32,-2.28983498828939E-16));
#10206=DIRECTION('',(5.20049491518193E-17,0.973868596229247,0.227112212966356));
#10207=DIRECTION('',(-1.,5.24334427359425E-32,2.28983498828939E-16));
#10208=DIRECTION('',(5.20049491518193E-17,0.973868596229247,0.227112212966356));
#10209=DIRECTION('center_axis',(1.,-5.24334427359425E-32,-2.28983498828939E-16));
#10210=DIRECTION('ref_axis',(-2.08005240798215E-46,1.,-2.28983498828939E-16));
#10211=DIRECTION('',(1.,-5.24334427359425E-32,-2.28983498828939E-16));
#10212=DIRECTION('center_axis',(1.,-5.24334427359425E-32,-2.28983498828939E-16));
#10213=DIRECTION('ref_axis',(-2.08005240798215E-46,1.,-2.28983498828939E-16));
#10214=DIRECTION('center_axis',(1.,-5.24334427359425E-32,-2.28983498828939E-16));
#10215=DIRECTION('ref_axis',(-2.08005240798215E-46,1.,-2.28983498828939E-16));
#10216=DIRECTION('center_axis',(0.,-1.,2.28983498828939E-16));
#10217=DIRECTION('ref_axis',(2.28983498828939E-16,2.28983498828939E-16,
1.));
#10218=DIRECTION('',(2.28983498828939E-16,2.28983498828939E-16,1.));
#10219=DIRECTION('',(1.,-5.24334427359425E-32,-2.28983498828939E-16));
#10220=DIRECTION('',(2.28983498828939E-16,2.28983498828939E-16,1.));
#10221=DIRECTION('center_axis',(-2.28983498828939E-16,-2.28983498828939E-16,
-1.));
#10222=DIRECTION('ref_axis',(0.,-1.,2.28983498828939E-16));
#10223=DIRECTION('',(1.,-5.24334427359425E-32,-2.28983498828939E-16));
#10224=DIRECTION('',(0.,-1.,2.28983498828939E-16));
#10225=DIRECTION('',(0.,1.,-2.28983498828939E-16));
#10226=DIRECTION('center_axis',(0.,-1.,2.28983498828939E-16));
#10227=DIRECTION('ref_axis',(2.28983498828939E-16,2.28983498828939E-16,
1.));
#10228=DIRECTION('',(2.28983498828939E-16,2.28983498828939E-16,1.));
#10229=DIRECTION('center_axis',(-1.61915784801776E-16,0.707106781186497,
-0.707106781186598));
#10230=DIRECTION('ref_axis',(-1.61915784801753E-16,-0.707106781186598,-0.707106781186497));
#10231=DIRECTION('',(-1.61915784801753E-16,-0.707106781186598,-0.707106781186497));
#10232=DIRECTION('center_axis',(0.,1.,-2.28983498828939E-16));
#10233=DIRECTION('ref_axis',(-2.28983498828939E-16,-2.28983498828939E-16,
-1.));
#10234=DIRECTION('',(1.,-5.24334427359425E-32,-2.28983498828939E-16));
#10235=DIRECTION('',(1.,-5.24334427359425E-32,-2.28983498828939E-16));
#10236=DIRECTION('',(2.28983498828939E-16,2.28983498828939E-16,1.));
#10237=DIRECTION('center_axis',(0.,1.,-2.28983498828939E-16));
#10238=DIRECTION('ref_axis',(-2.28983498828939E-16,-2.28983498828939E-16,
-1.));
#10239=DIRECTION('',(1.,-5.24334427359425E-32,-2.28983498828939E-16));
#10240=DIRECTION('',(-2.28983498828939E-16,-2.28983498828939E-16,-1.));
#10241=DIRECTION('',(1.,-5.24334427359425E-32,-2.28983498828939E-16));
#10242=DIRECTION('',(2.28983498828939E-16,2.28983498828939E-16,1.));
#10243=DIRECTION('center_axis',(-2.28983498828939E-16,-2.28983498828939E-16,
-1.));
#10244=DIRECTION('ref_axis',(0.,-1.,2.28983498828939E-16));
#10245=DIRECTION('',(1.,-5.24334427359425E-32,-2.28983498828939E-16));
#10246=DIRECTION('',(0.,-1.,2.28983498828939E-16));
#10247=DIRECTION('',(0.,1.,-2.28983498828939E-16));
#10248=DIRECTION('center_axis',(1.,-5.24334427359425E-32,-2.28983498828939E-16));
#10249=DIRECTION('ref_axis',(-2.08005240798215E-46,1.,-2.28983498828939E-16));
#10250=DIRECTION('center_axis',(1.,-5.24334427359425E-32,-2.28983498828939E-16));
#10251=DIRECTION('ref_axis',(-2.08005240798215E-46,1.,-2.28983498828939E-16));
#10252=DIRECTION('',(1.,-5.24334427359425E-32,-2.28983498828939E-16));
#10253=DIRECTION('center_axis',(1.,-5.24334427359425E-32,-2.28983498828939E-16));
#10254=DIRECTION('ref_axis',(-2.08005240798215E-46,1.,-2.28983498828939E-16));
#10255=DIRECTION('center_axis',(1.,-5.24334427359425E-32,-2.28983498828939E-16));
#10256=DIRECTION('ref_axis',(5.24334427359425E-32,1.,0.));
#10257=DIRECTION('',(-2.28983498828939E-16,-1.06522863446701E-16,-1.));
#10258=DIRECTION('',(-2.80414647586397E-32,-1.,1.06522863446701E-16));
#10259=DIRECTION('center_axis',(2.80414647586397E-32,1.,-1.06522863446701E-16));
#10260=DIRECTION('ref_axis',(-2.28983498828939E-16,-1.06522863446701E-16,
-1.));
#10261=DIRECTION('',(1.,-5.24334427359425E-32,-2.28983498828939E-16));
#10262=DIRECTION('center_axis',(-2.28983498828939E-16,-2.28983498828939E-16,
-1.));
#10263=DIRECTION('ref_axis',(0.,-1.,2.28983498828939E-16));
#10264=DIRECTION('',(1.,-5.24334427359425E-32,-2.28983498828939E-16));
#10265=DIRECTION('',(0.,-1.,2.28983498828939E-16));
#10266=DIRECTION('',(1.,-5.24334427359425E-32,-2.28983498828939E-16));
#10267=DIRECTION('',(0.,1.,-2.28983498828939E-16));
#10268=DIRECTION('center_axis',(2.28983498828939E-16,2.28983498828939E-16,
1.));
#10269=DIRECTION('ref_axis',(0.,-1.,2.28983498828939E-16));
#10270=DIRECTION('',(1.,-5.24334427359425E-32,-2.28983498828939E-16));
#10271=DIRECTION('',(1.,-5.24334427359425E-32,-2.28983498828939E-16));
#10272=DIRECTION('',(-0.707106781186546,0.707106781186549,-7.14905195356542E-31));
#10273=DIRECTION('',(-0.707106781186544,-0.707106781186551,3.23831569603529E-16));
#10274=DIRECTION('',(0.,1.,-2.28983498828939E-16));
#10275=DIRECTION('',(-1.,5.24334427359425E-32,2.28983498828939E-16));
#10276=DIRECTION('',(0.,1.,-2.28983498828939E-16));
#10277=DIRECTION('',(1.,-5.24334427359425E-32,-2.28983498828939E-16));
#10278=DIRECTION('',(0.707106781186547,0.707106781186547,-3.23831569603529E-16));
#10279=DIRECTION('',(0.,1.,-2.28983498828939E-16));
#10280=DIRECTION('center_axis',(-1.61915784801776E-16,0.707106781186497,
-0.707106781186598));
#10281=DIRECTION('ref_axis',(-1.61915784801753E-16,-0.707106781186598,-0.707106781186497));
#10282=DIRECTION('',(-1.61915784801753E-16,-0.707106781186598,-0.707106781186497));
#10283=DIRECTION('',(1.,-5.24334427359425E-32,-2.28983498828939E-16));
#10284=DIRECTION('',(-1.61915784801753E-16,-0.707106781186598,-0.707106781186497));
#10285=DIRECTION('center_axis',(0.,-1.,2.28983498828939E-16));
#10286=DIRECTION('ref_axis',(2.28983498828939E-16,2.28983498828939E-16,
1.));
#10287=DIRECTION('',(2.28983498828939E-16,2.28983498828939E-16,1.));
#10288=DIRECTION('',(2.28983498828939E-16,2.28983498828939E-16,1.));
#10289=DIRECTION('center_axis',(-0.707106781186543,-7.53230390945712E-17,
-0.707106781186552));
#10290=DIRECTION('ref_axis',(0.707106781186552,6.23130444540118E-16,-0.707106781186543));
#10291=DIRECTION('',(-0.707106781186552,1.06404633570505E-16,0.707106781186543));
#10292=DIRECTION('center_axis',(0.,1.,-2.28983498828939E-16));
#10293=DIRECTION('ref_axis',(-2.28983498828939E-16,-2.28983498828939E-16,
-1.));
#10294=DIRECTION('',(1.,-5.24334427359425E-32,-2.28983498828939E-16));
#10295=DIRECTION('',(-2.28983498828939E-16,-2.28983498828939E-16,-1.));
#10296=DIRECTION('',(1.,-5.24334427359425E-32,-2.28983498828939E-16));
#10297=DIRECTION('',(-2.28983498828939E-16,-2.28983498828939E-16,-1.));
#10298=DIRECTION('center_axis',(1.,-5.24334427359425E-32,-2.28983498828939E-16));
#10299=DIRECTION('ref_axis',(-2.08005240798215E-46,1.,-2.28983498828939E-16));
#10300=DIRECTION('',(1.,-5.24334427359425E-32,-2.28983498828939E-16));
#10301=DIRECTION('center_axis',(1.,-5.24334427359425E-32,-2.28983498828939E-16));
#10302=DIRECTION('ref_axis',(-2.08005240798215E-46,1.,-2.28983498828939E-16));
#10303=DIRECTION('',(1.,-5.24334427359425E-32,-2.28983498828939E-16));
#10304=DIRECTION('center_axis',(1.,-5.24334427359425E-32,-2.28983498828939E-16));
#10305=DIRECTION('ref_axis',(-2.08005240798215E-46,1.,-2.28983498828939E-16));
#10306=DIRECTION('center_axis',(0.,1.,-2.28983498828939E-16));
#10307=DIRECTION('ref_axis',(-2.28983498828939E-16,-2.28983498828939E-16,
-1.));
#10308=DIRECTION('',(1.,-5.24334427359425E-32,-2.28983498828939E-16));
#10309=DIRECTION('',(-2.28983498828939E-16,-2.28983498828939E-16,-1.));
#10310=DIRECTION('',(1.,-5.24334427359425E-32,-2.28983498828939E-16));
#10311=DIRECTION('',(2.28983498828939E-16,2.28983498828939E-16,1.));
#10312=DIRECTION('center_axis',(1.,-5.24334427359425E-32,-2.28983498828939E-16));
#10313=DIRECTION('ref_axis',(-2.08005240798215E-46,1.,-2.28983498828939E-16));
#10314=DIRECTION('',(1.,-5.24334427359425E-32,-2.28983498828939E-16));
#10315=DIRECTION('center_axis',(1.,-5.24334427359425E-32,-2.28983498828939E-16));
#10316=DIRECTION('ref_axis',(-2.08005240798215E-46,1.,-2.28983498828939E-16));
#10317=DIRECTION('center_axis',(1.,-5.24334427359425E-32,-2.28983498828939E-16));
#10318=DIRECTION('ref_axis',(-2.08005240798215E-46,1.,-2.28983498828939E-16));
#10319=DIRECTION('center_axis',(0.,1.,-2.28983498828939E-16));
#10320=DIRECTION('ref_axis',(-2.28983498828939E-16,-2.28983498828939E-16,
-1.));
#10321=DIRECTION('',(1.,-5.24334427359425E-32,-2.28983498828939E-16));
#10322=DIRECTION('',(-2.28983498828939E-16,-2.28983498828939E-16,-1.));
#10323=DIRECTION('',(2.28983498828939E-16,2.28983498828939E-16,1.));
#10324=DIRECTION('center_axis',(-0.707106781186543,-7.53230390945712E-17,
-0.707106781186552));
#10325=DIRECTION('ref_axis',(0.707106781186552,6.23130444540118E-16,-0.707106781186543));
#10326=DIRECTION('',(-1.22460635382239E-16,-1.,2.28983498828939E-16));
#10327=DIRECTION('',(-0.707106781186552,1.06404633570505E-16,0.707106781186543));
#10328=DIRECTION('',(-0.216371161203961,0.952033109297413,0.216371161203958));
#10329=DIRECTION('center_axis',(1.,-5.24334427359425E-32,-2.28983498828939E-16));
#10330=DIRECTION('ref_axis',(-2.08005240798215E-46,1.,-2.28983498828939E-16));
#10331=DIRECTION('center_axis',(1.,-5.24334427359425E-32,-2.28983498828939E-16));
#10332=DIRECTION('ref_axis',(-2.08005240798215E-46,1.,-2.28983498828939E-16));
#10333=DIRECTION('',(1.,-5.24334427359425E-32,-2.28983498828939E-16));
#10334=DIRECTION('center_axis',(1.,-5.24334427359425E-32,-2.28983498828939E-16));
#10335=DIRECTION('ref_axis',(-2.08005240798215E-46,1.,-2.28983498828939E-16));
#10336=DIRECTION('center_axis',(0.,1.,-2.28983498828939E-16));
#10337=DIRECTION('ref_axis',(-2.28983498828939E-16,-2.28983498828939E-16,
-1.));
#10338=DIRECTION('',(-2.28983498828939E-16,-2.28983498828939E-16,-1.));
#10339=DIRECTION('',(1.,-5.24334427359425E-32,-2.28983498828939E-16));
#10340=DIRECTION('',(-2.28983498828939E-16,-2.28983498828939E-16,-1.));
#10341=DIRECTION('center_axis',(-1.61915784801776E-16,0.707106781186497,
-0.707106781186598));
#10342=DIRECTION('ref_axis',(-1.61915784801753E-16,-0.707106781186598,-0.707106781186497));
#10343=DIRECTION('',(-1.61915784801753E-16,-0.707106781186598,-0.707106781186497));
#10344=DIRECTION('',(1.,-5.24334427359425E-32,-2.28983498828939E-16));
#10345=DIRECTION('',(-1.61915784801753E-16,-0.707106781186598,-0.707106781186497));
#10346=DIRECTION('center_axis',(-2.28983498828939E-16,-2.28983498828939E-16,
-1.));
#10347=DIRECTION('ref_axis',(0.,-1.,2.28983498828939E-16));
#10348=DIRECTION('',(0.,-1.,2.28983498828939E-16));
#10349=DIRECTION('',(1.,-5.24334427359425E-32,-2.28983498828939E-16));
#10350=DIRECTION('',(0.,1.,-2.28983498828939E-16));
#10351=DIRECTION('center_axis',(0.,-1.,2.28983498828939E-16));
#10352=DIRECTION('ref_axis',(2.28983498828939E-16,2.28983498828939E-16,
1.));
#10353=DIRECTION('',(2.28983498828939E-16,2.28983498828939E-16,1.));
#10354=DIRECTION('',(2.28983498828939E-16,2.28983498828939E-16,1.));
#10355=DIRECTION('',(1.,-5.24334427359425E-32,-2.28983498828939E-16));
#10356=DIRECTION('center_axis',(1.,-5.24334427359425E-32,-2.28983498828939E-16));
#10357=DIRECTION('ref_axis',(-2.08005240798215E-46,1.,-2.28983498828939E-16));
#10358=DIRECTION('center_axis',(1.,-5.24334427359425E-32,-2.28983498828939E-16));
#10359=DIRECTION('ref_axis',(-2.08005240798215E-46,1.,-2.28983498828939E-16));
#10360=DIRECTION('',(1.,-5.24334427359425E-32,-2.28983498828939E-16));
#10361=DIRECTION('center_axis',(1.,-5.24334427359425E-32,-2.28983498828939E-16));
#10362=DIRECTION('ref_axis',(-2.08005240798215E-46,1.,-2.28983498828939E-16));
#10363=DIRECTION('center_axis',(2.229998385642E-16,-0.227112212966356,0.973868596229247));
#10364=DIRECTION('ref_axis',(5.20049491518193E-17,0.973868596229247,0.227112212966356));
#10365=DIRECTION('',(5.20049491518193E-17,0.973868596229247,0.227112212966356));
#10366=DIRECTION('',(-1.,5.24334427359425E-32,2.28983498828939E-16));
#10367=DIRECTION('',(5.20049491518193E-17,0.973868596229247,0.227112212966356));
#10368=DIRECTION('center_axis',(0.,1.,-2.28983498828939E-16));
#10369=DIRECTION('ref_axis',(-2.28983498828939E-16,-2.28983498828939E-16,
-1.));
#10370=DIRECTION('',(1.,-5.24334427359425E-32,-2.28983498828939E-16));
#10371=DIRECTION('',(-2.28983498828939E-16,-2.28983498828939E-16,-1.));
#10372=DIRECTION('',(1.,-5.24334427359425E-32,-2.28983498828939E-16));
#10373=DIRECTION('',(2.28983498828939E-16,2.28983498828939E-16,1.));
#10374=DIRECTION('center_axis',(0.,1.,-2.28983498828939E-16));
#10375=DIRECTION('ref_axis',(-2.28983498828939E-16,-2.28983498828939E-16,
-1.));
#10376=DIRECTION('',(1.,-5.24334427359425E-32,-2.28983498828939E-16));
#10377=DIRECTION('',(-2.28983498828939E-16,-2.28983498828939E-16,-1.));
#10378=DIRECTION('',(2.28983498828939E-16,2.28983498828939E-16,1.));
#10379=DIRECTION('center_axis',(2.229998385642E-16,-0.227112212966356,0.973868596229247));
#10380=DIRECTION('ref_axis',(5.20049491518193E-17,0.973868596229247,0.227112212966356));
#10381=DIRECTION('',(5.20049491518193E-17,0.973868596229247,0.227112212966356));
#10382=DIRECTION('',(-1.,5.24334427359425E-32,2.28983498828939E-16));
#10383=DIRECTION('',(5.20049491518193E-17,0.973868596229247,0.227112212966356));
#10384=DIRECTION('center_axis',(-1.61915784801776E-16,0.707106781186497,
-0.707106781186598));
#10385=DIRECTION('ref_axis',(-1.61915784801753E-16,-0.707106781186598,-0.707106781186497));
#10386=DIRECTION('',(-1.61915784801753E-16,-0.707106781186598,-0.707106781186497));
#10387=DIRECTION('',(-1.61915784801753E-16,-0.707106781186598,-0.707106781186497));
#10388=DIRECTION('center_axis',(2.80414647586397E-32,1.,-1.06522863446701E-16));
#10389=DIRECTION('ref_axis',(-2.28983498828939E-16,-1.06522863446701E-16,
-1.));
#10390=DIRECTION('',(-2.28983498828939E-16,-1.06522863446701E-16,-1.));
#10391=DIRECTION('',(-1.,5.24334427359425E-32,2.28983498828939E-16));
#10392=DIRECTION('',(-0.707106781186552,-1.06404633570505E-16,-0.707106781186543));
#10393=DIRECTION('',(1.,-5.24334427359425E-32,-2.28983498828939E-16));
#10394=DIRECTION('center_axis',(1.,-5.24334427359425E-32,-2.28983498828939E-16));
#10395=DIRECTION('ref_axis',(5.24334427359425E-32,1.,0.));
#10396=DIRECTION('',(-2.80414647586397E-32,-1.,1.06522863446701E-16));
#10397=DIRECTION('',(2.28983498828939E-16,2.28983498828939E-16,1.));
#10398=DIRECTION('center_axis',(1.,-5.24334427359425E-32,-2.28983498828939E-16));
#10399=DIRECTION('ref_axis',(-2.08005240798215E-46,1.,-2.28983498828939E-16));
#10400=DIRECTION('',(-2.28983498828939E-16,-1.06522863446701E-16,-1.));
#10401=DIRECTION('center_axis',(2.80414647586397E-32,1.,-1.06522863446701E-16));
#10402=DIRECTION('ref_axis',(-2.28983498828939E-16,-1.06522863446701E-16,
-1.));
#10403=DIRECTION('',(1.,-5.24334427359425E-32,-2.28983498828939E-16));
#10404=DIRECTION('',(-2.28983498828939E-16,-1.06522863446701E-16,-1.));
#10405=DIRECTION('center_axis',(1.,-5.24334427359425E-32,-2.28983498828939E-16));
#10406=DIRECTION('ref_axis',(5.24334427359425E-32,1.,0.));
#10407=DIRECTION('center_axis',(1.,-5.24334427359425E-32,-2.28983498828939E-16));
#10408=DIRECTION('ref_axis',(-2.08005240798215E-46,1.,-2.28983498828939E-16));
#10409=DIRECTION('',(-2.28983498828939E-16,-2.28983498828939E-16,-1.));
#10410=DIRECTION('',(2.80414647586397E-32,1.,-1.06522863446701E-16));
#10411=DIRECTION('',(-2.28983498828939E-16,-1.06522863446701E-16,-1.));
#10412=DIRECTION('center_axis',(0.707106781186543,-7.53230390945713E-17,
-0.707106781186552));
#10413=DIRECTION('ref_axis',(-0.707106781186552,6.23130444540118E-16,-0.707106781186543));
#10414=DIRECTION('',(-1.22460635382239E-16,1.,-2.28983498828938E-16));
#10415=DIRECTION('',(-0.216371161203961,-0.952033109297413,-0.216371161203958));
#10416=DIRECTION('center_axis',(-2.28983498828939E-16,-2.28983498828939E-16,
-1.));
#10417=DIRECTION('ref_axis',(0.,-1.,2.28983498828939E-16));
#10418=DIRECTION('',(-1.,5.24334427359425E-32,2.28983498828939E-16));
#10419=DIRECTION('',(-1.,5.24334427359425E-32,2.28983498828939E-16));
#10420=DIRECTION('',(-1.22460635382239E-16,-1.,2.28983498828939E-16));
#10421=DIRECTION('center_axis',(-2.23289333142183E-16,0.221621103588969,
-0.97513285579146));
#10422=DIRECTION('ref_axis',(-5.07475757141327E-17,-0.97513285579146,-0.221621103588969));
#10423=DIRECTION('',(-0.216371161203961,0.952033109297413,0.216371161203958));
#10424=DIRECTION('center_axis',(-0.707106781186543,-7.53230390945712E-17,
-0.707106781186552));
#10425=DIRECTION('ref_axis',(0.707106781186552,6.23130444540118E-16,-0.707106781186543));
#10426=DIRECTION('',(-0.707106781186552,1.06404633570505E-16,0.707106781186543));
#10427=DIRECTION('center_axis',(0.707106781186543,-7.53230390945713E-17,
-0.707106781186552));
#10428=DIRECTION('ref_axis',(-0.707106781186552,6.23130444540118E-16,-0.707106781186543));
#10429=DIRECTION('',(-1.22460635382239E-16,1.,-2.28983498828938E-16));
#10430=DIRECTION('',(-0.216371161203961,-0.952033109297413,-0.216371161203958));
#10431=DIRECTION('',(-0.707106781186552,-1.06404633570505E-16,-0.707106781186543));
#10432=DIRECTION('center_axis',(-2.23289333142183E-16,0.221621103588969,
-0.97513285579146));
#10433=DIRECTION('ref_axis',(-5.07475757141327E-17,-0.97513285579146,-0.221621103588969));
#10434=DIRECTION('',(-1.,5.24334427359425E-32,2.28983498828939E-16));
#10435=DIRECTION('',(-0.216371161203961,0.952033109297413,0.216371161203958));
#10436=DIRECTION('center_axis',(-2.28983498828939E-16,-2.28983498828939E-16,
-1.));
#10437=DIRECTION('ref_axis',(0.,-1.,2.28983498828939E-16));
#10438=DIRECTION('',(-1.,5.24334427359425E-32,2.28983498828939E-16));
#10439=DIRECTION('',(1.,-5.24334427359425E-32,-2.28983498828939E-16));
#10440=DIRECTION('',(-1.,5.24334427359425E-32,2.28983498828939E-16));
#10441=DIRECTION('',(-1.22460635382239E-16,-1.,2.28983498828939E-16));
#10442=DIRECTION('center_axis',(2.80414647586397E-32,1.,-1.06522863446701E-16));
#10443=DIRECTION('ref_axis',(-2.28983498828939E-16,-1.06522863446701E-16,
-1.));
#10444=DIRECTION('',(-2.28983498828939E-16,-1.06522863446701E-16,-1.));
#10445=DIRECTION('',(1.,-5.24334427359425E-32,-2.28983498828939E-16));
#10446=DIRECTION('center_axis',(2.80414647586397E-32,1.,-1.06522863446701E-16));
#10447=DIRECTION('ref_axis',(-2.28983498828939E-16,-1.06522863446701E-16,
-1.));
#10448=DIRECTION('',(-2.28983498828939E-16,-1.06522863446701E-16,-1.));
#10449=DIRECTION('',(-1.,5.24334427359425E-32,2.28983498828939E-16));
#10450=DIRECTION('',(-2.28983498828939E-16,-1.06522863446701E-16,-1.));
#10451=DIRECTION('center_axis',(1.,-5.24334427359425E-32,-2.28983498828939E-16));
#10452=DIRECTION('ref_axis',(5.24334427359425E-32,1.,0.));
#10453=DIRECTION('',(-2.80414647586397E-32,-1.,1.06522863446701E-16));
#10454=DIRECTION('',(2.28983498828939E-16,2.28983498828939E-16,1.));
#10455=DIRECTION('center_axis',(1.,-5.24334427359425E-32,-2.28983498828939E-16));
#10456=DIRECTION('ref_axis',(-2.08005240798215E-46,1.,-2.28983498828939E-16));
#10457=DIRECTION('',(-2.28983498828939E-16,-2.28983498828939E-16,-1.));
#10458=DIRECTION('',(0.,1.,-2.28983498828939E-16));
#10459=DIRECTION('',(2.28983498828939E-16,2.28983498828939E-16,1.));
#10460=DIRECTION('center_axis',(1.,-5.24334427359425E-32,-2.28983498828939E-16));
#10461=DIRECTION('ref_axis',(-2.08005240798215E-46,1.,-2.28983498828939E-16));
#10462=DIRECTION('',(5.20049491518193E-17,0.973868596229247,0.227112212966356));
#10463=DIRECTION('center_axis',(1.,-5.24334427359425E-32,-2.28983498828939E-16));
#10464=DIRECTION('ref_axis',(5.24334427359425E-32,1.,0.));
#10465=DIRECTION('',(5.20049491518193E-17,0.973868596229247,0.227112212966356));
#10466=DIRECTION('center_axis',(1.,-5.24334427359425E-32,-2.28983498828939E-16));
#10467=DIRECTION('ref_axis',(-2.08005240798215E-46,1.,-2.28983498828939E-16));
#10468=DIRECTION('',(2.28983498828939E-16,2.28983498828939E-16,1.));
#10469=DIRECTION('',(0.,-1.,2.28983498828939E-16));
#10470=DIRECTION('',(-2.28983498828939E-16,-2.28983498828939E-16,-1.));
#10471=DIRECTION('center_axis',(1.,-5.24334427359425E-32,-2.28983498828939E-16));
#10472=DIRECTION('ref_axis',(-2.08005240798215E-46,1.,-2.28983498828939E-16));
#10473=DIRECTION('',(-2.28983498828939E-16,-2.28983498828939E-16,-1.));
#10474=DIRECTION('',(2.80414647586397E-32,1.,-1.06522863446701E-16));
#10475=DIRECTION('',(-2.28983498828939E-16,-1.06522863446701E-16,-1.));
#10476=DIRECTION('center_axis',(2.80414647586397E-32,1.,-1.06522863446701E-16));
#10477=DIRECTION('ref_axis',(-2.28983498828939E-16,-1.06522863446701E-16,
-1.));
#10478=DIRECTION('',(-2.28983498828939E-16,-1.06522863446701E-16,-1.));
#10479=DIRECTION('',(-1.,5.24334427359425E-32,2.28983498828939E-16));
#10480=DIRECTION('',(-0.707106781186552,-1.06404633570505E-16,-0.707106781186543));
#10481=DIRECTION('',(-0.707106781186552,1.06404633570505E-16,0.707106781186543));
#10482=DIRECTION('',(1.,-5.24334427359425E-32,-2.28983498828939E-16));
#10483=DIRECTION('center_axis',(1.,-5.24334427359425E-32,-2.28983498828939E-16));
#10484=DIRECTION('ref_axis',(5.24334427359425E-32,1.,0.));
#10485=DIRECTION('',(-2.80414647586397E-32,-1.,1.06522863446701E-16));
#10486=DIRECTION('center_axis',(1.,-5.24334427359425E-32,-2.28983498828939E-16));
#10487=DIRECTION('ref_axis',(-2.08005240798215E-46,1.,-2.28983498828939E-16));
#10488=DIRECTION('',(-2.28983498828939E-16,-2.28983498828939E-16,-1.));
#10489=DIRECTION('',(-1.61915784801753E-16,-0.707106781186598,-0.707106781186497));
#10490=DIRECTION('',(0.,1.,-2.28983498828939E-16));
#10491=DIRECTION('',(2.28983498828939E-16,2.28983498828939E-16,1.));
#10492=DIRECTION('center_axis',(1.,-5.24334427359425E-32,-2.28983498828939E-16));
#10493=DIRECTION('ref_axis',(-2.08005240798215E-46,1.,-2.28983498828939E-16));
#10494=DIRECTION('',(5.20049491518193E-17,0.973868596229247,0.227112212966356));
#10495=DIRECTION('',(-2.28983498828939E-16,-1.06522863446701E-16,-1.));
#10496=DIRECTION('center_axis',(2.80414647586397E-32,1.,-1.06522863446701E-16));
#10497=DIRECTION('ref_axis',(-2.28983498828939E-16,-1.06522863446701E-16,
-1.));
#10498=DIRECTION('',(1.,-5.24334427359425E-32,-2.28983498828939E-16));
#10499=DIRECTION('',(-1.,5.24334427359425E-32,2.28983498828939E-16));
#10500=DIRECTION('',(-2.28983498828939E-16,-1.06522863446701E-16,-1.));
#10501=DIRECTION('center_axis',(1.,-5.24334427359425E-32,-2.28983498828939E-16));
#10502=DIRECTION('ref_axis',(5.24334427359425E-32,1.,0.));
#10503=DIRECTION('',(5.20049491518193E-17,0.973868596229247,0.227112212966356));
#10504=DIRECTION('center_axis',(1.,-5.24334427359425E-32,-2.28983498828939E-16));
#10505=DIRECTION('ref_axis',(-2.08005240798215E-46,1.,-2.28983498828939E-16));
#10506=DIRECTION('',(2.28983498828939E-16,2.28983498828939E-16,1.));
#10507=DIRECTION('',(0.,-1.,2.28983498828939E-16));
#10508=DIRECTION('',(-1.61915784801753E-16,-0.707106781186598,-0.707106781186497));
#10509=DIRECTION('',(-2.28983498828939E-16,-2.28983498828939E-16,-1.));
#10510=DIRECTION('center_axis',(1.,-5.24334427359425E-32,-2.28983498828939E-16));
#10511=DIRECTION('ref_axis',(-2.08005240798215E-46,1.,-2.28983498828939E-16));
#10512=DIRECTION('',(2.80414647586397E-32,1.,-1.06522863446701E-16));
#10513=DIRECTION('',(-2.28983498828939E-16,-1.06522863446701E-16,-1.));
#10514=DIRECTION('center_axis',(0.707106781186543,-7.53230390945713E-17,
-0.707106781186552));
#10515=DIRECTION('ref_axis',(-0.707106781186552,6.23130444540118E-16,-0.707106781186543));
#10516=DIRECTION('',(-1.22460635382239E-16,1.,-2.28983498828938E-16));
#10517=DIRECTION('',(-0.216371161203961,-0.952033109297413,-0.216371161203958));
#10518=DIRECTION('center_axis',(-2.28983498828939E-16,-2.28983498828939E-16,
-1.));
#10519=DIRECTION('ref_axis',(0.,-1.,2.28983498828939E-16));
#10520=DIRECTION('',(-1.,5.24334427359425E-32,2.28983498828939E-16));
#10521=DIRECTION('',(-1.,5.24334427359425E-32,2.28983498828939E-16));
#10522=DIRECTION('',(-1.22460635382239E-16,-1.,2.28983498828939E-16));
#10523=DIRECTION('center_axis',(-2.23289333142183E-16,0.221621103588969,
-0.97513285579146));
#10524=DIRECTION('ref_axis',(-5.07475757141327E-17,-0.97513285579146,-0.221621103588969));
#10525=DIRECTION('',(-0.216371161203961,0.952033109297413,0.216371161203958));
#10526=DIRECTION('center_axis',(-0.707106781186543,-7.53230390945712E-17,
-0.707106781186552));
#10527=DIRECTION('ref_axis',(0.707106781186552,6.23130444540118E-16,-0.707106781186543));
#10528=DIRECTION('',(-0.707106781186552,1.06404633570505E-16,0.707106781186543));
#10529=DIRECTION('center_axis',(0.707106781186543,-7.53230390945713E-17,
-0.707106781186552));
#10530=DIRECTION('ref_axis',(-0.707106781186552,6.23130444540118E-16,-0.707106781186543));
#10531=DIRECTION('',(-1.22460635382239E-16,1.,-2.28983498828938E-16));
#10532=DIRECTION('',(-0.216371161203961,-0.952033109297413,-0.216371161203958));
#10533=DIRECTION('',(-0.707106781186552,-1.06404633570505E-16,-0.707106781186543));
#10534=DIRECTION('center_axis',(-2.23289333142183E-16,0.221621103588969,
-0.97513285579146));
#10535=DIRECTION('ref_axis',(-5.07475757141327E-17,-0.97513285579146,-0.221621103588969));
#10536=DIRECTION('',(-1.,5.24334427359425E-32,2.28983498828939E-16));
#10537=DIRECTION('',(-0.216371161203961,0.952033109297413,0.216371161203958));
#10538=DIRECTION('center_axis',(-2.28983498828939E-16,-2.28983498828939E-16,
-1.));
#10539=DIRECTION('ref_axis',(0.,-1.,2.28983498828939E-16));
#10540=DIRECTION('',(-1.,5.24334427359425E-32,2.28983498828939E-16));
#10541=DIRECTION('',(1.,-5.24334427359425E-32,-2.28983498828939E-16));
#10542=DIRECTION('',(-1.,5.24334427359425E-32,2.28983498828939E-16));
#10543=DIRECTION('',(-1.22460635382239E-16,-1.,2.28983498828939E-16));
#10544=DIRECTION('center_axis',(2.80414647586397E-32,1.,-1.06522863446701E-16));
#10545=DIRECTION('ref_axis',(-2.28983498828939E-16,-1.06522863446701E-16,
-1.));
#10546=DIRECTION('',(-2.28983498828939E-16,-1.06522863446701E-16,-1.));
#10547=DIRECTION('',(1.,-5.24334427359425E-32,-2.28983498828939E-16));
#10548=DIRECTION('center_axis',(1.,-5.24334427359425E-32,-2.28983498828939E-16));
#10549=DIRECTION('ref_axis',(5.24334427359425E-32,1.,0.));
#10550=DIRECTION('',(-2.28983498828939E-16,-1.06522863446701E-16,-1.));
#10551=DIRECTION('',(5.20049491518193E-17,0.973868596229247,0.227112212966356));
#10552=DIRECTION('center_axis',(1.,-5.24334427359425E-32,-2.28983498828939E-16));
#10553=DIRECTION('ref_axis',(-2.08005240798215E-46,1.,-2.28983498828939E-16));
#10554=DIRECTION('',(2.28983498828939E-16,2.28983498828939E-16,1.));
#10555=DIRECTION('',(0.,-1.,2.28983498828939E-16));
#10556=DIRECTION('',(-2.28983498828939E-16,-2.28983498828939E-16,-1.));
#10557=DIRECTION('',(2.80414647586397E-32,1.,-1.06522863446701E-16));
#10558=DIRECTION('',(-2.28983498828939E-16,-1.06522863446701E-16,-1.));
#10559=DIRECTION('center_axis',(2.80414647586397E-32,1.,-1.06522863446701E-16));
#10560=DIRECTION('ref_axis',(-2.28983498828939E-16,-1.06522863446701E-16,
-1.));
#10561=DIRECTION('',(-2.28983498828939E-16,-1.06522863446701E-16,-1.));
#10562=DIRECTION('',(-1.,5.24334427359425E-32,2.28983498828939E-16));
#10563=DIRECTION('center_axis',(1.,-5.24334427359425E-32,-2.28983498828939E-16));
#10564=DIRECTION('ref_axis',(5.24334427359425E-32,1.,0.));
#10565=DIRECTION('',(-2.80414647586397E-32,-1.,1.06522863446701E-16));
#10566=DIRECTION('',(2.28983498828939E-16,2.28983498828939E-16,1.));
#10567=DIRECTION('',(0.,1.,-2.28983498828939E-16));
#10568=DIRECTION('',(2.28983498828939E-16,2.28983498828939E-16,1.));
#10569=DIRECTION('center_axis',(1.,-5.24334427359425E-32,-2.28983498828939E-16));
#10570=DIRECTION('ref_axis',(-2.08005240798215E-46,1.,-2.28983498828939E-16));
#10571=DIRECTION('',(5.20049491518193E-17,0.973868596229247,0.227112212966356));
#10572=DIRECTION('center_axis',(2.80414647586397E-32,1.,-1.06522863446701E-16));
#10573=DIRECTION('ref_axis',(-2.28983498828939E-16,-1.06522863446701E-16,
-1.));
#10574=DIRECTION('',(-2.28983498828939E-16,-1.06522863446701E-16,-1.));
#10575=DIRECTION('',(-1.,5.24334427359425E-32,2.28983498828939E-16));
#10576=DIRECTION('',(-0.707106781186552,-1.06404633570505E-16,-0.707106781186543));
#10577=DIRECTION('',(-0.707106781186552,1.06404633570505E-16,0.707106781186543));
#10578=DIRECTION('',(1.,-5.24334427359425E-32,-2.28983498828939E-16));
#10579=DIRECTION('center_axis',(1.,-5.24334427359425E-32,-2.28983498828939E-16));
#10580=DIRECTION('ref_axis',(5.24334427359425E-32,1.,0.));
#10581=DIRECTION('',(-2.80414647586397E-32,-1.,1.06522863446701E-16));
#10582=DIRECTION('',(2.28983498828939E-16,2.28983498828939E-16,1.));
#10583=DIRECTION('center_axis',(1.,-5.24334427359425E-32,-2.28983498828939E-16));
#10584=DIRECTION('ref_axis',(-2.08005240798215E-46,1.,-2.28983498828939E-16));
#10585=DIRECTION('center_axis',(1.,-5.24334427359425E-32,-2.28983498828939E-16));
#10586=DIRECTION('ref_axis',(-2.08005240798215E-46,1.,-2.28983498828939E-16));
#10587=DIRECTION('',(5.20049491518193E-17,0.973868596229247,0.227112212966356));
#10588=DIRECTION('',(-2.28983498828939E-16,-1.06522863446701E-16,-1.));
#10589=DIRECTION('center_axis',(2.80414647586397E-32,1.,-1.06522863446701E-16));
#10590=DIRECTION('ref_axis',(-2.28983498828939E-16,-1.06522863446701E-16,
-1.));
#10591=DIRECTION('',(1.,-5.24334427359425E-32,-2.28983498828939E-16));
#10592=DIRECTION('',(-1.,5.24334427359425E-32,2.28983498828939E-16));
#10593=DIRECTION('',(-2.28983498828939E-16,-1.06522863446701E-16,-1.));
#10594=DIRECTION('center_axis',(1.,-5.24334427359425E-32,-2.28983498828939E-16));
#10595=DIRECTION('ref_axis',(5.24334427359425E-32,1.,0.));
#10596=DIRECTION('',(5.20049491518193E-17,0.973868596229247,0.227112212966356));
#10597=DIRECTION('center_axis',(1.,-5.24334427359425E-32,-2.28983498828939E-16));
#10598=DIRECTION('ref_axis',(-2.08005240798215E-46,1.,-2.28983498828939E-16));
#10599=DIRECTION('center_axis',(1.,-5.24334427359425E-32,-2.28983498828939E-16));
#10600=DIRECTION('ref_axis',(-2.08005240798215E-46,1.,-2.28983498828939E-16));
#10601=DIRECTION('',(-2.28983498828939E-16,-2.28983498828939E-16,-1.));
#10602=DIRECTION('',(2.80414647586397E-32,1.,-1.06522863446701E-16));
#10603=DIRECTION('',(-2.28983498828939E-16,-1.06522863446701E-16,-1.));
#10604=DIRECTION('center_axis',(0.707106781186543,-7.53230390945713E-17,
-0.707106781186552));
#10605=DIRECTION('ref_axis',(-0.707106781186552,6.23130444540118E-16,-0.707106781186543));
#10606=DIRECTION('',(-1.22460635382239E-16,1.,-2.28983498828938E-16));
#10607=DIRECTION('',(-0.216371161203961,-0.952033109297413,-0.216371161203958));
#10608=DIRECTION('center_axis',(-2.28983498828939E-16,-2.28983498828939E-16,
-1.));
#10609=DIRECTION('ref_axis',(0.,-1.,2.28983498828939E-16));
#10610=DIRECTION('',(-1.,5.24334427359425E-32,2.28983498828939E-16));
#10611=DIRECTION('',(-1.,5.24334427359425E-32,2.28983498828939E-16));
#10612=DIRECTION('',(-1.22460635382239E-16,-1.,2.28983498828939E-16));
#10613=DIRECTION('center_axis',(-2.23289333142183E-16,0.221621103588969,
-0.97513285579146));
#10614=DIRECTION('ref_axis',(-5.07475757141327E-17,-0.97513285579146,-0.221621103588969));
#10615=DIRECTION('',(-0.216371161203961,0.952033109297413,0.216371161203958));
#10616=DIRECTION('center_axis',(-0.707106781186543,-7.53230390945712E-17,
-0.707106781186552));
#10617=DIRECTION('ref_axis',(0.707106781186552,6.23130444540118E-16,-0.707106781186543));
#10618=DIRECTION('',(-0.707106781186552,1.06404633570505E-16,0.707106781186543));
#10619=DIRECTION('center_axis',(0.707106781186543,-7.53230390945713E-17,
-0.707106781186552));
#10620=DIRECTION('ref_axis',(-0.707106781186552,6.23130444540118E-16,-0.707106781186543));
#10621=DIRECTION('',(-1.22460635382239E-16,1.,-2.28983498828938E-16));
#10622=DIRECTION('',(-0.216371161203961,-0.952033109297413,-0.216371161203958));
#10623=DIRECTION('',(-0.707106781186552,-1.06404633570505E-16,-0.707106781186543));
#10624=DIRECTION('center_axis',(-2.23289333142183E-16,0.221621103588969,
-0.97513285579146));
#10625=DIRECTION('ref_axis',(-5.07475757141327E-17,-0.97513285579146,-0.221621103588969));
#10626=DIRECTION('',(-1.,5.24334427359425E-32,2.28983498828939E-16));
#10627=DIRECTION('',(-0.216371161203961,0.952033109297413,0.216371161203958));
#10628=DIRECTION('center_axis',(-2.28983498828939E-16,-2.28983498828939E-16,
-1.));
#10629=DIRECTION('ref_axis',(0.,-1.,2.28983498828939E-16));
#10630=DIRECTION('',(-1.,5.24334427359425E-32,2.28983498828939E-16));
#10631=DIRECTION('',(1.,-5.24334427359425E-32,-2.28983498828939E-16));
#10632=DIRECTION('',(-1.,5.24334427359425E-32,2.28983498828939E-16));
#10633=DIRECTION('',(-1.22460635382239E-16,-1.,2.28983498828939E-16));
#10634=DIRECTION('center_axis',(2.80414647586397E-32,1.,-1.06522863446701E-16));
#10635=DIRECTION('ref_axis',(-2.28983498828939E-16,-1.06522863446701E-16,
-1.));
#10636=DIRECTION('',(-2.28983498828939E-16,-1.06522863446701E-16,-1.));
#10637=DIRECTION('',(1.,-5.24334427359425E-32,-2.28983498828939E-16));
#10638=DIRECTION('center_axis',(2.80414647586397E-32,1.,-1.06522863446701E-16));
#10639=DIRECTION('ref_axis',(-2.28983498828939E-16,-1.06522863446701E-16,
-1.));
#10640=DIRECTION('',(-2.28983498828939E-16,-1.06522863446701E-16,-1.));
#10641=DIRECTION('',(-1.,5.24334427359425E-32,2.28983498828939E-16));
#10642=DIRECTION('',(-2.28983498828939E-16,-1.06522863446701E-16,-1.));
#10643=DIRECTION('center_axis',(1.,-5.24334427359425E-32,-2.28983498828939E-16));
#10644=DIRECTION('ref_axis',(5.24334427359425E-32,1.,0.));
#10645=DIRECTION('',(-2.80414647586397E-32,-1.,1.06522863446701E-16));
#10646=DIRECTION('',(-2.28983498828939E-16,-2.28983498828939E-16,-1.));
#10647=DIRECTION('',(-1.61915784801753E-16,-0.707106781186598,-0.707106781186497));
#10648=DIRECTION('',(0.,1.,-2.28983498828939E-16));
#10649=DIRECTION('center_axis',(1.,-5.24334427359425E-32,-2.28983498828939E-16));
#10650=DIRECTION('ref_axis',(-2.08005240798215E-46,1.,-2.28983498828939E-16));
#10651=DIRECTION('',(5.20049491518193E-17,0.973868596229247,0.227112212966356));
#10652=DIRECTION('center_axis',(1.,-5.24334427359425E-32,-2.28983498828939E-16));
#10653=DIRECTION('ref_axis',(5.24334427359425E-32,1.,0.));
#10654=DIRECTION('',(5.20049491518193E-17,0.973868596229247,0.227112212966356));
#10655=DIRECTION('center_axis',(1.,-5.24334427359425E-32,-2.28983498828939E-16));
#10656=DIRECTION('ref_axis',(-2.08005240798215E-46,1.,-2.28983498828939E-16));
#10657=DIRECTION('',(0.,-1.,2.28983498828939E-16));
#10658=DIRECTION('',(-1.61915784801753E-16,-0.707106781186598,-0.707106781186497));
#10659=DIRECTION('',(-2.28983498828939E-16,-2.28983498828939E-16,-1.));
#10660=DIRECTION('',(2.80414647586397E-32,1.,-1.06522863446701E-16));
#10661=DIRECTION('',(-2.28983498828939E-16,-1.06522863446701E-16,-1.));
#10662=DIRECTION('center_axis',(2.80414647586397E-32,1.,-1.06522863446701E-16));
#10663=DIRECTION('ref_axis',(-2.28983498828939E-16,-1.06522863446701E-16,
-1.));
#10664=DIRECTION('',(-2.28983498828939E-16,-1.06522863446701E-16,-1.));
#10665=DIRECTION('',(-1.,5.24334427359425E-32,2.28983498828939E-16));
#10666=DIRECTION('',(-0.707106781186552,-1.06404633570505E-16,-0.707106781186543));
#10667=DIRECTION('',(-0.707106781186552,1.06404633570505E-16,0.707106781186543));
#10668=DIRECTION('',(1.,-5.24334427359425E-32,-2.28983498828939E-16));
#10669=DIRECTION('center_axis',(1.,-5.24334427359425E-32,-2.28983498828939E-16));
#10670=DIRECTION('ref_axis',(5.24334427359425E-32,1.,0.));
#10671=DIRECTION('',(-2.80414647586397E-32,-1.,1.06522863446701E-16));
#10672=DIRECTION('',(-1.61915784801753E-16,-0.707106781186598,-0.707106781186497));
#10673=DIRECTION('',(-2.28983498828939E-16,-1.06522863446701E-16,-1.));
#10674=DIRECTION('center_axis',(2.80414647586397E-32,1.,-1.06522863446701E-16));
#10675=DIRECTION('ref_axis',(-2.28983498828939E-16,-1.06522863446701E-16,
-1.));
#10676=DIRECTION('',(1.,-5.24334427359425E-32,-2.28983498828939E-16));
#10677=DIRECTION('',(-2.28983498828939E-16,-1.06522863446701E-16,-1.));
#10678=DIRECTION('center_axis',(1.,-5.24334427359425E-32,-2.28983498828939E-16));
#10679=DIRECTION('ref_axis',(5.24334427359425E-32,1.,0.));
#10680=DIRECTION('',(-1.61915784801753E-16,-0.707106781186598,-0.707106781186497));
#10681=DIRECTION('',(2.80414647586397E-32,1.,-1.06522863446701E-16));
#10682=DIRECTION('',(-2.28983498828939E-16,-1.06522863446701E-16,-1.));
#10683=DIRECTION('center_axis',(0.707106781186543,-7.53230390945713E-17,
-0.707106781186552));
#10684=DIRECTION('ref_axis',(-0.707106781186552,6.23130444540118E-16,-0.707106781186543));
#10685=DIRECTION('',(-1.22460635382239E-16,1.,-2.28983498828938E-16));
#10686=DIRECTION('',(-0.216371161203961,-0.952033109297413,-0.216371161203958));
#10687=DIRECTION('center_axis',(-2.28983498828939E-16,-2.28983498828939E-16,
-1.));
#10688=DIRECTION('ref_axis',(0.,-1.,2.28983498828939E-16));
#10689=DIRECTION('',(-1.,5.24334427359425E-32,2.28983498828939E-16));
#10690=DIRECTION('',(-1.,5.24334427359425E-32,2.28983498828939E-16));
#10691=DIRECTION('',(-1.22460635382239E-16,-1.,2.28983498828939E-16));
#10692=DIRECTION('center_axis',(-2.23289333142183E-16,0.221621103588969,
-0.97513285579146));
#10693=DIRECTION('ref_axis',(-5.07475757141327E-17,-0.97513285579146,-0.221621103588969));
#10694=DIRECTION('',(-0.216371161203961,0.952033109297413,0.216371161203958));
#10695=DIRECTION('center_axis',(-0.707106781186543,-7.53230390945712E-17,
-0.707106781186552));
#10696=DIRECTION('ref_axis',(0.707106781186552,6.23130444540118E-16,-0.707106781186543));
#10697=DIRECTION('',(-0.707106781186552,1.06404633570505E-16,0.707106781186543));
#10698=DIRECTION('center_axis',(0.707106781186543,-7.53230390945713E-17,
-0.707106781186552));
#10699=DIRECTION('ref_axis',(-0.707106781186552,6.23130444540118E-16,-0.707106781186543));
#10700=DIRECTION('',(-1.22460635382239E-16,1.,-2.28983498828938E-16));
#10701=DIRECTION('',(-0.216371161203961,-0.952033109297413,-0.216371161203958));
#10702=DIRECTION('',(-0.707106781186552,-1.06404633570505E-16,-0.707106781186543));
#10703=DIRECTION('center_axis',(-2.23289333142183E-16,0.221621103588969,
-0.97513285579146));
#10704=DIRECTION('ref_axis',(-5.07475757141327E-17,-0.97513285579146,-0.221621103588969));
#10705=DIRECTION('',(-1.,5.24334427359425E-32,2.28983498828939E-16));
#10706=DIRECTION('center_axis',(-2.28983498828939E-16,-2.28983498828939E-16,
-1.));
#10707=DIRECTION('ref_axis',(0.,-1.,2.28983498828939E-16));
#10708=DIRECTION('',(-1.,5.24334427359425E-32,2.28983498828939E-16));
#10709=DIRECTION('',(1.,-5.24334427359425E-32,-2.28983498828939E-16));
#10710=DIRECTION('',(-1.,5.24334427359425E-32,2.28983498828939E-16));
#10711=DIRECTION('center_axis',(2.80414647586397E-32,1.,-1.06522863446701E-16));
#10712=DIRECTION('ref_axis',(-2.28983498828939E-16,-1.06522863446701E-16,
-1.));
#10713=DIRECTION('',(-2.28983498828939E-16,-1.06522863446701E-16,-1.));
#10714=DIRECTION('',(1.,-5.24334427359425E-32,-2.28983498828939E-16));
#10715=DIRECTION('center_axis',(2.80414647586397E-32,1.,-1.06522863446701E-16));
#10716=DIRECTION('ref_axis',(-2.28983498828939E-16,-1.06522863446701E-16,
-1.));
#10717=DIRECTION('',(-2.28983498828939E-16,-1.06522863446701E-16,-1.));
#10718=DIRECTION('',(-2.28983498828939E-16,-1.06522863446701E-16,-1.));
#10719=DIRECTION('center_axis',(1.,-5.24334427359425E-32,-2.28983498828939E-16));
#10720=DIRECTION('ref_axis',(5.24334427359425E-32,1.,0.));
#10721=DIRECTION('',(-2.80414647586397E-32,-1.,1.06522863446701E-16));
#10722=DIRECTION('center_axis',(1.,-5.24334427359425E-32,-2.28983498828939E-16));
#10723=DIRECTION('ref_axis',(5.24334427359425E-32,1.,0.));
#10724=DIRECTION('',(2.80414647586397E-32,1.,-1.06522863446701E-16));
#10725=DIRECTION('',(-2.28983498828939E-16,-1.06522863446701E-16,-1.));
#10726=DIRECTION('center_axis',(2.80414647586397E-32,1.,-1.06522863446701E-16));
#10727=DIRECTION('ref_axis',(-2.28983498828939E-16,-1.06522863446701E-16,
-1.));
#10728=DIRECTION('',(-2.28983498828939E-16,-1.06522863446701E-16,-1.));
#10729=DIRECTION('',(-1.,5.24334427359425E-32,2.28983498828939E-16));
#10730=DIRECTION('',(-0.707106781186552,-1.06404633570505E-16,-0.707106781186543));
#10731=DIRECTION('',(1.,-5.24334427359425E-32,-2.28983498828939E-16));
#10732=DIRECTION('center_axis',(1.,-5.24334427359425E-32,-2.28983498828939E-16));
#10733=DIRECTION('ref_axis',(5.24334427359425E-32,1.,0.));
#10734=DIRECTION('',(-2.80414647586397E-32,-1.,1.06522863446701E-16));
#10735=DIRECTION('',(-2.28983498828939E-16,-1.06522863446701E-16,-1.));
#10736=DIRECTION('center_axis',(2.80414647586397E-32,1.,-1.06522863446701E-16));
#10737=DIRECTION('ref_axis',(-2.28983498828939E-16,-1.06522863446701E-16,
-1.));
#10738=DIRECTION('',(1.,-5.24334427359425E-32,-2.28983498828939E-16));
#10739=DIRECTION('',(-2.28983498828939E-16,-1.06522863446701E-16,-1.));
#10740=DIRECTION('center_axis',(1.,-5.24334427359425E-32,-2.28983498828939E-16));
#10741=DIRECTION('ref_axis',(5.24334427359425E-32,1.,0.));
#10742=DIRECTION('',(2.80414647586397E-32,1.,-1.06522863446701E-16));
#10743=DIRECTION('',(-2.28983498828939E-16,-1.06522863446701E-16,-1.));
#10744=DIRECTION('center_axis',(0.707106781186543,-7.53230390945713E-17,
-0.707106781186552));
#10745=DIRECTION('ref_axis',(-0.707106781186552,6.23130444540118E-16,-0.707106781186543));
#10746=DIRECTION('',(-1.22460635382239E-16,1.,-2.28983498828938E-16));
#10747=DIRECTION('',(-0.216371161203961,-0.952033109297413,-0.216371161203958));
#10748=DIRECTION('center_axis',(-2.28983498828939E-16,-2.28983498828939E-16,
-1.));
#10749=DIRECTION('ref_axis',(0.,-1.,2.28983498828939E-16));
#10750=DIRECTION('',(-1.,5.24334427359425E-32,2.28983498828939E-16));
#10751=DIRECTION('',(-1.,5.24334427359425E-32,2.28983498828939E-16));
#10752=DIRECTION('',(-1.22460635382239E-16,-1.,2.28983498828939E-16));
#10753=DIRECTION('center_axis',(-2.23289333142183E-16,0.221621103588969,
-0.97513285579146));
#10754=DIRECTION('ref_axis',(-5.07475757141327E-17,-0.97513285579146,-0.221621103588969));
#10755=DIRECTION('',(-0.216371161203961,0.952033109297413,0.216371161203958));
#10756=DIRECTION('center_axis',(-0.707106781186543,-7.53230390945712E-17,
-0.707106781186552));
#10757=DIRECTION('ref_axis',(0.707106781186552,6.23130444540118E-16,-0.707106781186543));
#10758=DIRECTION('',(-0.707106781186552,1.06404633570505E-16,0.707106781186543));
#10759=DIRECTION('center_axis',(0.707106781186543,-7.53230390945713E-17,
-0.707106781186552));
#10760=DIRECTION('ref_axis',(-0.707106781186552,6.23130444540118E-16,-0.707106781186543));
#10761=DIRECTION('',(-1.22460635382239E-16,1.,-2.28983498828938E-16));
#10762=DIRECTION('',(-0.216371161203961,-0.952033109297413,-0.216371161203958));
#10763=DIRECTION('',(-0.707106781186552,-1.06404633570505E-16,-0.707106781186543));
#10764=DIRECTION('center_axis',(-2.23289333142183E-16,0.221621103588969,
-0.97513285579146));
#10765=DIRECTION('ref_axis',(-5.07475757141327E-17,-0.97513285579146,-0.221621103588969));
#10766=DIRECTION('',(-1.,5.24334427359425E-32,2.28983498828939E-16));
#10767=DIRECTION('center_axis',(-2.28983498828939E-16,-2.28983498828939E-16,
-1.));
#10768=DIRECTION('ref_axis',(0.,-1.,2.28983498828939E-16));
#10769=DIRECTION('',(-1.,5.24334427359425E-32,2.28983498828939E-16));
#10770=DIRECTION('',(1.,-5.24334427359425E-32,-2.28983498828939E-16));
#10771=DIRECTION('',(-1.,5.24334427359425E-32,2.28983498828939E-16));
#10772=DIRECTION('center_axis',(2.80414647586397E-32,1.,-1.06522863446701E-16));
#10773=DIRECTION('ref_axis',(-2.28983498828939E-16,-1.06522863446701E-16,
-1.));
#10774=DIRECTION('',(-2.28983498828939E-16,-1.06522863446701E-16,-1.));
#10775=DIRECTION('',(1.,-5.24334427359425E-32,-2.28983498828939E-16));
#10776=DIRECTION('center_axis',(2.80414647586397E-32,1.,-1.06522863446701E-16));
#10777=DIRECTION('ref_axis',(-2.28983498828939E-16,-1.06522863446701E-16,
-1.));
#10778=DIRECTION('',(-2.28983498828939E-16,-1.06522863446701E-16,-1.));
#10779=DIRECTION('',(-2.28983498828939E-16,-1.06522863446701E-16,-1.));
#10780=DIRECTION('center_axis',(1.,-5.24334427359425E-32,-2.28983498828939E-16));
#10781=DIRECTION('ref_axis',(5.24334427359425E-32,1.,0.));
#10782=DIRECTION('',(-2.80414647586397E-32,-1.,1.06522863446701E-16));
#10783=DIRECTION('',(2.28983498828939E-16,2.28983498828939E-16,1.));
#10784=DIRECTION('center_axis',(1.,-5.24334427359425E-32,-2.28983498828939E-16));
#10785=DIRECTION('ref_axis',(-2.08005240798215E-46,1.,-2.28983498828939E-16));
#10786=DIRECTION('',(-2.28983498828939E-16,-2.28983498828939E-16,-1.));
#10787=DIRECTION('',(-1.61915784801753E-16,-0.707106781186598,-0.707106781186497));
#10788=DIRECTION('center_axis',(1.,-5.24334427359425E-32,-2.28983498828939E-16));
#10789=DIRECTION('ref_axis',(5.24334427359425E-32,1.,0.));
#10790=DIRECTION('',(-1.61915784801753E-16,-0.707106781186598,-0.707106781186497));
#10791=DIRECTION('',(-2.28983498828939E-16,-2.28983498828939E-16,-1.));
#10792=DIRECTION('center_axis',(1.,-5.24334427359425E-32,-2.28983498828939E-16));
#10793=DIRECTION('ref_axis',(-2.08005240798215E-46,1.,-2.28983498828939E-16));
#10794=DIRECTION('',(-2.28983498828939E-16,-2.28983498828939E-16,-1.));
#10795=DIRECTION('',(2.80414647586397E-32,1.,-1.06522863446701E-16));
#10796=DIRECTION('',(-2.28983498828939E-16,-1.06522863446701E-16,-1.));
#10797=DIRECTION('center_axis',(2.80414647586397E-32,1.,-1.06522863446701E-16));
#10798=DIRECTION('ref_axis',(-2.28983498828939E-16,-1.06522863446701E-16,
-1.));
#10799=DIRECTION('',(-2.28983498828939E-16,-1.06522863446701E-16,-1.));
#10800=DIRECTION('',(-1.,5.24334427359425E-32,2.28983498828939E-16));
#10801=DIRECTION('',(-0.707106781186552,-1.06404633570505E-16,-0.707106781186543));
#10802=DIRECTION('',(1.,-5.24334427359425E-32,-2.28983498828939E-16));
#10803=DIRECTION('center_axis',(1.,-5.24334427359425E-32,-2.28983498828939E-16));
#10804=DIRECTION('ref_axis',(5.24334427359425E-32,1.,0.));
#10805=DIRECTION('',(-2.80414647586397E-32,-1.,1.06522863446701E-16));
#10806=DIRECTION('',(2.28983498828939E-16,2.28983498828939E-16,1.));
#10807=DIRECTION('center_axis',(1.,-5.24334427359425E-32,-2.28983498828939E-16));
#10808=DIRECTION('ref_axis',(-2.08005240798215E-46,1.,-2.28983498828939E-16));
#10809=DIRECTION('',(-2.28983498828939E-16,-2.28983498828939E-16,-1.));
#10810=DIRECTION('',(-1.61915784801753E-16,-0.707106781186598,-0.707106781186497));
#10811=DIRECTION('',(0.,1.,-2.28983498828939E-16));
#10812=DIRECTION('',(2.28983498828939E-16,2.28983498828939E-16,1.));
#10813=DIRECTION('center_axis',(1.,-5.24334427359425E-32,-2.28983498828939E-16));
#10814=DIRECTION('ref_axis',(-2.08005240798215E-46,1.,-2.28983498828939E-16));
#10815=DIRECTION('',(5.20049491518193E-17,0.973868596229247,0.227112212966356));
#10816=DIRECTION('',(-2.28983498828939E-16,-1.06522863446701E-16,-1.));
#10817=DIRECTION('center_axis',(2.80414647586397E-32,1.,-1.06522863446701E-16));
#10818=DIRECTION('ref_axis',(-2.28983498828939E-16,-1.06522863446701E-16,
-1.));
#10819=DIRECTION('',(1.,-5.24334427359425E-32,-2.28983498828939E-16));
#10820=DIRECTION('',(-1.,5.24334427359425E-32,2.28983498828939E-16));
#10821=DIRECTION('',(-2.28983498828939E-16,-1.06522863446701E-16,-1.));
#10822=DIRECTION('center_axis',(1.,-5.24334427359425E-32,-2.28983498828939E-16));
#10823=DIRECTION('ref_axis',(5.24334427359425E-32,1.,0.));
#10824=DIRECTION('',(5.20049491518193E-17,0.973868596229247,0.227112212966356));
#10825=DIRECTION('center_axis',(1.,-5.24334427359425E-32,-2.28983498828939E-16));
#10826=DIRECTION('ref_axis',(-2.08005240798215E-46,1.,-2.28983498828939E-16));
#10827=DIRECTION('',(2.28983498828939E-16,2.28983498828939E-16,1.));
#10828=DIRECTION('',(0.,-1.,2.28983498828939E-16));
#10829=DIRECTION('',(-1.61915784801753E-16,-0.707106781186598,-0.707106781186497));
#10830=DIRECTION('',(-2.28983498828939E-16,-2.28983498828939E-16,-1.));
#10831=DIRECTION('center_axis',(1.,-5.24334427359425E-32,-2.28983498828939E-16));
#10832=DIRECTION('ref_axis',(-2.08005240798215E-46,1.,-2.28983498828939E-16));
#10833=DIRECTION('',(-2.28983498828939E-16,-2.28983498828939E-16,-1.));
#10834=DIRECTION('',(2.80414647586397E-32,1.,-1.06522863446701E-16));
#10835=DIRECTION('',(-2.28983498828939E-16,-1.06522863446701E-16,-1.));
#10836=DIRECTION('center_axis',(0.707106781186543,-7.53230390945713E-17,
-0.707106781186552));
#10837=DIRECTION('ref_axis',(-0.707106781186552,6.23130444540118E-16,-0.707106781186543));
#10838=DIRECTION('',(-1.22460635382239E-16,1.,-2.28983498828938E-16));
#10839=DIRECTION('',(-0.216371161203961,-0.952033109297413,-0.216371161203958));
#10840=DIRECTION('center_axis',(-2.28983498828939E-16,-2.28983498828939E-16,
-1.));
#10841=DIRECTION('ref_axis',(0.,-1.,2.28983498828939E-16));
#10842=DIRECTION('',(-1.,5.24334427359425E-32,2.28983498828939E-16));
#10843=DIRECTION('',(-1.,5.24334427359425E-32,2.28983498828939E-16));
#10844=DIRECTION('',(-1.22460635382239E-16,-1.,2.28983498828939E-16));
#10845=DIRECTION('center_axis',(-2.23289333142183E-16,0.221621103588969,
-0.97513285579146));
#10846=DIRECTION('ref_axis',(-5.07475757141327E-17,-0.97513285579146,-0.221621103588969));
#10847=DIRECTION('',(-0.216371161203961,0.952033109297413,0.216371161203958));
#10848=DIRECTION('center_axis',(-0.707106781186543,-7.53230390945712E-17,
-0.707106781186552));
#10849=DIRECTION('ref_axis',(0.707106781186552,6.23130444540118E-16,-0.707106781186543));
#10850=DIRECTION('',(-0.707106781186552,1.06404633570505E-16,0.707106781186543));
#10851=DIRECTION('center_axis',(0.707106781186543,-7.53230390945713E-17,
-0.707106781186552));
#10852=DIRECTION('ref_axis',(-0.707106781186552,6.23130444540118E-16,-0.707106781186543));
#10853=DIRECTION('',(-1.22460635382239E-16,1.,-2.28983498828938E-16));
#10854=DIRECTION('',(-0.216371161203961,-0.952033109297413,-0.216371161203958));
#10855=DIRECTION('',(-0.707106781186552,-1.06404633570505E-16,-0.707106781186543));
#10856=DIRECTION('center_axis',(-2.23289333142183E-16,0.221621103588969,
-0.97513285579146));
#10857=DIRECTION('ref_axis',(-5.07475757141327E-17,-0.97513285579146,-0.221621103588969));
#10858=DIRECTION('',(-1.,5.24334427359425E-32,2.28983498828939E-16));
#10859=DIRECTION('',(-0.216371161203961,0.952033109297413,0.216371161203958));
#10860=DIRECTION('center_axis',(-2.28983498828939E-16,-2.28983498828939E-16,
-1.));
#10861=DIRECTION('ref_axis',(0.,-1.,2.28983498828939E-16));
#10862=DIRECTION('',(-1.,5.24334427359425E-32,2.28983498828939E-16));
#10863=DIRECTION('',(1.,-5.24334427359425E-32,-2.28983498828939E-16));
#10864=DIRECTION('',(-1.,5.24334427359425E-32,2.28983498828939E-16));
#10865=DIRECTION('',(-1.22460635382239E-16,-1.,2.28983498828939E-16));
#10866=DIRECTION('center_axis',(2.80414647586397E-32,1.,-1.06522863446701E-16));
#10867=DIRECTION('ref_axis',(-2.28983498828939E-16,-1.06522863446701E-16,
-1.));
#10868=DIRECTION('',(-2.28983498828939E-16,-1.06522863446701E-16,-1.));
#10869=DIRECTION('',(1.,-5.24334427359425E-32,-2.28983498828939E-16));
#10870=DIRECTION('center_axis',(2.80414647586397E-32,1.,-1.06522863446701E-16));
#10871=DIRECTION('ref_axis',(-2.28983498828939E-16,-1.06522863446701E-16,
-1.));
#10872=DIRECTION('',(-2.28983498828939E-16,-1.06522863446701E-16,-1.));
#10873=DIRECTION('',(-1.,5.24334427359425E-32,2.28983498828939E-16));
#10874=DIRECTION('',(-2.28983498828939E-16,-1.06522863446701E-16,-1.));
#10875=DIRECTION('center_axis',(1.,-5.24334427359425E-32,-2.28983498828939E-16));
#10876=DIRECTION('ref_axis',(5.24334427359425E-32,1.,0.));
#10877=DIRECTION('',(-2.80414647586397E-32,-1.,1.06522863446701E-16));
#10878=DIRECTION('',(-2.28983498828939E-16,-2.28983498828939E-16,-1.));
#10879=DIRECTION('',(-1.61915784801753E-16,-0.707106781186598,-0.707106781186497));
#10880=DIRECTION('',(0.,1.,-2.28983498828939E-16));
#10881=DIRECTION('',(2.28983498828939E-16,2.28983498828939E-16,1.));
#10882=DIRECTION('center_axis',(1.,-5.24334427359425E-32,-2.28983498828939E-16));
#10883=DIRECTION('ref_axis',(-2.08005240798215E-46,1.,-2.28983498828939E-16));
#10884=DIRECTION('',(5.20049491518193E-17,0.973868596229247,0.227112212966356));
#10885=DIRECTION('center_axis',(1.,-5.24334427359425E-32,-2.28983498828939E-16));
#10886=DIRECTION('ref_axis',(5.24334427359425E-32,1.,0.));
#10887=DIRECTION('',(5.20049491518193E-17,0.973868596229247,0.227112212966356));
#10888=DIRECTION('center_axis',(1.,-5.24334427359425E-32,-2.28983498828939E-16));
#10889=DIRECTION('ref_axis',(-2.08005240798215E-46,1.,-2.28983498828939E-16));
#10890=DIRECTION('',(2.28983498828939E-16,2.28983498828939E-16,1.));
#10891=DIRECTION('',(0.,-1.,2.28983498828939E-16));
#10892=DIRECTION('',(-1.61915784801753E-16,-0.707106781186598,-0.707106781186497));
#10893=DIRECTION('',(-2.28983498828939E-16,-2.28983498828939E-16,-1.));
#10894=DIRECTION('',(-2.80414647586397E-32,-1.,1.06522863446701E-16));
#10895=DIRECTION('',(2.28983498828939E-16,1.06522863446701E-16,1.));
#10896=DIRECTION('center_axis',(0.,1.,-2.28983498828939E-16));
#10897=DIRECTION('ref_axis',(-2.28983498828939E-16,-2.28983498828939E-16,
-1.));
#10898=DIRECTION('',(1.,-5.24334427359425E-32,-2.28983498828939E-16));
#10899=DIRECTION('center_axis',(0.,1.,-2.28983498828939E-16));
#10900=DIRECTION('ref_axis',(-2.28983498828939E-16,-2.28983498828939E-16,
-1.));
#10901=DIRECTION('',(1.,-5.24334427359425E-32,-2.28983498828939E-16));
#10902=DIRECTION('',(1.,-5.24334427359425E-32,-2.28983498828939E-16));
#10903=DIRECTION('center_axis',(-2.28983498828939E-16,-2.28983498828939E-16,
-1.));
#10904=DIRECTION('ref_axis',(0.,-1.,2.28983498828939E-16));
#10905=DIRECTION('',(1.,-5.24334427359425E-32,-2.28983498828939E-16));
#10906=DIRECTION('',(0.,-1.,2.28983498828939E-16));
#10907=DIRECTION('',(1.,-5.24334427359425E-32,-2.28983498828939E-16));
#10908=DIRECTION('',(0.,1.,-2.28983498828939E-16));
#10909=DIRECTION('center_axis',(-0.707106781186543,-7.53230390945712E-17,
-0.707106781186552));
#10910=DIRECTION('ref_axis',(0.707106781186552,6.23130444540118E-16,-0.707106781186543));
#10911=DIRECTION('center_axis',(2.80414647586397E-32,1.,-1.06522863446701E-16));
#10912=DIRECTION('ref_axis',(-2.28983498828939E-16,-1.06522863446701E-16,
-1.));
#10913=DIRECTION('',(1.,-5.24334427359425E-32,-2.28983498828939E-16));
#10914=DIRECTION('',(-2.28983498828939E-16,-1.06522863446701E-16,-1.));
#10915=DIRECTION('',(-1.,5.24334427359425E-32,2.28983498828939E-16));
#10916=DIRECTION('center_axis',(0.,-1.,2.28983498828939E-16));
#10917=DIRECTION('ref_axis',(2.28983498828939E-16,2.28983498828939E-16,
1.));
#10918=DIRECTION('',(2.28983498828939E-16,2.28983498828939E-16,1.));
#10919=DIRECTION('',(1.,-5.24334427359425E-32,-2.28983498828939E-16));
#10920=DIRECTION('',(2.28983498828939E-16,2.28983498828939E-16,1.));
#10921=DIRECTION('',(1.,-5.24334427359425E-32,-2.28983498828939E-16));
#10922=DIRECTION('center_axis',(2.28983498828939E-16,2.28983498828939E-16,
1.));
#10923=DIRECTION('ref_axis',(0.,1.,-2.28983498828939E-16));
#10924=DIRECTION('',(1.,-5.24334427359425E-32,-2.28983498828939E-16));
#10925=DIRECTION('',(-1.,5.24334427359425E-32,2.28983498828939E-16));
#10926=DIRECTION('',(-2.80414647586397E-32,-1.,1.06522863446701E-16));
#10927=DIRECTION('',(1.,-5.24334427359425E-32,-2.28983498828939E-16));
#10928=DIRECTION('',(2.80414647586397E-32,1.,-1.06522863446701E-16));
#10929=DIRECTION('center_axis',(0.,1.,-2.28983498828939E-16));
#10930=DIRECTION('ref_axis',(-2.28983498828939E-16,-2.28983498828939E-16,
-1.));
#10931=DIRECTION('',(1.,-5.24334427359425E-32,-2.28983498828939E-16));
#10932=DIRECTION('',(-2.28983498828939E-16,-2.28983498828939E-16,-1.));
#10933=DIRECTION('',(1.,-5.24334427359425E-32,-2.28983498828939E-16));
#10934=DIRECTION('',(2.28983498828939E-16,2.28983498828939E-16,1.));
#10935=DIRECTION('center_axis',(-2.28983498828939E-16,-2.28983498828939E-16,
-1.));
#10936=DIRECTION('ref_axis',(0.,-1.,2.28983498828939E-16));
#10937=DIRECTION('',(1.,-5.24334427359425E-32,-2.28983498828939E-16));
#10938=DIRECTION('center_axis',(0.,-1.,2.28983498828939E-16));
#10939=DIRECTION('ref_axis',(2.28983498828939E-16,2.28983498828939E-16,
1.));
#10940=DIRECTION('',(1.,-5.24334427359425E-32,-2.28983498828939E-16));
#10941=DIRECTION('',(1.,-5.24334427359425E-32,-2.28983498828939E-16));
#10942=DIRECTION('center_axis',(0.,1.,-2.28983498828939E-16));
#10943=DIRECTION('ref_axis',(-2.28983498828939E-16,-2.28983498828939E-16,
-1.));
#10944=DIRECTION('',(1.,-5.24334427359425E-32,-2.28983498828939E-16));
#10945=DIRECTION('',(1.,-5.24334427359425E-32,-2.28983498828939E-16));
#10946=DIRECTION('center_axis',(1.,-5.24334427359425E-32,-2.28983498828939E-16));
#10947=DIRECTION('ref_axis',(-2.08005240798215E-46,1.,-2.28983498828939E-16));
#10948=DIRECTION('',(1.,-5.24334427359425E-32,-2.28983498828939E-16));
#10949=DIRECTION('center_axis',(-2.28983498828939E-16,-2.28983498828939E-16,
-1.));
#10950=DIRECTION('ref_axis',(0.,-1.,2.28983498828939E-16));
#10951=DIRECTION('',(1.,-5.24334427359425E-32,-2.28983498828939E-16));
#10952=DIRECTION('',(1.,-5.24334427359425E-32,-2.28983498828939E-16));
#10953=DIRECTION('',(0.,1.,-2.28983498828939E-16));
#10954=DIRECTION('center_axis',(-2.28983498828939E-16,-1.06522863446701E-16,
-1.));
#10955=DIRECTION('ref_axis',(-2.80414647586397E-32,-1.,1.06522863446701E-16));
#10956=DIRECTION('',(1.,-5.24334427359425E-32,-2.28983498828939E-16));
#10957=DIRECTION('',(-1.,5.24334427359425E-32,2.28983498828939E-16));
#10958=DIRECTION('',(2.80414647586397E-32,1.,-1.06522863446701E-16));
#10959=DIRECTION('center_axis',(2.229998385642E-16,-0.227112212966356,0.973868596229247));
#10960=DIRECTION('ref_axis',(5.20049491518193E-17,0.973868596229247,0.227112212966356));
#10961=DIRECTION('',(1.,-5.24334427359425E-32,-2.28983498828939E-16));
#10962=DIRECTION('',(5.20049491518193E-17,0.973868596229247,0.227112212966356));
#10963=DIRECTION('',(-1.,5.24334427359425E-32,2.28983498828939E-16));
#10964=DIRECTION('',(5.20049491518193E-17,0.973868596229247,0.227112212966356));
#10965=DIRECTION('center_axis',(-0.707106781186543,-7.53230390945712E-17,
-0.707106781186552));
#10966=DIRECTION('ref_axis',(0.707106781186552,6.23130444540118E-16,-0.707106781186543));
#10967=DIRECTION('center_axis',(1.,-5.24334427359425E-32,-2.28983498828939E-16));
#10968=DIRECTION('ref_axis',(-2.08005240798215E-46,1.,-2.28983498828939E-16));
#10969=DIRECTION('',(1.,-5.24334427359425E-32,-2.28983498828939E-16));
#10970=DIRECTION('',(1.,-5.24334427359425E-32,-2.28983498828939E-16));
#10971=DIRECTION('center_axis',(2.229998385642E-16,-0.227112212966356,0.973868596229247));
#10972=DIRECTION('ref_axis',(5.20049491518193E-17,0.973868596229247,0.227112212966356));
#10973=DIRECTION('',(1.,-5.24334427359425E-32,-2.28983498828939E-16));
#10974=DIRECTION('center_axis',(2.229998385642E-16,-0.227112212966356,0.973868596229247));
#10975=DIRECTION('ref_axis',(5.20049491518193E-17,0.973868596229247,0.227112212966356));
#10976=DIRECTION('',(1.,-5.24334427359425E-32,-2.28983498828939E-16));
#10977=DIRECTION('center_axis',(-0.707106781186543,-7.53230390945712E-17,
-0.707106781186552));
#10978=DIRECTION('ref_axis',(0.707106781186552,6.23130444540118E-16,-0.707106781186543));
#10979=DIRECTION('center_axis',(0.,1.,-2.28983498828939E-16));
#10980=DIRECTION('ref_axis',(-2.28983498828939E-16,-2.28983498828939E-16,
-1.));
#10981=DIRECTION('',(1.,-5.24334427359425E-32,-2.28983498828939E-16));
#10982=DIRECTION('center_axis',(-1.61915784801776E-16,0.707106781186497,
-0.707106781186598));
#10983=DIRECTION('ref_axis',(-1.61915784801753E-16,-0.707106781186598,-0.707106781186497));
#10984=DIRECTION('',(1.,-5.24334427359425E-32,-2.28983498828939E-16));
#10985=DIRECTION('center_axis',(-1.61915784801776E-16,0.707106781186497,
-0.707106781186598));
#10986=DIRECTION('ref_axis',(-1.61915784801753E-16,-0.707106781186598,-0.707106781186497));
#10987=DIRECTION('',(1.,-5.24334427359425E-32,-2.28983498828939E-16));
#10988=DIRECTION('center_axis',(1.,-5.24334427359425E-32,-2.28983498828939E-16));
#10989=DIRECTION('ref_axis',(-2.08005240798215E-46,1.,-2.28983498828939E-16));
#10990=DIRECTION('center_axis',(0.,1.,-2.28983498828939E-16));
#10991=DIRECTION('ref_axis',(-2.28983498828939E-16,-2.28983498828939E-16,
-1.));
#10992=DIRECTION('',(1.,-5.24334427359425E-32,-2.28983498828939E-16));
#10993=DIRECTION('',(1.,-5.24334427359425E-32,-2.28983498828939E-16));
#10994=DIRECTION('center_axis',(0.,1.,-2.28983498828939E-16));
#10995=DIRECTION('ref_axis',(-2.28983498828939E-16,-2.28983498828939E-16,
-1.));
#10996=DIRECTION('center_axis',(-2.28983498828939E-16,-2.28983498828939E-16,
-1.));
#10997=DIRECTION('ref_axis',(0.,-1.,2.28983498828939E-16));
#10998=DIRECTION('',(1.,-5.24334427359425E-32,-2.28983498828939E-16));
#10999=DIRECTION('',(1.,-5.24334427359425E-32,-2.28983498828939E-16));
#11000=DIRECTION('center_axis',(1.,-5.24334427359425E-32,-2.28983498828939E-16));
#11001=DIRECTION('ref_axis',(-2.08005240798215E-46,1.,-2.28983498828939E-16));
#11002=DIRECTION('',(1.,-5.24334427359425E-32,-2.28983498828939E-16));
#11003=DIRECTION('center_axis',(1.,-5.24334427359425E-32,-2.28983498828939E-16));
#11004=DIRECTION('ref_axis',(5.24334427359425E-32,1.,0.));
#11005=DIRECTION('',(-2.28983498828939E-16,-1.06522863446701E-16,-1.));
#11006=DIRECTION('',(-2.80414647586397E-32,-1.,1.06522863446701E-16));
#11007=DIRECTION('center_axis',(1.,-5.24334427359425E-32,-2.28983498828939E-16));
#11008=DIRECTION('ref_axis',(-2.08005240798215E-46,1.,-2.28983498828939E-16));
#11009=DIRECTION('',(-2.28983498828939E-16,-2.28983498828939E-16,-1.));
#11010=DIRECTION('',(-1.61915784801753E-16,-0.707106781186598,-0.707106781186497));
#11011=DIRECTION('',(2.28983498828939E-16,2.28983498828939E-16,1.));
#11012=DIRECTION('center_axis',(1.,-5.24334427359425E-32,-2.28983498828939E-16));
#11013=DIRECTION('ref_axis',(-2.08005240798215E-46,1.,-2.28983498828939E-16));
#11014=DIRECTION('',(5.20049491518193E-17,0.973868596229247,0.227112212966356));
#11015=DIRECTION('center_axis',(2.229998385642E-16,-0.227112212966356,0.973868596229247));
#11016=DIRECTION('ref_axis',(5.20049491518193E-17,0.973868596229247,0.227112212966356));
#11017=DIRECTION('',(1.,-5.24334427359425E-32,-2.28983498828939E-16));
#11018=DIRECTION('center_axis',(1.,-5.24334427359425E-32,-2.28983498828939E-16));
#11019=DIRECTION('ref_axis',(-2.08005240798215E-46,1.,-2.28983498828939E-16));
#11020=DIRECTION('',(1.,-5.24334427359425E-32,-2.28983498828939E-16));
#11021=DIRECTION('center_axis',(1.,-5.24334427359425E-32,-2.28983498828939E-16));
#11022=DIRECTION('ref_axis',(-2.08005240798215E-46,1.,-2.28983498828939E-16));
#11023=DIRECTION('center_axis',(1.,-5.24334427359425E-32,-2.28983498828939E-16));
#11024=DIRECTION('ref_axis',(-2.08005240798215E-46,1.,-2.28983498828939E-16));
#11025=DIRECTION('',(1.,-5.24334427359425E-32,-2.28983498828939E-16));
#11026=DIRECTION('center_axis',(-2.28983498828939E-16,-2.28983498828939E-16,
-1.));
#11027=DIRECTION('ref_axis',(0.,-1.,2.28983498828939E-16));
#11028=DIRECTION('',(1.,-5.24334427359425E-32,-2.28983498828939E-16));
#11029=DIRECTION('center_axis',(0.,1.,-2.28983498828939E-16));
#11030=DIRECTION('ref_axis',(-2.28983498828939E-16,-2.28983498828939E-16,
-1.));
#11031=DIRECTION('',(1.,-5.24334427359425E-32,-2.28983498828939E-16));
#11032=DIRECTION('center_axis',(2.229998385642E-16,-0.227112212966356,0.973868596229247));
#11033=DIRECTION('ref_axis',(5.20049491518193E-17,0.973868596229247,0.227112212966356));
#11034=DIRECTION('center_axis',(1.,-5.24334427359425E-32,-2.28983498828939E-16));
#11035=DIRECTION('ref_axis',(-2.08005240798215E-46,1.,-2.28983498828939E-16));
#11036=DIRECTION('',(1.,-5.24334427359425E-32,-2.28983498828939E-16));
#11037=DIRECTION('center_axis',(0.,1.,-2.28983498828939E-16));
#11038=DIRECTION('ref_axis',(-2.28983498828939E-16,-2.28983498828939E-16,
-1.));
#11039=DIRECTION('',(1.,-5.24334427359425E-32,-2.28983498828939E-16));
#11040=DIRECTION('center_axis',(0.,-1.,2.28983498828939E-16));
#11041=DIRECTION('ref_axis',(2.28983498828939E-16,2.28983498828939E-16,
1.));
#11042=DIRECTION('',(1.,-5.24334427359425E-32,-2.28983498828939E-16));
#11043=DIRECTION('',(1.,-5.24334427359425E-32,-2.28983498828939E-16));
#11044=DIRECTION('center_axis',(-1.61915784801776E-16,0.707106781186497,
-0.707106781186598));
#11045=DIRECTION('ref_axis',(-1.61915784801753E-16,-0.707106781186598,-0.707106781186497));
#11046=DIRECTION('',(1.,-5.24334427359425E-32,-2.28983498828939E-16));
#11047=DIRECTION('',(1.,-5.24334427359425E-32,-2.28983498828939E-16));
#11048=DIRECTION('center_axis',(-2.28983498828939E-16,-2.28983498828939E-16,
-1.));
#11049=DIRECTION('ref_axis',(0.,-1.,2.28983498828939E-16));
#11050=DIRECTION('center_axis',(0.,1.,-2.28983498828939E-16));
#11051=DIRECTION('ref_axis',(-2.28983498828939E-16,-2.28983498828939E-16,
-1.));
#11052=DIRECTION('',(1.,-5.24334427359425E-32,-2.28983498828939E-16));
#11053=DIRECTION('center_axis',(2.229998385642E-16,-0.227112212966356,0.973868596229247));
#11054=DIRECTION('ref_axis',(5.20049491518193E-17,0.973868596229247,0.227112212966356));
#11055=DIRECTION('',(1.,-5.24334427359425E-32,-2.28983498828939E-16));
#11056=DIRECTION('center_axis',(1.,-5.24334427359425E-32,-2.28983498828939E-16));
#11057=DIRECTION('ref_axis',(-2.08005240798215E-46,1.,-2.28983498828939E-16));
#11058=DIRECTION('center_axis',(1.,-5.24334427359425E-32,-2.28983498828939E-16));
#11059=DIRECTION('ref_axis',(-2.08005240798215E-46,1.,-2.28983498828939E-16));
#11060=DIRECTION('',(1.,-5.24334427359425E-32,-2.28983498828939E-16));
#11061=DIRECTION('',(1.,-5.24334427359425E-32,-2.28983498828939E-16));
#11062=DIRECTION('center_axis',(0.,1.,-2.28983498828939E-16));
#11063=DIRECTION('ref_axis',(-2.28983498828939E-16,-2.28983498828939E-16,
-1.));
#11064=DIRECTION('',(1.,-5.24334427359425E-32,-2.28983498828939E-16));
#11065=DIRECTION('center_axis',(-0.707106781186543,-7.53230390945712E-17,
-0.707106781186552));
#11066=DIRECTION('ref_axis',(0.707106781186552,6.23130444540118E-16,-0.707106781186543));
#11067=DIRECTION('',(-1.22460635382239E-16,-1.,2.28983498828939E-16));
#11068=DIRECTION('',(-0.707106781186552,1.06404633570505E-16,0.707106781186543));
#11069=DIRECTION('',(-0.216371161203961,0.952033109297413,0.216371161203958));
#11070=DIRECTION('center_axis',(2.229998385642E-16,-0.227112212966356,0.973868596229247));
#11071=DIRECTION('ref_axis',(5.20049491518193E-17,0.973868596229247,0.227112212966356));
#11072=DIRECTION('',(1.,-5.24334427359425E-32,-2.28983498828939E-16));
#11073=DIRECTION('center_axis',(1.,-5.24334427359425E-32,-2.28983498828939E-16));
#11074=DIRECTION('ref_axis',(-2.08005240798215E-46,1.,-2.28983498828939E-16));
#11075=DIRECTION('',(1.,-5.24334427359425E-32,-2.28983498828939E-16));
#11076=DIRECTION('center_axis',(0.,-1.,2.28983498828939E-16));
#11077=DIRECTION('ref_axis',(2.28983498828939E-16,2.28983498828939E-16,
1.));
#11078=DIRECTION('',(1.,-5.24334427359425E-32,-2.28983498828939E-16));
#11079=DIRECTION('center_axis',(-2.28983498828939E-16,-2.28983498828939E-16,
-1.));
#11080=DIRECTION('ref_axis',(0.,-1.,2.28983498828939E-16));
#11081=DIRECTION('',(1.,-5.24334427359425E-32,-2.28983498828939E-16));
#11082=DIRECTION('center_axis',(-1.61915784801776E-16,0.707106781186497,
-0.707106781186598));
#11083=DIRECTION('ref_axis',(-1.61915784801753E-16,-0.707106781186598,-0.707106781186497));
#11084=DIRECTION('center_axis',(0.,1.,-2.28983498828939E-16));
#11085=DIRECTION('ref_axis',(-2.28983498828939E-16,-2.28983498828939E-16,
-1.));
#11086=DIRECTION('center_axis',(2.229998385642E-16,-0.227112212966356,0.973868596229247));
#11087=DIRECTION('ref_axis',(5.20049491518193E-17,0.973868596229247,0.227112212966356));
#11088=DIRECTION('',(1.,-5.24334427359425E-32,-2.28983498828939E-16));
#11089=DIRECTION('center_axis',(2.229998385642E-16,-0.227112212966356,0.973868596229247));
#11090=DIRECTION('ref_axis',(5.20049491518193E-17,0.973868596229247,0.227112212966356));
#11091=DIRECTION('center_axis',(-1.61915784801776E-16,0.707106781186497,
-0.707106781186598));
#11092=DIRECTION('ref_axis',(-1.61915784801753E-16,-0.707106781186598,-0.707106781186497));
#11093=DIRECTION('center_axis',(-1.61915784801776E-16,0.707106781186497,
-0.707106781186598));
#11094=DIRECTION('ref_axis',(-1.61915784801753E-16,-0.707106781186598,-0.707106781186497));
#11095=DIRECTION('center_axis',(0.,-1.,2.28983498828939E-16));
#11096=DIRECTION('ref_axis',(2.28983498828939E-16,2.28983498828939E-16,
1.));
#11097=DIRECTION('center_axis',(-0.707106781186543,-7.53230390945712E-17,
-0.707106781186552));
#11098=DIRECTION('ref_axis',(0.707106781186552,6.23130444540118E-16,-0.707106781186543));
#11099=DIRECTION('',(-1.22460635382239E-16,-1.,2.28983498828939E-16));
#11100=DIRECTION('',(-0.707106781186552,1.06404633570505E-16,0.707106781186543));
#11101=DIRECTION('',(-0.216371161203961,0.952033109297413,0.216371161203958));
#11102=DIRECTION('center_axis',(1.,-5.24334427359425E-32,-2.28983498828939E-16));
#11103=DIRECTION('ref_axis',(-2.08005240798215E-46,1.,-2.28983498828939E-16));
#11104=DIRECTION('center_axis',(-2.28983498828939E-16,-2.28983498828939E-16,
-1.));
#11105=DIRECTION('ref_axis',(0.,-1.,2.28983498828939E-16));
#11106=DIRECTION('center_axis',(1.,-5.24334427359425E-32,-2.28983498828939E-16));
#11107=DIRECTION('ref_axis',(-2.08005240798215E-46,1.,-2.28983498828939E-16));
#11108=DIRECTION('center_axis',(0.,-1.,2.28983498828939E-16));
#11109=DIRECTION('ref_axis',(2.28983498828939E-16,2.28983498828939E-16,
1.));
#11110=DIRECTION('center_axis',(0.,1.,-2.28983498828939E-16));
#11111=DIRECTION('ref_axis',(-2.28983498828939E-16,-2.28983498828939E-16,
-1.));
#11112=DIRECTION('center_axis',(2.80414647586397E-32,1.,-1.06522863446701E-16));
#11113=DIRECTION('ref_axis',(-2.28983498828939E-16,-1.06522863446701E-16,
-1.));
#11114=DIRECTION('',(-1.,5.24334427359425E-32,2.28983498828939E-16));
#11115=DIRECTION('',(-0.707106781186552,-1.06404633570505E-16,-0.707106781186543));
#11116=DIRECTION('',(-0.707106781186552,1.06404633570505E-16,0.707106781186543));
#11117=DIRECTION('',(1.,-5.24334427359425E-32,-2.28983498828939E-16));
#11118=DIRECTION('center_axis',(0.707106781186543,-7.53230390945713E-17,
-0.707106781186552));
#11119=DIRECTION('ref_axis',(-0.707106781186552,6.23130444540118E-16,-0.707106781186543));
#11120=DIRECTION('',(-1.22460635382239E-16,1.,-2.28983498828938E-16));
#11121=DIRECTION('',(-0.216371161203961,-0.952033109297413,-0.216371161203958));
#11122=DIRECTION('center_axis',(-2.28983498828939E-16,-2.28983498828939E-16,
-1.));
#11123=DIRECTION('ref_axis',(0.,-1.,2.28983498828939E-16));
#11124=DIRECTION('',(-1.,5.24334427359425E-32,2.28983498828939E-16));
#11125=DIRECTION('',(-1.,5.24334427359425E-32,2.28983498828939E-16));
#11126=DIRECTION('center_axis',(-2.23289333142183E-16,0.221621103588969,
-0.97513285579146));
#11127=DIRECTION('ref_axis',(-5.07475757141327E-17,-0.97513285579146,-0.221621103588969));
#11128=DIRECTION('center_axis',(0.,-1.,2.28983498828939E-16));
#11129=DIRECTION('ref_axis',(2.28983498828939E-16,2.28983498828939E-16,
1.));
#11130=DIRECTION('',(1.,-5.24334427359425E-32,-2.28983498828939E-16));
#11131=DIRECTION('center_axis',(1.,-5.24334427359425E-32,-2.28983498828939E-16));
#11132=DIRECTION('ref_axis',(5.24334427359425E-32,1.,0.));
#11133=DIRECTION('',(-2.28983498828939E-16,-1.06522863446701E-16,-1.));
#11134=DIRECTION('',(-2.80414647586397E-32,-1.,1.06522863446701E-16));
#11135=DIRECTION('',(2.28983498828939E-16,2.28983498828939E-16,1.));
#11136=DIRECTION('center_axis',(1.,-5.24334427359425E-32,-2.28983498828939E-16));
#11137=DIRECTION('ref_axis',(-2.08005240798215E-46,1.,-2.28983498828939E-16));
#11138=DIRECTION('',(-2.28983498828939E-16,-2.28983498828939E-16,-1.));
#11139=DIRECTION('',(-1.61915784801753E-16,-0.707106781186598,-0.707106781186497));
#11140=DIRECTION('',(2.28983498828939E-16,2.28983498828939E-16,1.));
#11141=DIRECTION('center_axis',(1.,-5.24334427359425E-32,-2.28983498828939E-16));
#11142=DIRECTION('ref_axis',(-2.08005240798215E-46,1.,-2.28983498828939E-16));
#11143=DIRECTION('',(5.20049491518193E-17,0.973868596229247,0.227112212966356));
#11144=DIRECTION('',(-2.28983498828939E-16,-1.06522863446701E-16,-1.));
#11145=DIRECTION('center_axis',(1.,-5.24334427359425E-32,-2.28983498828939E-16));
#11146=DIRECTION('ref_axis',(-2.08005240798215E-46,1.,-2.28983498828939E-16));
#11147=DIRECTION('',(1.,-5.24334427359425E-32,-2.28983498828939E-16));
#11148=DIRECTION('center_axis',(-0.707106781186543,-7.53230390945712E-17,
-0.707106781186552));
#11149=DIRECTION('ref_axis',(0.707106781186552,6.23130444540118E-16,-0.707106781186543));
#11150=DIRECTION('center_axis',(-1.61915784801776E-16,0.707106781186497,
-0.707106781186598));
#11151=DIRECTION('ref_axis',(-1.61915784801753E-16,-0.707106781186598,-0.707106781186497));
#11152=DIRECTION('',(1.,-5.24334427359425E-32,-2.28983498828939E-16));
#11153=DIRECTION('center_axis',(2.229998385642E-16,-0.227112212966356,0.973868596229247));
#11154=DIRECTION('ref_axis',(5.20049491518193E-17,0.973868596229247,0.227112212966356));
#11155=DIRECTION('',(-1.,5.24334427359425E-32,2.28983498828939E-16));
#11156=DIRECTION('',(5.20049491518193E-17,0.973868596229247,0.227112212966356));
#11157=DIRECTION('',(1.,-5.24334427359425E-32,-2.28983498828939E-16));
#11158=DIRECTION('',(5.20049491518193E-17,0.973868596229247,0.227112212966356));
#11159=DIRECTION('center_axis',(-1.61915784801776E-16,0.707106781186497,
-0.707106781186598));
#11160=DIRECTION('ref_axis',(-1.61915784801753E-16,-0.707106781186598,-0.707106781186497));
#11161=DIRECTION('',(1.,-5.24334427359425E-32,-2.28983498828939E-16));
#11162=DIRECTION('',(-1.61915784801753E-16,-0.707106781186598,-0.707106781186497));
#11163=DIRECTION('',(1.,-5.24334427359425E-32,-2.28983498828939E-16));
#11164=DIRECTION('',(-1.61915784801753E-16,-0.707106781186598,-0.707106781186497));
#11165=DIRECTION('center_axis',(1.,-5.24334427359425E-32,-2.28983498828939E-16));
#11166=DIRECTION('ref_axis',(5.24334427359425E-32,1.,0.));
#11167=DIRECTION('',(-2.28983498828939E-16,-1.06522863446701E-16,-1.));
#11168=DIRECTION('',(-2.80414647586397E-32,-1.,1.06522863446701E-16));
#11169=DIRECTION('center_axis',(1.,-5.24334427359425E-32,-2.28983498828939E-16));
#11170=DIRECTION('ref_axis',(-2.08005240798215E-46,1.,-2.28983498828939E-16));
#11171=DIRECTION('',(-2.28983498828939E-16,-2.28983498828939E-16,-1.));
#11172=DIRECTION('',(0.,1.,-2.28983498828939E-16));
#11173=DIRECTION('center_axis',(1.,-5.24334427359425E-32,-2.28983498828939E-16));
#11174=DIRECTION('ref_axis',(-2.08005240798215E-46,1.,-2.28983498828939E-16));
#11175=DIRECTION('',(-2.28983498828939E-16,-1.06522863446701E-16,-1.));
#11176=DIRECTION('center_axis',(1.,-5.24334427359425E-32,-2.28983498828939E-16));
#11177=DIRECTION('ref_axis',(-2.08005240798215E-46,1.,-2.28983498828939E-16));
#11178=DIRECTION('',(1.,-5.24334427359425E-32,-2.28983498828939E-16));
#11179=DIRECTION('center_axis',(1.,-5.24334427359425E-32,-2.28983498828939E-16));
#11180=DIRECTION('ref_axis',(-2.08005240798215E-46,1.,-2.28983498828939E-16));
#11181=DIRECTION('',(1.,-5.24334427359425E-32,-2.28983498828939E-16));
#11182=DIRECTION('center_axis',(1.,-5.24334427359425E-32,-2.28983498828939E-16));
#11183=DIRECTION('ref_axis',(-2.08005240798215E-46,1.,-2.28983498828939E-16));
#11184=DIRECTION('center_axis',(0.,1.,-2.28983498828939E-16));
#11185=DIRECTION('ref_axis',(-2.28983498828939E-16,-2.28983498828939E-16,
-1.));
#11186=DIRECTION('center_axis',(1.,-5.24334427359425E-32,-2.28983498828939E-16));
#11187=DIRECTION('ref_axis',(-2.08005240798215E-46,1.,-2.28983498828939E-16));
#11188=DIRECTION('center_axis',(1.,-5.24334427359425E-32,-2.28983498828939E-16));
#11189=DIRECTION('ref_axis',(-2.08005240798215E-46,1.,-2.28983498828939E-16));
#11190=DIRECTION('',(1.,-5.24334427359425E-32,-2.28983498828939E-16));
#11191=DIRECTION('center_axis',(0.,-1.,2.28983498828939E-16));
#11192=DIRECTION('ref_axis',(2.28983498828939E-16,2.28983498828939E-16,
1.));
#11193=DIRECTION('',(2.28983498828939E-16,2.28983498828939E-16,1.));
#11194=DIRECTION('center_axis',(2.80414647586397E-32,1.,-1.06522863446701E-16));
#11195=DIRECTION('ref_axis',(-2.28983498828939E-16,-1.06522863446701E-16,
-1.));
#11196=DIRECTION('',(-1.,5.24334427359425E-32,2.28983498828939E-16));
#11197=DIRECTION('',(-0.707106781186552,-1.06404633570505E-16,-0.707106781186543));
#11198=DIRECTION('',(1.,-5.24334427359425E-32,-2.28983498828939E-16));
#11199=DIRECTION('center_axis',(1.,-5.24334427359425E-32,-2.28983498828939E-16));
#11200=DIRECTION('ref_axis',(5.24334427359425E-32,1.,0.));
#11201=DIRECTION('',(-2.28983498828939E-16,-1.06522863446701E-16,-1.));
#11202=DIRECTION('center_axis',(1.,-5.24334427359425E-32,-2.28983498828939E-16));
#11203=DIRECTION('ref_axis',(-2.08005240798215E-46,1.,-2.28983498828939E-16));
#11204=DIRECTION('',(0.,-1.,2.28983498828939E-16));
#11205=DIRECTION('',(-2.28983498828939E-16,-2.28983498828939E-16,-1.));
#11206=DIRECTION('',(-2.80414647586397E-32,-1.,1.06522863446701E-16));
#11207=DIRECTION('',(2.28983498828939E-16,1.06522863446701E-16,1.));
#11208=DIRECTION('center_axis',(-2.28983498828939E-16,-2.28983498828939E-16,
-1.));
#11209=DIRECTION('ref_axis',(0.,-1.,2.28983498828939E-16));
#11210=DIRECTION('',(-1.,5.24334427359425E-32,2.28983498828939E-16));
#11211=DIRECTION('',(-1.22460635382239E-16,1.,-2.28983498828938E-16));
#11212=DIRECTION('',(1.,-5.24334427359425E-32,-2.28983498828939E-16));
#11213=DIRECTION('',(-1.,5.24334427359425E-32,2.28983498828939E-16));
#11214=DIRECTION('center_axis',(0.707106781186543,-7.53230390945713E-17,
-0.707106781186552));
#11215=DIRECTION('ref_axis',(-0.707106781186552,6.23130444540118E-16,-0.707106781186543));
#11216=DIRECTION('',(-0.216371161203961,-0.952033109297413,-0.216371161203958));
#11217=DIRECTION('center_axis',(-2.28983498828939E-16,-2.28983498828939E-16,
-1.));
#11218=DIRECTION('ref_axis',(0.,-1.,2.28983498828939E-16));
#11219=DIRECTION('center_axis',(1.,-5.24334427359425E-32,-2.28983498828939E-16));
#11220=DIRECTION('ref_axis',(-2.08005240798215E-46,1.,-2.28983498828939E-16));
#11221=DIRECTION('center_axis',(2.80414647586397E-32,1.,-1.06522863446701E-16));
#11222=DIRECTION('ref_axis',(-2.28983498828939E-16,-1.06522863446701E-16,
-1.));
#11223=DIRECTION('',(1.,-5.24334427359425E-32,-2.28983498828939E-16));
#11224=DIRECTION('',(-1.,5.24334427359425E-32,2.28983498828939E-16));
#11225=DIRECTION('',(-2.28983498828939E-16,-1.06522863446701E-16,-1.));
#11226=DIRECTION('center_axis',(-2.23289333142183E-16,0.221621103588969,
-0.97513285579146));
#11227=DIRECTION('ref_axis',(-5.07475757141327E-17,-0.97513285579146,-0.221621103588969));
#11228=DIRECTION('center_axis',(2.80414647586397E-32,1.,-1.06522863446701E-16));
#11229=DIRECTION('ref_axis',(-2.28983498828939E-16,-1.06522863446701E-16,
-1.));
#11230=DIRECTION('center_axis',(1.,-5.24334427359425E-32,-2.28983498828939E-16));
#11231=DIRECTION('ref_axis',(5.24334427359425E-32,1.,0.));
#11232=DIRECTION('',(-2.28983498828939E-16,-1.06522863446701E-16,-1.));
#11233=DIRECTION('',(5.20049491518193E-17,0.973868596229247,0.227112212966356));
#11234=DIRECTION('center_axis',(1.,-5.24334427359425E-32,-2.28983498828939E-16));
#11235=DIRECTION('ref_axis',(-2.08005240798215E-46,1.,-2.28983498828939E-16));
#11236=DIRECTION('',(2.28983498828939E-16,2.28983498828939E-16,1.));
#11237=DIRECTION('',(0.,-1.,2.28983498828939E-16));
#11238=DIRECTION('',(-1.61915784801753E-16,-0.707106781186598,-0.707106781186497));
#11239=DIRECTION('',(-2.28983498828939E-16,-2.28983498828939E-16,-1.));
#11240=DIRECTION('center_axis',(1.,-5.24334427359425E-32,-2.28983498828939E-16));
#11241=DIRECTION('ref_axis',(-2.08005240798215E-46,1.,-2.28983498828939E-16));
#11242=DIRECTION('',(-2.28983498828939E-16,-2.28983498828939E-16,-1.));
#11243=DIRECTION('',(-2.80414647586397E-32,-1.,1.06522863446701E-16));
#11244=DIRECTION('',(2.28983498828939E-16,1.06522863446701E-16,1.));
#11245=DIRECTION('center_axis',(-1.61915784801776E-16,0.707106781186497,
-0.707106781186598));
#11246=DIRECTION('ref_axis',(-1.61915784801753E-16,-0.707106781186598,-0.707106781186497));
#11247=DIRECTION('',(1.,-5.24334427359425E-32,-2.28983498828939E-16));
#11248=DIRECTION('',(1.,-5.24334427359425E-32,-2.28983498828939E-16));
#11249=DIRECTION('',(-1.61915784801753E-16,-0.707106781186598,-0.707106781186497));
#11250=DIRECTION('center_axis',(-1.61915784801776E-16,0.707106781186497,
-0.707106781186598));
#11251=DIRECTION('ref_axis',(-1.61915784801753E-16,-0.707106781186598,-0.707106781186497));
#11252=DIRECTION('',(1.,-5.24334427359425E-32,-2.28983498828939E-16));
#11253=DIRECTION('',(-1.61915784801753E-16,-0.707106781186598,-0.707106781186497));
#11254=DIRECTION('center_axis',(-0.707106781186548,-7.53230390945707E-17,
-0.707106781186547));
#11255=DIRECTION('ref_axis',(-0.707106781186547,7.53230390945708E-17,0.707106781186548));
#11256=DIRECTION('',(-2.80414647586397E-32,-1.,1.06522863446701E-16));
#11257=DIRECTION('',(0.707106781186547,-1.61915784801764E-16,-0.707106781186548));
#11258=DIRECTION('',(2.80414647586397E-32,1.,-1.06522863446701E-16));
#11259=DIRECTION('center_axis',(0.,1.,-2.28983498828939E-16));
#11260=DIRECTION('ref_axis',(-2.28983498828939E-16,-2.28983498828939E-16,
-1.));
#11261=DIRECTION('',(1.,-5.24334427359425E-32,-2.28983498828939E-16));
#11262=DIRECTION('',(-2.28983498828939E-16,-2.28983498828939E-16,-1.));
#11263=DIRECTION('center_axis',(0.,1.,-2.28983498828939E-16));
#11264=DIRECTION('ref_axis',(-2.28983498828939E-16,-2.28983498828939E-16,
-1.));
#11265=DIRECTION('center_axis',(1.,-5.24334427359425E-32,-2.28983498828939E-16));
#11266=DIRECTION('ref_axis',(5.24334427359425E-32,1.,0.));
#11267=DIRECTION('',(-2.28983498828939E-16,-1.06522863446701E-16,-1.));
#11268=DIRECTION('',(-2.80414647586397E-32,-1.,1.06522863446701E-16));
#11269=DIRECTION('center_axis',(1.,-5.24334427359425E-32,-2.28983498828939E-16));
#11270=DIRECTION('ref_axis',(-2.08005240798215E-46,1.,-2.28983498828939E-16));
#11271=DIRECTION('',(-2.28983498828939E-16,-2.28983498828939E-16,-1.));
#11272=DIRECTION('',(-1.61915784801753E-16,-0.707106781186598,-0.707106781186497));
#11273=DIRECTION('',(0.,1.,-2.28983498828939E-16));
#11274=DIRECTION('',(2.28983498828939E-16,2.28983498828939E-16,1.));
#11275=DIRECTION('center_axis',(1.,-5.24334427359425E-32,-2.28983498828939E-16));
#11276=DIRECTION('ref_axis',(-2.08005240798215E-46,1.,-2.28983498828939E-16));
#11277=DIRECTION('',(5.20049491518193E-17,0.973868596229247,0.227112212966356));
#11278=DIRECTION('',(-2.28983498828939E-16,-1.06522863446701E-16,-1.));
#11279=DIRECTION('center_axis',(2.80414647586397E-32,1.,-1.06522863446701E-16));
#11280=DIRECTION('ref_axis',(-2.28983498828939E-16,-1.06522863446701E-16,
-1.));
#11281=DIRECTION('',(-1.,5.24334427359425E-32,2.28983498828939E-16));
#11282=DIRECTION('',(-0.707106781186552,-1.06404633570505E-16,-0.707106781186543));
#11283=DIRECTION('',(1.,-5.24334427359425E-32,-2.28983498828939E-16));
#11284=DIRECTION('center_axis',(1.,-5.24334427359425E-32,-2.28983498828939E-16));
#11285=DIRECTION('ref_axis',(5.24334427359425E-32,1.,0.));
#11286=DIRECTION('',(5.20049491518193E-17,0.973868596229247,0.227112212966356));
#11287=DIRECTION('center_axis',(1.,-5.24334427359425E-32,-2.28983498828939E-16));
#11288=DIRECTION('ref_axis',(-2.08005240798215E-46,1.,-2.28983498828939E-16));
#11289=DIRECTION('',(-2.28983498828939E-16,-2.28983498828939E-16,-1.));
#11290=DIRECTION('',(-2.80414647586397E-32,-1.,1.06522863446701E-16));
#11291=DIRECTION('',(2.28983498828939E-16,1.06522863446701E-16,1.));
#11292=DIRECTION('center_axis',(-2.28983498828939E-16,-2.28983498828939E-16,
-1.));
#11293=DIRECTION('ref_axis',(0.,-1.,2.28983498828939E-16));
#11294=DIRECTION('',(-1.,5.24334427359425E-32,2.28983498828939E-16));
#11295=DIRECTION('',(-1.22460635382239E-16,1.,-2.28983498828938E-16));
#11296=DIRECTION('',(-1.,5.24334427359425E-32,2.28983498828939E-16));
#11297=DIRECTION('',(-1.22460635382239E-16,-1.,2.28983498828939E-16));
#11298=DIRECTION('center_axis',(0.707106781186543,-7.53230390945713E-17,
-0.707106781186552));
#11299=DIRECTION('ref_axis',(-0.707106781186552,6.23130444540118E-16,-0.707106781186543));
#11300=DIRECTION('',(-0.216371161203961,-0.952033109297413,-0.216371161203958));
#11301=DIRECTION('center_axis',(1.,-5.24334427359425E-32,-2.28983498828939E-16));
#11302=DIRECTION('ref_axis',(-2.08005240798215E-46,1.,-2.28983498828939E-16));
#11303=DIRECTION('',(1.,-5.24334427359425E-32,-2.28983498828939E-16));
#11304=DIRECTION('center_axis',(0.,1.,-2.28983498828939E-16));
#11305=DIRECTION('ref_axis',(-2.28983498828939E-16,-2.28983498828939E-16,
-1.));
#11306=DIRECTION('',(1.,-5.24334427359425E-32,-2.28983498828939E-16));
#11307=DIRECTION('',(-2.28983498828939E-16,-2.28983498828939E-16,-1.));
#11308=DIRECTION('',(1.,-5.24334427359425E-32,-2.28983498828939E-16));
#11309=DIRECTION('',(-2.28983498828939E-16,-2.28983498828939E-16,-1.));
#11310=DIRECTION('center_axis',(2.229998385642E-16,-0.227112212966356,0.973868596229247));
#11311=DIRECTION('ref_axis',(5.20049491518193E-17,0.973868596229247,0.227112212966356));
#11312=DIRECTION('',(1.,-5.24334427359425E-32,-2.28983498828939E-16));
#11313=DIRECTION('',(5.20049491518193E-17,0.973868596229247,0.227112212966356));
#11314=DIRECTION('',(-1.,5.24334427359425E-32,2.28983498828939E-16));
#11315=DIRECTION('center_axis',(-2.23289333142183E-16,0.221621103588969,
-0.97513285579146));
#11316=DIRECTION('ref_axis',(-5.07475757141327E-17,-0.97513285579146,-0.221621103588969));
#11317=DIRECTION('',(-0.216371161203961,0.952033109297413,0.216371161203958));
#11318=DIRECTION('center_axis',(0.,1.,-2.28983498828939E-16));
#11319=DIRECTION('ref_axis',(-2.28983498828939E-16,-2.28983498828939E-16,
-1.));
#11320=DIRECTION('',(1.,-5.24334427359425E-32,-2.28983498828939E-16));
#11321=DIRECTION('center_axis',(1.,-5.24334427359425E-32,-2.28983498828939E-16));
#11322=DIRECTION('ref_axis',(-2.08005240798215E-46,1.,-2.28983498828939E-16));
#11323=DIRECTION('center_axis',(1.,-5.24334427359425E-32,-2.28983498828939E-16));
#11324=DIRECTION('ref_axis',(-2.08005240798215E-46,1.,-2.28983498828939E-16));
#11325=DIRECTION('',(1.,-5.24334427359425E-32,-2.28983498828939E-16));
#11326=DIRECTION('center_axis',(0.,-1.,2.28983498828939E-16));
#11327=DIRECTION('ref_axis',(2.28983498828939E-16,2.28983498828939E-16,
1.));
#11328=DIRECTION('',(1.,-5.24334427359425E-32,-2.28983498828939E-16));
#11329=DIRECTION('',(2.28983498828939E-16,2.28983498828939E-16,1.));
#11330=DIRECTION('',(1.,-5.24334427359425E-32,-2.28983498828939E-16));
#11331=DIRECTION('center_axis',(2.80414647586397E-32,1.,-1.06522863446701E-16));
#11332=DIRECTION('ref_axis',(-2.28983498828939E-16,-1.06522863446701E-16,
-1.));
#11333=DIRECTION('',(1.,-5.24334427359425E-32,-2.28983498828939E-16));
#11334=DIRECTION('',(-2.28983498828939E-16,-1.06522863446701E-16,-1.));
#11335=DIRECTION('',(-1.,5.24334427359425E-32,2.28983498828939E-16));
#11336=DIRECTION('',(-2.28983498828939E-16,-1.06522863446701E-16,-1.));
#11337=DIRECTION('center_axis',(0.,1.,-2.28983498828939E-16));
#11338=DIRECTION('ref_axis',(-2.28983498828939E-16,-2.28983498828939E-16,
-1.));
#11339=DIRECTION('',(-2.28983498828939E-16,-2.28983498828939E-16,-1.));
#11340=DIRECTION('',(1.,-5.24334427359425E-32,-2.28983498828939E-16));
#11341=DIRECTION('center_axis',(2.229998385642E-16,-0.227112212966356,0.973868596229247));
#11342=DIRECTION('ref_axis',(5.20049491518193E-17,0.973868596229247,0.227112212966356));
#11343=DIRECTION('center_axis',(1.,-5.24334427359425E-32,-2.28983498828939E-16));
#11344=DIRECTION('ref_axis',(-2.08005240798215E-46,1.,-2.28983498828939E-16));
#11345=DIRECTION('center_axis',(1.,-5.24334427359425E-32,-2.28983498828939E-16));
#11346=DIRECTION('ref_axis',(-2.08005240798215E-46,1.,-2.28983498828939E-16));
#11347=DIRECTION('center_axis',(2.229998385642E-16,-0.227112212966356,0.973868596229247));
#11348=DIRECTION('ref_axis',(5.20049491518193E-17,0.973868596229247,0.227112212966356));
#11349=DIRECTION('',(1.,-5.24334427359425E-32,-2.28983498828939E-16));
#11350=DIRECTION('',(5.20049491518193E-17,0.973868596229247,0.227112212966356));
#11351=DIRECTION('',(5.20049491518193E-17,0.973868596229247,0.227112212966356));
#11352=DIRECTION('center_axis',(2.80414647586397E-32,1.,-1.06522863446701E-16));
#11353=DIRECTION('ref_axis',(-2.28983498828939E-16,-1.06522863446701E-16,
-1.));
#11354=DIRECTION('',(-1.,5.24334427359425E-32,2.28983498828939E-16));
#11355=DIRECTION('',(-0.707106781186552,-1.06404633570505E-16,-0.707106781186543));
#11356=DIRECTION('',(-0.707106781186552,1.06404633570505E-16,0.707106781186543));
#11357=DIRECTION('',(1.,-5.24334427359425E-32,-2.28983498828939E-16));
#11358=DIRECTION('center_axis',(1.,-5.24334427359425E-32,-2.28983498828939E-16));
#11359=DIRECTION('ref_axis',(5.24334427359425E-32,1.,0.));
#11360=DIRECTION('',(-2.28983498828939E-16,-1.06522863446701E-16,-1.));
#11361=DIRECTION('',(0.,-1.,2.28983498828939E-16));
#11362=DIRECTION('',(-1.61915784801753E-16,-0.707106781186598,-0.707106781186497));
#11363=DIRECTION('',(-2.80414647586397E-32,-1.,1.06522863446701E-16));
#11364=DIRECTION('',(2.28983498828939E-16,1.06522863446701E-16,1.));
#11365=DIRECTION('center_axis',(-2.28983498828939E-16,-2.28983498828939E-16,
-1.));
#11366=DIRECTION('ref_axis',(0.,-1.,2.28983498828939E-16));
#11367=DIRECTION('',(-1.,5.24334427359425E-32,2.28983498828939E-16));
#11368=DIRECTION('',(-1.22460635382239E-16,1.,-2.28983498828938E-16));
#11369=DIRECTION('',(1.,-5.24334427359425E-32,-2.28983498828939E-16));
#11370=DIRECTION('',(-1.,5.24334427359425E-32,2.28983498828939E-16));
#11371=DIRECTION('',(-1.22460635382239E-16,-1.,2.28983498828939E-16));
#11372=DIRECTION('center_axis',(0.707106781186543,-7.53230390945713E-17,
-0.707106781186552));
#11373=DIRECTION('ref_axis',(-0.707106781186552,6.23130444540118E-16,-0.707106781186543));
#11374=DIRECTION('',(-0.216371161203961,-0.952033109297413,-0.216371161203958));
#11375=DIRECTION('center_axis',(-2.28983498828939E-16,-2.28983498828939E-16,
-1.));
#11376=DIRECTION('ref_axis',(0.,-1.,2.28983498828939E-16));
#11377=DIRECTION('',(0.,1.,-2.28983498828939E-16));
#11378=DIRECTION('',(1.,-5.24334427359425E-32,-2.28983498828939E-16));
#11379=DIRECTION('',(0.,1.,-2.28983498828939E-16));
#11380=DIRECTION('',(1.,-5.24334427359425E-32,-2.28983498828939E-16));
#11381=DIRECTION('center_axis',(1.,-5.24334427359425E-32,-2.28983498828939E-16));
#11382=DIRECTION('ref_axis',(-2.08005240798215E-46,1.,-2.28983498828939E-16));
#11383=DIRECTION('',(1.,-5.24334427359425E-32,-2.28983498828939E-16));
#11384=DIRECTION('center_axis',(1.,-5.24334427359425E-32,-2.28983498828939E-16));
#11385=DIRECTION('ref_axis',(-2.08005240798215E-46,1.,-2.28983498828939E-16));
#11386=DIRECTION('center_axis',(1.,-5.24334427359425E-32,-2.28983498828939E-16));
#11387=DIRECTION('ref_axis',(-2.08005240798215E-46,1.,-2.28983498828939E-16));
#11388=DIRECTION('center_axis',(2.80414647586397E-32,1.,-1.06522863446701E-16));
#11389=DIRECTION('ref_axis',(-2.28983498828939E-16,-1.06522863446701E-16,
-1.));
#11390=DIRECTION('center_axis',(-2.23289333142183E-16,0.221621103588969,
-0.97513285579146));
#11391=DIRECTION('ref_axis',(-5.07475757141327E-17,-0.97513285579146,-0.221621103588969));
#11392=DIRECTION('',(-0.216371161203961,0.952033109297413,0.216371161203958));
#11393=DIRECTION('center_axis',(-0.707106781186543,-7.53230390945712E-17,
-0.707106781186552));
#11394=DIRECTION('ref_axis',(0.707106781186552,6.23130444540118E-16,-0.707106781186543));
#11395=DIRECTION('center_axis',(2.80414647586397E-32,1.,-1.06522863446701E-16));
#11396=DIRECTION('ref_axis',(2.28983498828939E-16,1.06522863446701E-16,
1.));
#11397=DIRECTION('',(-2.28983498828939E-16,-1.06522863446701E-16,-1.));
#11398=DIRECTION('center_axis',(1.,-5.24334427359425E-32,-2.28983498828939E-16));
#11399=DIRECTION('ref_axis',(5.24334427359425E-32,1.,0.));
#11400=DIRECTION('',(-2.28983498828939E-16,-1.06522863446701E-16,-1.));
#11401=DIRECTION('',(-2.80414647586397E-32,-1.,1.06522863446701E-16));
#11402=DIRECTION('',(2.28983498828939E-16,2.28983498828939E-16,1.));
#11403=DIRECTION('center_axis',(1.,-5.24334427359425E-32,-2.28983498828939E-16));
#11404=DIRECTION('ref_axis',(-2.08005240798215E-46,1.,-2.28983498828939E-16));
#11405=DIRECTION('',(-1.61915784801753E-16,-0.707106781186598,-0.707106781186497));
#11406=DIRECTION('',(0.,1.,-2.28983498828939E-16));
#11407=DIRECTION('',(2.28983498828939E-16,2.28983498828939E-16,1.));
#11408=DIRECTION('center_axis',(0.,1.,-2.28983498828939E-16));
#11409=DIRECTION('ref_axis',(-2.28983498828939E-16,-2.28983498828939E-16,
-1.));
#11410=DIRECTION('',(1.,-5.24334427359425E-32,-2.28983498828939E-16));
#11411=DIRECTION('',(-2.28983498828939E-16,-2.28983498828939E-16,-1.));
#11412=DIRECTION('',(1.,-5.24334427359425E-32,-2.28983498828939E-16));
#11413=DIRECTION('center_axis',(1.,-5.24334427359425E-32,-2.28983498828939E-16));
#11414=DIRECTION('ref_axis',(-2.08005240798215E-46,1.,-2.28983498828939E-16));
#11415=DIRECTION('center_axis',(1.,-5.24334427359425E-32,-2.28983498828939E-16));
#11416=DIRECTION('ref_axis',(-2.08005240798215E-46,1.,-2.28983498828939E-16));
#11417=DIRECTION('',(1.,-5.24334427359425E-32,-2.28983498828939E-16));
#11418=DIRECTION('center_axis',(1.,-5.24334427359425E-32,-2.28983498828939E-16));
#11419=DIRECTION('ref_axis',(-2.08005240798215E-46,1.,-2.28983498828939E-16));
#11420=DIRECTION('center_axis',(-1.61915784801776E-16,0.707106781186497,
-0.707106781186598));
#11421=DIRECTION('ref_axis',(-1.61915784801753E-16,-0.707106781186598,-0.707106781186497));
#11422=DIRECTION('',(1.,-5.24334427359425E-32,-2.28983498828939E-16));
#11423=DIRECTION('center_axis',(-2.28983498828939E-16,-2.28983498828939E-16,
-1.));
#11424=DIRECTION('ref_axis',(0.,-1.,2.28983498828939E-16));
#11425=DIRECTION('center_axis',(0.,1.,-2.28983498828939E-16));
#11426=DIRECTION('ref_axis',(-2.28983498828939E-16,-2.28983498828939E-16,
-1.));
#11427=DIRECTION('',(1.,-5.24334427359425E-32,-2.28983498828939E-16));
#11428=DIRECTION('',(-2.28983498828939E-16,-2.28983498828939E-16,-1.));
#11429=DIRECTION('',(1.,-5.24334427359425E-32,-2.28983498828939E-16));
#11430=DIRECTION('',(-2.28983498828939E-16,-2.28983498828939E-16,-1.));
#11431=DIRECTION('center_axis',(2.80414647586397E-32,1.,-1.06522863446701E-16));
#11432=DIRECTION('ref_axis',(-2.28983498828939E-16,-1.06522863446701E-16,
-1.));
#11433=DIRECTION('',(-1.,5.24334427359425E-32,2.28983498828939E-16));
#11434=DIRECTION('',(-0.707106781186552,-1.06404633570505E-16,-0.707106781186543));
#11435=DIRECTION('',(-0.707106781186552,1.06404633570505E-16,0.707106781186543));
#11436=DIRECTION('',(1.,-5.24334427359425E-32,-2.28983498828939E-16));
#11437=DIRECTION('center_axis',(1.,-5.24334427359425E-32,-2.28983498828939E-16));
#11438=DIRECTION('ref_axis',(5.24334427359425E-32,1.,0.));
#11439=DIRECTION('',(2.28983498828939E-16,2.28983498828939E-16,1.));
#11440=DIRECTION('',(0.,-1.,2.28983498828939E-16));
#11441=DIRECTION('',(-1.61915784801753E-16,-0.707106781186598,-0.707106781186497));
#11442=DIRECTION('center_axis',(1.,-5.24334427359425E-32,-2.28983498828939E-16));
#11443=DIRECTION('ref_axis',(-2.08005240798215E-46,1.,-2.28983498828939E-16));
#11444=DIRECTION('',(-2.80414647586397E-32,-1.,1.06522863446701E-16));
#11445=DIRECTION('',(2.28983498828939E-16,1.06522863446701E-16,1.));
#11446=DIRECTION('center_axis',(-2.28983498828939E-16,-2.28983498828939E-16,
-1.));
#11447=DIRECTION('ref_axis',(0.,-1.,2.28983498828939E-16));
#11448=DIRECTION('',(-1.,5.24334427359425E-32,2.28983498828939E-16));
#11449=DIRECTION('',(-1.22460635382239E-16,1.,-2.28983498828938E-16));
#11450=DIRECTION('',(-1.,5.24334427359425E-32,2.28983498828939E-16));
#11451=DIRECTION('',(-1.22460635382239E-16,-1.,2.28983498828939E-16));
#11452=DIRECTION('center_axis',(0.707106781186543,-7.53230390945713E-17,
-0.707106781186552));
#11453=DIRECTION('ref_axis',(-0.707106781186552,6.23130444540118E-16,-0.707106781186543));
#11454=DIRECTION('',(-0.216371161203961,-0.952033109297413,-0.216371161203958));
#11455=DIRECTION('center_axis',(0.,-1.,2.28983498828939E-16));
#11456=DIRECTION('ref_axis',(2.28983498828939E-16,2.28983498828939E-16,
1.));
#11457=DIRECTION('',(1.,-5.24334427359425E-32,-2.28983498828939E-16));
#11458=DIRECTION('center_axis',(-0.707106781186543,-7.53230390945712E-17,
-0.707106781186552));
#11459=DIRECTION('ref_axis',(0.707106781186552,6.23130444540118E-16,-0.707106781186543));
#11460=DIRECTION('center_axis',(-1.61915784801776E-16,0.707106781186497,
-0.707106781186598));
#11461=DIRECTION('ref_axis',(-1.61915784801753E-16,-0.707106781186598,-0.707106781186497));
#11462=DIRECTION('',(1.,-5.24334427359425E-32,-2.28983498828939E-16));
#11463=DIRECTION('center_axis',(-2.23289333142183E-16,0.221621103588969,
-0.97513285579146));
#11464=DIRECTION('ref_axis',(-5.07475757141327E-17,-0.97513285579146,-0.221621103588969));
#11465=DIRECTION('',(-0.216371161203961,0.952033109297413,0.216371161203958));
#11466=DIRECTION('center_axis',(1.,-5.24334427359425E-32,-2.28983498828939E-16));
#11467=DIRECTION('ref_axis',(-2.08005240798215E-46,1.,-2.28983498828939E-16));
#11468=DIRECTION('center_axis',(-2.28983498828939E-16,-2.28983498828939E-16,
-1.));
#11469=DIRECTION('ref_axis',(0.,1.,-2.28983498828939E-16));
#11470=DIRECTION('',(-1.,5.24334427359425E-32,2.28983498828939E-16));
#11471=DIRECTION('center_axis',(6.75318141499484E-18,-1.,1.06522863446701E-16));
#11472=DIRECTION('ref_axis',(-1.,-6.75318141499481E-18,2.28983498828939E-16));
#11473=DIRECTION('',(2.28983498828939E-16,2.28983498828939E-16,1.));
#11474=DIRECTION('',(-1.,5.24334427359425E-32,2.28983498828939E-16));
#11475=DIRECTION('center_axis',(1.,-5.24334427359425E-32,-2.28983498828939E-16));
#11476=DIRECTION('ref_axis',(5.24334427359425E-32,1.,0.));
#11477=DIRECTION('',(-2.28983498828939E-16,-1.06522863446701E-16,-1.));
#11478=DIRECTION('',(-2.80414647586397E-32,-1.,1.06522863446701E-16));
#11479=DIRECTION('',(2.28983498828939E-16,2.28983498828939E-16,1.));
#11480=DIRECTION('center_axis',(1.,-5.24334427359425E-32,-2.28983498828939E-16));
#11481=DIRECTION('ref_axis',(-2.08005240798215E-46,1.,-2.28983498828939E-16));
#11482=DIRECTION('',(-2.28983498828939E-16,-2.28983498828939E-16,-1.));
#11483=DIRECTION('',(0.,1.,-2.28983498828939E-16));
#11484=DIRECTION('',(2.28983498828939E-16,2.28983498828939E-16,1.));
#11485=DIRECTION('center_axis',(1.,-5.24334427359425E-32,-2.28983498828939E-16));
#11486=DIRECTION('ref_axis',(-2.08005240798215E-46,1.,-2.28983498828939E-16));
#11487=DIRECTION('',(5.20049491518193E-17,0.973868596229247,0.227112212966356));
#11488=DIRECTION('',(-2.28983498828939E-16,-1.06522863446701E-16,-1.));
#11489=DIRECTION('center_axis',(1.,-5.24334427359425E-32,-2.28983498828939E-16));
#11490=DIRECTION('ref_axis',(-2.08005240798215E-46,1.,-2.28983498828939E-16));
#11491=DIRECTION('center_axis',(1.,-5.24334427359425E-32,-2.28983498828939E-16));
#11492=DIRECTION('ref_axis',(-2.08005240798215E-46,1.,-2.28983498828939E-16));
#11493=DIRECTION('',(1.,-5.24334427359425E-32,-2.28983498828939E-16));
#11494=DIRECTION('center_axis',(1.,-5.24334427359425E-32,-2.28983498828939E-16));
#11495=DIRECTION('ref_axis',(-2.08005240798215E-46,1.,-2.28983498828939E-16));
#11496=DIRECTION('center_axis',(-2.28983498828939E-16,-2.28983498828939E-16,
-1.));
#11497=DIRECTION('ref_axis',(0.,-1.,2.28983498828939E-16));
#11498=DIRECTION('center_axis',(0.,1.,-2.28983498828939E-16));
#11499=DIRECTION('ref_axis',(-2.28983498828939E-16,-2.28983498828939E-16,
-1.));
#11500=DIRECTION('',(1.,-5.24334427359425E-32,-2.28983498828939E-16));
#11501=DIRECTION('',(1.,-5.24334427359425E-32,-2.28983498828939E-16));
#11502=DIRECTION('center_axis',(0.,1.,-2.28983498828939E-16));
#11503=DIRECTION('ref_axis',(-2.28983498828939E-16,-2.28983498828939E-16,
-1.));
#11504=DIRECTION('',(1.,-5.24334427359425E-32,-2.28983498828939E-16));
#11505=DIRECTION('center_axis',(2.80414647586397E-32,1.,-1.06522863446701E-16));
#11506=DIRECTION('ref_axis',(-2.28983498828939E-16,-1.06522863446701E-16,
-1.));
#11507=DIRECTION('',(-1.,5.24334427359425E-32,2.28983498828939E-16));
#11508=DIRECTION('',(-0.707106781186552,-1.06404633570505E-16,-0.707106781186543));
#11509=DIRECTION('',(-0.707106781186552,1.06404633570505E-16,0.707106781186543));
#11510=DIRECTION('',(1.,-5.24334427359425E-32,-2.28983498828939E-16));
#11511=DIRECTION('center_axis',(0.707106781186543,-7.53230390945713E-17,
-0.707106781186552));
#11512=DIRECTION('ref_axis',(-0.707106781186552,6.23130444540118E-16,-0.707106781186543));
#11513=DIRECTION('',(-1.22460635382239E-16,1.,-2.28983498828938E-16));
#11514=DIRECTION('',(-0.216371161203961,-0.952033109297413,-0.216371161203958));
#11515=DIRECTION('center_axis',(-2.28983498828939E-16,-2.28983498828939E-16,
-1.));
#11516=DIRECTION('ref_axis',(0.,-1.,2.28983498828939E-16));
#11517=DIRECTION('',(-1.,5.24334427359425E-32,2.28983498828939E-16));
#11518=DIRECTION('',(1.,-5.24334427359425E-32,-2.28983498828939E-16));
#11519=DIRECTION('',(-1.,5.24334427359425E-32,2.28983498828939E-16));
#11520=DIRECTION('',(-1.22460635382239E-16,-1.,2.28983498828939E-16));
#11521=DIRECTION('center_axis',(-2.23289333142183E-16,0.221621103588969,
-0.97513285579146));
#11522=DIRECTION('ref_axis',(-5.07475757141327E-17,-0.97513285579146,-0.221621103588969));
#11523=DIRECTION('',(-0.216371161203961,0.952033109297413,0.216371161203958));
#11524=DIRECTION('center_axis',(-0.707106781186543,-7.53230390945712E-17,
-0.707106781186552));
#11525=DIRECTION('ref_axis',(0.707106781186552,6.23130444540118E-16,-0.707106781186543));
#11526=DIRECTION('',(-0.707106781186552,1.06404633570505E-16,0.707106781186543));
#11527=DIRECTION('center_axis',(2.229998385642E-16,-0.227112212966356,0.973868596229247));
#11528=DIRECTION('ref_axis',(5.20049491518193E-17,0.973868596229247,0.227112212966356));
#11529=DIRECTION('',(1.,-5.24334427359425E-32,-2.28983498828939E-16));
#11530=DIRECTION('',(-1.,5.24334427359425E-32,2.28983498828939E-16));
#11531=DIRECTION('center_axis',(0.,-1.,2.28983498828939E-16));
#11532=DIRECTION('ref_axis',(2.28983498828939E-16,2.28983498828939E-16,
1.));
#11533=DIRECTION('',(2.28983498828939E-16,2.28983498828939E-16,1.));
#11534=DIRECTION('',(2.28983498828939E-16,2.28983498828939E-16,1.));
#11535=DIRECTION('center_axis',(-2.28983498828939E-16,-2.28983498828939E-16,
-1.));
#11536=DIRECTION('ref_axis',(0.,-1.,2.28983498828939E-16));
#11537=DIRECTION('',(1.,-5.24334427359425E-32,-2.28983498828939E-16));
#11538=DIRECTION('center_axis',(-0.707106781186543,-7.53230390945712E-17,
-0.707106781186552));
#11539=DIRECTION('ref_axis',(0.707106781186552,6.23130444540118E-16,-0.707106781186543));
#11540=DIRECTION('center_axis',(-2.28983498828939E-16,-2.28983498828939E-16,
-1.));
#11541=DIRECTION('ref_axis',(0.,-1.,2.28983498828939E-16));
#11542=DIRECTION('',(-1.,5.24334427359425E-32,2.28983498828939E-16));
#11543=DIRECTION('',(-1.22460635382239E-16,1.,-2.28983498828938E-16));
#11544=DIRECTION('',(1.,-5.24334427359425E-32,-2.28983498828939E-16));
#11545=DIRECTION('',(1.,-5.24334427359425E-32,-2.28983498828939E-16));
#11546=DIRECTION('',(1.,-5.24334427359425E-32,-2.28983498828939E-16));
#11547=DIRECTION('',(1.22460635382239E-16,1.,-2.28983498828939E-16));
#11548=DIRECTION('center_axis',(1.,-5.24334427359425E-32,-2.28983498828939E-16));
#11549=DIRECTION('ref_axis',(5.24334427359425E-32,1.,0.));
#11550=DIRECTION('',(-2.28983498828939E-16,-1.06522863446701E-16,-1.));
#11551=DIRECTION('',(-2.80414647586397E-32,-1.,1.06522863446701E-16));
#11552=DIRECTION('',(2.28983498828939E-16,2.28983498828939E-16,1.));
#11553=DIRECTION('',(-1.61915784801753E-16,-0.707106781186598,-0.707106781186497));
#11554=DIRECTION('',(-2.28983498828939E-16,-1.06522863446701E-16,-1.));
#11555=DIRECTION('center_axis',(2.80414647586397E-32,1.,-1.06522863446701E-16));
#11556=DIRECTION('ref_axis',(-2.28983498828939E-16,-1.06522863446701E-16,
-1.));
#11557=DIRECTION('',(-2.28983498828939E-16,-1.06522863446701E-16,-1.));
#11558=DIRECTION('center_axis',(1.,-5.24334427359425E-32,-2.28983498828939E-16));
#11559=DIRECTION('ref_axis',(5.24334427359425E-32,1.,0.));
#11560=DIRECTION('',(-1.61915784801753E-16,-0.707106781186598,-0.707106781186497));
#11561=DIRECTION('',(2.28983498828939E-16,2.28983498828939E-16,1.));
#11562=DIRECTION('',(-2.80414647586397E-32,-1.,1.06522863446701E-16));
#11563=DIRECTION('',(-2.28983498828939E-16,-1.06522863446701E-16,-1.));
#11564=DIRECTION('center_axis',(2.80414647586397E-32,1.,-1.06522863446701E-16));
#11565=DIRECTION('ref_axis',(-2.28983498828939E-16,-1.06522863446701E-16,
-1.));
#11566=DIRECTION('',(-1.,5.24334427359425E-32,2.28983498828939E-16));
#11567=DIRECTION('',(-1.,5.24334427359425E-32,2.28983498828939E-16));
#11568=DIRECTION('',(-2.28983498828939E-16,-1.06522863446701E-16,-1.));
#11569=DIRECTION('',(-2.28983498828939E-16,-1.06522863446701E-16,-1.));
#11570=DIRECTION('',(1.,-5.24334427359425E-32,-2.28983498828939E-16));
#11571=DIRECTION('',(-2.28983498828939E-16,-1.06522863446701E-16,-1.));
#11572=DIRECTION('',(0.707106781186552,-1.06404633570505E-16,-0.707106781186543));
#11573=DIRECTION('center_axis',(0.707106781186551,-0.707106781186544,-1.42981039071308E-30));
#11574=DIRECTION('ref_axis',(0.707106781186544,0.707106781186551,-3.23831569603529E-16));
#11575=DIRECTION('',(0.577350269189624,0.577350269189629,0.577350269189624));
#11576=DIRECTION('',(0.707106781186544,0.707106781186551,-2.12809267141013E-16));
#11577=DIRECTION('',(2.28983498828939E-16,2.28983498828939E-16,1.));
#11578=DIRECTION('center_axis',(0.707106781186547,-7.53230390945708E-17,
-0.707106781186548));
#11579=DIRECTION('ref_axis',(-0.707106781186548,-7.53230390945707E-17,-0.707106781186547));
#11580=DIRECTION('',(2.80414647586397E-32,1.,-1.06522863446701E-16));
#11581=DIRECTION('',(-0.707106781186548,-7.53230390945707E-17,-0.707106781186547));
#11582=DIRECTION('',(-2.80414647586397E-32,-1.,1.06522863446701E-16));
#11583=DIRECTION('center_axis',(1.,-5.24334427359425E-32,-2.28983498828939E-16));
#11584=DIRECTION('ref_axis',(-2.28983498828939E-16,-1.06522863446701E-16,
-1.));
#11585=DIRECTION('',(2.80414647586397E-32,1.,-1.06522863446701E-16));
#11586=DIRECTION('',(2.28983498828939E-16,1.06522863446701E-16,1.));
#11587=DIRECTION('center_axis',(2.28983498828939E-16,1.06522863446701E-16,
1.));
#11588=DIRECTION('ref_axis',(-2.80414647586397E-32,-1.,1.06522863446701E-16));
#11589=DIRECTION('',(1.,-5.24334427359425E-32,-2.28983498828939E-16));
#11590=DIRECTION('',(2.80414647586397E-32,1.,-1.06522863446701E-16));
#11591=DIRECTION('center_axis',(2.80414647586397E-32,1.,-1.06522863446701E-16));
#11592=DIRECTION('ref_axis',(-2.28983498828939E-16,-1.06522863446701E-16,
-1.));
#11593=DIRECTION('',(2.28983498828939E-16,1.06522863446701E-16,1.));
#11594=DIRECTION('',(-1.,5.24334427359425E-32,2.28983498828939E-16));
#11595=DIRECTION('',(1.,-5.24334427359425E-32,-2.28983498828939E-16));
#11596=DIRECTION('center_axis',(1.83186799063151E-16,0.6,0.8));
#11597=DIRECTION('ref_axis',(1.37390099297363E-16,-0.8,0.6));
#11598=DIRECTION('',(1.37390099297363E-16,-0.8,0.6));
#11599=DIRECTION('',(-1.,5.24334427359425E-32,2.28983498828939E-16));
#11600=DIRECTION('',(1.37390099297363E-16,-0.8,0.6));
#11601=DIRECTION('center_axis',(-2.28983498828939E-16,-1.06522863446701E-16,
-1.));
#11602=DIRECTION('ref_axis',(-1.,5.24334427359425E-32,2.28983498828939E-16));
#11603=DIRECTION('',(2.80414647586397E-32,1.,-1.06522863446701E-16));
#11604=DIRECTION('center_axis',(1.,-5.24334427359425E-32,-2.28983498828939E-16));
#11605=DIRECTION('ref_axis',(2.80414647586396E-32,1.,-1.06522863446701E-16));
#11606=DIRECTION('',(-2.28983498828939E-16,-1.06522863446701E-16,-1.));
#11607=DIRECTION('center_axis',(2.80414647586397E-32,1.,-1.06522863446701E-16));
#11608=DIRECTION('ref_axis',(2.28983498828939E-16,1.06522863446701E-16,
1.));
#11609=DIRECTION('',(-2.28983498828939E-16,-1.06522863446701E-16,-1.));
#11610=DIRECTION('',(-1.,5.24334427359425E-32,2.28983498828939E-16));
#11611=DIRECTION('',(-2.28983498828939E-16,-1.06522863446701E-16,-1.));
#11612=DIRECTION('',(1.,-5.24334427359425E-32,-2.28983498828939E-16));
#11613=DIRECTION('',(-2.28983498828939E-16,-1.06522863446701E-16,-1.));
#11614=DIRECTION('center_axis',(-1.,5.24334427359425E-32,2.28983498828939E-16));
#11615=DIRECTION('ref_axis',(-5.24334427359425E-32,-1.,0.));
#11616=DIRECTION('',(-1.,5.24334427359425E-32,2.28983498828939E-16));
#11617=DIRECTION('center_axis',(-1.,5.24334427359425E-32,2.28983498828939E-16));
#11618=DIRECTION('ref_axis',(-5.24334427359425E-32,-1.,0.));
#11619=DIRECTION('',(-1.,5.24334427359425E-32,2.28983498828939E-16));
#11620=DIRECTION('center_axis',(-1.,5.24334427359425E-32,2.28983498828939E-16));
#11621=DIRECTION('ref_axis',(-5.24334427359425E-32,-1.,0.));
#11622=DIRECTION('center_axis',(2.28757676783049E-16,-0.0444006136207234,
0.999013806466209));
#11623=DIRECTION('ref_axis',(1.01670078570251E-17,0.999013806466209,0.0444006136207234));
#11624=DIRECTION('',(-1.,5.24334427359425E-32,2.28983498828939E-16));
#11625=DIRECTION('',(1.01670078570251E-17,0.999013806466209,0.0444006136207234));
#11626=DIRECTION('',(1.01670078570251E-17,0.999013806466209,0.0444006136207234));
#11627=DIRECTION('center_axis',(1.61915784801759E-16,0.707106781186573,
0.707106781186522));
#11628=DIRECTION('ref_axis',(-1.6191578480177E-16,0.707106781186522,-0.707106781186573));
#11629=DIRECTION('',(-1.,5.24334427359425E-32,2.28983498828939E-16));
#11630=DIRECTION('',(-1.6191578480177E-16,0.707106781186522,-0.707106781186573));
#11631=DIRECTION('',(-1.6191578480177E-16,0.707106781186522,-0.707106781186573));
#11632=DIRECTION('center_axis',(5.24334427359425E-32,1.,-1.20063931733229E-47));
#11633=DIRECTION('ref_axis',(-2.28983498828939E-16,2.91703841149741E-62,
-1.));
#11634=DIRECTION('',(-1.,5.24334427359425E-32,2.28983498828939E-16));
#11635=DIRECTION('',(2.28983498828939E-16,0.,1.));
#11636=DIRECTION('',(2.28983498828939E-16,0.,1.));
#11637=DIRECTION('center_axis',(-1.,5.24334427359425E-32,2.28983498828939E-16));
#11638=DIRECTION('ref_axis',(-5.24334427359425E-32,-1.,0.));
#11639=DIRECTION('',(-1.,5.24334427359425E-32,2.28983498828939E-16));
#11640=DIRECTION('center_axis',(-1.,5.24334427359425E-32,2.28983498828939E-16));
#11641=DIRECTION('ref_axis',(-5.24334427359425E-32,-1.,0.));
#11642=DIRECTION('center_axis',(-1.,5.24334427359425E-32,2.28983498828939E-16));
#11643=DIRECTION('ref_axis',(-5.24334427359425E-32,-1.,0.));
#11644=DIRECTION('center_axis',(2.28983498828939E-16,-1.20063931733229E-47,
1.));
#11645=DIRECTION('ref_axis',(5.24334427359425E-32,1.,-2.91703841149741E-62));
#11646=DIRECTION('',(-1.,5.24334427359425E-32,2.28983498828939E-16));
#11647=DIRECTION('',(-5.24334427359425E-32,-1.,0.));
#11648=DIRECTION('',(-5.24334427359425E-32,-1.,0.));
#11649=DIRECTION('center_axis',(5.24334427359425E-32,1.,-1.20063931733229E-47));
#11650=DIRECTION('ref_axis',(-2.28983498828939E-16,2.91703841149741E-62,
-1.));
#11651=DIRECTION('',(-1.,5.24334427359425E-32,2.28983498828939E-16));
#11652=DIRECTION('',(-2.28983498828939E-16,0.,-1.));
#11653=DIRECTION('',(-2.28983498828939E-16,0.,-1.));
#11654=DIRECTION('center_axis',(-2.28983498828939E-16,1.20063931733229E-47,
-1.));
#11655=DIRECTION('ref_axis',(-5.24334427359425E-32,-1.,2.91703841149741E-62));
#11656=DIRECTION('',(-1.,5.24334427359425E-32,2.28983498828939E-16));
#11657=DIRECTION('',(-5.24334427359425E-32,-1.,0.));
#11658=DIRECTION('',(-5.24334427359425E-32,-1.,0.));
#11659=DIRECTION('center_axis',(-1.,5.24334427359425E-32,2.28983498828939E-16));
#11660=DIRECTION('ref_axis',(-5.24334427359425E-32,-1.,0.));
#11661=DIRECTION('',(-1.,5.24334427359425E-32,2.28983498828939E-16));
#11662=DIRECTION('center_axis',(-1.,5.24334427359425E-32,2.28983498828939E-16));
#11663=DIRECTION('ref_axis',(-5.24334427359425E-32,-1.,0.));
#11664=DIRECTION('center_axis',(-1.,5.24334427359425E-32,2.28983498828939E-16));
#11665=DIRECTION('ref_axis',(-5.24334427359425E-32,-1.,0.));
#11666=DIRECTION('center_axis',(5.24334427359425E-32,1.,-1.20063931733229E-47));
#11667=DIRECTION('ref_axis',(-2.28983498828939E-16,2.91703841149741E-62,
-1.));
#11668=DIRECTION('',(-1.,5.24334427359425E-32,2.28983498828939E-16));
#11669=DIRECTION('',(2.28983498828939E-16,0.,1.));
#11670=DIRECTION('',(2.28983498828939E-16,0.,1.));
#11671=DIRECTION('center_axis',(-1.,5.24334427359425E-32,2.28983498828939E-16));
#11672=DIRECTION('ref_axis',(-5.24334427359425E-32,-1.,0.));
#11673=DIRECTION('',(-1.,5.24334427359425E-32,2.28983498828939E-16));
#11674=DIRECTION('center_axis',(-1.,5.24334427359425E-32,2.28983498828939E-16));
#11675=DIRECTION('ref_axis',(-5.24334427359425E-32,-1.,0.));
#11676=DIRECTION('center_axis',(-1.,5.24334427359425E-32,2.28983498828939E-16));
#11677=DIRECTION('ref_axis',(-5.24334427359425E-32,-1.,0.));
#11678=DIRECTION('center_axis',(2.28983498828939E-16,-1.20063931733229E-47,
1.));
#11679=DIRECTION('ref_axis',(5.24334427359425E-32,1.,-2.91703841149741E-62));
#11680=DIRECTION('',(-1.,5.24334427359425E-32,2.28983498828939E-16));
#11681=DIRECTION('',(5.24334427359425E-32,1.,0.));
#11682=DIRECTION('',(5.24334427359425E-32,1.,0.));
#11683=DIRECTION('center_axis',(5.24334427359425E-32,1.,-1.20063931733229E-47));
#11684=DIRECTION('ref_axis',(-2.28983498828939E-16,2.91703841149741E-62,
-1.));
#11685=DIRECTION('',(-1.,5.24334427359425E-32,2.28983498828939E-16));
#11686=DIRECTION('',(2.28983498828939E-16,0.,1.));
#11687=DIRECTION('',(2.28983498828939E-16,0.,1.));
#11688=DIRECTION('center_axis',(-5.24334427359425E-32,-1.,1.20063931733229E-47));
#11689=DIRECTION('ref_axis',(2.28983498828939E-16,-2.91703841149741E-62,
1.));
#11690=DIRECTION('',(-2.28983498828939E-16,-2.28983498828939E-16,-1.));
#11691=DIRECTION('',(-1.,5.24334427359425E-32,2.28983498828939E-16));
#11692=DIRECTION('',(-2.28983498828939E-16,-2.28983498828939E-16,-1.));
#11693=DIRECTION('center_axis',(2.28983498828939E-16,2.28983498828939E-16,
1.));
#11694=DIRECTION('ref_axis',(0.,-1.,2.28983498828939E-16));
#11695=DIRECTION('',(0.,1.,-2.28983498828939E-16));
#11696=DIRECTION('',(0.,1.,-2.28983498828939E-16));
#11697=DIRECTION('center_axis',(1.,-5.24334427359425E-32,-2.28983498828939E-16));
#11698=DIRECTION('ref_axis',(-2.08005240798215E-46,1.,-2.28983498828939E-16));
#11699=DIRECTION('center_axis',(-1.,5.24334427359425E-32,2.28983498828939E-16));
#11700=DIRECTION('ref_axis',(-2.08005240798215E-46,1.,-2.28983498828939E-16));
#11701=DIRECTION('',(0.,-1.,2.28983498828939E-16));
#11702=DIRECTION('center_axis',(1.,-5.24334427359425E-32,-2.28983498828939E-16));
#11703=DIRECTION('ref_axis',(5.24334427359425E-32,1.,0.));
#11704=DIRECTION('',(0.,-1.,2.28983498828939E-16));
#11705=DIRECTION('center_axis',(-1.,5.24334427359425E-32,2.28983498828939E-16));
#11706=DIRECTION('ref_axis',(-2.08005240798215E-46,1.,-2.28983498828939E-16));
#11707=DIRECTION('center_axis',(-2.28983498828939E-16,-2.28983498828939E-16,
-1.));
#11708=DIRECTION('ref_axis',(0.,1.,-2.28983498828939E-16));
#11709=DIRECTION('',(-1.,5.24334427359425E-32,2.28983498828939E-16));
#11710=DIRECTION('center_axis',(-1.,5.24334427359425E-32,2.28983498828939E-16));
#11711=DIRECTION('ref_axis',(-2.08005240798215E-46,1.,-2.28983498828939E-16));
#11712=DIRECTION('center_axis',(1.,-5.24334427359425E-32,-2.28983498828939E-16));
#11713=DIRECTION('ref_axis',(2.80414647586396E-32,1.,-1.06522863446701E-16));
#11714=DIRECTION('center_axis',(-1.61915784801776E-16,0.707106781186497,
-0.707106781186598));
#11715=DIRECTION('ref_axis',(-1.61915784801753E-16,-0.707106781186598,-0.707106781186497));
#11716=DIRECTION('center_axis',(-1.,5.24334427359425E-32,2.28983498828939E-16));
#11717=DIRECTION('ref_axis',(-2.08005240798215E-46,1.,-2.28983498828939E-16));
#11718=DIRECTION('',(1.3629728714166E-16,0.803557193344746,0.595227550625737));
#11719=DIRECTION('',(-2.28983498828939E-16,-2.28983498828939E-16,-1.));
#11720=DIRECTION('',(1.83186799063151E-16,-0.6,0.8));
#11721=DIRECTION('',(1.71256640256046E-17,-0.997199309888456,0.0747899482416343));
#11722=DIRECTION('',(-2.80414647586397E-32,-1.,1.06522863446701E-16));
#11723=DIRECTION('',(-1.37143462837653E-17,-0.998204845465779,-0.0598922907279467));
#11724=DIRECTION('',(5.24334427359425E-32,1.,0.));
#11725=DIRECTION('center_axis',(-0.707106781186549,-0.707106781186546,3.23831569603529E-16));
#11726=DIRECTION('ref_axis',(0.707106781186546,-0.707106781186549,7.14905195356542E-31));
#11727=DIRECTION('',(0.626384365641346,-0.626384365641349,-0.463988418993591));
#11728=DIRECTION('',(3.51444134211176E-16,1.06522863446701E-16,1.));
#11729=DIRECTION('center_axis',(-1.84001337641242E-16,0.595227550625737,
-0.803557193344746));
#11730=DIRECTION('ref_axis',(1.3629728714166E-16,0.803557193344746,0.595227550625737));
#11731=DIRECTION('',(-1.,5.24334427359425E-32,2.28983498828939E-16));
#11732=DIRECTION('center_axis',(-2.28983498828939E-16,-2.28983498828939E-16,
-1.));
#11733=DIRECTION('ref_axis',(0.,-1.,2.28983498828939E-16));
#11734=DIRECTION('',(-1.,5.24334427359425E-32,2.28983498828939E-16));
#11735=DIRECTION('center_axis',(-2.28572438062754E-16,0.0598922907279467,
-0.998204845465779));
#11736=DIRECTION('ref_axis',(1.37143462837653E-17,0.998204845465779,0.0598922907279467));
#11737=DIRECTION('',(-1.,5.24334427359425E-32,2.28983498828939E-16));
#11738=DIRECTION('center_axis',(-2.28983498828939E-16,-1.06522863446701E-16,
-1.));
#11739=DIRECTION('ref_axis',(-1.,5.24334427359425E-32,2.28983498828939E-16));
#11740=DIRECTION('center_axis',(2.80414647586397E-32,1.,-1.06522863446701E-16));
#11741=DIRECTION('ref_axis',(-2.28983498828939E-16,-1.06522863446701E-16,
-1.));
#11742=DIRECTION('center_axis',(0.,-1.,2.28983498828939E-16));
#11743=DIRECTION('ref_axis',(2.28983498828939E-16,2.28983498828939E-16,
1.));
#11744=DIRECTION('',(1.,-5.24334427359425E-32,-2.28983498828939E-16));
#11745=DIRECTION('center_axis',(2.28342187008062E-16,0.0747899482416343,
0.997199309888456));
#11746=DIRECTION('ref_axis',(1.71256640256046E-17,-0.997199309888456,0.0747899482416343));
#11747=DIRECTION('center_axis',(0.,1.,-2.28983498828939E-16));
#11748=DIRECTION('ref_axis',(-2.28983498828939E-16,-2.28983498828939E-16,
-1.));
#11749=DIRECTION('',(1.,-5.24334427359425E-32,-2.28983498828939E-16));
#11750=DIRECTION('center_axis',(1.37390099297363E-16,0.8,0.6));
#11751=DIRECTION('ref_axis',(1.83186799063151E-16,-0.6,0.8));
#11752=DIRECTION('',(-1.,5.24334427359425E-32,2.28983498828939E-16));
#11753=DIRECTION('center_axis',(2.80414647586397E-32,1.,-1.06522863446701E-16));
#11754=DIRECTION('ref_axis',(2.28983498828939E-16,1.06522863446701E-16,
1.));
#11755=DIRECTION('center_axis',(1.,-5.24334427359425E-32,-2.28983498828939E-16));
#11756=DIRECTION('ref_axis',(-2.08005240798215E-46,1.,-2.28983498828939E-16));
#11757=DIRECTION('center_axis',(0.707106781186548,-0.707106781186548,-8.65927457071934E-17));
#11758=DIRECTION('ref_axis',(0.707106781186548,0.707106781186548,-4.33500381231807E-16));
#11759=DIRECTION('',(0.707106781186547,0.707106781186547,-2.68320418372271E-16));
#11760=DIRECTION('',(-2.28983498828939E-16,-1.06522863446701E-16,-1.));
#11761=DIRECTION('',(-2.28983498828939E-16,-1.06522863446701E-16,-1.));
#11762=DIRECTION('center_axis',(1.,-5.24334427359425E-32,-2.28983498828939E-16));
#11763=DIRECTION('ref_axis',(2.80414647586396E-32,1.,-1.06522863446701E-16));
#11764=DIRECTION('',(2.28983498828939E-16,1.06522863446701E-16,1.));
#11765=DIRECTION('center_axis',(-2.80414647586397E-32,-1.,1.06522863446701E-16));
#11766=DIRECTION('ref_axis',(-2.28983498828939E-16,-1.06522863446701E-16,
-1.));
#11767=DIRECTION('center_axis',(2.80414647586397E-32,1.,-1.06522863446701E-16));
#11768=DIRECTION('ref_axis',(1.,-5.24334427359426E-32,-2.28983498828939E-16));
#11769=DIRECTION('',(1.,-5.24334427359425E-32,-2.28983498828939E-16));
#11770=DIRECTION('',(-2.28983498828939E-16,-1.06522863446701E-16,-1.));
#11771=DIRECTION('center_axis',(1.,-5.24334427359425E-32,-2.28983498828939E-16));
#11772=DIRECTION('ref_axis',(2.80414647586396E-32,1.,-1.06522863446701E-16));
#11773=DIRECTION('',(-2.80414647586397E-32,-1.,1.06522863446701E-16));
#11774=DIRECTION('',(-2.80414647586397E-32,-1.,1.06522863446701E-16));
#11775=DIRECTION('',(1.05642163830589E-16,0.887216801234595,0.461352736641989));
#11776=DIRECTION('center_axis',(-2.28983498828939E-16,-1.06522863446701E-16,
-1.));
#11777=DIRECTION('ref_axis',(2.80414647586397E-32,1.,-1.06522863446701E-16));
#11778=DIRECTION('center_axis',(2.80414647586397E-32,1.,-1.06522863446701E-16));
#11779=DIRECTION('ref_axis',(-2.28983498828939E-16,-1.06522863446701E-16,
-1.));
#11780=DIRECTION('',(-0.707106781186552,-1.06404633570505E-16,-0.707106781186543));
#11781=DIRECTION('',(1.,-5.24334427359425E-32,-2.28983498828939E-16));
#11782=DIRECTION('center_axis',(0.707106781186543,7.53230390945712E-17,
0.707106781186552));
#11783=DIRECTION('ref_axis',(-0.707106781186552,1.61915784801763E-16,0.707106781186543));
#11784=DIRECTION('',(-0.216371161203961,0.952033109297413,0.216371161203958));
#11785=DIRECTION('center_axis',(0.707106781186543,-7.53230390945713E-17,
-0.707106781186552));
#11786=DIRECTION('ref_axis',(-0.707106781186552,6.23130444540118E-16,-0.707106781186543));
#11787=DIRECTION('',(-0.216371161203961,-0.952033109297413,-0.216371161203958));
#11788=DIRECTION('center_axis',(-2.23289333142183E-16,0.221621103588969,
-0.97513285579146));
#11789=DIRECTION('ref_axis',(-5.07475757141327E-17,-0.97513285579146,-0.221621103588969));
#11790=DIRECTION('center_axis',(2.28983498828939E-16,1.06522863446701E-16,
1.));
#11791=DIRECTION('ref_axis',(-1.,5.24334427359425E-32,2.28983498828939E-16));
#11792=DIRECTION('center_axis',(1.,-5.24334427359425E-32,-2.28983498828939E-16));
#11793=DIRECTION('ref_axis',(-2.08005240798215E-46,1.,-2.28983498828939E-16));
#11794=DIRECTION('center_axis',(2.03158007366517E-16,-0.461352736641989,
0.887216801234595));
#11795=DIRECTION('ref_axis',(-1.05642163830589E-16,-0.887216801234595,-0.461352736641989));
#11796=CARTESIAN_POINT('',(0.,0.,0.));
#11797=CARTESIAN_POINT('Origin',(-6.35,0.949999999999999,0.675));
#11798=CARTESIAN_POINT('',(-6.3,0.899999999999998,1.));
#11799=CARTESIAN_POINT('',(-6.4,0.999999999999999,1.));
#11800=CARTESIAN_POINT('',(10.5,-15.9,1.));
#11801=CARTESIAN_POINT('',(-6.3,0.899999999999999,0.840000000000011));
#11802=CARTESIAN_POINT('',(-6.3,0.899999999999999,0.841614));
#11803=CARTESIAN_POINT('',(-6.3,0.899999999999998,0.31));
#11804=CARTESIAN_POINT('',(-6.3,0.899999999999999,0.841614));
#11805=CARTESIAN_POINT('',(-6.4,0.999999999999999,0.31));
#11806=CARTESIAN_POINT('',(1.5,-6.9,0.309999999999999));
#11807=CARTESIAN_POINT('',(-6.4,0.999999999999999,0.841614));
#11808=CARTESIAN_POINT('Origin',(-5.25,0.899999999999999,0.29));
#11809=CARTESIAN_POINT('',(-6.27,0.899999999999999,0.840000000000011));
#11810=CARTESIAN_POINT('',(-6.27,0.899999999999999,0.31));
#11811=CARTESIAN_POINT('',(-6.27,0.899999999999999,0.841614));
#11812=CARTESIAN_POINT('',(-7.,0.899999999999999,0.310000000000001));
#11813=CARTESIAN_POINT('',(-7.,0.899999999999999,0.840000000000011));
#11814=CARTESIAN_POINT('Origin',(-6.245,1.60372431776126,0.915));
#11815=CARTESIAN_POINT('',(-6.22,0.51,0.940000000000001));
#11816=CARTESIAN_POINT('',(-6.22,1.9,0.94));
#11817=CARTESIAN_POINT('',(-6.22,0.694862999999998,0.940000000000002));
#11818=CARTESIAN_POINT('',(-6.27,1.9,0.890000000000002));
#11819=CARTESIAN_POINT('',(-6.318386,1.9,0.841614));
#11820=CARTESIAN_POINT('',(-6.27,0.46,0.89));
#11821=CARTESIAN_POINT('',(-6.27,0.694862999999998,0.890000000000002));
#11822=CARTESIAN_POINT('Origin',(-6.27,0.51,0.89));
#11823=CARTESIAN_POINT('Origin',(-6.27,1.04560231776126,-0.794708));
#11824=CARTESIAN_POINT('',(-6.27,0.460000000000001,0.840000000000011));
#11825=CARTESIAN_POINT('',(-6.27,0.46,0.841614));
#11826=CARTESIAN_POINT('',(-6.27,1.9,0.6));
#11827=CARTESIAN_POINT('',(-6.27,1.9,0.841614));
#11828=CARTESIAN_POINT('',(-6.27,1.65,0.47));
#11829=CARTESIAN_POINT('',(-6.27,0.694862999999997,-0.026671240000001));
#11830=CARTESIAN_POINT('',(-6.27,1.65,0.31));
#11831=CARTESIAN_POINT('',(-6.27,1.65,0.841614));
#11832=CARTESIAN_POINT('',(-6.27,0.999999999999999,0.31));
#11833=CARTESIAN_POINT('',(-6.27,1.04560231776126,0.31));
#11834=CARTESIAN_POINT('',(-6.27,0.694862999999997,0.31));
#11835=CARTESIAN_POINT('',(-6.27,0.694862999999998,0.84000000000001));
#11836=CARTESIAN_POINT('Origin',(-4.575,0.849999999999999,0.0549999999999998));
#11837=CARTESIAN_POINT('',(-4.6,0.999999999999999,0.0799999999999997));
#11838=CARTESIAN_POINT('',(-4.6,0.919999999999999,0.08));
#11839=CARTESIAN_POINT('',(-4.6,0.694862999999998,0.08));
#11840=CARTESIAN_POINT('',(-4.55,0.999999999999999,0.0299999999999983));
#11841=CARTESIAN_POINT('',(-20.,1.,15.4799999999998));
#11842=CARTESIAN_POINT('',(-4.55,0.699999999999999,0.0299999999999998));
#11843=CARTESIAN_POINT('',(-4.55,0.694862999999998,0.0299999999999998));
#11844=CARTESIAN_POINT('',(-4.5488325,0.694862999999997,0.0288324999999994));
#11845=CARTESIAN_POINT('Origin',(-3.825,0.949999999999987,0.0361954891124616));
#11846=CARTESIAN_POINT('',(-3.825,0.919999999999987,0.0361954891124616));
#11847=CARTESIAN_POINT('',(-3.675,0.919999999999987,0.0361954891124616));
#11848=CARTESIAN_POINT('',(-3.825,0.919999999999987,0.0361954891124616));
#11849=CARTESIAN_POINT('',(-3.675,0.943186633610997,0.065411546999339));
#11850=CARTESIAN_POINT('Origin',(-3.675,0.949999999999987,0.0361954891124616));
#11851=CARTESIAN_POINT('',(-3.825,0.943186633610997,0.065411546999339));
#11852=CARTESIAN_POINT('',(-3.825,0.943186633610997,0.065411546999339));
#11853=CARTESIAN_POINT('Origin',(-3.825,0.949999999999987,0.0361954891124616));
#11854=CARTESIAN_POINT('Origin',(-6.3,0.694862999999999,0.841614));
#11855=CARTESIAN_POINT('',(-6.3,-0.0200000000000009,1.));
#11856=CARTESIAN_POINT('',(-6.3,0.694862999999999,1.));
#11857=CARTESIAN_POINT('',(-6.3,-0.0200000000000009,0.840000000000011));
#11858=CARTESIAN_POINT('',(-6.3,-0.0200000000000014,0.841614));
#11859=CARTESIAN_POINT('',(-6.3,0.694862999999998,0.84000000000001));
#11860=CARTESIAN_POINT('Origin',(-6.5,0.999999999999999,0.0800000000000001));
#11861=CARTESIAN_POINT('',(-6.5,-0.800000000000002,0.0800000000000003));
#11862=CARTESIAN_POINT('',(-6.5,0.999999999999999,0.0800000000000001));
#11863=CARTESIAN_POINT('',(-6.5,1.744235,0.0800000000000001));
#11864=CARTESIAN_POINT('',(-5.9525,0.999999999999999,0.08));
#11865=CARTESIAN_POINT('',(10.5,0.999999999999999,0.0799999999999962));
#11866=CARTESIAN_POINT('',(-5.9525,-0.800000000000002,0.0800000000000002));
#11867=CARTESIAN_POINT('',(-5.9525,-1.9,0.0800000000000003));
#11868=CARTESIAN_POINT('',(-6.1025,-0.800000000000002,0.0800000000000003));
#11869=CARTESIAN_POINT('Origin',(-1.25,0.51,0.889999999999999));
#11870=CARTESIAN_POINT('',(6.22,0.51,0.939999999999997));
#11871=CARTESIAN_POINT('',(9.25,0.51,0.939999999999997));
#11872=CARTESIAN_POINT('',(6.27,0.46,0.889999999999998));
#11873=CARTESIAN_POINT('',(-1.25,0.46,0.889999999999999));
#11874=CARTESIAN_POINT('Origin',(6.27,0.51,0.889999999999997));
#11875=CARTESIAN_POINT('Origin',(-4.3375,0.919999999999999,0.0799999999999998));
#11876=CARTESIAN_POINT('',(-4.05,0.7,0.0299999999999997));
#11877=CARTESIAN_POINT('',(-4.45,0.699999999999999,0.0299999999999998));
#11878=CARTESIAN_POINT('',(-2.,0.7,0.0299999999999992));
#11879=CARTESIAN_POINT('',(-4.4,0.919999999999999,0.08));
#11880=CARTESIAN_POINT('',(-4.4511675,0.694862999999997,0.0288324999999994));
#11881=CARTESIAN_POINT('',(-4.1,0.919999999999999,0.0799999999999998));
#11882=CARTESIAN_POINT('',(-20.,0.919999999999999,0.0800000000000035));
#11883=CARTESIAN_POINT('',(-4.0488325,0.694862999999998,0.0288324999999993));
#11884=CARTESIAN_POINT('Origin',(-4.325,0.949999999999987,0.0361954891124617));
#11885=CARTESIAN_POINT('',(-4.325,0.919999999999987,0.0361954891124617));
#11886=CARTESIAN_POINT('',(-4.175,0.919999999999987,0.0361954891124617));
#11887=CARTESIAN_POINT('',(-4.325,0.919999999999987,0.0361954891124617));
#11888=CARTESIAN_POINT('',(-4.175,0.943186633610997,0.0654115469993392));
#11889=CARTESIAN_POINT('Origin',(-4.175,0.949999999999987,0.0361954891124617));
#11890=CARTESIAN_POINT('',(-4.325,0.943186633610997,0.0654115469993392));
#11891=CARTESIAN_POINT('',(-4.325,0.943186633610997,0.0654115469993392));
#11892=CARTESIAN_POINT('Origin',(-4.325,0.949999999999987,0.0361954891124617));
#11893=CARTESIAN_POINT('Origin',(-3.825,0.919999999999986,-1.11022302462516E-16));
#11894=CARTESIAN_POINT('',(-3.825,0.919999999999986,-1.11022302462516E-16));
#11895=CARTESIAN_POINT('',(-3.825,0.919999999999986,-1.11022302462516E-16));
#11896=CARTESIAN_POINT('',(-3.675,0.919999999999986,-1.11022302462516E-16));
#11897=CARTESIAN_POINT('',(-3.825,0.919999999999986,-1.11022302462516E-16));
#11898=CARTESIAN_POINT('',(-3.675,0.919999999999986,0.841614));
#11899=CARTESIAN_POINT('Origin',(-0.25,1.65,0.469999999999999));
#11900=CARTESIAN_POINT('',(6.27,1.65,0.469999999999997));
#11901=CARTESIAN_POINT('',(-2.73,1.65,0.469999999999999));
#11902=CARTESIAN_POINT('',(6.27,1.65,0.309999999999997));
#11903=CARTESIAN_POINT('',(6.27,1.65,0.841613999999997));
#11904=CARTESIAN_POINT('',(-1.35,1.65,0.309999999999999));
#11905=CARTESIAN_POINT('Origin',(-4.3375,0.999999999999999,0.0799999999999997));
#11906=CARTESIAN_POINT('',(-4.4,0.999999999999999,0.0800000000000007));
#11907=CARTESIAN_POINT('',(-4.4,0.694862999999998,0.08));
#11908=CARTESIAN_POINT('',(-4.325,0.999999999999999,0.0799999999999997));
#11909=CARTESIAN_POINT('',(-20.,0.999999999999999,0.0800000000000033));
#11910=CARTESIAN_POINT('',(-4.175,0.999999999999999,0.0799999999999997));
#11911=CARTESIAN_POINT('',(1.,0.999999999999999,0.0799999999999985));
#11912=CARTESIAN_POINT('',(-4.1,0.999999999999999,0.0799999999999996));
#11913=CARTESIAN_POINT('',(-20.,0.999999999999999,0.0800000000000033));
#11914=CARTESIAN_POINT('',(-4.1,0.694862999999999,0.0799999999999998));
#11915=CARTESIAN_POINT('Origin',(-0.175,0.999999999999999,0.309999999999998));
#11916=CARTESIAN_POINT('',(-5.325,0.999999999999999,0.31));
#11917=CARTESIAN_POINT('',(-5.325,0.999999999999999,0.08));
#11918=CARTESIAN_POINT('',(-5.325,0.999999999999999,0.841614));
#11919=CARTESIAN_POINT('',(-5.4,0.999999999999999,0.0799999999999965));
#11920=CARTESIAN_POINT('',(10.5,0.999999999999999,0.0799999999999963));
#11921=CARTESIAN_POINT('',(-5.45,0.999999999999999,0.0299999999999985));
#11922=CARTESIAN_POINT('',(10.5,1.,15.9799999999998));
#11923=CARTESIAN_POINT('',(-5.9525,0.999999999999999,0.03));
#11924=CARTESIAN_POINT('',(10.5,0.999999999999999,0.0299999999999963));
#11925=CARTESIAN_POINT('',(-5.9525,0.999999999999999,0.841614));
#11926=CARTESIAN_POINT('',(-6.5,0.999999999999999,1.));
#11927=CARTESIAN_POINT('',(-6.5,0.999999999999999,0.841614));
#11928=CARTESIAN_POINT('',(10.5,0.999999999999999,0.999999999999996));
#11929=CARTESIAN_POINT('',(10.5,0.999999999999999,0.309999999999996));
#11930=CARTESIAN_POINT('',(1.5,0.999999999999999,0.309999999999998));
#11931=CARTESIAN_POINT('Origin',(-5.175,1.24577907539775,0.170500231015466));
#11932=CARTESIAN_POINT('',(-5.175,0.999999999999999,0.08));
#11933=CARTESIAN_POINT('',(-5.175,0.999999999999999,0.0786607773540651));
#11934=CARTESIAN_POINT('',(-5.175,0.999999999999999,0.841614));
#11935=CARTESIAN_POINT('',(-5.175,0.943186633610997,0.0654115469993394));
#11936=CARTESIAN_POINT('',(-5.175,0.943186633610997,0.0654115469993394));
#11937=CARTESIAN_POINT('',(-5.175,0.919999999999987,0.036195489112462));
#11938=CARTESIAN_POINT('Origin',(-5.175,0.949999999999987,0.036195489112462));
#11939=CARTESIAN_POINT('',(-5.175,0.919999999999986,2.22044604925031E-16));
#11940=CARTESIAN_POINT('',(-5.175,0.919999999999986,2.22044604925031E-16));
#11941=CARTESIAN_POINT('',(-5.175,1.24999999999999,1.11022302462516E-16));
#11942=CARTESIAN_POINT('',(-5.175,0.919999999999986,2.22044604925031E-16));
#11943=CARTESIAN_POINT('',(-5.175,1.29999999999999,0.0500000000000007));
#11944=CARTESIAN_POINT('',(-5.175,1.29999999999999,0.0500000000000008));
#11945=CARTESIAN_POINT('',(-5.175,1.29999999999999,0.11));
#11946=CARTESIAN_POINT('',(-5.175,1.29999999999999,0.11));
#11947=CARTESIAN_POINT('',(-5.175,1.35,0.16));
#11948=CARTESIAN_POINT('Origin',(-5.175,1.35,0.11));
#11949=CARTESIAN_POINT('',(-5.175,1.35,0.31));
#11950=CARTESIAN_POINT('',(-5.175,1.35,0.310000000000002));
#11951=CARTESIAN_POINT('',(-5.175,0.999999999999999,0.31));
#11952=CARTESIAN_POINT('',(-5.175,0.694862999999998,0.31));
#11953=CARTESIAN_POINT('',(-5.175,0.999999999999999,0.841614));
#11954=CARTESIAN_POINT('Origin',(-5.175,0.999999999999999,0.0786607773540651));
#11955=CARTESIAN_POINT('',(1.5,0.999999999999999,0.0799999999999984));
#11956=CARTESIAN_POINT('',(-5.325,0.999999999999999,0.0786607773540651));
#11957=CARTESIAN_POINT('',(-5.325,0.999999999999999,0.841614));
#11958=CARTESIAN_POINT('',(1.5,0.999999999999999,0.0786607773540636));
#11959=CARTESIAN_POINT('Origin',(-5.325,3.62470223605639,-0.833697738615906));
#11960=CARTESIAN_POINT('',(-5.325,1.35,0.16));
#11961=CARTESIAN_POINT('',(-5.325,1.35,0.31));
#11962=CARTESIAN_POINT('',(-5.325,1.35,0.310000000000002));
#11963=CARTESIAN_POINT('',(-5.325,1.29999999999999,0.11));
#11964=CARTESIAN_POINT('Origin',(-5.325,1.35,0.11));
#11965=CARTESIAN_POINT('',(-5.325,1.29999999999999,0.0500000000000009));
#11966=CARTESIAN_POINT('',(-5.325,1.29999999999999,0.11));
#11967=CARTESIAN_POINT('',(-5.325,1.24999999999999,4.44089209850063E-16));
#11968=CARTESIAN_POINT('',(-5.325,1.29999999999999,0.0500000000000008));
#11969=CARTESIAN_POINT('',(-5.325,0.919999999999986,2.22044604925031E-16));
#11970=CARTESIAN_POINT('',(-5.325,0.919999999999986,2.22044604925031E-16));
#11971=CARTESIAN_POINT('',(-5.325,0.919999999999987,0.036195489112462));
#11972=CARTESIAN_POINT('',(-5.325,0.919999999999986,2.22044604925031E-16));
#11973=CARTESIAN_POINT('',(-5.325,0.943186633610997,0.0654115469993394));
#11974=CARTESIAN_POINT('Origin',(-5.325,0.949999999999987,0.036195489112462));
#11975=CARTESIAN_POINT('',(-5.325,0.943186633610997,0.0654115469993394));
#11976=CARTESIAN_POINT('',(-5.325,0.694862999999997,0.31));
#11977=CARTESIAN_POINT('Origin',(-0.175,0.999999999999999,0.309999999999998));
#11978=CARTESIAN_POINT('',(-4.825,0.999999999999999,0.31));
#11979=CARTESIAN_POINT('',(-4.825,0.999999999999999,0.0799999999999998));
#11980=CARTESIAN_POINT('',(-4.825,0.999999999999999,0.841614));
#11981=CARTESIAN_POINT('',(-4.9,0.999999999999999,0.08));
#11982=CARTESIAN_POINT('',(-20.5,0.999999999999999,0.0800000000000034));
#11983=CARTESIAN_POINT('',(-4.95,0.999999999999999,0.0300000000000019));
#11984=CARTESIAN_POINT('',(-20.5,0.999999999999998,-15.5199999999998));
#11985=CARTESIAN_POINT('',(-5.05,1.,0.0299999999999966));
#11986=CARTESIAN_POINT('',(-20.5,0.999999999999999,0.0300000000000034));
#11987=CARTESIAN_POINT('',(-5.1,1.,0.08));
#11988=CARTESIAN_POINT('',(-20.5,1.,15.4799999999998));
#11989=CARTESIAN_POINT('',(10.5,0.999999999999999,0.0799999999999963));
#11990=CARTESIAN_POINT('',(1.5,0.999999999999999,0.309999999999998));
#11991=CARTESIAN_POINT('Origin',(-4.675,3.62470223605639,-0.833697738615906));
#11992=CARTESIAN_POINT('',(-4.675,0.999999999999999,0.0799999999999998));
#11993=CARTESIAN_POINT('',(-4.675,0.999999999999999,0.078660777354065));
#11994=CARTESIAN_POINT('',(-4.675,0.999999999999999,0.841614));
#11995=CARTESIAN_POINT('',(-4.675,0.943186633610997,0.0654115469993393));
#11996=CARTESIAN_POINT('',(-4.675,0.694862999999998,0.00750093135816632));
#11997=CARTESIAN_POINT('',(-4.675,0.919999999999987,0.0361954891124618));
#11998=CARTESIAN_POINT('Origin',(-4.675,0.949999999999987,0.0361954891124618));
#11999=CARTESIAN_POINT('',(-4.675,0.919999999999986,1.11022302462516E-16));
#12000=CARTESIAN_POINT('',(-4.675,0.919999999999986,0.841614));
#12001=CARTESIAN_POINT('',(-4.675,1.24999999999999,0.));
#12002=CARTESIAN_POINT('',(-4.675,0.694862999999998,1.11022302462516E-16));
#12003=CARTESIAN_POINT('',(-4.675,1.29999999999999,0.0500000000000007));
#12004=CARTESIAN_POINT('',(-4.675,0.694862999999998,-0.55513699999991));
#12005=CARTESIAN_POINT('',(-4.675,1.3,0.109999999999999));
#12006=CARTESIAN_POINT('',(-4.675,1.29999999999999,0.841614));
#12007=CARTESIAN_POINT('',(-4.675,1.35,0.16));
#12008=CARTESIAN_POINT('Origin',(-4.675,1.35,0.109999999999999));
#12009=CARTESIAN_POINT('',(-4.675,1.35,0.31));
#12010=CARTESIAN_POINT('',(-4.675,1.35,0.841614));
#12011=CARTESIAN_POINT('',(-4.675,0.999999999999999,0.31));
#12012=CARTESIAN_POINT('',(-4.675,0.694862999999998,0.31));
#12013=CARTESIAN_POINT('',(-4.675,0.999999999999999,0.841614));
#12014=CARTESIAN_POINT('Origin',(-4.825,1.35,0.310000000000002));
#12015=CARTESIAN_POINT('',(-4.825,1.35,0.31));
#12016=CARTESIAN_POINT('',(-2.,1.35,0.309999999999999));
#12017=CARTESIAN_POINT('',(-4.825,1.35,0.16));
#12018=CARTESIAN_POINT('',(-4.825,1.35,0.16));
#12019=CARTESIAN_POINT('',(-4.825,1.35,0.310000000000002));
#12020=CARTESIAN_POINT('Origin',(-4.675,0.999999999999999,0.078660777354065));
#12021=CARTESIAN_POINT('',(1.5,0.999999999999999,0.0799999999999984));
#12022=CARTESIAN_POINT('',(-4.825,0.999999999999999,0.078660777354065));
#12023=CARTESIAN_POINT('',(-4.825,0.999999999999999,0.841614));
#12024=CARTESIAN_POINT('',(1.5,0.999999999999999,0.0786607773540636));
#12025=CARTESIAN_POINT('Origin',(-4.825,1.24577907539775,0.170500231015466));
#12026=CARTESIAN_POINT('',(-4.825,0.694862999999998,0.31));
#12027=CARTESIAN_POINT('',(-4.825,1.3,0.109999999999999));
#12028=CARTESIAN_POINT('Origin',(-4.825,1.35,0.109999999999999));
#12029=CARTESIAN_POINT('',(-4.825,1.29999999999999,0.0500000000000006));
#12030=CARTESIAN_POINT('',(-4.825,1.29999999999999,0.109999999999999));
#12031=CARTESIAN_POINT('',(-4.825,1.24999999999999,0.));
#12032=CARTESIAN_POINT('',(-4.825,1.29999999999999,0.0500000000000007));
#12033=CARTESIAN_POINT('',(-4.825,0.919999999999986,1.11022302462516E-16));
#12034=CARTESIAN_POINT('',(-4.825,0.919999999999986,1.11022302462516E-16));
#12035=CARTESIAN_POINT('',(-4.825,0.919999999999987,0.0361954891124619));
#12036=CARTESIAN_POINT('',(-4.825,0.919999999999986,1.11022302462516E-16));
#12037=CARTESIAN_POINT('',(-4.825,0.943186633610997,0.0654115469993393));
#12038=CARTESIAN_POINT('Origin',(-4.825,0.949999999999987,0.0361954891124618));
#12039=CARTESIAN_POINT('',(-4.825,0.943186633610997,0.0654115469993393));
#12040=CARTESIAN_POINT('Origin',(-4.825,0.943186633610997,0.0654115469993393));
#12041=CARTESIAN_POINT('',(-4.825,0.943186633610997,0.0654115469993393));
#12042=CARTESIAN_POINT('Origin',(-4.825,0.949999999999987,0.0361954891124618));
#12043=CARTESIAN_POINT('',(-4.825,0.919999999999987,0.0361954891124619));
#12044=CARTESIAN_POINT('Origin',(-4.825,0.919999999999986,1.11022302462516E-16));
#12045=CARTESIAN_POINT('',(-4.825,0.919999999999986,1.11022302462516E-16));
#12046=CARTESIAN_POINT('Origin',(-4.825,1.24999999999999,0.));
#12047=CARTESIAN_POINT('',(-4.825,1.24999999999999,0.));
#12048=CARTESIAN_POINT('Origin',(-4.825,1.29999999999999,0.0500000000000007));
#12049=CARTESIAN_POINT('',(-4.825,1.29999999999999,0.0500000000000007));
#12050=CARTESIAN_POINT('Origin',(-4.825,1.29999999999999,0.109999999999999));
#12051=CARTESIAN_POINT('',(-4.825,1.3,0.109999999999999));
#12052=CARTESIAN_POINT('Origin',(-4.825,1.35,0.109999999999999));
#12053=CARTESIAN_POINT('Origin',(-5.785,-1.8,1.05));
#12054=CARTESIAN_POINT('',(-5.785,-1.8,0.174074074074073));
#12055=CARTESIAN_POINT('',(-5.785,-1.63,0.300000000000001));
#12056=CARTESIAN_POINT('',(-5.785,0.694862999999998,2.02212074074074));
#12057=CARTESIAN_POINT('',(-5.785,-1.2,0.3));
#12058=CARTESIAN_POINT('',(-5.785,0.694862999999998,0.3));
#12059=CARTESIAN_POINT('',(-5.785,-0.700000000000003,0.33));
#12060=CARTESIAN_POINT('',(-5.785,0.694862999999997,0.41369178));
#12061=CARTESIAN_POINT('',(-5.785,-0.600000000000001,0.33));
#12062=CARTESIAN_POINT('',(-5.785,0.694862999999997,0.33));
#12063=CARTESIAN_POINT('',(-5.785,-0.600000000000001,0.69));
#12064=CARTESIAN_POINT('',(-5.785,-0.600000000000001,0.40284733529208));
#12065=CARTESIAN_POINT('',(-5.785,-0.700000000000001,0.69));
#12066=CARTESIAN_POINT('',(-5.785,0.0749362304206368,0.69));
#12067=CARTESIAN_POINT('',(-5.785,-1.1,0.72));
#12068=CARTESIAN_POINT('',(-5.785,-0.700000000000001,0.69));
#12069=CARTESIAN_POINT('',(-5.785,-1.65,0.72));
#12070=CARTESIAN_POINT('',(-5.785,-1.2,0.72));
#12071=CARTESIAN_POINT('',(-5.785,-1.8,0.920000000000003));
#12072=CARTESIAN_POINT('',(-5.785,-1.7412105,0.841614000000001));
#12073=CARTESIAN_POINT('',(-5.785,-1.8,0.841614000000001));
#12074=CARTESIAN_POINT('Origin',(-5.9775,-1.35,0.155));
#12075=CARTESIAN_POINT('',(-6.0025,-0.800000000000002,0.18));
#12076=CARTESIAN_POINT('',(-6.0025,-1.85,0.18));
#12077=CARTESIAN_POINT('',(-6.0025,0.0749362304206368,0.18));
#12078=CARTESIAN_POINT('',(-5.9525,-0.800000000000002,0.130000000000001));
#12079=CARTESIAN_POINT('',(-6.1025,-0.800000000000002,0.28));
#12080=CARTESIAN_POINT('',(-5.9525,-1.9,0.130000000000006));
#12081=CARTESIAN_POINT('',(-5.9525,0.0749362304206368,0.13));
#12082=CARTESIAN_POINT('',(-8.54736299999998,0.694862999999999,2.72486299999998));
#12083=CARTESIAN_POINT('Origin',(-4.325,1.29999999999999,0.109999999999999));
#12084=CARTESIAN_POINT('',(-4.325,1.29999999999999,0.109999999999999));
#12085=CARTESIAN_POINT('',(-4.175,1.29999999999999,0.109999999999999));
#12086=CARTESIAN_POINT('',(-4.325,1.29999999999999,0.109999999999999));
#12087=CARTESIAN_POINT('',(-4.175,1.29999999999999,0.0500000000000006));
#12088=CARTESIAN_POINT('',(-4.175,1.29999999999999,0.841614));
#12089=CARTESIAN_POINT('',(-4.325,1.29999999999999,0.0500000000000005));
#12090=CARTESIAN_POINT('',(-4.325,1.29999999999999,0.0500000000000006));
#12091=CARTESIAN_POINT('',(-4.325,1.29999999999999,0.109999999999999));
#12092=CARTESIAN_POINT('Origin',(-3.825,1.29999999999999,0.109999999999999));
#12093=CARTESIAN_POINT('',(-3.825,1.3,0.109999999999999));
#12094=CARTESIAN_POINT('',(-3.675,1.3,0.109999999999999));
#12095=CARTESIAN_POINT('',(-3.825,1.3,0.109999999999999));
#12096=CARTESIAN_POINT('',(-3.675,1.29999999999999,0.0500000000000005));
#12097=CARTESIAN_POINT('',(-3.675,1.29999999999999,0.841613999999999));
#12098=CARTESIAN_POINT('',(-3.825,1.29999999999999,0.0500000000000004));
#12099=CARTESIAN_POINT('',(-3.825,1.29999999999999,0.0500000000000005));
#12100=CARTESIAN_POINT('',(-3.825,1.29999999999999,0.109999999999999));
#12101=CARTESIAN_POINT('Origin',(-1.825,1.29999999999999,0.05));
#12102=CARTESIAN_POINT('',(-1.825,1.29999999999999,0.0499999999999999));
#12103=CARTESIAN_POINT('',(-1.675,1.29999999999999,0.0499999999999999));
#12104=CARTESIAN_POINT('',(-1.825,1.29999999999999,0.05));
#12105=CARTESIAN_POINT('',(-1.675,1.24999999999999,-7.7715611723761E-16));
#12106=CARTESIAN_POINT('',(-1.675,0.694862999999997,-0.555136999999911));
#12107=CARTESIAN_POINT('',(-1.825,1.24999999999999,-6.66133814775094E-16));
#12108=CARTESIAN_POINT('',(-1.825,1.24999999999999,-6.66133814775094E-16));
#12109=CARTESIAN_POINT('',(-1.825,1.29999999999999,0.05));
#12110=CARTESIAN_POINT('Origin',(-6.0275,-1.825,0.615));
#12111=CARTESIAN_POINT('',(-6.1025,-1.75,1.));
#12112=CARTESIAN_POINT('',(-5.9525,-1.9,1.));
#12113=CARTESIAN_POINT('',(-8.54736299999998,0.694862999999999,1.));
#12114=CARTESIAN_POINT('',(-6.1025,-1.75,0.18));
#12115=CARTESIAN_POINT('',(-6.1025,-1.75,0.615));
#12116=CARTESIAN_POINT('',(-8.54736299999998,0.694862999999999,0.180000000000001));
#12117=CARTESIAN_POINT('',(-5.9525,-1.9,0.615));
#12118=CARTESIAN_POINT('Origin',(-5.9525,-1.9,0.0300000000000002));
#12119=CARTESIAN_POINT('',(-5.9525,-0.800000000000001,0.40284733529208));
#12120=CARTESIAN_POINT('',(-5.9525,-1.9,0.0300000000000004));
#12121=CARTESIAN_POINT('',(-5.9525,0.694862999999998,0.0300000000000001));
#12122=CARTESIAN_POINT('',(-5.9525,-1.9,0.40284733529208));
#12123=CARTESIAN_POINT('Origin',(-4.8375,0.999999999999999,0.0799999999999998));
#12124=CARTESIAN_POINT('',(-4.9,0.919999999999999,0.0800000000000001));
#12125=CARTESIAN_POINT('',(-20.5,0.919999999999999,0.0800000000000036));
#12126=CARTESIAN_POINT('',(-4.9,0.694862999999999,0.0800000000000001));
#12127=CARTESIAN_POINT('',(-20.5,0.999999999999999,0.0800000000000034));
#12128=CARTESIAN_POINT('Origin',(-4.325,1.35,0.310000000000002));
#12129=CARTESIAN_POINT('',(-4.325,1.35,0.31));
#12130=CARTESIAN_POINT('',(-4.175,1.35,0.31));
#12131=CARTESIAN_POINT('',(-1.5,1.35,0.309999999999999));
#12132=CARTESIAN_POINT('',(-4.175,1.35,0.16));
#12133=CARTESIAN_POINT('',(-4.175,1.35,0.841614));
#12134=CARTESIAN_POINT('',(-4.325,1.35,0.16));
#12135=CARTESIAN_POINT('',(-4.325,1.35,0.16));
#12136=CARTESIAN_POINT('',(-4.325,1.35,0.310000000000002));
#12137=CARTESIAN_POINT('Origin',(-1.825,0.919999999999986,-5.55111512312578E-16));
#12138=CARTESIAN_POINT('',(-1.825,0.919999999999986,-5.55111512312578E-16));
#12139=CARTESIAN_POINT('',(-1.825,0.919999999999987,0.0361954891124612));
#12140=CARTESIAN_POINT('',(-1.825,0.919999999999986,-5.55111512312578E-16));
#12141=CARTESIAN_POINT('',(-1.675,0.919999999999986,-6.66133814775094E-16));
#12142=CARTESIAN_POINT('',(-1.825,0.919999999999986,-5.55111512312578E-16));
#12143=CARTESIAN_POINT('',(-1.675,0.919999999999987,0.0361954891124612));
#12144=CARTESIAN_POINT('',(-1.675,0.919999999999986,0.841613999999999));
#12145=CARTESIAN_POINT('',(-1.825,0.919999999999987,0.0361954891124612));
#12146=CARTESIAN_POINT('Origin',(-4.175,0.999999999999999,0.0786607773540648));
#12147=CARTESIAN_POINT('',(-4.325,0.999999999999999,0.0786607773540648));
#12148=CARTESIAN_POINT('',(-4.325,0.999999999999999,0.841614));
#12149=CARTESIAN_POINT('',(-4.175,0.999999999999999,0.0786607773540648));
#12150=CARTESIAN_POINT('',(1.,0.999999999999999,0.0786607773540637));
#12151=CARTESIAN_POINT('',(-4.175,0.999999999999999,0.841614));
#12152=CARTESIAN_POINT('Origin',(-17.6207195148812,-0.600000000000001,0.487455497580433));
#12153=CARTESIAN_POINT('',(5.785,-0.600000000000001,0.329999999999997));
#12154=CARTESIAN_POINT('',(0.5,-0.600000000000001,0.329999999999999));
#12155=CARTESIAN_POINT('',(5.785,-0.600000000000001,0.689999999999997));
#12156=CARTESIAN_POINT('',(5.785,-0.600000000000001,0.402847335292077));
#12157=CARTESIAN_POINT('',(7.285,-0.600000000000001,0.689999999999997));
#12158=CARTESIAN_POINT('Origin',(-5.785,-0.600000000000001,0.69));
#12159=CARTESIAN_POINT('',(5.785,-0.700000000000001,0.689999999999997));
#12160=CARTESIAN_POINT('',(12.,-0.700000000000002,0.689999999999996));
#12161=CARTESIAN_POINT('',(5.785,0.0749362304206372,0.689999999999997));
#12162=CARTESIAN_POINT('Origin',(-6.3,-0.800000000000002,0.18));
#12163=CARTESIAN_POINT('',(-6.5,-0.800000000000002,0.18));
#12164=CARTESIAN_POINT('',(-6.1025,-0.800000000000002,0.18));
#12165=CARTESIAN_POINT('',(-6.5,-0.800000000000002,0.18));
#12166=CARTESIAN_POINT('',(-6.1025,-1.,0.33));
#12167=CARTESIAN_POINT('',(-6.1025,0.694862999999998,-0.94114725));
#12168=CARTESIAN_POINT('',(-6.5,-1.,0.33));
#12169=CARTESIAN_POINT('',(-7.,-1.,0.33));
#12170=CARTESIAN_POINT('',(-6.5,-0.800000000000002,0.18));
#12171=CARTESIAN_POINT('Origin',(-1.825,1.24999999999999,-6.66133814775094E-16));
#12172=CARTESIAN_POINT('',(-1.675,0.694862999999997,-6.66133814775094E-16));
#12173=CARTESIAN_POINT('',(-1.825,0.919999999999986,-5.55111512312578E-16));
#12174=CARTESIAN_POINT('Origin',(-5.93367832868971,-0.800000000000001,0.556369515364618));
#12175=CARTESIAN_POINT('',(-6.1025,-0.800000000000002,0.18));
#12176=CARTESIAN_POINT('',(-6.5,-0.800000000000001,1.258386));
#12177=CARTESIAN_POINT('Origin',(-4.325,1.24999999999999,-1.11022302462516E-16));
#12178=CARTESIAN_POINT('',(-4.325,1.24999999999999,-1.11022302462516E-16));
#12179=CARTESIAN_POINT('',(-4.175,1.24999999999999,-1.11022302462516E-16));
#12180=CARTESIAN_POINT('',(-4.325,1.24999999999999,-1.11022302462516E-16));
#12181=CARTESIAN_POINT('',(-4.175,0.919999999999986,0.));
#12182=CARTESIAN_POINT('',(-4.175,0.694862999999997,0.));
#12183=CARTESIAN_POINT('',(-4.325,0.919999999999986,0.));
#12184=CARTESIAN_POINT('',(-4.325,0.919999999999986,0.));
#12185=CARTESIAN_POINT('',(-4.325,0.919999999999986,0.));
#12186=CARTESIAN_POINT('Origin',(-5.9525,-1.9,0.18));
#12187=CARTESIAN_POINT('',(-6.1025,0.694862999999999,0.18));
#12188=CARTESIAN_POINT('Origin',(-5.325,1.35,0.310000000000002));
#12189=CARTESIAN_POINT('',(-7.,1.35,0.31));
#12190=CARTESIAN_POINT('',(-5.325,1.35,0.16));
#12191=CARTESIAN_POINT('Origin',(-6.3,0.289999999999999,0.310000000000001));
#12192=CARTESIAN_POINT('Origin',(-5.325,0.943186633610997,0.0654115469993394));
#12193=CARTESIAN_POINT('',(-5.175,0.943186633610997,0.0654115469993394));
#12194=CARTESIAN_POINT('Origin',(-5.175,0.949999999999987,0.036195489112462));
#12195=CARTESIAN_POINT('',(-5.175,0.919999999999987,0.036195489112462));
#12196=CARTESIAN_POINT('Origin',(-5.175,0.919999999999986,2.22044604925031E-16));
#12197=CARTESIAN_POINT('',(-5.325,0.919999999999986,2.22044604925031E-16));
#12198=CARTESIAN_POINT('Origin',(-5.325,1.24999999999999,1.11022302462516E-16));
#12199=CARTESIAN_POINT('',(-5.175,1.24999999999999,1.11022302462516E-16));
#12200=CARTESIAN_POINT('Origin',(-5.175,1.29999999999999,0.0500000000000008));
#12201=CARTESIAN_POINT('',(-5.175,1.29999999999999,0.0500000000000008));
#12202=CARTESIAN_POINT('Origin',(-5.175,1.29999999999999,0.11));
#12203=CARTESIAN_POINT('',(-5.175,1.29999999999999,0.11));
#12204=CARTESIAN_POINT('Origin',(-5.175,1.35,0.11));
#12205=CARTESIAN_POINT('Origin',(-4.425,0.849999999999999,0.0549999999999998));
#12206=CARTESIAN_POINT('',(-4.45,0.999999999999999,0.0300000000000027));
#12207=CARTESIAN_POINT('',(-4.45,0.694862999999998,0.0299999999999998));
#12208=CARTESIAN_POINT('',(-20.,0.999999999999997,-15.5199999999998));
#12209=CARTESIAN_POINT('Origin',(-3.325,1.29999999999999,0.0500000000000004));
#12210=CARTESIAN_POINT('',(-3.325,1.29999999999999,0.0500000000000003));
#12211=CARTESIAN_POINT('',(-3.175,1.29999999999999,0.0500000000000003));
#12212=CARTESIAN_POINT('',(-3.325,1.29999999999999,0.0500000000000004));
#12213=CARTESIAN_POINT('',(-3.175,1.24999999999999,-4.44089209850063E-16));
#12214=CARTESIAN_POINT('',(-3.175,0.694862999999997,-0.555136999999911));
#12215=CARTESIAN_POINT('',(-3.325,1.24999999999999,-3.33066907387547E-16));
#12216=CARTESIAN_POINT('',(-3.325,1.24999999999999,-3.33066907387547E-16));
#12217=CARTESIAN_POINT('',(-3.325,1.29999999999999,0.0500000000000004));
#12218=CARTESIAN_POINT('Origin',(-5.835,-1.85,0.575000000000001));
#12219=CARTESIAN_POINT('',(-5.885,-1.9,0.100000000000001));
#12220=CARTESIAN_POINT('',(-3.29013700000001,0.694862999999998,2.02212074074074));
#12221=CARTESIAN_POINT('',(-5.785,-1.8,1.));
#12222=CARTESIAN_POINT('',(-5.785,-1.8,0.841614000000001));
#12223=CARTESIAN_POINT('',(-5.885,-1.9,1.));
#12224=CARTESIAN_POINT('',(-3.29013700000001,0.694862999999998,1.));
#12225=CARTESIAN_POINT('',(-5.885,-1.9,0.575000000000001));
#12226=CARTESIAN_POINT('Origin',(-4.325,0.943186633610997,0.0654115469993392));
#12227=CARTESIAN_POINT('',(-4.175,0.694862999999997,0.00750093135816621));
#12228=CARTESIAN_POINT('',(-4.325,0.943186633610997,0.0654115469993392));
#12229=CARTESIAN_POINT('Origin',(-6.1025,0.0749362304206367,0.40284733529208));
#12230=CARTESIAN_POINT('',(-6.1025,-1.,1.));
#12231=CARTESIAN_POINT('',(-6.1025,0.694862999999999,1.));
#12232=CARTESIAN_POINT('',(-6.1025,-1.,0.841614000000001));
#12233=CARTESIAN_POINT('Origin',(-6.3,-1.,0.33));
#12234=CARTESIAN_POINT('',(-6.5,-1.,1.));
#12235=CARTESIAN_POINT('',(10.5,-1.,0.999999999999997));
#12236=CARTESIAN_POINT('',(-6.5,-1.,0.841614000000001));
#12237=CARTESIAN_POINT('',(-6.115,-1.,0.51));
#12238=CARTESIAN_POINT('',(-6.115,-1.,0.82));
#12239=CARTESIAN_POINT('',(-6.115,-1.,0.841614000000001));
#12240=CARTESIAN_POINT('',(-6.265,-1.,0.51));
#12241=CARTESIAN_POINT('',(1.5,-1.,0.51));
#12242=CARTESIAN_POINT('',(-6.265,-1.,0.82));
#12243=CARTESIAN_POINT('',(-6.265,-1.,0.841614000000001));
#12244=CARTESIAN_POINT('',(1.5,-1.,0.819999999999999));
#12245=CARTESIAN_POINT('Origin',(-6.265,-1.15,0.0678271361313582));
#12246=CARTESIAN_POINT('',(-6.265,-1.1,0.0678271361313582));
#12247=CARTESIAN_POINT('',(-6.265,-1.14777996931896,0.0178764458080477));
#12248=CARTESIAN_POINT('Origin',(-6.265,-1.15,0.0678271361313582));
#12249=CARTESIAN_POINT('',(-6.115,-1.1,0.0678271361313581));
#12250=CARTESIAN_POINT('',(-6.265,-1.1,0.0678271361313582));
#12251=CARTESIAN_POINT('',(-6.115,-1.14777996931896,0.0178764458080477));
#12252=CARTESIAN_POINT('Origin',(-6.115,-1.15,0.0678271361313582));
#12253=CARTESIAN_POINT('',(-6.265,-1.14777996931896,0.0178764458080477));
#12254=CARTESIAN_POINT('Origin',(-6.265,-1.14777996931896,0.0178764458080477));
#12255=CARTESIAN_POINT('',(-6.265,-1.55,2.22044604925031E-16));
#12256=CARTESIAN_POINT('',(-6.265,-1.55,2.22044604925031E-16));
#12257=CARTESIAN_POINT('',(-6.115,-1.55,2.22044604925031E-16));
#12258=CARTESIAN_POINT('',(-6.115,-1.55,2.22044604925031E-16));
#12259=CARTESIAN_POINT('',(-6.265,-1.55,2.22044604925031E-16));
#12260=CARTESIAN_POINT('Origin',(-6.265,-1.55,2.22044604925031E-16));
#12261=CARTESIAN_POINT('',(-6.265,-1.6,0.0500000000000009));
#12262=CARTESIAN_POINT('',(-6.265,-1.6,0.0500000000000009));
#12263=CARTESIAN_POINT('',(-6.115,-1.6,0.0500000000000009));
#12264=CARTESIAN_POINT('',(-6.115,-1.6,0.0500000000000009));
#12265=CARTESIAN_POINT('',(-6.265,-1.6,0.0500000000000009));
#12266=CARTESIAN_POINT('Origin',(-6.265,-1.6,0.0500000000000009));
#12267=CARTESIAN_POINT('',(-6.265,-1.6,0.12));
#12268=CARTESIAN_POINT('',(-6.265,-1.6,0.0500000000000009));
#12269=CARTESIAN_POINT('',(-6.115,-1.6,0.12));
#12270=CARTESIAN_POINT('',(-6.115,-1.6,0.0500000000000009));
#12271=CARTESIAN_POINT('',(-6.265,-1.6,0.12));
#12272=CARTESIAN_POINT('Origin',(-6.265,-1.65,0.12));
#12273=CARTESIAN_POINT('',(-6.265,-1.65,0.17));
#12274=CARTESIAN_POINT('Origin',(-6.265,-1.65,0.12));
#12275=CARTESIAN_POINT('',(-6.115,-1.65,0.17));
#12276=CARTESIAN_POINT('Origin',(-6.115,-1.65,0.12));
#12277=CARTESIAN_POINT('',(-6.265,-1.65,0.17));
#12278=CARTESIAN_POINT('Origin',(-6.265,-1.65,0.17));
#12279=CARTESIAN_POINT('',(-6.265,-1.82499999999999,0.17));
#12280=CARTESIAN_POINT('',(-6.265,-1.65,0.17));
#12281=CARTESIAN_POINT('',(-6.115,-1.82499999999999,0.17));
#12282=CARTESIAN_POINT('',(-6.115,-1.65,0.17));
#12283=CARTESIAN_POINT('',(-6.265,-1.82499999999999,0.17));
#12284=CARTESIAN_POINT('Origin',(-6.265,-1.82499999999999,0.17));
#12285=CARTESIAN_POINT('',(-6.265,-1.82499999999999,0.370000000000001));
#12286=CARTESIAN_POINT('',(-6.265,-1.82499999999999,0.370000000000001));
#12287=CARTESIAN_POINT('',(-6.115,-1.82499999999999,0.370000000000001));
#12288=CARTESIAN_POINT('',(-6.115,-1.82499999999999,0.370000000000001));
#12289=CARTESIAN_POINT('',(-6.265,-1.82499999999999,0.370000000000001));
#12290=CARTESIAN_POINT('Origin',(-6.265,-1.82499999999999,0.370000000000001));
#12291=CARTESIAN_POINT('',(-6.265,-1.79999999999999,0.370000000000001));
#12292=CARTESIAN_POINT('',(-6.265,-1.79999999999999,0.370000000000001));
#12293=CARTESIAN_POINT('',(-6.115,-1.79999999999999,0.370000000000001));
#12294=CARTESIAN_POINT('',(-6.115,-1.79999999999999,0.370000000000001));
#12295=CARTESIAN_POINT('',(-6.265,-1.79999999999999,0.370000000000001));
#12296=CARTESIAN_POINT('Origin',(-6.265,-1.79999999999999,0.420000000000001));
#12297=CARTESIAN_POINT('',(-6.265,-1.74999999999999,0.420000000000001));
#12298=CARTESIAN_POINT('Origin',(-6.265,-1.79999999999999,0.420000000000001));
#12299=CARTESIAN_POINT('',(-6.115,-1.74999999999999,0.420000000000001));
#12300=CARTESIAN_POINT('Origin',(-6.115,-1.79999999999999,0.420000000000001));
#12301=CARTESIAN_POINT('',(-6.265,-1.74999999999999,0.420000000000001));
#12302=CARTESIAN_POINT('Origin',(-6.265,-1.74999999999999,0.420000000000001));
#12303=CARTESIAN_POINT('',(-6.265,-1.74999999999999,0.470000000000002));
#12304=CARTESIAN_POINT('',(-6.265,-1.74999999999999,0.420000000000001));
#12305=CARTESIAN_POINT('',(-6.115,-1.74999999999999,0.470000000000002));
#12306=CARTESIAN_POINT('',(-6.115,-1.74999999999999,0.420000000000001));
#12307=CARTESIAN_POINT('',(-6.265,-1.74999999999999,0.470000000000002));
#12308=CARTESIAN_POINT('Origin',(-6.265,-1.79999999999999,0.470000000000002));
#12309=CARTESIAN_POINT('',(-6.265,-1.79999999999999,0.520000000000001));
#12310=CARTESIAN_POINT('Origin',(-6.265,-1.79999999999999,0.470000000000002));
#12311=CARTESIAN_POINT('',(-6.115,-1.79999999999999,0.520000000000001));
#12312=CARTESIAN_POINT('Origin',(-6.115,-1.79999999999999,0.470000000000002));
#12313=CARTESIAN_POINT('',(-6.265,-1.79999999999999,0.520000000000001));
#12314=CARTESIAN_POINT('Origin',(-6.265,-1.79999999999999,0.520000000000001));
#12315=CARTESIAN_POINT('',(-6.265,-1.9,0.52));
#12316=CARTESIAN_POINT('',(-6.265,-1.9,0.520000000000002));
#12317=CARTESIAN_POINT('',(-6.115,-1.9,0.52));
#12318=CARTESIAN_POINT('',(-6.115,-1.9,0.520000000000001));
#12319=CARTESIAN_POINT('',(-6.265,-1.9,0.52));
#12320=CARTESIAN_POINT('Origin',(-6.265,-1.9,0.52));
#12321=CARTESIAN_POINT('',(-6.265,-1.9,0.82));
#12322=CARTESIAN_POINT('',(-6.265,-1.9,0.520000000000002));
#12323=CARTESIAN_POINT('',(-6.115,-1.9,0.82));
#12324=CARTESIAN_POINT('',(-6.115,-1.9,0.520000000000001));
#12325=CARTESIAN_POINT('',(-6.265,-1.9,0.82));
#12326=CARTESIAN_POINT('Origin',(-6.265,-1.1,0.460000000000002));
#12327=CARTESIAN_POINT('',(-6.265,-1.1,0.460000000000001));
#12328=CARTESIAN_POINT('',(-6.265,-1.1,0.841614000000001));
#12329=CARTESIAN_POINT('',(-6.115,-1.1,0.460000000000001));
#12330=CARTESIAN_POINT('',(-6.265,-1.1,0.460000000000001));
#12331=CARTESIAN_POINT('',(-6.115,-1.1,0.841614000000001));
#12332=CARTESIAN_POINT('Origin',(-6.265,-1.9,0.82));
#12333=CARTESIAN_POINT('',(-6.265,0.694862999999998,0.82));
#12334=CARTESIAN_POINT('',(-6.115,0.694862999999998,0.82));
#12335=CARTESIAN_POINT('Origin',(-6.115,-1.464196,0.375201000000001));
#12336=CARTESIAN_POINT('',(-6.115,-1.05,0.51));
#12337=CARTESIAN_POINT('Origin',(-6.115,-1.05,0.460000000000001));
#12338=CARTESIAN_POINT('',(-6.115,0.694862999999998,0.51));
#12339=CARTESIAN_POINT('Origin',(-6.265,-1.464196,0.375201000000001));
#12340=CARTESIAN_POINT('',(-6.265,-1.05,0.510000000000001));
#12341=CARTESIAN_POINT('',(-6.265,0.694862999999998,0.51));
#12342=CARTESIAN_POINT('Origin',(-6.265,-1.05,0.460000000000001));
#12343=CARTESIAN_POINT('Origin',(-6.265,-1.1,0.51));
#12344=CARTESIAN_POINT('',(-6.11494,-1.05,0.509999999999999));
#12345=CARTESIAN_POINT('Origin',(-6.265,-1.05,0.460000000000001));
#12346=CARTESIAN_POINT('Origin',(-6.5,0.694862999999999,0.841614));
#12347=CARTESIAN_POINT('',(-6.5,0.694862999999999,1.));
#12348=CARTESIAN_POINT('Origin',(-5.425,0.849999999999999,0.055));
#12349=CARTESIAN_POINT('',(-5.4,0.919999999999999,0.0800000000000002));
#12350=CARTESIAN_POINT('',(-5.4,0.694862999999998,0.0800000000000002));
#12351=CARTESIAN_POINT('',(-5.45,0.699999999999999,0.0299999999999999));
#12352=CARTESIAN_POINT('',(-5.4511675,0.694862999999998,0.0288324999999997));
#12353=CARTESIAN_POINT('',(-5.45,0.694862999999998,0.03));
#12354=CARTESIAN_POINT('Origin',(-5.3375,0.919999999999999,0.0800000000000001));
#12355=CARTESIAN_POINT('',(-5.1,0.919999999999999,0.0800000000000001));
#12356=CARTESIAN_POINT('',(-21.,0.919999999999999,0.0800000000000037));
#12357=CARTESIAN_POINT('',(-5.05,0.7,0.0299999999999999));
#12358=CARTESIAN_POINT('',(-5.0488325,0.694862999999998,0.0288324999999995));
#12359=CARTESIAN_POINT('',(10.5,0.699999999999999,0.0299999999999964));
#12360=CARTESIAN_POINT('Origin',(-5.075,0.85,0.0549999999999999));
#12361=CARTESIAN_POINT('',(-5.1,0.694862999999999,0.0800000000000001));
#12362=CARTESIAN_POINT('',(-5.05,0.694862999999999,0.0299999999999999));
#12363=CARTESIAN_POINT('Origin',(-5.1625,0.999999999999999,0.08));
#12364=CARTESIAN_POINT('Origin',(-4.8375,0.919999999999999,0.08));
#12365=CARTESIAN_POINT('',(-4.95,0.7,0.0299999999999999));
#12366=CARTESIAN_POINT('',(-2.5,0.699999999999999,0.0299999999999994));
#12367=CARTESIAN_POINT('',(-4.9511675,0.694862999999998,0.0288324999999995));
#12368=CARTESIAN_POINT('Origin',(-4.925,0.85,0.0549999999999999));
#12369=CARTESIAN_POINT('',(-4.95,0.694862999999999,0.0299999999999999));
#12370=CARTESIAN_POINT('Origin',(-46.1025,0.999999999999999,0.0300000000000092));
#12371=CARTESIAN_POINT('',(5.9525,-1.9,0.0299999999999974));
#12372=CARTESIAN_POINT('',(3.,-1.9,0.029999999999998));
#12373=CARTESIAN_POINT('',(-20.,0.999999999999999,0.0300000000000032));
#12374=CARTESIAN_POINT('',(-4.05,1.,0.0299999999999981));
#12375=CARTESIAN_POINT('',(-4.05,0.694862999999999,0.0299999999999997));
#12376=CARTESIAN_POINT('',(-3.95,0.999999999999999,0.0300000000000026));
#12377=CARTESIAN_POINT('',(-19.5,0.999999999999999,0.0300000000000031));
#12378=CARTESIAN_POINT('',(-3.95,0.7,0.0299999999999997));
#12379=CARTESIAN_POINT('',(-3.95,0.694862999999999,0.0299999999999997));
#12380=CARTESIAN_POINT('',(-3.55,0.699999999999999,0.0299999999999996));
#12381=CARTESIAN_POINT('',(-1.,0.7,0.029999999999999));
#12382=CARTESIAN_POINT('',(-3.55,0.999999999999999,0.029999999999998));
#12383=CARTESIAN_POINT('',(-3.55,0.694862999999998,0.0299999999999996));
#12384=CARTESIAN_POINT('',(-3.45,0.999999999999999,0.0300000000000025));
#12385=CARTESIAN_POINT('',(-19.,0.999999999999999,0.030000000000003));
#12386=CARTESIAN_POINT('',(-3.45,0.699999999999999,0.0299999999999996));
#12387=CARTESIAN_POINT('',(-3.45,0.694862999999998,0.0299999999999996));
#12388=CARTESIAN_POINT('',(-3.05,0.699999999999999,0.0299999999999995));
#12389=CARTESIAN_POINT('',(-1.,0.699999999999999,0.029999999999999));
#12390=CARTESIAN_POINT('',(-3.05,0.999999999999999,0.0299999999999979));
#12391=CARTESIAN_POINT('',(-3.05,0.694862999999998,0.0299999999999995));
#12392=CARTESIAN_POINT('',(-2.95,0.999999999999999,0.0300000000000024));
#12393=CARTESIAN_POINT('',(-18.5,0.999999999999999,0.0300000000000029));
#12394=CARTESIAN_POINT('',(-2.95,0.699999999999999,0.0299999999999995));
#12395=CARTESIAN_POINT('',(-2.95,0.694862999999998,0.0299999999999995));
#12396=CARTESIAN_POINT('',(-2.55,0.699999999999999,0.0299999999999994));
#12397=CARTESIAN_POINT('',(-2.22044604925031E-16,0.699999999999999,0.0299999999999988));
#12398=CARTESIAN_POINT('',(-2.55,0.999999999999999,0.0299999999999978));
#12399=CARTESIAN_POINT('',(-2.55,0.694862999999998,0.0299999999999994));
#12400=CARTESIAN_POINT('',(-2.45,0.999999999999999,0.0300000000000022));
#12401=CARTESIAN_POINT('',(-18.,0.999999999999999,0.0300000000000028));
#12402=CARTESIAN_POINT('',(-2.45,0.699999999999999,0.0299999999999994));
#12403=CARTESIAN_POINT('',(-2.45,0.694862999999998,0.0299999999999994));
#12404=CARTESIAN_POINT('',(-2.05,0.699999999999999,0.0299999999999992));
#12405=CARTESIAN_POINT('',(-2.22044604925031E-16,0.699999999999999,0.0299999999999988));
#12406=CARTESIAN_POINT('',(-2.05,0.999999999999999,0.0299999999999977));
#12407=CARTESIAN_POINT('',(-2.05,0.694862999999998,0.0299999999999992));
#12408=CARTESIAN_POINT('',(-1.95,0.999999999999999,0.0300000000000021));
#12409=CARTESIAN_POINT('',(-17.5,0.999999999999999,0.0300000000000027));
#12410=CARTESIAN_POINT('',(-1.95,0.699999999999999,0.0299999999999992));
#12411=CARTESIAN_POINT('',(-1.95,0.694862999999998,0.0299999999999992));
#12412=CARTESIAN_POINT('',(-1.55,0.699999999999999,0.0299999999999991));
#12413=CARTESIAN_POINT('',(0.5,0.699999999999999,0.0299999999999987));
#12414=CARTESIAN_POINT('',(-1.55,0.999999999999999,0.0299999999999976));
#12415=CARTESIAN_POINT('',(-1.55,0.694862999999998,0.0299999999999991));
#12416=CARTESIAN_POINT('',(-1.45,0.999999999999999,0.030000000000002));
#12417=CARTESIAN_POINT('',(-17.,0.999999999999999,0.0300000000000026));
#12418=CARTESIAN_POINT('',(-1.45,0.699999999999999,0.0299999999999991));
#12419=CARTESIAN_POINT('',(-1.45,0.694862999999998,0.0299999999999991));
#12420=CARTESIAN_POINT('',(-1.05,0.699999999999999,0.0299999999999991));
#12421=CARTESIAN_POINT('',(1.,0.699999999999999,0.0299999999999987));
#12422=CARTESIAN_POINT('',(-1.05,0.999999999999999,0.0299999999999976));
#12423=CARTESIAN_POINT('',(-1.05,0.694862999999998,0.0299999999999991));
#12424=CARTESIAN_POINT('',(-0.95,0.999999999999999,0.030000000000002));
#12425=CARTESIAN_POINT('',(-16.5,0.999999999999999,0.0300000000000026));
#12426=CARTESIAN_POINT('',(-0.950000000000003,0.699999999999999,0.0299999999999991));
#12427=CARTESIAN_POINT('',(-0.95,0.694862999999998,0.0299999999999991));
#12428=CARTESIAN_POINT('',(-0.549999999999999,0.699999999999999,0.029999999999999));
#12429=CARTESIAN_POINT('',(1.5,0.699999999999999,0.0299999999999986));
#12430=CARTESIAN_POINT('',(-0.549999999999998,0.999999999999999,0.0299999999999975));
#12431=CARTESIAN_POINT('',(-0.550000000000001,0.694862999999998,0.029999999999999));
#12432=CARTESIAN_POINT('',(-0.45,0.999999999999999,0.0300000000000019));
#12433=CARTESIAN_POINT('',(-16.,0.999999999999999,0.0300000000000025));
#12434=CARTESIAN_POINT('',(-0.450000000000003,0.699999999999999,0.029999999999999));
#12435=CARTESIAN_POINT('',(-0.45,0.694862999999998,0.029999999999999));
#12436=CARTESIAN_POINT('',(-0.0499999999999992,0.699999999999999,0.0299999999999989));
#12437=CARTESIAN_POINT('',(2.5,0.699999999999999,0.0299999999999984));
#12438=CARTESIAN_POINT('',(-0.0499999999999983,0.999999999999999,0.0299999999999974));
#12439=CARTESIAN_POINT('',(-0.0500000000000009,0.694862999999998,0.0299999999999989));
#12440=CARTESIAN_POINT('',(0.0500000000000005,0.999999999999999,0.0300000000000018));
#12441=CARTESIAN_POINT('',(-15.5,0.999999999999999,0.0300000000000024));
#12442=CARTESIAN_POINT('',(0.0499999999999969,0.699999999999999,0.0299999999999989));
#12443=CARTESIAN_POINT('',(0.0500000000000005,0.694862999999998,0.0299999999999989));
#12444=CARTESIAN_POINT('',(0.450000000000001,0.699999999999999,0.0299999999999988));
#12445=CARTESIAN_POINT('',(3.,0.699999999999999,0.0299999999999983));
#12446=CARTESIAN_POINT('',(0.450000000000002,0.999999999999999,0.0299999999999973));
#12447=CARTESIAN_POINT('',(0.449999999999999,0.694862999999998,0.0299999999999988));
#12448=CARTESIAN_POINT('',(0.55,0.999999999999999,0.0300000000000017));
#12449=CARTESIAN_POINT('',(-15.,0.999999999999999,0.0300000000000022));
#12450=CARTESIAN_POINT('',(0.549999999999997,0.699999999999999,0.0299999999999988));
#12451=CARTESIAN_POINT('',(0.55,0.694862999999998,0.0299999999999988));
#12452=CARTESIAN_POINT('',(0.950000000000001,0.699999999999999,0.0299999999999987));
#12453=CARTESIAN_POINT('',(3.5,0.699999999999999,0.0299999999999981));
#12454=CARTESIAN_POINT('',(0.950000000000002,0.999999999999999,0.0299999999999971));
#12455=CARTESIAN_POINT('',(0.949999999999999,0.694862999999998,0.0299999999999987));
#12456=CARTESIAN_POINT('',(1.05,0.999999999999999,0.0300000000000016));
#12457=CARTESIAN_POINT('',(-14.5,0.999999999999999,0.0300000000000021));
#12458=CARTESIAN_POINT('',(1.05,0.699999999999999,0.0299999999999987));
#12459=CARTESIAN_POINT('',(1.05,0.694862999999998,0.0299999999999987));
#12460=CARTESIAN_POINT('',(1.45,0.699999999999999,0.0299999999999986));
#12461=CARTESIAN_POINT('',(4.,0.699999999999999,0.029999999999998));
#12462=CARTESIAN_POINT('',(1.45,0.999999999999999,0.029999999999997));
#12463=CARTESIAN_POINT('',(1.45,0.694862999999998,0.0299999999999986));
#12464=CARTESIAN_POINT('',(1.55,0.999999999999999,0.0300000000000015));
#12465=CARTESIAN_POINT('',(-14.,0.999999999999999,0.030000000000002));
#12466=CARTESIAN_POINT('',(1.55,0.699999999999999,0.0299999999999986));
#12467=CARTESIAN_POINT('',(1.55,0.694862999999998,0.0299999999999986));
#12468=CARTESIAN_POINT('',(1.95,0.699999999999999,0.0299999999999984));
#12469=CARTESIAN_POINT('',(4.,0.699999999999999,0.029999999999998));
#12470=CARTESIAN_POINT('',(1.95,0.999999999999999,0.0299999999999968));
#12471=CARTESIAN_POINT('',(1.95,0.694862999999998,0.0299999999999984));
#12472=CARTESIAN_POINT('',(2.05,0.999999999999998,0.0300000000000012));
#12473=CARTESIAN_POINT('',(-13.5,0.999999999999999,0.0300000000000018));
#12474=CARTESIAN_POINT('',(2.05,0.699999999999999,0.0299999999999984));
#12475=CARTESIAN_POINT('',(2.05,0.694862999999998,0.0299999999999984));
#12476=CARTESIAN_POINT('',(2.45,0.699999999999999,0.0299999999999983));
#12477=CARTESIAN_POINT('',(5.,0.699999999999999,0.0299999999999978));
#12478=CARTESIAN_POINT('',(2.45,0.999999999999999,0.0299999999999967));
#12479=CARTESIAN_POINT('',(2.45,0.694862999999998,0.0299999999999983));
#12480=CARTESIAN_POINT('',(2.55,0.999999999999999,0.0300000000000011));
#12481=CARTESIAN_POINT('',(-13.,0.999999999999999,0.0300000000000017));
#12482=CARTESIAN_POINT('',(2.55,0.699999999999999,0.0299999999999983));
#12483=CARTESIAN_POINT('',(2.55,0.694862999999998,0.0299999999999983));
#12484=CARTESIAN_POINT('',(2.95,0.699999999999999,0.0299999999999981));
#12485=CARTESIAN_POINT('',(5.5,0.699999999999999,0.0299999999999977));
#12486=CARTESIAN_POINT('',(2.95,0.999999999999999,0.0299999999999966));
#12487=CARTESIAN_POINT('',(2.95,0.694862999999998,0.0299999999999981));
#12488=CARTESIAN_POINT('',(3.05,0.999999999999998,0.030000000000001));
#12489=CARTESIAN_POINT('',(-12.5,0.999999999999999,0.0300000000000016));
#12490=CARTESIAN_POINT('',(3.05,0.699999999999999,0.0299999999999981));
#12491=CARTESIAN_POINT('',(3.05,0.694862999999998,0.0299999999999981));
#12492=CARTESIAN_POINT('',(3.45,0.699999999999999,0.029999999999998));
#12493=CARTESIAN_POINT('',(6.,0.699999999999999,0.0299999999999975));
#12494=CARTESIAN_POINT('',(3.45,0.999999999999999,0.0299999999999965));
#12495=CARTESIAN_POINT('',(3.45,0.694862999999998,0.029999999999998));
#12496=CARTESIAN_POINT('',(3.55,0.999999999999998,0.0300000000000009));
#12497=CARTESIAN_POINT('',(-12.,0.999999999999999,0.0300000000000015));
#12498=CARTESIAN_POINT('',(3.55,0.699999999999999,0.029999999999998));
#12499=CARTESIAN_POINT('',(3.55,0.694862999999998,0.029999999999998));
#12500=CARTESIAN_POINT('',(3.95,0.699999999999999,0.0299999999999979));
#12501=CARTESIAN_POINT('',(6.5,0.699999999999999,0.0299999999999975));
#12502=CARTESIAN_POINT('',(3.95,0.999999999999999,0.0299999999999964));
#12503=CARTESIAN_POINT('',(3.95,0.694862999999998,0.0299999999999979));
#12504=CARTESIAN_POINT('',(4.05,0.999999999999998,0.0300000000000008));
#12505=CARTESIAN_POINT('',(-11.5,0.999999999999999,0.0300000000000014));
#12506=CARTESIAN_POINT('',(4.05,0.699999999999999,0.0299999999999979));
#12507=CARTESIAN_POINT('',(4.05,0.694862999999998,0.0299999999999979));
#12508=CARTESIAN_POINT('',(4.45,0.699999999999999,0.0299999999999977));
#12509=CARTESIAN_POINT('',(7.,0.699999999999999,0.0299999999999971));
#12510=CARTESIAN_POINT('',(4.45,0.999999999999999,0.0299999999999961));
#12511=CARTESIAN_POINT('',(4.45,0.694862999999998,0.0299999999999977));
#12512=CARTESIAN_POINT('',(4.55,0.999999999999999,0.0300000000000006));
#12513=CARTESIAN_POINT('',(-11.,0.999999999999999,0.0300000000000011));
#12514=CARTESIAN_POINT('',(4.55,0.699999999999999,0.0299999999999977));
#12515=CARTESIAN_POINT('',(4.55,0.694862999999998,0.0299999999999977));
#12516=CARTESIAN_POINT('',(4.95,0.7,0.0299999999999974));
#12517=CARTESIAN_POINT('',(7.5,0.7,0.0299999999999967));
#12518=CARTESIAN_POINT('',(4.95,0.999999999999999,0.0299999999999954));
#12519=CARTESIAN_POINT('',(4.95,0.694862999999999,0.0299999999999974));
#12520=CARTESIAN_POINT('',(5.05,0.999999999999999,0.0300000000000002));
#12521=CARTESIAN_POINT('',(-10.5,1.,0.0300000000000008));
#12522=CARTESIAN_POINT('',(5.05,0.7,0.0299999999999974));
#12523=CARTESIAN_POINT('',(5.05,0.694862999999999,0.0299999999999974));
#12524=CARTESIAN_POINT('',(5.45,0.7,0.0299999999999971));
#12525=CARTESIAN_POINT('',(-10.5,0.7,0.0300000000000009));
#12526=CARTESIAN_POINT('',(5.45,0.999999999999999,0.0299999999999964));
#12527=CARTESIAN_POINT('',(5.45,0.694862999999999,0.0299999999999973));
#12528=CARTESIAN_POINT('',(5.9525,0.999999999999999,0.029999999999997));
#12529=CARTESIAN_POINT('',(-10.5,0.999999999999999,0.0300000000000008));
#12530=CARTESIAN_POINT('',(5.9525,0.694862999999999,0.0299999999999971));
#12531=CARTESIAN_POINT('Origin',(-0.825,0.949999999999987,0.0361954891124611));
#12532=CARTESIAN_POINT('',(-0.825,0.919999999999987,0.0361954891124611));
#12533=CARTESIAN_POINT('',(-0.674999999999999,0.919999999999987,0.036195489112461));
#12534=CARTESIAN_POINT('',(-0.825,0.919999999999987,0.0361954891124611));
#12535=CARTESIAN_POINT('',(-0.674999999999999,0.943186633610997,0.0654115469993384));
#12536=CARTESIAN_POINT('Origin',(-0.674999999999999,0.949999999999987,0.036195489112461));
#12537=CARTESIAN_POINT('',(-0.825,0.943186633610997,0.0654115469993385));
#12538=CARTESIAN_POINT('',(-0.825,0.943186633610997,0.0654115469993385));
#12539=CARTESIAN_POINT('Origin',(-0.825,0.949999999999987,0.0361954891124611));
#12540=CARTESIAN_POINT('Origin',(-2.325,1.35,0.109999999999999));
#12541=CARTESIAN_POINT('',(-2.325,1.35,0.16));
#12542=CARTESIAN_POINT('',(-2.175,1.35,0.159999999999999));
#12543=CARTESIAN_POINT('',(-2.325,1.35,0.16));
#12544=CARTESIAN_POINT('',(-2.175,1.29999999999999,0.109999999999999));
#12545=CARTESIAN_POINT('Origin',(-2.175,1.35,0.109999999999999));
#12546=CARTESIAN_POINT('',(-2.325,1.29999999999999,0.109999999999999));
#12547=CARTESIAN_POINT('',(-2.325,1.29999999999999,0.109999999999999));
#12548=CARTESIAN_POINT('Origin',(-2.325,1.35,0.109999999999999));
#12549=CARTESIAN_POINT('Origin',(-1.825,1.29999999999999,0.109999999999999));
#12550=CARTESIAN_POINT('',(-1.825,1.29999999999999,0.109999999999999));
#12551=CARTESIAN_POINT('',(-1.675,1.29999999999999,0.109999999999999));
#12552=CARTESIAN_POINT('',(-1.825,1.29999999999999,0.109999999999999));
#12553=CARTESIAN_POINT('',(-1.675,1.29999999999999,0.841613999999999));
#12554=CARTESIAN_POINT('',(-1.825,1.29999999999999,0.109999999999999));
#12555=CARTESIAN_POINT('Origin',(-4.325,1.35,0.109999999999999));
#12556=CARTESIAN_POINT('Origin',(-4.175,1.35,0.109999999999999));
#12557=CARTESIAN_POINT('Origin',(-4.325,1.35,0.109999999999999));
#12558=CARTESIAN_POINT('Origin',(2.325,1.24577907539775,0.170500231015464));
#12559=CARTESIAN_POINT('',(2.325,0.999999999999999,0.0799999999999982));
#12560=CARTESIAN_POINT('',(2.325,0.999999999999999,0.0786607773540633));
#12561=CARTESIAN_POINT('',(2.325,0.999999999999999,0.841613999999998));
#12562=CARTESIAN_POINT('',(2.325,0.943186633610996,0.0654115469993376));
#12563=CARTESIAN_POINT('',(2.325,0.694862999999998,0.00750093135816476));
#12564=CARTESIAN_POINT('',(2.325,0.919999999999987,0.0361954891124602));
#12565=CARTESIAN_POINT('Origin',(2.325,0.949999999999986,0.0361954891124602));
#12566=CARTESIAN_POINT('',(2.325,0.919999999999985,-1.55431223447522E-15));
#12567=CARTESIAN_POINT('',(2.325,0.919999999999986,0.841613999999998));
#12568=CARTESIAN_POINT('',(2.325,1.24999999999999,-1.66533453693773E-15));
#12569=CARTESIAN_POINT('',(2.325,0.694862999999998,-1.55431223447522E-15));
#12570=CARTESIAN_POINT('',(2.325,1.29999999999999,0.0499999999999989));
#12571=CARTESIAN_POINT('',(2.325,0.694862999999997,-0.555136999999911));
#12572=CARTESIAN_POINT('',(2.325,1.29999999999999,0.109999999999998));
#12573=CARTESIAN_POINT('',(2.325,1.29999999999999,0.841613999999998));
#12574=CARTESIAN_POINT('',(2.325,1.35,0.159999999999998));
#12575=CARTESIAN_POINT('Origin',(2.325,1.35,0.109999999999998));
#12576=CARTESIAN_POINT('',(2.325,1.35,0.309999999999998));
#12577=CARTESIAN_POINT('',(2.325,1.35,0.841613999999998));
#12578=CARTESIAN_POINT('',(2.325,0.999999999999999,0.309999999999998));
#12579=CARTESIAN_POINT('',(2.325,0.694862999999998,0.309999999999998));
#12580=CARTESIAN_POINT('',(2.325,0.999999999999999,0.841613999999998));
#12581=CARTESIAN_POINT('Origin',(-0.825,0.943186633610997,0.0654115469993385));
#12582=CARTESIAN_POINT('',(-0.674999999999999,0.999999999999999,0.0786607773540641));
#12583=CARTESIAN_POINT('',(-0.674999999999999,0.694862999999997,0.00750093135816543));
#12584=CARTESIAN_POINT('',(-0.825,0.999999999999999,0.0786607773540642));
#12585=CARTESIAN_POINT('',(4.5,0.999999999999999,0.0786607773540631));
#12586=CARTESIAN_POINT('',(-0.825,0.943186633610997,0.0654115469993385));
#12587=CARTESIAN_POINT('Origin',(-1.325,0.919999999999986,-6.66133814775094E-16));
#12588=CARTESIAN_POINT('',(-1.325,0.919999999999986,-6.66133814775094E-16));
#12589=CARTESIAN_POINT('',(-1.325,0.919999999999987,0.0361954891124611));
#12590=CARTESIAN_POINT('',(-1.325,0.919999999999986,-6.66133814775094E-16));
#12591=CARTESIAN_POINT('',(-1.175,0.919999999999986,-7.7715611723761E-16));
#12592=CARTESIAN_POINT('',(-1.325,0.919999999999986,-6.66133814775094E-16));
#12593=CARTESIAN_POINT('',(-1.175,0.919999999999987,0.036195489112461));
#12594=CARTESIAN_POINT('',(-1.175,0.919999999999986,0.841613999999999));
#12595=CARTESIAN_POINT('',(-1.325,0.919999999999987,0.0361954891124611));
#12596=CARTESIAN_POINT('Origin',(-4.175,1.24577907539775,0.170500231015466));
#12597=CARTESIAN_POINT('',(-4.175,0.919999999999986,0.841614));
#12598=CARTESIAN_POINT('',(-4.175,0.694862999999997,-0.55513699999991));
#12599=CARTESIAN_POINT('',(-4.175,0.999999999999999,0.31));
#12600=CARTESIAN_POINT('',(-4.175,0.694862999999998,0.31));
#12601=CARTESIAN_POINT('',(-4.175,0.999999999999999,0.841614));
#12602=CARTESIAN_POINT('Origin',(-21.885,-1.9,1.05));
#12603=CARTESIAN_POINT('',(5.885,-1.9,0.0999999999999972));
#12604=CARTESIAN_POINT('',(1.,-1.9,0.0999999999999995));
#12605=CARTESIAN_POINT('',(-7.,-1.9,1.));
#12606=CARTESIAN_POINT('',(5.9525,-1.9,0.13));
#12607=CARTESIAN_POINT('',(5.9525,-1.9,0.402847335292077));
#12608=CARTESIAN_POINT('',(5.9525,-1.9,0.999999999999998));
#12609=CARTESIAN_POINT('',(5.9525,-1.9,0.614999999999997));
#12610=CARTESIAN_POINT('',(5.885,-1.9,0.999999999999998));
#12611=CARTESIAN_POINT('',(7.,-1.9,0.999999999999998));
#12612=CARTESIAN_POINT('',(5.885,-1.9,0.574999999999998));
#12613=CARTESIAN_POINT('Origin',(-2.325,1.29999999999999,0.109999999999999));
#12614=CARTESIAN_POINT('',(-2.175,1.29999999999999,0.05));
#12615=CARTESIAN_POINT('',(-2.175,1.29999999999999,0.841613999999999));
#12616=CARTESIAN_POINT('',(-2.325,1.29999999999999,0.05));
#12617=CARTESIAN_POINT('',(-2.325,1.29999999999999,0.0500000000000002));
#12618=CARTESIAN_POINT('',(-2.325,1.29999999999999,0.109999999999999));
#12619=CARTESIAN_POINT('Origin',(-0.324999999999999,1.35,0.310000000000001));
#12620=CARTESIAN_POINT('',(-0.324999999999999,1.35,0.309999999999999));
#12621=CARTESIAN_POINT('',(-0.174999999999999,1.35,0.309999999999999));
#12622=CARTESIAN_POINT('',(2.5,1.35,0.309999999999998));
#12623=CARTESIAN_POINT('',(-0.174999999999999,1.35,0.159999999999999));
#12624=CARTESIAN_POINT('',(-0.174999999999999,1.35,0.841613999999999));
#12625=CARTESIAN_POINT('',(-0.324999999999999,1.35,0.159999999999999));
#12626=CARTESIAN_POINT('',(-0.324999999999999,1.35,0.159999999999999));
#12627=CARTESIAN_POINT('',(-0.324999999999999,1.35,0.310000000000001));
#12628=CARTESIAN_POINT('Origin',(0.175,0.943186633610997,0.0654115469993383));
#12629=CARTESIAN_POINT('',(0.175,0.943186633610997,0.0654115469993383));
#12630=CARTESIAN_POINT('',(0.325000000000001,0.943186633610997,0.0654115469993382));
#12631=CARTESIAN_POINT('',(0.175,0.943186633610997,0.0654115469993383));
#12632=CARTESIAN_POINT('',(0.325000000000001,0.999999999999999,0.0786607773540638));
#12633=CARTESIAN_POINT('',(0.325000000000001,0.694862999999997,0.00750093135816521));
#12634=CARTESIAN_POINT('',(0.175,0.999999999999999,0.078660777354064));
#12635=CARTESIAN_POINT('',(5.5,0.999999999999999,0.0786607773540629));
#12636=CARTESIAN_POINT('',(0.175,0.943186633610997,0.0654115469993383));
#12637=CARTESIAN_POINT('Origin',(0.175,0.949999999999987,0.0361954891124608));
#12638=CARTESIAN_POINT('',(0.175,0.919999999999987,0.0361954891124609));
#12639=CARTESIAN_POINT('',(0.325000000000001,0.919999999999987,0.0361954891124608));
#12640=CARTESIAN_POINT('',(0.175,0.919999999999987,0.0361954891124609));
#12641=CARTESIAN_POINT('Origin',(0.325000000000001,0.949999999999987,0.0361954891124607));
#12642=CARTESIAN_POINT('Origin',(0.175,0.949999999999987,0.0361954891124608));
#12643=CARTESIAN_POINT('Origin',(0.175,0.919999999999986,-8.88178419700125E-16));
#12644=CARTESIAN_POINT('',(0.175,0.919999999999986,-8.88178419700125E-16));
#12645=CARTESIAN_POINT('',(0.175,0.919999999999986,-8.88178419700125E-16));
#12646=CARTESIAN_POINT('',(0.325000000000001,0.919999999999986,-9.99200722162641E-16));
#12647=CARTESIAN_POINT('',(0.175,0.919999999999986,-8.88178419700125E-16));
#12648=CARTESIAN_POINT('',(0.325000000000001,0.919999999999986,0.841613999999999));
#12649=CARTESIAN_POINT('Origin',(0.175,1.24999999999999,-9.99200722162641E-16));
#12650=CARTESIAN_POINT('',(0.175,1.24999999999999,-9.99200722162641E-16));
#12651=CARTESIAN_POINT('',(0.325000000000001,1.24999999999999,-1.11022302462516E-15));
#12652=CARTESIAN_POINT('',(0.175,1.24999999999999,-9.99200722162641E-16));
#12653=CARTESIAN_POINT('',(0.325000000000001,0.694862999999997,-9.99200722162641E-16));
#12654=CARTESIAN_POINT('',(0.175,0.919999999999986,-8.88178419700125E-16));
#12655=CARTESIAN_POINT('Origin',(0.175,1.29999999999999,0.0499999999999997));
#12656=CARTESIAN_POINT('',(0.175,1.29999999999999,0.0499999999999996));
#12657=CARTESIAN_POINT('',(0.325000000000001,1.29999999999999,0.0499999999999996));
#12658=CARTESIAN_POINT('',(0.175,1.29999999999999,0.0499999999999997));
#12659=CARTESIAN_POINT('',(0.325000000000001,0.694862999999997,-0.555136999999911));
#12660=CARTESIAN_POINT('',(0.175,1.29999999999999,0.0499999999999997));
#12661=CARTESIAN_POINT('Origin',(0.175,1.29999999999999,0.109999999999998));
#12662=CARTESIAN_POINT('',(0.175,1.29999999999999,0.109999999999998));
#12663=CARTESIAN_POINT('',(0.325000000000001,1.29999999999999,0.109999999999998));
#12664=CARTESIAN_POINT('',(0.175,1.29999999999999,0.109999999999998));
#12665=CARTESIAN_POINT('',(0.325000000000001,1.29999999999999,0.841613999999999));
#12666=CARTESIAN_POINT('',(0.175,1.29999999999999,0.109999999999998));
#12667=CARTESIAN_POINT('Origin',(0.175,1.35,0.109999999999998));
#12668=CARTESIAN_POINT('',(0.175,1.35,0.159999999999999));
#12669=CARTESIAN_POINT('',(0.325000000000001,1.35,0.159999999999999));
#12670=CARTESIAN_POINT('',(0.175,1.35,0.159999999999999));
#12671=CARTESIAN_POINT('Origin',(0.325000000000001,1.35,0.109999999999998));
#12672=CARTESIAN_POINT('Origin',(0.175,1.35,0.109999999999998));
#12673=CARTESIAN_POINT('Origin',(0.175,1.35,0.310000000000001));
#12674=CARTESIAN_POINT('',(0.175,1.35,0.309999999999999));
#12675=CARTESIAN_POINT('',(0.325000000000001,1.35,0.309999999999999));
#12676=CARTESIAN_POINT('',(3.,1.35,0.309999999999998));
#12677=CARTESIAN_POINT('',(0.325000000000001,1.35,0.841613999999999));
#12678=CARTESIAN_POINT('',(0.175,1.35,0.310000000000001));
#12679=CARTESIAN_POINT('Origin',(0.925,0.849999999999999,0.0549999999999987));
#12680=CARTESIAN_POINT('',(0.9,0.999999999999999,0.0799999999999986));
#12681=CARTESIAN_POINT('',(0.9,0.919999999999999,0.0799999999999989));
#12682=CARTESIAN_POINT('',(0.9,0.694862999999998,0.0799999999999989));
#12683=CARTESIAN_POINT('',(-14.5,1.,15.4799999999998));
#12684=CARTESIAN_POINT('',(0.951167500000002,0.694862999999997,0.0288324999999983));
#12685=CARTESIAN_POINT('Origin',(0.675,0.943186633610997,0.0654115469993382));
#12686=CARTESIAN_POINT('',(0.675,0.943186633610997,0.0654115469993382));
#12687=CARTESIAN_POINT('',(0.825000000000001,0.943186633610997,0.065411546999338));
#12688=CARTESIAN_POINT('',(0.675,0.943186633610997,0.0654115469993382));
#12689=CARTESIAN_POINT('',(0.825000000000001,0.999999999999999,0.0786607773540637));
#12690=CARTESIAN_POINT('',(0.825000000000001,0.694862999999997,0.0075009313581651));
#12691=CARTESIAN_POINT('',(0.675,0.999999999999999,0.0786607773540638));
#12692=CARTESIAN_POINT('',(6.,0.999999999999999,0.0786607773540627));
#12693=CARTESIAN_POINT('',(0.675,0.943186633610997,0.0654115469993382));
#12694=CARTESIAN_POINT('Origin',(0.675,0.949999999999987,0.0361954891124607));
#12695=CARTESIAN_POINT('',(0.675,0.919999999999987,0.0361954891124607));
#12696=CARTESIAN_POINT('',(0.825000000000001,0.919999999999987,0.0361954891124607));
#12697=CARTESIAN_POINT('',(0.675,0.919999999999987,0.0361954891124607));
#12698=CARTESIAN_POINT('Origin',(0.825000000000001,0.949999999999987,0.0361954891124606));
#12699=CARTESIAN_POINT('Origin',(0.675,0.949999999999987,0.0361954891124607));
#12700=CARTESIAN_POINT('Origin',(0.675,0.919999999999986,-9.99200722162641E-16));
#12701=CARTESIAN_POINT('',(0.675,0.919999999999986,-9.99200722162641E-16));
#12702=CARTESIAN_POINT('',(0.675,0.919999999999986,-9.99200722162641E-16));
#12703=CARTESIAN_POINT('',(0.825000000000001,0.919999999999986,-1.11022302462516E-15));
#12704=CARTESIAN_POINT('',(0.675,0.919999999999986,-9.99200722162641E-16));
#12705=CARTESIAN_POINT('',(0.825000000000001,0.919999999999986,0.841613999999999));
#12706=CARTESIAN_POINT('Origin',(0.675,1.24999999999999,-1.11022302462516E-15));
#12707=CARTESIAN_POINT('',(0.675,1.24999999999999,-1.11022302462516E-15));
#12708=CARTESIAN_POINT('',(0.825000000000001,1.24999999999999,-1.22124532708767E-15));
#12709=CARTESIAN_POINT('',(0.675,1.24999999999999,-1.11022302462516E-15));
#12710=CARTESIAN_POINT('',(0.825000000000001,0.694862999999997,-1.11022302462516E-15));
#12711=CARTESIAN_POINT('',(0.675,0.919999999999986,-9.99200722162641E-16));
#12712=CARTESIAN_POINT('Origin',(-4.325,0.919999999999986,0.));
#12713=CARTESIAN_POINT('',(-4.325,0.919999999999986,0.));
#12714=CARTESIAN_POINT('Origin',(-4.325,1.29999999999999,0.0500000000000006));
#12715=CARTESIAN_POINT('',(-4.325,1.29999999999999,0.0500000000000006));
#12716=CARTESIAN_POINT('Origin',(2.175,1.35,0.310000000000001));
#12717=CARTESIAN_POINT('',(2.175,1.35,0.309999999999998));
#12718=CARTESIAN_POINT('',(5.,1.35,0.309999999999998));
#12719=CARTESIAN_POINT('',(2.175,1.35,0.159999999999998));
#12720=CARTESIAN_POINT('',(2.175,1.35,0.159999999999998));
#12721=CARTESIAN_POINT('',(2.175,1.35,0.310000000000001));
#12722=CARTESIAN_POINT('Origin',(-1.325,1.35,0.310000000000001));
#12723=CARTESIAN_POINT('',(-1.325,1.35,0.309999999999999));
#12724=CARTESIAN_POINT('',(-1.175,1.35,0.309999999999999));
#12725=CARTESIAN_POINT('',(1.5,1.35,0.309999999999998));
#12726=CARTESIAN_POINT('',(-1.175,1.35,0.159999999999999));
#12727=CARTESIAN_POINT('',(-1.175,1.35,0.841613999999999));
#12728=CARTESIAN_POINT('',(-1.325,1.35,0.159999999999999));
#12729=CARTESIAN_POINT('',(-1.325,1.35,0.159999999999999));
#12730=CARTESIAN_POINT('',(-1.325,1.35,0.310000000000001));
#12731=CARTESIAN_POINT('Origin',(-3.825,1.24999999999999,-2.22044604925031E-16));
#12732=CARTESIAN_POINT('',(-3.825,1.24999999999999,-2.22044604925031E-16));
#12733=CARTESIAN_POINT('',(-3.675,1.24999999999999,-2.22044604925031E-16));
#12734=CARTESIAN_POINT('',(-3.825,1.24999999999999,-2.22044604925031E-16));
#12735=CARTESIAN_POINT('',(-3.675,0.694862999999998,-1.11022302462516E-16));
#12736=CARTESIAN_POINT('',(-3.825,0.919999999999986,-1.11022302462516E-16));
#12737=CARTESIAN_POINT('Origin',(-1.325,1.35,0.109999999999999));
#12738=CARTESIAN_POINT('',(-1.175,1.29999999999999,0.109999999999999));
#12739=CARTESIAN_POINT('Origin',(-1.175,1.35,0.109999999999999));
#12740=CARTESIAN_POINT('',(-1.325,1.29999999999999,0.109999999999999));
#12741=CARTESIAN_POINT('',(-1.325,1.29999999999999,0.109999999999999));
#12742=CARTESIAN_POINT('Origin',(-1.325,1.35,0.109999999999999));
#12743=CARTESIAN_POINT('Origin',(-4.325,1.24577907539775,0.170500231015466));
#12744=CARTESIAN_POINT('',(-4.325,0.999999999999999,0.31));
#12745=CARTESIAN_POINT('',(-4.325,0.999999999999999,0.841614));
#12746=CARTESIAN_POINT('',(-4.325,0.694862999999997,0.31));
#12747=CARTESIAN_POINT('Origin',(-0.675,0.999999999999999,0.309999999999999));
#12748=CARTESIAN_POINT('',(1.,0.999999999999999,0.309999999999998));
#12749=CARTESIAN_POINT('Origin',(-0.825,1.24999999999999,-7.7715611723761E-16));
#12750=CARTESIAN_POINT('',(-0.825,1.24999999999999,-7.7715611723761E-16));
#12751=CARTESIAN_POINT('',(-0.674999999999999,1.24999999999999,-8.88178419700125E-16));
#12752=CARTESIAN_POINT('',(-0.825,1.24999999999999,-7.7715611723761E-16));
#12753=CARTESIAN_POINT('',(-0.674999999999999,0.919999999999986,-7.7715611723761E-16));
#12754=CARTESIAN_POINT('',(-0.674999999999999,0.694862999999997,-7.7715611723761E-16));
#12755=CARTESIAN_POINT('',(-0.825,0.919999999999986,-6.66133814775094E-16));
#12756=CARTESIAN_POINT('',(-0.825,0.919999999999986,-6.66133814775094E-16));
#12757=CARTESIAN_POINT('',(-0.825,0.919999999999986,-6.66133814775094E-16));
#12758=CARTESIAN_POINT('Origin',(-40.6766243888419,-1.49386726829363,1.00000000000001));
#12759=CARTESIAN_POINT('',(6.3,-0.0200000000000009,0.999999999999997));
#12760=CARTESIAN_POINT('',(2.5,-0.0200000000000009,0.999999999999999));
#12761=CARTESIAN_POINT('',(5.785,-1.8,0.999999999999998));
#12762=CARTESIAN_POINT('',(3.5,-1.8,0.999999999999998));
#12763=CARTESIAN_POINT('',(3.29013700000001,0.694862999999998,0.999999999999998));
#12764=CARTESIAN_POINT('',(6.1025,-1.75,0.999999999999998));
#12765=CARTESIAN_POINT('',(8.54736299999998,0.694862999999999,0.999999999999997));
#12766=CARTESIAN_POINT('',(6.1025,-1.,0.999999999999998));
#12767=CARTESIAN_POINT('',(6.1025,0.694862999999999,0.999999999999997));
#12768=CARTESIAN_POINT('',(6.5,-1.,0.999999999999998));
#12769=CARTESIAN_POINT('',(-10.5,-1.,1.));
#12770=CARTESIAN_POINT('',(6.5,0.999999999999999,0.999999999999997));
#12771=CARTESIAN_POINT('',(6.5,0.694862999999999,0.999999999999997));
#12772=CARTESIAN_POINT('',(6.4,0.999999999999999,0.999999999999997));
#12773=CARTESIAN_POINT('',(-10.5,0.999999999999999,1.));
#12774=CARTESIAN_POINT('',(6.3,0.899999999999998,0.999999999999997));
#12775=CARTESIAN_POINT('',(-10.5,-15.9,1.));
#12776=CARTESIAN_POINT('',(6.3,0.694862999999999,0.999999999999997));
#12777=CARTESIAN_POINT('Origin',(-2.325,1.29999999999999,0.0500000000000002));
#12778=CARTESIAN_POINT('',(-2.175,1.24999999999999,-6.66133814775094E-16));
#12779=CARTESIAN_POINT('',(-2.175,0.694862999999997,-0.555136999999911));
#12780=CARTESIAN_POINT('',(-2.325,1.24999999999999,-5.55111512312578E-16));
#12781=CARTESIAN_POINT('',(-2.325,1.24999999999999,-5.55111512312578E-16));
#12782=CARTESIAN_POINT('',(-2.325,1.29999999999999,0.0500000000000002));
#12783=CARTESIAN_POINT('Origin',(-0.825,0.919999999999986,-6.66133814775094E-16));
#12784=CARTESIAN_POINT('',(-0.825,0.919999999999986,-6.66133814775094E-16));
#12785=CARTESIAN_POINT('',(-0.674999999999999,0.919999999999986,0.841613999999999));
#12786=CARTESIAN_POINT('Origin',(-4.075,0.85,0.0549999999999997));
#12787=CARTESIAN_POINT('',(-19.5,1.,15.4799999999998));
#12788=CARTESIAN_POINT('Origin',(-0.825,1.29999999999999,0.109999999999999));
#12789=CARTESIAN_POINT('',(-0.825,1.29999999999999,0.109999999999999));
#12790=CARTESIAN_POINT('',(-0.674999999999999,1.29999999999999,0.109999999999999));
#12791=CARTESIAN_POINT('',(-0.825,1.29999999999999,0.109999999999999));
#12792=CARTESIAN_POINT('',(-0.674999999999999,1.29999999999999,0.0499999999999998));
#12793=CARTESIAN_POINT('',(-0.674999999999999,1.29999999999999,0.841613999999999));
#12794=CARTESIAN_POINT('',(-0.825,1.29999999999999,0.0499999999999998));
#12795=CARTESIAN_POINT('',(-0.825,1.29999999999999,0.0499999999999999));
#12796=CARTESIAN_POINT('',(-0.825,1.29999999999999,0.109999999999999));
#12797=CARTESIAN_POINT('Origin',(1.675,1.35,0.109999999999998));
#12798=CARTESIAN_POINT('',(1.675,1.35,0.159999999999999));
#12799=CARTESIAN_POINT('',(1.825,1.35,0.159999999999999));
#12800=CARTESIAN_POINT('',(1.675,1.35,0.159999999999999));
#12801=CARTESIAN_POINT('',(1.825,1.29999999999999,0.109999999999998));
#12802=CARTESIAN_POINT('Origin',(1.825,1.35,0.109999999999998));
#12803=CARTESIAN_POINT('',(1.675,1.29999999999999,0.109999999999998));
#12804=CARTESIAN_POINT('',(1.675,1.29999999999999,0.109999999999998));
#12805=CARTESIAN_POINT('Origin',(1.675,1.35,0.109999999999998));
#12806=CARTESIAN_POINT('Origin',(3.675,1.35,0.31));
#12807=CARTESIAN_POINT('',(3.675,1.35,0.309999999999998));
#12808=CARTESIAN_POINT('',(3.825,1.35,0.309999999999997));
#12809=CARTESIAN_POINT('',(6.5,1.35,0.309999999999997));
#12810=CARTESIAN_POINT('',(3.825,1.35,0.159999999999998));
#12811=CARTESIAN_POINT('',(3.825,1.35,0.841613999999998));
#12812=CARTESIAN_POINT('',(3.675,1.35,0.159999999999998));
#12813=CARTESIAN_POINT('',(3.675,1.35,0.159999999999998));
#12814=CARTESIAN_POINT('',(3.675,1.35,0.31));
#12815=CARTESIAN_POINT('Origin',(-0.825,1.35,0.109999999999999));
#12816=CARTESIAN_POINT('',(-0.825,1.35,0.159999999999999));
#12817=CARTESIAN_POINT('',(-0.674999999999999,1.35,0.159999999999999));
#12818=CARTESIAN_POINT('',(-0.825,1.35,0.159999999999999));
#12819=CARTESIAN_POINT('Origin',(-0.674999999999999,1.35,0.109999999999999));
#12820=CARTESIAN_POINT('Origin',(-0.825,1.35,0.109999999999999));
#12821=CARTESIAN_POINT('Origin',(-0.824999999999999,1.35,0.310000000000001));
#12822=CARTESIAN_POINT('',(-0.824999999999999,1.35,0.309999999999999));
#12823=CARTESIAN_POINT('',(-0.674999999999999,1.35,0.309999999999999));
#12824=CARTESIAN_POINT('',(2.,1.35,0.309999999999998));
#12825=CARTESIAN_POINT('',(-0.674999999999999,1.35,0.841613999999999));
#12826=CARTESIAN_POINT('',(-0.824999999999999,1.35,0.310000000000001));
#12827=CARTESIAN_POINT('Origin',(-0.0749999999999995,0.849999999999999,
0.0549999999999989));
#12828=CARTESIAN_POINT('',(-0.0999999999999999,0.999999999999999,0.0799999999999989));
#12829=CARTESIAN_POINT('',(-0.0999999999999999,0.919999999999999,0.0799999999999991));
#12830=CARTESIAN_POINT('',(-0.0999999999999999,0.694862999999998,0.0799999999999991));
#12831=CARTESIAN_POINT('',(-15.5,1.,15.4799999999998));
#12832=CARTESIAN_POINT('',(-0.0488324999999981,0.694862999999997,0.0288324999999985));
#12833=CARTESIAN_POINT('Origin',(-0.325,1.35,0.109999999999999));
#12834=CARTESIAN_POINT('',(-0.174999999999999,1.29999999999999,0.109999999999999));
#12835=CARTESIAN_POINT('Origin',(-0.174999999999999,1.35,0.109999999999998));
#12836=CARTESIAN_POINT('',(-0.325,1.29999999999999,0.109999999999999));
#12837=CARTESIAN_POINT('',(-0.325,1.29999999999999,0.109999999999999));
#12838=CARTESIAN_POINT('Origin',(-0.325,1.35,0.109999999999999));
#12839=CARTESIAN_POINT('Origin',(-0.325,1.29999999999999,0.109999999999999));
#12840=CARTESIAN_POINT('',(-0.174999999999999,1.29999999999999,0.0499999999999997));
#12841=CARTESIAN_POINT('',(-0.174999999999999,1.29999999999999,0.841613999999999));
#12842=CARTESIAN_POINT('',(-0.325,1.29999999999999,0.0499999999999997));
#12843=CARTESIAN_POINT('',(-0.325,1.29999999999999,0.0499999999999998));
#12844=CARTESIAN_POINT('',(-0.325,1.29999999999999,0.109999999999999));
#12845=CARTESIAN_POINT('Origin',(-0.325,1.29999999999999,0.0499999999999998));
#12846=CARTESIAN_POINT('',(-0.174999999999999,1.24999999999999,-9.99200722162641E-16));
#12847=CARTESIAN_POINT('',(-0.174999999999999,0.694862999999997,-0.555136999999911));
#12848=CARTESIAN_POINT('',(-0.325,1.24999999999999,-8.88178419700125E-16));
#12849=CARTESIAN_POINT('',(-0.325,1.24999999999999,-8.88178419700125E-16));
#12850=CARTESIAN_POINT('',(-0.325,1.29999999999999,0.0499999999999998));
#12851=CARTESIAN_POINT('Origin',(-0.325,1.24999999999999,-8.88178419700125E-16));
#12852=CARTESIAN_POINT('',(-0.174999999999999,0.919999999999986,-8.88178419700125E-16));
#12853=CARTESIAN_POINT('',(-0.174999999999999,0.694862999999997,-8.88178419700125E-16));
#12854=CARTESIAN_POINT('',(-0.325,0.919999999999986,-7.7715611723761E-16));
#12855=CARTESIAN_POINT('',(-0.325,0.919999999999986,-7.7715611723761E-16));
#12856=CARTESIAN_POINT('',(-0.325,0.919999999999986,-7.7715611723761E-16));
#12857=CARTESIAN_POINT('Origin',(-0.325,0.919999999999986,-7.7715611723761E-16));
#12858=CARTESIAN_POINT('',(-0.325,0.919999999999987,0.036195489112461));
#12859=CARTESIAN_POINT('',(-0.325,0.919999999999986,-7.7715611723761E-16));
#12860=CARTESIAN_POINT('',(-0.174999999999999,0.919999999999987,0.0361954891124609));
#12861=CARTESIAN_POINT('',(-0.174999999999999,0.919999999999986,0.841613999999999));
#12862=CARTESIAN_POINT('',(-0.325,0.919999999999987,0.036195489112461));
#12863=CARTESIAN_POINT('Origin',(-0.325,0.949999999999987,0.036195489112461));
#12864=CARTESIAN_POINT('',(-0.174999999999999,0.943186633610997,0.0654115469993383));
#12865=CARTESIAN_POINT('Origin',(-0.174999999999999,0.949999999999987,0.0361954891124608));
#12866=CARTESIAN_POINT('',(-0.325,0.943186633610997,0.0654115469993384));
#12867=CARTESIAN_POINT('',(-0.325,0.943186633610997,0.0654115469993384));
#12868=CARTESIAN_POINT('Origin',(-0.325,0.949999999999987,0.036195489112461));
#12869=CARTESIAN_POINT('Origin',(-0.325,0.943186633610997,0.0654115469993384));
#12870=CARTESIAN_POINT('',(-0.174999999999999,0.999999999999999,0.078660777354064));
#12871=CARTESIAN_POINT('',(-0.174999999999999,0.694862999999997,0.00750093135816532));
#12872=CARTESIAN_POINT('',(-0.325,0.999999999999999,0.0786607773540641));
#12873=CARTESIAN_POINT('',(5.,0.999999999999999,0.078660777354063));
#12874=CARTESIAN_POINT('',(-0.325,0.943186633610997,0.0654115469993384));
#12875=CARTESIAN_POINT('Origin',(-2.825,1.35,0.310000000000002));
#12876=CARTESIAN_POINT('',(-2.825,1.35,0.309999999999999));
#12877=CARTESIAN_POINT('',(-2.675,1.35,0.309999999999999));
#12878=CARTESIAN_POINT('',(-1.11022302462516E-16,1.35,0.309999999999999));
#12879=CARTESIAN_POINT('',(-2.675,1.35,0.16));
#12880=CARTESIAN_POINT('',(-2.675,1.35,0.841613999999999));
#12881=CARTESIAN_POINT('',(-2.825,1.35,0.16));
#12882=CARTESIAN_POINT('',(-2.825,1.35,0.16));
#12883=CARTESIAN_POINT('',(-2.825,1.35,0.310000000000002));
#12884=CARTESIAN_POINT('Origin',(1.675,1.35,0.310000000000001));
#12885=CARTESIAN_POINT('',(1.675,1.35,0.309999999999998));
#12886=CARTESIAN_POINT('',(1.825,1.35,0.309999999999998));
#12887=CARTESIAN_POINT('',(4.5,1.35,0.309999999999998));
#12888=CARTESIAN_POINT('',(1.825,1.35,0.841613999999998));
#12889=CARTESIAN_POINT('',(1.675,1.35,0.310000000000001));
#12890=CARTESIAN_POINT('Origin',(-3.825,0.943186633610997,0.065411546999339));
#12891=CARTESIAN_POINT('',(-3.675,0.999999999999999,0.0786607773540647));
#12892=CARTESIAN_POINT('',(-3.675,0.694862999999998,0.0075009313581661));
#12893=CARTESIAN_POINT('',(-3.825,0.999999999999999,0.0786607773540647));
#12894=CARTESIAN_POINT('',(1.5,0.999999999999999,0.0786607773540636));
#12895=CARTESIAN_POINT('',(-3.825,0.943186633610997,0.065411546999339));
#12896=CARTESIAN_POINT('Origin',(-3.825,1.29999999999999,0.0500000000000005));
#12897=CARTESIAN_POINT('',(-3.675,0.694862999999998,-0.55513699999991));
#12898=CARTESIAN_POINT('',(-3.825,1.29999999999999,0.0500000000000005));
#12899=CARTESIAN_POINT('Origin',(-0.175,0.999999999999999,0.309999999999998));
#12900=CARTESIAN_POINT('',(-3.825,0.999999999999999,0.309999999999999));
#12901=CARTESIAN_POINT('',(-3.825,0.999999999999999,0.0799999999999996));
#12902=CARTESIAN_POINT('',(-3.825,0.999999999999999,0.841614));
#12903=CARTESIAN_POINT('',(-3.9,0.999999999999999,0.0800000000000006));
#12904=CARTESIAN_POINT('',(-19.5,0.999999999999999,0.0800000000000032));
#12905=CARTESIAN_POINT('',(-19.5,0.999999999999998,-15.5199999999998));
#12906=CARTESIAN_POINT('',(1.5,0.999999999999999,0.309999999999998));
#12907=CARTESIAN_POINT('Origin',(-3.825,1.24577907539775,0.170500231015466));
#12908=CARTESIAN_POINT('',(-3.825,1.35,0.31));
#12909=CARTESIAN_POINT('',(-3.825,0.694862999999998,0.31));
#12910=CARTESIAN_POINT('',(-3.825,1.35,0.16));
#12911=CARTESIAN_POINT('',(-3.825,1.35,0.310000000000002));
#12912=CARTESIAN_POINT('Origin',(-3.825,1.35,0.109999999999999));
#12913=CARTESIAN_POINT('',(-3.825,0.999999999999999,0.841614));
#12914=CARTESIAN_POINT('Origin',(-3.675,0.999999999999999,0.0786607773540647));
#12915=CARTESIAN_POINT('',(-3.675,0.999999999999999,0.0799999999999996));
#12916=CARTESIAN_POINT('',(1.5,0.999999999999999,0.0799999999999984));
#12917=CARTESIAN_POINT('',(-3.675,0.999999999999999,0.841614));
#12918=CARTESIAN_POINT('Origin',(-3.675,1.24577907539775,0.170500231015466));
#12919=CARTESIAN_POINT('',(-3.675,1.35,0.16));
#12920=CARTESIAN_POINT('Origin',(-3.675,1.35,0.109999999999999));
#12921=CARTESIAN_POINT('',(-3.675,1.35,0.31));
#12922=CARTESIAN_POINT('',(-3.675,1.35,0.841613999999999));
#12923=CARTESIAN_POINT('',(-3.675,0.999999999999999,0.309999999999999));
#12924=CARTESIAN_POINT('',(-3.675,0.694862999999998,0.31));
#12925=CARTESIAN_POINT('',(-3.675,0.999999999999999,0.841614));
#12926=CARTESIAN_POINT('Origin',(-3.925,0.85,0.0549999999999997));
#12927=CARTESIAN_POINT('',(-3.9,0.919999999999999,0.0799999999999998));
#12928=CARTESIAN_POINT('',(-3.9,0.694862999999999,0.0799999999999998));
#12929=CARTESIAN_POINT('',(-3.9511675,0.694862999999998,0.0288324999999993));
#12930=CARTESIAN_POINT('Origin',(-3.8375,0.999999999999999,0.0799999999999996));
#12931=CARTESIAN_POINT('',(-3.6,0.919999999999999,0.0799999999999997));
#12932=CARTESIAN_POINT('',(-19.5,0.919999999999999,0.0800000000000034));
#12933=CARTESIAN_POINT('',(-3.6,0.999999999999999,0.0799999999999995));
#12934=CARTESIAN_POINT('',(-19.5,0.999999999999999,0.0800000000000032));
#12935=CARTESIAN_POINT('',(-3.6,0.694862999999998,0.0799999999999997));
#12936=CARTESIAN_POINT('Origin',(-3.8375,0.919999999999999,0.0799999999999997));
#12937=CARTESIAN_POINT('',(-3.5488325,0.694862999999997,0.0288324999999992));
#12938=CARTESIAN_POINT('Origin',(-3.575,0.849999999999999,0.0549999999999996));
#12939=CARTESIAN_POINT('',(-19.,1.,15.4799999999998));
#12940=CARTESIAN_POINT('Origin',(-3.425,0.849999999999999,0.0549999999999996));
#12941=CARTESIAN_POINT('',(-3.4,0.919999999999999,0.0799999999999997));
#12942=CARTESIAN_POINT('',(-3.4,0.999999999999999,0.0800000000000005));
#12943=CARTESIAN_POINT('',(-3.4,0.694862999999998,0.0799999999999997));
#12944=CARTESIAN_POINT('',(-3.4511675,0.694862999999997,0.0288324999999992));
#12945=CARTESIAN_POINT('',(-19.,0.999999999999997,-15.5199999999998));
#12946=CARTESIAN_POINT('Origin',(-3.3375,0.919999999999999,0.0799999999999996));
#12947=CARTESIAN_POINT('',(-3.1,0.919999999999999,0.0799999999999996));
#12948=CARTESIAN_POINT('',(-19.,0.919999999999999,0.0800000000000033));
#12949=CARTESIAN_POINT('',(-3.0488325,0.694862999999997,0.028832499999999));
#12950=CARTESIAN_POINT('Origin',(-3.3375,0.999999999999999,0.0799999999999995));
#12951=CARTESIAN_POINT('',(-3.325,0.999999999999999,0.0799999999999995));
#12952=CARTESIAN_POINT('',(-19.,0.999999999999999,0.0800000000000031));
#12953=CARTESIAN_POINT('',(-3.175,0.999999999999999,0.0799999999999994));
#12954=CARTESIAN_POINT('',(2.,0.999999999999999,0.0799999999999983));
#12955=CARTESIAN_POINT('',(-3.1,0.999999999999999,0.0799999999999994));
#12956=CARTESIAN_POINT('',(-19.,0.999999999999999,0.0800000000000031));
#12957=CARTESIAN_POINT('',(-3.1,0.694862999999998,0.0799999999999996));
#12958=CARTESIAN_POINT('Origin',(0.325,0.999999999999999,0.309999999999998));
#12959=CARTESIAN_POINT('',(-3.325,0.999999999999999,0.309999999999999));
#12960=CARTESIAN_POINT('',(-3.325,0.999999999999999,0.841613999999999));
#12961=CARTESIAN_POINT('',(2.,0.999999999999999,0.309999999999998));
#12962=CARTESIAN_POINT('Origin',(-3.175,0.999999999999999,0.0786607773540645));
#12963=CARTESIAN_POINT('',(-3.325,0.999999999999999,0.0786607773540646));
#12964=CARTESIAN_POINT('',(-3.325,0.999999999999999,0.841613999999999));
#12965=CARTESIAN_POINT('',(-3.175,0.999999999999999,0.0786607773540645));
#12966=CARTESIAN_POINT('',(2.,0.999999999999999,0.0786607773540635));
#12967=CARTESIAN_POINT('',(-3.175,0.999999999999999,0.841613999999999));
#12968=CARTESIAN_POINT('Origin',(-3.325,1.24577907539775,0.170500231015466));
#12969=CARTESIAN_POINT('',(-3.325,1.35,0.309999999999999));
#12970=CARTESIAN_POINT('',(-3.325,0.694862999999997,0.309999999999999));
#12971=CARTESIAN_POINT('',(-3.325,1.35,0.16));
#12972=CARTESIAN_POINT('',(-3.325,1.35,0.310000000000002));
#12973=CARTESIAN_POINT('',(-3.325,1.29999999999999,0.109999999999999));
#12974=CARTESIAN_POINT('Origin',(-3.325,1.35,0.109999999999999));
#12975=CARTESIAN_POINT('',(-3.325,1.29999999999999,0.109999999999999));
#12976=CARTESIAN_POINT('',(-3.325,0.919999999999986,-2.22044604925031E-16));
#12977=CARTESIAN_POINT('',(-3.325,0.919999999999986,-2.22044604925031E-16));
#12978=CARTESIAN_POINT('',(-3.325,0.919999999999987,0.0361954891124615));
#12979=CARTESIAN_POINT('',(-3.325,0.919999999999986,-2.22044604925031E-16));
#12980=CARTESIAN_POINT('',(-3.325,0.943186633610997,0.0654115469993389));
#12981=CARTESIAN_POINT('Origin',(-3.325,0.949999999999987,0.0361954891124615));
#12982=CARTESIAN_POINT('',(-3.325,0.943186633610997,0.0654115469993389));
#12983=CARTESIAN_POINT('Origin',(-3.175,1.24577907539775,0.170500231015465));
#12984=CARTESIAN_POINT('',(-3.175,0.943186633610997,0.0654115469993388));
#12985=CARTESIAN_POINT('',(-3.175,0.694862999999997,0.00750093135816587));
#12986=CARTESIAN_POINT('',(-3.175,0.919999999999987,0.0361954891124615));
#12987=CARTESIAN_POINT('Origin',(-3.175,0.949999999999987,0.0361954891124614));
#12988=CARTESIAN_POINT('',(-3.175,0.919999999999986,-3.33066907387547E-16));
#12989=CARTESIAN_POINT('',(-3.175,0.919999999999986,0.841613999999999));
#12990=CARTESIAN_POINT('',(-3.175,0.694862999999997,-3.33066907387547E-16));
#12991=CARTESIAN_POINT('',(-3.175,1.29999999999999,0.109999999999999));
#12992=CARTESIAN_POINT('',(-3.175,1.29999999999999,0.841613999999999));
#12993=CARTESIAN_POINT('',(-3.175,1.35,0.16));
#12994=CARTESIAN_POINT('Origin',(-3.175,1.35,0.109999999999999));
#12995=CARTESIAN_POINT('',(-3.175,1.35,0.309999999999999));
#12996=CARTESIAN_POINT('',(-3.175,1.35,0.841613999999999));
#12997=CARTESIAN_POINT('',(-3.175,0.999999999999999,0.309999999999999));
#12998=CARTESIAN_POINT('',(-3.175,0.694862999999998,0.309999999999999));
#12999=CARTESIAN_POINT('',(-3.175,0.999999999999999,0.841613999999999));
#13000=CARTESIAN_POINT('Origin',(0.825,0.999999999999999,0.309999999999998));
#13001=CARTESIAN_POINT('',(-2.825,0.999999999999999,0.309999999999999));
#13002=CARTESIAN_POINT('',(-2.825,0.999999999999999,0.0799999999999994));
#13003=CARTESIAN_POINT('',(-2.825,0.999999999999999,0.841613999999999));
#13004=CARTESIAN_POINT('',(-2.9,0.999999999999999,0.0800000000000004));
#13005=CARTESIAN_POINT('',(-18.5,0.999999999999999,0.080000000000003));
#13006=CARTESIAN_POINT('',(-18.5,0.999999999999997,-15.5199999999998));
#13007=CARTESIAN_POINT('',(-18.5,1.,15.4799999999998));
#13008=CARTESIAN_POINT('',(2.5,0.999999999999999,0.309999999999998));
#13009=CARTESIAN_POINT('Origin',(-2.825,1.24577907539775,0.170500231015465));
#13010=CARTESIAN_POINT('',(-2.825,0.694862999999997,0.309999999999999));
#13011=CARTESIAN_POINT('',(-2.825,1.29999999999999,0.109999999999999));
#13012=CARTESIAN_POINT('Origin',(-2.825,1.35,0.109999999999999));
#13013=CARTESIAN_POINT('',(-2.825,1.29999999999999,0.0500000000000002));
#13014=CARTESIAN_POINT('',(-2.825,1.29999999999999,0.109999999999999));
#13015=CARTESIAN_POINT('',(-2.825,1.24999999999999,-4.44089209850063E-16));
#13016=CARTESIAN_POINT('',(-2.825,1.29999999999999,0.0500000000000003));
#13017=CARTESIAN_POINT('',(-2.825,0.919999999999986,-3.33066907387547E-16));
#13018=CARTESIAN_POINT('',(-2.825,0.919999999999986,-3.33066907387547E-16));
#13019=CARTESIAN_POINT('',(-2.825,0.919999999999987,0.0361954891124614));
#13020=CARTESIAN_POINT('',(-2.825,0.919999999999986,-3.33066907387547E-16));
#13021=CARTESIAN_POINT('',(-2.825,0.943186633610997,0.0654115469993388));
#13022=CARTESIAN_POINT('Origin',(-2.825,0.949999999999987,0.0361954891124614));
#13023=CARTESIAN_POINT('',(-2.825,0.999999999999999,0.0786607773540645));
#13024=CARTESIAN_POINT('',(-2.825,0.943186633610997,0.0654115469993388));
#13025=CARTESIAN_POINT('',(-2.825,0.999999999999999,0.841613999999999));
#13026=CARTESIAN_POINT('Origin',(-2.675,0.999999999999999,0.0786607773540644));
#13027=CARTESIAN_POINT('',(-2.675,0.999999999999999,0.0799999999999993));
#13028=CARTESIAN_POINT('',(2.5,0.999999999999999,0.0799999999999982));
#13029=CARTESIAN_POINT('',(-2.675,0.999999999999999,0.0786607773540644));
#13030=CARTESIAN_POINT('',(2.5,0.999999999999999,0.0786607773540634));
#13031=CARTESIAN_POINT('',(-2.675,0.999999999999999,0.841613999999999));
#13032=CARTESIAN_POINT('Origin',(-2.675,1.24577907539775,0.170500231015465));
#13033=CARTESIAN_POINT('',(-2.675,0.943186633610997,0.0654115469993387));
#13034=CARTESIAN_POINT('',(-2.675,0.694862999999997,0.00750093135816576));
#13035=CARTESIAN_POINT('',(-2.675,0.919999999999987,0.0361954891124614));
#13036=CARTESIAN_POINT('Origin',(-2.675,0.949999999999987,0.0361954891124613));
#13037=CARTESIAN_POINT('',(-2.675,0.919999999999986,-4.44089209850063E-16));
#13038=CARTESIAN_POINT('',(-2.675,0.919999999999986,0.841613999999999));
#13039=CARTESIAN_POINT('',(-2.675,1.24999999999999,-5.55111512312578E-16));
#13040=CARTESIAN_POINT('',(-2.675,0.694862999999997,-4.44089209850063E-16));
#13041=CARTESIAN_POINT('',(-2.675,1.29999999999999,0.0500000000000002));
#13042=CARTESIAN_POINT('',(-2.675,0.694862999999997,-0.555136999999911));
#13043=CARTESIAN_POINT('',(-2.675,1.29999999999999,0.109999999999999));
#13044=CARTESIAN_POINT('',(-2.675,1.29999999999999,0.841613999999999));
#13045=CARTESIAN_POINT('Origin',(-2.675,1.35,0.109999999999999));
#13046=CARTESIAN_POINT('',(-2.675,0.999999999999999,0.309999999999999));
#13047=CARTESIAN_POINT('',(-2.675,0.694862999999998,0.309999999999999));
#13048=CARTESIAN_POINT('',(-2.675,0.999999999999999,0.841613999999999));
#13049=CARTESIAN_POINT('Origin',(-2.925,0.849999999999999,0.0549999999999995));
#13050=CARTESIAN_POINT('',(-2.9,0.919999999999999,0.0799999999999996));
#13051=CARTESIAN_POINT('',(-2.9,0.694862999999998,0.0799999999999996));
#13052=CARTESIAN_POINT('',(-2.9511675,0.694862999999997,0.028832499999999));
#13053=CARTESIAN_POINT('Origin',(-2.8375,0.999999999999999,0.0799999999999994));
#13054=CARTESIAN_POINT('',(-2.6,0.919999999999999,0.0799999999999995));
#13055=CARTESIAN_POINT('',(-18.5,0.919999999999999,0.0800000000000032));
#13056=CARTESIAN_POINT('',(-2.6,0.999999999999999,0.0799999999999993));
#13057=CARTESIAN_POINT('',(-18.5,0.999999999999999,0.080000000000003));
#13058=CARTESIAN_POINT('',(-2.6,0.694862999999998,0.0799999999999995));
#13059=CARTESIAN_POINT('Origin',(-2.8375,0.919999999999999,0.0799999999999995));
#13060=CARTESIAN_POINT('',(-2.5488325,0.694862999999997,0.0288324999999989));
#13061=CARTESIAN_POINT('Origin',(-2.575,0.849999999999999,0.0549999999999994));
#13062=CARTESIAN_POINT('',(-18.,1.,15.4799999999998));
#13063=CARTESIAN_POINT('Origin',(-2.425,0.849999999999999,0.0549999999999994));
#13064=CARTESIAN_POINT('',(-2.4,0.919999999999999,0.0799999999999995));
#13065=CARTESIAN_POINT('',(-2.4,0.999999999999999,0.0800000000000003));
#13066=CARTESIAN_POINT('',(-2.4,0.694862999999998,0.0799999999999995));
#13067=CARTESIAN_POINT('',(-2.4511675,0.694862999999997,0.0288324999999989));
#13068=CARTESIAN_POINT('',(-18.,0.999999999999997,-15.5199999999998));
#13069=CARTESIAN_POINT('Origin',(-2.3375,0.919999999999999,0.0799999999999994));
#13070=CARTESIAN_POINT('',(-2.1,0.919999999999999,0.0799999999999994));
#13071=CARTESIAN_POINT('',(-18.,0.919999999999999,0.0800000000000031));
#13072=CARTESIAN_POINT('',(-2.0488325,0.694862999999997,0.0288324999999988));
#13073=CARTESIAN_POINT('Origin',(-2.3375,0.999999999999999,0.0799999999999993));
#13074=CARTESIAN_POINT('',(-2.325,0.999999999999999,0.0799999999999993));
#13075=CARTESIAN_POINT('',(-18.,0.999999999999999,0.0800000000000028));
#13076=CARTESIAN_POINT('',(-2.175,0.999999999999999,0.0799999999999992));
#13077=CARTESIAN_POINT('',(3.,0.999999999999999,0.0799999999999981));
#13078=CARTESIAN_POINT('',(-2.1,0.999999999999999,0.0799999999999992));
#13079=CARTESIAN_POINT('',(-18.,0.999999999999999,0.0800000000000028));
#13080=CARTESIAN_POINT('',(-2.1,0.694862999999998,0.0799999999999994));
#13081=CARTESIAN_POINT('Origin',(1.325,0.999999999999999,0.309999999999998));
#13082=CARTESIAN_POINT('',(-2.325,0.999999999999999,0.309999999999999));
#13083=CARTESIAN_POINT('',(-2.325,0.999999999999999,0.841613999999999));
#13084=CARTESIAN_POINT('',(3.,0.999999999999999,0.309999999999998));
#13085=CARTESIAN_POINT('Origin',(-2.175,1.24577907539775,0.170500231015465));
#13086=CARTESIAN_POINT('',(-2.175,0.999999999999999,0.0786607773540643));
#13087=CARTESIAN_POINT('',(-2.175,0.999999999999999,0.841613999999999));
#13088=CARTESIAN_POINT('',(-2.175,0.943186633610997,0.0654115469993386));
#13089=CARTESIAN_POINT('',(-2.175,0.694862999999997,0.00750093135816565));
#13090=CARTESIAN_POINT('',(-2.175,0.919999999999987,0.0361954891124613));
#13091=CARTESIAN_POINT('Origin',(-2.175,0.949999999999987,0.0361954891124612));
#13092=CARTESIAN_POINT('',(-2.175,0.919999999999986,-5.55111512312578E-16));
#13093=CARTESIAN_POINT('',(-2.175,0.919999999999986,0.841613999999999));
#13094=CARTESIAN_POINT('',(-2.175,0.694862999999997,-5.55111512312578E-16));
#13095=CARTESIAN_POINT('',(-2.175,1.35,0.309999999999999));
#13096=CARTESIAN_POINT('',(-2.175,1.35,0.841613999999999));
#13097=CARTESIAN_POINT('',(-2.175,0.999999999999999,0.309999999999999));
#13098=CARTESIAN_POINT('',(-2.175,0.694862999999998,0.309999999999999));
#13099=CARTESIAN_POINT('',(-2.175,0.999999999999999,0.841613999999999));
#13100=CARTESIAN_POINT('Origin',(-2.175,0.999999999999999,0.0786607773540643));
#13101=CARTESIAN_POINT('',(-2.325,0.999999999999999,0.0786607773540644));
#13102=CARTESIAN_POINT('',(-2.325,0.999999999999999,0.841613999999999));
#13103=CARTESIAN_POINT('',(3.,0.999999999999999,0.0786607773540633));
#13104=CARTESIAN_POINT('Origin',(-2.325,1.24577907539775,0.170500231015465));
#13105=CARTESIAN_POINT('',(-2.325,1.35,0.309999999999999));
#13106=CARTESIAN_POINT('',(-2.325,0.694862999999997,0.309999999999999));
#13107=CARTESIAN_POINT('',(-2.325,1.35,0.310000000000002));
#13108=CARTESIAN_POINT('',(-2.325,0.919999999999986,-4.44089209850063E-16));
#13109=CARTESIAN_POINT('',(-2.325,0.919999999999986,-4.44089209850063E-16));
#13110=CARTESIAN_POINT('',(-2.325,0.919999999999987,0.0361954891124613));
#13111=CARTESIAN_POINT('',(-2.325,0.919999999999986,-4.44089209850063E-16));
#13112=CARTESIAN_POINT('',(-2.325,0.943186633610997,0.0654115469993387));
#13113=CARTESIAN_POINT('Origin',(-2.325,0.949999999999987,0.0361954891124613));
#13114=CARTESIAN_POINT('',(-2.325,0.943186633610997,0.0654115469993387));
#13115=CARTESIAN_POINT('Origin',(1.825,0.999999999999999,0.309999999999998));
#13116=CARTESIAN_POINT('',(-1.825,0.999999999999999,0.309999999999999));
#13117=CARTESIAN_POINT('',(-1.825,0.999999999999999,0.0799999999999992));
#13118=CARTESIAN_POINT('',(-1.825,0.999999999999999,0.841613999999999));
#13119=CARTESIAN_POINT('',(-1.9,0.999999999999999,0.0800000000000002));
#13120=CARTESIAN_POINT('',(-17.5,0.999999999999999,0.0800000000000027));
#13121=CARTESIAN_POINT('',(-17.5,0.999999999999997,-15.5199999999998));
#13122=CARTESIAN_POINT('',(-17.5,1.,15.4799999999998));
#13123=CARTESIAN_POINT('',(3.5,0.999999999999999,0.309999999999998));
#13124=CARTESIAN_POINT('Origin',(-1.825,1.24577907539775,0.170500231015465));
#13125=CARTESIAN_POINT('',(-1.825,1.35,0.309999999999999));
#13126=CARTESIAN_POINT('',(-1.825,0.694862999999997,0.309999999999999));
#13127=CARTESIAN_POINT('',(-1.825,1.35,0.159999999999999));
#13128=CARTESIAN_POINT('',(-1.825,1.35,0.310000000000002));
#13129=CARTESIAN_POINT('Origin',(-1.825,1.35,0.109999999999999));
#13130=CARTESIAN_POINT('',(-1.825,0.943186633610997,0.0654115469993386));
#13131=CARTESIAN_POINT('Origin',(-1.825,0.949999999999987,0.0361954891124612));
#13132=CARTESIAN_POINT('',(-1.825,0.999999999999999,0.0786607773540643));
#13133=CARTESIAN_POINT('',(-1.825,0.943186633610997,0.0654115469993386));
#13134=CARTESIAN_POINT('',(-1.825,0.999999999999999,0.841613999999999));
#13135=CARTESIAN_POINT('Origin',(-1.675,0.999999999999999,0.0786607773540642));
#13136=CARTESIAN_POINT('',(-1.675,0.999999999999999,0.0799999999999991));
#13137=CARTESIAN_POINT('',(3.5,0.999999999999999,0.079999999999998));
#13138=CARTESIAN_POINT('',(-1.675,0.999999999999999,0.0786607773540642));
#13139=CARTESIAN_POINT('',(3.5,0.999999999999999,0.0786607773540632));
#13140=CARTESIAN_POINT('',(-1.675,0.999999999999999,0.841613999999999));
#13141=CARTESIAN_POINT('Origin',(-1.675,1.24577907539775,0.170500231015465));
#13142=CARTESIAN_POINT('',(-1.675,0.943186633610997,0.0654115469993385));
#13143=CARTESIAN_POINT('',(-1.675,0.694862999999997,0.00750093135816554));
#13144=CARTESIAN_POINT('Origin',(-1.675,0.949999999999987,0.0361954891124611));
#13145=CARTESIAN_POINT('',(-1.675,1.35,0.159999999999999));
#13146=CARTESIAN_POINT('Origin',(-1.675,1.35,0.109999999999999));
#13147=CARTESIAN_POINT('',(-1.675,1.35,0.309999999999999));
#13148=CARTESIAN_POINT('',(-1.675,1.35,0.841613999999999));
#13149=CARTESIAN_POINT('',(-1.675,0.999999999999999,0.309999999999999));
#13150=CARTESIAN_POINT('',(-1.675,0.694862999999998,0.309999999999999));
#13151=CARTESIAN_POINT('',(-1.675,0.999999999999999,0.841613999999999));
#13152=CARTESIAN_POINT('Origin',(-1.925,0.849999999999999,0.0549999999999993));
#13153=CARTESIAN_POINT('',(-1.9,0.919999999999999,0.0799999999999994));
#13154=CARTESIAN_POINT('',(-1.9,0.694862999999998,0.0799999999999994));
#13155=CARTESIAN_POINT('',(-1.9511675,0.694862999999997,0.0288324999999988));
#13156=CARTESIAN_POINT('Origin',(-1.8375,0.999999999999999,0.0799999999999992));
#13157=CARTESIAN_POINT('',(-1.6,0.919999999999999,0.0799999999999993));
#13158=CARTESIAN_POINT('',(-17.5,0.919999999999999,0.080000000000003));
#13159=CARTESIAN_POINT('',(-1.6,0.999999999999999,0.0799999999999991));
#13160=CARTESIAN_POINT('',(-17.5,0.999999999999999,0.0800000000000027));
#13161=CARTESIAN_POINT('',(-1.6,0.694862999999998,0.0799999999999993));
#13162=CARTESIAN_POINT('Origin',(-1.8375,0.919999999999999,0.0799999999999993));
#13163=CARTESIAN_POINT('',(-1.5488325,0.694862999999997,0.0288324999999987));
#13164=CARTESIAN_POINT('Origin',(-1.575,0.849999999999999,0.0549999999999992));
#13165=CARTESIAN_POINT('',(-17.,1.,15.4799999999998));
#13166=CARTESIAN_POINT('Origin',(-1.425,0.849999999999999,0.0549999999999992));
#13167=CARTESIAN_POINT('',(-1.4,0.919999999999999,0.0799999999999993));
#13168=CARTESIAN_POINT('',(-1.4,0.999999999999999,0.0800000000000001));
#13169=CARTESIAN_POINT('',(-1.4,0.694862999999998,0.0799999999999993));
#13170=CARTESIAN_POINT('',(-1.4511675,0.694862999999997,0.0288324999999987));
#13171=CARTESIAN_POINT('',(-17.,0.999999999999997,-15.5199999999998));
#13172=CARTESIAN_POINT('Origin',(-1.3375,0.919999999999999,0.0799999999999992));
#13173=CARTESIAN_POINT('',(-1.1,0.919999999999999,0.0799999999999993));
#13174=CARTESIAN_POINT('',(-17.,0.919999999999999,0.0800000000000028));
#13175=CARTESIAN_POINT('',(-1.0488325,0.694862999999997,0.0288324999999987));
#13176=CARTESIAN_POINT('Origin',(-1.3375,0.999999999999999,0.0799999999999991));
#13177=CARTESIAN_POINT('',(-1.325,0.999999999999999,0.0799999999999991));
#13178=CARTESIAN_POINT('',(-17.,0.999999999999999,0.0800000000000026));
#13179=CARTESIAN_POINT('',(-1.175,0.999999999999999,0.0799999999999991));
#13180=CARTESIAN_POINT('',(4.,0.999999999999999,0.0799999999999979));
#13181=CARTESIAN_POINT('',(-1.1,0.999999999999999,0.0799999999999991));
#13182=CARTESIAN_POINT('',(-17.,0.999999999999999,0.0800000000000027));
#13183=CARTESIAN_POINT('',(-1.1,0.694862999999998,0.0799999999999993));
#13184=CARTESIAN_POINT('Origin',(2.325,0.999999999999999,0.309999999999998));
#13185=CARTESIAN_POINT('',(-1.325,0.999999999999999,0.309999999999999));
#13186=CARTESIAN_POINT('',(-1.325,0.999999999999999,0.841613999999999));
#13187=CARTESIAN_POINT('',(4.,0.999999999999999,0.309999999999998));
#13188=CARTESIAN_POINT('Origin',(-1.175,0.999999999999999,0.0786607773540641));
#13189=CARTESIAN_POINT('',(-1.325,0.999999999999999,0.0786607773540642));
#13190=CARTESIAN_POINT('',(-1.325,0.999999999999999,0.841613999999999));
#13191=CARTESIAN_POINT('',(-1.175,0.999999999999999,0.0786607773540641));
#13192=CARTESIAN_POINT('',(4.,0.999999999999999,0.0786607773540631));
#13193=CARTESIAN_POINT('',(-1.175,0.999999999999999,0.841613999999999));
#13194=CARTESIAN_POINT('Origin',(-1.325,1.24577907539775,0.170500231015465));
#13195=CARTESIAN_POINT('',(-1.325,0.694862999999997,0.309999999999999));
#13196=CARTESIAN_POINT('',(-1.325,1.29999999999999,0.0499999999999998));
#13197=CARTESIAN_POINT('',(-1.325,1.29999999999999,0.109999999999999));
#13198=CARTESIAN_POINT('',(-1.325,1.24999999999999,-7.7715611723761E-16));
#13199=CARTESIAN_POINT('',(-1.325,1.29999999999999,0.0499999999999999));
#13200=CARTESIAN_POINT('',(-1.325,0.919999999999986,-6.66133814775094E-16));
#13201=CARTESIAN_POINT('',(-1.325,0.943186633610997,0.0654115469993385));
#13202=CARTESIAN_POINT('Origin',(-1.325,0.949999999999987,0.0361954891124611));
#13203=CARTESIAN_POINT('',(-1.325,0.943186633610997,0.0654115469993385));
#13204=CARTESIAN_POINT('Origin',(-1.175,1.24577907539775,0.170500231015465));
#13205=CARTESIAN_POINT('',(-1.175,0.943186633610997,0.0654115469993384));
#13206=CARTESIAN_POINT('',(-1.175,0.694862999999997,0.00750093135816543));
#13207=CARTESIAN_POINT('Origin',(-1.175,0.949999999999987,0.036195489112461));
#13208=CARTESIAN_POINT('',(-1.175,1.24999999999999,-8.88178419700125E-16));
#13209=CARTESIAN_POINT('',(-1.175,0.694862999999997,-7.7715611723761E-16));
#13210=CARTESIAN_POINT('',(-1.175,1.29999999999999,0.0499999999999998));
#13211=CARTESIAN_POINT('',(-1.175,0.694862999999997,-0.555136999999911));
#13212=CARTESIAN_POINT('',(-1.175,1.29999999999999,0.841613999999999));
#13213=CARTESIAN_POINT('',(-1.175,0.999999999999999,0.309999999999999));
#13214=CARTESIAN_POINT('',(-1.175,0.694862999999998,0.309999999999999));
#13215=CARTESIAN_POINT('',(-1.175,0.999999999999999,0.841613999999999));
#13216=CARTESIAN_POINT('Origin',(2.825,0.999999999999999,0.309999999999998));
#13217=CARTESIAN_POINT('',(-0.824999999999999,0.999999999999999,0.309999999999999));
#13218=CARTESIAN_POINT('',(-0.825,0.999999999999999,0.0799999999999991));
#13219=CARTESIAN_POINT('',(-0.824999999999999,0.999999999999999,0.841613999999999));
#13220=CARTESIAN_POINT('',(-0.900000000000001,0.999999999999999,0.0800000000000001));
#13221=CARTESIAN_POINT('',(-16.5,0.999999999999999,0.0800000000000026));
#13222=CARTESIAN_POINT('',(-16.5,0.999999999999997,-15.5199999999998));
#13223=CARTESIAN_POINT('',(-16.5,1.,15.4799999999998));
#13224=CARTESIAN_POINT('',(4.5,0.999999999999999,0.309999999999998));
#13225=CARTESIAN_POINT('Origin',(-0.825,1.24577907539775,0.170500231015465));
#13226=CARTESIAN_POINT('',(-0.824999999999999,0.694862999999997,0.309999999999999));
#13227=CARTESIAN_POINT('',(-0.825,1.29999999999999,0.0499999999999999));
#13228=CARTESIAN_POINT('',(-0.824999999999999,0.999999999999999,0.841613999999999));
#13229=CARTESIAN_POINT('Origin',(-0.674999999999999,0.999999999999999,0.0786607773540641));
#13230=CARTESIAN_POINT('',(-0.674999999999999,0.999999999999999,0.079999999999999));
#13231=CARTESIAN_POINT('',(4.5,0.999999999999999,0.0799999999999979));
#13232=CARTESIAN_POINT('',(-0.674999999999999,0.999999999999999,0.841613999999999));
#13233=CARTESIAN_POINT('Origin',(-0.674999999999999,1.24577907539775,0.170500231015465));
#13234=CARTESIAN_POINT('',(-0.674999999999999,0.694862999999997,-0.555136999999911));
#13235=CARTESIAN_POINT('',(-0.674999999999999,0.999999999999999,0.309999999999999));
#13236=CARTESIAN_POINT('',(-0.674999999999999,0.694862999999998,0.309999999999999));
#13237=CARTESIAN_POINT('',(-0.674999999999999,0.999999999999999,0.841613999999999));
#13238=CARTESIAN_POINT('Origin',(-0.925000000000001,0.849999999999999,0.0549999999999992));
#13239=CARTESIAN_POINT('',(-0.899999999999999,0.919999999999999,0.0799999999999993));
#13240=CARTESIAN_POINT('',(-0.899999999999999,0.694862999999998,0.0799999999999993));
#13241=CARTESIAN_POINT('',(-0.951167500000002,0.694862999999997,0.0288324999999987));
#13242=CARTESIAN_POINT('Origin',(-0.837499999999999,0.999999999999999,0.0799999999999991));
#13243=CARTESIAN_POINT('',(-0.6,0.919999999999999,0.0799999999999992));
#13244=CARTESIAN_POINT('',(-16.5,0.919999999999999,0.0800000000000028));
#13245=CARTESIAN_POINT('',(-0.6,0.999999999999999,0.079999999999999));
#13246=CARTESIAN_POINT('',(-16.5,0.999999999999999,0.0800000000000026));
#13247=CARTESIAN_POINT('',(-0.6,0.694862999999998,0.0799999999999992));
#13248=CARTESIAN_POINT('Origin',(-0.837499999999999,0.919999999999999,0.0799999999999992));
#13249=CARTESIAN_POINT('',(-0.548832499999998,0.694862999999997,0.0288324999999986));
#13250=CARTESIAN_POINT('Origin',(-0.575,0.849999999999999,0.0549999999999991));
#13251=CARTESIAN_POINT('',(-16.,1.,15.4799999999998));
#13252=CARTESIAN_POINT('Origin',(-0.425000000000001,0.849999999999999,0.0549999999999991));
#13253=CARTESIAN_POINT('',(-0.399999999999999,0.919999999999999,0.0799999999999992));
#13254=CARTESIAN_POINT('',(-0.400000000000001,0.999999999999999,0.08));
#13255=CARTESIAN_POINT('',(-0.399999999999999,0.694862999999998,0.0799999999999992));
#13256=CARTESIAN_POINT('',(-0.451167500000002,0.694862999999997,0.0288324999999986));
#13257=CARTESIAN_POINT('',(-16.,0.999999999999997,-15.5199999999998));
#13258=CARTESIAN_POINT('Origin',(-0.337499999999999,0.919999999999999,0.0799999999999991));
#13259=CARTESIAN_POINT('',(-16.,0.919999999999999,0.0800000000000027));
#13260=CARTESIAN_POINT('Origin',(-0.337499999999999,0.999999999999999,0.079999999999999));
#13261=CARTESIAN_POINT('',(-0.325,0.999999999999999,0.079999999999999));
#13262=CARTESIAN_POINT('',(-16.,0.999999999999999,0.0800000000000025));
#13263=CARTESIAN_POINT('',(-0.174999999999999,0.999999999999999,0.0799999999999989));
#13264=CARTESIAN_POINT('',(5.,0.999999999999999,0.0799999999999977));
#13265=CARTESIAN_POINT('',(-16.,0.999999999999999,0.0800000000000025));
#13266=CARTESIAN_POINT('Origin',(3.325,0.999999999999999,0.309999999999998));
#13267=CARTESIAN_POINT('',(-0.324999999999999,0.999999999999999,0.309999999999999));
#13268=CARTESIAN_POINT('',(-0.324999999999999,0.999999999999999,0.841613999999999));
#13269=CARTESIAN_POINT('',(5.,0.999999999999999,0.309999999999998));
#13270=CARTESIAN_POINT('Origin',(-0.174999999999999,0.999999999999999,0.078660777354064));
#13271=CARTESIAN_POINT('',(-0.324999999999999,0.999999999999999,0.841613999999999));
#13272=CARTESIAN_POINT('',(-0.174999999999999,0.999999999999999,0.841613999999999));
#13273=CARTESIAN_POINT('Origin',(-0.324999999999999,1.24577907539775,0.170500231015465));
#13274=CARTESIAN_POINT('',(-0.324999999999999,0.694862999999997,0.309999999999999));
#13275=CARTESIAN_POINT('Origin',(-0.174999999999999,1.24577907539775,0.170500231015465));
#13276=CARTESIAN_POINT('',(-0.174999999999999,0.999999999999999,0.309999999999999));
#13277=CARTESIAN_POINT('',(-0.174999999999999,0.694862999999998,0.309999999999999));
#13278=CARTESIAN_POINT('',(-0.174999999999999,0.999999999999999,0.841613999999999));
#13279=CARTESIAN_POINT('Origin',(3.825,0.999999999999999,0.309999999999998));
#13280=CARTESIAN_POINT('',(0.175,0.999999999999999,0.309999999999999));
#13281=CARTESIAN_POINT('',(0.175,0.999999999999999,0.0799999999999989));
#13282=CARTESIAN_POINT('',(0.175000000000001,0.999999999999999,0.841613999999999));
#13283=CARTESIAN_POINT('',(0.0999999999999985,0.999999999999999,0.0799999999999998));
#13284=CARTESIAN_POINT('',(-15.5,0.999999999999999,0.0800000000000024));
#13285=CARTESIAN_POINT('',(-15.5,0.999999999999997,-15.5199999999998));
#13286=CARTESIAN_POINT('',(5.5,0.999999999999999,0.309999999999997));
#13287=CARTESIAN_POINT('Origin',(0.175,1.24577907539775,0.170500231015465));
#13288=CARTESIAN_POINT('',(0.175,0.694862999999997,0.309999999999999));
#13289=CARTESIAN_POINT('',(0.175000000000001,0.999999999999999,0.841613999999999));
#13290=CARTESIAN_POINT('Origin',(0.325000000000001,0.999999999999999,0.0786607773540638));
#13291=CARTESIAN_POINT('',(0.325000000000001,0.999999999999999,0.0799999999999987));
#13292=CARTESIAN_POINT('',(5.5,0.999999999999999,0.0799999999999976));
#13293=CARTESIAN_POINT('',(0.325000000000001,0.999999999999999,0.841613999999999));
#13294=CARTESIAN_POINT('Origin',(0.325000000000001,1.24577907539775,0.170500231015465));
#13295=CARTESIAN_POINT('',(0.325000000000001,0.999999999999999,0.309999999999999));
#13296=CARTESIAN_POINT('',(0.325000000000001,0.694862999999998,0.309999999999999));
#13297=CARTESIAN_POINT('',(0.325000000000001,0.999999999999999,0.841613999999999));
#13298=CARTESIAN_POINT('Origin',(0.0749999999999991,0.849999999999999,0.0549999999999989));
#13299=CARTESIAN_POINT('',(0.100000000000001,0.919999999999999,0.0799999999999991));
#13300=CARTESIAN_POINT('',(0.100000000000001,0.694862999999998,0.0799999999999991));
#13301=CARTESIAN_POINT('',(0.0488324999999985,0.694862999999997,0.0288324999999985));
#13302=CARTESIAN_POINT('Origin',(0.162500000000001,0.999999999999999,0.0799999999999989));
#13303=CARTESIAN_POINT('',(0.4,0.919999999999999,0.079999999999999));
#13304=CARTESIAN_POINT('',(-15.5,0.919999999999999,0.0800000000000026));
#13305=CARTESIAN_POINT('',(0.4,0.999999999999999,0.0799999999999987));
#13306=CARTESIAN_POINT('',(-15.5,0.999999999999999,0.0800000000000024));
#13307=CARTESIAN_POINT('',(0.4,0.694862999999998,0.079999999999999));
#13308=CARTESIAN_POINT('Origin',(0.162500000000001,0.919999999999999,0.079999999999999));
#13309=CARTESIAN_POINT('',(0.451167500000002,0.694862999999997,0.0288324999999984));
#13310=CARTESIAN_POINT('Origin',(0.425,0.849999999999999,0.0549999999999988));
#13311=CARTESIAN_POINT('',(-15.,1.,15.4799999999998));
#13312=CARTESIAN_POINT('Origin',(0.574999999999999,0.849999999999999,0.0549999999999988));
#13313=CARTESIAN_POINT('',(0.600000000000001,0.919999999999999,0.079999999999999));
#13314=CARTESIAN_POINT('',(0.599999999999999,0.999999999999999,0.0799999999999997));
#13315=CARTESIAN_POINT('',(0.600000000000001,0.694862999999998,0.079999999999999));
#13316=CARTESIAN_POINT('',(0.548832499999999,0.694862999999997,0.0288324999999984));
#13317=CARTESIAN_POINT('',(-15.,0.999999999999997,-15.5199999999998));
#13318=CARTESIAN_POINT('Origin',(0.662500000000001,0.919999999999999,0.0799999999999989));
#13319=CARTESIAN_POINT('',(-15.,0.919999999999999,0.0800000000000025));
#13320=CARTESIAN_POINT('Origin',(0.662500000000001,0.999999999999999,0.0799999999999987));
#13321=CARTESIAN_POINT('',(0.675,0.999999999999999,0.0799999999999987));
#13322=CARTESIAN_POINT('',(-15.,0.999999999999999,0.0800000000000023));
#13323=CARTESIAN_POINT('',(0.825000000000001,0.999999999999999,0.0799999999999986));
#13324=CARTESIAN_POINT('',(6.,0.999999999999999,0.0799999999999975));
#13325=CARTESIAN_POINT('',(-15.,0.999999999999999,0.0800000000000023));
#13326=CARTESIAN_POINT('Origin',(4.325,0.999999999999999,0.309999999999998));
#13327=CARTESIAN_POINT('',(0.675,0.999999999999999,0.309999999999999));
#13328=CARTESIAN_POINT('',(0.675000000000001,0.999999999999999,0.841613999999999));
#13329=CARTESIAN_POINT('',(6.,0.999999999999999,0.309999999999997));
#13330=CARTESIAN_POINT('Origin',(0.825000000000001,0.999999999999999,0.0786607773540637));
#13331=CARTESIAN_POINT('',(0.675000000000001,0.999999999999999,0.841613999999999));
#13332=CARTESIAN_POINT('',(0.825000000000001,0.999999999999999,0.841613999999999));
#13333=CARTESIAN_POINT('Origin',(0.675,1.24577907539775,0.170500231015465));
#13334=CARTESIAN_POINT('',(0.675,1.35,0.309999999999999));
#13335=CARTESIAN_POINT('',(0.675,0.694862999999997,0.309999999999999));
#13336=CARTESIAN_POINT('',(0.675,1.35,0.159999999999999));
#13337=CARTESIAN_POINT('',(0.675,1.35,0.310000000000001));
#13338=CARTESIAN_POINT('',(0.675,1.29999999999999,0.109999999999998));
#13339=CARTESIAN_POINT('Origin',(0.675,1.35,0.109999999999998));
#13340=CARTESIAN_POINT('',(0.675,1.29999999999999,0.0499999999999995));
#13341=CARTESIAN_POINT('',(0.675,1.29999999999999,0.109999999999998));
#13342=CARTESIAN_POINT('',(0.675,1.29999999999999,0.0499999999999996));
#13343=CARTESIAN_POINT('Origin',(0.825000000000001,1.24577907539775,0.170500231015465));
#13344=CARTESIAN_POINT('',(0.825000000000001,1.29999999999999,0.0499999999999995));
#13345=CARTESIAN_POINT('',(0.825000000000001,0.694862999999997,-0.555136999999911));
#13346=CARTESIAN_POINT('',(0.825000000000001,1.29999999999999,0.109999999999998));
#13347=CARTESIAN_POINT('',(0.825000000000001,1.29999999999999,0.841613999999999));
#13348=CARTESIAN_POINT('',(0.825000000000001,1.35,0.159999999999999));
#13349=CARTESIAN_POINT('Origin',(0.825000000000001,1.35,0.109999999999998));
#13350=CARTESIAN_POINT('',(0.825000000000001,1.35,0.309999999999999));
#13351=CARTESIAN_POINT('',(0.825000000000001,1.35,0.841613999999999));
#13352=CARTESIAN_POINT('',(0.825000000000001,0.999999999999999,0.309999999999998));
#13353=CARTESIAN_POINT('',(0.825000000000001,0.694862999999998,0.309999999999999));
#13354=CARTESIAN_POINT('',(0.825000000000001,0.999999999999999,0.841613999999999));
#13355=CARTESIAN_POINT('Origin',(4.825,0.999999999999999,0.309999999999997));
#13356=CARTESIAN_POINT('',(1.175,0.999999999999999,0.309999999999998));
#13357=CARTESIAN_POINT('',(1.175,0.999999999999999,0.0799999999999986));
#13358=CARTESIAN_POINT('',(1.175,0.999999999999999,0.841613999999999));
#13359=CARTESIAN_POINT('',(1.1,0.999999999999999,0.0799999999999996));
#13360=CARTESIAN_POINT('',(-14.5,0.999999999999999,0.0800000000000022));
#13361=CARTESIAN_POINT('',(-14.5,0.999999999999997,-15.5199999999998));
#13362=CARTESIAN_POINT('',(6.5,0.999999999999999,0.309999999999997));
#13363=CARTESIAN_POINT('Origin',(1.175,1.24577907539775,0.170500231015465));
#13364=CARTESIAN_POINT('',(1.175,1.35,0.309999999999999));
#13365=CARTESIAN_POINT('',(1.175,0.694862999999997,0.309999999999999));
#13366=CARTESIAN_POINT('',(1.175,1.35,0.159999999999999));
#13367=CARTESIAN_POINT('',(1.175,1.35,0.310000000000001));
#13368=CARTESIAN_POINT('',(1.175,1.29999999999999,0.109999999999998));
#13369=CARTESIAN_POINT('Origin',(1.175,1.35,0.109999999999998));
#13370=CARTESIAN_POINT('',(1.175,1.29999999999999,0.0499999999999994));
#13371=CARTESIAN_POINT('',(1.175,1.29999999999999,0.109999999999998));
#13372=CARTESIAN_POINT('',(1.175,1.24999999999999,-1.22124532708767E-15));
#13373=CARTESIAN_POINT('',(1.175,1.29999999999999,0.0499999999999995));
#13374=CARTESIAN_POINT('',(1.175,0.919999999999986,-1.11022302462516E-15));
#13375=CARTESIAN_POINT('',(1.175,0.919999999999986,-1.11022302462516E-15));
#13376=CARTESIAN_POINT('',(1.175,0.919999999999987,0.0361954891124606));
#13377=CARTESIAN_POINT('',(1.175,0.919999999999986,-1.11022302462516E-15));
#13378=CARTESIAN_POINT('',(1.175,0.943186633610997,0.065411546999338));
#13379=CARTESIAN_POINT('Origin',(1.175,0.949999999999987,0.0361954891124606));
#13380=CARTESIAN_POINT('',(1.175,0.999999999999999,0.0786607773540637));
#13381=CARTESIAN_POINT('',(1.175,0.943186633610997,0.065411546999338));
#13382=CARTESIAN_POINT('',(1.175,0.999999999999999,0.841613999999999));
#13383=CARTESIAN_POINT('Origin',(1.325,0.999999999999999,0.0786607773540636));
#13384=CARTESIAN_POINT('',(1.325,0.999999999999999,0.0799999999999985));
#13385=CARTESIAN_POINT('',(6.5,0.999999999999999,0.0799999999999974));
#13386=CARTESIAN_POINT('',(1.325,0.999999999999999,0.0786607773540636));
#13387=CARTESIAN_POINT('',(6.5,0.999999999999999,0.0786607773540626));
#13388=CARTESIAN_POINT('',(1.325,0.999999999999999,0.841613999999999));
#13389=CARTESIAN_POINT('Origin',(1.325,1.24577907539775,0.170500231015465));
#13390=CARTESIAN_POINT('',(1.325,0.943186633610997,0.0654115469993379));
#13391=CARTESIAN_POINT('',(1.325,0.694862999999997,0.00750093135816499));
#13392=CARTESIAN_POINT('',(1.325,0.919999999999987,0.0361954891124606));
#13393=CARTESIAN_POINT('Origin',(1.325,0.949999999999987,0.0361954891124605));
#13394=CARTESIAN_POINT('',(1.325,0.919999999999986,-1.22124532708767E-15));
#13395=CARTESIAN_POINT('',(1.325,0.919999999999986,0.841613999999999));
#13396=CARTESIAN_POINT('',(1.325,1.24999999999999,-1.33226762955019E-15));
#13397=CARTESIAN_POINT('',(1.325,0.694862999999997,-1.22124532708767E-15));
#13398=CARTESIAN_POINT('',(1.325,1.29999999999999,0.0499999999999994));
#13399=CARTESIAN_POINT('',(1.325,0.694862999999997,-0.555136999999911));
#13400=CARTESIAN_POINT('',(1.325,1.29999999999999,0.109999999999998));
#13401=CARTESIAN_POINT('',(1.325,1.29999999999999,0.841613999999998));
#13402=CARTESIAN_POINT('',(1.325,1.35,0.159999999999999));
#13403=CARTESIAN_POINT('Origin',(1.325,1.35,0.109999999999998));
#13404=CARTESIAN_POINT('',(1.325,1.35,0.309999999999998));
#13405=CARTESIAN_POINT('',(1.325,1.35,0.841613999999998));
#13406=CARTESIAN_POINT('',(1.325,0.999999999999999,0.309999999999998));
#13407=CARTESIAN_POINT('',(1.325,0.694862999999998,0.309999999999998));
#13408=CARTESIAN_POINT('',(1.325,0.999999999999999,0.841613999999998));
#13409=CARTESIAN_POINT('Origin',(1.075,0.849999999999999,0.0549999999999987));
#13410=CARTESIAN_POINT('',(1.1,0.919999999999999,0.0799999999999989));
#13411=CARTESIAN_POINT('',(1.1,0.694862999999998,0.0799999999999989));
#13412=CARTESIAN_POINT('',(1.0488325,0.694862999999997,0.0288324999999983));
#13413=CARTESIAN_POINT('Origin',(1.1625,0.999999999999999,0.0799999999999986));
#13414=CARTESIAN_POINT('',(1.4,0.919999999999999,0.0799999999999987));
#13415=CARTESIAN_POINT('',(-14.5,0.919999999999999,0.0800000000000024));
#13416=CARTESIAN_POINT('',(1.4,0.999999999999999,0.0799999999999985));
#13417=CARTESIAN_POINT('',(-14.5,0.999999999999999,0.0800000000000022));
#13418=CARTESIAN_POINT('',(1.4,0.694862999999998,0.0799999999999987));
#13419=CARTESIAN_POINT('Origin',(1.1625,0.919999999999999,0.0799999999999987));
#13420=CARTESIAN_POINT('',(1.4511675,0.694862999999997,0.0288324999999982));
#13421=CARTESIAN_POINT('Origin',(1.425,0.849999999999999,0.0549999999999986));
#13422=CARTESIAN_POINT('',(-14.,1.,15.4799999999998));
#13423=CARTESIAN_POINT('Origin',(1.575,0.849999999999999,0.0549999999999986));
#13424=CARTESIAN_POINT('',(1.6,0.919999999999999,0.0799999999999987));
#13425=CARTESIAN_POINT('',(1.6,0.999999999999999,0.0799999999999995));
#13426=CARTESIAN_POINT('',(1.6,0.694862999999998,0.0799999999999987));
#13427=CARTESIAN_POINT('',(1.5488325,0.694862999999997,0.0288324999999982));
#13428=CARTESIAN_POINT('',(-14.,0.999999999999997,-15.5199999999998));
#13429=CARTESIAN_POINT('Origin',(1.6625,0.919999999999999,0.0799999999999986));
#13430=CARTESIAN_POINT('',(1.9,0.919999999999999,0.0799999999999985));
#13431=CARTESIAN_POINT('',(-14.,0.919999999999999,0.0800000000000023));
#13432=CARTESIAN_POINT('',(1.9511675,0.694862999999997,0.0288324999999979));
#13433=CARTESIAN_POINT('Origin',(1.6625,0.999999999999999,0.0799999999999985));
#13434=CARTESIAN_POINT('',(1.675,0.999999999999999,0.0799999999999984));
#13435=CARTESIAN_POINT('',(-14.,0.999999999999999,0.0800000000000021));
#13436=CARTESIAN_POINT('',(1.825,0.999999999999999,0.0799999999999984));
#13437=CARTESIAN_POINT('',(7.,0.999999999999999,0.0799999999999972));
#13438=CARTESIAN_POINT('',(1.9,0.999999999999999,0.0799999999999983));
#13439=CARTESIAN_POINT('',(-14.,0.999999999999999,0.080000000000002));
#13440=CARTESIAN_POINT('',(1.9,0.694862999999998,0.0799999999999985));
#13441=CARTESIAN_POINT('Origin',(5.325,0.999999999999999,0.309999999999997));
#13442=CARTESIAN_POINT('',(1.675,0.999999999999999,0.309999999999998));
#13443=CARTESIAN_POINT('',(1.675,0.999999999999999,0.841613999999998));
#13444=CARTESIAN_POINT('',(7.,0.999999999999999,0.309999999999997));
#13445=CARTESIAN_POINT('Origin',(1.825,0.999999999999999,0.0786607773540635));
#13446=CARTESIAN_POINT('',(1.675,0.999999999999999,0.0786607773540635));
#13447=CARTESIAN_POINT('',(1.675,0.999999999999999,0.841613999999998));
#13448=CARTESIAN_POINT('',(1.825,0.999999999999999,0.0786607773540635));
#13449=CARTESIAN_POINT('',(7.,0.999999999999999,0.0786607773540624));
#13450=CARTESIAN_POINT('',(1.825,0.999999999999999,0.841613999999998));
#13451=CARTESIAN_POINT('Origin',(1.675,1.24577907539775,0.170500231015464));
#13452=CARTESIAN_POINT('',(1.675,0.694862999999997,0.309999999999998));
#13453=CARTESIAN_POINT('',(1.675,1.29999999999999,0.0499999999999992));
#13454=CARTESIAN_POINT('',(1.675,1.29999999999999,0.109999999999998));
#13455=CARTESIAN_POINT('',(1.675,1.24999999999999,-1.4432899320127E-15));
#13456=CARTESIAN_POINT('',(1.675,1.29999999999999,0.0499999999999993));
#13457=CARTESIAN_POINT('',(1.675,0.919999999999986,-1.33226762955019E-15));
#13458=CARTESIAN_POINT('',(1.675,0.919999999999986,-1.33226762955019E-15));
#13459=CARTESIAN_POINT('',(1.675,0.919999999999987,0.0361954891124604));
#13460=CARTESIAN_POINT('',(1.675,0.919999999999986,-1.33226762955019E-15));
#13461=CARTESIAN_POINT('',(1.675,0.943186633610997,0.0654115469993378));
#13462=CARTESIAN_POINT('Origin',(1.675,0.949999999999987,0.0361954891124604));
#13463=CARTESIAN_POINT('',(1.675,0.943186633610997,0.0654115469993378));
#13464=CARTESIAN_POINT('Origin',(1.825,1.24577907539775,0.170500231015464));
#13465=CARTESIAN_POINT('',(1.825,0.943186633610997,0.0654115469993378));
#13466=CARTESIAN_POINT('',(1.825,0.694862999999998,0.00750093135816488));
#13467=CARTESIAN_POINT('',(1.825,0.919999999999987,0.0361954891124604));
#13468=CARTESIAN_POINT('Origin',(1.825,0.949999999999987,0.0361954891124604));
#13469=CARTESIAN_POINT('',(1.825,0.919999999999986,-1.33226762955019E-15));
#13470=CARTESIAN_POINT('',(1.825,0.919999999999986,0.841613999999998));
#13471=CARTESIAN_POINT('',(1.825,1.24999999999999,-1.33226762955019E-15));
#13472=CARTESIAN_POINT('',(1.825,0.694862999999998,-1.33226762955019E-15));
#13473=CARTESIAN_POINT('',(1.825,1.29999999999999,0.0499999999999993));
#13474=CARTESIAN_POINT('',(1.825,0.694862999999998,-0.555136999999911));
#13475=CARTESIAN_POINT('',(1.825,1.29999999999999,0.841613999999998));
#13476=CARTESIAN_POINT('',(1.825,0.999999999999999,0.309999999999998));
#13477=CARTESIAN_POINT('',(1.825,0.694862999999998,0.309999999999998));
#13478=CARTESIAN_POINT('',(1.825,0.999999999999999,0.841613999999998));
#13479=CARTESIAN_POINT('Origin',(-2.325,1.35,0.310000000000002));
#13480=CARTESIAN_POINT('',(0.5,1.35,0.309999999999999));
#13481=CARTESIAN_POINT('Origin',(-1.825,1.35,0.310000000000002));
#13482=CARTESIAN_POINT('',(1.,1.35,0.309999999999998));
#13483=CARTESIAN_POINT('',(-1.825,1.35,0.159999999999999));
#13484=CARTESIAN_POINT('Origin',(3.175,1.24999999999999,-1.88737914186277E-15));
#13485=CARTESIAN_POINT('',(3.175,1.24999999999999,-1.88737914186277E-15));
#13486=CARTESIAN_POINT('',(3.325,1.24999999999999,-1.88737914186277E-15));
#13487=CARTESIAN_POINT('',(3.175,1.24999999999999,-1.88737914186277E-15));
#13488=CARTESIAN_POINT('',(3.325,0.919999999999985,-1.77635683940025E-15));
#13489=CARTESIAN_POINT('',(3.325,0.694862999999998,-1.77635683940025E-15));
#13490=CARTESIAN_POINT('',(3.175,0.919999999999985,-1.77635683940025E-15));
#13491=CARTESIAN_POINT('',(3.175,0.919999999999985,-1.77635683940025E-15));
#13492=CARTESIAN_POINT('',(3.175,0.919999999999985,-1.77635683940025E-15));
#13493=CARTESIAN_POINT('Origin',(-3.075,0.849999999999999,0.0549999999999995));
#13494=CARTESIAN_POINT('Origin',(2.325,0.999999999999999,0.0786607773540633));
#13495=CARTESIAN_POINT('',(2.175,0.999999999999999,0.0799999999999982));
#13496=CARTESIAN_POINT('',(7.5,0.999999999999999,0.079999999999997));
#13497=CARTESIAN_POINT('',(2.175,0.999999999999999,0.0786607773540633));
#13498=CARTESIAN_POINT('',(2.175,0.999999999999999,0.841613999999998));
#13499=CARTESIAN_POINT('',(7.5,0.999999999999999,0.0786607773540622));
#13500=CARTESIAN_POINT('Origin',(2.675,0.919999999999986,-1.66533453693773E-15));
#13501=CARTESIAN_POINT('',(2.675,0.919999999999986,-1.66533453693773E-15));
#13502=CARTESIAN_POINT('',(2.675,0.919999999999987,0.0361954891124601));
#13503=CARTESIAN_POINT('',(2.675,0.919999999999986,-1.66533453693773E-15));
#13504=CARTESIAN_POINT('',(2.825,0.919999999999986,-1.66533453693773E-15));
#13505=CARTESIAN_POINT('',(2.675,0.919999999999986,-1.66533453693773E-15));
#13506=CARTESIAN_POINT('',(2.825,0.919999999999987,0.03619548911246));
#13507=CARTESIAN_POINT('',(2.825,0.919999999999986,0.841613999999998));
#13508=CARTESIAN_POINT('',(2.675,0.919999999999987,0.0361954891124601));
#13509=CARTESIAN_POINT('Origin',(-3.325,-0.0699999999997938,0.84000000000001));
#13510=CARTESIAN_POINT('',(6.27,0.460000000000001,0.840000000000007));
#13511=CARTESIAN_POINT('',(0.,0.46,0.840000000000009));
#13512=CARTESIAN_POINT('',(6.3,-0.0200000000000009,0.840000000000008));
#13513=CARTESIAN_POINT('',(7.5,-0.0200000000000011,0.840000000000007));
#13514=CARTESIAN_POINT('',(6.3,0.899999999999998,0.840000000000007));
#13515=CARTESIAN_POINT('',(6.3,0.694862999999998,0.840000000000007));
#13516=CARTESIAN_POINT('',(6.27,0.899999999999998,0.840000000000007));
#13517=CARTESIAN_POINT('',(7.,0.899999999999998,0.840000000000007));
#13518=CARTESIAN_POINT('',(6.27,0.694862999999998,0.840000000000007));
#13519=CARTESIAN_POINT('Origin',(2.675,1.35,0.31));
#13520=CARTESIAN_POINT('',(2.675,1.35,0.309999999999998));
#13521=CARTESIAN_POINT('',(2.825,1.35,0.309999999999998));
#13522=CARTESIAN_POINT('',(5.5,1.35,0.309999999999997));
#13523=CARTESIAN_POINT('',(2.825,1.35,0.159999999999998));
#13524=CARTESIAN_POINT('',(2.825,1.35,0.841613999999998));
#13525=CARTESIAN_POINT('',(2.675,1.35,0.159999999999998));
#13526=CARTESIAN_POINT('',(2.675,1.35,0.159999999999998));
#13527=CARTESIAN_POINT('',(2.675,1.35,0.31));
#13528=CARTESIAN_POINT('Origin',(-1.325,1.24999999999999,-7.7715611723761E-16));
#13529=CARTESIAN_POINT('',(-1.325,1.24999999999999,-7.7715611723761E-16));
#13530=CARTESIAN_POINT('Origin',(-2.325,0.919999999999986,-4.44089209850063E-16));
#13531=CARTESIAN_POINT('',(-2.325,0.919999999999986,-4.44089209850063E-16));
#13532=CARTESIAN_POINT('',(-2.325,0.919999999999987,0.0361954891124613));
#13533=CARTESIAN_POINT('Origin',(-3.825,1.35,0.310000000000002));
#13534=CARTESIAN_POINT('',(-1.,1.35,0.309999999999999));
#13535=CARTESIAN_POINT('',(-3.825,1.35,0.16));
#13536=CARTESIAN_POINT('Origin',(-2.825,1.35,0.109999999999999));
#13537=CARTESIAN_POINT('',(-2.825,1.29999999999999,0.109999999999999));
#13538=CARTESIAN_POINT('Origin',(2.175,1.24999999999999,-1.66533453693773E-15));
#13539=CARTESIAN_POINT('',(2.175,1.24999999999999,-1.66533453693773E-15));
#13540=CARTESIAN_POINT('',(2.175,1.24999999999999,-1.66533453693773E-15));
#13541=CARTESIAN_POINT('',(2.175,0.919999999999985,-1.55431223447522E-15));
#13542=CARTESIAN_POINT('',(2.175,0.919999999999985,-1.55431223447522E-15));
#13543=CARTESIAN_POINT('',(2.175,0.919999999999985,-1.55431223447522E-15));
#13544=CARTESIAN_POINT('Origin',(-5.785,-1.2,0.72));
#13545=CARTESIAN_POINT('',(5.785,-1.65,0.719999999999997));
#13546=CARTESIAN_POINT('',(-15.,-1.65,0.720000000000002));
#13547=CARTESIAN_POINT('',(5.785,-1.1,0.719999999999997));
#13548=CARTESIAN_POINT('',(-1.235,-1.1,0.719999999999999));
#13549=CARTESIAN_POINT('',(5.785,0.0749362304206372,0.719999999999997));
#13550=CARTESIAN_POINT('Origin',(2.675,0.943186633610997,0.0654115469993375));
#13551=CARTESIAN_POINT('',(2.675,0.943186633610997,0.0654115469993375));
#13552=CARTESIAN_POINT('',(2.825,0.943186633610997,0.0654115469993375));
#13553=CARTESIAN_POINT('',(2.675,0.943186633610997,0.0654115469993375));
#13554=CARTESIAN_POINT('',(2.825,0.999999999999999,0.0786607773540632));
#13555=CARTESIAN_POINT('',(2.825,0.694862999999998,0.00750093135816465));
#13556=CARTESIAN_POINT('',(2.675,0.999999999999999,0.0786607773540632));
#13557=CARTESIAN_POINT('',(8.,0.999999999999999,0.0786607773540621));
#13558=CARTESIAN_POINT('',(2.675,0.943186633610997,0.0654115469993375));
#13559=CARTESIAN_POINT('Origin',(-1.075,0.849999999999999,0.0549999999999992));
#13560=CARTESIAN_POINT('Origin',(0.675,1.35,0.109999999999998));
#13561=CARTESIAN_POINT('',(0.675,1.35,0.159999999999999));
#13562=CARTESIAN_POINT('',(0.675,1.29999999999999,0.109999999999998));
#13563=CARTESIAN_POINT('Origin',(-2.825,0.943186633610997,0.0654115469993388));
#13564=CARTESIAN_POINT('',(-2.825,0.943186633610997,0.0654115469993388));
#13565=CARTESIAN_POINT('Origin',(-3.325,0.943186633610997,0.0654115469993389));
#13566=CARTESIAN_POINT('',(-3.325,0.943186633610997,0.0654115469993389));
#13567=CARTESIAN_POINT('Origin',(-2.075,0.849999999999999,0.0549999999999993));
#13568=CARTESIAN_POINT('Origin',(-2.825,1.29999999999999,0.109999999999999));
#13569=CARTESIAN_POINT('',(-2.825,1.29999999999999,0.0500000000000003));
#13570=CARTESIAN_POINT('Origin',(0.675,1.29999999999999,0.0499999999999996));
#13571=CARTESIAN_POINT('',(0.675,1.29999999999999,0.0499999999999996));
#13572=CARTESIAN_POINT('Origin',(-1.325,1.29999999999999,0.0499999999999999));
#13573=CARTESIAN_POINT('',(-1.325,1.29999999999999,0.0499999999999999));
#13574=CARTESIAN_POINT('Origin',(-3.825,1.35,0.109999999999999));
#13575=CARTESIAN_POINT('Origin',(-3.325,1.35,0.310000000000002));
#13576=CARTESIAN_POINT('',(-0.5,1.35,0.309999999999999));
#13577=CARTESIAN_POINT('',(-3.325,1.35,0.16));
#13578=CARTESIAN_POINT('Origin',(0.675,1.29999999999999,0.109999999999998));
#13579=CARTESIAN_POINT('Origin',(-2.825,1.24999999999999,-4.44089209850063E-16));
#13580=CARTESIAN_POINT('',(-2.825,1.24999999999999,-4.44089209850063E-16));
#13581=CARTESIAN_POINT('',(-2.825,0.919999999999986,-3.33066907387547E-16));
#13582=CARTESIAN_POINT('Origin',(-2.325,0.949999999999987,0.0361954891124613));
#13583=CARTESIAN_POINT('',(-2.325,0.943186633610997,0.0654115469993387));
#13584=CARTESIAN_POINT('Origin',(2.175,1.24577907539775,0.170500231015464));
#13585=CARTESIAN_POINT('',(2.175,0.999999999999999,0.309999999999998));
#13586=CARTESIAN_POINT('',(2.175,0.999999999999999,0.841613999999998));
#13587=CARTESIAN_POINT('',(2.175,0.694862999999997,0.309999999999998));
#13588=CARTESIAN_POINT('',(2.175,1.29999999999999,0.109999999999998));
#13589=CARTESIAN_POINT('Origin',(2.175,1.35,0.109999999999998));
#13590=CARTESIAN_POINT('',(2.175,1.29999999999999,0.0499999999999989));
#13591=CARTESIAN_POINT('',(2.175,1.29999999999999,0.109999999999998));
#13592=CARTESIAN_POINT('',(2.175,1.29999999999999,0.049999999999999));
#13593=CARTESIAN_POINT('',(2.175,0.919999999999987,0.0361954891124602));
#13594=CARTESIAN_POINT('',(2.175,0.919999999999985,-1.55431223447522E-15));
#13595=CARTESIAN_POINT('',(2.175,0.943186633610996,0.0654115469993376));
#13596=CARTESIAN_POINT('Origin',(2.175,0.949999999999986,0.0361954891124602));
#13597=CARTESIAN_POINT('',(2.175,0.943186633610996,0.0654115469993376));
#13598=CARTESIAN_POINT('Origin',(2.175,0.943186633610996,0.0654115469993376));
#13599=CARTESIAN_POINT('',(2.175,0.943186633610996,0.0654115469993376));
#13600=CARTESIAN_POINT('Origin',(-3.325,0.949999999999987,0.0361954891124615));
#13601=CARTESIAN_POINT('',(-3.325,0.919999999999987,0.0361954891124615));
#13602=CARTESIAN_POINT('Origin',(-1.825,1.35,0.109999999999999));
#13603=CARTESIAN_POINT('Origin',(-2.825,0.949999999999987,0.0361954891124614));
#13604=CARTESIAN_POINT('',(-2.825,0.919999999999987,0.0361954891124614));
#13605=CARTESIAN_POINT('Origin',(-3.325,1.24999999999999,-3.33066907387547E-16));
#13606=CARTESIAN_POINT('',(-3.325,0.919999999999986,-2.22044604925031E-16));
#13607=CARTESIAN_POINT('Origin',(-3.325,1.29999999999999,0.109999999999999));
#13608=CARTESIAN_POINT('',(-3.325,1.29999999999999,0.109999999999999));
#13609=CARTESIAN_POINT('Origin',(-2.325,0.943186633610997,0.0654115469993387));
#13610=CARTESIAN_POINT('Origin',(-1.825,0.949999999999987,0.0361954891124612));
#13611=CARTESIAN_POINT('',(-1.825,0.943186633610997,0.0654115469993386));
#13612=CARTESIAN_POINT('Origin',(1.675,1.29999999999999,0.109999999999998));
#13613=CARTESIAN_POINT('',(1.675,1.29999999999999,0.0499999999999993));
#13614=CARTESIAN_POINT('Origin',(1.175,0.919999999999986,-1.11022302462516E-15));
#13615=CARTESIAN_POINT('',(1.175,0.919999999999986,-1.11022302462516E-15));
#13616=CARTESIAN_POINT('',(1.175,0.919999999999987,0.0361954891124606));
#13617=CARTESIAN_POINT('Origin',(1.175,1.29999999999999,0.0499999999999995));
#13618=CARTESIAN_POINT('',(1.175,1.29999999999999,0.0499999999999995));
#13619=CARTESIAN_POINT('',(1.175,1.24999999999999,-1.22124532708767E-15));
#13620=CARTESIAN_POINT('Origin',(1.175,1.24999999999999,-1.22124532708767E-15));
#13621=CARTESIAN_POINT('Origin',(0.675,1.35,0.310000000000001));
#13622=CARTESIAN_POINT('',(3.5,1.35,0.309999999999998));
#13623=CARTESIAN_POINT('Origin',(1.175,0.943186633610997,0.065411546999338));
#13624=CARTESIAN_POINT('',(1.175,0.943186633610997,0.065411546999338));
#13625=CARTESIAN_POINT('Origin',(1.175,0.949999999999987,0.0361954891124606));
#13626=CARTESIAN_POINT('Origin',(1.175,1.35,0.109999999999998));
#13627=CARTESIAN_POINT('',(1.175,1.35,0.159999999999999));
#13628=CARTESIAN_POINT('',(1.175,1.29999999999999,0.109999999999998));
#13629=CARTESIAN_POINT('Origin',(1.175,1.35,0.310000000000001));
#13630=CARTESIAN_POINT('',(4.,1.35,0.309999999999998));
#13631=CARTESIAN_POINT('Origin',(2.425,0.849999999999999,0.0549999999999983));
#13632=CARTESIAN_POINT('',(2.4,0.999999999999999,0.0799999999999982));
#13633=CARTESIAN_POINT('',(2.4,0.919999999999999,0.0799999999999984));
#13634=CARTESIAN_POINT('',(2.4,0.694862999999998,0.0799999999999984));
#13635=CARTESIAN_POINT('',(-13.,1.,15.4799999999998));
#13636=CARTESIAN_POINT('',(2.4511675,0.694862999999997,0.0288324999999978));
#13637=CARTESIAN_POINT('Origin',(1.675,0.943186633610997,0.0654115469993378));
#13638=CARTESIAN_POINT('',(1.675,0.943186633610997,0.0654115469993378));
#13639=CARTESIAN_POINT('Origin',(1.675,0.949999999999987,0.0361954891124604));
#13640=CARTESIAN_POINT('',(1.675,0.919999999999987,0.0361954891124604));
#13641=CARTESIAN_POINT('Origin',(1.675,0.919999999999986,-1.33226762955019E-15));
#13642=CARTESIAN_POINT('',(1.675,0.919999999999986,-1.33226762955019E-15));
#13643=CARTESIAN_POINT('Origin',(1.675,1.24999999999999,-1.4432899320127E-15));
#13644=CARTESIAN_POINT('',(1.675,1.24999999999999,-1.4432899320127E-15));
#13645=CARTESIAN_POINT('Origin',(1.675,1.29999999999999,0.0499999999999993));
#13646=CARTESIAN_POINT('Origin',(1.175,1.29999999999999,0.109999999999998));
#13647=CARTESIAN_POINT('Origin',(-1.325,0.943186633610997,0.0654115469993385));
#13648=CARTESIAN_POINT('',(-1.325,0.943186633610997,0.0654115469993385));
#13649=CARTESIAN_POINT('Origin',(-1.825,0.943186633610997,0.0654115469993386));
#13650=CARTESIAN_POINT('Origin',(-2.825,1.29999999999999,0.0500000000000003));
#13651=CARTESIAN_POINT('Origin',(-0.825,1.29999999999999,0.0499999999999999));
#13652=CARTESIAN_POINT('Origin',(-2.825,0.919999999999986,-3.33066907387547E-16));
#13653=CARTESIAN_POINT('Origin',(2.925,0.849999999999999,0.0549999999999982));
#13654=CARTESIAN_POINT('',(2.9,0.999999999999999,0.0799999999999981));
#13655=CARTESIAN_POINT('',(2.9,0.919999999999999,0.0799999999999983));
#13656=CARTESIAN_POINT('',(2.9,0.694862999999998,0.0799999999999983));
#13657=CARTESIAN_POINT('',(-12.5,1.,15.4799999999998));
#13658=CARTESIAN_POINT('',(2.9511675,0.694862999999997,0.0288324999999977));
#13659=CARTESIAN_POINT('Origin',(-3.325,1.35,0.109999999999999));
#13660=CARTESIAN_POINT('Origin',(-2.325,1.24999999999999,-5.55111512312578E-16));
#13661=CARTESIAN_POINT('Origin',(-1.325,0.949999999999987,0.0361954891124611));
#13662=CARTESIAN_POINT('Origin',(-3.325,0.919999999999986,-2.22044604925031E-16));
#13663=CARTESIAN_POINT('Origin',(-1.325,1.29999999999999,0.109999999999999));
#13664=CARTESIAN_POINT('Origin',(5.825,0.999999999999999,0.309999999999997));
#13665=CARTESIAN_POINT('',(2.1,0.999999999999998,0.0799999999999993));
#13666=CARTESIAN_POINT('',(-13.5,0.999999999999999,0.0800000000000018));
#13667=CARTESIAN_POINT('',(-13.5,0.999999999999997,-15.5199999999998));
#13668=CARTESIAN_POINT('',(-13.5,1.,15.4799999999998));
#13669=CARTESIAN_POINT('',(7.5,0.999999999999999,0.309999999999997));
#13670=CARTESIAN_POINT('Origin',(2.075,0.849999999999999,0.0549999999999984));
#13671=CARTESIAN_POINT('',(2.1,0.919999999999999,0.0799999999999985));
#13672=CARTESIAN_POINT('',(2.1,0.694862999999998,0.0799999999999985));
#13673=CARTESIAN_POINT('',(2.0488325,0.694862999999997,0.0288324999999979));
#13674=CARTESIAN_POINT('Origin',(2.1625,0.999999999999998,0.0799999999999982));
#13675=CARTESIAN_POINT('',(-13.5,0.919999999999999,0.0800000000000022));
#13676=CARTESIAN_POINT('',(-13.5,0.999999999999999,0.0800000000000018));
#13677=CARTESIAN_POINT('Origin',(2.1625,0.919999999999998,0.0799999999999983));
#13678=CARTESIAN_POINT('Origin',(2.175,0.919999999999985,-1.55431223447522E-15));
#13679=CARTESIAN_POINT('',(2.175,0.919999999999987,0.0361954891124602));
#13680=CARTESIAN_POINT('Origin',(3.175,1.24577907539775,0.170500231015464));
#13681=CARTESIAN_POINT('',(3.175,0.999999999999999,0.309999999999998));
#13682=CARTESIAN_POINT('',(3.175,0.999999999999999,0.079999999999998));
#13683=CARTESIAN_POINT('',(3.175,0.999999999999999,0.841613999999998));
#13684=CARTESIAN_POINT('',(3.175,1.35,0.309999999999998));
#13685=CARTESIAN_POINT('',(3.175,0.694862999999997,0.309999999999998));
#13686=CARTESIAN_POINT('',(3.175,1.35,0.159999999999998));
#13687=CARTESIAN_POINT('',(3.175,1.35,0.31));
#13688=CARTESIAN_POINT('',(3.175,1.29999999999999,0.109999999999998));
#13689=CARTESIAN_POINT('Origin',(3.175,1.35,0.109999999999998));
#13690=CARTESIAN_POINT('',(3.175,1.29999999999999,0.0499999999999987));
#13691=CARTESIAN_POINT('',(3.175,1.29999999999999,0.109999999999998));
#13692=CARTESIAN_POINT('',(3.175,1.29999999999999,0.0499999999999988));
#13693=CARTESIAN_POINT('',(3.175,0.919999999999987,0.03619548911246));
#13694=CARTESIAN_POINT('',(3.175,0.919999999999985,-1.77635683940025E-15));
#13695=CARTESIAN_POINT('',(3.175,0.943186633610996,0.0654115469993374));
#13696=CARTESIAN_POINT('Origin',(3.175,0.949999999999986,0.03619548911246));
#13697=CARTESIAN_POINT('',(3.175,0.999999999999999,0.0786607773540631));
#13698=CARTESIAN_POINT('',(3.175,0.943186633610996,0.0654115469993374));
#13699=CARTESIAN_POINT('',(3.175,0.999999999999999,0.841613999999998));
#13700=CARTESIAN_POINT('Origin',(2.175,1.35,0.109999999999998));
#13701=CARTESIAN_POINT('',(2.175,1.29999999999999,0.109999999999998));
#13702=CARTESIAN_POINT('Origin',(1.925,0.849999999999999,0.0549999999999984));
#13703=CARTESIAN_POINT('Origin',(2.175,1.29999999999999,0.049999999999999));
#13704=CARTESIAN_POINT('',(2.175,1.29999999999999,0.049999999999999));
#13705=CARTESIAN_POINT('Origin',(5.175,0.943186633610997,0.0654115469993366));
#13706=CARTESIAN_POINT('',(5.325,0.999999999999999,0.0786607773540623));
#13707=CARTESIAN_POINT('',(5.175,0.999999999999999,0.0786607773540623));
#13708=CARTESIAN_POINT('',(7.,0.999999999999999,0.078660777354062));
#13709=CARTESIAN_POINT('',(5.175,0.943186633610997,0.0654115469993366));
#13710=CARTESIAN_POINT('',(5.175,0.943186633610997,0.0654115469993366));
#13711=CARTESIAN_POINT('',(5.325,0.943186633610997,0.0654115469993366));
#13712=CARTESIAN_POINT('',(5.175,0.943186633610997,0.0654115469993366));
#13713=CARTESIAN_POINT('',(5.325,0.943186633610997,0.0654115469993366));
#13714=CARTESIAN_POINT('Origin',(2.675,1.29999999999999,0.0499999999999989));
#13715=CARTESIAN_POINT('',(2.675,1.29999999999999,0.0499999999999988));
#13716=CARTESIAN_POINT('',(2.825,1.29999999999999,0.0499999999999988));
#13717=CARTESIAN_POINT('',(2.675,1.29999999999999,0.0499999999999989));
#13718=CARTESIAN_POINT('',(2.825,1.24999999999999,-1.77635683940025E-15));
#13719=CARTESIAN_POINT('',(2.825,0.694862999999998,-0.555136999999911));
#13720=CARTESIAN_POINT('',(2.675,1.24999999999999,-1.77635683940025E-15));
#13721=CARTESIAN_POINT('',(2.675,1.24999999999999,-1.77635683940025E-15));
#13722=CARTESIAN_POINT('',(2.675,1.29999999999999,0.0499999999999989));
#13723=CARTESIAN_POINT('Origin',(2.675,1.24577907539775,0.170500231015464));
#13724=CARTESIAN_POINT('',(2.675,0.999999999999999,0.309999999999998));
#13725=CARTESIAN_POINT('',(2.675,0.999999999999999,0.0799999999999981));
#13726=CARTESIAN_POINT('',(2.675,0.999999999999999,0.841613999999998));
#13727=CARTESIAN_POINT('',(2.675,0.694862999999997,0.309999999999998));
#13728=CARTESIAN_POINT('',(2.675,1.29999999999999,0.109999999999998));
#13729=CARTESIAN_POINT('Origin',(2.675,1.35,0.109999999999998));
#13730=CARTESIAN_POINT('',(2.675,1.29999999999999,0.109999999999998));
#13731=CARTESIAN_POINT('',(2.675,0.919999999999986,-1.66533453693773E-15));
#13732=CARTESIAN_POINT('Origin',(2.675,0.949999999999987,0.0361954891124601));
#13733=CARTESIAN_POINT('',(2.675,0.999999999999999,0.841613999999998));
#13734=CARTESIAN_POINT('Origin',(3.175,0.949999999999986,0.03619548911246));
#13735=CARTESIAN_POINT('',(3.325,0.919999999999987,0.0361954891124599));
#13736=CARTESIAN_POINT('',(3.175,0.919999999999987,0.03619548911246));
#13737=CARTESIAN_POINT('',(3.325,0.943186633610996,0.0654115469993374));
#13738=CARTESIAN_POINT('Origin',(3.325,0.949999999999986,0.03619548911246));
#13739=CARTESIAN_POINT('',(3.175,0.943186633610996,0.0654115469993374));
#13740=CARTESIAN_POINT('Origin',(2.175,0.949999999999986,0.0361954891124602));
#13741=CARTESIAN_POINT('Origin',(2.175,1.29999999999999,0.109999999999998));
#13742=CARTESIAN_POINT('Origin',(2.675,1.35,0.109999999999998));
#13743=CARTESIAN_POINT('',(2.825,1.29999999999999,0.109999999999998));
#13744=CARTESIAN_POINT('Origin',(2.825,1.35,0.109999999999998));
#13745=CARTESIAN_POINT('',(2.675,1.29999999999999,0.109999999999998));
#13746=CARTESIAN_POINT('Origin',(3.175,0.919999999999985,-1.77635683940025E-15));
#13747=CARTESIAN_POINT('',(3.325,0.919999999999986,0.841613999999998));
#13748=CARTESIAN_POINT('Origin',(6.325,0.999999999999999,0.309999999999997));
#13749=CARTESIAN_POINT('',(2.6,0.999999999999999,0.0799999999999992));
#13750=CARTESIAN_POINT('',(-13.,0.999999999999999,0.0800000000000017));
#13751=CARTESIAN_POINT('',(-13.,0.999999999999997,-15.5199999999998));
#13752=CARTESIAN_POINT('',(8.,0.999999999999999,0.309999999999997));
#13753=CARTESIAN_POINT('Origin',(2.825,1.24577907539775,0.170500231015464));
#13754=CARTESIAN_POINT('',(2.825,0.999999999999999,0.0799999999999981));
#13755=CARTESIAN_POINT('',(2.825,0.999999999999999,0.841613999999998));
#13756=CARTESIAN_POINT('Origin',(2.825,0.949999999999987,0.0361954891124601));
#13757=CARTESIAN_POINT('',(2.825,0.694862999999998,-1.66533453693773E-15));
#13758=CARTESIAN_POINT('',(2.825,1.29999999999999,0.841613999999998));
#13759=CARTESIAN_POINT('',(2.825,0.999999999999999,0.309999999999998));
#13760=CARTESIAN_POINT('',(2.825,0.694862999999998,0.309999999999998));
#13761=CARTESIAN_POINT('',(2.825,0.999999999999999,0.841613999999998));
#13762=CARTESIAN_POINT('Origin',(2.6625,0.999999999999999,0.0799999999999981));
#13763=CARTESIAN_POINT('',(2.6,0.919999999999999,0.0799999999999984));
#13764=CARTESIAN_POINT('',(-13.,0.919999999999999,0.0800000000000021));
#13765=CARTESIAN_POINT('',(2.6,0.694862999999998,0.0799999999999984));
#13766=CARTESIAN_POINT('',(8.,0.999999999999999,0.0799999999999969));
#13767=CARTESIAN_POINT('',(-13.,0.999999999999999,0.0800000000000017));
#13768=CARTESIAN_POINT('Origin',(2.575,0.849999999999999,0.0549999999999983));
#13769=CARTESIAN_POINT('',(2.5488325,0.694862999999997,0.0288324999999978));
#13770=CARTESIAN_POINT('Origin',(2.675,1.24999999999999,-1.77635683940025E-15));
#13771=CARTESIAN_POINT('Origin',(2.675,0.949999999999987,0.0361954891124601));
#13772=CARTESIAN_POINT('Origin',(3.325,0.999999999999999,0.0786607773540631));
#13773=CARTESIAN_POINT('',(3.325,0.999999999999999,0.079999999999998));
#13774=CARTESIAN_POINT('',(8.5,0.999999999999999,0.0799999999999967));
#13775=CARTESIAN_POINT('',(3.325,0.999999999999999,0.0786607773540631));
#13776=CARTESIAN_POINT('',(8.5,0.999999999999999,0.078660777354062));
#13777=CARTESIAN_POINT('',(3.325,0.999999999999999,0.841613999999998));
#13778=CARTESIAN_POINT('Origin',(2.6625,0.919999999999999,0.0799999999999982));
#13779=CARTESIAN_POINT('Origin',(2.825,0.999999999999999,0.0786607773540632));
#13780=CARTESIAN_POINT('Origin',(4.825,1.24577907539775,0.170500231015464));
#13781=CARTESIAN_POINT('',(4.825,0.999999999999999,0.0799999999999975));
#13782=CARTESIAN_POINT('',(4.825,0.999999999999999,0.0786607773540626));
#13783=CARTESIAN_POINT('',(4.825,0.999999999999999,0.841613999999997));
#13784=CARTESIAN_POINT('',(4.825,0.943186633610997,0.0654115469993369));
#13785=CARTESIAN_POINT('',(4.825,0.694862999999997,0.00750093135816399));
#13786=CARTESIAN_POINT('',(4.825,0.919999999999987,0.0361954891124595));
#13787=CARTESIAN_POINT('Origin',(4.825,0.949999999999987,0.0361954891124595));
#13788=CARTESIAN_POINT('',(4.825,0.919999999999986,-2.22044604925031E-15));
#13789=CARTESIAN_POINT('',(4.825,0.919999999999986,0.841613999999998));
#13790=CARTESIAN_POINT('',(4.825,1.24999999999999,-2.33146835171283E-15));
#13791=CARTESIAN_POINT('',(4.825,0.694862999999997,-2.22044604925031E-15));
#13792=CARTESIAN_POINT('',(4.825,1.29999999999999,0.0499999999999984));
#13793=CARTESIAN_POINT('',(4.825,0.694862999999997,-0.555136999999912));
#13794=CARTESIAN_POINT('',(4.825,1.29999999999999,0.109999999999997));
#13795=CARTESIAN_POINT('',(4.825,1.29999999999999,0.841613999999997));
#13796=CARTESIAN_POINT('',(4.825,1.35,0.159999999999998));
#13797=CARTESIAN_POINT('Origin',(4.825,1.35,0.109999999999997));
#13798=CARTESIAN_POINT('',(4.825,1.35,0.309999999999998));
#13799=CARTESIAN_POINT('',(4.825,1.35,0.841613999999997));
#13800=CARTESIAN_POINT('',(4.825,0.999999999999999,0.309999999999997));
#13801=CARTESIAN_POINT('',(4.825,0.694862999999998,0.309999999999997));
#13802=CARTESIAN_POINT('',(4.825,0.999999999999999,0.841613999999998));
#13803=CARTESIAN_POINT('Origin',(4.675,1.29999999999999,0.0499999999999984));
#13804=CARTESIAN_POINT('',(4.675,1.29999999999999,0.0499999999999983));
#13805=CARTESIAN_POINT('',(4.675,1.29999999999999,0.0499999999999984));
#13806=CARTESIAN_POINT('',(4.675,1.24999999999999,-2.33146835171283E-15));
#13807=CARTESIAN_POINT('',(4.675,1.24999999999999,-2.33146835171283E-15));
#13808=CARTESIAN_POINT('',(4.675,1.29999999999999,0.0499999999999984));
#13809=CARTESIAN_POINT('Origin',(3.175,1.29999999999999,0.0499999999999988));
#13810=CARTESIAN_POINT('',(3.325,1.29999999999999,0.0499999999999987));
#13811=CARTESIAN_POINT('',(3.175,1.29999999999999,0.0499999999999988));
#13812=CARTESIAN_POINT('',(3.325,0.694862999999997,-0.555136999999911));
#13813=CARTESIAN_POINT('Origin',(6.245,1.60372431776126,0.914999999999997));
#13814=CARTESIAN_POINT('',(6.27,1.9,0.889999999999999));
#13815=CARTESIAN_POINT('',(6.27,0.694862999999998,0.889999999999999));
#13816=CARTESIAN_POINT('',(6.22,1.9,0.939999999999997));
#13817=CARTESIAN_POINT('',(6.318386,1.9,0.841613999999997));
#13818=CARTESIAN_POINT('',(6.22,0.694862999999998,0.939999999999998));
#13819=CARTESIAN_POINT('Origin',(3.175,1.29999999999999,0.109999999999998));
#13820=CARTESIAN_POINT('',(3.325,1.29999999999999,0.109999999999998));
#13821=CARTESIAN_POINT('',(3.175,1.29999999999999,0.109999999999998));
#13822=CARTESIAN_POINT('',(3.325,1.29999999999999,0.841613999999998));
#13823=CARTESIAN_POINT('Origin',(2.675,1.29999999999999,0.109999999999998));
#13824=CARTESIAN_POINT('Origin',(3.675,1.24577907539775,0.170500231015464));
#13825=CARTESIAN_POINT('',(3.675,0.999999999999999,0.309999999999998));
#13826=CARTESIAN_POINT('',(3.675,0.999999999999999,0.0799999999999979));
#13827=CARTESIAN_POINT('',(3.675,0.999999999999999,0.841613999999998));
#13828=CARTESIAN_POINT('',(3.675,0.694862999999997,0.309999999999998));
#13829=CARTESIAN_POINT('',(3.675,1.29999999999999,0.109999999999997));
#13830=CARTESIAN_POINT('Origin',(3.675,1.35,0.109999999999997));
#13831=CARTESIAN_POINT('',(3.675,1.29999999999999,0.0499999999999986));
#13832=CARTESIAN_POINT('',(3.675,1.29999999999999,0.109999999999997));
#13833=CARTESIAN_POINT('',(3.675,1.24999999999999,-1.99840144432528E-15));
#13834=CARTESIAN_POINT('',(3.675,1.29999999999999,0.0499999999999987));
#13835=CARTESIAN_POINT('',(3.675,0.919999999999985,-1.88737914186277E-15));
#13836=CARTESIAN_POINT('',(3.675,0.919999999999985,-1.88737914186277E-15));
#13837=CARTESIAN_POINT('',(3.675,0.919999999999987,0.0361954891124599));
#13838=CARTESIAN_POINT('',(3.675,0.919999999999985,-1.88737914186277E-15));
#13839=CARTESIAN_POINT('',(3.675,0.943186633610996,0.0654115469993373));
#13840=CARTESIAN_POINT('Origin',(3.675,0.949999999999986,0.0361954891124598));
#13841=CARTESIAN_POINT('',(3.675,0.999999999999999,0.078660777354063));
#13842=CARTESIAN_POINT('',(3.675,0.943186633610996,0.0654115469993373));
#13843=CARTESIAN_POINT('',(3.675,0.999999999999999,0.841613999999998));
#13844=CARTESIAN_POINT('Origin',(6.825,0.999999999999999,0.309999999999997));
#13845=CARTESIAN_POINT('',(3.1,0.999999999999998,0.0799999999999991));
#13846=CARTESIAN_POINT('',(-12.5,0.999999999999999,0.0800000000000016));
#13847=CARTESIAN_POINT('',(-12.5,0.999999999999997,-15.5199999999998));
#13848=CARTESIAN_POINT('',(8.5,0.999999999999999,0.309999999999997));
#13849=CARTESIAN_POINT('Origin',(3.325,1.24577907539775,0.170500231015464));
#13850=CARTESIAN_POINT('',(3.325,0.694862999999998,0.00750093135816454));
#13851=CARTESIAN_POINT('',(3.325,1.35,0.159999999999998));
#13852=CARTESIAN_POINT('Origin',(3.325,1.35,0.109999999999998));
#13853=CARTESIAN_POINT('',(3.325,1.35,0.309999999999998));
#13854=CARTESIAN_POINT('',(3.325,1.35,0.841613999999998));
#13855=CARTESIAN_POINT('',(3.325,0.999999999999999,0.309999999999997));
#13856=CARTESIAN_POINT('',(3.325,0.694862999999998,0.309999999999998));
#13857=CARTESIAN_POINT('',(3.325,0.999999999999999,0.841613999999998));
#13858=CARTESIAN_POINT('Origin',(3.1625,0.999999999999998,0.079999999999998));
#13859=CARTESIAN_POINT('',(3.4,0.919999999999999,0.0799999999999982));
#13860=CARTESIAN_POINT('',(3.1,0.919999999999999,0.0799999999999983));
#13861=CARTESIAN_POINT('',(-12.5,0.919999999999999,0.080000000000002));
#13862=CARTESIAN_POINT('',(3.1,0.694862999999998,0.0799999999999983));
#13863=CARTESIAN_POINT('',(3.4,0.999999999999999,0.079999999999998));
#13864=CARTESIAN_POINT('',(-12.5,0.999999999999999,0.0800000000000016));
#13865=CARTESIAN_POINT('',(3.4,0.694862999999998,0.0799999999999982));
#13866=CARTESIAN_POINT('Origin',(3.075,0.849999999999999,0.0549999999999982));
#13867=CARTESIAN_POINT('',(3.0488325,0.694862999999997,0.0288324999999977));
#13868=CARTESIAN_POINT('Origin',(3.175,1.35,0.109999999999998));
#13869=CARTESIAN_POINT('',(3.175,1.35,0.159999999999998));
#13870=CARTESIAN_POINT('Origin',(4.175,1.29999999999999,0.109999999999997));
#13871=CARTESIAN_POINT('',(4.175,1.29999999999999,0.109999999999997));
#13872=CARTESIAN_POINT('',(4.325,1.29999999999999,0.109999999999997));
#13873=CARTESIAN_POINT('',(4.175,1.29999999999999,0.109999999999997));
#13874=CARTESIAN_POINT('',(4.325,1.29999999999999,0.0499999999999985));
#13875=CARTESIAN_POINT('',(4.325,1.29999999999999,0.841613999999998));
#13876=CARTESIAN_POINT('',(4.175,1.29999999999999,0.0499999999999985));
#13877=CARTESIAN_POINT('',(4.175,1.29999999999999,0.0499999999999986));
#13878=CARTESIAN_POINT('',(4.175,1.29999999999999,0.109999999999997));
#13879=CARTESIAN_POINT('Origin',(3.675,0.943186633610996,0.0654115469993373));
#13880=CARTESIAN_POINT('',(3.825,0.943186633610996,0.0654115469993373));
#13881=CARTESIAN_POINT('',(3.675,0.943186633610996,0.0654115469993373));
#13882=CARTESIAN_POINT('',(3.825,0.999999999999999,0.078660777354063));
#13883=CARTESIAN_POINT('',(3.825,0.694862999999998,0.00750093135816443));
#13884=CARTESIAN_POINT('',(9.,0.999999999999999,0.0786607773540619));
#13885=CARTESIAN_POINT('Origin',(3.1625,0.919999999999998,0.0799999999999981));
#13886=CARTESIAN_POINT('',(3.4511675,0.694862999999997,0.0288324999999976));
#13887=CARTESIAN_POINT('Origin',(3.175,1.35,0.31));
#13888=CARTESIAN_POINT('',(6.,1.35,0.309999999999997));
#13889=CARTESIAN_POINT('Origin',(3.675,1.35,0.109999999999997));
#13890=CARTESIAN_POINT('',(3.825,1.29999999999999,0.109999999999997));
#13891=CARTESIAN_POINT('Origin',(3.825,1.35,0.109999999999997));
#13892=CARTESIAN_POINT('',(3.675,1.29999999999999,0.109999999999997));
#13893=CARTESIAN_POINT('Origin',(3.675,0.919999999999985,-1.88737914186277E-15));
#13894=CARTESIAN_POINT('',(3.825,0.919999999999985,-1.88737914186277E-15));
#13895=CARTESIAN_POINT('',(3.675,0.919999999999985,-1.88737914186277E-15));
#13896=CARTESIAN_POINT('',(3.825,0.919999999999987,0.0361954891124598));
#13897=CARTESIAN_POINT('',(3.825,0.919999999999986,0.841613999999998));
#13898=CARTESIAN_POINT('',(3.675,0.919999999999987,0.0361954891124599));
#13899=CARTESIAN_POINT('Origin',(4.325,0.999999999999999,0.0786607773540629));
#13900=CARTESIAN_POINT('',(4.175,0.999999999999999,0.0799999999999977));
#13901=CARTESIAN_POINT('',(4.325,0.999999999999999,0.0799999999999977));
#13902=CARTESIAN_POINT('',(9.5,0.999999999999999,0.0799999999999965));
#13903=CARTESIAN_POINT('',(4.175,0.999999999999999,0.0786607773540629));
#13904=CARTESIAN_POINT('',(4.175,0.999999999999999,0.841613999999998));
#13905=CARTESIAN_POINT('',(4.325,0.999999999999999,0.0786607773540629));
#13906=CARTESIAN_POINT('',(9.5,0.999999999999999,0.0786607773540617));
#13907=CARTESIAN_POINT('',(4.325,0.999999999999999,0.841613999999998));
#13908=CARTESIAN_POINT('Origin',(3.675,1.29999999999999,0.109999999999997));
#13909=CARTESIAN_POINT('',(3.825,1.29999999999999,0.0499999999999986));
#13910=CARTESIAN_POINT('',(3.825,1.29999999999999,0.841613999999998));
#13911=CARTESIAN_POINT('',(3.675,1.29999999999999,0.0499999999999987));
#13912=CARTESIAN_POINT('Origin',(3.175,0.943186633610996,0.0654115469993374));
#13913=CARTESIAN_POINT('Origin',(3.675,0.949999999999986,0.0361954891124598));
#13914=CARTESIAN_POINT('Origin',(3.825,0.949999999999986,0.0361954891124598));
#13915=CARTESIAN_POINT('Origin',(4.175,0.943186633610996,0.0654115469993372));
#13916=CARTESIAN_POINT('',(4.175,0.943186633610996,0.0654115469993372));
#13917=CARTESIAN_POINT('',(4.325,0.943186633610996,0.0654115469993372));
#13918=CARTESIAN_POINT('',(4.175,0.943186633610996,0.0654115469993372));
#13919=CARTESIAN_POINT('',(4.325,0.694862999999998,0.00750093135816432));
#13920=CARTESIAN_POINT('',(4.175,0.943186633610996,0.0654115469993372));
#13921=CARTESIAN_POINT('Origin',(7.325,0.999999999999999,0.309999999999997));
#13922=CARTESIAN_POINT('',(3.6,0.999999999999998,0.079999999999999));
#13923=CARTESIAN_POINT('',(-12.,0.999999999999999,0.0800000000000015));
#13924=CARTESIAN_POINT('',(-12.,0.999999999999997,-15.5199999999998));
#13925=CARTESIAN_POINT('',(-12.,1.,15.4799999999998));
#13926=CARTESIAN_POINT('',(9.,0.999999999999999,0.309999999999996));
#13927=CARTESIAN_POINT('Origin',(3.825,1.24577907539775,0.170500231015464));
#13928=CARTESIAN_POINT('',(3.825,0.999999999999999,0.0799999999999979));
#13929=CARTESIAN_POINT('',(3.825,0.999999999999999,0.841613999999998));
#13930=CARTESIAN_POINT('',(3.825,1.24999999999999,-1.99840144432528E-15));
#13931=CARTESIAN_POINT('',(3.825,0.694862999999998,-1.88737914186277E-15));
#13932=CARTESIAN_POINT('',(3.825,0.694862999999997,-0.555136999999912));
#13933=CARTESIAN_POINT('',(3.825,0.999999999999999,0.309999999999997));
#13934=CARTESIAN_POINT('',(3.825,0.694862999999998,0.309999999999997));
#13935=CARTESIAN_POINT('',(3.825,0.999999999999999,0.841613999999998));
#13936=CARTESIAN_POINT('Origin',(3.6625,0.999999999999998,0.0799999999999979));
#13937=CARTESIAN_POINT('',(3.9,0.919999999999999,0.0799999999999981));
#13938=CARTESIAN_POINT('',(3.6,0.919999999999999,0.0799999999999982));
#13939=CARTESIAN_POINT('',(-12.,0.919999999999999,0.0800000000000018));
#13940=CARTESIAN_POINT('',(3.6,0.694862999999998,0.0799999999999982));
#13941=CARTESIAN_POINT('',(9.,0.999999999999999,0.0799999999999966));
#13942=CARTESIAN_POINT('',(3.9,0.999999999999999,0.0799999999999979));
#13943=CARTESIAN_POINT('',(-12.,0.999999999999999,0.0800000000000015));
#13944=CARTESIAN_POINT('',(3.9,0.694862999999998,0.0799999999999981));
#13945=CARTESIAN_POINT('Origin',(3.575,0.849999999999999,0.0549999999999981));
#13946=CARTESIAN_POINT('',(3.5488325,0.694862999999997,0.0288324999999976));
#13947=CARTESIAN_POINT('Origin',(5.175,1.24999999999999,-2.66453525910038E-15));
#13948=CARTESIAN_POINT('',(5.175,0.919999999999986,-2.55351295663786E-15));
#13949=CARTESIAN_POINT('',(5.175,1.24999999999999,-2.66453525910038E-15));
#13950=CARTESIAN_POINT('',(5.175,0.919999999999986,-2.55351295663786E-15));
#13951=CARTESIAN_POINT('',(5.325,1.24999999999999,-2.33146835171283E-15));
#13952=CARTESIAN_POINT('',(5.175,1.24999999999999,-2.66453525910038E-15));
#13953=CARTESIAN_POINT('',(5.325,0.919999999999986,-2.55351295663786E-15));
#13954=CARTESIAN_POINT('',(5.325,0.919999999999986,-2.55351295663786E-15));
#13955=CARTESIAN_POINT('',(5.175,0.919999999999986,-2.55351295663786E-15));
#13956=CARTESIAN_POINT('Origin',(4.175,0.949999999999986,0.0361954891124597));
#13957=CARTESIAN_POINT('',(4.175,0.919999999999987,0.0361954891124597));
#13958=CARTESIAN_POINT('',(4.325,0.919999999999987,0.0361954891124597));
#13959=CARTESIAN_POINT('',(4.175,0.919999999999987,0.0361954891124597));
#13960=CARTESIAN_POINT('Origin',(4.325,0.949999999999986,0.0361954891124597));
#13961=CARTESIAN_POINT('Origin',(4.175,0.949999999999986,0.0361954891124597));
#13962=CARTESIAN_POINT('Origin',(3.825,0.999999999999999,0.078660777354063));
#13963=CARTESIAN_POINT('Origin',(3.6625,0.919999999999998,0.079999999999998));
#13964=CARTESIAN_POINT('',(3.9511675,0.694862999999997,0.0288324999999975));
#13965=CARTESIAN_POINT('Origin',(3.425,0.849999999999999,0.0549999999999981));
#13966=CARTESIAN_POINT('Origin',(4.75,0.460000000000001,0.889999999999998));
#13967=CARTESIAN_POINT('',(6.27,0.460000000000001,0.841613999999997));
#13968=CARTESIAN_POINT('Origin',(4.175,1.24577907539775,0.170500231015464));
#13969=CARTESIAN_POINT('',(4.175,0.999999999999999,0.309999999999998));
#13970=CARTESIAN_POINT('',(4.175,0.999999999999999,0.841613999999998));
#13971=CARTESIAN_POINT('',(4.175,1.35,0.309999999999998));
#13972=CARTESIAN_POINT('',(4.175,0.694862999999997,0.309999999999998));
#13973=CARTESIAN_POINT('',(4.175,1.35,0.159999999999998));
#13974=CARTESIAN_POINT('',(4.175,1.35,0.31));
#13975=CARTESIAN_POINT('Origin',(4.175,1.35,0.109999999999997));
#13976=CARTESIAN_POINT('',(4.175,1.24999999999999,-2.1094237467878E-15));
#13977=CARTESIAN_POINT('',(4.175,1.29999999999999,0.0499999999999986));
#13978=CARTESIAN_POINT('',(4.175,0.919999999999985,-1.99840144432528E-15));
#13979=CARTESIAN_POINT('',(4.175,0.919999999999985,-1.99840144432528E-15));
#13980=CARTESIAN_POINT('',(4.175,0.919999999999985,-1.99840144432528E-15));
#13981=CARTESIAN_POINT('Origin',(4.175,1.35,0.31));
#13982=CARTESIAN_POINT('',(4.325,1.35,0.309999999999997));
#13983=CARTESIAN_POINT('',(7.,1.35,0.309999999999997));
#13984=CARTESIAN_POINT('',(4.325,1.35,0.159999999999998));
#13985=CARTESIAN_POINT('',(4.325,1.35,0.841613999999998));
#13986=CARTESIAN_POINT('',(4.175,1.35,0.159999999999998));
#13987=CARTESIAN_POINT('Origin',(5.175,0.949999999999987,0.0361954891124592));
#13988=CARTESIAN_POINT('',(5.175,0.919999999999987,0.0361954891124592));
#13989=CARTESIAN_POINT('Origin',(5.175,0.949999999999987,0.0361954891124592));
#13990=CARTESIAN_POINT('',(5.325,0.919999999999987,0.0361954891124592));
#13991=CARTESIAN_POINT('',(5.175,0.919999999999987,0.0361954891124592));
#13992=CARTESIAN_POINT('Origin',(5.325,0.949999999999987,0.0361954891124592));
#13993=CARTESIAN_POINT('Origin',(3.675,1.29999999999999,0.0499999999999987));
#13994=CARTESIAN_POINT('',(3.675,1.24999999999999,-1.99840144432528E-15));
#13995=CARTESIAN_POINT('Origin',(3.675,1.24999999999999,-1.99840144432528E-15));
#13996=CARTESIAN_POINT('Origin',(5.175,1.29999999999999,0.109999999999997));
#13997=CARTESIAN_POINT('',(5.175,1.3,0.109999999999997));
#13998=CARTESIAN_POINT('',(5.325,1.3,0.109999999999997));
#13999=CARTESIAN_POINT('',(5.175,1.3,0.109999999999997));
#14000=CARTESIAN_POINT('',(5.325,1.29999999999999,0.0499999999999982));
#14001=CARTESIAN_POINT('',(5.325,1.29999999999999,0.109999999999997));
#14002=CARTESIAN_POINT('',(5.175,1.29999999999999,0.0499999999999979));
#14003=CARTESIAN_POINT('',(5.175,1.29999999999999,0.049999999999998));
#14004=CARTESIAN_POINT('',(5.175,1.29999999999999,0.109999999999997));
#14005=CARTESIAN_POINT('Origin',(7.825,0.999999999999999,0.309999999999997));
#14006=CARTESIAN_POINT('',(4.1,0.999999999999998,0.0799999999999987));
#14007=CARTESIAN_POINT('',(-11.5,0.999999999999999,0.0800000000000014));
#14008=CARTESIAN_POINT('',(-11.5,0.999999999999997,-15.5199999999998));
#14009=CARTESIAN_POINT('',(-11.5,1.,15.4799999999998));
#14010=CARTESIAN_POINT('',(9.5,0.999999999999999,0.309999999999996));
#14011=CARTESIAN_POINT('Origin',(4.325,1.24577907539775,0.170500231015464));
#14012=CARTESIAN_POINT('',(4.325,0.919999999999985,-1.99840144432528E-15));
#14013=CARTESIAN_POINT('',(4.325,0.919999999999986,0.841613999999998));
#14014=CARTESIAN_POINT('',(4.325,1.24999999999999,-2.1094237467878E-15));
#14015=CARTESIAN_POINT('',(4.325,0.694862999999998,-1.99840144432528E-15));
#14016=CARTESIAN_POINT('',(4.325,0.694862999999997,-0.555136999999912));
#14017=CARTESIAN_POINT('Origin',(4.325,1.35,0.109999999999997));
#14018=CARTESIAN_POINT('',(4.325,0.999999999999999,0.309999999999997));
#14019=CARTESIAN_POINT('',(4.325,0.694862999999998,0.309999999999997));
#14020=CARTESIAN_POINT('',(4.325,0.999999999999999,0.841613999999998));
#14021=CARTESIAN_POINT('Origin',(4.1625,0.999999999999998,0.0799999999999977));
#14022=CARTESIAN_POINT('',(4.4,0.919999999999999,0.0799999999999979));
#14023=CARTESIAN_POINT('',(4.1,0.919999999999999,0.079999999999998));
#14024=CARTESIAN_POINT('',(-11.5,0.919999999999999,0.0800000000000016));
#14025=CARTESIAN_POINT('',(4.1,0.694862999999998,0.079999999999998));
#14026=CARTESIAN_POINT('',(4.4,0.999999999999999,0.0799999999999976));
#14027=CARTESIAN_POINT('',(-11.5,0.999999999999999,0.0800000000000013));
#14028=CARTESIAN_POINT('',(4.4,0.694862999999998,0.0799999999999979));
#14029=CARTESIAN_POINT('Origin',(4.075,0.849999999999999,0.0549999999999979));
#14030=CARTESIAN_POINT('',(4.0488325,0.694862999999997,0.0288324999999975));
#14031=CARTESIAN_POINT('Origin',(4.175,0.919999999999985,-1.99840144432528E-15));
#14032=CARTESIAN_POINT('',(4.175,0.919999999999985,-1.99840144432528E-15));
#14033=CARTESIAN_POINT('Origin',(3.925,0.849999999999999,0.0549999999999979));
#14034=CARTESIAN_POINT('Origin',(4.175,1.29999999999999,0.0499999999999986));
#14035=CARTESIAN_POINT('',(4.175,1.24999999999999,-2.1094237467878E-15));
#14036=CARTESIAN_POINT('Origin',(4.1625,0.919999999999998,0.0799999999999979));
#14037=CARTESIAN_POINT('',(4.4511675,0.694862999999997,0.0288324999999973));
#14038=CARTESIAN_POINT('Origin',(4.175,1.35,0.109999999999997));
#14039=CARTESIAN_POINT('Origin',(5.25,0.533724317761256,0.939999999999998));
#14040=CARTESIAN_POINT('',(9.53,1.9,0.939999999999996));
#14041=CARTESIAN_POINT('Origin',(4.67,1.9,0.939999999999998));
#14042=CARTESIAN_POINT('',(6.27,1.9,0.599999999999996));
#14043=CARTESIAN_POINT('',(6.27,1.9,0.841613999999997));
#14044=CARTESIAN_POINT('',(8.53,1.9,0.599999999999996));
#14045=CARTESIAN_POINT('Origin',(4.675,1.24577907539775,0.170500231015464));
#14046=CARTESIAN_POINT('',(4.675,0.999999999999999,0.309999999999997));
#14047=CARTESIAN_POINT('',(4.675,0.999999999999999,0.0799999999999975));
#14048=CARTESIAN_POINT('',(4.675,0.999999999999999,0.841613999999998));
#14049=CARTESIAN_POINT('',(4.675,1.35,0.309999999999997));
#14050=CARTESIAN_POINT('',(4.675,0.694862999999997,0.309999999999997));
#14051=CARTESIAN_POINT('',(4.675,1.35,0.159999999999998));
#14052=CARTESIAN_POINT('',(4.675,1.35,0.31));
#14053=CARTESIAN_POINT('',(4.675,1.29999999999999,0.109999999999997));
#14054=CARTESIAN_POINT('Origin',(4.675,1.35,0.109999999999997));
#14055=CARTESIAN_POINT('',(4.675,1.29999999999999,0.109999999999997));
#14056=CARTESIAN_POINT('',(4.675,0.919999999999986,-2.22044604925031E-15));
#14057=CARTESIAN_POINT('',(4.675,0.919999999999986,-2.22044604925031E-15));
#14058=CARTESIAN_POINT('',(4.675,0.919999999999987,0.0361954891124595));
#14059=CARTESIAN_POINT('',(4.675,0.919999999999986,-2.22044604925031E-15));
#14060=CARTESIAN_POINT('',(4.675,0.943186633610997,0.0654115469993369));
#14061=CARTESIAN_POINT('Origin',(4.675,0.949999999999987,0.0361954891124595));
#14062=CARTESIAN_POINT('',(4.675,0.999999999999999,0.0786607773540626));
#14063=CARTESIAN_POINT('',(4.675,0.943186633610997,0.0654115469993369));
#14064=CARTESIAN_POINT('',(4.675,0.999999999999999,0.841613999999998));
#14065=CARTESIAN_POINT('Origin',(5.175,1.35,0.109999999999997));
#14066=CARTESIAN_POINT('',(5.175,1.35,0.159999999999997));
#14067=CARTESIAN_POINT('Origin',(5.175,1.35,0.109999999999997));
#14068=CARTESIAN_POINT('',(5.325,1.35,0.159999999999997));
#14069=CARTESIAN_POINT('',(5.175,1.35,0.159999999999997));
#14070=CARTESIAN_POINT('Origin',(5.325,1.35,0.109999999999997));
#14071=CARTESIAN_POINT('Origin',(4.175,1.24999999999999,-2.1094237467878E-15));
#14072=CARTESIAN_POINT('Origin',(4.675,1.35,0.31));
#14073=CARTESIAN_POINT('',(7.5,1.35,0.309999999999997));
#14074=CARTESIAN_POINT('',(4.675,1.35,0.159999999999998));
#14075=CARTESIAN_POINT('Origin',(4.675,1.29999999999999,0.109999999999997));
#14076=CARTESIAN_POINT('',(4.675,1.29999999999999,0.109999999999997));
#14077=CARTESIAN_POINT('Origin',(8.325,0.999999999999999,0.309999999999996));
#14078=CARTESIAN_POINT('',(4.6,0.999999999999999,0.0799999999999985));
#14079=CARTESIAN_POINT('',(-11.,0.999999999999999,0.0800000000000012));
#14080=CARTESIAN_POINT('',(-11.,0.999999999999997,-15.5199999999998));
#14081=CARTESIAN_POINT('',(-11.,1.,15.4799999999998));
#14082=CARTESIAN_POINT('',(10.,0.999999999999999,0.309999999999996));
#14083=CARTESIAN_POINT('Origin',(4.575,0.849999999999999,0.0549999999999977));
#14084=CARTESIAN_POINT('',(4.6,0.919999999999999,0.0799999999999977));
#14085=CARTESIAN_POINT('',(4.6,0.694862999999998,0.0799999999999977));
#14086=CARTESIAN_POINT('',(4.5488325,0.694862999999997,0.0288324999999973));
#14087=CARTESIAN_POINT('Origin',(4.6625,0.999999999999999,0.0799999999999975));
#14088=CARTESIAN_POINT('',(4.9,0.919999999999999,0.0799999999999975));
#14089=CARTESIAN_POINT('',(-11.,0.919999999999999,0.0800000000000014));
#14090=CARTESIAN_POINT('',(10.,0.999999999999999,0.0799999999999963));
#14091=CARTESIAN_POINT('',(4.9,0.999999999999999,0.0799999999999973));
#14092=CARTESIAN_POINT('',(-11.,1.,0.080000000000001));
#14093=CARTESIAN_POINT('',(4.9,0.694862999999999,0.0799999999999975));
#14094=CARTESIAN_POINT('Origin',(4.6625,0.919999999999999,0.0799999999999976));
#14095=CARTESIAN_POINT('',(4.9511675,0.694862999999998,0.0288324999999969));
#14096=CARTESIAN_POINT('Origin',(4.925,0.85,0.0549999999999974));
#14097=CARTESIAN_POINT('',(-10.5,1.,15.4799999999998));
#14098=CARTESIAN_POINT('Origin',(4.675,0.943186633610997,0.0654115469993369));
#14099=CARTESIAN_POINT('',(4.675,0.943186633610997,0.0654115469993369));
#14100=CARTESIAN_POINT('',(10.,0.999999999999999,0.0786607773540615));
#14101=CARTESIAN_POINT('Origin',(5.175,0.919999999999986,-2.55351295663786E-15));
#14102=CARTESIAN_POINT('',(5.175,0.919999999999986,-2.55351295663786E-15));
#14103=CARTESIAN_POINT('',(5.325,0.919999999999986,-2.55351295663786E-15));
#14104=CARTESIAN_POINT('Origin',(4.675,1.24999999999999,-2.33146835171283E-15));
#14105=CARTESIAN_POINT('',(4.675,0.919999999999986,-2.22044604925031E-15));
#14106=CARTESIAN_POINT('Origin',(4.425,0.849999999999999,0.0549999999999977));
#14107=CARTESIAN_POINT('Origin',(5.1625,0.999999999999999,0.0799999999999972));
#14108=CARTESIAN_POINT('',(5.4,0.919999999999999,0.0799999999999974));
#14109=CARTESIAN_POINT('',(5.1,0.919999999999999,0.0799999999999974));
#14110=CARTESIAN_POINT('',(-10.5,0.919999999999999,0.0800000000000011));
#14111=CARTESIAN_POINT('',(5.1,0.999999999999999,0.0799999999999977));
#14112=CARTESIAN_POINT('',(5.1,0.694862999999999,0.0799999999999974));
#14113=CARTESIAN_POINT('',(5.175,0.999999999999999,0.0799999999999972));
#14114=CARTESIAN_POINT('',(-10.5,0.999999999999999,0.0800000000000008));
#14115=CARTESIAN_POINT('',(5.325,0.999999999999999,0.0799999999999972));
#14116=CARTESIAN_POINT('',(7.,0.999999999999999,0.0799999999999967));
#14117=CARTESIAN_POINT('',(5.4,0.999999999999999,0.0799999999999944));
#14118=CARTESIAN_POINT('',(-10.5,0.999999999999999,0.0800000000000008));
#14119=CARTESIAN_POINT('',(5.4,0.694862999999999,0.0799999999999974));
#14120=CARTESIAN_POINT('Origin',(5.175,1.24577907539775,0.170500231015463));
#14121=CARTESIAN_POINT('',(5.175,0.999999999999999,0.309999999999997));
#14122=CARTESIAN_POINT('',(5.175,0.999999999999999,0.841613999999997));
#14123=CARTESIAN_POINT('',(5.175,1.35,0.309999999999997));
#14124=CARTESIAN_POINT('',(5.175,0.694862999999998,0.309999999999997));
#14125=CARTESIAN_POINT('',(5.175,1.35,0.31));
#14126=CARTESIAN_POINT('',(5.175,1.29999999999999,0.049999999999998));
#14127=CARTESIAN_POINT('',(5.175,0.999999999999999,0.841613999999997));
#14128=CARTESIAN_POINT('Origin',(5.325,0.999999999999999,0.0786607773540623));
#14129=CARTESIAN_POINT('',(5.325,0.999999999999999,0.841613999999997));
#14130=CARTESIAN_POINT('Origin',(5.325,1.24577907539775,0.170500231015463));
#14131=CARTESIAN_POINT('',(5.325,1.29999999999999,0.049999999999998));
#14132=CARTESIAN_POINT('',(5.325,1.35,0.309999999999997));
#14133=CARTESIAN_POINT('',(5.325,1.35,0.31));
#14134=CARTESIAN_POINT('',(5.325,0.999999999999999,0.309999999999997));
#14135=CARTESIAN_POINT('',(5.325,0.694862999999998,0.309999999999997));
#14136=CARTESIAN_POINT('',(5.325,0.999999999999999,0.841613999999997));
#14137=CARTESIAN_POINT('Origin',(5.325,0.999999999999999,0.309999999999997));
#14138=CARTESIAN_POINT('',(6.27,0.999999999999999,0.309999999999997));
#14139=CARTESIAN_POINT('',(7.,0.999999999999999,0.309999999999997));
#14140=CARTESIAN_POINT('',(6.4,0.999999999999999,0.309999999999997));
#14141=CARTESIAN_POINT('',(-10.5,0.999999999999999,0.310000000000001));
#14142=CARTESIAN_POINT('',(6.4,0.999999999999999,0.841613999999997));
#14143=CARTESIAN_POINT('',(6.5,0.999999999999999,0.0799999999999969));
#14144=CARTESIAN_POINT('',(6.5,0.999999999999999,0.841613999999997));
#14145=CARTESIAN_POINT('',(5.9525,0.999999999999999,0.079999999999997));
#14146=CARTESIAN_POINT('',(-10.5,0.999999999999999,0.0800000000000007));
#14147=CARTESIAN_POINT('',(5.9525,0.999999999999999,0.841613999999997));
#14148=CARTESIAN_POINT('',(-10.5,1.,15.9799999999998));
#14149=CARTESIAN_POINT('Origin',(6.0275,-1.825,0.614999999999997));
#14150=CARTESIAN_POINT('',(6.0025,-1.85,0.179999999999997));
#14151=CARTESIAN_POINT('',(8.54736299999998,0.694863,2.72486299999997));
#14152=CARTESIAN_POINT('',(6.1025,-1.75,0.179999999999997));
#14153=CARTESIAN_POINT('',(8.54736299999998,0.694862999999999,0.179999999999997));
#14154=CARTESIAN_POINT('',(6.1025,-1.75,0.614999999999997));
#14155=CARTESIAN_POINT('Origin',(5.9775,-1.35,0.154999999999997));
#14156=CARTESIAN_POINT('',(5.9525,-0.800000000000001,0.129999999999998));
#14157=CARTESIAN_POINT('',(5.9525,0.0749362304206372,0.129999999999997));
#14158=CARTESIAN_POINT('',(6.0025,-0.800000000000001,0.179999999999997));
#14159=CARTESIAN_POINT('',(6.1025,-0.800000000000001,0.279999999999997));
#14160=CARTESIAN_POINT('',(6.0025,0.0749362304206372,0.179999999999997));
#14161=CARTESIAN_POINT('Origin',(5.9525,-1.9,0.0299999999999973));
#14162=CARTESIAN_POINT('',(5.9525,-0.800000000000001,0.0799999999999972));
#14163=CARTESIAN_POINT('',(5.9525,-1.9,0.0799999999999973));
#14164=CARTESIAN_POINT('',(5.9525,-0.800000000000001,0.402847335292077));
#14165=CARTESIAN_POINT('Origin',(6.5,0.999999999999999,0.0799999999999969));
#14166=CARTESIAN_POINT('',(6.5,-0.800000000000001,0.0799999999999971));
#14167=CARTESIAN_POINT('',(6.1025,-0.800000000000001,0.0799999999999971));
#14168=CARTESIAN_POINT('',(6.5,1.744235,0.0799999999999969));
#14169=CARTESIAN_POINT('Origin',(5.93367832868971,-0.800000000000001,0.556369515364615));
#14170=CARTESIAN_POINT('',(6.5,-0.800000000000001,0.179999999999997));
#14171=CARTESIAN_POINT('',(6.5,-0.800000000000001,1.258386));
#14172=CARTESIAN_POINT('',(6.1025,-0.800000000000002,0.179999999999997));
#14173=CARTESIAN_POINT('',(6.5,-0.800000000000001,0.179999999999997));
#14174=CARTESIAN_POINT('',(6.1025,-0.800000000000001,0.179999999999997));
#14175=CARTESIAN_POINT('Origin',(6.3,-0.800000000000001,0.179999999999997));
#14176=CARTESIAN_POINT('',(6.5,-1.,0.329999999999997));
#14177=CARTESIAN_POINT('',(6.5,-0.800000000000001,0.179999999999997));
#14178=CARTESIAN_POINT('',(6.1025,-1.,0.329999999999997));
#14179=CARTESIAN_POINT('',(7.,-1.,0.329999999999997));
#14180=CARTESIAN_POINT('',(6.1025,0.694862999999999,-0.941147250000003));
#14181=CARTESIAN_POINT('Origin',(5.9525,-1.9,0.179999999999997));
#14182=CARTESIAN_POINT('',(6.1025,0.694862999999999,0.179999999999997));
#14183=CARTESIAN_POINT('Origin',(6.1025,0.0749362304206371,0.402847335292077));
#14184=CARTESIAN_POINT('',(6.1025,-1.,0.841613999999997));
#14185=CARTESIAN_POINT('Origin',(6.3,-1.,0.329999999999997));
#14186=CARTESIAN_POINT('',(6.5,-1.,0.841613999999997));
#14187=CARTESIAN_POINT('',(6.265,-1.,0.819999999999998));
#14188=CARTESIAN_POINT('',(6.115,-1.,0.819999999999998));
#14189=CARTESIAN_POINT('',(7.,-1.,0.819999999999997));
#14190=CARTESIAN_POINT('',(6.265,-1.,0.509999999999999));
#14191=CARTESIAN_POINT('',(6.265,-1.,0.841613999999997));
#14192=CARTESIAN_POINT('',(6.115,-1.,0.509999999999999));
#14193=CARTESIAN_POINT('',(7.,-1.,0.509999999999999));
#14194=CARTESIAN_POINT('',(6.115,-1.,0.841613999999997));
#14195=CARTESIAN_POINT('Origin',(6.265,-1.15,0.0678271361313553));
#14196=CARTESIAN_POINT('',(6.265,-1.14777996931896,0.0178764458080448));
#14197=CARTESIAN_POINT('',(6.115,-1.14777996931896,0.0178764458080448));
#14198=CARTESIAN_POINT('',(6.265,-1.14777996931896,0.0178764458080448));
#14199=CARTESIAN_POINT('',(6.115,-1.1,0.0678271361313553));
#14200=CARTESIAN_POINT('Origin',(6.115,-1.15,0.0678271361313553));
#14201=CARTESIAN_POINT('',(6.265,-1.1,0.0678271361313553));
#14202=CARTESIAN_POINT('',(6.265,-1.1,0.0678271361313553));
#14203=CARTESIAN_POINT('Origin',(6.265,-1.15,0.0678271361313553));
#14204=CARTESIAN_POINT('Origin',(6.265,-1.14777996931896,0.0178764458080448));
#14205=CARTESIAN_POINT('',(6.265,-1.55,-2.77555756156289E-15));
#14206=CARTESIAN_POINT('',(6.115,-1.55,-2.77555756156289E-15));
#14207=CARTESIAN_POINT('',(6.265,-1.55,-2.77555756156289E-15));
#14208=CARTESIAN_POINT('',(6.115,-1.55,-2.77555756156289E-15));
#14209=CARTESIAN_POINT('',(6.265,-1.55,-2.77555756156289E-15));
#14210=CARTESIAN_POINT('Origin',(6.265,-1.55,-2.77555756156289E-15));
#14211=CARTESIAN_POINT('',(6.265,-1.6,0.0499999999999979));
#14212=CARTESIAN_POINT('',(6.115,-1.6,0.0499999999999979));
#14213=CARTESIAN_POINT('',(6.265,-1.6,0.0499999999999979));
#14214=CARTESIAN_POINT('',(6.115,-1.6,0.0499999999999979));
#14215=CARTESIAN_POINT('',(6.265,-1.6,0.0499999999999979));
#14216=CARTESIAN_POINT('Origin',(6.265,-1.6,0.0499999999999979));
#14217=CARTESIAN_POINT('',(6.265,-1.6,0.119999999999997));
#14218=CARTESIAN_POINT('',(6.115,-1.6,0.119999999999997));
#14219=CARTESIAN_POINT('',(6.265,-1.6,0.119999999999997));
#14220=CARTESIAN_POINT('',(6.115,-1.6,0.0499999999999979));
#14221=CARTESIAN_POINT('',(6.265,-1.6,0.0499999999999979));
#14222=CARTESIAN_POINT('Origin',(6.265,-1.65,0.119999999999997));
#14223=CARTESIAN_POINT('',(6.265,-1.65,0.169999999999997));
#14224=CARTESIAN_POINT('',(6.115,-1.65,0.169999999999997));
#14225=CARTESIAN_POINT('',(6.265,-1.65,0.169999999999997));
#14226=CARTESIAN_POINT('Origin',(6.115,-1.65,0.119999999999997));
#14227=CARTESIAN_POINT('Origin',(6.265,-1.65,0.119999999999997));
#14228=CARTESIAN_POINT('Origin',(6.265,-1.65,0.169999999999997));
#14229=CARTESIAN_POINT('',(6.265,-1.82499999999999,0.169999999999997));
#14230=CARTESIAN_POINT('',(6.115,-1.82499999999999,0.169999999999997));
#14231=CARTESIAN_POINT('',(6.265,-1.82499999999999,0.169999999999997));
#14232=CARTESIAN_POINT('',(6.115,-1.65,0.169999999999997));
#14233=CARTESIAN_POINT('',(6.265,-1.65,0.169999999999997));
#14234=CARTESIAN_POINT('Origin',(6.265,-1.82499999999999,0.169999999999997));
#14235=CARTESIAN_POINT('',(6.265,-1.82499999999999,0.369999999999998));
#14236=CARTESIAN_POINT('',(6.115,-1.82499999999999,0.369999999999998));
#14237=CARTESIAN_POINT('',(6.265,-1.82499999999999,0.369999999999998));
#14238=CARTESIAN_POINT('',(6.115,-1.82499999999999,0.369999999999998));
#14239=CARTESIAN_POINT('',(6.265,-1.82499999999999,0.369999999999998));
#14240=CARTESIAN_POINT('Origin',(6.265,-1.82499999999999,0.369999999999998));
#14241=CARTESIAN_POINT('',(6.265,-1.79999999999999,0.369999999999998));
#14242=CARTESIAN_POINT('',(6.115,-1.79999999999999,0.369999999999998));
#14243=CARTESIAN_POINT('',(6.265,-1.79999999999999,0.369999999999998));
#14244=CARTESIAN_POINT('',(6.115,-1.79999999999999,0.369999999999998));
#14245=CARTESIAN_POINT('',(6.265,-1.79999999999999,0.369999999999998));
#14246=CARTESIAN_POINT('Origin',(6.265,-1.79999999999999,0.419999999999998));
#14247=CARTESIAN_POINT('',(6.265,-1.74999999999999,0.419999999999998));
#14248=CARTESIAN_POINT('',(6.115,-1.74999999999999,0.419999999999998));
#14249=CARTESIAN_POINT('',(6.265,-1.74999999999999,0.419999999999998));
#14250=CARTESIAN_POINT('Origin',(6.115,-1.79999999999999,0.419999999999998));
#14251=CARTESIAN_POINT('Origin',(6.265,-1.79999999999999,0.419999999999998));
#14252=CARTESIAN_POINT('Origin',(6.265,-1.74999999999999,0.419999999999998));
#14253=CARTESIAN_POINT('',(6.265,-1.74999999999999,0.469999999999999));
#14254=CARTESIAN_POINT('',(6.115,-1.74999999999999,0.469999999999999));
#14255=CARTESIAN_POINT('',(6.265,-1.74999999999999,0.469999999999999));
#14256=CARTESIAN_POINT('',(6.115,-1.74999999999999,0.419999999999998));
#14257=CARTESIAN_POINT('',(6.265,-1.74999999999999,0.419999999999998));
#14258=CARTESIAN_POINT('Origin',(6.265,-1.79999999999999,0.469999999999999));
#14259=CARTESIAN_POINT('',(6.265,-1.79999999999999,0.519999999999999));
#14260=CARTESIAN_POINT('',(6.115,-1.79999999999999,0.519999999999999));
#14261=CARTESIAN_POINT('',(6.265,-1.79999999999999,0.519999999999999));
#14262=CARTESIAN_POINT('Origin',(6.115,-1.79999999999999,0.469999999999999));
#14263=CARTESIAN_POINT('Origin',(6.265,-1.79999999999999,0.469999999999999));
#14264=CARTESIAN_POINT('Origin',(6.265,-1.79999999999999,0.519999999999999));
#14265=CARTESIAN_POINT('',(6.265,-1.9,0.519999999999998));
#14266=CARTESIAN_POINT('',(6.115,-1.9,0.519999999999998));
#14267=CARTESIAN_POINT('',(6.265,-1.9,0.519999999999998));
#14268=CARTESIAN_POINT('',(6.115,-1.9,0.519999999999999));
#14269=CARTESIAN_POINT('',(6.265,-1.9,0.519999999999999));
#14270=CARTESIAN_POINT('Origin',(6.265,-1.9,0.519999999999998));
#14271=CARTESIAN_POINT('',(6.265,-1.9,0.819999999999998));
#14272=CARTESIAN_POINT('',(6.115,-1.9,0.819999999999998));
#14273=CARTESIAN_POINT('',(6.265,-1.9,0.819999999999998));
#14274=CARTESIAN_POINT('',(6.115,-1.9,0.519999999999999));
#14275=CARTESIAN_POINT('',(6.265,-1.9,0.519999999999999));
#14276=CARTESIAN_POINT('Origin',(6.265,-1.1,0.459999999999999));
#14277=CARTESIAN_POINT('',(6.115,-1.1,0.459999999999997));
#14278=CARTESIAN_POINT('',(6.115,-1.1,0.841613999999997));
#14279=CARTESIAN_POINT('',(6.265,-1.1,0.459999999999997));
#14280=CARTESIAN_POINT('',(6.265,-1.1,0.459999999999997));
#14281=CARTESIAN_POINT('',(6.265,-1.1,0.841613999999997));
#14282=CARTESIAN_POINT('Origin',(6.265,0.799999999999999,0.819999999999997));
#14283=CARTESIAN_POINT('',(6.265,0.694862999999998,0.819999999999997));
#14284=CARTESIAN_POINT('',(6.115,0.694862999999998,0.819999999999997));
#14285=CARTESIAN_POINT('Origin',(6.265,-1.22889738369333,0.397842849918334));
#14286=CARTESIAN_POINT('',(6.265,-1.05,0.509999999999997));
#14287=CARTESIAN_POINT('Origin',(6.265,-1.05,0.459999999999997));
#14288=CARTESIAN_POINT('',(6.265,0.694862999999998,0.509999999999997));
#14289=CARTESIAN_POINT('Origin',(6.115,-1.464196,0.375200999999998));
#14290=CARTESIAN_POINT('',(6.115,-1.05,0.509999999999997));
#14291=CARTESIAN_POINT('',(6.115,0.694862999999998,0.509999999999997));
#14292=CARTESIAN_POINT('Origin',(6.115,-1.05,0.459999999999997));
#14293=CARTESIAN_POINT('Origin',(6.265,-1.1,0.509999999999997));
#14294=CARTESIAN_POINT('',(6.265,-1.05,0.509999999999996));
#14295=CARTESIAN_POINT('Origin',(6.265,-1.05,0.459999999999997));
#14296=CARTESIAN_POINT('Origin',(6.5,0.694862999999999,0.841613999999997));
#14297=CARTESIAN_POINT('Origin',(5.175,1.29999999999999,0.049999999999998));
#14298=CARTESIAN_POINT('Origin',(5.785,-1.8,1.05));
#14299=CARTESIAN_POINT('',(5.785,-1.8,0.174074074074072));
#14300=CARTESIAN_POINT('',(5.785,-1.63,0.299999999999998));
#14301=CARTESIAN_POINT('',(5.785,0.694862999999998,2.02212074074073));
#14302=CARTESIAN_POINT('',(5.785,-1.8,0.919999999999997));
#14303=CARTESIAN_POINT('',(5.785,-1.8,0.841613999999998));
#14304=CARTESIAN_POINT('',(5.785,-1.7412105,0.841613999999998));
#14305=CARTESIAN_POINT('',(5.785,-0.700000000000001,0.689999999999997));
#14306=CARTESIAN_POINT('',(5.785,-0.700000000000003,0.329999999999997));
#14307=CARTESIAN_POINT('',(5.785,0.694862999999998,0.329999999999997));
#14308=CARTESIAN_POINT('',(5.785,-1.2,0.299999999999997));
#14309=CARTESIAN_POINT('',(5.785,0.694862999999998,0.413691779999997));
#14310=CARTESIAN_POINT('',(5.785,0.694862999999998,0.299999999999997));
#14311=CARTESIAN_POINT('Origin',(5.835,-1.85,0.574999999999998));
#14312=CARTESIAN_POINT('',(3.29013700000001,0.694862999999998,2.02212074074073));
#14313=CARTESIAN_POINT('',(5.785,-1.8,0.841613999999998));
#14314=CARTESIAN_POINT('Origin',(5.765,-1.63,0.299999999999997));
#14315=CARTESIAN_POINT('',(-3.235,-1.63,0.3));
#14316=CARTESIAN_POINT('Origin',(4.8375,-0.0700000000000008,0.299999999999997));
#14317=CARTESIAN_POINT('',(-15.,-1.20000000000001,0.300000000000002));
#14318=CARTESIAN_POINT('Origin',(5.785,-1.2,0.299999999999997));
#14319=CARTESIAN_POINT('',(5.785,-0.700000000000002,0.329999999999997));
#14320=CARTESIAN_POINT('Origin',(5.585,-0.600000000000001,0.329999999999997));
#14321=CARTESIAN_POINT('Origin',(4.825,0.999999999999999,0.0786607773540626));
#14322=CARTESIAN_POINT('Origin',(4.675,0.919999999999986,-2.22044604925031E-15));
#14323=CARTESIAN_POINT('',(4.675,0.919999999999987,0.0361954891124595));
#14324=CARTESIAN_POINT('Origin',(5.765,-0.700000000000001,0.689999999999997));
#14325=CARTESIAN_POINT('Origin',(5.175,1.35,0.31));
#14326=CARTESIAN_POINT('',(7.5,1.35,0.309999999999997));
#14327=CARTESIAN_POINT('Origin',(5.785,-1.65,0.719999999999997));
#14328=CARTESIAN_POINT('',(10.,-1.8,0.919999999999996));
#14329=CARTESIAN_POINT('Origin',(20.285,-1.8,0.919999999999994));
#14330=CARTESIAN_POINT('Origin',(4.675,1.35,0.109999999999997));
#14331=CARTESIAN_POINT('Origin',(6.35,0.949999999999999,0.674999999999997));
#14332=CARTESIAN_POINT('',(6.3,0.899999999999998,0.309999999999997));
#14333=CARTESIAN_POINT('',(7.,1.6,0.309999999999997));
#14334=CARTESIAN_POINT('',(6.3,0.899999999999998,0.841613999999997));
#14335=CARTESIAN_POINT('',(6.3,0.899999999999999,0.841613999999997));
#14336=CARTESIAN_POINT('Origin',(6.3,0.694862999999999,0.841613999999997));
#14337=CARTESIAN_POINT('',(6.3,-0.0200000000000009,0.841613999999997));
#14338=CARTESIAN_POINT('Origin',(6.3,-0.0200000000000009,1.05));
#14339=CARTESIAN_POINT('Origin',(5.25,0.899999999999998,0.289999999999997));
#14340=CARTESIAN_POINT('',(6.27,0.899999999999998,0.309999999999997));
#14341=CARTESIAN_POINT('',(7.,0.899999999999998,0.309999999999997));
#14342=CARTESIAN_POINT('',(6.27,0.899999999999998,0.841613999999997));
#14343=CARTESIAN_POINT('Origin',(6.27,1.04560231776126,-0.794708000000003));
#14344=CARTESIAN_POINT('',(6.27,0.694862999999998,0.309999999999997));
#14345=CARTESIAN_POINT('',(6.27,1.04560231776126,0.309999999999997));
#14346=CARTESIAN_POINT('',(6.27,0.694862999999998,-0.0266712400000042));
#14347=CARTESIAN_POINT('Origin',(6.3,0.289999999999999,0.309999999999997));
#14348=CARTESIAN_POINT('Origin',(5.325,0.999999999999999,0.309999999999997));
#14349=CARTESIAN_POINT('',(-10.5,0.999999999999998,-15.5199999999998));
#14350=CARTESIAN_POINT('',(7.,0.999999999999999,0.309999999999997));
#14351=CARTESIAN_POINT('Origin',(5.425,0.849999999999999,0.0549999999999973));
#14352=CARTESIAN_POINT('',(5.4511675,0.694862999999999,0.0288324999999969));
#14353=CARTESIAN_POINT('Origin',(5.075,0.85,0.0549999999999973));
#14354=CARTESIAN_POINT('',(5.0488325,0.694862999999998,0.0288324999999969));
#14355=CARTESIAN_POINT('Origin',(5.1625,0.919999999999999,0.0799999999999973));
#14356=CARTESIAN_POINT('Origin',(0.35,1.67372431776126,0.309999999999998));
#14357=CARTESIAN_POINT('Origin',(4.675,0.949999999999987,0.0361954891124595));
#14358=CARTESIAN_POINT('Origin',(-8.65,1.9,0.6));
#14359=UNCERTAINTY_MEASURE_WITH_UNIT(LENGTH_MEASURE(0.01),#14363,
'DISTANCE_ACCURACY_VALUE',
'Maximum model space distance between geometric entities at asserted c
onnectivities');
#14360=UNCERTAINTY_MEASURE_WITH_UNIT(LENGTH_MEASURE(0.01),#14363,
'DISTANCE_ACCURACY_VALUE',
'Maximum model space distance between geometric entities at asserted c
onnectivities');
#14361=(
GEOMETRIC_REPRESENTATION_CONTEXT(3)
GLOBAL_UNCERTAINTY_ASSIGNED_CONTEXT((#14359))
GLOBAL_UNIT_ASSIGNED_CONTEXT((#14363,#14365,#14366))
REPRESENTATION_CONTEXT('','3D')
);
#14362=(
GEOMETRIC_REPRESENTATION_CONTEXT(3)
GLOBAL_UNCERTAINTY_ASSIGNED_CONTEXT((#14360))
GLOBAL_UNIT_ASSIGNED_CONTEXT((#14363,#14365,#14366))
REPRESENTATION_CONTEXT('','3D')
);
#14363=(
LENGTH_UNIT()
NAMED_UNIT(*)
SI_UNIT(.MILLI.,.METRE.)
);
#14364=(
LENGTH_UNIT()
NAMED_UNIT(*)
SI_UNIT($,.METRE.)
);
#14365=(
NAMED_UNIT(*)
PLANE_ANGLE_UNIT()
SI_UNIT($,.RADIAN.)
);
#14366=(
NAMED_UNIT(*)
SI_UNIT($,.STERADIAN.)
SOLID_ANGLE_UNIT()
);
#14367=SHAPE_DEFINITION_REPRESENTATION(#14368,#14369);
#14368=PRODUCT_DEFINITION_SHAPE('',$,#14371);
#14369=SHAPE_REPRESENTATION('',(#8947),#14361);
#14370=PRODUCT_DEFINITION_CONTEXT('part definition',#14375,'design');
#14371=PRODUCT_DEFINITION('FH34SRJ-22S-0.5SH','(Unsaved)',#14372,#14370);
#14372=PRODUCT_DEFINITION_FORMATION('',$,#14377);
#14373=PRODUCT_RELATED_PRODUCT_CATEGORY('(Unsaved)','(Unsaved)',(#14377));
#14374=APPLICATION_PROTOCOL_DEFINITION('international standard',
'automotive_design',2009,#14375);
#14375=APPLICATION_CONTEXT(
'Core Data for Automotive Mechanical Design Process');
#14376=PRODUCT_CONTEXT('part definition',#14375,'mechanical');
#14377=PRODUCT('FH34SRJ-22S-0.5SH','(Unsaved)',
'CoCreate Modeling STEP Export',(#14376));
#14378=PRESENTATION_STYLE_ASSIGNMENT((#14380));
#14379=PRESENTATION_STYLE_ASSIGNMENT((#14381));
#14380=SURFACE_STYLE_USAGE(.BOTH.,#14382);
#14381=SURFACE_STYLE_USAGE(.BOTH.,#14383);
#14382=SURFACE_SIDE_STYLE('',(#14384));
#14383=SURFACE_SIDE_STYLE('',(#14385));
#14384=SURFACE_STYLE_FILL_AREA(#14386);
#14385=SURFACE_STYLE_FILL_AREA(#14387);
#14386=FILL_AREA_STYLE('Steel - Satin',(#14388));
#14387=FILL_AREA_STYLE(
'PEKK - Polyetherketoneketone Reinforced With Carbon Fibers - HT-23 (w
ith EOS P 810 3D Printer)',(#14389));
#14388=FILL_AREA_STYLE_COLOUR('Steel - Satin',#14390);
#14389=FILL_AREA_STYLE_COLOUR(
'PEKK - Polyetherketoneketone Reinforced With Carbon Fibers - HT-23 (w
ith EOS P 810 3D Printer)',#14391);
#14390=COLOUR_RGB('Steel - Satin',0.627450980392157,0.627450980392157,0.627450980392157);
#14391=COLOUR_RGB(
'PEKK - Polyetherketoneketone Reinforced With Carbon Fibers - HT-23 (w
ith EOS P 810 3D Printer)',0.352941176470588,0.352941176470588,0.352941176470588);
ENDSEC;
END-ISO-10303-21;
