ISO-10303-21;
HEADER;
FILE_DESCRIPTION (( 'STEP AP214' ),
    '1' );
FILE_NAME ('MIC841HYMT-TR.STEP',
    '2024-09-06T09:33:46',
    ( '' ),
    ( '' ),
    'SwSTEP 2.0',
    'SolidWorks 2024',
    '' );
FILE_SCHEMA (( 'AUTOMOTIVE_DESIGN' ));
ENDSEC;

DATA;
#1 =( NAMED_UNIT ( * ) SI_UNIT ( $, .STERADIAN. ) SOLID_ANGLE_UNIT ( ) );
#2 = EDGE_CURVE ( 'NONE', #2064, #292, #1449, .T. ) ;
#3 = PRESENTATION_STYLE_ASSIGNMENT (( #1192 ) ) ;
#4 = ORIENTED_EDGE ( 'NONE', *, *, #2484, .F. ) ;
#5 = CARTESIAN_POINT ( 'NONE',  ( 0.1249999999999998890, 0.000000000000000000, 0.7999999999999999334 ) ) ;
#6 = CARTESIAN_POINT ( 'NONE',  ( -0.6249999999999998890, 0.000000000000000000, 0.7999999999999999334 ) ) ;
#7 = ORIENTED_EDGE ( 'NONE', *, *, #80, .T. ) ;
#8 = VERTEX_POINT ( 'NONE', #2167 ) ;
#9 = EDGE_CURVE ( 'NONE', #2483, #1802, #1502, .T. ) ;
#10 = CARTESIAN_POINT ( 'NONE',  ( 0.000000000000000000, 0.1019999999999999934, -0.4500000000000001221 ) ) ;
#11 = ORIENTED_EDGE ( 'NONE', *, *, #828, .F. ) ;
#12 = CIRCLE ( 'NONE', #1500, 0.05000000000000002359 ) ;
#13 = DIRECTION ( 'NONE',  ( 0.000000000000000000, 0.000000000000000000, 1.000000000000000000 ) ) ;
#14 = STYLED_ITEM ( 'NONE', ( #1852 ), #1623 ) ;
#15 =( REPRESENTATION_RELATIONSHIP ('NONE','NONE', #2473, #978 ) REPRESENTATION_RELATIONSHIP_WITH_TRANSFORMATION ( #2581 )SHAPE_REPRESENTATION_RELATIONSHIP( ) );
#16 = FACE_OUTER_BOUND ( 'NONE', #1327, .T. ) ;
#17 = VECTOR ( 'NONE', #2826, 1000.000000000000000 ) ;
#18 = PLANE ( 'NONE',  #1650 ) ;
#19 = VECTOR ( 'NONE', #591, 1000.000000000000000 ) ;
#20 = EDGE_LOOP ( 'NONE', ( #2216, #1143, #658, #197 ) ) ;
#21 = CIRCLE ( 'NONE', #1695, 0.1249999999999998890 ) ;
#22 = FACE_OUTER_BOUND ( 'NONE', #1391, .T. ) ;
#23 =( LENGTH_UNIT ( ) NAMED_UNIT ( * ) SI_UNIT ( .MILLI., .METRE. ) );
#24 = DIRECTION ( 'NONE',  ( -0.000000000000000000, 1.000000000000000000, -0.000000000000000000 ) ) ;
#25 = STYLED_ITEM ( 'NONE', ( #3 ), #2555 ) ;
#26 = ORIENTED_EDGE ( 'NONE', *, *, #1076, .F. ) ;
#27 = ORIENTED_EDGE ( 'NONE', *, *, #2013, .F. ) ;
#28 = VECTOR ( 'NONE', #2508, 1000.000000000000000 ) ;
#29 = CARTESIAN_POINT ( 'NONE',  ( 0.000000000000000000, 0.000000000000000000, 0.4500000000000001221 ) ) ;
#30 = SHAPE_REPRESENTATION ( 'MIC94325YMT-TR_6', ( #76 ), #620 ) ;
#31 = ADVANCED_FACE ( 'NONE', ( #1465 ), #2451, .F. ) ;
#32 = ORIENTED_EDGE ( 'NONE', *, *, #9, .F. ) ;
#33 = DIRECTION ( 'NONE',  ( 0.000000000000000000, 0.000000000000000000, 1.000000000000000000 ) ) ;
#34 = EDGE_CURVE ( 'NONE', #1588, #2081, #1994, .T. ) ;
#35 = CARTESIAN_POINT ( 'NONE',  ( -0.6249999999999998890, 0.1019999999999999934, 0.5749999999999999556 ) ) ;
#36 = FACE_OUTER_BOUND ( 'NONE', #2270, .T. ) ;
#37 = VERTEX_POINT ( 'NONE', #73 ) ;
#38 = DIRECTION ( 'NONE',  ( -0.000000000000000000, 1.000000000000000000, 0.000000000000000000 ) ) ;
#39 =( NAMED_UNIT ( * ) PLANE_ANGLE_UNIT ( ) SI_UNIT ( $, .RADIAN. ) );
#40 = DIRECTION ( 'NONE',  ( -0.000000000000000000, 1.000000000000000000, -0.000000000000000000 ) ) ;
#41 = ORIENTED_EDGE ( 'NONE', *, *, #2129, .T. ) ;
#42 = DIRECTION ( 'NONE',  ( -0.000000000000000000, 1.000000000000000000, 0.000000000000000000 ) ) ;
#43 = CARTESIAN_POINT ( 'NONE',  ( -0.3750000000000001110, 0.1019999999999999934, 0.5749999999999999556 ) ) ;
#44 = EDGE_CURVE ( 'NONE', #264, #143, #1019, .T. ) ;
#45 = VERTEX_POINT ( 'NONE', #2890 ) ;
#46 = FACE_OUTER_BOUND ( 'NONE', #2660, .T. ) ;
#47 = DIRECTION ( 'NONE',  ( 0.000000000000000000, 0.000000000000000000, -1.000000000000000000 ) ) ;
#48 = EDGE_CURVE ( 'NONE', #3010, #1718, #1922, .T. ) ;
#49 = DIRECTION ( 'NONE',  ( -1.000000000000000000, 0.000000000000000000, -0.000000000000000000 ) ) ;
#50 = ORIENTED_EDGE ( 'NONE', *, *, #289, .T. ) ;
#51 = LINE ( 'NONE', #1776, #364 ) ;
#52 = CARTESIAN_POINT ( 'NONE',  ( 0.6300000000000000044, 0.1019999999999999934, 0.2500000000000002220 ) ) ;
#53 = EDGE_LOOP ( 'NONE', ( #27, #1951, #2151, #481 ) ) ;
#54 = DIRECTION ( 'NONE',  ( 0.000000000000000000, 0.000000000000000000, -1.000000000000000000 ) ) ;
#55 = CARTESIAN_POINT ( 'NONE',  ( 0.6300000000000000044, 0.1019999999999999934, -0.2499999999999998335 ) ) ;
#56 = FACE_OUTER_BOUND ( 'NONE', #1942, .T. ) ;
#57 = EDGE_CURVE ( 'NONE', #206, #1174, #1984, .T. ) ;
#58 = ORIENTED_EDGE ( 'NONE', *, *, #786, .T. ) ;
#59 = FACE_OUTER_BOUND ( 'NONE', #20, .T. ) ;
#60 = DIRECTION ( 'NONE',  ( 0.000000000000000000, 0.000000000000000000, -1.000000000000000000 ) ) ;
#61 = CIRCLE ( 'NONE', #1794, 0.1249999999999998890 ) ;
#62 = CARTESIAN_POINT ( 'NONE',  ( 0.1249999999999998890, 0.1019999999999999934, -0.5749999999999999556 ) ) ;
#63 = AXIS2_PLACEMENT_3D ( 'NONE', #318, #2205, #2741 ) ;
#64 = EDGE_CURVE ( 'NONE', #935, #1934, #2875, .T. ) ;
#65 = ORIENTED_EDGE ( 'NONE', *, *, #2967, .F. ) ;
#66 = LINE ( 'NONE', #1014, #2382 ) ;
#67 =( NAMED_UNIT ( * ) SI_UNIT ( $, .STERADIAN. ) SOLID_ANGLE_UNIT ( ) );
#68 = AXIS2_PLACEMENT_3D ( 'NONE', #1901, #2859, #60 ) ;
#69 = VECTOR ( 'NONE', #493, 1000.000000000000000 ) ;
#70 = CARTESIAN_POINT ( 'NONE',  ( -0.6250000000000001110, -0.05000000000000000278, 0.8000000000000000444 ) ) ;
#71 = CIRCLE ( 'NONE', #1844, 0.1249999999999998890 ) ;
#72 = ORIENTED_EDGE ( 'NONE', *, *, #2475, .T. ) ;
#73 = CARTESIAN_POINT ( 'NONE',  ( 0.7000000000000000666, 0.5200000000000000178, -0.6600000000000002531 ) ) ;
#74 = DIRECTION ( 'NONE',  ( 0.000000000000000000, 0.000000000000000000, -1.000000000000000000 ) ) ;
#75 = CARTESIAN_POINT ( 'NONE',  ( -0.1250000000000001110, 0.1019999999999999934, 0.8000000000000000444 ) ) ;
#76 = AXIS2_PLACEMENT_3D ( 'NONE', #2503, #881, #1605 ) ;
#77 = VERTEX_POINT ( 'NONE', #1676 ) ;
#78 = DIRECTION ( 'NONE',  ( 0.000000000000000000, 1.000000000000000000, 0.000000000000000000 ) ) ;
#79 = FACE_OUTER_BOUND ( 'NONE', #1671, .T. ) ;
#80 = EDGE_CURVE ( 'NONE', #467, #1969, #2429, .T. ) ;
#81 = DIRECTION ( 'NONE',  ( 0.000000000000000000, 0.000000000000000000, -1.000000000000000000 ) ) ;
#82 = FACE_OUTER_BOUND ( 'NONE', #1107, .T. ) ;
#83 = ORIENTED_EDGE ( 'NONE', *, *, #274, .F. ) ;
#84 = LINE ( 'NONE', #2625, #1455 ) ;
#85 = ORIENTED_EDGE ( 'NONE', *, *, #188, .F. ) ;
#86 = ORIENTED_EDGE ( 'NONE', *, *, #326, .F. ) ;
#87 = CARTESIAN_POINT ( 'NONE',  ( -0.5000000000000000000, -0.05000000000000000971, 0.5749999999999999556 ) ) ;
#88 = CARTESIAN_POINT ( 'NONE',  ( 0.000000000000000000, 0.1019999999999999934, 0.5749999999999999556 ) ) ;
#89 = EDGE_LOOP ( 'NONE', ( #246, #1070, #1675, #224 ) ) ;
#90 = LINE ( 'NONE', #1975, #170 ) ;
#91 = DIRECTION ( 'NONE',  ( -0.000000000000000000, 1.000000000000000000, -0.000000000000000000 ) ) ;
#92 = DIRECTION ( 'NONE',  ( 0.000000000000000000, 1.000000000000000000, -0.000000000000000000 ) ) ;
#93 = LINE ( 'NONE', #1928, #2144 ) ;
#94 = ORIENTED_EDGE ( 'NONE', *, *, #2179, .F. ) ;
#95 = CARTESIAN_POINT ( 'NONE',  ( -0.7999999999999999334, 0.000000000000000000, 0.7999999999999999334 ) ) ;
#96 = ORIENTED_EDGE ( 'NONE', *, *, #1687, .F. ) ;
#97 = ORIENTED_EDGE ( 'NONE', *, *, #1791, .T. ) ;
#98 = CARTESIAN_POINT ( 'NONE',  ( 0.6249999999999998890, -0.05000000000000000971, 0.5749999999999999556 ) ) ;
#99 = CARTESIAN_POINT ( 'NONE',  ( 0.000000000000000000, 0.000000000000000000, -0.8000000000000003775 ) ) ;
#100 = ORIENTED_EDGE ( 'NONE', *, *, #692, .T. ) ;
#101 = EDGE_CURVE ( 'NONE', #2081, #8, #1753, .T. ) ;
#102 = DIRECTION ( 'NONE',  ( 1.000000000000000000, 0.000000000000000000, -9.637352644315592778E-16 ) ) ;
#103 = CARTESIAN_POINT ( 'NONE',  ( -0.3750000000000001110, 0.5500000000000000444, -0.8000000000000002665 ) ) ;
#104 = DIRECTION ( 'NONE',  ( -0.000000000000000000, -0.000000000000000000, 1.000000000000000000 ) ) ;
#105 = DIRECTION ( 'NONE',  ( 9.637352644315592778E-16, 0.000000000000000000, 1.000000000000000000 ) ) ;
#106 = DIRECTION ( 'NONE',  ( 0.000000000000000000, 0.000000000000000000, -1.000000000000000000 ) ) ;
#107 =( LENGTH_UNIT ( ) NAMED_UNIT ( * ) SI_UNIT ( .MILLI., .METRE. ) );
#108 = VECTOR ( 'NONE', #2733, 1000.000000000000000 ) ;
#109 = PLANE ( 'NONE',  #1602 ) ;
#110 = CLOSED_SHELL ( 'NONE', ( #2202, #2828, #2801, #331, #136, #2361, #2331 ) ) ;
#111 = EDGE_CURVE ( 'NONE', #1747, #1868, #908, .T. ) ;
#112 = ORIENTED_EDGE ( 'NONE', *, *, #585, .T. ) ;
#113 = AXIS2_PLACEMENT_3D ( 'NONE', #1437, #2390, #3045 ) ;
#114 = VECTOR ( 'NONE', #422, 1000.000000000000000 ) ;
#115 = LINE ( 'NONE', #1128, #1693 ) ;
#116 = DIRECTION ( 'NONE',  ( -0.000000000000000000, -1.000000000000000000, -0.000000000000000000 ) ) ;
#117 = VECTOR ( 'NONE', #2649, 1000.000000000000000 ) ;
#118 = AXIS2_PLACEMENT_3D ( 'NONE', #1040, #619, #2913 ) ;
#119 = VERTEX_POINT ( 'NONE', #365 ) ;
#120 = ORIENTED_EDGE ( 'NONE', *, *, #1572, .F. ) ;
#121 = CARTESIAN_POINT ( 'NONE',  ( 0.5071455115690413074, -0.05000000000000000971, -0.2499999999999998890 ) ) ;
#122 = CARTESIAN_POINT ( 'NONE',  ( -0.1249999999999998890, 0.1019999999999999934, -0.5749999999999999556 ) ) ;
#123 = EDGE_CURVE ( 'NONE', #741, #891, #115, .T. ) ;
#124 = AXIS2_PLACEMENT_3D ( 'NONE', #1950, #2885, #1761 ) ;
#125 = CARTESIAN_POINT ( 'NONE',  ( -0.6300000000000001155, 0.1019999999999999934, 0.2500000000000000000 ) ) ;
#126 =( GEOMETRIC_REPRESENTATION_CONTEXT ( 3 ) GLOBAL_UNCERTAINTY_ASSIGNED_CONTEXT ( ( #1822 ) ) GLOBAL_UNIT_ASSIGNED_CONTEXT ( ( #107, #2705, #1060 ) ) REPRESENTATION_CONTEXT ( 'NONE', 'WORKASPACE' ) );
#127 = CARTESIAN_POINT ( 'NONE',  ( 0.6249999999999998890, 0.1019999999999999934, 0.8000000000000000444 ) ) ;
#128 = EDGE_CURVE ( 'NONE', #1797, #2123, #1528, .T. ) ;
#129 = SHAPE_REPRESENTATION ( 'MIC94325YMT-TR_3', ( #76 ), #2391 ) ;
#130 = PRESENTATION_STYLE_ASSIGNMENT (( #2494 ) ) ;
#131 = DIRECTION ( 'NONE',  ( 0.000000000000000000, 1.000000000000000000, 0.000000000000000000 ) ) ;
#132 = ORIENTED_EDGE ( 'NONE', *, *, #922, .T. ) ;
#133 = PLANE ( 'NONE',  #2584 ) ;
#134 = LINE ( 'NONE', #1496, #458 ) ;
#135 = ORIENTED_EDGE ( 'NONE', *, *, #2540, .F. ) ;
#136 = ADVANCED_FACE ( 'NONE', ( #2740 ), #133, .F. ) ;
#137 = DIRECTION ( 'NONE',  ( -0.000000000000000000, -1.000000000000000000, -0.000000000000000000 ) ) ;
#138 = LINE ( 'NONE', #1521, #1988 ) ;
#139 = LINE ( 'NONE', #1549, #2688 ) ;
#140 = DIRECTION ( 'NONE',  ( 1.000000000000000000, 0.000000000000000000, 0.000000000000000000 ) ) ;
#141 = ADVANCED_FACE ( 'NONE', ( #2464 ), #2277, .T. ) ;
#142 = DIRECTION ( 'NONE',  ( -1.000000000000000000, 0.000000000000000000, 0.000000000000000000 ) ) ;
#143 = VERTEX_POINT ( 'NONE', #2296 ) ;
#144 = DIRECTION ( 'NONE',  ( 0.000000000000000000, 0.000000000000000000, 1.000000000000000000 ) ) ;
#145 = FACE_OUTER_BOUND ( 'NONE', #631, .T. ) ;
#146 = ORIENTED_EDGE ( 'NONE', *, *, #2467, .T. ) ;
#147 = DIRECTION ( 'NONE',  ( 0.000000000000000000, 0.000000000000000000, 1.000000000000000000 ) ) ;
#148 = EDGE_CURVE ( 'NONE', #2664, #1080, #2753, .T. ) ;
#149 = ORIENTED_EDGE ( 'NONE', *, *, #2553, .F. ) ;
#150 = DIRECTION ( 'NONE',  ( -1.000000000000000000, 0.000000000000000000, 9.637352644315592778E-16 ) ) ;
#151 = CARTESIAN_POINT ( 'NONE',  ( -0.6250000000000001110, -0.05000000000000000971, -0.8000000000000000444 ) ) ;
#152 = SHAPE_DEFINITION_REPRESENTATION ( #731, #2473 ) ;
#153 = CARTESIAN_POINT ( 'NONE',  ( -0.1250000000000001110, 0.1019999999999999934, 0.8000000000000000444 ) ) ;
#154 = EDGE_CURVE ( 'NONE', #2851, #566, #210, .T. ) ;
#155 = ORIENTED_EDGE ( 'NONE', *, *, #837, .F. ) ;
#156 = CARTESIAN_POINT ( 'NONE',  ( 0.8000000000000001554, 0.1019999999999999796, -0.8000000000000003775 ) ) ;
#157 = DIRECTION ( 'NONE',  ( 0.000000000000000000, 0.000000000000000000, 1.000000000000000000 ) ) ;
#158 = AXIS2_PLACEMENT_3D ( 'NONE', #1075, #2491, #1998 ) ;
#159 = VERTEX_POINT ( 'NONE', #858 ) ;
#160 = DIRECTION ( 'NONE',  ( -1.000000000000000000, -0.000000000000000000, 0.000000000000000000 ) ) ;
#161 = AXIS2_PLACEMENT_3D ( 'NONE', #473, #2882, #487 ) ;
#162 = LINE ( 'NONE', #643, #958 ) ;
#163 = VECTOR ( 'NONE', #144, 1000.000000000000000 ) ;
#164 = VECTOR ( 'NONE', #2894, 1000.000000000000000 ) ;
#165 = ORIENTED_EDGE ( 'NONE', *, *, #2406, .T. ) ;
#166 = CARTESIAN_POINT ( 'NONE',  ( -0.1249999999999998890, 0.1019999999999999934, 0.5749999999999999556 ) ) ;
#167 = ADVANCED_FACE ( 'NONE', ( #346 ), #878, .F. ) ;
#168 = CIRCLE ( 'NONE', #1308, 0.05000000000000002359 ) ;
#169 = CARTESIAN_POINT ( 'NONE',  ( 0.3749999999999998890, 0.1019999999999999934, 0.8000000000000000444 ) ) ;
#170 = VECTOR ( 'NONE', #581, 1000.000000000000000 ) ;
#171 = DIRECTION ( 'NONE',  ( 0.000000000000000000, 0.000000000000000000, -1.000000000000000000 ) ) ;
#172 = SHAPE_DEFINITION_REPRESENTATION ( #1221, #30 ) ;
#173 = DIRECTION ( 'NONE',  ( -0.000000000000000000, -1.000000000000000000, -0.000000000000000000 ) ) ;
#174 = ORIENTED_EDGE ( 'NONE', *, *, #2678, .F. ) ;
#175 = CARTESIAN_POINT ( 'NONE',  ( 0.8000000000000001554, 0.1019999999999999796, 0.7999999999999997113 ) ) ;
#176 = PRODUCT_RELATED_PRODUCT_CATEGORY ( 'part', '', ( #1441 ) ) ;
#177 = DIRECTION ( 'NONE',  ( 0.000000000000000000, -1.000000000000000000, 0.000000000000000000 ) ) ;
#178 = ORIENTED_EDGE ( 'NONE', *, *, #544, .T. ) ;
#179 = ORIENTED_EDGE ( 'NONE', *, *, #2989, .T. ) ;
#180 = EDGE_CURVE ( 'NONE', #2609, #2064, #1290, .T. ) ;
#181 = CARTESIAN_POINT ( 'NONE',  ( -0.6249999999999998890, -0.05000000000000000971, -0.5749999999999999556 ) ) ;
#182 = VERTEX_POINT ( 'NONE', #2253 ) ;
#183 = PLANE ( 'NONE',  #1053 ) ;
#184 = FACE_OUTER_BOUND ( 'NONE', #2101, .T. ) ;
#185 = CONTEXT_DEPENDENT_SHAPE_REPRESENTATION ( #928, #357 ) ;
#186 = UNCERTAINTY_MEASURE_WITH_UNIT (LENGTH_MEASURE( 1.000000000000000082E-05 ), #3003, 'distance_accuracy_value', 'NONE');
#187 = DIRECTION ( 'NONE',  ( 9.637352644315592778E-16, 0.000000000000000000, 1.000000000000000000 ) ) ;
#188 = EDGE_CURVE ( 'NONE', #1473, #2783, #1768, .T. ) ;
#189 = EDGE_LOOP ( 'NONE', ( #2446, #1157, #2395, #2217, #155, #1487 ) ) ;
#190 = DIRECTION ( 'NONE',  ( -1.000000000000000000, -0.000000000000000000, 0.000000000000000000 ) ) ;
#191 = LINE ( 'NONE', #2095, #2092 ) ;
#192 = VERTEX_POINT ( 'NONE', #844 ) ;
#193 = VERTEX_POINT ( 'NONE', #2048 ) ;
#194 = CARTESIAN_POINT ( 'NONE',  ( 0.6249999999999998890, 0.1019999999999999934, -0.5749999999999999556 ) ) ;
#195 = LINE ( 'NONE', #3037, #1692 ) ;
#196 = EDGE_CURVE ( 'NONE', #1251, #2593, #816, .T. ) ;
#197 = ORIENTED_EDGE ( 'NONE', *, *, #2010, .T. ) ;
#198 = CARTESIAN_POINT ( 'NONE',  ( 0.1249999999999998890, -0.05000000000000000971, 0.5749999999999999556 ) ) ;
#199 = DIRECTION ( 'NONE',  ( -0.000000000000000000, 0.000000000000000000, 1.000000000000000000 ) ) ;
#200 = ORIENTED_EDGE ( 'NONE', *, *, #650, .F. ) ;
#201 = DIRECTION ( 'NONE',  ( -1.000000000000000000, 0.000000000000000000, 0.000000000000000000 ) ) ;
#202 = DIRECTION ( 'NONE',  ( -0.000000000000000000, -1.000000000000000000, -0.000000000000000000 ) ) ;
#203 = ADVANCED_FACE ( 'NONE', ( #2480 ), #1096, .F. ) ;
#204 = ORIENTED_EDGE ( 'NONE', *, *, #786, .F. ) ;
#205 = VECTOR ( 'NONE', #2536, 1000.000000000000000 ) ;
#206 = VERTEX_POINT ( 'NONE', #407 ) ;
#207 = VECTOR ( 'NONE', #1178, 1000.000000000000000 ) ;
#208 = ORIENTED_EDGE ( 'NONE', *, *, #2967, .T. ) ;
#209 = AXIS2_PLACEMENT_3D ( 'NONE', #2598, #242, #2371 ) ;
#210 = CIRCLE ( 'NONE', #2772, 0.1249999999999998890 ) ;
#211 = CARTESIAN_POINT ( 'NONE',  ( 0.3749999999999998890, -0.05000000000000000971, 0.8000000000000000444 ) ) ;
#212 = EDGE_CURVE ( 'NONE', #2747, #2158, #1540, .T. ) ;
#213 = CIRCLE ( 'NONE', #861, 0.1249999999999998890 ) ;
#214 = PRESENTATION_LAYER_ASSIGNMENT (  '', '', ( #601 ) ) ;
#215 = PRODUCT_CONTEXT ( 'NONE', #1199, 'mechanical' ) ;
#216 = PRODUCT_DEFINITION_CONTEXT ( 'detailed design', #1826, 'design' ) ;
#217 = AXIS2_PLACEMENT_3D ( 'NONE', #1015, #1953, #2478 ) ;
#218 = EDGE_CURVE ( 'NONE', #1729, #935, #2721, .T. ) ;
#219 = PLANE ( 'NONE',  #510 ) ;
#220 = AXIS2_PLACEMENT_3D ( 'NONE', #291, #2176, #341 ) ;
#221 = ORIENTED_EDGE ( 'NONE', *, *, #883, .T. ) ;
#222 = LINE ( 'NONE', #2109, #663 ) ;
#223 = DIRECTION ( 'NONE',  ( -0.000000000000000000, -1.000000000000000000, -0.000000000000000000 ) ) ;
#224 = ORIENTED_EDGE ( 'NONE', *, *, #2900, .T. ) ;
#225 = ORIENTED_EDGE ( 'NONE', *, *, #1887, .T. ) ;
#226 = DIRECTION ( 'NONE',  ( 0.000000000000000000, 0.000000000000000000, -1.000000000000000000 ) ) ;
#227 = ADVANCED_FACE ( 'NONE', ( #379 ), #1325, .F. ) ;
#228 = ORIENTED_EDGE ( 'NONE', *, *, #1723, .F. ) ;
#229 = LINE ( 'NONE', #2102, #2428 ) ;
#230 =( REPRESENTATION_RELATIONSHIP ('NONE','NONE', #2473, #129 ) REPRESENTATION_RELATIONSHIP_WITH_TRANSFORMATION ( #1838 )SHAPE_REPRESENTATION_RELATIONSHIP( ) );
#231 = PRODUCT_RELATED_PRODUCT_CATEGORY ( 'part', '', ( #304 ) ) ;
#232 = LINE ( 'NONE', #649, #205 ) ;
#233 = APPLICATION_PROTOCOL_DEFINITION ( 'draft international standard', 'automotive_design', 1998, #2147 ) ;
#234 = CARTESIAN_POINT ( 'NONE',  ( 0.6300000000000000044, -0.05000000000000000278, -0.2499999999999998890 ) ) ;
#235 = EDGE_CURVE ( 'NONE', #2596, #540, #2557, .T. ) ;
#236 = VERTEX_POINT ( 'NONE', #700 ) ;
#237 = CARTESIAN_POINT ( 'NONE',  ( -0.1250000000000001110, 0.1019999999999999934, 0.8000000000000000444 ) ) ;
#238 = ORIENTED_EDGE ( 'NONE', *, *, #2723, .F. ) ;
#239 = ORIENTED_EDGE ( 'NONE', *, *, #1132, .T. ) ;
#240 = CARTESIAN_POINT ( 'NONE',  ( 0.6249999999999998890, 0.1019999999999999934, -0.8000000000000000444 ) ) ;
#241 = EDGE_LOOP ( 'NONE', ( #2699, #1188, #1878, #2207 ) ) ;
#242 = DIRECTION ( 'NONE',  ( -0.000000000000000000, 1.000000000000000000, -0.000000000000000000 ) ) ;
#243 = EDGE_CURVE ( 'NONE', #2506, #2512, #3032, .T. ) ;
#244 = CARTESIAN_POINT ( 'NONE',  ( -0.3750000000000001110, 0.000000000000000000, -0.8000000000000002665 ) ) ;
#245 = DIRECTION ( 'NONE',  ( 0.000000000000000000, -1.000000000000000000, 0.000000000000000000 ) ) ;
#246 = ORIENTED_EDGE ( 'NONE', *, *, #1946, .T. ) ;
#247 = DIRECTION ( 'NONE',  ( 0.000000000000000000, -0.000000000000000000, 1.000000000000000000 ) ) ;
#248 = DIRECTION ( 'NONE',  ( -0.000000000000000000, -1.000000000000000000, -0.000000000000000000 ) ) ;
#249 = EDGE_CURVE ( 'NONE', #1246, #1874, #892, .T. ) ;
#250 = ORIENTED_EDGE ( 'NONE', *, *, #3044, .F. ) ;
#251 = ORIENTED_EDGE ( 'NONE', *, *, #818, .F. ) ;
#252 = PRODUCT ( 'MIC94325YMT-TR_8', 'MIC94325YMT-TR_8', '', ( #874 ) ) ;
#253 = DIRECTION ( 'NONE',  ( -0.000000000000000000, -1.000000000000000000, -0.000000000000000000 ) ) ;
#254 = EDGE_LOOP ( 'NONE', ( #515, #2053, #2141, #2805 ) ) ;
#255 = AXIS2_PLACEMENT_3D ( 'NONE', #569, #150, #2472 ) ;
#256 = DIRECTION ( 'NONE',  ( 0.000000000000000000, 0.000000000000000000, -1.000000000000000000 ) ) ;
#257 = VECTOR ( 'NONE', #1926, 1000.000000000000000 ) ;
#258 = AXIS2_PLACEMENT_3D ( 'NONE', #2856, #2156, #54 ) ;
#259 = EDGE_CURVE ( 'NONE', #2905, #2874, #2352, .T. ) ;
#260 = DIRECTION ( 'NONE',  ( 0.000000000000000000, 0.000000000000000000, -1.000000000000000000 ) ) ;
#261 = AXIS2_PLACEMENT_3D ( 'NONE', #300, #1530, #1312 ) ;
#262 = DIRECTION ( 'NONE',  ( 1.000000000000000000, 0.000000000000000000, -9.637352644315592778E-16 ) ) ;
#263 = VECTOR ( 'NONE', #936, 1000.000000000000000 ) ;
#264 = VERTEX_POINT ( 'NONE', #1374 ) ;
#265 = DIRECTION ( 'NONE',  ( 9.637352644315592778E-16, 0.000000000000000000, -1.000000000000000000 ) ) ;
#266 = SHAPE_REPRESENTATION_RELATIONSHIP ( 'NONE' , 'NONE' ,  #659, #393 ) ;
#267 = DIRECTION ( 'NONE',  ( 0.000000000000000000, -0.000000000000000000, -1.000000000000000000 ) ) ;
#268 = AXIS2_PLACEMENT_3D ( 'NONE', #839, #2703, #2014 ) ;
#269 = VERTEX_POINT ( 'NONE', #1183 ) ;
#270 = CARTESIAN_POINT ( 'NONE',  ( -0.7999999999999999334, 0.5500000000000000444, -0.8000000000000001554 ) ) ;
#271 = PRODUCT_RELATED_PRODUCT_CATEGORY ( 'part', '', ( #1424 ) ) ;
#272 = LINE ( 'NONE', #2608, #1594 ) ;
#273 = ORIENTED_EDGE ( 'NONE', *, *, #626, .F. ) ;
#274 = EDGE_CURVE ( 'NONE', #1174, #2527, #2784, .T. ) ;
#275 = DIRECTION ( 'NONE',  ( 9.637352644315592778E-16, 0.000000000000000000, -1.000000000000000000 ) ) ;
#276 = CARTESIAN_POINT ( 'NONE',  ( 0.4071455115690412740, 0.1019999999999999934, -0.2499999999999998890 ) ) ;
#277 = UNCERTAINTY_MEASURE_WITH_UNIT (LENGTH_MEASURE( 1.000000000000000082E-05 ), #662, 'distance_accuracy_value', 'NONE');
#278 = EDGE_LOOP ( 'NONE', ( #1527, #973, #1032, #2322, #2880 ) ) ;
#279 = CARTESIAN_POINT ( 'NONE',  ( -0.1250000000000001110, 0.1019999999999999934, -0.8000000000000000444 ) ) ;
#280 = LINE ( 'NONE', #2120, #2193 ) ;
#281 = ADVANCED_FACE ( 'NONE', ( #1875 ), #1638, .T. ) ;
#282 = ORIENTED_EDGE ( 'NONE', *, *, #1317, .T. ) ;
#283 = DIRECTION ( 'NONE',  ( -1.355252715606880543E-16, 0.000000000000000000, -1.000000000000000000 ) ) ;
#284 = PLANE ( 'NONE',  #952 ) ;
#285 = CARTESIAN_POINT ( 'NONE',  ( -0.7999999999999999334, 0.000000000000000000, -0.8000000000000000444 ) ) ;
#286 = ORIENTED_EDGE ( 'NONE', *, *, #724, .T. ) ;
#287 = CARTESIAN_POINT ( 'NONE',  ( 0.7000000000000000666, 0.5300000000000001377, -0.6500000000000002442 ) ) ;
#288 = DIRECTION ( 'NONE',  ( 0.000000000000000000, -1.000000000000000000, 0.000000000000000000 ) ) ;
#289 = EDGE_CURVE ( 'NONE', #2766, #486, #1846, .T. ) ;
#290 = DIRECTION ( 'NONE',  ( 0.000000000000000000, 0.000000000000000000, -1.000000000000000000 ) ) ;
#291 = CARTESIAN_POINT ( 'NONE',  ( 0.5000000000000000000, 0.1019999999999999934, -0.5749999999999999556 ) ) ;
#292 = VERTEX_POINT ( 'NONE', #5 ) ;
#293 = CARTESIAN_POINT ( 'NONE',  ( 0.3749999999999998890, 0.5500000000000000444, -0.8000000000000002665 ) ) ;
#294 =( NAMED_UNIT ( * ) SI_UNIT ( $, .STERADIAN. ) SOLID_ANGLE_UNIT ( ) );
#295 = CARTESIAN_POINT ( 'NONE',  ( 0.5071455115690413074, 0.1019999999999999934, -0.2499999999999998890 ) ) ;
#296 = EDGE_LOOP ( 'NONE', ( #309, #2384, #2975, #464 ) ) ;
#297 = ORIENTED_EDGE ( 'NONE', *, *, #34, .F. ) ;
#298 = DIRECTION ( 'NONE',  ( 0.000000000000000000, -1.000000000000000000, 0.000000000000000000 ) ) ;
#299 = EDGE_CURVE ( 'NONE', #2325, #913, #2570, .T. ) ;
#300 = CARTESIAN_POINT ( 'NONE',  ( 0.000000000000000000, -0.05000000000000000971, 0.5749999999999999556 ) ) ;
#301 = ORIENTED_EDGE ( 'NONE', *, *, #1534, .T. ) ;
#302 = CARTESIAN_POINT ( 'NONE',  ( 0.1249999999999998890, 0.5500000000000000444, 0.7999999999999998224 ) ) ;
#303 = CARTESIAN_POINT ( 'NONE',  ( 0.000000000000000000, 0.1019999999999999934, 0.5749999999999999556 ) ) ;
#304 = PRODUCT ( 'MIC94325YMT-TR_7', 'MIC94325YMT-TR_7', '', ( #3026 ) ) ;
#305 = CIRCLE ( 'NONE', #2587, 0.1249999999999998890 ) ;
#306 = DIRECTION ( 'NONE',  ( -0.000000000000000000, -1.000000000000000000, -0.000000000000000000 ) ) ;
#307 = CARTESIAN_POINT ( 'NONE',  ( -0.6250000000000001110, 0.1019999999999999934, -0.8000000000000000444 ) ) ;
#308 = CIRCLE ( 'NONE', #1590, 0.1000000000000000749 ) ;
#309 = ORIENTED_EDGE ( 'NONE', *, *, #2475, .F. ) ;
#310 = CARTESIAN_POINT ( 'NONE',  ( -0.6300000000000001155, 0.1019999999999999934, -0.2500000000000000000 ) ) ;
#311 = EDGE_CURVE ( 'NONE', #3010, #193, #434, .T. ) ;
#312 = VECTOR ( 'NONE', #2824, 1000.000000000000000 ) ;
#313 = DIRECTION ( 'NONE',  ( 0.000000000000000000, 1.000000000000000000, -0.000000000000000000 ) ) ;
#314 = VECTOR ( 'NONE', #380, 1000.000000000000000 ) ;
#315 = AXIS2_PLACEMENT_3D ( 'NONE', #1026, #1963, #520 ) ;
#316 = ORIENTED_EDGE ( 'NONE', *, *, #491, .T. ) ;
#317 = CARTESIAN_POINT ( 'NONE',  ( -0.1250000000000001110, 0.1019999999999999934, -0.8000000000000000444 ) ) ;
#318 = CARTESIAN_POINT ( 'NONE',  ( 0.4071455115690412740, 0.1019999999999999934, -0.2499999999999998890 ) ) ;
#319 = VECTOR ( 'NONE', #1904, 1000.000000000000000 ) ;
#320 = CARTESIAN_POINT ( 'NONE',  ( -0.6249999999999998890, -0.05000000000000000971, -0.5749999999999999556 ) ) ;
#321 = AXIS2_PLACEMENT_3D ( 'NONE', #2749, #635, #2993 ) ;
#322 = EDGE_LOOP ( 'NONE', ( #2808, #899, #627, #1505, #1607, #725, #980 ) ) ;
#323 = CARTESIAN_POINT ( 'NONE',  ( 0.3750000000000001110, -0.05000000000000000971, 0.5749999999999999556 ) ) ;
#324 = CARTESIAN_POINT ( 'NONE',  ( 0.6249999999999998890, 0.1019999999999999934, 0.5749999999999999556 ) ) ;
#325 = AXIS2_PLACEMENT_3D ( 'NONE', #329, #1553, #1276 ) ;
#326 = EDGE_CURVE ( 'NONE', #1969, #2078, #1613, .T. ) ;
#327 = LINE ( 'NONE', #1331, #654 ) ;
#328 = ORIENTED_EDGE ( 'NONE', *, *, #405, .F. ) ;
#329 = CARTESIAN_POINT ( 'NONE',  ( 0.000000000000000000, 0.000000000000000000, 0.000000000000000000 ) ) ;
#330 = FACE_OUTER_BOUND ( 'NONE', #877, .T. ) ;
#331 = ADVANCED_FACE ( 'NONE', ( #949 ), #2323, .F. ) ;
#332 = ORIENTED_EDGE ( 'NONE', *, *, #922, .F. ) ;
#333 = CARTESIAN_POINT ( 'NONE',  ( 0.8000000000000001554, 0.000000000000000000, 0.7999999999999997113 ) ) ;
#334 = DIRECTION ( 'NONE',  ( -0.000000000000000000, -1.000000000000000000, -0.000000000000000000 ) ) ;
#335 = CARTESIAN_POINT ( 'NONE',  ( 0.3071455115690412407, 0.1019999999999999934, -0.2499999999999998890 ) ) ;
#336 = EDGE_LOOP ( 'NONE', ( #1690, #1575, #2669, #2004 ) ) ;
#337 = DIRECTION ( 'NONE',  ( -0.000000000000000000, -1.000000000000000000, 0.000000000000000000 ) ) ;
#338 = DIRECTION ( 'NONE',  ( 1.000000000000000000, 0.000000000000000000, 0.000000000000000000 ) ) ;
#339 = LINE ( 'NONE', #1286, #2968 ) ;
#340 = EDGE_CURVE ( 'NONE', #2905, #2326, #1400, .T. ) ;
#341 = DIRECTION ( 'NONE',  ( 0.000000000000000000, 0.000000000000000000, -1.000000000000000000 ) ) ;
#342 =( LENGTH_UNIT ( ) NAMED_UNIT ( * ) SI_UNIT ( .MILLI., .METRE. ) );
#343 = DIRECTION ( 'NONE',  ( 0.000000000000000000, 0.000000000000000000, 1.000000000000000000 ) ) ;
#344 = DIRECTION ( 'NONE',  ( 1.000000000000000000, 0.000000000000000000, -9.637352644315592778E-16 ) ) ;
#345 = ORIENTED_EDGE ( 'NONE', *, *, #1673, .F. ) ;
#346 = FACE_OUTER_BOUND ( 'NONE', #766, .T. ) ;
#347 = CARTESIAN_POINT ( 'NONE',  ( 0.4071455115690412740, 0.1019999999999999934, -0.2499999999999998890 ) ) ;
#348 = ADVANCED_FACE ( 'NONE', ( #1152 ), #721, .F. ) ;
#349 = DIRECTION ( 'NONE',  ( -0.000000000000000000, 1.000000000000000000, -0.000000000000000000 ) ) ;
#350 = ORIENTED_EDGE ( 'NONE', *, *, #2844, .F. ) ;
#351 = ORIENTED_EDGE ( 'NONE', *, *, #1563, .F. ) ;
#352 = DIRECTION ( 'NONE',  ( -0.000000000000000000, 0.000000000000000000, 1.000000000000000000 ) ) ;
#353 = EDGE_CURVE ( 'NONE', #558, #808, #2338, .T. ) ;
#354 = FILL_AREA_STYLE_COLOUR ( '', #856 ) ;
#355 = CARTESIAN_POINT ( 'NONE',  ( 0.3749999999999998890, -0.05000000000000000971, 0.5749999999999999556 ) ) ;
#356 = FACE_OUTER_BOUND ( 'NONE', #406, .T. ) ;
#357 = PRODUCT_DEFINITION_SHAPE ( 'NONE', 'NONE',  #3051 ) ;
#358 = FILL_AREA_STYLE ('',( #1334 ) ) ;
#359 = VECTOR ( 'NONE', #2597, 1000.000000000000000 ) ;
#360 = FACE_OUTER_BOUND ( 'NONE', #2376, .T. ) ;
#361 = ADVANCED_FACE ( 'NONE', ( #688 ), #1626, .T. ) ;
#362 = ORIENTED_EDGE ( 'NONE', *, *, #311, .T. ) ;
#363 = VECTOR ( 'NONE', #693, 1000.000000000000000 ) ;
#364 = VECTOR ( 'NONE', #2459, 1000.000000000000000 ) ;
#365 = CARTESIAN_POINT ( 'NONE',  ( -0.1250000000000001110, 0.000000000000000000, -0.8000000000000002665 ) ) ;
#366 = CARTESIAN_POINT ( 'NONE',  ( -0.5000000000000000000, 0.000000000000000000, 0.5749999999999999556 ) ) ;
#367 = AXIS2_PLACEMENT_3D ( 'NONE', #1359, #177, #2765 ) ;
#368 = ORIENTED_EDGE ( 'NONE', *, *, #2782, .T. ) ;
#369 = CIRCLE ( 'NONE', #2096, 0.1249999999999998890 ) ;
#370 = CARTESIAN_POINT ( 'NONE',  ( -0.6250000000000000000, -0.05000000000000000971, 0.5749999999999999556 ) ) ;
#371 = VECTOR ( 'NONE', #2716, 1000.000000000000000 ) ;
#372 = EDGE_CURVE ( 'NONE', #45, #3010, #222, .T. ) ;
#373 = DIRECTION ( 'NONE',  ( 0.000000000000000000, -0.000000000000000000, -1.000000000000000000 ) ) ;
#374 =( GEOMETRIC_REPRESENTATION_CONTEXT ( 3 ) GLOBAL_UNCERTAINTY_ASSIGNED_CONTEXT ( ( #2349 ) ) GLOBAL_UNIT_ASSIGNED_CONTEXT ( ( #1704, #39, #1685 ) ) REPRESENTATION_CONTEXT ( 'NONE', 'WORKASPACE' ) );
#375 = CARTESIAN_POINT ( 'NONE',  ( 0.1249999999999998890, 0.1019999999999999796, 0.7999999999999999334 ) ) ;
#376 = CARTESIAN_POINT ( 'NONE',  ( -0.5000000000000000000, 0.1019999999999999934, 0.5749999999999999556 ) ) ;
#377 = LINE ( 'NONE', #2719, #1947 ) ;
#378 = VERTEX_POINT ( 'NONE', #1431 ) ;
#379 = FACE_OUTER_BOUND ( 'NONE', #3036, .T. ) ;
#380 = DIRECTION ( 'NONE',  ( 0.000000000000000000, -0.000000000000000000, -1.000000000000000000 ) ) ;
#381 = EDGE_CURVE ( 'NONE', #467, #1121, #2595, .T. ) ;
#382 = ORIENTED_EDGE ( 'NONE', *, *, #650, .T. ) ;
#383 = VERTEX_POINT ( 'NONE', #1919 ) ;
#384 = CARTESIAN_POINT ( 'NONE',  ( -0.6300000000000001155, 0.000000000000000000, 0.000000000000000000 ) ) ;
#385 = ORIENTED_EDGE ( 'NONE', *, *, #259, .F. ) ;
#386 = LINE ( 'NONE', #355, #108 ) ;
#387 = ADVANCED_FACE ( 'NONE', ( #792 ), #778, .F. ) ;
#388 = CARTESIAN_POINT ( 'NONE',  ( -0.5000000000000000000, -0.05000000000000000971, 0.8000000000000000444 ) ) ;
#389 = LINE ( 'NONE', #2692, #1109 ) ;
#390 = PRODUCT_CONTEXT ( 'NONE', #887, 'mechanical' ) ;
#391 = CARTESIAN_POINT ( 'NONE',  ( 0.8000000000000001554, 0.1019999999999999796, 0.7999999999999997113 ) ) ;
#392 = ORIENTED_EDGE ( 'NONE', *, *, #1369, .F. ) ;
#393 = ADVANCED_BREP_SHAPE_REPRESENTATION ( '', ( #2637, #76 ), #1020 ) ;
#394 = CARTESIAN_POINT ( 'NONE',  ( 0.5000000000000000000, 0.1019999999999999934, -0.5749999999999999556 ) ) ;
#395 = DIRECTION ( 'NONE',  ( -0.000000000000000000, 1.000000000000000000, -0.000000000000000000 ) ) ;
#396 = EDGE_CURVE ( 'NONE', #143, #728, #66, .T. ) ;
#397 = ORIENTED_EDGE ( 'NONE', *, *, #2402, .F. ) ;
#398 = CARTESIAN_POINT ( 'NONE',  ( 0.3749999999999999445, 0.000000000000000000, -0.8000000000000002665 ) ) ;
#399 = ORIENTED_EDGE ( 'NONE', *, *, #180, .F. ) ;
#400 = LINE ( 'NONE', #1412, #1736 ) ;
#401 = CARTESIAN_POINT ( 'NONE',  ( 0.1249999999999998890, 0.1019999999999999934, -0.8000000000000000444 ) ) ;
#402 = PRODUCT_DEFINITION ( 'UNKNOWN', '', #2636, #963 ) ;
#403 = SHAPE_DEFINITION_REPRESENTATION ( #2838, #1621 ) ;
#404 = DIRECTION ( 'NONE',  ( 0.000000000000000000, 0.000000000000000000, -1.000000000000000000 ) ) ;
#405 = EDGE_CURVE ( 'NONE', #1629, #2955, #1443, .T. ) ;
#406 = EDGE_LOOP ( 'NONE', ( #416, #385, #1259, #1618, #497 ) ) ;
#407 = CARTESIAN_POINT ( 'NONE',  ( -0.1250000000000000000, -0.05000000000000000971, 0.5749999999999999556 ) ) ;
#408 = VECTOR ( 'NONE', #2814, 1000.000000000000000 ) ;
#409 =( REPRESENTATION_RELATIONSHIP ('NONE','NONE', #2473, #1621 ) REPRESENTATION_RELATIONSHIP_WITH_TRANSFORMATION ( #1871 )SHAPE_REPRESENTATION_RELATIONSHIP( ) );
#410 = DIRECTION ( 'NONE',  ( -1.000000000000000000, 0.000000000000000000, 0.000000000000000000 ) ) ;
#411 = CIRCLE ( 'NONE', #161, 0.04000000000000010492 ) ;
#412 = VERTEX_POINT ( 'NONE', #1703 ) ;
#413 = VECTOR ( 'NONE', #1911, 1000.000000000000000 ) ;
#414 = VECTOR ( 'NONE', #1862, 1000.000000000000000 ) ;
#415 = VECTOR ( 'NONE', #1288, 1000.000000000000000 ) ;
#416 = ORIENTED_EDGE ( 'NONE', *, *, #1329, .F. ) ;
#417 = CARTESIAN_POINT ( 'NONE',  ( -0.1250000000000001110, 0.5500000000000000444, -0.8000000000000002665 ) ) ;
#418 = CIRCLE ( 'NONE', #2440, 0.1249999999999998890 ) ;
#419 = VECTOR ( 'NONE', #1343, 1000.000000000000000 ) ;
#420 = DIRECTION ( 'NONE',  ( 0.000000000000000000, 0.000000000000000000, -1.000000000000000000 ) ) ;
#421 = EDGE_LOOP ( 'NONE', ( #1612, #2641, #1131, #2398 ) ) ;
#422 = DIRECTION ( 'NONE',  ( -0.000000000000000000, -1.000000000000000000, -0.000000000000000000 ) ) ;
#423 = PLANE ( 'NONE',  #2437 ) ;
#424 = ORIENTED_EDGE ( 'NONE', *, *, #101, .F. ) ;
#425 = ORIENTED_EDGE ( 'NONE', *, *, #1027, .F. ) ;
#426 = CARTESIAN_POINT ( 'NONE',  ( 0.000000000000000000, -0.05000000000000000971, -0.4500000000000001221 ) ) ;
#427 = ORIENTED_EDGE ( 'NONE', *, *, #2844, .T. ) ;
#428 = CARTESIAN_POINT ( 'NONE',  ( 0.4071455115690412740, 0.1019999999999999934, -0.2499999999999998890 ) ) ;
#429 = ADVANCED_FACE ( 'NONE', ( #22 ), #2424, .F. ) ;
#430 =( NAMED_UNIT ( * ) PLANE_ANGLE_UNIT ( ) SI_UNIT ( $, .RADIAN. ) );
#431 = APPLICATION_PROTOCOL_DEFINITION ( 'draft international standard', 'automotive_design', 1998, #2125 ) ;
#432 = CARTESIAN_POINT ( 'NONE',  ( 0.6249999999999998890, 0.1019999999999999796, 0.7999999999999998224 ) ) ;
#433 = EDGE_LOOP ( 'NONE', ( #1283, #2097, #951, #998 ) ) ;
#434 = LINE ( 'NONE', #675, #1452 ) ;
#435 = CYLINDRICAL_SURFACE ( 'NONE', #2489, 0.1249999999999998890 ) ;
#436 = ORIENTED_EDGE ( 'NONE', *, *, #1687, .T. ) ;
#437 = ORIENTED_EDGE ( 'NONE', *, *, #1027, .T. ) ;
#438 = EDGE_CURVE ( 'NONE', #2435, #791, #2178, .T. ) ;
#439 = ORIENTED_EDGE ( 'NONE', *, *, #1673, .T. ) ;
#440 = EDGE_CURVE ( 'NONE', #2367, #2054, #968, .T. ) ;
#441 = CARTESIAN_POINT ( 'NONE',  ( 0.000000000000000000, 0.000000000000000000, 0.5749999999999999556 ) ) ;
#442 = APPLICATION_CONTEXT ( 'automotive_design' ) ;
#443 = DIRECTION ( 'NONE',  ( -1.000000000000000000, 0.000000000000000000, -0.000000000000000000 ) ) ;
#444 = APPLICATION_PROTOCOL_DEFINITION ( 'draft international standard', 'automotive_design', 1998, #1184 ) ;
#445 = EDGE_LOOP ( 'NONE', ( #1390, #1130, #2098, #2236 ) ) ;
#446 = CARTESIAN_POINT ( 'NONE',  ( -0.3750000000000001110, -0.05000000000000000971, -0.8000000000000000444 ) ) ;
#447 = LINE ( 'NONE', #1674, #462 ) ;
#448 = ORIENTED_EDGE ( 'NONE', *, *, #1317, .F. ) ;
#449 = AXIS2_PLACEMENT_3D ( 'NONE', #2419, #2161, #260 ) ;
#450 = EDGE_LOOP ( 'NONE', ( #1460, #7, #1289, #1012, #1737 ) ) ;
#451 = CARTESIAN_POINT ( 'NONE',  ( 0.3749999999999998890, -0.05000000000000000278, -0.8000000000000000444 ) ) ;
#452 = AXIS2_PLACEMENT_3D ( 'NONE', #1971, #1048, #74 ) ;
#453 = ORIENTED_EDGE ( 'NONE', *, *, #1484, .F. ) ;
#454 = VECTOR ( 'NONE', #1545, 1000.000000000000000 ) ;
#455 = PRESENTATION_LAYER_ASSIGNMENT (  '', '', ( #1790 ) ) ;
#456 = DIRECTION ( 'NONE',  ( 1.000000000000000000, 0.000000000000000000, -0.000000000000000000 ) ) ;
#457 = EDGE_CURVE ( 'NONE', #2123, #1033, #1952, .T. ) ;
#458 = VECTOR ( 'NONE', #1248, 1000.000000000000000 ) ;
#459 = VECTOR ( 'NONE', #962, 1000.000000000000000 ) ;
#460 = LINE ( 'NONE', #901, #2330 ) ;
#461 = PRODUCT_DEFINITION_CONTEXT ( 'detailed design', #767, 'design' ) ;
#462 = VECTOR ( 'NONE', #1920, 1000.000000000000000 ) ;
#463 = CARTESIAN_POINT ( 'NONE',  ( 0.3749999999999998890, 0.1019999999999999796, 0.7999999999999999334 ) ) ;
#464 = ORIENTED_EDGE ( 'NONE', *, *, #1250, .T. ) ;
#465 = DIRECTION ( 'NONE',  ( -1.000000000000000000, -0.000000000000000000, 0.000000000000000000 ) ) ;
#466 = CARTESIAN_POINT ( 'NONE',  ( 0.4071455115690412740, -0.05000000000000000971, -0.2499999999999998890 ) ) ;
#467 = VERTEX_POINT ( 'NONE', #2670 ) ;
#468 = EDGE_LOOP ( 'NONE', ( #2450, #1625, #984, #448 ) ) ;
#469 = EDGE_CURVE ( 'NONE', #3005, #2631, #2433, .T. ) ;
#470 = CARTESIAN_POINT ( 'NONE',  ( -0.6249999999999998890, 0.1019999999999999934, -0.5749999999999999556 ) ) ;
#471 = ORIENTED_EDGE ( 'NONE', *, *, #938, .T. ) ;
#472 = CARTESIAN_POINT ( 'NONE',  ( -0.5000000000000000000, 0.1019999999999999934, 0.5749999999999999556 ) ) ;
#473 = CARTESIAN_POINT ( 'NONE',  ( 0.7000000000000000666, 0.5200000000000000178, -0.7000000000000002887 ) ) ;
#474 = PRODUCT_DEFINITION_SHAPE ( 'NONE', 'NONE',  #3053 ) ;
#475 = LINE ( 'NONE', #2392, #459 ) ;
#476 = ADVANCED_FACE ( 'NONE', ( #2615 ), #537, .F. ) ;
#477 =( LENGTH_UNIT ( ) NAMED_UNIT ( * ) SI_UNIT ( .MILLI., .METRE. ) );
#478 = ORIENTED_EDGE ( 'NONE', *, *, #2267, .T. ) ;
#479 = CARTESIAN_POINT ( 'NONE',  ( 0.7000000000000000666, 0.5200000000000000178, -0.7000000000000002887 ) ) ;
#480 = FACE_OUTER_BOUND ( 'NONE', #2743, .T. ) ;
#481 = ORIENTED_EDGE ( 'NONE', *, *, #2776, .T. ) ;
#482 = VERTEX_POINT ( 'NONE', #1261 ) ;
#483 = DIRECTION ( 'NONE',  ( 0.000000000000000000, -0.000000000000000000, -1.000000000000000000 ) ) ;
#484 =( REPRESENTATION_RELATIONSHIP ('NONE','NONE', #2473, #659 ) REPRESENTATION_RELATIONSHIP_WITH_TRANSFORMATION ( #889 )SHAPE_REPRESENTATION_RELATIONSHIP( ) );
#485 = EDGE_CURVE ( 'NONE', #566, #1264, #2409, .T. ) ;
#486 = VERTEX_POINT ( 'NONE', #2396 ) ;
#487 = DIRECTION ( 'NONE',  ( 0.000000000000000000, 0.000000000000000000, 1.000000000000000000 ) ) ;
#488 = CARTESIAN_POINT ( 'NONE',  ( 0.6249999999999998890, -0.05000000000000000971, 0.5749999999999999556 ) ) ;
#489 = UNCERTAINTY_MEASURE_WITH_UNIT (LENGTH_MEASURE( 1.000000000000000082E-05 ), #2135, 'distance_accuracy_value', 'NONE');
#490 = FACE_OUTER_BOUND ( 'NONE', #1956, .T. ) ;
#491 = EDGE_CURVE ( 'NONE', #1080, #1637, #736, .T. ) ;
#492 = ORIENTED_EDGE ( 'NONE', *, *, #64, .F. ) ;
#493 = DIRECTION ( 'NONE',  ( 0.000000000000000000, -0.000000000000000000, -1.000000000000000000 ) ) ;
#494 = CARTESIAN_POINT ( 'NONE',  ( 0.6249999999999998890, 0.1019999999999999934, -0.5749999999999999556 ) ) ;
#495 = EDGE_CURVE ( 'NONE', #2664, #45, #761, .T. ) ;
#496 = EDGE_LOOP ( 'NONE', ( #738, #641, #2846, #2798 ) ) ;
#497 = ORIENTED_EDGE ( 'NONE', *, *, #3027, .F. ) ;
#498 = CARTESIAN_POINT ( 'NONE',  ( 0.7000000000000000666, 0.5500000000000000444, -0.6500000000000002442 ) ) ;
#499 = ORIENTED_EDGE ( 'NONE', *, *, #1864, .T. ) ;
#500 = AXIS2_PLACEMENT_3D ( 'NONE', #1318, #2259, #1135 ) ;
#501 = CARTESIAN_POINT ( 'NONE',  ( 0.7000000000000000666, 0.5300000000000001377, -0.7000000000000002887 ) ) ;
#502 = VECTOR ( 'NONE', #568, 1000.000000000000000 ) ;
#503 = AXIS2_PLACEMENT_3D ( 'NONE', #1814, #2006, #628 ) ;
#504 = CARTESIAN_POINT ( 'NONE',  ( -0.6249999999999998890, 0.1019999999999999934, -0.5749999999999999556 ) ) ;
#505 = EDGE_CURVE ( 'NONE', #1662, #2546, #84, .T. ) ;
#506 = VECTOR ( 'NONE', #2966, 1000.000000000000000 ) ;
#507 = CARTESIAN_POINT ( 'NONE',  ( 0.5000000000000000000, 0.1019999999999999934, -0.4500000000000001221 ) ) ;
#508 = AXIS2_PLACEMENT_3D ( 'NONE', #376, #1536, #1321 ) ;
#509 = VERTEX_POINT ( 'NONE', #310 ) ;
#510 = AXIS2_PLACEMENT_3D ( 'NONE', #2804, #245, #1169 ) ;
#511 = CARTESIAN_POINT ( 'NONE',  ( 0.000000000000000000, 0.5500000000000000444, 0.7999999999999999334 ) ) ;
#512 = CARTESIAN_POINT ( 'NONE',  ( -0.5000000000000000000, 0.1019999999999999934, 0.5749999999999999556 ) ) ;
#513 = AXIS2_PLACEMENT_3D ( 'NONE', #1519, #2208, #1758 ) ;
#514 = ORIENTED_EDGE ( 'NONE', *, *, #2853, .F. ) ;
#515 = ORIENTED_EDGE ( 'NONE', *, *, #495, .T. ) ;
#516 = PRODUCT_DEFINITION_FORMATION_WITH_SPECIFIED_SOURCE ( 'ANY', '', #1441, .NOT_KNOWN. ) ;
#517 = ADVANCED_FACE ( 'NONE', ( #2447 ), #1967, .F. ) ;
#518 = DIRECTION ( 'NONE',  ( 0.000000000000000000, 0.000000000000000000, 1.000000000000000000 ) ) ;
#519 = EDGE_LOOP ( 'NONE', ( #297, #1914, #1585, #178 ) ) ;
#520 = DIRECTION ( 'NONE',  ( -9.637352644315592778E-16, 0.000000000000000000, 1.000000000000000000 ) ) ;
#521 = FACE_OUTER_BOUND ( 'NONE', #1959, .T. ) ;
#522 = EDGE_CURVE ( 'NONE', #193, #412, #1672, .T. ) ;
#523 = ORIENTED_EDGE ( 'NONE', *, *, #733, .F. ) ;
#524 = DIRECTION ( 'NONE',  ( 1.000000000000000000, -0.000000000000000000, 4.412546038538918282E-16 ) ) ;
#525 =( NAMED_UNIT ( * ) SI_UNIT ( $, .STERADIAN. ) SOLID_ANGLE_UNIT ( ) );
#526 = DIRECTION ( 'NONE',  ( 0.000000000000000000, 0.000000000000000000, 1.000000000000000000 ) ) ;
#527 = ORIENTED_EDGE ( 'NONE', *, *, #1084, .T. ) ;
#528 = ORIENTED_EDGE ( 'NONE', *, *, #883, .F. ) ;
#529 = LINE ( 'NONE', #1034, #408 ) ;
#530 = LINE ( 'NONE', #799, #2534 ) ;
#531 = ORIENTED_EDGE ( 'NONE', *, *, #2980, .T. ) ;
#532 = CARTESIAN_POINT ( 'NONE',  ( 0.1249999999999998890, 0.000000000000000000, 0.5749999999999999556 ) ) ;
#533 = CARTESIAN_POINT ( 'NONE',  ( -0.3750000000000001110, 0.000000000000000000, -0.5749999999999999556 ) ) ;
#534 = DIRECTION ( 'NONE',  ( 0.000000000000000000, 0.000000000000000000, -1.000000000000000000 ) ) ;
#535 = SURFACE_SIDE_STYLE ('',( #2655 ) ) ;
#536 = ORIENTED_EDGE ( 'NONE', *, *, #2980, .F. ) ;
#537 = PLANE ( 'NONE',  #1357 ) ;
#538 = CARTESIAN_POINT ( 'NONE',  ( 0.3749999999999998890, -0.05000000000000000971, -0.8000000000000000444 ) ) ;
#539 = MANIFOLD_SOLID_BREP ( 'Boss-Extrude2[3]', #707 ) ;
#540 = VERTEX_POINT ( 'NONE', #2226 ) ;
#541 = VERTEX_POINT ( 'NONE', #840 ) ;
#542 = PLANE ( 'NONE',  #63 ) ;
#543 = DIRECTION ( 'NONE',  ( -0.000000000000000000, 0.000000000000000000, 1.000000000000000000 ) ) ;
#544 = EDGE_CURVE ( 'NONE', #1833, #2081, #51, .T. ) ;
#545 = EDGE_LOOP ( 'NONE', ( #1854, #1274, #2560, #273 ) ) ;
#546 = DIRECTION ( 'NONE',  ( -4.412546038538919268E-16, 0.000000000000000000, 1.000000000000000000 ) ) ;
#547 = FACE_OUTER_BOUND ( 'NONE', #241, .T. ) ;
#548 = TOROIDAL_SURFACE ( 'NONE', #2283, 0.04000000000000005634, 0.01000000000000000021 ) ;
#549 = CARTESIAN_POINT ( 'NONE',  ( 0.6249999999999998890, 0.000000000000000000, -0.8000000000000003775 ) ) ;
#550 = PLANE ( 'NONE',  #124 ) ;
#551 = CIRCLE ( 'NONE', #158, 0.05000000000000002359 ) ;
#552 = ORIENTED_EDGE ( 'NONE', *, *, #2629, .F. ) ;
#553 = CARTESIAN_POINT ( 'NONE',  ( 0.8000000000000001554, 0.000000000000000000, 0.7999999999999997113 ) ) ;
#554 = SHAPE_REPRESENTATION_RELATIONSHIP ( 'NONE' , 'NONE' ,  #1938, #648 ) ;
#555 = CIRCLE ( 'NONE', #656, 0.01000000000000002623 ) ;
#556 = AXIS2_PLACEMENT_3D ( 'NONE', #279, #1715, #1906 ) ;
#557 = DIRECTION ( 'NONE',  ( 0.000000000000000000, 0.000000000000000000, -1.000000000000000000 ) ) ;
#558 = VERTEX_POINT ( 'NONE', #1275 ) ;
#559 = ORIENTED_EDGE ( 'NONE', *, *, #57, .T. ) ;
#560 = CARTESIAN_POINT ( 'NONE',  ( -0.3750000000000001110, 0.1019999999999999934, -0.5749999999999999556 ) ) ;
#561 = VECTOR ( 'NONE', #2996, 1000.000000000000000 ) ;
#562 = LINE ( 'NONE', #1987, #1598 ) ;
#563 = APPLICATION_CONTEXT ( 'automotive_design' ) ;
#564 = VECTOR ( 'NONE', #993, 1000.000000000000000 ) ;
#565 = ADVANCED_FACE ( 'NONE', ( #1091 ), #1980, .F. ) ;
#566 = VERTEX_POINT ( 'NONE', #2916 ) ;
#567 = CARTESIAN_POINT ( 'NONE',  ( 0.3071455115690411852, 0.1019999999999999934, -0.2499999999999998890 ) ) ;
#568 = DIRECTION ( 'NONE',  ( -0.000000000000000000, -1.000000000000000000, -0.000000000000000000 ) ) ;
#569 = CARTESIAN_POINT ( 'NONE',  ( 0.3749999999999998890, 0.1019999999999999934, -0.8000000000000000444 ) ) ;
#570 = CARTESIAN_POINT ( 'NONE',  ( 0.8000000000000001554, 0.000000000000000000, -0.8000000000000003775 ) ) ;
#571 = ADVANCED_FACE ( 'NONE', ( #809 ), #1059, .F. ) ;
#572 = SURFACE_SIDE_STYLE ('',( #1474 ) ) ;
#573 =( NAMED_UNIT ( * ) PLANE_ANGLE_UNIT ( ) SI_UNIT ( $, .RADIAN. ) );
#574 = CARTESIAN_POINT ( 'NONE',  ( 0.1249999999999998890, 0.1019999999999999934, 0.8000000000000000444 ) ) ;
#575 = EDGE_CURVE ( 'NONE', #699, #2506, #389, .T. ) ;
#576 = ORIENTED_EDGE ( 'NONE', *, *, #180, .T. ) ;
#577 = DIRECTION ( 'NONE',  ( 1.000000000000000000, 0.000000000000000000, 0.000000000000000000 ) ) ;
#578 = CARTESIAN_POINT ( 'NONE',  ( -0.5000000000000000000, 0.1019999999999999934, -0.5749999999999999556 ) ) ;
#579 = DIRECTION ( 'NONE',  ( 0.000000000000000000, 0.000000000000000000, -1.000000000000000000 ) ) ;
#580 = EDGE_LOOP ( 'NONE', ( #225, #2182 ) ) ;
#581 = DIRECTION ( 'NONE',  ( -0.000000000000000000, 1.000000000000000000, -0.000000000000000000 ) ) ;
#582 = CARTESIAN_POINT ( 'NONE',  ( -0.1249999999999998890, 0.1019999999999999934, 0.5749999999999999556 ) ) ;
#583 = PLANE ( 'NONE',  #255 ) ;
#584 = FACE_OUTER_BOUND ( 'NONE', #2112, .T. ) ;
#585 = EDGE_CURVE ( 'NONE', #1065, #913, #827, .T. ) ;
#586 = CYLINDRICAL_SURFACE ( 'NONE', #508, 0.1249999999999998890 ) ;
#587 = DIRECTION ( 'NONE',  ( 1.000000000000000000, 0.000000000000000000, 0.000000000000000000 ) ) ;
#588 = PLANE ( 'NONE',  #915 ) ;
#589 = EDGE_CURVE ( 'NONE', #2720, #2517, #2191, .T. ) ;
#590 = ORIENTED_EDGE ( 'NONE', *, *, #916, .T. ) ;
#591 = DIRECTION ( 'NONE',  ( -1.000000000000000000, 0.000000000000000000, 1.355252715606880543E-16 ) ) ;
#592 = CARTESIAN_POINT ( 'NONE',  ( -0.6250000000000001110, -0.05000000000000000971, 0.5749999999999999556 ) ) ;
#593 = ADVANCED_FACE ( 'NONE', ( #2704 ), #586, .F. ) ;
#594 = ORIENTED_EDGE ( 'NONE', *, *, #1864, .F. ) ;
#595 = MANIFOLD_SOLID_BREP ( 'Cut-Extrude2', #2085 ) ;
#596 = DIRECTION ( 'NONE',  ( 0.000000000000000000, 1.000000000000000000, -0.000000000000000000 ) ) ;
#597 = CARTESIAN_POINT ( 'NONE',  ( 0.6300000000000000044, 0.1019999999999999934, -0.2499999999999998335 ) ) ;
#598 = DIRECTION ( 'NONE',  ( 0.000000000000000000, 0.000000000000000000, -1.000000000000000000 ) ) ;
#599 = MANIFOLD_SOLID_BREP ( 'Boss-Extrude2[4]', #2817 ) ;
#600 = CARTESIAN_POINT ( 'NONE',  ( -0.6300000000000001155, 0.1019999999999999934, 0.2500000000000000000 ) ) ;
#601 = STYLED_ITEM ( 'NONE', ( #1166 ), #621 ) ;
#602 = ADVANCED_FACE ( 'NONE', ( #1350 ), #2057, .F. ) ;
#603 = CARTESIAN_POINT ( 'NONE',  ( -0.7999999999999999334, 0.5500000000000000444, 0.7999999999999999334 ) ) ;
#604 = DIRECTION ( 'NONE',  ( 0.000000000000000000, 1.000000000000000000, -0.000000000000000000 ) ) ;
#605 = ORIENTED_EDGE ( 'NONE', *, *, #945, .F. ) ;
#606 = VECTOR ( 'NONE', #483, 1000.000000000000000 ) ;
#607 = VECTOR ( 'NONE', #1310, 1000.000000000000000 ) ;
#608 = CARTESIAN_POINT ( 'NONE',  ( -0.3750000000000001110, 0.1019999999999999934, 0.5749999999999999556 ) ) ;
#609 = CARTESIAN_POINT ( 'NONE',  ( -0.3750000000000001110, 0.1019999999999999934, 0.5749999999999999556 ) ) ;
#610 = AXIS2_PLACEMENT_3D ( 'NONE', #1172, #223, #950 ) ;
#611 =( GEOMETRIC_REPRESENTATION_CONTEXT ( 3 ) GLOBAL_UNCERTAINTY_ASSIGNED_CONTEXT ( ( #1125 ) ) GLOBAL_UNIT_ASSIGNED_CONTEXT ( ( #696, #430, #1 ) ) REPRESENTATION_CONTEXT ( 'NONE', 'WORKASPACE' ) );
#612 = ORIENTED_EDGE ( 'NONE', *, *, #2505, .T. ) ;
#613 = ORIENTED_EDGE ( 'NONE', *, *, #2849, .T. ) ;
#614 = EDGE_CURVE ( 'NONE', #192, #2077, #61, .T. ) ;
#615 = SHAPE_REPRESENTATION_RELATIONSHIP ( 'NONE' , 'NONE' ,  #1621, #1243 ) ;
#616 = AXIS2_PLACEMENT_3D ( 'NONE', #512, #2365, #2589 ) ;
#617 = PLANE ( 'NONE',  #2680 ) ;
#618 = ORIENTED_EDGE ( 'NONE', *, *, #440, .F. ) ;
#619 = DIRECTION ( 'NONE',  ( -0.000000000000000000, 1.000000000000000000, -0.000000000000000000 ) ) ;
#620 =( GEOMETRIC_REPRESENTATION_CONTEXT ( 3 ) GLOBAL_UNCERTAINTY_ASSIGNED_CONTEXT ( ( #992 ) ) GLOBAL_UNIT_ASSIGNED_CONTEXT ( ( #2644, #1489, #67 ) ) REPRESENTATION_CONTEXT ( 'NONE', 'WORKASPACE' ) );
#621 = MANIFOLD_SOLID_BREP ( 'Boss-Extrude2[2]', #1106 ) ;
#622 = DIRECTION ( 'NONE',  ( -0.000000000000000000, -0.000000000000000000, -1.000000000000000000 ) ) ;
#623 =( NAMED_UNIT ( * ) SI_UNIT ( $, .STERADIAN. ) SOLID_ANGLE_UNIT ( ) );
#624 = DIRECTION ( 'NONE',  ( 1.000000000000000000, 0.000000000000000000, 0.000000000000000000 ) ) ;
#625 = CARTESIAN_POINT ( 'NONE',  ( 0.6300000000000000044, -0.05000000000000000971, 0.2500000000000002220 ) ) ;
#626 = EDGE_CURVE ( 'NONE', #482, #2766, #232, .T. ) ;
#627 = ORIENTED_EDGE ( 'NONE', *, *, #2160, .T. ) ;
#628 = DIRECTION ( 'NONE',  ( 0.000000000000000000, 0.000000000000000000, 1.000000000000000000 ) ) ;
#629 = CARTESIAN_POINT ( 'NONE',  ( 0.7000000000000000666, 0.5500000000000000444, -0.7000000000000002887 ) ) ;
#630 = ORIENTED_EDGE ( 'NONE', *, *, #1222, .T. ) ;
#631 = EDGE_LOOP ( 'NONE', ( #1072, #424, #2758, #2606 ) ) ;
#632 = ADVANCED_FACE ( 'NONE', ( #184 ), #2069, .F. ) ;
#633 = ORIENTED_EDGE ( 'NONE', *, *, #196, .F. ) ;
#634 = DIRECTION ( 'NONE',  ( 0.000000000000000000, 0.000000000000000000, 1.000000000000000000 ) ) ;
#635 = DIRECTION ( 'NONE',  ( 0.000000000000000000, -1.000000000000000000, 0.000000000000000000 ) ) ;
#636 = APPLICATION_PROTOCOL_DEFINITION ( 'draft international standard', 'automotive_design', 1998, #1989 ) ;
#637 = DIRECTION ( 'NONE',  ( -1.000000000000000000, -0.000000000000000000, -4.412546038538919268E-16 ) ) ;
#638 = EDGE_LOOP ( 'NONE', ( #2362, #2906, #2383, #2309 ) ) ;
#639 = CARTESIAN_POINT ( 'NONE',  ( 0.5000000000000000000, 0.1019999999999999934, 0.5749999999999999556 ) ) ;
#640 = CARTESIAN_POINT ( 'NONE',  ( -0.6249999999999998890, 0.000000000000000000, -0.5749999999999999556 ) ) ;
#641 = ORIENTED_EDGE ( 'NONE', *, *, #977, .F. ) ;
#642 = ORIENTED_EDGE ( 'NONE', *, *, #1995, .T. ) ;
#643 = CARTESIAN_POINT ( 'NONE',  ( -0.3750000000000001110, 0.1019999999999999934, 0.5749999999999999556 ) ) ;
#644 = ORIENTED_EDGE ( 'NONE', *, *, #1168, .F. ) ;
#645 = APPLICATION_CONTEXT ( 'automotive_design' ) ;
#646 = CARTESIAN_POINT ( 'NONE',  ( 0.7000000000000000666, 0.5200000000000000178, -0.7000000000000002887 ) ) ;
#647 = DIRECTION ( 'NONE',  ( -9.637352644315592778E-16, 0.000000000000000000, 1.000000000000000000 ) ) ;
#648 = ADVANCED_BREP_SHAPE_REPRESENTATION ( '', ( #595, #76 ), #769 ) ;
#649 = CARTESIAN_POINT ( 'NONE',  ( 0.6249999999999998890, 0.1019999999999999934, 0.8000000000000000444 ) ) ;
#650 = EDGE_CURVE ( 'NONE', #2036, #2747, #460, .T. ) ;
#651 = DIRECTION ( 'NONE',  ( -1.000000000000000000, 0.000000000000000000, 1.355252715606880543E-16 ) ) ;
#652 = ORIENTED_EDGE ( 'NONE', *, *, #1812, .T. ) ;
#653 = DIRECTION ( 'NONE',  ( 0.000000000000000000, 0.000000000000000000, -1.000000000000000000 ) ) ;
#654 = VECTOR ( 'NONE', #2930, 1000.000000000000000 ) ;
#655 = CARTESIAN_POINT ( 'NONE',  ( -0.6250000000000001110, 0.000000000000000000, -0.8000000000000000444 ) ) ;
#656 = AXIS2_PLACEMENT_3D ( 'NONE', #2282, #1364, #2769 ) ;
#657 = AXIS2_PLACEMENT_3D ( 'NONE', #2184, #2619, #1047 ) ;
#658 = ORIENTED_EDGE ( 'NONE', *, *, #2900, .F. ) ;
#659 = SHAPE_REPRESENTATION ( 'MIC94325YMT-TR_7', ( #76 ), #1020 ) ;
#660 = ORIENTED_EDGE ( 'NONE', *, *, #2267, .F. ) ;
#661 = CIRCLE ( 'NONE', #1061, 0.04000000000000010492 ) ;
#662 =( LENGTH_UNIT ( ) NAMED_UNIT ( * ) SI_UNIT ( .MILLI., .METRE. ) );
#663 = VECTOR ( 'NONE', #465, 1000.000000000000000 ) ;
#664 = EDGE_CURVE ( 'NONE', #486, #1714, #1179, .T. ) ;
#665 = VECTOR ( 'NONE', #187, 1000.000000000000000 ) ;
#666 = EDGE_LOOP ( 'NONE', ( #863, #174, #2280, #1782, #843, #85, #777, #1393, #3013, #1373, #912, #1464, #948, #2858, #328, #975 ) ) ;
#667 = PLANE ( 'NONE',  #1198 ) ;
#668 = AXIS2_PLACEMENT_3D ( 'NONE', #121, #546, #1235 ) ;
#669 = PRODUCT_DEFINITION_FORMATION_WITH_SPECIFIED_SOURCE ( 'ANY', '', #304, .NOT_KNOWN. ) ;
#670 =( NAMED_UNIT ( * ) PLANE_ANGLE_UNIT ( ) SI_UNIT ( $, .RADIAN. ) );
#671 = CONTEXT_DEPENDENT_SHAPE_REPRESENTATION ( #2029, #2128 ) ;
#672 = CARTESIAN_POINT ( 'NONE',  ( -0.6300000000000001155, 0.000000000000000000, 0.2500000000000001665 ) ) ;
#673 = EDGE_CURVE ( 'NONE', #1121, #2166, #1609, .T. ) ;
#674 = EDGE_LOOP ( 'NONE', ( #2502, #1177, #2969, #1406 ) ) ;
#675 = CARTESIAN_POINT ( 'NONE',  ( -0.7999999999999999334, 0.5500000000000000444, 0.000000000000000000 ) ) ;
#676 = CARTESIAN_POINT ( 'NONE',  ( -0.1250000000000001110, -0.05000000000000000278, 0.8000000000000000444 ) ) ;
#677 = ADVANCED_FACE ( 'NONE', ( #2086 ), #920, .F. ) ;
#678 = ORIENTED_EDGE ( 'NONE', *, *, #2723, .T. ) ;
#679 = ORIENTED_EDGE ( 'NONE', *, *, #1076, .T. ) ;
#680 = DIRECTION ( 'NONE',  ( 0.000000000000000000, -0.000000000000000000, 1.000000000000000000 ) ) ;
#681 = ORIENTED_EDGE ( 'NONE', *, *, #2706, .T. ) ;
#682 = FACE_OUTER_BOUND ( 'NONE', #939, .T. ) ;
#683 = SURFACE_STYLE_FILL_AREA ( #2994 ) ;
#684 = APPLICATION_PROTOCOL_DEFINITION ( 'draft international standard', 'automotive_design', 1998, #2866 ) ;
#685 = UNCERTAINTY_MEASURE_WITH_UNIT (LENGTH_MEASURE( 1.000000000000000082E-05 ), #477, 'distance_accuracy_value', 'NONE');
#686 = FACE_OUTER_BOUND ( 'NONE', #674, .T. ) ;
#687 = ORIENTED_EDGE ( 'NONE', *, *, #381, .T. ) ;
#688 = FACE_OUTER_BOUND ( 'NONE', #519, .T. ) ;
#689 = DIRECTION ( 'NONE',  ( 0.000000000000000000, 0.000000000000000000, 1.000000000000000000 ) ) ;
#690 = VERTEX_POINT ( 'NONE', #2407 ) ;
#691 = VERTEX_POINT ( 'NONE', #244 ) ;
#692 = EDGE_CURVE ( 'NONE', #182, #2077, #475, .T. ) ;
#693 = DIRECTION ( 'NONE',  ( 0.000000000000000000, -0.000000000000000000, -1.000000000000000000 ) ) ;
#694 = ORIENTED_EDGE ( 'NONE', *, *, #1329, .T. ) ;
#695 = FACE_OUTER_BOUND ( 'NONE', #2133, .T. ) ;
#696 =( LENGTH_UNIT ( ) NAMED_UNIT ( * ) SI_UNIT ( .MILLI., .METRE. ) );
#697 = DIRECTION ( 'NONE',  ( 0.000000000000000000, -1.000000000000000000, 0.000000000000000000 ) ) ;
#698 = EDGE_CURVE ( 'NONE', #540, #2941, #305, .T. ) ;
#699 = VERTEX_POINT ( 'NONE', #2883 ) ;
#700 = CARTESIAN_POINT ( 'NONE',  ( -0.5000000000000000000, 0.000000000000000000, 0.4500000000000001221 ) ) ;
#701 = DIRECTION ( 'NONE',  ( 1.000000000000000000, -0.000000000000000000, 0.000000000000000000 ) ) ;
#702 = ORIENTED_EDGE ( 'NONE', *, *, #128, .F. ) ;
#703 = CIRCLE ( 'NONE', #2425, 0.1000000000000000472 ) ;
#704 = ORIENTED_EDGE ( 'NONE', *, *, #1872, .T. ) ;
#705 = DIRECTION ( 'NONE',  ( -0.000000000000000000, -0.000000000000000000, -1.000000000000000000 ) ) ;
#706 = CIRCLE ( 'NONE', #1835, 0.1249999999999998890 ) ;
#707 = CLOSED_SHELL ( 'NONE', ( #2305, #167, #867, #571, #2314, #2932, #2434 ) ) ;
#708 = EDGE_CURVE ( 'NONE', #2295, #1767, #775, .T. ) ;
#709 = ORIENTED_EDGE ( 'NONE', *, *, #1821, .T. ) ;
#710 = PRESENTATION_LAYER_ASSIGNMENT (  '', '', ( #1643 ) ) ;
#711 = VECTOR ( 'NONE', #2999, 1000.000000000000000 ) ;
#712 = DIRECTION ( 'NONE',  ( 0.000000000000000000, 0.000000000000000000, 1.000000000000000000 ) ) ;
#713 = PLANE ( 'NONE',  #113 ) ;
#714 = AXIS2_PLACEMENT_3D ( 'NONE', #955, #974, #1202 ) ;
#715 = AXIS2_PLACEMENT_3D ( 'NONE', #276, #1208, #2150 ) ;
#716 = SURFACE_STYLE_FILL_AREA ( #3041 ) ;
#717 = AXIS2_PLACEMENT_3D ( 'NONE', #1418, #2350, #1180 ) ;
#718 = FACE_OUTER_BOUND ( 'NONE', #545, .T. ) ;
#719 = AXIS2_PLACEMENT_3D ( 'NONE', #773, #102, #2910 ) ;
#720 = EDGE_LOOP ( 'NONE', ( #1190, #1983, #239, #179, #972, #1597 ) ) ;
#721 = PLANE ( 'NONE',  #756 ) ;
#722 = CARTESIAN_POINT ( 'NONE',  ( -0.7999999999999999334, 0.000000000000000000, 0.7999999999999999334 ) ) ;
#723 = DIRECTION ( 'NONE',  ( 0.000000000000000000, -1.000000000000000000, 0.000000000000000000 ) ) ;
#724 = EDGE_CURVE ( 'NONE', #2268, #2284, #1485, .T. ) ;
#725 = ORIENTED_EDGE ( 'NONE', *, *, #895, .T. ) ;
#726 = ORIENTED_EDGE ( 'NONE', *, *, #2790, .F. ) ;
#727 = FACE_OUTER_BOUND ( 'NONE', #800, .T. ) ;
#728 = VERTEX_POINT ( 'NONE', #2639 ) ;
#729 = DIRECTION ( 'NONE',  ( 0.000000000000000000, 1.000000000000000000, 0.000000000000000000 ) ) ;
#730 = ADVANCED_FACE ( 'NONE', ( #2373 ), #2174, .F. ) ;
#731 = PRODUCT_DEFINITION_SHAPE ( 'NONE', 'NONE',  #1181 ) ;
#732 = DIRECTION ( 'NONE',  ( -0.000000000000000000, -0.000000000000000000, -1.000000000000000000 ) ) ;
#733 = EDGE_CURVE ( 'NONE', #1264, #486, #2195, .T. ) ;
#734 = DIRECTION ( 'NONE',  ( 0.000000000000000000, -0.000000000000000000, -1.000000000000000000 ) ) ;
#735 = VERTEX_POINT ( 'NONE', #2898 ) ;
#736 = LINE ( 'NONE', #553, #911 ) ;
#737 = LINE ( 'NONE', #2137, #17 ) ;
#738 = ORIENTED_EDGE ( 'NONE', *, *, #3007, .F. ) ;
#739 = EDGE_LOOP ( 'NONE', ( #999, #870, #425, #2563 ) ) ;
#740 = DIRECTION ( 'NONE',  ( 9.637352644315592778E-16, 0.000000000000000000, 1.000000000000000000 ) ) ;
#741 = VERTEX_POINT ( 'NONE', #1916 ) ;
#742 = CARTESIAN_POINT ( 'NONE',  ( 0.4071455115690412740, -0.05000000000000000971, 0.2500000000000002220 ) ) ;
#743 = DIRECTION ( 'NONE',  ( 1.000000000000000000, -0.000000000000000000, 0.000000000000000000 ) ) ;
#744 = CARTESIAN_POINT ( 'NONE',  ( -0.1249999999999998890, -0.05000000000000000971, -0.5749999999999999556 ) ) ;
#745 = ADVANCED_FACE ( 'NONE', ( #1657 ), #1711, .F. ) ;
#746 = ORIENTED_EDGE ( 'NONE', *, *, #698, .F. ) ;
#747 = DIRECTION ( 'NONE',  ( 0.000000000000000000, 0.000000000000000000, 1.000000000000000000 ) ) ;
#748 = FACE_OUTER_BOUND ( 'NONE', #1645, .T. ) ;
#749 = EDGE_LOOP ( 'NONE', ( #2256, #1921, #3014, #1098 ) ) ;
#750 = DIRECTION ( 'NONE',  ( -0.000000000000000000, -1.000000000000000000, -0.000000000000000000 ) ) ;
#751 = CARTESIAN_POINT ( 'NONE',  ( 0.000000000000000000, 0.000000000000000000, -0.8000000000000000444 ) ) ;
#752 = ORIENTED_EDGE ( 'NONE', *, *, #9, .T. ) ;
#753 = AXIS2_PLACEMENT_3D ( 'NONE', #211, #1634, #2576 ) ;
#754 = EDGE_CURVE ( 'NONE', #143, #159, #1649, .T. ) ;
#755 = VECTOR ( 'NONE', #2811, 1000.000000000000000 ) ;
#756 = AXIS2_PLACEMENT_3D ( 'NONE', #1825, #924, #653 ) ;
#757 = DIRECTION ( 'NONE',  ( 0.000000000000000000, 1.000000000000000000, -0.000000000000000000 ) ) ;
#758 = CIRCLE ( 'NONE', #610, 0.1249999999999998890 ) ;
#759 = ORIENTED_EDGE ( 'NONE', *, *, #438, .T. ) ;
#760 = VECTOR ( 'NONE', #604, 1000.000000000000000 ) ;
#761 = LINE ( 'NONE', #1507, #1742 ) ;
#762 = SHAPE_REPRESENTATION_RELATIONSHIP ( 'NONE' , 'NONE' ,  #978, #1642 ) ;
#763 = CARTESIAN_POINT ( 'NONE',  ( 0.000000000000000000, -0.05000000000000000971, -0.5749999999999999556 ) ) ;
#764 = ADVANCED_FACE ( 'NONE', ( #16 ), #2599, .F. ) ;
#765 = AXIS2_PLACEMENT_3D ( 'NONE', #1086, #1362, #1378 ) ;
#766 = EDGE_LOOP ( 'NONE', ( #594, #1973, #1965, #2108, #2695 ) ) ;
#767 = APPLICATION_CONTEXT ( 'automotive_design' ) ;
#768 = EDGE_LOOP ( 'NONE', ( #2060, #1688, #1573, #83 ) ) ;
#769 =( GEOMETRIC_REPRESENTATION_CONTEXT ( 3 ) GLOBAL_UNCERTAINTY_ASSIGNED_CONTEXT ( ( #2566 ) ) GLOBAL_UNIT_ASSIGNED_CONTEXT ( ( #2671, #573, #1765 ) ) REPRESENTATION_CONTEXT ( 'NONE', 'WORKASPACE' ) );
#770 = DIRECTION ( 'NONE',  ( -0.000000000000000000, 0.000000000000000000, 1.000000000000000000 ) ) ;
#771 = DIRECTION ( 'NONE',  ( -0.000000000000000000, 1.000000000000000000, -0.000000000000000000 ) ) ;
#772 = ORIENTED_EDGE ( 'NONE', *, *, #2540, .T. ) ;
#773 = CARTESIAN_POINT ( 'NONE',  ( 0.3750000000000001110, -0.05000000000000000971, -0.5749999999999999556 ) ) ;
#774 = DIRECTION ( 'NONE',  ( -0.000000000000000000, -1.000000000000000000, -0.000000000000000000 ) ) ;
#775 = LINE ( 'NONE', #1238, #1932 ) ;
#776 =( LENGTH_UNIT ( ) NAMED_UNIT ( * ) SI_UNIT ( .MILLI., .METRE. ) );
#777 = ORIENTED_EDGE ( 'NONE', *, *, #2288, .F. ) ;
#778 = PLANE ( 'NONE',  #556 ) ;
#779 = DIRECTION ( 'NONE',  ( -9.637352644315592778E-16, 0.000000000000000000, -1.000000000000000000 ) ) ;
#780 = EDGE_LOOP ( 'NONE', ( #1709, #453, #1865, #2726 ) ) ;
#781 = CARTESIAN_POINT ( 'NONE',  ( 0.6249999999999998890, -0.05000000000000000971, -0.8000000000000000444 ) ) ;
#782 = PRODUCT_RELATED_PRODUCT_CATEGORY ( 'part', '', ( #1493 ) ) ;
#783 = LINE ( 'NONE', #943, #907 ) ;
#784 = DIRECTION ( 'NONE',  ( -1.000000000000000000, -0.000000000000000000, -0.000000000000000000 ) ) ;
#785 = ORIENTED_EDGE ( 'NONE', *, *, #1371, .T. ) ;
#786 = EDGE_CURVE ( 'NONE', #2766, #566, #1903, .T. ) ;
#787 = LINE ( 'NONE', #1482, #1606 ) ;
#788 = DIRECTION ( 'NONE',  ( -0.000000000000000000, 1.000000000000000000, -0.000000000000000000 ) ) ;
#789 = DIRECTION ( 'NONE',  ( 0.000000000000000000, 0.000000000000000000, 1.000000000000000000 ) ) ;
#790 = PLANE ( 'NONE',  #966 ) ;
#791 = VERTEX_POINT ( 'NONE', #1669 ) ;
#792 = FACE_OUTER_BOUND ( 'NONE', #2354, .T. ) ;
#793 = DIRECTION ( 'NONE',  ( 1.000000000000000000, 0.000000000000000000, 0.000000000000000000 ) ) ;
#794 = DIRECTION ( 'NONE',  ( -0.000000000000000000, 1.000000000000000000, -0.000000000000000000 ) ) ;
#795 = ADVANCED_FACE ( 'NONE', ( #2611 ), #1439, .T. ) ;
#796 = ORIENTED_EDGE ( 'NONE', *, *, #457, .T. ) ;
#797 = VERTEX_POINT ( 'NONE', #35 ) ;
#798 = CARTESIAN_POINT ( 'NONE',  ( 0.6300000000000000044, 0.1019999999999999934, -0.2499999999999998335 ) ) ;
#799 = CARTESIAN_POINT ( 'NONE',  ( 0.3749999999999998890, -0.05000000000000000971, -0.8000000000000000444 ) ) ;
#800 = EDGE_LOOP ( 'NONE', ( #1114, #1426, #94, #2351 ) ) ;
#801 = LINE ( 'NONE', #1771, #919 ) ;
#802 = CARTESIAN_POINT ( 'NONE',  ( -0.1249999999999998890, -0.05000000000000000971, -0.5749999999999999556 ) ) ;
#803 = EDGE_CURVE ( 'NONE', #192, #1292, #1471, .T. ) ;
#804 = AXIS2_PLACEMENT_3D ( 'NONE', #3006, #2319, #634 ) ;
#805 = LINE ( 'NONE', #2026, #1253 ) ;
#806 = CARTESIAN_POINT ( 'NONE',  ( -0.3750000000000001110, 0.000000000000000000, 0.000000000000000000 ) ) ;
#807 = VECTOR ( 'NONE', #2730, 1000.000000000000000 ) ;
#808 = VERTEX_POINT ( 'NONE', #2848 ) ;
#809 = FACE_OUTER_BOUND ( 'NONE', #1182, .T. ) ;
#810 = CARTESIAN_POINT ( 'NONE',  ( 0.000000000000000000, 0.000000000000000000, 0.000000000000000000 ) ) ;
#811 = AXIS2_PLACEMENT_3D ( 'NONE', #1923, #2857, #518 ) ;
#812 = VECTOR ( 'NONE', #2794, 1000.000000000000000 ) ;
#813 = CARTESIAN_POINT ( 'NONE',  ( 0.3750000000000001110, -0.05000000000000000971, -0.5749999999999999556 ) ) ;
#814 = CIRCLE ( 'NONE', #616, 0.1249999999999998890 ) ;
#815 = VERTEX_POINT ( 'NONE', #1680 ) ;
#816 = LINE ( 'NONE', #1779, #1156 ) ;
#817 = LINE ( 'NONE', #55, #1935 ) ;
#818 = EDGE_CURVE ( 'NONE', #2031, #1617, #2623, .T. ) ;
#819 = AXIS2_PLACEMENT_3D ( 'NONE', #2689, #1009, #2933 ) ;
#820 = FACE_OUTER_BOUND ( 'NONE', #1979, .T. ) ;
#821 = VECTOR ( 'NONE', #1273, 1000.000000000000000 ) ;
#822 = ORIENTED_EDGE ( 'NONE', *, *, #724, .F. ) ;
#823 = DIRECTION ( 'NONE',  ( -0.000000000000000000, -1.000000000000000000, -0.000000000000000000 ) ) ;
#824 = DIRECTION ( 'NONE',  ( 0.000000000000000000, -0.000000000000000000, -1.000000000000000000 ) ) ;
#825 = LINE ( 'NONE', #2243, #2037 ) ;
#826 = FACE_BOUND ( 'NONE', #2067, .T. ) ;
#827 = LINE ( 'NONE', #1078, #2821 ) ;
#828 = EDGE_CURVE ( 'NONE', #1461, #1630, #2577, .T. ) ;
#829 = CARTESIAN_POINT ( 'NONE',  ( 0.3071455115690412407, 0.1019999999999999934, -0.2499999999999998890 ) ) ;
#830 = ORIENTED_EDGE ( 'NONE', *, *, #2445, .T. ) ;
#831 = CARTESIAN_POINT ( 'NONE',  ( 0.3749999999999998890, 0.5500000000000000444, 0.7999999999999998224 ) ) ;
#832 = PRODUCT_DEFINITION_SHAPE ( 'NONE', 'NONE',  #3050 ) ;
#833 = DIRECTION ( 'NONE',  ( 9.637352644315592778E-16, -0.000000000000000000, -1.000000000000000000 ) ) ;
#834 = ORIENTED_EDGE ( 'NONE', *, *, #1476, .T. ) ;
#835 = CARTESIAN_POINT ( 'NONE',  ( 0.3749999999999998890, 0.1019999999999999796, -0.8000000000000001554 ) ) ;
#836 = SURFACE_STYLE_USAGE ( .BOTH. , #1074 ) ;
#837 = EDGE_CURVE ( 'NONE', #808, #264, #703, .T. ) ;
#838 = CARTESIAN_POINT ( 'NONE',  ( 0.000000000000000000, 0.1019999999999999934, -0.5749999999999999556 ) ) ;
#839 = CARTESIAN_POINT ( 'NONE',  ( -0.5000000000000000000, -0.05000000000000000971, -0.5749999999999999556 ) ) ;
#840 = CARTESIAN_POINT ( 'NONE',  ( 0.6300000000000000044, 0.1019999999999999934, 0.2500000000000002220 ) ) ;
#841 = CARTESIAN_POINT ( 'NONE',  ( 0.000000000000000000, 0.000000000000000000, 0.000000000000000000 ) ) ;
#842 = CARTESIAN_POINT ( 'NONE',  ( 0.6249999999999998890, 0.000000000000000000, 0.5749999999999999556 ) ) ;
#843 = ORIENTED_EDGE ( 'NONE', *, *, #1495, .F. ) ;
#844 = CARTESIAN_POINT ( 'NONE',  ( -0.5000000000000000000, -0.05000000000000000971, -0.4500000000000001221 ) ) ;
#845 = LINE ( 'NONE', #99, #117 ) ;
#846 = EDGE_LOOP ( 'NONE', ( #772, #536, #2809, #1581 ) ) ;
#847 = CYLINDRICAL_SURFACE ( 'NONE', #2879, 0.1000000000000000749 ) ;
#848 = PLANE ( 'NONE',  #1940 ) ;
#849 = DIRECTION ( 'NONE',  ( 0.000000000000000000, -1.000000000000000000, 0.000000000000000000 ) ) ;
#850 = EDGE_CURVE ( 'NONE', #2744, #1747, #2815, .T. ) ;
#851 = LINE ( 'NONE', #1788, #2246 ) ;
#852 = VECTOR ( 'NONE', #979, 1000.000000000000000 ) ;
#853 = VECTOR ( 'NONE', #1220, 1000.000000000000000 ) ;
#854 = FACE_OUTER_BOUND ( 'NONE', #278, .T. ) ;
#855 = ORIENTED_EDGE ( 'NONE', *, *, #1775, .T. ) ;
#856 = COLOUR_RGB ( '',1.000000000000000000, 1.000000000000000000, 1.000000000000000000 ) ;
#857 = MECHANICAL_DESIGN_GEOMETRIC_PRESENTATION_REPRESENTATION (  '', ( #1790 ), #3021 ) ;
#858 = CARTESIAN_POINT ( 'NONE',  ( 0.3071455115690412407, 0.1019999999999999934, -0.2499999999999998890 ) ) ;
#859 = PRODUCT_DEFINITION ( 'UNKNOWN', '', #516, #1370 ) ;
#860 = PLANE ( 'NONE',  #914 ) ;
#861 = AXIS2_PLACEMENT_3D ( 'NONE', #366, #116, #1068 ) ;
#862 = AXIS2_PLACEMENT_3D ( 'NONE', #1856, #1008, #534 ) ;
#863 = ORIENTED_EDGE ( 'NONE', *, *, #1084, .F. ) ;
#864 = ORIENTED_EDGE ( 'NONE', *, *, #850, .T. ) ;
#865 = CARTESIAN_POINT ( 'NONE',  ( 0.000000000000000000, 0.000000000000000000, -0.8000000000000000444 ) ) ;
#866 = VECTOR ( 'NONE', #1353, 1000.000000000000000 ) ;
#867 = ADVANCED_FACE ( 'NONE', ( #2224 ), #1533, .T. ) ;
#868 = CARTESIAN_POINT ( 'NONE',  ( -0.1250000000000001110, 0.000000000000000000, 0.8000000000000000444 ) ) ;
#869 = VECTOR ( 'NONE', #2455, 1000.000000000000000 ) ;
#870 = ORIENTED_EDGE ( 'NONE', *, *, #1713, .F. ) ;
#871 = DIRECTION ( 'NONE',  ( -0.000000000000000000, -1.000000000000000000, -0.000000000000000000 ) ) ;
#872 = AXIS2_PLACEMENT_3D ( 'NONE', #1561, #1716, #140 ) ;
#873 = CYLINDRICAL_SURFACE ( 'NONE', #268, 0.1249999999999998890 ) ;
#874 = PRODUCT_CONTEXT ( 'NONE', #1886, 'mechanical' ) ;
#875 = DIRECTION ( 'NONE',  ( 0.000000000000000000, 1.000000000000000000, 0.000000000000000000 ) ) ;
#876 = EDGE_CURVE ( 'NONE', #2512, #1813, #2667, .T. ) ;
#877 = EDGE_LOOP ( 'NONE', ( #1512, #100, #2018, #2370, #439 ) ) ;
#878 = PLANE ( 'NONE',  #1644 ) ;
#879 = LINE ( 'NONE', #1815, #2044 ) ;
#880 = EDGE_LOOP ( 'NONE', ( #642, #2756, #368, #746, #1702, #2171, #917, #316, #2963, #2213, #2118, #660, #2812, #120, #2145, #32, #2650, #1477, #1663, #1229, #896, #1894, #286, #282, #2682, #942, #1481, #1134, #250, #652, #2632 ) ) ;
#881 = DIRECTION ( 'NONE',  ( 0.000000000000000000, 0.000000000000000000, 1.000000000000000000 ) ) ;
#882 = DIRECTION ( 'NONE',  ( -1.000000000000000000, 0.000000000000000000, 0.000000000000000000 ) ) ;
#883 = EDGE_CURVE ( 'NONE', #2593, #1970, #805, .T. ) ;
#884 = ORIENTED_EDGE ( 'NONE', *, *, #505, .F. ) ;
#885 = PLANE ( 'NONE',  #804 ) ;
#886 = LINE ( 'NONE', #388, #1654 ) ;
#887 = APPLICATION_CONTEXT ( 'automotive_design' ) ;
#888 = SURFACE_STYLE_USAGE ( .BOTH. , #2332 ) ;
#889 = ITEM_DEFINED_TRANSFORMATION ( 'NONE', 'NONE', #970,  #76 ) ;
#890 = LINE ( 'NONE', #1841, #2686 ) ;
#891 = VERTEX_POINT ( 'NONE', #549 ) ;
#892 = LINE ( 'NONE', #2310, #263 ) ;
#893 = LINE ( 'NONE', #2476, #853 ) ;
#894 = DIRECTION ( 'NONE',  ( 0.000000000000000000, 1.000000000000000000, 0.000000000000000000 ) ) ;
#895 = EDGE_CURVE ( 'NONE', #2312, #3019, #308, .T. ) ;
#896 = ORIENTED_EDGE ( 'NONE', *, *, #1791, .F. ) ;
#897 = ORIENTED_EDGE ( 'NONE', *, *, #1756, .T. ) ;
#898 =( NAMED_UNIT ( * ) SI_UNIT ( $, .STERADIAN. ) SOLID_ANGLE_UNIT ( ) );
#899 = ORIENTED_EDGE ( 'NONE', *, *, #991, .T. ) ;
#900 = EDGE_CURVE ( 'NONE', #2918, #192, #1547, .T. ) ;
#901 = CARTESIAN_POINT ( 'NONE',  ( 0.1249999999999998890, 0.1019999999999999934, 0.5749999999999999556 ) ) ;
#902 = APPLICATION_PROTOCOL_DEFINITION ( 'draft international standard', 'automotive_design', 1998, #767 ) ;
#903 = ADVANCED_FACE ( 'NONE', ( #2714 ), #583, .F. ) ;
#904 = DIRECTION ( 'NONE',  ( 0.000000000000000000, -0.000000000000000000, -1.000000000000000000 ) ) ;
#905 = ORIENTED_EDGE ( 'NONE', *, *, #2179, .T. ) ;
#906 = DIRECTION ( 'NONE',  ( -0.000000000000000000, -1.000000000000000000, -0.000000000000000000 ) ) ;
#907 = VECTOR ( 'NONE', #1986, 1000.000000000000000 ) ;
#908 = CIRCLE ( 'NONE', #1298, 0.1249999999999998890 ) ;
#909 = CARTESIAN_POINT ( 'NONE',  ( 0.3749999999999998890, 0.000000000000000000, 0.8000000000000000444 ) ) ;
#910 = AXIS2_PLACEMENT_3D ( 'NONE', #1976, #788, #1270 ) ;
#911 = VECTOR ( 'NONE', #1488, 1000.000000000000000 ) ;
#912 = ORIENTED_EDGE ( 'NONE', *, *, #495, .F. ) ;
#913 = VERTEX_POINT ( 'NONE', #1787 ) ;
#914 = AXIS2_PLACEMENT_3D ( 'NONE', #3012, #1389, #2742 ) ;
#915 = AXIS2_PLACEMENT_3D ( 'NONE', #52, #1766, #2888 ) ;
#916 = EDGE_CURVE ( 'NONE', #1714, #1436, #386, .T. ) ;
#917 = ORIENTED_EDGE ( 'NONE', *, *, #148, .T. ) ;
#918 = DIRECTION ( 'NONE',  ( -0.000000000000000000, 1.000000000000000000, -0.000000000000000000 ) ) ;
#919 = VECTOR ( 'NONE', #2470, 1000.000000000000000 ) ;
#920 = CYLINDRICAL_SURFACE ( 'NONE', #862, 0.1249999999999998890 ) ;
#921 = APPLICATION_PROTOCOL_DEFINITION ( 'draft international standard', 'automotive_design', 1998, #563 ) ;
#922 = EDGE_CURVE ( 'NONE', #2991, #1204, #551, .T. ) ;
#923 = ORIENTED_EDGE ( 'NONE', *, *, #1929, .F. ) ;
#924 = DIRECTION ( 'NONE',  ( 1.000000000000000000, 0.000000000000000000, 0.000000000000000000 ) ) ;
#925 = LINE ( 'NONE', #2153, #2142 ) ;
#926 = ORIENTED_EDGE ( 'NONE', *, *, #80, .F. ) ;
#927 = ORIENTED_EDGE ( 'NONE', *, *, #2738, .T. ) ;
#928 =( REPRESENTATION_RELATIONSHIP ('NONE','NONE', #2473, #1805 ) REPRESENTATION_RELATIONSHIP_WITH_TRANSFORMATION ( #2290 )SHAPE_REPRESENTATION_RELATIONSHIP( ) );
#929 = ORIENTED_EDGE ( 'NONE', *, *, #1258, .F. ) ;
#930 = FACE_OUTER_BOUND ( 'NONE', #720, .T. ) ;
#931 = ADVANCED_FACE ( 'NONE', ( #1727 ), #1503, .T. ) ;
#932 = PRODUCT_CONTEXT ( 'NONE', #2147, 'mechanical' ) ;
#933 = UNCERTAINTY_MEASURE_WITH_UNIT (LENGTH_MEASURE( 1.000000000000000082E-05 ), #1586, 'distance_accuracy_value', 'NONE');
#934 = CARTESIAN_POINT ( 'NONE',  ( 0.000000000000000000, -0.05000000000000000971, -0.5749999999999999556 ) ) ;
#935 = VERTEX_POINT ( 'NONE', #1299 ) ;
#936 = DIRECTION ( 'NONE',  ( 0.000000000000000000, 1.000000000000000000, -0.000000000000000000 ) ) ;
#937 = CARTESIAN_POINT ( 'NONE',  ( 0.1249999999999998890, -0.05000000000000000971, -0.5749999999999999556 ) ) ;
#938 = EDGE_CURVE ( 'NONE', #1473, #1617, #327, .T. ) ;
#939 = EDGE_LOOP ( 'NONE', ( #2727, #2618, #855, #1667 ) ) ;
#940 = ORIENTED_EDGE ( 'NONE', *, *, #2861, .T. ) ;
#941 = CARTESIAN_POINT ( 'NONE',  ( 0.7000000000000000666, 0.5200000000000000178, -0.6500000000000002442 ) ) ;
#942 = ORIENTED_EDGE ( 'NONE', *, *, #2457, .T. ) ;
#943 = CARTESIAN_POINT ( 'NONE',  ( -0.1250000000000001110, 0.1019999999999999934, -0.5749999999999999556 ) ) ;
#944 = CYLINDRICAL_SURFACE ( 'NONE', #209, 0.1249999999999998890 ) ;
#945 = EDGE_CURVE ( 'NONE', #2158, #1662, #138, .T. ) ;
#946 = SURFACE_STYLE_USAGE ( .BOTH. , #2818 ) ;
#947 = PRODUCT_DEFINITION_SHAPE ( 'NONE', 'NONE',  #1413 ) ;
#948 = ORIENTED_EDGE ( 'NONE', *, *, #123, .F. ) ;
#949 = FACE_OUTER_BOUND ( 'NONE', #1170, .T. ) ;
#950 = DIRECTION ( 'NONE',  ( 0.000000000000000000, 0.000000000000000000, -1.000000000000000000 ) ) ;
#951 = ORIENTED_EDGE ( 'NONE', *, *, #2760, .T. ) ;
#952 = AXIS2_PLACEMENT_3D ( 'NONE', #1937, #770, #1266 ) ;
#953 = ORIENTED_EDGE ( 'NONE', *, *, #485, .F. ) ;
#954 = PRODUCT_RELATED_PRODUCT_CATEGORY ( 'part', '', ( #252 ) ) ;
#955 = CARTESIAN_POINT ( 'NONE',  ( -0.5000000000000000000, 0.1019999999999999934, 0.5749999999999999556 ) ) ;
#956 = ORIENTED_EDGE ( 'NONE', *, *, #2884, .T. ) ;
#957 = EDGE_CURVE ( 'NONE', #8, #2707, #825, .T. ) ;
#958 = VECTOR ( 'NONE', #1804, 1000.000000000000000 ) ;
#959 = AXIS2_PLACEMENT_3D ( 'NONE', #2657, #1684, #747 ) ;
#960 = DIRECTION ( 'NONE',  ( 0.000000000000000000, 0.000000000000000000, -1.000000000000000000 ) ) ;
#961 = AXIS2_PLACEMENT_3D ( 'NONE', #1722, #1755, #2431 ) ;
#962 = DIRECTION ( 'NONE',  ( 0.000000000000000000, 0.000000000000000000, 1.000000000000000000 ) ) ;
#963 = PRODUCT_DEFINITION_CONTEXT ( 'detailed design', #2866, 'design' ) ;
#964 = CIRCLE ( 'NONE', #2877, 0.1000000000000000749 ) ;
#965 = FACE_OUTER_BOUND ( 'NONE', #1212, .T. ) ;
#966 = AXIS2_PLACEMENT_3D ( 'NONE', #307, #2914, #105 ) ;
#967 = VERTEX_POINT ( 'NONE', #2210 ) ;
#968 = LINE ( 'NONE', #1931, #69 ) ;
#969 =( NAMED_UNIT ( * ) PLANE_ANGLE_UNIT ( ) SI_UNIT ( $, .RADIAN. ) );
#970 = AXIS2_PLACEMENT_3D ( 'NONE', #1287, #2214, #2248 ) ;
#971 = CARTESIAN_POINT ( 'NONE',  ( -0.1250000000000001110, 0.1019999999999999796, 0.7999999999999999334 ) ) ;
#972 = ORIENTED_EDGE ( 'NONE', *, *, #754, .F. ) ;
#973 = ORIENTED_EDGE ( 'NONE', *, *, #64, .T. ) ;
#974 = DIRECTION ( 'NONE',  ( -0.000000000000000000, -1.000000000000000000, -0.000000000000000000 ) ) ;
#975 = ORIENTED_EDGE ( 'NONE', *, *, #1219, .T. ) ;
#976 = LINE ( 'NONE', #1915, #1992 ) ;
#977 = EDGE_CURVE ( 'NONE', #3002, #2842, #1786, .T. ) ;
#978 = SHAPE_REPRESENTATION ( 'MIC94325YMT-TR_5', ( #76 ), #2251 ) ;
#979 = DIRECTION ( 'NONE',  ( -0.000000000000000000, 1.000000000000000000, -0.000000000000000000 ) ) ;
#980 = ORIENTED_EDGE ( 'NONE', *, *, #1307, .T. ) ;
#981 = DIRECTION ( 'NONE',  ( 0.000000000000000000, 1.000000000000000000, 0.000000000000000000 ) ) ;
#982 = CARTESIAN_POINT ( 'NONE',  ( 0.6300000000000000044, 0.1019999999999999934, 0.2500000000000002220 ) ) ;
#983 = EDGE_LOOP ( 'NONE', ( #687, #2542, #86, #926 ) ) ;
#984 = ORIENTED_EDGE ( 'NONE', *, *, #48, .T. ) ;
#985 = EDGE_CURVE ( 'NONE', #2313, #1204, #2725, .T. ) ;
#986 = DIRECTION ( 'NONE',  ( 0.000000000000000000, -1.000000000000000000, 0.000000000000000000 ) ) ;
#987 = ADVANCED_BREP_SHAPE_REPRESENTATION ( '', ( #621, #76 ), #2391 ) ;
#988 = ORIENTED_EDGE ( 'NONE', *, *, #2530, .T. ) ;
#989 = LINE ( 'NONE', #1236, #257 ) ;
#990 = CARTESIAN_POINT ( 'NONE',  ( 0.4071455115690412740, 0.000000000000000000, -0.2499999999999998890 ) ) ;
#991 = EDGE_CURVE ( 'NONE', #378, #2839, #339, .T. ) ;
#992 = UNCERTAINTY_MEASURE_WITH_UNIT (LENGTH_MEASURE( 1.000000000000000082E-05 ), #2644, 'distance_accuracy_value', 'NONE');
#993 = DIRECTION ( 'NONE',  ( 0.000000000000000000, -0.000000000000000000, 1.000000000000000000 ) ) ;
#994 = ORIENTED_EDGE ( 'NONE', *, *, #1035, .T. ) ;
#995 = FILL_AREA_STYLE_COLOUR ( '', #1842 ) ;
#996 = EDGE_CURVE ( 'NONE', #735, #2078, #1760, .T. ) ;
#997 = CARTESIAN_POINT ( 'NONE',  ( 0.6300000000000000044, 0.1019999999999999934, 0.2500000000000002220 ) ) ;
#998 = ORIENTED_EDGE ( 'NONE', *, *, #1876, .T. ) ;
#999 = ORIENTED_EDGE ( 'NONE', *, *, #196, .T. ) ;
#1000 = CARTESIAN_POINT ( 'NONE',  ( -0.7999999999999999334, 0.5500000000000000444, 0.7999999999999999334 ) ) ;
#1001 = LINE ( 'NONE', #470, #606 ) ;
#1002 = PRESENTATION_LAYER_ASSIGNMENT (  '', '', ( #2242 ) ) ;
#1003 = ORIENTED_EDGE ( 'NONE', *, *, #2025, .T. ) ;
#1004 = LINE ( 'NONE', #2652, #1511 ) ;
#1005 = AXIS2_PLACEMENT_3D ( 'NONE', #98, #2677, #1734 ) ;
#1006 = AXIS2_PLACEMENT_3D ( 'NONE', #2127, #2405, #275 ) ;
#1007 = VECTOR ( 'NONE', #190, 1000.000000000000000 ) ;
#1008 = DIRECTION ( 'NONE',  ( -0.000000000000000000, -1.000000000000000000, -0.000000000000000000 ) ) ;
#1009 = DIRECTION ( 'NONE',  ( -0.000000000000000000, 1.000000000000000000, 0.000000000000000000 ) ) ;
#1010 = COLOUR_RGB ( '',0.2509803921568627416, 0.2509803921568627416, 0.2509803921568627416 ) ;
#1011 = EDGE_CURVE ( 'NONE', #2336, #1934, #2374, .T. ) ;
#1012 = ORIENTED_EDGE ( 'NONE', *, *, #111, .F. ) ;
#1013 = VECTOR ( 'NONE', #651, 1000.000000000000000 ) ;
#1014 = CARTESIAN_POINT ( 'NONE',  ( 0.6300000000000000044, 0.1019999999999999934, -0.2499999999999998335 ) ) ;
#1015 = CARTESIAN_POINT ( 'NONE',  ( -0.5000000000000000000, -0.05000000000000000971, -0.5749999999999999556 ) ) ;
#1016 = CIRCLE ( 'NONE', #765, 0.1249999999999998890 ) ;
#1017 = ADVANCED_FACE ( 'NONE', ( #930 ), #183, .T. ) ;
#1018 = EDGE_LOOP ( 'NONE', ( #1843, #1574, #1446, #2198 ) ) ;
#1019 = LINE ( 'NONE', #1265, #2379 ) ;
#1020 =( GEOMETRIC_REPRESENTATION_CONTEXT ( 3 ) GLOBAL_UNCERTAINTY_ASSIGNED_CONTEXT ( ( #489 ) ) GLOBAL_UNIT_ASSIGNED_CONTEXT ( ( #2135, #2616, #294 ) ) REPRESENTATION_CONTEXT ( 'NONE', 'WORKASPACE' ) );
#1021 = DIRECTION ( 'NONE',  ( -0.000000000000000000, 0.000000000000000000, -1.000000000000000000 ) ) ;
#1022 = CARTESIAN_POINT ( 'NONE',  ( 0.7000000000000000666, 0.5200000000000000178, -0.7000000000000002887 ) ) ;
#1023 = ORIENTED_EDGE ( 'NONE', *, *, #259, .T. ) ;
#1024 = CARTESIAN_POINT ( 'NONE',  ( 0.3750000000000000555, 0.1019999999999999934, -0.8000000000000000444 ) ) ;
#1025 = DIRECTION ( 'NONE',  ( 0.000000000000000000, -1.000000000000000000, 0.000000000000000000 ) ) ;
#1026 = CARTESIAN_POINT ( 'NONE',  ( -0.1250000000000001110, 0.1019999999999999934, 0.8000000000000000444 ) ) ;
#1027 = EDGE_CURVE ( 'NONE', #2312, #690, #1382, .T. ) ;
#1028 = CARTESIAN_POINT ( 'NONE',  ( 0.7000000000000000666, 0.5500000000000000444, -0.7500000000000003331 ) ) ;
#1029 = ORIENTED_EDGE ( 'NONE', *, *, #3027, .T. ) ;
#1030 = CARTESIAN_POINT ( 'NONE',  ( -0.3750000000000001110, 0.1019999999999999934, 0.5749999999999999556 ) ) ;
#1031 = CARTESIAN_POINT ( 'NONE',  ( -0.6250000000000001110, -0.05000000000000000278, -0.8000000000000000444 ) ) ;
#1032 = ORIENTED_EDGE ( 'NONE', *, *, #1011, .F. ) ;
#1033 = VERTEX_POINT ( 'NONE', #2055 ) ;
#1034 = CARTESIAN_POINT ( 'NONE',  ( 0.000000000000000000, 0.000000000000000000, -0.8000000000000000444 ) ) ;
#1035 = EDGE_CURVE ( 'NONE', #119, #1341, #1869, .T. ) ;
#1036 = DIRECTION ( 'NONE',  ( 0.000000000000000000, 1.000000000000000000, 0.000000000000000000 ) ) ;
#1037 = ORIENTED_EDGE ( 'NONE', *, *, #876, .T. ) ;
#1038 = CARTESIAN_POINT ( 'NONE',  ( -0.6249999999999998890, -0.05000000000000000971, -0.5749999999999999556 ) ) ;
#1039 = CARTESIAN_POINT ( 'NONE',  ( -0.3750000000000001110, 0.1019999999999999934, 0.8000000000000000444 ) ) ;
#1040 = CARTESIAN_POINT ( 'NONE',  ( 0.5000000000000000000, -0.05000000000000000971, -0.5749999999999999556 ) ) ;
#1041 = CARTESIAN_POINT ( 'NONE',  ( 0.1249999999999998890, 0.1019999999999999934, -0.5749999999999999556 ) ) ;
#1042 = ADVANCED_FACE ( 'NONE', ( #1164 ), #885, .F. ) ;
#1043 = EDGE_LOOP ( 'NONE', ( #2345, #1955, #1245, #437 ) ) ;
#1044 = CARTESIAN_POINT ( 'NONE',  ( 0.5000000000000000000, -0.05000000000000000971, -0.5749999999999999556 ) ) ;
#1045 = APPLICATION_CONTEXT ( 'automotive_design' ) ;
#1046 = ORIENTED_EDGE ( 'NONE', *, *, #1781, .T. ) ;
#1047 = DIRECTION ( 'NONE',  ( 0.000000000000000000, 0.000000000000000000, 1.000000000000000000 ) ) ;
#1048 = DIRECTION ( 'NONE',  ( -0.000000000000000000, -1.000000000000000000, -0.000000000000000000 ) ) ;
#1049 = CARTESIAN_POINT ( 'NONE',  ( 0.6249999999999998890, 0.1019999999999999934, -0.5749999999999999556 ) ) ;
#1050 = EDGE_LOOP ( 'NONE', ( #50, #523, #953, #204 ) ) ;
#1051 = PLANE ( 'NONE',  #1751 ) ;
#1052 = CARTESIAN_POINT ( 'NONE',  ( 0.3750000000000001110, 0.1019999999999999934, -0.5749999999999999556 ) ) ;
#1053 = AXIS2_PLACEMENT_3D ( 'NONE', #428, #1347, #1855 ) ;
#1054 = VECTOR ( 'NONE', #42, 1000.000000000000000 ) ;
#1055 = DIRECTION ( 'NONE',  ( -0.000000000000000000, 1.000000000000000000, -0.000000000000000000 ) ) ;
#1056 = CARTESIAN_POINT ( 'NONE',  ( 0.8000000000000001554, 0.1019999999999999796, -0.8000000000000003775 ) ) ;
#1057 = VECTOR ( 'NONE', #705, 1000.000000000000000 ) ;
#1058 = VECTOR ( 'NONE', #750, 1000.000000000000000 ) ;
#1059 = PLANE ( 'NONE',  #2973 ) ;
#1060 =( NAMED_UNIT ( * ) SI_UNIT ( $, .STERADIAN. ) SOLID_ANGLE_UNIT ( ) );
#1061 = AXIS2_PLACEMENT_3D ( 'NONE', #1022, #1036, #2007 ) ;
#1062 = VECTOR ( 'NONE', #2119, 1000.000000000000000 ) ;
#1063 = FACE_OUTER_BOUND ( 'NONE', #880, .T. ) ;
#1064 = MECHANICAL_DESIGN_GEOMETRIC_PRESENTATION_REPRESENTATION (  '', ( #25 ), #1848 ) ;
#1065 = VERTEX_POINT ( 'NONE', #198 ) ;
#1066 = CARTESIAN_POINT ( 'NONE',  ( -0.6250000000000001110, -0.05000000000000000971, -0.8000000000000000444 ) ) ;
#1067 = VECTOR ( 'NONE', #2212, 1000.000000000000000 ) ;
#1068 = DIRECTION ( 'NONE',  ( 0.000000000000000000, 0.000000000000000000, -1.000000000000000000 ) ) ;
#1069 = ADVANCED_FACE ( 'NONE', ( #682 ), #1576, .F. ) ;
#1070 = ORIENTED_EDGE ( 'NONE', *, *, #2522, .T. ) ;
#1071 = AXIS2_PLACEMENT_3D ( 'NONE', #841, #1322, #2693 ) ;
#1072 = ORIENTED_EDGE ( 'NONE', *, *, #957, .F. ) ;
#1073 = DIRECTION ( 'NONE',  ( 1.000000000000000000, -0.000000000000000000, 1.156919772971274837E-16 ) ) ;
#1074 = SURFACE_SIDE_STYLE ('',( #1295 ) ) ;
#1075 = CARTESIAN_POINT ( 'NONE',  ( 0.7000000000000000666, 0.5300000000000001377, -0.7000000000000002887 ) ) ;
#1076 = EDGE_CURVE ( 'NONE', #2710, #1828, #12, .T. ) ;
#1077 = PLANE ( 'NONE',  #321 ) ;
#1078 = CARTESIAN_POINT ( 'NONE',  ( 0.1249999999999998890, -0.05000000000000000971, 0.5749999999999999556 ) ) ;
#1079 = LINE ( 'NONE', #2983, #3028 ) ;
#1080 = VERTEX_POINT ( 'NONE', #2564 ) ;
#1081 = DIRECTION ( 'NONE',  ( 0.000000000000000000, -1.000000000000000000, 0.000000000000000000 ) ) ;
#1082 = CARTESIAN_POINT ( 'NONE',  ( 0.5000000000000000000, -0.05000000000000000971, -0.5749999999999999556 ) ) ;
#1083 = ORIENTED_EDGE ( 'NONE', *, *, #1509, .T. ) ;
#1084 = EDGE_CURVE ( 'NONE', #383, #2550, #2773, .T. ) ;
#1085 = ORIENTED_EDGE ( 'NONE', *, *, #2553, .T. ) ;
#1086 = CARTESIAN_POINT ( 'NONE',  ( -0.5000000000000000000, 0.1019999999999999934, -0.5749999999999999556 ) ) ;
#1087 = LINE ( 'NONE', #1726, #807 ) ;
#1088 = DIRECTION ( 'NONE',  ( 0.000000000000000000, -1.000000000000000000, 0.000000000000000000 ) ) ;
#1089 = DIRECTION ( 'NONE',  ( 0.000000000000000000, -1.000000000000000000, 0.000000000000000000 ) ) ;
#1090 = PRODUCT_DEFINITION ( 'UNKNOWN', '', #2547, #2803 ) ;
#1091 = FACE_OUTER_BOUND ( 'NONE', #468, .T. ) ;
#1092 = DIRECTION ( 'NONE',  ( 0.000000000000000000, 0.000000000000000000, 1.000000000000000000 ) ) ;
#1093 = DIRECTION ( 'NONE',  ( 0.000000000000000000, 0.000000000000000000, 1.000000000000000000 ) ) ;
#1094 = EDGE_CURVE ( 'NONE', #264, #699, #229, .T. ) ;
#1095 = ORIENTED_EDGE ( 'NONE', *, *, #828, .T. ) ;
#1096 = PLANE ( 'NONE',  #2335 ) ;
#1097 = DIRECTION ( 'NONE',  ( 0.000000000000000000, 0.000000000000000000, 1.000000000000000000 ) ) ;
#1098 = ORIENTED_EDGE ( 'NONE', *, *, #469, .T. ) ;
#1099 = CARTESIAN_POINT ( 'NONE',  ( -0.1250000000000001110, -0.05000000000000000971, 0.5749999999999999556 ) ) ;
#1100 = ORIENTED_EDGE ( 'NONE', *, *, #1417, .T. ) ;
#1101 = DIRECTION ( 'NONE',  ( 0.000000000000000000, 1.000000000000000000, -0.000000000000000000 ) ) ;
#1102 = DIRECTION ( 'NONE',  ( -1.000000000000000000, -0.000000000000000000, -0.000000000000000000 ) ) ;
#1103 =( GEOMETRIC_REPRESENTATION_CONTEXT ( 3 ) GLOBAL_UNCERTAINTY_ASSIGNED_CONTEXT ( ( #1457 ) ) GLOBAL_UNIT_ASSIGNED_CONTEXT ( ( #2510, #1552, #623 ) ) REPRESENTATION_CONTEXT ( 'NONE', 'WORKASPACE' ) );
#1104 = AXIS2_PLACEMENT_3D ( 'NONE', #87, #2168, #1466 ) ;
#1105 = CARTESIAN_POINT ( 'NONE',  ( 0.6249999999999998890, 0.5500000000000000444, 0.7999999999999997113 ) ) ;
#1106 = CLOSED_SHELL ( 'NONE', ( #2066, #2574, #1641, #1282, #2600, #1354, #1112 ) ) ;
#1107 = EDGE_LOOP ( 'NONE', ( #1234, #2355, #362, #1905 ) ) ;
#1108 = AXIS2_PLACEMENT_3D ( 'NONE', #2847, #288, #2417 ) ;
#1109 = VECTOR ( 'NONE', #2935, 1000.000000000000000 ) ;
#1110 = DIRECTION ( 'NONE',  ( 0.000000000000000000, 0.000000000000000000, 1.000000000000000000 ) ) ;
#1111 = CARTESIAN_POINT ( 'NONE',  ( -0.3750000000000001110, -0.05000000000000000971, -0.5749999999999999556 ) ) ;
#1112 = ADVANCED_FACE ( 'NONE', ( #3040 ), #667, .F. ) ;
#1113 = VECTOR ( 'NONE', #757, 1000.000000000000000 ) ;
#1114 = ORIENTED_EDGE ( 'NONE', *, *, #2343, .F. ) ;
#1115 =( NAMED_UNIT ( * ) SI_UNIT ( $, .STERADIAN. ) SOLID_ANGLE_UNIT ( ) );
#1116 = AXIS2_PLACEMENT_3D ( 'NONE', #2601, #1472, #49 ) ;
#1117 =( NAMED_UNIT ( * ) SI_UNIT ( $, .STERADIAN. ) SOLID_ANGLE_UNIT ( ) );
#1118 = VECTOR ( 'NONE', #1073, 1000.000000000000000 ) ;
#1119 = ORIENTED_EDGE ( 'NONE', *, *, #2255, .F. ) ;
#1120 = FACE_OUTER_BOUND ( 'NONE', #1050, .T. ) ;
#1121 = VERTEX_POINT ( 'NONE', #2315 ) ;
#1122 = CARTESIAN_POINT ( 'NONE',  ( 0.6249999999999998890, 0.1019999999999999934, -0.5749999999999999556 ) ) ;
#1123 = EDGE_CURVE ( 'NONE', #1802, #2855, #3018, .T. ) ;
#1124 = SHAPE_DEFINITION_REPRESENTATION ( #1985, #1516 ) ;
#1125 = UNCERTAINTY_MEASURE_WITH_UNIT (LENGTH_MEASURE( 1.000000000000000082E-05 ), #696, 'distance_accuracy_value', 'NONE');
#1126 = LINE ( 'NONE', #2511, #665 ) ;
#1127 = ORIENTED_EDGE ( 'NONE', *, *, #2406, .F. ) ;
#1128 = CARTESIAN_POINT ( 'NONE',  ( 0.6249999999999998890, 0.5500000000000000444, -0.8000000000000003775 ) ) ;
#1129 = DIRECTION ( 'NONE',  ( -0.000000000000000000, 0.000000000000000000, -1.000000000000000000 ) ) ;
#1130 = ORIENTED_EDGE ( 'NONE', *, *, #1556, .T. ) ;
#1131 = ORIENTED_EDGE ( 'NONE', *, *, #1982, .F. ) ;
#1132 = EDGE_CURVE ( 'NONE', #1813, #509, #1394, .T. ) ;
#1133 =( NAMED_UNIT ( * ) PLANE_ANGLE_UNIT ( ) SI_UNIT ( $, .RADIAN. ) );
#1134 = ORIENTED_EDGE ( 'NONE', *, *, #1386, .T. ) ;
#1135 = DIRECTION ( 'NONE',  ( 0.000000000000000000, 0.000000000000000000, 1.000000000000000000 ) ) ;
#1136 = CONTEXT_DEPENDENT_SHAPE_REPRESENTATION ( #1340, #2372 ) ;
#1137 = FACE_OUTER_BOUND ( 'NONE', #254, .T. ) ;
#1138 = ORIENTED_EDGE ( 'NONE', *, *, #1271, .F. ) ;
#1139 = DIRECTION ( 'NONE',  ( -9.637352644315592778E-16, -0.000000000000000000, 1.000000000000000000 ) ) ;
#1140 = LINE ( 'NONE', #1326, #3023 ) ;
#1141 = ADVANCED_FACE ( 'NONE', ( #695 ), #548, .F. ) ;
#1142 = ORIENTED_EDGE ( 'NONE', *, *, #1469, .T. ) ;
#1143 = ORIENTED_EDGE ( 'NONE', *, *, #708, .F. ) ;
#1144 = CARTESIAN_POINT ( 'NONE',  ( 0.6249999999999998890, 0.000000000000000000, 0.8000000000000000444 ) ) ;
#1145 = PRODUCT_RELATED_PRODUCT_CATEGORY ( 'part', '', ( #1682 ) ) ;
#1146 = EDGE_LOOP ( 'NONE', ( #382, #2556, #2909, #1095, #1100 ) ) ;
#1147 = CARTESIAN_POINT ( 'NONE',  ( 0.7000000000000000666, 0.5300000000000001377, -0.7000000000000002887 ) ) ;
#1148 = EDGE_CURVE ( 'NONE', #2955, #741, #2346, .T. ) ;
#1149 = CONTEXT_DEPENDENT_SHAPE_REPRESENTATION ( #1913, #474 ) ;
#1150 = DIRECTION ( 'NONE',  ( -0.000000000000000000, -1.000000000000000000, -0.000000000000000000 ) ) ;
#1151 = VERTEX_POINT ( 'NONE', #2551 ) ;
#1152 = FACE_OUTER_BOUND ( 'NONE', #2787, .T. ) ;
#1153 = AXIS2_PLACEMENT_3D ( 'NONE', #347, #298, #2430 ) ;
#1154 = VECTOR ( 'NONE', #1358, 1000.000000000000000 ) ;
#1155 = DIRECTION ( 'NONE',  ( 0.000000000000000000, 0.000000000000000000, -1.000000000000000000 ) ) ;
#1156 = VECTOR ( 'NONE', #2986, 1000.000000000000000 ) ;
#1157 = ORIENTED_EDGE ( 'NONE', *, *, #243, .F. ) ;
#1158 = ORIENTED_EDGE ( 'NONE', *, *, #673, .T. ) ;
#1159 = ADVANCED_FACE ( 'NONE', ( #2082 ), #2329, .F. ) ;
#1160 = VECTOR ( 'NONE', #771, 1000.000000000000000 ) ;
#1161 = FILL_AREA_STYLE ('',( #3004 ) ) ;
#1162 = VECTOR ( 'NONE', #875, 1000.000000000000000 ) ;
#1163 = ORIENTED_EDGE ( 'NONE', *, *, #938, .F. ) ;
#1164 = FACE_OUTER_BOUND ( 'NONE', #1918, .T. ) ;
#1165 = VECTOR ( 'NONE', #160, 1000.000000000000000 ) ;
#1166 = PRESENTATION_STYLE_ASSIGNMENT (( #888 ) ) ;
#1167 = ITEM_DEFINED_TRANSFORMATION ( 'NONE', 'NONE', #2299,  #76 ) ;
#1168 = EDGE_CURVE ( 'NONE', #482, #1714, #400, .T. ) ;
#1169 = DIRECTION ( 'NONE',  ( 0.000000000000000000, -0.000000000000000000, -1.000000000000000000 ) ) ;
#1170 = EDGE_LOOP ( 'NONE', ( #1632, #3001, #2674, #694 ) ) ;
#1171 = CARTESIAN_POINT ( 'NONE',  ( -0.5000000000000000000, -0.05000000000000000971, 0.5749999999999999556 ) ) ;
#1172 = CARTESIAN_POINT ( 'NONE',  ( 0.000000000000000000, 0.000000000000000000, -0.5749999999999999556 ) ) ;
#1173 = ORIENTED_EDGE ( 'NONE', *, *, #2849, .F. ) ;
#1174 = VERTEX_POINT ( 'NONE', #166 ) ;
#1175 = LINE ( 'NONE', #751, #413 ) ;
#1176 = ADVANCED_FACE ( 'NONE', ( #1120 ), #2892, .F. ) ;
#1177 = ORIENTED_EDGE ( 'NONE', *, *, #1371, .F. ) ;
#1178 = DIRECTION ( 'NONE',  ( -0.000000000000000000, -1.000000000000000000, 0.000000000000000000 ) ) ;
#1179 = LINE ( 'NONE', #2117, #2490 ) ;
#1180 = DIRECTION ( 'NONE',  ( 0.000000000000000000, -0.000000000000000000, -1.000000000000000000 ) ) ;
#1181 = PRODUCT_DEFINITION ( 'UNKNOWN', '', #2444, #1396 ) ;
#1182 = EDGE_LOOP ( 'NONE', ( #2886, #492, #1399, #499 ) ) ;
#1183 = CARTESIAN_POINT ( 'NONE',  ( 0.3750000000000000000, 0.1019999999999999934, -0.5749999999999999556 ) ) ;
#1184 = APPLICATION_CONTEXT ( 'automotive_design' ) ;
#1185 = DIRECTION ( 'NONE',  ( 0.000000000000000000, -1.000000000000000000, -0.000000000000000000 ) ) ;
#1186 = EDGE_CURVE ( 'NONE', #2284, #193, #2697, .T. ) ;
#1187 = ORIENTED_EDGE ( 'NONE', *, *, #585, .F. ) ;
#1188 = ORIENTED_EDGE ( 'NONE', *, *, #396, .F. ) ;
#1189 = DIRECTION ( 'NONE',  ( 0.000000000000000000, 0.000000000000000000, 1.000000000000000000 ) ) ;
#1190 = ORIENTED_EDGE ( 'NONE', *, *, #1271, .T. ) ;
#1191 = DIRECTION ( 'NONE',  ( -1.000000000000000000, 0.000000000000000000, 1.355252715606880543E-16 ) ) ;
#1192 = SURFACE_STYLE_USAGE ( .BOTH. , #1859 ) ;
#1193 = PRODUCT_DEFINITION_SHAPE ( 'NONE', 'NONE',  #3049 ) ;
#1194 = VERTEX_POINT ( 'NONE', #560 ) ;
#1195 = DIRECTION ( 'NONE',  ( 0.000000000000000000, -0.000000000000000000, 1.000000000000000000 ) ) ;
#1196 = CARTESIAN_POINT ( 'NONE',  ( 0.000000000000000000, 0.1019999999999999934, 0.5749999999999999556 ) ) ;
#1197 = ORIENTED_EDGE ( 'NONE', *, *, #1534, .F. ) ;
#1198 = AXIS2_PLACEMENT_3D ( 'NONE', #2800, #2068, #1807 ) ;
#1199 = APPLICATION_CONTEXT ( 'automotive_design' ) ;
#1200 = ORIENTED_EDGE ( 'NONE', *, *, #2, .F. ) ;
#1201 = EDGE_CURVE ( 'NONE', #797, #1833, #706, .T. ) ;
#1202 = DIRECTION ( 'NONE',  ( 0.000000000000000000, 0.000000000000000000, -1.000000000000000000 ) ) ;
#1203 = AXIS2_PLACEMENT_3D ( 'NONE', #2990, #882, #3017 ) ;
#1204 = VERTEX_POINT ( 'NONE', #2648 ) ;
#1205 = AXIS2_PLACEMENT_3D ( 'NONE', #1082, #349, #2020 ) ;
#1206 = FACE_OUTER_BOUND ( 'NONE', #1146, .T. ) ;
#1207 = VECTOR ( 'NONE', #1185, 1000.000000000000000 ) ;
#1208 = DIRECTION ( 'NONE',  ( -0.000000000000000000, -1.000000000000000000, -0.000000000000000000 ) ) ;
#1209 = MECHANICAL_DESIGN_GEOMETRIC_PRESENTATION_REPRESENTATION (  '', ( #1799 ), #2929 ) ;
#1210 = CARTESIAN_POINT ( 'NONE',  ( -0.6300000000000001155, 0.1019999999999999934, 0.2500000000000000000 ) ) ;
#1211 = ADVANCED_FACE ( 'NONE', ( #2218 ), #2876, .T. ) ;
#1212 = EDGE_LOOP ( 'NONE', ( #2423, #146, #2155, #2412, #1376, #221, #785 ) ) ;
#1213 = DIRECTION ( 'NONE',  ( -1.000000000000000000, 0.000000000000000000, 1.355252715606880543E-16 ) ) ;
#1214 =( NAMED_UNIT ( * ) SI_UNIT ( $, .STERADIAN. ) SOLID_ANGLE_UNIT ( ) );
#1215 = LINE ( 'NONE', #2605, #1896 ) ;
#1216 = ORIENTED_EDGE ( 'NONE', *, *, #1417, .F. ) ;
#1217 = CARTESIAN_POINT ( 'NONE',  ( -0.1249999999999998890, -0.05000000000000000971, 0.5749999999999999556 ) ) ;
#1218 = DIRECTION ( 'NONE',  ( 0.000000000000000000, 0.000000000000000000, 1.000000000000000000 ) ) ;
#1219 = EDGE_CURVE ( 'NONE', #1629, #2550, #529, .T. ) ;
#1220 = DIRECTION ( 'NONE',  ( -0.000000000000000000, 0.000000000000000000, 1.000000000000000000 ) ) ;
#1221 = PRODUCT_DEFINITION_SHAPE ( 'NONE', 'NONE',  #402 ) ;
#1222 = EDGE_CURVE ( 'NONE', #1423, #2031, #2233, .T. ) ;
#1223 = DIRECTION ( 'NONE',  ( -0.000000000000000000, -1.000000000000000000, -0.000000000000000000 ) ) ;
#1224 = CARTESIAN_POINT ( 'NONE',  ( -0.3750000000000001110, 0.1019999999999999934, 0.8000000000000000444 ) ) ;
#1225 = ORIENTED_EDGE ( 'NONE', *, *, #876, .F. ) ;
#1226 = DIRECTION ( 'NONE',  ( -9.637352644315592778E-16, 0.000000000000000000, 1.000000000000000000 ) ) ;
#1227 = SHAPE_REPRESENTATION_RELATIONSHIP ( 'NONE' , 'NONE' ,  #1805, #2934 ) ;
#1228 = CARTESIAN_POINT ( 'NONE',  ( -0.1250000000000001110, -0.05000000000000000971, 0.8000000000000000444 ) ) ;
#1229 = ORIENTED_EDGE ( 'NONE', *, *, #1912, .F. ) ;
#1230 = ORIENTED_EDGE ( 'NONE', *, *, #485, .T. ) ;
#1231 = DIRECTION ( 'NONE',  ( 0.000000000000000000, -1.000000000000000000, 0.000000000000000000 ) ) ;
#1232 = CARTESIAN_POINT ( 'NONE',  ( -0.3750000000000001110, 0.5500000000000000444, 0.7999999999999998224 ) ) ;
#1233 = EDGE_CURVE ( 'NONE', #1341, #2479, #783, .T. ) ;
#1234 = ORIENTED_EDGE ( 'NONE', *, *, #2000, .T. ) ;
#1235 = DIRECTION ( 'NONE',  ( 1.000000000000000000, 0.000000000000000000, 4.412546038538919268E-16 ) ) ;
#1236 = CARTESIAN_POINT ( 'NONE',  ( 0.6300000000000000044, 0.1019999999999999934, -0.2499999999999998335 ) ) ;
#1237 = PRODUCT_DEFINITION ( 'UNKNOWN', '', #669, #461 ) ;
#1238 = CARTESIAN_POINT ( 'NONE',  ( 0.3750000000000001110, -0.05000000000000000971, -0.5749999999999999556 ) ) ;
#1239 = ADVANCED_FACE ( 'NONE', ( #1529 ), #1652, .F. ) ;
#1240 = CARTESIAN_POINT ( 'NONE',  ( 0.1249999999999998890, -0.05000000000000000971, 0.5749999999999999556 ) ) ;
#1241 = ORIENTED_EDGE ( 'NONE', *, *, #2962, .F. ) ;
#1242 = DIRECTION ( 'NONE',  ( 9.637352644315592778E-16, -0.000000000000000000, -1.000000000000000000 ) ) ;
#1243 = ADVANCED_BREP_SHAPE_REPRESENTATION ( '', ( #2555, #76 ), #2736 ) ;
#1244 = CARTESIAN_POINT ( 'NONE',  ( 0.7000000000000000666, 0.5200000000000000178, -0.7400000000000004352 ) ) ;
#1245 = ORIENTED_EDGE ( 'NONE', *, *, #895, .F. ) ;
#1246 = VERTEX_POINT ( 'NONE', #2400 ) ;
#1247 = CARTESIAN_POINT ( 'NONE',  ( -0.6249999999999998890, 0.000000000000000000, 0.000000000000000000 ) ) ;
#1248 = DIRECTION ( 'NONE',  ( -0.000000000000000000, -1.000000000000000000, -0.000000000000000000 ) ) ;
#1249 = MECHANICAL_DESIGN_GEOMETRIC_PRESENTATION_REPRESENTATION (  '', ( #601 ), #2438 ) ;
#1250 = EDGE_CURVE ( 'NONE', #2268, #1603, #2907, .T. ) ;
#1251 = VERTEX_POINT ( 'NONE', #798 ) ;
#1252 = DIRECTION ( 'NONE',  ( 0.000000000000000000, 1.000000000000000000, 0.000000000000000000 ) ) ;
#1253 = VECTOR ( 'NONE', #2946, 1000.000000000000000 ) ;
#1254 = AXIS2_PLACEMENT_3D ( 'NONE', #2911, #91, #2238 ) ;
#1255 = CARTESIAN_POINT ( 'NONE',  ( 0.5000000000000000000, 0.000000000000000000, -0.5749999999999999556 ) ) ;
#1256 = VECTOR ( 'NONE', #740, 1000.000000000000000 ) ;
#1257 = AXIS2_PLACEMENT_3D ( 'NONE', #62, #743, #1948 ) ;
#1258 = EDGE_CURVE ( 'NONE', #383, #2621, #2465, .T. ) ;
#1259 = ORIENTED_EDGE ( 'NONE', *, *, #1756, .F. ) ;
#1260 = VECTOR ( 'NONE', #1510, 1000.000000000000000 ) ;
#1261 = CARTESIAN_POINT ( 'NONE',  ( 0.3749999999999998890, 0.1019999999999999934, 0.8000000000000000444 ) ) ;
#1262 = CARTESIAN_POINT ( 'NONE',  ( 0.5000000000000000000, 0.1019999999999999934, 0.5749999999999999556 ) ) ;
#1263 = VECTOR ( 'NONE', #823, 1000.000000000000000 ) ;
#1264 = VERTEX_POINT ( 'NONE', #1494 ) ;
#1265 = CARTESIAN_POINT ( 'NONE',  ( 0.5071455115690413074, 0.1019999999999999934, -0.2499999999999998890 ) ) ;
#1266 = DIRECTION ( 'NONE',  ( 1.000000000000000000, 0.000000000000000000, 0.000000000000000000 ) ) ;
#1267 = DIRECTION ( 'NONE',  ( 0.000000000000000000, 0.000000000000000000, -1.000000000000000000 ) ) ;
#1268 = ORIENTED_EDGE ( 'NONE', *, *, #212, .F. ) ;
#1269 = DIRECTION ( 'NONE',  ( -0.000000000000000000, 1.000000000000000000, -0.000000000000000000 ) ) ;
#1270 = DIRECTION ( 'NONE',  ( 0.000000000000000000, 0.000000000000000000, 1.000000000000000000 ) ) ;
#1271 = EDGE_CURVE ( 'NONE', #728, #541, #817, .T. ) ;
#1272 = DIRECTION ( 'NONE',  ( -0.000000000000000000, -1.000000000000000000, -0.000000000000000000 ) ) ;
#1273 = DIRECTION ( 'NONE',  ( -1.000000000000000000, -0.000000000000000000, -1.156919772971274837E-16 ) ) ;
#1274 = ORIENTED_EDGE ( 'NONE', *, *, #664, .F. ) ;
#1275 = CARTESIAN_POINT ( 'NONE',  ( -0.6300000000000001155, 0.000000000000000000, -0.2500000000000000000 ) ) ;
#1276 = DIRECTION ( 'NONE',  ( 1.000000000000000000, 0.000000000000000000, 0.000000000000000000 ) ) ;
#1277 = CARTESIAN_POINT ( 'NONE',  ( -0.6249999999999998890, -0.05000000000000000971, -0.5749999999999999556 ) ) ;
#1278 = ORIENTED_EDGE ( 'NONE', *, *, #1403, .F. ) ;
#1279 = DIRECTION ( 'NONE',  ( -1.000000000000000000, 0.000000000000000000, 1.355252715606880543E-16 ) ) ;
#1280 = DIRECTION ( 'NONE',  ( 0.000000000000000000, 0.000000000000000000, -1.000000000000000000 ) ) ;
#1281 = CARTESIAN_POINT ( 'NONE',  ( 0.000000000000000000, -0.05000000000000000971, -0.4500000000000001221 ) ) ;
#1282 = ADVANCED_FACE ( 'NONE', ( #1479 ), #284, .F. ) ;
#1283 = ORIENTED_EDGE ( 'NONE', *, *, #34, .T. ) ;
#1284 = LINE ( 'NONE', #302, #1414 ) ;
#1285 = DIRECTION ( 'NONE',  ( -1.000000000000000000, 0.000000000000000000, -4.412546038538918282E-16 ) ) ;
#1286 = CARTESIAN_POINT ( 'NONE',  ( -0.6300000000000001155, 0.1019999999999999934, 0.2500000000000000000 ) ) ;
#1287 = CARTESIAN_POINT ( 'NONE',  ( 0.000000000000000000, 0.000000000000000000, 0.000000000000000000 ) ) ;
#1288 = DIRECTION ( 'NONE',  ( 1.000000000000000000, 0.000000000000000000, 0.000000000000000000 ) ) ;
#1289 = ORIENTED_EDGE ( 'NONE', *, *, #1541, .T. ) ;
#1290 = LINE ( 'NONE', #831, #2681 ) ;
#1291 = LINE ( 'NONE', #1049, #1408 ) ;
#1292 = VERTEX_POINT ( 'NONE', #2185 ) ;
#1293 = ADVANCED_FACE ( 'NONE', ( #1706 ), #1515, .F. ) ;
#1294 = LINE ( 'NONE', #567, #1118 ) ;
#1295 = SURFACE_STYLE_FILL_AREA ( #1532 ) ;
#1296 = PRODUCT_DEFINITION_SHAPE ( 'NONE', 'NONE',  #2103 ) ;
#1297 = VECTOR ( 'NONE', #373, 1000.000000000000000 ) ;
#1298 = AXIS2_PLACEMENT_3D ( 'NONE', #2920, #2939, #1110 ) ;
#1299 = CARTESIAN_POINT ( 'NONE',  ( 0.6249999999999998890, -0.05000000000000000278, -0.8000000000000000444 ) ) ;
#1300 = FACE_OUTER_BOUND ( 'NONE', #2257, .T. ) ;
#1301 = VECTOR ( 'NONE', #1993, 1000.000000000000000 ) ;
#1302 = SURFACE_STYLE_FILL_AREA ( #358 ) ;
#1303 = APPLICATION_PROTOCOL_DEFINITION ( 'draft international standard', 'automotive_design', 1998, #1365 ) ;
#1304 = VECTOR ( 'NONE', #1972, 1000.000000000000000 ) ;
#1305 = COLOUR_RGB ( '',1.000000000000000000, 1.000000000000000000, 1.000000000000000000 ) ;
#1306 = DIRECTION ( 'NONE',  ( -0.000000000000000000, 0.000000000000000000, 1.000000000000000000 ) ) ;
#1307 = EDGE_CURVE ( 'NONE', #3019, #1874, #1891, .T. ) ;
#1308 = AXIS2_PLACEMENT_3D ( 'NONE', #1892, #248, #2795 ) ;
#1309 = ORIENTED_EDGE ( 'NONE', *, *, #2590, .T. ) ;
#1310 = DIRECTION ( 'NONE',  ( -0.000000000000000000, 1.000000000000000000, 0.000000000000000000 ) ) ;
#1311 = AXIS2_PLACEMENT_3D ( 'NONE', #2261, #1566, #647 ) ;
#1312 = DIRECTION ( 'NONE',  ( 0.000000000000000000, -0.000000000000000000, -1.000000000000000000 ) ) ;
#1313 = PRODUCT_DEFINITION_FORMATION_WITH_SPECIFIED_SOURCE ( 'ANY', '', #1682, .NOT_KNOWN. ) ;
#1314 = ORIENTED_EDGE ( 'NONE', *, *, #235, .F. ) ;
#1315 = CARTESIAN_POINT ( 'NONE',  ( 0.6300000000000000044, -0.05000000000000000971, -0.2499999999999998335 ) ) ;
#1316 = CYLINDRICAL_SURFACE ( 'NONE', #910, 0.1249999999999998890 ) ;
#1317 = EDGE_CURVE ( 'NONE', #2284, #1718, #2115, .T. ) ;
#1318 = CARTESIAN_POINT ( 'NONE',  ( 0.5000000000000000000, -0.05000000000000000971, -0.5749999999999999556 ) ) ;
#1319 = LINE ( 'NONE', #401, #2196 ) ;
#1320 = ADVANCED_FACE ( 'NONE', ( #2662 ), #542, .F. ) ;
#1321 = DIRECTION ( 'NONE',  ( 0.000000000000000000, 0.000000000000000000, -1.000000000000000000 ) ) ;
#1322 = DIRECTION ( 'NONE',  ( 0.000000000000000000, 0.000000000000000000, 1.000000000000000000 ) ) ;
#1323 = CARTESIAN_POINT ( 'NONE',  ( 0.000000000000000000, 0.1019999999999999934, -0.5749999999999999556 ) ) ;
#1324 = EDGE_LOOP ( 'NONE', ( #940, #200, #1173, #1659 ) ) ;
#1325 = PLANE ( 'NONE',  #2042 ) ;
#1326 = CARTESIAN_POINT ( 'NONE',  ( 0.3750000000000001110, 0.1019999999999999934, 0.5749999999999999556 ) ) ;
#1327 = EDGE_LOOP ( 'NONE', ( #2469, #2235, #1881, #1083 ) ) ;
#1328 =( LENGTH_UNIT ( ) NAMED_UNIT ( * ) SI_UNIT ( .MILLI., .METRE. ) );
#1329 = EDGE_CURVE ( 'NONE', #2874, #1194, #893, .T. ) ;
#1330 = ORIENTED_EDGE ( 'NONE', *, *, #243, .T. ) ;
#1331 = CARTESIAN_POINT ( 'NONE',  ( -0.6250000000000001110, 0.1019999999999999934, -0.5749999999999999556 ) ) ;
#1332 = PRODUCT_DEFINITION ( 'UNKNOWN', '', #2931, #2995 ) ;
#1333 = CARTESIAN_POINT ( 'NONE',  ( 0.5000000000000000000, -0.05000000000000000971, 0.5749999999999999556 ) ) ;
#1334 = FILL_AREA_STYLE_COLOUR ( '', #1010 ) ;
#1335 = ADVANCED_FACE ( 'NONE', ( #1470 ), #2816, .F. ) ;
#1336 = FACE_OUTER_BOUND ( 'NONE', #2572, .T. ) ;
#1337 = EDGE_LOOP ( 'NONE', ( #399, #2252, #135, #1564, #956, #2895, #2829, #822, #2008, #4, #96, #884, #605, #1268, #2341, #1200 ) ) ;
#1338 = DIRECTION ( 'NONE',  ( -0.000000000000000000, -1.000000000000000000, -0.000000000000000000 ) ) ;
#1339 = DIRECTION ( 'NONE',  ( -0.000000000000000000, -1.000000000000000000, -0.000000000000000000 ) ) ;
#1340 =( REPRESENTATION_RELATIONSHIP ('NONE','NONE', #2473, #30 ) REPRESENTATION_RELATIONSHIP_WITH_TRANSFORMATION ( #1384 )SHAPE_REPRESENTATION_RELATIONSHIP( ) );
#1341 = VERTEX_POINT ( 'NONE', #1668 ) ;
#1342 = ORIENTED_EDGE ( 'NONE', *, *, #1912, .T. ) ;
#1343 = DIRECTION ( 'NONE',  ( -0.000000000000000000, -1.000000000000000000, -0.000000000000000000 ) ) ;
#1344 =( NAMED_UNIT ( * ) PLANE_ANGLE_UNIT ( ) SI_UNIT ( $, .RADIAN. ) );
#1345 = ADVANCED_FACE ( 'NONE', ( #46 ), #713, .F. ) ;
#1346 = ORIENTED_EDGE ( 'NONE', *, *, #1123, .T. ) ;
#1347 = DIRECTION ( 'NONE',  ( 0.000000000000000000, -1.000000000000000000, 0.000000000000000000 ) ) ;
#1348 = CARTESIAN_POINT ( 'NONE',  ( -0.3750000000000001110, 0.1019999999999999934, -0.5749999999999999556 ) ) ;
#1349 = AXIS2_PLACEMENT_3D ( 'NONE', #1773, #2458, #598 ) ;
#1350 = FACE_OUTER_BOUND ( 'NONE', #2739, .T. ) ;
#1351 = CONTEXT_DEPENDENT_SHAPE_REPRESENTATION ( #409, #2891 ) ;
#1352 = VECTOR ( 'NONE', #2209, 1000.000000000000000 ) ;
#1353 = DIRECTION ( 'NONE',  ( -0.000000000000000000, 1.000000000000000000, -0.000000000000000000 ) ) ;
#1354 = ADVANCED_FACE ( 'NONE', ( #1653 ), #944, .T. ) ;
#1355 = ORIENTED_EDGE ( 'NONE', *, *, #1707, .F. ) ;
#1356 = AXIS2_PLACEMENT_3D ( 'NONE', #1880, #2620, #1218 ) ;
#1357 = AXIS2_PLACEMENT_3D ( 'NONE', #1462, #2377, #265 ) ;
#1358 = DIRECTION ( 'NONE',  ( -0.000000000000000000, 0.000000000000000000, 1.000000000000000000 ) ) ;
#1359 = CARTESIAN_POINT ( 'NONE',  ( 0.5000000000000000000, -0.05000000000000000971, 0.5749999999999999556 ) ) ;
#1360 = AXIS2_PLACEMENT_3D ( 'NONE', #2571, #24, #689 ) ;
#1361 = EDGE_LOOP ( 'NONE', ( #1241, #2575, #2264, #65 ) ) ;
#1362 = DIRECTION ( 'NONE',  ( 0.000000000000000000, -1.000000000000000000, 0.000000000000000000 ) ) ;
#1363 = AXIS2_PLACEMENT_3D ( 'NONE', #1402, #1907, #2110 ) ;
#1364 = DIRECTION ( 'NONE',  ( -1.000000000000000000, 0.000000000000000000, 0.000000000000000000 ) ) ;
#1365 = APPLICATION_CONTEXT ( 'automotive_design' ) ;
#1366 = VECTOR ( 'NONE', #352, 1000.000000000000000 ) ;
#1367 = ORIENTED_EDGE ( 'NONE', *, *, #381, .F. ) ;
#1368 = DIRECTION ( 'NONE',  ( 0.000000000000000000, 0.000000000000000000, -1.000000000000000000 ) ) ;
#1369 = EDGE_CURVE ( 'NONE', #2313, #37, #411, .T. ) ;
#1370 = PRODUCT_DEFINITION_CONTEXT ( 'detailed design', #2125, 'design' ) ;
#1371 = EDGE_CURVE ( 'NONE', #1970, #2367, #1945, .T. ) ;
#1372 = CARTESIAN_POINT ( 'NONE',  ( 0.6300000000000000044, 0.000000000000000000, 0.2500000000000002220 ) ) ;
#1373 = ORIENTED_EDGE ( 'NONE', *, *, #372, .F. ) ;
#1374 = CARTESIAN_POINT ( 'NONE',  ( 0.5071455115690413074, 0.000000000000000000, -0.2499999999999998890 ) ) ;
#1375 = CARTESIAN_POINT ( 'NONE',  ( 0.7000000000000000666, 0.5200000000000000178, -0.7000000000000002887 ) ) ;
#1376 = ORIENTED_EDGE ( 'NONE', *, *, #1713, .T. ) ;
#1377 = ORIENTED_EDGE ( 'NONE', *, *, #457, .F. ) ;
#1378 = DIRECTION ( 'NONE',  ( 0.000000000000000000, 0.000000000000000000, 1.000000000000000000 ) ) ;
#1379 = ADVANCED_FACE ( 'NONE', ( #2359 ), #2653, .F. ) ;
#1380 = PRESENTATION_STYLE_ASSIGNMENT (( #2316 ) ) ;
#1381 = ORIENTED_EDGE ( 'NONE', *, *, #1821, .F. ) ;
#1382 = LINE ( 'NONE', #2976, #207 ) ;
#1383 = DIRECTION ( 'NONE',  ( 1.000000000000000000, 0.000000000000000000, 1.156919772971274837E-16 ) ) ;
#1384 = ITEM_DEFINED_TRANSFORMATION ( 'NONE', 'NONE', #2497,  #76 ) ;
#1385 = PLANE ( 'NONE',  #717 ) ;
#1386 = EDGE_CURVE ( 'NONE', #1423, #691, #1483, .T. ) ;
#1387 = ORIENTED_EDGE ( 'NONE', *, *, #128, .T. ) ;
#1388 = CARTESIAN_POINT ( 'NONE',  ( -0.1250000000000001110, -0.05000000000000000971, -0.8000000000000000444 ) ) ;
#1389 = DIRECTION ( 'NONE',  ( 1.355252715606880543E-16, -0.000000000000000000, 1.000000000000000000 ) ) ;
#1390 = ORIENTED_EDGE ( 'NONE', *, *, #405, .T. ) ;
#1391 = EDGE_LOOP ( 'NONE', ( #1732, #1683, #576, #478 ) ) ;
#1392 = ADVANCED_FACE ( 'NONE', ( #1206 ), #2159, .T. ) ;
#1393 = ORIENTED_EDGE ( 'NONE', *, *, #1803, .T. ) ;
#1394 = LINE ( 'NONE', #3022, #1639 ) ;
#1395 = APPLICATION_PROTOCOL_DEFINITION ( 'draft international standard', 'automotive_design', 1998, #2250 ) ;
#1396 = PRODUCT_DEFINITION_CONTEXT ( 'detailed design', #1365, 'design' ) ;
#1397 = DIRECTION ( 'NONE',  ( -1.000000000000000000, 0.000000000000000000, -1.720955829342070209E-16 ) ) ;
#1398 = AXIS2_PLACEMENT_3D ( 'NONE', #2580, #1415, #1383 ) ;
#1399 = ORIENTED_EDGE ( 'NONE', *, *, #218, .F. ) ;
#1400 = LINE ( 'NONE', #2061, #711 ) ;
#1401 = VECTOR ( 'NONE', #1882, 1000.000000000000000 ) ;
#1402 = CARTESIAN_POINT ( 'NONE',  ( -0.5000000000000000000, -0.05000000000000000971, -0.5749999999999999556 ) ) ;
#1403 = EDGE_CURVE ( 'NONE', #699, #728, #989, .T. ) ;
#1404 = CIRCLE ( 'NONE', #68, 0.1249999999999998890 ) ;
#1405 = VECTOR ( 'NONE', #1242, 1000.000000000000000 ) ;
#1406 = ORIENTED_EDGE ( 'NONE', *, *, #2160, .F. ) ;
#1407 = ORIENTED_EDGE ( 'NONE', *, *, #2629, .T. ) ;
#1408 = VECTOR ( 'NONE', #543, 1000.000000000000000 ) ;
#1409 = CARTESIAN_POINT ( 'NONE',  ( 0.000000000000000000, -0.05000000000000000971, 0.5749999999999999556 ) ) ;
#1410 = VECTOR ( 'NONE', #313, 1000.000000000000000 ) ;
#1411 = ORIENTED_EDGE ( 'NONE', *, *, #803, .F. ) ;
#1412 = CARTESIAN_POINT ( 'NONE',  ( 0.3749999999999998890, -0.05000000000000000971, 0.8000000000000000444 ) ) ;
#1413 = PRODUCT_DEFINITION ( 'UNKNOWN', '', #1313, #1883 ) ;
#1414 = VECTOR ( 'NONE', #1252, 1000.000000000000000 ) ;
#1415 = DIRECTION ( 'NONE',  ( -1.156919772971274837E-16, 0.000000000000000000, 1.000000000000000000 ) ) ;
#1416 = SHAPE_DEFINITION_REPRESENTATION ( #2860, #659 ) ;
#1417 = EDGE_CURVE ( 'NONE', #1630, #2036, #2729, .T. ) ;
#1418 = CARTESIAN_POINT ( 'NONE',  ( -0.5000000000000000000, 0.1019999999999999934, 0.5749999999999999556 ) ) ;
#1419 = ORIENTED_EDGE ( 'NONE', *, *, #340, .T. ) ;
#1420 = CARTESIAN_POINT ( 'NONE',  ( 0.1249999999999998890, -0.05000000000000000971, 0.8000000000000000444 ) ) ;
#1421 = LINE ( 'NONE', #2339, #2732 ) ;
#1422 = ORIENTED_EDGE ( 'NONE', *, *, #2728, .T. ) ;
#1423 = VERTEX_POINT ( 'NONE', #2173 ) ;
#1424 = PRODUCT ( 'MIC94325YMT-TR_1', 'MIC94325YMT-TR_1', '', ( #215 ) ) ;
#1425 = CARTESIAN_POINT ( 'NONE',  ( 0.6300000000000000044, 0.1019999999999999934, 0.2500000000000002220 ) ) ;
#1426 = ORIENTED_EDGE ( 'NONE', *, *, #2989, .F. ) ;
#1427 = DIRECTION ( 'NONE',  ( -1.000000000000000000, -0.000000000000000000, -0.000000000000000000 ) ) ;
#1428 = CARTESIAN_POINT ( 'NONE',  ( 0.8000000000000001554, 0.000000000000000000, 0.7999999999999997113 ) ) ;
#1429 = EDGE_CURVE ( 'NONE', #1861, #2720, #1404, .T. ) ;
#1430 = ORIENTED_EDGE ( 'NONE', *, *, #2835, .T. ) ;
#1431 = CARTESIAN_POINT ( 'NONE',  ( -0.6300000000000001155, 0.1019999999999999934, -0.2500000000000000000 ) ) ;
#1432 = DIRECTION ( 'NONE',  ( 1.000000000000000000, 0.000000000000000000, 0.000000000000000000 ) ) ;
#1433 = ORIENTED_EDGE ( 'NONE', *, *, #1495, .T. ) ;
#1434 = ORIENTED_EDGE ( 'NONE', *, *, #2835, .F. ) ;
#1435 = DIRECTION ( 'NONE',  ( 1.000000000000000000, 0.000000000000000000, 0.000000000000000000 ) ) ;
#1436 = VERTEX_POINT ( 'NONE', #2610 ) ;
#1437 = CARTESIAN_POINT ( 'NONE',  ( -0.3750000000000001110, 0.1019999999999999934, 0.5749999999999999556 ) ) ;
#1438 = EDGE_CURVE ( 'NONE', #1292, #2022, #2869, .T. ) ;
#1439 = CYLINDRICAL_SURFACE ( 'NONE', #715, 0.1000000000000000472 ) ;
#1440 = FACE_OUTER_BOUND ( 'NONE', #2140, .T. ) ;
#1441 = PRODUCT ( 'MIC94325YMT-TR', 'MIC94325YMT-TR', '', ( #1857 ) ) ;
#1442 = ORIENTED_EDGE ( 'NONE', *, *, #111, .T. ) ;
#1443 = LINE ( 'NONE', #293, #1941 ) ;
#1444 = CARTESIAN_POINT ( 'NONE',  ( -0.6300000000000001155, -0.05000000000000000971, 0.2500000000000000000 ) ) ;
#1445 = EDGE_CURVE ( 'NONE', #2941, #269, #976, .T. ) ;
#1446 = ORIENTED_EDGE ( 'NONE', *, *, #837, .T. ) ;
#1447 = VECTOR ( 'NONE', #2518, 1000.000000000000000 ) ;
#1448 = VECTOR ( 'NONE', #1720, 1000.000000000000000 ) ;
#1449 = LINE ( 'NONE', #333, #1836 ) ;
#1450 = LINE ( 'NONE', #2387, #2190 ) ;
#1451 = PRESENTATION_LAYER_ASSIGNMENT (  '', '', ( #14 ) ) ;
#1452 = VECTOR ( 'NONE', #247, 1000.000000000000000 ) ;
#1453 = ORIENTED_EDGE ( 'NONE', *, *, #299, .F. ) ;
#1454 = VECTOR ( 'NONE', #1129, 1000.000000000000000 ) ;
#1455 = VECTOR ( 'NONE', #1213, 1000.000000000000000 ) ;
#1456 = CARTESIAN_POINT ( 'NONE',  ( 0.000000000000000000, 0.1019999999999999934, 0.5749999999999999556 ) ) ;
#1457 = UNCERTAINTY_MEASURE_WITH_UNIT (LENGTH_MEASURE( 1.000000000000000082E-05 ), #2510, 'distance_accuracy_value', 'NONE');
#1458 = CIRCLE ( 'NONE', #513, 0.1249999999999998890 ) ;
#1459 = SURFACE_STYLE_USAGE ( .BOTH. , #535 ) ;
#1460 = ORIENTED_EDGE ( 'NONE', *, *, #2755, .T. ) ;
#1461 = VERTEX_POINT ( 'NONE', #582 ) ;
#1462 = CARTESIAN_POINT ( 'NONE',  ( -0.1250000000000001110, -0.05000000000000000971, 0.8000000000000000444 ) ) ;
#1463 = FACE_OUTER_BOUND ( 'NONE', #1895, .T. ) ;
#1464 = ORIENTED_EDGE ( 'NONE', *, *, #1974, .T. ) ;
#1465 = FACE_OUTER_BOUND ( 'NONE', #1337, .T. ) ;
#1466 = DIRECTION ( 'NONE',  ( 0.000000000000000000, -0.000000000000000000, -1.000000000000000000 ) ) ;
#1467 = PLANE ( 'NONE',  #2378 ) ;
#1468 = ORIENTED_EDGE ( 'NONE', *, *, #1775, .F. ) ;
#1469 = EDGE_CURVE ( 'NONE', #1461, #2483, #1961, .T. ) ;
#1470 = FACE_OUTER_BOUND ( 'NONE', #638, .T. ) ;
#1471 = LINE ( 'NONE', #1927, #852 ) ;
#1472 = DIRECTION ( 'NONE',  ( 0.000000000000000000, 0.000000000000000000, -1.000000000000000000 ) ) ;
#1473 = VERTEX_POINT ( 'NONE', #1562 ) ;
#1474 = SURFACE_STYLE_FILL_AREA ( #2643 ) ;
#1475 = CARTESIAN_POINT ( 'NONE',  ( -0.6300000000000001155, -0.05000000000000000278, 0.2500000000000001665 ) ) ;
#1476 = EDGE_CURVE ( 'NONE', #2512, #558, #2504, .T. ) ;
#1477 = ORIENTED_EDGE ( 'NONE', *, *, #505, .T. ) ;
#1478 = ORIENTED_EDGE ( 'NONE', *, *, #1995, .F. ) ;
#1479 = FACE_OUTER_BOUND ( 'NONE', #983, .T. ) ;
#1480 = PLANE ( 'NONE',  #261 ) ;
#1481 = ORIENTED_EDGE ( 'NONE', *, *, #1222, .F. ) ;
#1482 = CARTESIAN_POINT ( 'NONE',  ( 0.8000000000000001554, 0.5500000000000000444, 0.7999999999999997113 ) ) ;
#1483 = LINE ( 'NONE', #533, #1840 ) ;
#1484 = EDGE_CURVE ( 'NONE', #1246, #815, #1550, .T. ) ;
#1485 = LINE ( 'NONE', #1428, #2722 ) ;
#1486 = PLANE ( 'NONE',  #819 ) ;
#1487 = ORIENTED_EDGE ( 'NONE', *, *, #353, .F. ) ;
#1488 = DIRECTION ( 'NONE',  ( -1.000000000000000000, 0.000000000000000000, 1.355252715606880543E-16 ) ) ;
#1489 =( NAMED_UNIT ( * ) PLANE_ANGLE_UNIT ( ) SI_UNIT ( $, .RADIAN. ) );
#1490 = DIRECTION ( 'NONE',  ( 0.000000000000000000, -0.000000000000000000, 1.000000000000000000 ) ) ;
#1491 = ORIENTED_EDGE ( 'NONE', *, *, #977, .T. ) ;
#1492 = DIRECTION ( 'NONE',  ( 0.000000000000000000, 1.000000000000000000, 0.000000000000000000 ) ) ;
#1493 = PRODUCT ( 'MIC841HYMT-TR', 'MIC841HYMT-TR', '', ( #390 ) ) ;
#1494 = CARTESIAN_POINT ( 'NONE',  ( 0.6249999999999998890, -0.05000000000000000971, 0.5749999999999999556 ) ) ;
#1495 = EDGE_CURVE ( 'NONE', #2783, #691, #2713, .T. ) ;
#1496 = CARTESIAN_POINT ( 'NONE',  ( 0.1249999999999998890, 0.1019999999999999934, -0.5749999999999999556 ) ) ;
#1497 = AXIS2_PLACEMENT_3D ( 'NONE', #838, #1088, #789 ) ;
#1498 = ORIENTED_EDGE ( 'NONE', *, *, #1781, .F. ) ;
#1499 = CARTESIAN_POINT ( 'NONE',  ( 0.6300000000000000044, 0.1019999999999999934, -0.2499999999999998335 ) ) ;
#1500 = AXIS2_PLACEMENT_3D ( 'NONE', #2759, #2789, #1619 ) ;
#1501 = FACE_OUTER_BOUND ( 'NONE', #846, .T. ) ;
#1502 = CIRCLE ( 'NONE', #258, 0.1249999999999998890 ) ;
#1503 = PLANE ( 'NONE',  #2917 ) ;
#1504 =( NAMED_UNIT ( * ) PLANE_ANGLE_UNIT ( ) SI_UNIT ( $, .RADIAN. ) );
#1505 = ORIENTED_EDGE ( 'NONE', *, *, #2912, .T. ) ;
#1506 = CIRCLE ( 'NONE', #220, 0.1249999999999998890 ) ;
#1507 = CARTESIAN_POINT ( 'NONE',  ( 0.8000000000000001554, 0.5500000000000000444, -0.8000000000000003775 ) ) ;
#1508 = CARTESIAN_POINT ( 'NONE',  ( 0.000000000000000000, 0.000000000000000000, 0.000000000000000000 ) ) ;
#1509 = EDGE_CURVE ( 'NONE', #1662, #2483, #1087, .T. ) ;
#1510 = DIRECTION ( 'NONE',  ( 0.000000000000000000, 1.000000000000000000, 0.000000000000000000 ) ) ;
#1511 = VECTOR ( 'NONE', #337, 1000.000000000000000 ) ;
#1512 = ORIENTED_EDGE ( 'NONE', *, *, #2790, .T. ) ;
#1513 = DIRECTION ( 'NONE',  ( -1.000000000000000000, 0.000000000000000000, 1.355252715606880543E-16 ) ) ;
#1514 =( GEOMETRIC_REPRESENTATION_CONTEXT ( 3 ) GLOBAL_UNCERTAINTY_ASSIGNED_CONTEXT ( ( #933 ) ) GLOBAL_UNIT_ASSIGNED_CONTEXT ( ( #1586, #969, #525 ) ) REPRESENTATION_CONTEXT ( 'NONE', 'WORKASPACE' ) );
#1515 = CYLINDRICAL_SURFACE ( 'NONE', #2482, 0.1249999999999998890 ) ;
#1516 = SHAPE_REPRESENTATION ( 'MIC94325YMT-TR_8', ( #76 ), #1514 ) ;
#1517 = PLANE ( 'NONE',  #1554 ) ;
#1518 = ORIENTED_EDGE ( 'NONE', *, *, #2738, .F. ) ;
#1519 = CARTESIAN_POINT ( 'NONE',  ( 0.5000000000000000000, 0.1019999999999999934, -0.5749999999999999556 ) ) ;
#1520 = LINE ( 'NONE', #122, #2971 ) ;
#1521 = CARTESIAN_POINT ( 'NONE',  ( -0.1250000000000001110, 0.5500000000000000444, 0.7999999999999998224 ) ) ;
#1522 = FILL_AREA_STYLE_COLOUR ( '', #2979 ) ;
#1523 = PRODUCT_DEFINITION_SHAPE ( 'NONE', 'NONE',  #3047 ) ;
#1524 =( NAMED_UNIT ( * ) PLANE_ANGLE_UNIT ( ) SI_UNIT ( $, .RADIAN. ) );
#1525 = CARTESIAN_POINT ( 'NONE',  ( 0.000000000000000000, 0.000000000000000000, 0.000000000000000000 ) ) ;
#1526 = CARTESIAN_POINT ( 'NONE',  ( 0.5000000000000000000, -0.05000000000000000971, -0.4500000000000001221 ) ) ;
#1527 = ORIENTED_EDGE ( 'NONE', *, *, #2016, .T. ) ;
#1528 = LINE ( 'NONE', #608, #607 ) ;
#1529 = FACE_OUTER_BOUND ( 'NONE', #2915, .T. ) ;
#1530 = DIRECTION ( 'NONE',  ( 0.000000000000000000, -1.000000000000000000, 0.000000000000000000 ) ) ;
#1531 = LINE ( 'NONE', #1738, #1366 ) ;
#1532 = FILL_AREA_STYLE ('',( #354 ) ) ;
#1533 = CYLINDRICAL_SURFACE ( 'NONE', #118, 0.1249999999999998890 ) ;
#1534 = EDGE_CURVE ( 'NONE', #2501, #2707, #2958, .T. ) ;
#1535 = FACE_OUTER_BOUND ( 'NONE', #1900, .T. ) ;
#1536 = DIRECTION ( 'NONE',  ( -0.000000000000000000, -1.000000000000000000, -0.000000000000000000 ) ) ;
#1537 = APPLICATION_PROTOCOL_DEFINITION ( 'draft international standard', 'automotive_design', 1998, #887 ) ;
#1538 = DIRECTION ( 'NONE',  ( 1.000000000000000000, 0.000000000000000000, 0.000000000000000000 ) ) ;
#1539 = ORIENTED_EDGE ( 'NONE', *, *, #2357, .F. ) ;
#1540 = LINE ( 'NONE', #175, #19 ) ;
#1541 = EDGE_CURVE ( 'NONE', #1969, #1868, #1520, .T. ) ;
#1542 = FACE_OUTER_BOUND ( 'NONE', #1866, .T. ) ;
#1543 = VERTEX_POINT ( 'NONE', #1052 ) ;
#1544 = LINE ( 'NONE', #865, #1165 ) ;
#1545 = DIRECTION ( 'NONE',  ( -0.000000000000000000, -1.000000000000000000, -0.000000000000000000 ) ) ;
#1546 = MECHANICAL_DESIGN_GEOMETRIC_PRESENTATION_REPRESENTATION (  '', ( #2965 ), #1103 ) ;
#1547 = CIRCLE ( 'NONE', #2672, 0.1249999999999998890 ) ;
#1548 = CARTESIAN_POINT ( 'NONE',  ( -0.5000000000000000000, -0.05000000000000000971, -0.5749999999999999556 ) ) ;
#1549 = CARTESIAN_POINT ( 'NONE',  ( 0.3749999999999998890, 0.000000000000000000, -0.8000000000000000444 ) ) ;
#1550 = CIRCLE ( 'NONE', #1254, 0.1000000000000000749 ) ;
#1551 = AXIS2_PLACEMENT_3D ( 'NONE', #446, #201, #2588 ) ;
#1552 =( NAMED_UNIT ( * ) PLANE_ANGLE_UNIT ( ) SI_UNIT ( $, .RADIAN. ) );
#1553 = DIRECTION ( 'NONE',  ( 0.000000000000000000, 0.000000000000000000, 1.000000000000000000 ) ) ;
#1554 = AXIS2_PLACEMENT_3D ( 'NONE', #2232, #1267, #2206 ) ;
#1555 = DIRECTION ( 'NONE',  ( 0.000000000000000000, 0.000000000000000000, -1.000000000000000000 ) ) ;
#1556 = EDGE_CURVE ( 'NONE', #2955, #269, #2439, .T. ) ;
#1557 = ORIENTED_EDGE ( 'NONE', *, *, #2467, .F. ) ;
#1558 = CARTESIAN_POINT ( 'NONE',  ( 0.6249999999999998890, -0.05000000000000000971, -0.8000000000000000444 ) ) ;
#1559 = FACE_OUTER_BOUND ( 'NONE', #2389, .T. ) ;
#1560 = ORIENTED_EDGE ( 'NONE', *, *, #1723, .T. ) ;
#1561 = CARTESIAN_POINT ( 'NONE',  ( 0.000000000000000000, 0.000000000000000000, 0.000000000000000000 ) ) ;
#1562 = CARTESIAN_POINT ( 'NONE',  ( -0.6250000000000001110, 0.1019999999999999796, -0.8000000000000001554 ) ) ;
#1563 = EDGE_CURVE ( 'NONE', #1868, #735, #2192, .T. ) ;
#1564 = ORIENTED_EDGE ( 'NONE', *, *, #491, .F. ) ;
#1565 = DIRECTION ( 'NONE',  ( 0.000000000000000000, 0.000000000000000000, 1.000000000000000000 ) ) ;
#1566 = DIRECTION ( 'NONE',  ( -1.000000000000000000, 0.000000000000000000, -9.637352644315592778E-16 ) ) ;
#1567 = CARTESIAN_POINT ( 'NONE',  ( 0.5000000000000000000, 0.000000000000000000, 0.5749999999999999556 ) ) ;
#1568 = PLANE ( 'NONE',  #2386 ) ;
#1569 = ORIENTED_EDGE ( 'NONE', *, *, #2871, .F. ) ;
#1570 = CARTESIAN_POINT ( 'NONE',  ( 0.8000000000000001554, 0.000000000000000000, 0.7999999999999997113 ) ) ;
#1571 = CARTESIAN_POINT ( 'NONE',  ( -0.6300000000000001155, -0.05000000000000000278, -0.2500000000000000000 ) ) ;
#1572 = EDGE_CURVE ( 'NONE', #2855, #292, #2897, .T. ) ;
#1573 = ORIENTED_EDGE ( 'NONE', *, *, #2175, .F. ) ;
#1574 = ORIENTED_EDGE ( 'NONE', *, *, #2343, .T. ) ;
#1575 = ORIENTED_EDGE ( 'NONE', *, *, #2678, .T. ) ;
#1576 = CYLINDRICAL_SURFACE ( 'NONE', #2529, 0.05000000000000002359 ) ;
#1577 = ADVANCED_FACE ( 'NONE', ( #547 ), #848, .F. ) ;
#1578 = DIRECTION ( 'NONE',  ( 0.000000000000000000, -0.000000000000000000, -1.000000000000000000 ) ) ;
#1579 = APPLICATION_PROTOCOL_DEFINITION ( 'draft international standard', 'automotive_design', 1998, #1826 ) ;
#1580 = CARTESIAN_POINT ( 'NONE',  ( -0.3750000000000001110, 0.000000000000000000, 0.7999999999999999334 ) ) ;
#1581 = ORIENTED_EDGE ( 'NONE', *, *, #1631, .T. ) ;
#1582 = CARTESIAN_POINT ( 'NONE',  ( 0.1249999999999998890, 0.1019999999999999934, 0.5749999999999999556 ) ) ;
#1583 = CARTESIAN_POINT ( 'NONE',  ( 0.3750000000000001110, 0.1019999999999999934, -0.5749999999999999556 ) ) ;
#1584 = ADVANCED_FACE ( 'NONE', ( #1784 ), #617, .F. ) ;
#1585 = ORIENTED_EDGE ( 'NONE', *, *, #1201, .T. ) ;
#1586 =( LENGTH_UNIT ( ) NAMED_UNIT ( * ) SI_UNIT ( .MILLI., .METRE. ) );
#1587 = CARTESIAN_POINT ( 'NONE',  ( 0.4071455115690412740, -0.05000000000000000971, -0.1499999999999998279 ) ) ;
#1588 = VERTEX_POINT ( 'NONE', #370 ) ;
#1589 = CARTESIAN_POINT ( 'NONE',  ( 0.1249999999999998890, 0.5500000000000000444, -0.8000000000000002665 ) ) ;
#1590 = AXIS2_PLACEMENT_3D ( 'NONE', #2959, #849, #1565 ) ;
#1591 = PRODUCT_RELATED_PRODUCT_CATEGORY ( 'part', '', ( #2422 ) ) ;
#1592 = DIRECTION ( 'NONE',  ( 0.000000000000000000, 0.000000000000000000, 1.000000000000000000 ) ) ;
#1593 = PRODUCT_CONTEXT ( 'NONE', #2562, 'mechanical' ) ;
#1594 = VECTOR ( 'NONE', #1435, 1000.000000000000000 ) ;
#1595 = CARTESIAN_POINT ( 'NONE',  ( -0.6250000000000001110, 0.1019999999999999934, 0.8000000000000000444 ) ) ;
#1596 = CLOSED_SHELL ( 'NONE', ( #2154, #2568, #632, #348, #2561, #2997, #2893, #3038, #1320 ) ) ;
#1597 = ORIENTED_EDGE ( 'NONE', *, *, #396, .T. ) ;
#1598 = VECTOR ( 'NONE', #579, 1000.000000000000000 ) ;
#1599 = VECTOR ( 'NONE', #2708, 1000.000000000000000 ) ;
#1600 = DIRECTION ( 'NONE',  ( 0.000000000000000000, -0.000000000000000000, 1.000000000000000000 ) ) ;
#1601 = DIRECTION ( 'NONE',  ( 0.000000000000000000, -1.000000000000000000, -0.000000000000000000 ) ) ;
#1602 = AXIS2_PLACEMENT_3D ( 'NONE', #1277, #344, #779 ) ;
#1603 = VERTEX_POINT ( 'NONE', #2487 ) ;
#1604 = ORIENTED_EDGE ( 'NONE', *, *, #2013, .T. ) ;
#1605 = DIRECTION ( 'NONE',  ( 1.000000000000000000, 0.000000000000000000, 0.000000000000000000 ) ) ;
#1606 = VECTOR ( 'NONE', #596, 1000.000000000000000 ) ;
#1607 = ORIENTED_EDGE ( 'NONE', *, *, #2545, .T. ) ;
#1608 = CARTESIAN_POINT ( 'NONE',  ( 0.8000000000000001554, 0.1019999999999999796, -0.8000000000000003775 ) ) ;
#1609 = LINE ( 'NONE', #2320, #1696 ) ;
#1610 = APPLICATION_PROTOCOL_DEFINITION ( 'draft international standard', 'automotive_design', 1998, #645 ) ;
#1611 = DIRECTION ( 'NONE',  ( -0.000000000000000000, 1.000000000000000000, -0.000000000000000000 ) ) ;
#1612 = ORIENTED_EDGE ( 'NONE', *, *, #218, .T. ) ;
#1613 = LINE ( 'NONE', #1388, #1062 ) ;
#1614 = LINE ( 'NONE', #1583, #314 ) ;
#1615 = ADVANCED_FACE ( 'NONE', ( #79 ), #1316, .T. ) ;
#1616 = ORIENTED_EDGE ( 'NONE', *, *, #1929, .T. ) ;
#1617 = VERTEX_POINT ( 'NONE', #2666 ) ;
#1618 = ORIENTED_EDGE ( 'NONE', *, *, #1438, .F. ) ;
#1619 = DIRECTION ( 'NONE',  ( 0.000000000000000000, 0.000000000000000000, 1.000000000000000000 ) ) ;
#1620 = ADVANCED_FACE ( 'NONE', ( #1501 ), #1739, .F. ) ;
#1621 = SHAPE_REPRESENTATION ( 'MIC94325YMT-TR', ( #76 ), #2736 ) ;
#1622 = CONTEXT_DEPENDENT_SHAPE_REPRESENTATION ( #15, #1193 ) ;
#1623 = MANIFOLD_SOLID_BREP ( 'Boss-Extrude2[7]', #110 ) ;
#1624 = DIRECTION ( 'NONE',  ( 1.720955829342070209E-16, 0.000000000000000000, -1.000000000000000000 ) ) ;
#1625 = ORIENTED_EDGE ( 'NONE', *, *, #311, .F. ) ;
#1626 = CYLINDRICAL_SURFACE ( 'NONE', #2731, 0.1249999999999998890 ) ;
#1627 = DIRECTION ( 'NONE',  ( 0.000000000000000000, -1.000000000000000000, -0.000000000000000000 ) ) ;
#1628 = MANIFOLD_SOLID_BREP ( 'Boss-Extrude2[6]', #1596 ) ;
#1629 = VERTEX_POINT ( 'NONE', #398 ) ;
#1630 = VERTEX_POINT ( 'NONE', #2701 ) ;
#1631 = EDGE_CURVE ( 'NONE', #2517, #1637, #195, .T. ) ;
#1632 = ORIENTED_EDGE ( 'NONE', *, *, #2420, .F. ) ;
#1633 = EDGE_CURVE ( 'NONE', #37, #2991, #555, .T. ) ;
#1634 = DIRECTION ( 'NONE',  ( 1.000000000000000000, 0.000000000000000000, 9.637352644315592778E-16 ) ) ;
#1635 = CARTESIAN_POINT ( 'NONE',  ( 0.6300000000000000044, -0.05000000000000000971, 0.2500000000000002220 ) ) ;
#1636 = AXIS2_PLACEMENT_3D ( 'NONE', #1456, #1223, #47 ) ;
#1637 = VERTEX_POINT ( 'NONE', #1144 ) ;
#1638 = PLANE ( 'NONE',  #2488 ) ;
#1639 = VECTOR ( 'NONE', #2304, 1000.000000000000000 ) ;
#1640 = DIRECTION ( 'NONE',  ( -0.000000000000000000, -0.000000000000000000, 1.000000000000000000 ) ) ;
#1641 = ADVANCED_FACE ( 'NONE', ( #2080 ), #1867, .F. ) ;
#1642 = ADVANCED_BREP_SHAPE_REPRESENTATION ( '', ( #599, #76 ), #2251 ) ;
#1643 = STYLED_ITEM ( 'NONE', ( #1380 ), #1628 ) ;
#1644 = AXIS2_PLACEMENT_3D ( 'NONE', #394, #2513, #2019 ) ;
#1645 = EDGE_LOOP ( 'NONE', ( #2711, #427, #1560, #1930 ) ) ;
#1646 = ORIENTED_EDGE ( 'NONE', *, *, #1386, .F. ) ;
#1647 = CIRCLE ( 'NONE', #811, 0.1249999999999998890 ) ;
#1648 = LINE ( 'NONE', #941, #1160 ) ;
#1649 = CIRCLE ( 'NONE', #2180, 0.1000000000000000472 ) ;
#1650 = AXIS2_PLACEMENT_3D ( 'NONE', #1635, #1624, #1397 ) ;
#1651 = ORIENTED_EDGE ( 'NONE', *, *, #326, .T. ) ;
#1652 = CYLINDRICAL_SURFACE ( 'NONE', #1689, 0.1249999999999998890 ) ;
#1653 = FACE_OUTER_BOUND ( 'NONE', #2573, .T. ) ;
#1654 = VECTOR ( 'NONE', #1102, 1000.000000000000000 ) ;
#1655 = EDGE_CURVE ( 'NONE', #2114, #206, #2972, .T. ) ;
#1656 = PRODUCT_DEFINITION_FORMATION_WITH_SPECIFIED_SOURCE ( 'ANY', '', #1664, .NOT_KNOWN. ) ;
#1657 = FACE_OUTER_BOUND ( 'NONE', #496, .T. ) ;
#1658 = PLANE ( 'NONE',  #1116 ) ;
#1659 = ORIENTED_EDGE ( 'NONE', *, *, #1572, .T. ) ;
#1660 = DIRECTION ( 'NONE',  ( 0.000000000000000000, 0.000000000000000000, 1.000000000000000000 ) ) ;
#1661 = FACE_OUTER_BOUND ( 'NONE', #1043, .T. ) ;
#1662 = VERTEX_POINT ( 'NONE', #868 ) ;
#1663 = ORIENTED_EDGE ( 'NONE', *, *, #2706, .F. ) ;
#1664 = PRODUCT ( 'MIC94325YMT-TR_5', 'MIC94325YMT-TR_5', '', ( #2750 ) ) ;
#1665 = EDGE_CURVE ( 'NONE', #2707, #1833, #162, .T. ) ;
#1666 = LINE ( 'NONE', #2878, #1057 ) ;
#1667 = ORIENTED_EDGE ( 'NONE', *, *, #2039, .T. ) ;
#1668 = CARTESIAN_POINT ( 'NONE',  ( -0.1250000000000001110, 0.1019999999999999796, -0.8000000000000001554 ) ) ;
#1669 = CARTESIAN_POINT ( 'NONE',  ( -0.6249999999999998890, 0.1019999999999999934, 0.5749999999999999556 ) ) ;
#1670 = EDGE_CURVE ( 'NONE', #815, #3019, #2745, .T. ) ;
#1671 = EDGE_LOOP ( 'NONE', ( #2603, #2342, #2515, #1230 ) ) ;
#1672 = LINE ( 'NONE', #511, #2535 ) ;
#1673 = EDGE_CURVE ( 'NONE', #2918, #2326, #2302, .T. ) ;
#1674 = CARTESIAN_POINT ( 'NONE',  ( -0.3750000000000001110, -0.05000000000000000971, -0.8000000000000000444 ) ) ;
#1675 = ORIENTED_EDGE ( 'NONE', *, *, #2951, .T. ) ;
#1676 = CARTESIAN_POINT ( 'NONE',  ( -0.1249999999999998890, 0.000000000000000000, -0.5749999999999999556 ) ) ;
#1677 = DIRECTION ( 'NONE',  ( -1.000000000000000000, 0.000000000000000000, -1.156919772971274837E-16 ) ) ;
#1678 = ORIENTED_EDGE ( 'NONE', *, *, #1839, .T. ) ;
#1679 = DIRECTION ( 'NONE',  ( 0.000000000000000000, 1.000000000000000000, -0.000000000000000000 ) ) ;
#1680 = CARTESIAN_POINT ( 'NONE',  ( 0.4071455115690412740, -0.05000000000000000971, -0.1499999999999998279 ) ) ;
#1681 = FILL_AREA_STYLE ('',( #2837 ) ) ;
#1682 = PRODUCT ( 'MIC94325YMT-TR_3', 'MIC94325YMT-TR_3', '', ( #932 ) ) ;
#1683 = ORIENTED_EDGE ( 'NONE', *, *, #2590, .F. ) ;
#1684 = DIRECTION ( 'NONE',  ( 0.000000000000000000, -1.000000000000000000, 0.000000000000000000 ) ) ;
#1685 =( NAMED_UNIT ( * ) SI_UNIT ( $, .STERADIAN. ) SOLID_ANGLE_UNIT ( ) );
#1686 = CARTESIAN_POINT ( 'NONE',  ( 0.5000000000000000000, 0.1019999999999999934, -0.8000000000000000444 ) ) ;
#1687 = EDGE_CURVE ( 'NONE', #2546, #1033, #2124, .T. ) ;
#1688 = ORIENTED_EDGE ( 'NONE', *, *, #1655, .F. ) ;
#1689 = AXIS2_PLACEMENT_3D ( 'NONE', #2921, #334, #1280 ) ;
#1690 = ORIENTED_EDGE ( 'NONE', *, *, #1233, .F. ) ;
#1691 = CARTESIAN_POINT ( 'NONE',  ( -0.5000000000000000000, 0.1019999999999999934, -0.5749999999999999556 ) ) ;
#1692 = VECTOR ( 'NONE', #680, 1000.000000000000000 ) ;
#1693 = VECTOR ( 'NONE', #2032, 1000.000000000000000 ) ;
#1694 = ORIENTED_EDGE ( 'NONE', *, *, #123, .T. ) ;
#1695 = AXIS2_PLACEMENT_3D ( 'NONE', #1409, #986, #1189 ) ;
#1696 = VECTOR ( 'NONE', #199, 1000.000000000000000 ) ;
#1697 = VECTOR ( 'NONE', #173, 1000.000000000000000 ) ;
#1698 = DIRECTION ( 'NONE',  ( -9.637352644315592778E-16, 0.000000000000000000, -1.000000000000000000 ) ) ;
#1699 = UNCERTAINTY_MEASURE_WITH_UNIT (LENGTH_MEASURE( 1.000000000000000082E-05 ), #23, 'distance_accuracy_value', 'NONE');
#1700 = ADVANCED_FACE ( 'NONE', ( #2344 ), #1467, .F. ) ;
#1701 = CARTESIAN_POINT ( 'NONE',  ( -0.3750000000000001110, 0.1019999999999999934, -0.5749999999999999556 ) ) ;
#1702 = ORIENTED_EDGE ( 'NONE', *, *, #2402, .T. ) ;
#1703 = CARTESIAN_POINT ( 'NONE',  ( 0.8000000000000001554, 0.5500000000000000444, 0.7999999999999997113 ) ) ;
#1704 =( LENGTH_UNIT ( ) NAMED_UNIT ( * ) SI_UNIT ( .MILLI., .METRE. ) );
#1705 = ORIENTED_EDGE ( 'NONE', *, *, #2420, .T. ) ;
#1706 = FACE_OUTER_BOUND ( 'NONE', #2943, .T. ) ;
#1707 = EDGE_CURVE ( 'NONE', #541, #1813, #2594, .T. ) ;
#1708 = DIRECTION ( 'NONE',  ( 1.156919772971274837E-16, 0.000000000000000000, -1.000000000000000000 ) ) ;
#1709 = ORIENTED_EDGE ( 'NONE', *, *, #1670, .F. ) ;
#1710 = CARTESIAN_POINT ( 'NONE',  ( 0.3750000000000001110, 0.000000000000000000, -0.5749999999999999556 ) ) ;
#1711 = CYLINDRICAL_SURFACE ( 'NONE', #449, 0.1249999999999998890 ) ;
#1712 = DIRECTION ( 'NONE',  ( -0.000000000000000000, -1.000000000000000000, -0.000000000000000000 ) ) ;
#1713 = EDGE_CURVE ( 'NONE', #690, #2593, #272, .T. ) ;
#1714 = VERTEX_POINT ( 'NONE', #2401 ) ;
#1715 = DIRECTION ( 'NONE',  ( -1.000000000000000000, 0.000000000000000000, 9.637352644315592778E-16 ) ) ;
#1716 = DIRECTION ( 'NONE',  ( 0.000000000000000000, 0.000000000000000000, 1.000000000000000000 ) ) ;
#1717 = CYLINDRICAL_SURFACE ( 'NONE', #2340, 0.1249999999999998890 ) ;
#1718 = VERTEX_POINT ( 'NONE', #285 ) ;
#1719 = ADVANCED_BREP_SHAPE_REPRESENTATION ( '', ( #1623, #76 ), #620 ) ;
#1720 = DIRECTION ( 'NONE',  ( 0.000000000000000000, 0.000000000000000000, 1.000000000000000000 ) ) ;
#1721 = CARTESIAN_POINT ( 'NONE',  ( 0.1249999999999998890, 0.1019999999999999934, -0.5749999999999999556 ) ) ;
#1722 = CARTESIAN_POINT ( 'NONE',  ( -0.5000000000000000000, 0.1019999999999999934, 0.5749999999999999556 ) ) ;
#1723 = EDGE_CURVE ( 'NONE', #2325, #1151, #1666, .T. ) ;
#1724 = ORIENTED_EDGE ( 'NONE', *, *, #1132, .F. ) ;
#1725 = LINE ( 'NONE', #2665, #1263 ) ;
#1726 = CARTESIAN_POINT ( 'NONE',  ( -0.1250000000000001110, 0.000000000000000000, 0.000000000000000000 ) ) ;
#1727 = FACE_OUTER_BOUND ( 'NONE', #1770, .T. ) ;
#1728 = LINE ( 'NONE', #1701, #2388 ) ;
#1729 = VERTEX_POINT ( 'NONE', #240 ) ;
#1730 = CARTESIAN_POINT ( 'NONE',  ( 0.3749999999999998890, 0.1019999999999999934, 0.8000000000000000444 ) ) ;
#1731 = LINE ( 'NONE', #829, #2927 ) ;
#1732 = ORIENTED_EDGE ( 'NONE', *, *, #2076, .F. ) ;
#1733 = ORIENTED_EDGE ( 'NONE', *, *, #249, .F. ) ;
#1734 = DIRECTION ( 'NONE',  ( 0.000000000000000000, 0.000000000000000000, 1.000000000000000000 ) ) ;
#1735 = DIRECTION ( 'NONE',  ( -0.000000000000000000, -1.000000000000000000, 0.000000000000000000 ) ) ;
#1736 = VECTOR ( 'NONE', #2286, 1000.000000000000000 ) ;
#1737 = ORIENTED_EDGE ( 'NONE', *, *, #850, .F. ) ;
#1738 = CARTESIAN_POINT ( 'NONE',  ( 0.6249999999999998890, 0.1019999999999999934, 0.5749999999999999556 ) ) ;
#1739 = PLANE ( 'NONE',  #2041 ) ;
#1740 = AXIS2_PLACEMENT_3D ( 'NONE', #2399, #283, #1279 ) ;
#1741 = CIRCLE ( 'NONE', #2872, 0.1249999999999998890 ) ;
#1742 = VECTOR ( 'NONE', #2852, 1000.000000000000000 ) ;
#1743 = CARTESIAN_POINT ( 'NONE',  ( 0.5000000000000000000, 0.1019999999999999934, 0.5749999999999999556 ) ) ;
#1744 = ADVANCED_FACE ( 'NONE', ( #56 ), #2831, .F. ) ;
#1745 = AXIS2_PLACEMENT_3D ( 'NONE', #2523, #2554, #404 ) ;
#1746 = PRESENTATION_STYLE_ASSIGNMENT (( #1459 ) ) ;
#1747 = VERTEX_POINT ( 'NONE', #10 ) ;
#1748 = DIRECTION ( 'NONE',  ( -1.000000000000000000, 0.000000000000000000, 0.000000000000000000 ) ) ;
#1749 = CARTESIAN_POINT ( 'NONE',  ( 0.000000000000000000, 0.000000000000000000, 0.000000000000000000 ) ) ;
#1750 = CYLINDRICAL_SURFACE ( 'NONE', #2492, 0.1249999999999998890 ) ;
#1751 = AXIS2_PLACEMENT_3D ( 'NONE', #1499, #1991, #2926 ) ;
#1752 = ORIENTED_EDGE ( 'NONE', *, *, #299, .T. ) ;
#1753 = LINE ( 'NONE', #1798, #1154 ) ;
#1754 = DIRECTION ( 'NONE',  ( -0.000000000000000000, -0.000000000000000000, 1.000000000000000000 ) ) ;
#1755 = DIRECTION ( 'NONE',  ( -0.000000000000000000, -1.000000000000000000, -0.000000000000000000 ) ) ;
#1756 = EDGE_CURVE ( 'NONE', #2022, #2905, #1001, .T. ) ;
#1757 = ORIENTED_EDGE ( 'NONE', *, *, #1954, .F. ) ;
#1758 = DIRECTION ( 'NONE',  ( 0.000000000000000000, 0.000000000000000000, 1.000000000000000000 ) ) ;
#1759 = DIRECTION ( 'NONE',  ( 0.000000000000000000, 0.000000000000000000, -1.000000000000000000 ) ) ;
#1760 = LINE ( 'NONE', #2702, #1297 ) ;
#1761 = DIRECTION ( 'NONE',  ( 0.000000000000000000, -0.000000000000000000, 1.000000000000000000 ) ) ;
#1762 = PRODUCT ( 'MIC94325YMT-TR_4', 'MIC94325YMT-TR_4', '', ( #2333 ) ) ;
#1763 = ADVANCED_FACE ( 'NONE', ( #727 ), #1939, .F. ) ;
#1764 = DIRECTION ( 'NONE',  ( -0.000000000000000000, -1.000000000000000000, -0.000000000000000000 ) ) ;
#1765 =( NAMED_UNIT ( * ) SI_UNIT ( $, .STERADIAN. ) SOLID_ANGLE_UNIT ( ) );
#1766 = DIRECTION ( 'NONE',  ( -1.720955829342070209E-16, 0.000000000000000000, 1.000000000000000000 ) ) ;
#1767 = VERTEX_POINT ( 'NONE', #451 ) ;
#1768 = LINE ( 'NONE', #156, #1599 ) ;
#1769 = CARTESIAN_POINT ( 'NONE',  ( 0.000000000000000000, -0.05000000000000000971, 0.8000000000000000444 ) ) ;
#1770 = EDGE_LOOP ( 'NONE', ( #3031, #2752, #796, #2843, #759 ) ) ;
#1771 = CARTESIAN_POINT ( 'NONE',  ( -0.6250000000000001110, 0.1019999999999999934, 0.8000000000000000444 ) ) ;
#1772 = DIRECTION ( 'NONE',  ( 4.412546038538918282E-16, 0.000000000000000000, -1.000000000000000000 ) ) ;
#1773 = CARTESIAN_POINT ( 'NONE',  ( 0.7000000000000000666, 0.5300000000000001377, -0.7400000000000004352 ) ) ;
#1774 = CARTESIAN_POINT ( 'NONE',  ( -0.5000000000000000000, 0.1019999999999999934, -0.5749999999999999556 ) ) ;
#1775 = EDGE_CURVE ( 'NONE', #2991, #1828, #1648, .T. ) ;
#1776 = CARTESIAN_POINT ( 'NONE',  ( -0.3750000000000001110, -0.05000000000000000971, 0.5749999999999999556 ) ) ;
#1777 = LINE ( 'NONE', #2045, #760 ) ;
#1778 = ORIENTED_EDGE ( 'NONE', *, *, #985, .T. ) ;
#1779 = CARTESIAN_POINT ( 'NONE',  ( 0.6300000000000000044, -0.05000000000000000971, -0.2499999999999998335 ) ) ;
#1780 = CARTESIAN_POINT ( 'NONE',  ( 0.1249999999999998890, 0.000000000000000000, -0.5749999999999999556 ) ) ;
#1781 = EDGE_CURVE ( 'NONE', #206, #1065, #21, .T. ) ;
#1782 = ORIENTED_EDGE ( 'NONE', *, *, #3044, .T. ) ;
#1783 = CARTESIAN_POINT ( 'NONE',  ( 0.4071455115690412740, -0.05000000000000000971, -0.2499999999999998890 ) ) ;
#1784 = FACE_OUTER_BOUND ( 'NONE', #1850, .T. ) ;
#1785 = VECTOR ( 'NONE', #2130, 1000.000000000000000 ) ;
#1786 = CIRCLE ( 'NONE', #2132, 0.1249999999999998890 ) ;
#1787 = CARTESIAN_POINT ( 'NONE',  ( 0.1249999999999998890, -0.05000000000000000278, 0.8000000000000000444 ) ) ;
#1788 = CARTESIAN_POINT ( 'NONE',  ( 0.1249999999999998890, 0.1019999999999999934, 0.8000000000000000444 ) ) ;
#1789 = VECTOR ( 'NONE', #137, 1000.000000000000000 ) ;
#1790 = STYLED_ITEM ( 'NONE', ( #130 ), #539 ) ;
#1791 = EDGE_CURVE ( 'NONE', #1603, #236, #1741, .T. ) ;
#1792 = SHAPE_REPRESENTATION_RELATIONSHIP ( 'NONE' , 'NONE' ,  #30, #1719 ) ;
#1793 = AXIS2_PLACEMENT_3D ( 'NONE', #2356, #1708, #1677 ) ;
#1794 = AXIS2_PLACEMENT_3D ( 'NONE', #2306, #2104, #1592 ) ;
#1795 = LINE ( 'NONE', #625, #1697 ) ;
#1796 = VECTOR ( 'NONE', #1432, 1000.000000000000000 ) ;
#1797 = VERTEX_POINT ( 'NONE', #2143 ) ;
#1798 = CARTESIAN_POINT ( 'NONE',  ( -0.3750000000000001110, -0.05000000000000000971, 0.5749999999999999556 ) ) ;
#1799 = STYLED_ITEM ( 'NONE', ( #1746 ), #2637 ) ;
#1800 = LINE ( 'NONE', #2987, #1454 ) ;
#1801 = AXIS2_PLACEMENT_3D ( 'NONE', #1525, #2460, #2495 ) ;
#1802 = VERTEX_POINT ( 'NONE', #29 ) ;
#1803 = EDGE_CURVE ( 'NONE', #2111, #1718, #1175, .T. ) ;
#1804 = DIRECTION ( 'NONE',  ( -0.000000000000000000, -0.000000000000000000, -1.000000000000000000 ) ) ;
#1805 = SHAPE_REPRESENTATION ( 'MIC94325YMT-TR_1', ( #76 ), #374 ) ;
#1806 = ORIENTED_EDGE ( 'NONE', *, *, #803, .T. ) ;
#1807 = DIRECTION ( 'NONE',  ( 0.000000000000000000, -0.000000000000000000, -1.000000000000000000 ) ) ;
#1808 = CARTESIAN_POINT ( 'NONE',  ( 0.6249999999999998890, 0.1019999999999999934, 0.5749999999999999556 ) ) ;
#1809 = DIRECTION ( 'NONE',  ( 0.000000000000000000, 0.000000000000000000, -1.000000000000000000 ) ) ;
#1810 = APPLICATION_PROTOCOL_DEFINITION ( 'draft international standard', 'automotive_design', 1998, #1045 ) ;
#1811 = CARTESIAN_POINT ( 'NONE',  ( 0.5071455115690413074, 0.1019999999999999934, -0.2499999999999998890 ) ) ;
#1812 = EDGE_CURVE ( 'NONE', #119, #77, #2845, .T. ) ;
#1813 = VERTEX_POINT ( 'NONE', #1210 ) ;
#1814 = CARTESIAN_POINT ( 'NONE',  ( 0.000000000000000000, -0.05000000000000000971, 0.5749999999999999556 ) ) ;
#1815 = CARTESIAN_POINT ( 'NONE',  ( 0.3749999999999998890, -0.05000000000000000971, -0.8000000000000000444 ) ) ;
#1816 = EDGE_LOOP ( 'NONE', ( #830, #528, #633, #2368 ) ) ;
#1817 = SURFACE_STYLE_FILL_AREA ( #1161 ) ;
#1818 = ORIENTED_EDGE ( 'NONE', *, *, #2366, .F. ) ;
#1819 = DIRECTION ( 'NONE',  ( 0.000000000000000000, 0.000000000000000000, 1.000000000000000000 ) ) ;
#1820 = LINE ( 'NONE', #1808, #2635 ) ;
#1821 = EDGE_CURVE ( 'NONE', #2166, #1879, #2337, .T. ) ;
#1822 = UNCERTAINTY_MEASURE_WITH_UNIT (LENGTH_MEASURE( 1.000000000000000082E-05 ), #107, 'distance_accuracy_value', 'NONE');
#1823 = DIRECTION ( 'NONE',  ( -0.000000000000000000, -1.000000000000000000, -0.000000000000000000 ) ) ;
#1824 = ORIENTED_EDGE ( 'NONE', *, *, #1924, .T. ) ;
#1825 = CARTESIAN_POINT ( 'NONE',  ( -0.6300000000000001155, -0.05000000000000000971, 0.2500000000000000000 ) ) ;
#1826 = APPLICATION_CONTEXT ( 'automotive_design' ) ;
#1827 = FACE_OUTER_BOUND ( 'NONE', #2498, .T. ) ;
#1828 = VERTEX_POINT ( 'NONE', #498 ) ;
#1829 = ORIENTED_EDGE ( 'NONE', *, *, #2457, .F. ) ;
#1830 = SHAPE_REPRESENTATION_RELATIONSHIP ( 'NONE' , 'NONE' ,  #129, #987 ) ;
#1831 = EDGE_CURVE ( 'NONE', #2435, #2268, #1450, .T. ) ;
#1832 = DIRECTION ( 'NONE',  ( -9.637352644315592778E-16, 0.000000000000000000, -1.000000000000000000 ) ) ;
#1833 = VERTEX_POINT ( 'NONE', #43 ) ;
#1834 = DIRECTION ( 'NONE',  ( 0.000000000000000000, 1.000000000000000000, 0.000000000000000000 ) ) ;
#1835 = AXIS2_PLACEMENT_3D ( 'NONE', #472, #1231, #712 ) ;
#1836 = VECTOR ( 'NONE', #1513, 1000.000000000000000 ) ;
#1837 = DIRECTION ( 'NONE',  ( -0.000000000000000000, 0.000000000000000000, 1.000000000000000000 ) ) ;
#1838 = ITEM_DEFINED_TRANSFORMATION ( 'NONE', 'NONE', #3033,  #76 ) ;
#1839 = EDGE_CURVE ( 'NONE', #1174, #1151, #1647, .T. ) ;
#1840 = VECTOR ( 'NONE', #256, 1000.000000000000000 ) ;
#1841 = CARTESIAN_POINT ( 'NONE',  ( -0.6249999999999998890, 0.1019999999999999934, 0.5749999999999999556 ) ) ;
#1842 = COLOUR_RGB ( '',1.000000000000000000, 1.000000000000000000, 1.000000000000000000 ) ;
#1843 = ORIENTED_EDGE ( 'NONE', *, *, #754, .T. ) ;
#1844 = AXIS2_PLACEMENT_3D ( 'NONE', #2278, #1339, #2324 ) ;
#1845 = AXIS2_PLACEMENT_3D ( 'NONE', #1567, #1764, #1809 ) ;
#1846 = LINE ( 'NONE', #2074, #414 ) ;
#1847 = DIRECTION ( 'NONE',  ( 0.000000000000000000, 0.000000000000000000, 1.000000000000000000 ) ) ;
#1848 =( GEOMETRIC_REPRESENTATION_CONTEXT ( 3 ) GLOBAL_UNCERTAINTY_ASSIGNED_CONTEXT ( ( #685 ) ) GLOBAL_UNIT_ASSIGNED_CONTEXT ( ( #477, #2089, #2792 ) ) REPRESENTATION_CONTEXT ( 'NONE', 'WORKASPACE' ) );
#1849 = ORIENTED_EDGE ( 'NONE', *, *, #2357, .T. ) ;
#1850 = EDGE_LOOP ( 'NONE', ( #2833, #1430, #2768, #58 ) ) ;
#1851 = CIRCLE ( 'NONE', #2001, 0.1249999999999998890 ) ;
#1852 = PRESENTATION_STYLE_ASSIGNMENT (( #836 ) ) ;
#1853 = ADVANCED_FACE ( 'NONE', ( #1542 ), #1480, .T. ) ;
#1854 = ORIENTED_EDGE ( 'NONE', *, *, #1168, .T. ) ;
#1855 = DIRECTION ( 'NONE',  ( 0.000000000000000000, -0.000000000000000000, -1.000000000000000000 ) ) ;
#1856 = CARTESIAN_POINT ( 'NONE',  ( 0.000000000000000000, 0.1019999999999999934, -0.5749999999999999556 ) ) ;
#1857 = PRODUCT_CONTEXT ( 'NONE', #563, 'mechanical' ) ;
#1858 = UNCERTAINTY_MEASURE_WITH_UNIT (LENGTH_MEASURE( 1.000000000000000082E-05 ), #2327, 'distance_accuracy_value', 'NONE');
#1859 = SURFACE_SIDE_STYLE ('',( #2567 ) ) ;
#1860 = ADVANCED_FACE ( 'NONE', ( #2663 ), #2481, .F. ) ;
#1861 = VERTEX_POINT ( 'NONE', #1958 ) ;
#1862 = DIRECTION ( 'NONE',  ( -0.000000000000000000, -1.000000000000000000, -0.000000000000000000 ) ) ;
#1863 = DIRECTION ( 'NONE',  ( -0.000000000000000000, 0.000000000000000000, -1.000000000000000000 ) ) ;
#1864 = EDGE_CURVE ( 'NONE', #1729, #3005, #1291, .T. ) ;
#1865 = ORIENTED_EDGE ( 'NONE', *, *, #249, .T. ) ;
#1866 = EDGE_LOOP ( 'NONE', ( #1616, #2988, #1046, #112 ) ) ;
#1867 = PLANE ( 'NONE',  #1203 ) ;
#1868 = VERTEX_POINT ( 'NONE', #2414 ) ;
#1869 = LINE ( 'NONE', #417, #2285 ) ;
#1870 =( LENGTH_UNIT ( ) NAMED_UNIT ( * ) SI_UNIT ( .MILLI., .METRE. ) );
#1871 = ITEM_DEFINED_TRANSFORMATION ( 'NONE', 'NONE', #2149,  #76 ) ;
#1872 = EDGE_CURVE ( 'NONE', #2621, #2034, #134, .T. ) ;
#1873 = LINE ( 'NONE', #1917, #319 ) ;
#1874 = VERTEX_POINT ( 'NONE', #335 ) ;
#1875 = FACE_OUTER_BOUND ( 'NONE', #580, .T. ) ;
#1876 = EDGE_CURVE ( 'NONE', #2279, #1588, #2453, .T. ) ;
#1877 = CYLINDRICAL_SURFACE ( 'NONE', #1363, 0.1249999999999998890 ) ;
#1878 = ORIENTED_EDGE ( 'NONE', *, *, #44, .F. ) ;
#1879 = VERTEX_POINT ( 'NONE', #1281 ) ;
#1880 = CARTESIAN_POINT ( 'NONE',  ( 0.000000000000000000, -0.05000000000000000971, -0.5749999999999999556 ) ) ;
#1881 = ORIENTED_EDGE ( 'NONE', *, *, #945, .T. ) ;
#1882 = DIRECTION ( 'NONE',  ( 0.000000000000000000, 1.000000000000000000, 0.000000000000000000 ) ) ;
#1883 = PRODUCT_DEFINITION_CONTEXT ( 'detailed design', #1184, 'design' ) ;
#1884 = PLANE ( 'NONE',  #2046 ) ;
#1885 = VECTOR ( 'NONE', #1101, 1000.000000000000000 ) ;
#1886 = APPLICATION_CONTEXT ( 'automotive_design' ) ;
#1887 = EDGE_CURVE ( 'NONE', #37, #2313, #661, .T. ) ;
#1888 = ORIENTED_EDGE ( 'NONE', *, *, #2298, .T. ) ;
#1889 = CARTESIAN_POINT ( 'NONE',  ( 0.000000000000000000, 0.000000000000000000, -0.2500000000000000000 ) ) ;
#1890 = DIRECTION ( 'NONE',  ( -0.000000000000000000, 1.000000000000000000, -0.000000000000000000 ) ) ;
#1891 = CIRCLE ( 'NONE', #1153, 0.1000000000000000749 ) ;
#1892 = CARTESIAN_POINT ( 'NONE',  ( 0.7000000000000000666, 0.5300000000000001377, -0.7000000000000002887 ) ) ;
#1893 =( GEOMETRIC_REPRESENTATION_CONTEXT ( 3 ) GLOBAL_UNCERTAINTY_ASSIGNED_CONTEXT ( ( #1858 ) ) GLOBAL_UNIT_ASSIGNED_CONTEXT ( ( #2327, #1344, #898 ) ) REPRESENTATION_CONTEXT ( 'NONE', 'WORKASPACE' ) );
#1894 = ORIENTED_EDGE ( 'NONE', *, *, #1250, .F. ) ;
#1895 = EDGE_LOOP ( 'NONE', ( #1314, #2524, #1694, #397 ) ) ;
#1896 = VECTOR ( 'NONE', #2854, 1000.000000000000000 ) ;
#1897 = DIRECTION ( 'NONE',  ( -1.000000000000000000, -0.000000000000000000, -1.720955829342070209E-16 ) ) ;
#1898 = ADVANCED_FACE ( 'NONE', ( #820 ), #1517, .F. ) ;
#1899 = AXIS2_PLACEMENT_3D ( 'NONE', #538, #1306, #1538 ) ;
#1900 = EDGE_LOOP ( 'NONE', ( #1411, #2647, #1705, #1029 ) ) ;
#1901 = CARTESIAN_POINT ( 'NONE',  ( 0.5000000000000000000, 0.000000000000000000, 0.5749999999999999556 ) ) ;
#1902 = AXIS2_PLACEMENT_3D ( 'NONE', #1333, #2245, #2978 ) ;
#1903 = LINE ( 'NONE', #2836, #2035 ) ;
#1904 = DIRECTION ( 'NONE',  ( 9.637352644315592778E-16, -0.000000000000000000, -1.000000000000000000 ) ) ;
#1905 = ORIENTED_EDGE ( 'NONE', *, *, #522, .T. ) ;
#1906 = DIRECTION ( 'NONE',  ( 9.637352644315592778E-16, 0.000000000000000000, 1.000000000000000000 ) ) ;
#1907 = DIRECTION ( 'NONE',  ( -0.000000000000000000, 1.000000000000000000, -0.000000000000000000 ) ) ;
#1908 = EDGE_CURVE ( 'NONE', #2158, #1461, #2186, .T. ) ;
#1909 = EDGE_LOOP ( 'NONE', ( #1849, #1138, #1278, #2468 ) ) ;
#1910 = ORIENTED_EDGE ( 'NONE', *, *, #2229, .F. ) ;
#1911 = DIRECTION ( 'NONE',  ( -1.000000000000000000, -0.000000000000000000, 0.000000000000000000 ) ) ;
#1912 = EDGE_CURVE ( 'NONE', #236, #1797, #213, .T. ) ;
#1913 =( REPRESENTATION_RELATIONSHIP ('NONE','NONE', #2473, #1938 ) REPRESENTATION_RELATIONSHIP_WITH_TRANSFORMATION ( #3008 )SHAPE_REPRESENTATION_RELATIONSHIP( ) );
#1914 = ORIENTED_EDGE ( 'NONE', *, *, #2962, .T. ) ;
#1915 = CARTESIAN_POINT ( 'NONE',  ( 0.3750000000000001110, 0.1019999999999999934, -0.5749999999999999556 ) ) ;
#1916 = CARTESIAN_POINT ( 'NONE',  ( 0.6249999999999998890, 0.1019999999999999796, -0.8000000000000002665 ) ) ;
#1917 = CARTESIAN_POINT ( 'NONE',  ( 0.3749999999999998890, 0.1019999999999999934, 0.8000000000000000444 ) ) ;
#1918 = EDGE_LOOP ( 'NONE', ( #905, #1724, #1225, #834 ) ) ;
#1919 = CARTESIAN_POINT ( 'NONE',  ( 0.1249999999999998890, 0.1019999999999999796, -0.8000000000000001554 ) ) ;
#1920 = DIRECTION ( 'NONE',  ( -0.000000000000000000, -1.000000000000000000, 0.000000000000000000 ) ) ;
#1921 = ORIENTED_EDGE ( 'NONE', *, *, #1011, .T. ) ;
#1922 = LINE ( 'NONE', #270, #1058 ) ;
#1923 = CARTESIAN_POINT ( 'NONE',  ( 0.000000000000000000, 0.1019999999999999934, 0.5749999999999999556 ) ) ;
#1924 = EDGE_CURVE ( 'NONE', #1204, #2710, #2940, .T. ) ;
#1925 = ORIENTED_EDGE ( 'NONE', *, *, #2100, .T. ) ;
#1926 = DIRECTION ( 'NONE',  ( -0.000000000000000000, 1.000000000000000000, 0.000000000000000000 ) ) ;
#1927 = CARTESIAN_POINT ( 'NONE',  ( -0.5000000000000000000, -0.05000000000000000971, -0.4500000000000001221 ) ) ;
#1928 = CARTESIAN_POINT ( 'NONE',  ( 0.000000000000000000, 0.1019999999999999934, 0.4500000000000001221 ) ) ;
#1929 = EDGE_CURVE ( 'NONE', #913, #2114, #2254, .T. ) ;
#1930 = ORIENTED_EDGE ( 'NONE', *, *, #1839, .F. ) ;
#1931 = CARTESIAN_POINT ( 'NONE',  ( -0.6300000000000001155, -0.05000000000000000971, -0.2499999999999998890 ) ) ;
#1932 = VECTOR ( 'NONE', #1698, 1000.000000000000000 ) ;
#1933 = PLANE ( 'NONE',  #1899 ) ;
#1934 = VERTEX_POINT ( 'NONE', #2679 ) ;
#1935 = VECTOR ( 'NONE', #1754, 1000.000000000000000 ) ;
#1936 = EDGE_LOOP ( 'NONE', ( #165, #612, #704, #41 ) ) ;
#1937 = CARTESIAN_POINT ( 'NONE',  ( -0.1250000000000001110, -0.05000000000000000971, -0.8000000000000000444 ) ) ;
#1938 = SHAPE_REPRESENTATION ( 'MIC94325YMT-TR_4', ( #76 ), #769 ) ;
#1939 = PLANE ( 'NONE',  #1793 ) ;
#1940 = AXIS2_PLACEMENT_3D ( 'NONE', #597, #1772, #1285 ) ;
#1941 = VECTOR ( 'NONE', #981, 1000.000000000000000 ) ;
#1942 = EDGE_LOOP ( 'NONE', ( #149, #1757, #72, #97 ) ) ;
#1943 = CARTESIAN_POINT ( 'NONE',  ( -0.3750000000000001110, 0.1019999999999999934, -0.8000000000000000444 ) ) ;
#1944 = CIRCLE ( 'NONE', #367, 0.1249999999999998890 ) ;
#1945 = LINE ( 'NONE', #742, #2334 ) ;
#1946 = EDGE_CURVE ( 'NONE', #2295, #2336, #2923, .T. ) ;
#1947 = VECTOR ( 'NONE', #3009, 1000.000000000000000 ) ;
#1948 = DIRECTION ( 'NONE',  ( 0.000000000000000000, 0.000000000000000000, -1.000000000000000000 ) ) ;
#1949 = VECTOR ( 'NONE', #2225, 1000.000000000000000 ) ;
#1950 = CARTESIAN_POINT ( 'NONE',  ( 0.000000000000000000, 0.5500000000000000444, 0.000000000000000000 ) ) ;
#1951 = ORIENTED_EDGE ( 'NONE', *, *, #3007, .T. ) ;
#1952 = LINE ( 'NONE', #1030, #2775 ) ;
#1953 = DIRECTION ( 'NONE',  ( 0.000000000000000000, -1.000000000000000000, 0.000000000000000000 ) ) ;
#1954 = EDGE_CURVE ( 'NONE', #791, #967, #2774, .T. ) ;
#1955 = ORIENTED_EDGE ( 'NONE', *, *, #1670, .T. ) ;
#1956 = EDGE_LOOP ( 'NONE', ( #1651, #2091, #351, #2328 ) ) ;
#1957 = DIRECTION ( 'NONE',  ( 0.000000000000000000, 0.000000000000000000, -1.000000000000000000 ) ) ;
#1958 = CARTESIAN_POINT ( 'NONE',  ( 0.3750000000000000000, 0.000000000000000000, 0.5749999999999999556 ) ) ;
#1959 = EDGE_LOOP ( 'NONE', ( #2797, #471, #251, #1829 ) ) ;
#1960 = PLANE ( 'NONE',  #668 ) ;
#1961 = LINE ( 'NONE', #2945, #1789 ) ;
#1962 = PRODUCT_DEFINITION_SHAPE ( 'NONE', 'NONE',  #1332 ) ;
#1963 = DIRECTION ( 'NONE',  ( -1.000000000000000000, 0.000000000000000000, -9.637352644315592778E-16 ) ) ;
#1964 = LINE ( 'NONE', #806, #564 ) ;
#1965 = ORIENTED_EDGE ( 'NONE', *, *, #2010, .F. ) ;
#1966 = EDGE_CURVE ( 'NONE', #2022, #2918, #2954, .T. ) ;
#1967 = PLANE ( 'NONE',  #2627 ) ;
#1968 = LINE ( 'NONE', #997, #1410 ) ;
#1969 = VERTEX_POINT ( 'NONE', #2908 ) ;
#1970 = VERTEX_POINT ( 'NONE', #2220 ) ;
#1971 = CARTESIAN_POINT ( 'NONE',  ( -0.5000000000000000000, 0.000000000000000000, -0.5749999999999999556 ) ) ;
#1972 = DIRECTION ( 'NONE',  ( -0.000000000000000000, -1.000000000000000000, -0.000000000000000000 ) ) ;
#1973 = ORIENTED_EDGE ( 'NONE', *, *, #2223, .F. ) ;
#1974 = EDGE_CURVE ( 'NONE', #2664, #891, #845, .T. ) ;
#1975 = CARTESIAN_POINT ( 'NONE',  ( -0.6249999999999998890, -0.05000000000000000971, 0.5749999999999999556 ) ) ;
#1976 = CARTESIAN_POINT ( 'NONE',  ( 0.5000000000000000000, -0.05000000000000000971, 0.5749999999999999556 ) ) ;
#1977 = DIRECTION ( 'NONE',  ( 0.000000000000000000, 0.000000000000000000, 1.000000000000000000 ) ) ;
#1978 = LINE ( 'NONE', #1122, #2541 ) ;
#1979 = EDGE_LOOP ( 'NONE', ( #2559, #923, #1453, #350 ) ) ;
#1980 = PLANE ( 'NONE',  #2090 ) ;
#1981 = CARTESIAN_POINT ( 'NONE',  ( -0.6250000000000001110, 0.5500000000000000444, -0.8000000000000001554 ) ) ;
#1982 = EDGE_CURVE ( 'NONE', #2867, #1767, #530, .T. ) ;
#1983 = ORIENTED_EDGE ( 'NONE', *, *, #1707, .T. ) ;
#1984 = LINE ( 'NONE', #1217, #1054 ) ;
#1985 = PRODUCT_DEFINITION_SHAPE ( 'NONE', 'NONE',  #1090 ) ;
#1986 = DIRECTION ( 'NONE',  ( 0.000000000000000000, -0.000000000000000000, 1.000000000000000000 ) ) ;
#1987 = CARTESIAN_POINT ( 'NONE',  ( 0.1249999999999998890, 0.000000000000000000, -0.5749999999999999556 ) ) ;
#1988 = VECTOR ( 'NONE', #1272, 1000.000000000000000 ) ;
#1989 = APPLICATION_CONTEXT ( 'automotive_design' ) ;
#1990 = ORIENTED_EDGE ( 'NONE', *, *, #991, .F. ) ;
#1991 = DIRECTION ( 'NONE',  ( 1.000000000000000000, 0.000000000000000000, 0.000000000000000000 ) ) ;
#1992 = VECTOR ( 'NONE', #1679, 1000.000000000000000 ) ;
#1993 = DIRECTION ( 'NONE',  ( 0.000000000000000000, -0.000000000000000000, 1.000000000000000000 ) ) ;
#1994 = CIRCLE ( 'NONE', #657, 0.1249999999999998890 ) ;
#1995 = EDGE_CURVE ( 'NONE', #2034, #2550, #562, .T. ) ;
#1996 = VECTOR ( 'NONE', #784, 1000.000000000000000 ) ;
#1997 = VECTOR ( 'NONE', #1139, 1000.000000000000000 ) ;
#1998 = DIRECTION ( 'NONE',  ( 0.000000000000000000, 0.000000000000000000, 1.000000000000000000 ) ) ;
#1999 = AXIS2_PLACEMENT_3D ( 'NONE', #2539, #2017, #904 ) ;
#2000 = EDGE_CURVE ( 'NONE', #412, #45, #1800, .T. ) ;
#2001 = AXIS2_PLACEMENT_3D ( 'NONE', #2222, #78, #2009 ) ;
#2002 = DIRECTION ( 'NONE',  ( 0.000000000000000000, 0.000000000000000000, 1.000000000000000000 ) ) ;
#2003 = DIRECTION ( 'NONE',  ( -0.000000000000000000, -1.000000000000000000, -0.000000000000000000 ) ) ;
#2004 = ORIENTED_EDGE ( 'NONE', *, *, #2505, .F. ) ;
#2005 = ORIENTED_EDGE ( 'NONE', *, *, #673, .F. ) ;
#2006 = DIRECTION ( 'NONE',  ( -0.000000000000000000, 1.000000000000000000, -0.000000000000000000 ) ) ;
#2007 = DIRECTION ( 'NONE',  ( 0.000000000000000000, 0.000000000000000000, 1.000000000000000000 ) ) ;
#2008 = ORIENTED_EDGE ( 'NONE', *, *, #1831, .F. ) ;
#2009 = DIRECTION ( 'NONE',  ( 0.000000000000000000, 0.000000000000000000, -1.000000000000000000 ) ) ;
#2010 = EDGE_CURVE ( 'NONE', #1543, #2867, #1614, .T. ) ;
#2011 = CARTESIAN_POINT ( 'NONE',  ( 0.5000000000000000000, 0.1019999999999999934, 0.5749999999999999556 ) ) ;
#2012 = DIRECTION ( 'NONE',  ( 0.000000000000000000, 0.000000000000000000, -1.000000000000000000 ) ) ;
#2013 = EDGE_CURVE ( 'NONE', #2842, #2585, #71, .T. ) ;
#2014 = DIRECTION ( 'NONE',  ( 0.000000000000000000, 0.000000000000000000, 1.000000000000000000 ) ) ;
#2015 = PRESENTATION_STYLE_ASSIGNMENT (( #2247 ) ) ;
#2016 = EDGE_CURVE ( 'NONE', #1767, #935, #879, .T. ) ;
#2017 = DIRECTION ( 'NONE',  ( 0.000000000000000000, -1.000000000000000000, 0.000000000000000000 ) ) ;
#2018 = ORIENTED_EDGE ( 'NONE', *, *, #614, .F. ) ;
#2019 = DIRECTION ( 'NONE',  ( 0.000000000000000000, -0.000000000000000000, -1.000000000000000000 ) ) ;
#2020 = DIRECTION ( 'NONE',  ( 0.000000000000000000, 0.000000000000000000, 1.000000000000000000 ) ) ;
#2021 = ORIENTED_EDGE ( 'NONE', *, *, #2948, .F. ) ;
#2022 = VERTEX_POINT ( 'NONE', #2033 ) ;
#2023 = LINE ( 'NONE', #426, #2148 ) ;
#2024 = CARTESIAN_POINT ( 'NONE',  ( 0.3749999999999998890, 0.1019999999999999934, -0.5749999999999999556 ) ) ;
#2025 = EDGE_CURVE ( 'NONE', #2403, #2609, #3034, .T. ) ;
#2026 = CARTESIAN_POINT ( 'NONE',  ( 0.6300000000000000044, -0.05000000000000000971, -0.2499999999999998890 ) ) ;
#2027 = LINE ( 'NONE', #169, #371 ) ;
#2028 = LINE ( 'NONE', #1105, #1162 ) ;
#2029 =( REPRESENTATION_RELATIONSHIP ('NONE','NONE', #2473, #1516 ) REPRESENTATION_RELATIONSHIP_WITH_TRANSFORMATION ( #1167 )SHAPE_REPRESENTATION_RELATIONSHIP( ) );
#2030 = ADVANCED_FACE ( 'NONE', ( #2754 ), #860, .F. ) ;
#2031 = VERTEX_POINT ( 'NONE', #640 ) ;
#2032 = DIRECTION ( 'NONE',  ( -0.000000000000000000, -1.000000000000000000, -0.000000000000000000 ) ) ;
#2033 = CARTESIAN_POINT ( 'NONE',  ( -0.6249999999999998890, 0.1019999999999999934, -0.5749999999999999556 ) ) ;
#2034 = VERTEX_POINT ( 'NONE', #1780 ) ;
#2035 = VECTOR ( 'NONE', #732, 1000.000000000000000 ) ;
#2036 = VERTEX_POINT ( 'NONE', #2544 ) ;
#2037 = VECTOR ( 'NONE', #92, 1000.000000000000000 ) ;
#2038 = DIRECTION ( 'NONE',  ( 0.000000000000000000, 0.000000000000000000, -1.000000000000000000 ) ) ;
#2039 = EDGE_CURVE ( 'NONE', #1828, #2710, #2586, .T. ) ;
#2040 = PLANE ( 'NONE',  #1902 ) ;
#2041 = AXIS2_PLACEMENT_3D ( 'NONE', #324, #338, #1759 ) ;
#2042 = AXIS2_PLACEMENT_3D ( 'NONE', #2265, #2964, #2543 ) ;
#2043 = CARTESIAN_POINT ( 'NONE',  ( 0.6249999999999998890, -0.05000000000000000971, -0.8000000000000000444 ) ) ;
#2044 = VECTOR ( 'NONE', #3000, 1000.000000000000000 ) ;
#2045 = CARTESIAN_POINT ( 'NONE',  ( 0.1249999999999998890, -0.05000000000000000971, -0.5749999999999999556 ) ) ;
#2046 = AXIS2_PLACEMENT_3D ( 'NONE', #744, #262, #2583 ) ;
#2047 = ORIENTED_EDGE ( 'NONE', *, *, #1201, .F. ) ;
#2048 = CARTESIAN_POINT ( 'NONE',  ( -0.7999999999999999334, 0.5500000000000000444, 0.7999999999999999334 ) ) ;
#2049 = APPLICATION_CONTEXT ( 'automotive_design' ) ;
#2050 = VECTOR ( 'NONE', #2189, 1000.000000000000000 ) ;
#2051 = CARTESIAN_POINT ( 'NONE',  ( -0.3750000000000001110, -0.05000000000000000971, 0.5749999999999999556 ) ) ;
#2052 = CYLINDRICAL_SURFACE ( 'NONE', #1360, 0.1000000000000000749 ) ;
#2053 = ORIENTED_EDGE ( 'NONE', *, *, #2000, .F. ) ;
#2054 = VERTEX_POINT ( 'NONE', #1571 ) ;
#2055 = CARTESIAN_POINT ( 'NONE',  ( -0.3750000000000001110, 0.1019999999999999796, 0.7999999999999999334 ) ) ;
#2056 = DIRECTION ( 'NONE',  ( -0.000000000000000000, 1.000000000000000000, 0.000000000000000000 ) ) ;
#2057 = PLANE ( 'NONE',  #2630 ) ;
#2058 = APPLICATION_PROTOCOL_DEFINITION ( 'draft international standard', 'automotive_design', 1998, #1199 ) ;
#2059 = CARTESIAN_POINT ( 'NONE',  ( -0.3750000000000001110, -0.05000000000000000971, -0.5749999999999999556 ) ) ;
#2060 = ORIENTED_EDGE ( 'NONE', *, *, #57, .F. ) ;
#2061 = CARTESIAN_POINT ( 'NONE',  ( -0.6250000000000001110, -0.05000000000000000971, -0.8000000000000000444 ) ) ;
#2062 = CARTESIAN_POINT ( 'NONE',  ( 0.8000000000000001554, 0.1019999999999999796, 0.7999999999999997113 ) ) ;
#2063 = ORIENTED_EDGE ( 'NONE', *, *, #957, .T. ) ;
#2064 = VERTEX_POINT ( 'NONE', #909 ) ;
#2065 = DIRECTION ( 'NONE',  ( -0.000000000000000000, 1.000000000000000000, -0.000000000000000000 ) ) ;
#2066 = ADVANCED_FACE ( 'NONE', ( #1827 ), #2514, .T. ) ;
#2067 = EDGE_LOOP ( 'NONE', ( #2985, #26 ) ) ;
#2068 = DIRECTION ( 'NONE',  ( 0.000000000000000000, -1.000000000000000000, 0.000000000000000000 ) ) ;
#2069 = PLANE ( 'NONE',  #1398 ) ;
#2070 = SHAPE_DEFINITION_REPRESENTATION ( #1962, #1805 ) ;
#2071 = UNCERTAINTY_MEASURE_WITH_UNIT (LENGTH_MEASURE( 1.000000000000000082E-05 ), #342, 'distance_accuracy_value', 'NONE');
#2072 = LINE ( 'NONE', #2059, #866 ) ;
#2073 = ORIENTED_EDGE ( 'NONE', *, *, #1438, .T. ) ;
#2074 = CARTESIAN_POINT ( 'NONE',  ( 0.6249999999999998890, -0.05000000000000000971, 0.8000000000000000444 ) ) ;
#2075 = CARTESIAN_POINT ( 'NONE',  ( 0.000000000000000000, 0.1019999999999999934, 0.5749999999999999556 ) ) ;
#2076 = EDGE_CURVE ( 'NONE', #3002, #1861, #1140, .T. ) ;
#2077 = VERTEX_POINT ( 'NONE', #1111 ) ;
#2078 = VERTEX_POINT ( 'NONE', #2724 ) ;
#2079 = FACE_OUTER_BOUND ( 'NONE', #780, .T. ) ;
#2080 = FACE_OUTER_BOUND ( 'NONE', #2411, .T. ) ;
#2081 = VERTEX_POINT ( 'NONE', #2297 ) ;
#2082 = FACE_OUTER_BOUND ( 'NONE', #2188, .T. ) ;
#2083 = ADVANCED_FACE ( 'NONE', ( #145 ), #423, .F. ) ;
#2084 = AXIS2_PLACEMENT_3D ( 'NONE', #441, #2533, #1368 ) ;
#2085 = CLOSED_SHELL ( 'NONE', ( #1141, #2116, #2385, #1860, #593, #2715, #2030, #2509, #31, #565, #730, #2651, #387, #2394, #1700, #2642, #2240, #517, #903, #2318, #429, #2813, #1620, #2767, #931, #1345, #764, #1392, #203, #677, #1293, #1239, #745, #2121, #1744, #1763, #1042, #2348, #2942, #1577, #795, #1017, #1069, #281, #1335 ) ) ;
#2086 = FACE_OUTER_BOUND ( 'NONE', #1936, .T. ) ;
#2087 = CONTEXT_DEPENDENT_SHAPE_REPRESENTATION ( #230, #1523 ) ;
#2088 = VECTOR ( 'NONE', #2456, 1000.000000000000000 ) ;
#2089 =( NAMED_UNIT ( * ) PLANE_ANGLE_UNIT ( ) SI_UNIT ( $, .RADIAN. ) );
#2090 = AXIS2_PLACEMENT_3D ( 'NONE', #603, #2262, #106 ) ;
#2091 = ORIENTED_EDGE ( 'NONE', *, *, #996, .F. ) ;
#2092 = VECTOR ( 'NONE', #1601, 1000.000000000000000 ) ;
#2093 = MECHANICAL_DESIGN_GEOMETRIC_PRESENTATION_REPRESENTATION (  '', ( #2242 ), #611 ) ;
#2094 = CARTESIAN_POINT ( 'NONE',  ( 0.6249999999999998890, 0.1019999999999999934, -0.5749999999999999556 ) ) ;
#2095 = CARTESIAN_POINT ( 'NONE',  ( -0.6250000000000001110, -0.05000000000000000971, 0.8000000000000000444 ) ) ;
#2096 = AXIS2_PLACEMENT_3D ( 'NONE', #1323, #131, #420 ) ;
#2097 = ORIENTED_EDGE ( 'NONE', *, *, #101, .T. ) ;
#2098 = ORIENTED_EDGE ( 'NONE', *, *, #1445, .F. ) ;
#2099 = AXIS2_PLACEMENT_3D ( 'NONE', #1315, #2516, #2549 ) ;
#2100 = EDGE_CURVE ( 'NONE', #1436, #1264, #1944, .T. ) ;
#2101 = EDGE_LOOP ( 'NONE', ( #1733, #1557, #514, #2303 ) ) ;
#2102 = CARTESIAN_POINT ( 'NONE',  ( 0.000000000000000000, 0.000000000000000000, -0.2499999999999998890 ) ) ;
#2103 = PRODUCT_DEFINITION ( 'UNKNOWN', '', #1656, #2291 ) ;
#2104 = DIRECTION ( 'NONE',  ( -0.000000000000000000, 1.000000000000000000, -0.000000000000000000 ) ) ;
#2105 = SHAPE_DEFINITION_REPRESENTATION ( #947, #129 ) ;
#2106 = PLANE ( 'NONE',  #2244 ) ;
#2107 = EDGE_CURVE ( 'NONE', #2501, #2279, #191, .T. ) ;
#2108 = ORIENTED_EDGE ( 'NONE', *, *, #2951, .F. ) ;
#2109 = CARTESIAN_POINT ( 'NONE',  ( 0.000000000000000000, 0.5500000000000000444, -0.8000000000000003775 ) ) ;
#2110 = DIRECTION ( 'NONE',  ( 0.000000000000000000, 0.000000000000000000, 1.000000000000000000 ) ) ;
#2111 = VERTEX_POINT ( 'NONE', #655 ) ;
#2112 = EDGE_LOOP ( 'NONE', ( #531, #1003, #1309, #1491, #1604 ) ) ;
#2113 = CARTESIAN_POINT ( 'NONE',  ( -0.1250000000000001110, 0.000000000000000000, -0.8000000000000000444 ) ) ;
#2114 = VERTEX_POINT ( 'NONE', #676 ) ;
#2115 = LINE ( 'NONE', #722, #2865 ) ;
#2116 = ADVANCED_FACE ( 'NONE', ( #2266 ), #2500, .F. ) ;
#2117 = CARTESIAN_POINT ( 'NONE',  ( 0.5000000000000000000, -0.05000000000000000971, 0.8000000000000000444 ) ) ;
#2118 = ORIENTED_EDGE ( 'NONE', *, *, #1429, .F. ) ;
#2119 = DIRECTION ( 'NONE',  ( -0.000000000000000000, -1.000000000000000000, 0.000000000000000000 ) ) ;
#2120 = CARTESIAN_POINT ( 'NONE',  ( 0.3749999999999998890, 0.000000000000000000, 0.000000000000000000 ) ) ;
#2121 = ADVANCED_FACE ( 'NONE', ( #1559 ), #435, .F. ) ;
#2122 = EDGE_LOOP ( 'NONE', ( #1037, #1355, #1539, #1330 ) ) ;
#2123 = VERTEX_POINT ( 'NONE', #609 ) ;
#2124 = LINE ( 'NONE', #1232, #755 ) ;
#2125 = APPLICATION_CONTEXT ( 'automotive_design' ) ;
#2126 = ORIENTED_EDGE ( 'NONE', *, *, #1633, .F. ) ;
#2127 = CARTESIAN_POINT ( 'NONE',  ( -0.6250000000000001110, -0.05000000000000000971, 0.8000000000000000444 ) ) ;
#2128 = PRODUCT_DEFINITION_SHAPE ( 'NONE', 'NONE',  #3048 ) ;
#2129 = EDGE_CURVE ( 'NONE', #2034, #77, #758, .T. ) ;
#2130 = DIRECTION ( 'NONE',  ( -0.000000000000000000, 0.000000000000000000, 1.000000000000000000 ) ) ;
#2131 = UNCERTAINTY_MEASURE_WITH_UNIT (LENGTH_MEASURE( 1.000000000000000082E-05 ), #1870, 'distance_accuracy_value', 'NONE');
#2132 = AXIS2_PLACEMENT_3D ( 'NONE', #1743, #2687, #2012 ) ;
#2133 = EDGE_LOOP ( 'NONE', ( #392, #1778, #332, #2126 ) ) ;
#2134 = DIRECTION ( 'NONE',  ( -0.000000000000000000, -1.000000000000000000, 0.000000000000000000 ) ) ;
#2135 =( LENGTH_UNIT ( ) NAMED_UNIT ( * ) SI_UNIT ( .MILLI., .METRE. ) );
#2136 = AXIS2_PLACEMENT_3D ( 'NONE', #303, #774, #960 ) ;
#2137 = CARTESIAN_POINT ( 'NONE',  ( -0.6300000000000001155, 0.1019999999999999934, -0.2500000000000000000 ) ) ;
#2138 = VECTOR ( 'NONE', #2922, 1000.000000000000000 ) ;
#2139 = VECTOR ( 'NONE', #906, 1000.000000000000000 ) ;
#2140 = EDGE_LOOP ( 'NONE', ( #1888, #1158, #709, #2832, #2956 ) ) ;
#2141 = ORIENTED_EDGE ( 'NONE', *, *, #2884, .F. ) ;
#2142 = VECTOR ( 'NONE', #1640, 1000.000000000000000 ) ;
#2143 = CARTESIAN_POINT ( 'NONE',  ( -0.3750000000000001110, 0.000000000000000000, 0.5749999999999999556 ) ) ;
#2144 = VECTOR ( 'NONE', #1712, 1000.000000000000000 ) ;
#2145 = ORIENTED_EDGE ( 'NONE', *, *, #1123, .F. ) ;
#2146 = DIRECTION ( 'NONE',  ( 0.000000000000000000, -1.000000000000000000, 0.000000000000000000 ) ) ;
#2147 = APPLICATION_CONTEXT ( 'automotive_design' ) ;
#2148 = VECTOR ( 'NONE', #1890, 1000.000000000000000 ) ;
#2149 = AXIS2_PLACEMENT_3D ( 'NONE', #1508, #1092, #2477 ) ;
#2150 = DIRECTION ( 'NONE',  ( 0.000000000000000000, 0.000000000000000000, -1.000000000000000000 ) ) ;
#2151 = ORIENTED_EDGE ( 'NONE', *, *, #589, .T. ) ;
#2152 = DIRECTION ( 'NONE',  ( -1.000000000000000000, 0.000000000000000000, -9.637352644315592778E-16 ) ) ;
#2153 = CARTESIAN_POINT ( 'NONE',  ( -0.3750000000000001110, 0.1019999999999999934, -0.5749999999999999556 ) ) ;
#2154 = ADVANCED_FACE ( 'NONE', ( #1661 ), #2052, .F. ) ;
#2155 = ORIENTED_EDGE ( 'NONE', *, *, #1484, .T. ) ;
#2156 = DIRECTION ( 'NONE',  ( -0.000000000000000000, -1.000000000000000000, -0.000000000000000000 ) ) ;
#2157 = DIRECTION ( 'NONE',  ( -0.000000000000000000, -1.000000000000000000, -0.000000000000000000 ) ) ;
#2158 = VERTEX_POINT ( 'NONE', #971 ) ;
#2159 = PLANE ( 'NONE',  #1108 ) ;
#2160 = EDGE_CURVE ( 'NONE', #2839, #2163, #1421, .T. ) ;
#2161 = DIRECTION ( 'NONE',  ( -0.000000000000000000, -1.000000000000000000, -0.000000000000000000 ) ) ;
#2162 = LINE ( 'NONE', #1056, #1949 ) ;
#2163 = VERTEX_POINT ( 'NONE', #982 ) ;
#2164 = DIRECTION ( 'NONE',  ( 1.000000000000000000, 0.000000000000000000, -0.000000000000000000 ) ) ;
#2165 = LINE ( 'NONE', #1228, #2292 ) ;
#2166 = VERTEX_POINT ( 'NONE', #937 ) ;
#2167 = CARTESIAN_POINT ( 'NONE',  ( -0.3750000000000001110, -0.05000000000000000278, 0.8000000000000000444 ) ) ;
#2168 = DIRECTION ( 'NONE',  ( 0.000000000000000000, -1.000000000000000000, 0.000000000000000000 ) ) ;
#2169 = EDGE_CURVE ( 'NONE', #1934, #3005, #1215, .T. ) ;
#2170 = DIRECTION ( 'NONE',  ( 0.000000000000000000, -0.000000000000000000, 1.000000000000000000 ) ) ;
#2171 = ORIENTED_EDGE ( 'NONE', *, *, #1974, .F. ) ;
#2172 = CARTESIAN_POINT ( 'NONE',  ( 0.6300000000000000044, 0.1019999999999999934, -0.2499999999999998335 ) ) ;
#2173 = CARTESIAN_POINT ( 'NONE',  ( -0.3750000000000001110, 0.000000000000000000, -0.5749999999999999556 ) ) ;
#2174 = PLANE ( 'NONE',  #1257 ) ;
#2175 = EDGE_CURVE ( 'NONE', #2527, #2114, #2165, .T. ) ;
#2176 = DIRECTION ( 'NONE',  ( 0.000000000000000000, 1.000000000000000000, 0.000000000000000000 ) ) ;
#2177 = ORIENTED_EDGE ( 'NONE', *, *, #2728, .F. ) ;
#2178 = LINE ( 'NONE', #2199, #1405 ) ;
#2179 = EDGE_CURVE ( 'NONE', #558, #509, #737, .T. ) ;
#2180 = AXIS2_PLACEMENT_3D ( 'NONE', #2654, #306, #81 ) ;
#2181 = LINE ( 'NONE', #1981, #1260 ) ;
#2182 = ORIENTED_EDGE ( 'NONE', *, *, #1369, .T. ) ;
#2183 = VECTOR ( 'NONE', #1021, 1000.000000000000000 ) ;
#2184 = CARTESIAN_POINT ( 'NONE',  ( -0.5000000000000000000, -0.05000000000000000971, 0.5749999999999999556 ) ) ;
#2185 = CARTESIAN_POINT ( 'NONE',  ( -0.5000000000000000000, 0.1019999999999999934, -0.4500000000000001221 ) ) ;
#2186 = LINE ( 'NONE', #75, #2381 ) ;
#2187 = VECTOR ( 'NONE', #2868, 1000.000000000000000 ) ;
#2188 = EDGE_LOOP ( 'NONE', ( #2021, #2548, #644, #1434 ) ) ;
#2189 = DIRECTION ( 'NONE',  ( -0.000000000000000000, -0.000000000000000000, -1.000000000000000000 ) ) ;
#2190 = VECTOR ( 'NONE', #2157, 1000.000000000000000 ) ;
#2191 = CIRCLE ( 'NONE', #1845, 0.1249999999999998890 ) ;
#2192 = LINE ( 'NONE', #802, #454 ) ;
#2193 = VECTOR ( 'NONE', #1863, 1000.000000000000000 ) ;
#2194 = EDGE_CURVE ( 'NONE', #2874, #182, #447, .T. ) ;
#2195 = LINE ( 'NONE', #488, #1785 ) ;
#2196 = VECTOR ( 'NONE', #622, 1000.000000000000000 ) ;
#2197 = FACE_OUTER_BOUND ( 'NONE', #336, .T. ) ;
#2198 = ORIENTED_EDGE ( 'NONE', *, *, #44, .T. ) ;
#2199 = CARTESIAN_POINT ( 'NONE',  ( -0.6250000000000001110, 0.1019999999999999934, 0.8000000000000000444 ) ) ;
#2200 = SHAPE_REPRESENTATION_RELATIONSHIP ( 'NONE' , 'NONE' ,  #1516, #2638 ) ;
#2201 = CARTESIAN_POINT ( 'NONE',  ( 0.000000000000000000, -0.05000000000000000971, -0.8000000000000000444 ) ) ;
#2202 = ADVANCED_FACE ( 'NONE', ( #480 ), #1877, .T. ) ;
#2203 = EDGE_LOOP ( 'NONE', ( #1216, #1422, #1346, #613 ) ) ;
#2204 = DIRECTION ( 'NONE',  ( -1.000000000000000000, -0.000000000000000000, -0.000000000000000000 ) ) ;
#2205 = DIRECTION ( 'NONE',  ( 0.000000000000000000, -1.000000000000000000, 0.000000000000000000 ) ) ;
#2206 = DIRECTION ( 'NONE',  ( -1.000000000000000000, 0.000000000000000000, -0.000000000000000000 ) ) ;
#2207 = ORIENTED_EDGE ( 'NONE', *, *, #1094, .T. ) ;
#2208 = DIRECTION ( 'NONE',  ( 0.000000000000000000, -1.000000000000000000, 0.000000000000000000 ) ) ;
#2209 = DIRECTION ( 'NONE',  ( -0.000000000000000000, 0.000000000000000000, -1.000000000000000000 ) ) ;
#2210 = CARTESIAN_POINT ( 'NONE',  ( -0.5000000000000000000, 0.1019999999999999934, 0.4500000000000001221 ) ) ;
#2211 = EDGE_CURVE ( 'NONE', #815, #690, #964, .T. ) ;
#2212 = DIRECTION ( 'NONE',  ( -0.000000000000000000, -1.000000000000000000, 0.000000000000000000 ) ) ;
#2213 = ORIENTED_EDGE ( 'NONE', *, *, #589, .F. ) ;
#2214 = DIRECTION ( 'NONE',  ( 0.000000000000000000, 0.000000000000000000, 1.000000000000000000 ) ) ;
#2215 = DIRECTION ( 'NONE',  ( 0.000000000000000000, 0.000000000000000000, 1.000000000000000000 ) ) ;
#2216 = ORIENTED_EDGE ( 'NONE', *, *, #1982, .T. ) ;
#2217 = ORIENTED_EDGE ( 'NONE', *, *, #1094, .F. ) ;
#2218 = FACE_OUTER_BOUND ( 'NONE', #433, .T. ) ;
#2219 = ADVANCED_FACE ( 'NONE', ( #748 ), #2807, .F. ) ;
#2220 = CARTESIAN_POINT ( 'NONE',  ( 0.6300000000000000044, -0.05000000000000000278, 0.2500000000000002220 ) ) ;
#2221 = EDGE_LOOP ( 'NONE', ( #2799, #929, #527, #1478 ) ) ;
#2222 = CARTESIAN_POINT ( 'NONE',  ( -0.5000000000000000000, 0.1019999999999999934, -0.5749999999999999556 ) ) ;
#2223 = EDGE_CURVE ( 'NONE', #2867, #1729, #2353, .T. ) ;
#2224 = FACE_OUTER_BOUND ( 'NONE', #749, .T. ) ;
#2225 = DIRECTION ( 'NONE',  ( 1.000000000000000000, 0.000000000000000000, -1.355252715606880543E-16 ) ) ;
#2226 = CARTESIAN_POINT ( 'NONE',  ( 0.6249999999999998890, 0.000000000000000000, -0.5749999999999999556 ) ) ;
#2227 = DIRECTION ( 'NONE',  ( 0.000000000000000000, 0.000000000000000000, 1.000000000000000000 ) ) ;
#2228 = PLANE ( 'NONE',  #2977 ) ;
#2229 = EDGE_CURVE ( 'NONE', #2839, #2367, #2628, .T. ) ;
#2230 = ORIENTED_EDGE ( 'NONE', *, *, #2746, .T. ) ;
#2231 = DIRECTION ( 'NONE',  ( -0.000000000000000000, 0.000000000000000000, 1.000000000000000000 ) ) ;
#2232 = CARTESIAN_POINT ( 'NONE',  ( 0.1249999999999998890, -0.05000000000000000971, 0.8000000000000000444 ) ) ;
#2233 = CIRCLE ( 'NONE', #452, 0.1249999999999998890 ) ;
#2234 = VECTOR ( 'NONE', #2204, 1000.000000000000000 ) ;
#2235 = ORIENTED_EDGE ( 'NONE', *, *, #1908, .F. ) ;
#2236 = ORIENTED_EDGE ( 'NONE', *, *, #2782, .F. ) ;
#2237 = LINE ( 'NONE', #2896, #869 ) ;
#2238 = DIRECTION ( 'NONE',  ( 0.000000000000000000, 0.000000000000000000, 1.000000000000000000 ) ) ;
#2239 = VECTOR ( 'NONE', #2134, 1000.000000000000000 ) ;
#2240 = ADVANCED_FACE ( 'NONE', ( #1463 ), #2617, .F. ) ;
#2241 = AXIS2_PLACEMENT_3D ( 'NONE', #88, #2698, #2709 ) ;
#2242 = STYLED_ITEM ( 'NONE', ( #2791 ), #599 ) ;
#2243 = CARTESIAN_POINT ( 'NONE',  ( -0.3750000000000001110, -0.05000000000000000971, 0.8000000000000000444 ) ) ;
#2244 = AXIS2_PLACEMENT_3D ( 'NONE', #934, #697, #734 ) ;
#2245 = DIRECTION ( 'NONE',  ( 0.000000000000000000, -1.000000000000000000, 0.000000000000000000 ) ) ;
#2246 = VECTOR ( 'NONE', #2735, 1000.000000000000000 ) ;
#2247 = SURFACE_STYLE_USAGE ( .BOTH. , #2981 ) ;
#2248 = DIRECTION ( 'NONE',  ( 1.000000000000000000, 0.000000000000000000, 0.000000000000000000 ) ) ;
#2249 = PLANE ( 'NONE',  #1745 ) ;
#2250 = APPLICATION_CONTEXT ( 'automotive_design' ) ;
#2251 =( GEOMETRIC_REPRESENTATION_CONTEXT ( 3 ) GLOBAL_UNCERTAINTY_ASSIGNED_CONTEXT ( ( #1699 ) ) GLOBAL_UNIT_ASSIGNED_CONTEXT ( ( #23, #2364, #1214 ) ) REPRESENTATION_CONTEXT ( 'NONE', 'WORKASPACE' ) );
#2252 = ORIENTED_EDGE ( 'NONE', *, *, #2025, .F. ) ;
#2253 = CARTESIAN_POINT ( 'NONE',  ( -0.3750000000000001110, -0.05000000000000000278, -0.8000000000000000444 ) ) ;
#2254 = LINE ( 'NONE', #1769, #1996 ) ;
#2255 = EDGE_CURVE ( 'NONE', #2783, #2793, #925, .T. ) ;
#2256 = ORIENTED_EDGE ( 'NONE', *, *, #2522, .F. ) ;
#2257 = EDGE_LOOP ( 'NONE', ( #590, #1925, #2646, #2427 ) ) ;
#2258 =( NAMED_UNIT ( * ) PLANE_ANGLE_UNIT ( ) SI_UNIT ( $, .RADIAN. ) );
#2259 = DIRECTION ( 'NONE',  ( -0.000000000000000000, 1.000000000000000000, -0.000000000000000000 ) ) ;
#2260 = EDGE_CURVE ( 'NONE', #967, #2123, #814, .T. ) ;
#2261 = CARTESIAN_POINT ( 'NONE',  ( -0.6250000000000001110, 0.1019999999999999934, 0.8000000000000000444 ) ) ;
#2262 = DIRECTION ( 'NONE',  ( 1.000000000000000000, -0.000000000000000000, 0.000000000000000000 ) ) ;
#2263 = CARTESIAN_POINT ( 'NONE',  ( -0.1250000000000000000, 0.1019999999999999934, -0.5749999999999999556 ) ) ;
#2264 = ORIENTED_EDGE ( 'NONE', *, *, #2107, .F. ) ;
#2265 = CARTESIAN_POINT ( 'NONE',  ( 0.1249999999999998890, -0.05000000000000000971, 0.5749999999999999556 ) ) ;
#2266 = FACE_OUTER_BOUND ( 'NONE', #3039, .T. ) ;
#2267 = EDGE_CURVE ( 'NONE', #2064, #1861, #280, .T. ) ;
#2268 = VERTEX_POINT ( 'NONE', #6 ) ;
#2269 =( NAMED_UNIT ( * ) PLANE_ANGLE_UNIT ( ) SI_UNIT ( $, .RADIAN. ) );
#2270 = EDGE_LOOP ( 'NONE', ( #2661, #2047, #208, #301 ) ) ;
#2271 = CARTESIAN_POINT ( 'NONE',  ( -0.5000000000000000000, 0.1019999999999999934, 0.5749999999999999556 ) ) ;
#2272 = FACE_OUTER_BOUND ( 'NONE', #296, .T. ) ;
#2273 = EDGE_CURVE ( 'NONE', #1204, #2991, #168, .T. ) ;
#2274 =( NAMED_UNIT ( * ) SI_UNIT ( $, .STERADIAN. ) SOLID_ANGLE_UNIT ( ) );
#2275 = CARTESIAN_POINT ( 'NONE',  ( 0.5000000000000000000, -0.05000000000000000971, -0.4500000000000001221 ) ) ;
#2276 = ORIENTED_EDGE ( 'NONE', *, *, #900, .T. ) ;
#2277 = CYLINDRICAL_SURFACE ( 'NONE', #503, 0.1249999999999998890 ) ;
#2278 = CARTESIAN_POINT ( 'NONE',  ( 0.5000000000000000000, 0.1019999999999999934, 0.5749999999999999556 ) ) ;
#2279 = VERTEX_POINT ( 'NONE', #70 ) ;
#2280 = ORIENTED_EDGE ( 'NONE', *, *, #1035, .F. ) ;
#2281 = CARTESIAN_POINT ( 'NONE',  ( 0.3750000000000001110, 0.1019999999999999934, 0.5749999999999999556 ) ) ;
#2282 = CARTESIAN_POINT ( 'NONE',  ( 0.7000000000000000666, 0.5300000000000001377, -0.6600000000000002531 ) ) ;
#2283 = AXIS2_PLACEMENT_3D ( 'NONE', #1147, #1834, #2748 ) ;
#2284 = VERTEX_POINT ( 'NONE', #95 ) ;
#2285 = VECTOR ( 'NONE', #2992, 1000.000000000000000 ) ;
#2286 = DIRECTION ( 'NONE',  ( 0.000000000000000000, -1.000000000000000000, -0.000000000000000000 ) ) ;
#2287 = DIRECTION ( 'NONE',  ( -0.000000000000000000, -0.000000000000000000, 1.000000000000000000 ) ) ;
#2288 = EDGE_CURVE ( 'NONE', #2111, #1473, #2181, .T. ) ;
#2289 = AXIS2_PLACEMENT_3D ( 'NONE', #1730, #2152, #1226 ) ;
#2290 = ITEM_DEFINED_TRANSFORMATION ( 'NONE', 'NONE', #1071,  #76 ) ;
#2291 = PRODUCT_DEFINITION_CONTEXT ( 'detailed design', #645, 'design' ) ;
#2292 = VECTOR ( 'NONE', #1627, 1000.000000000000000 ) ;
#2293 = PLANE ( 'NONE',  #1999 ) ;
#2294 = VECTOR ( 'NONE', #1150, 1000.000000000000000 ) ;
#2295 = VERTEX_POINT ( 'NONE', #813 ) ;
#2296 = CARTESIAN_POINT ( 'NONE',  ( 0.5071455115690413074, 0.1019999999999999934, -0.2499999999999998890 ) ) ;
#2297 = CARTESIAN_POINT ( 'NONE',  ( -0.3750000000000001110, -0.05000000000000000971, 0.5749999999999999556 ) ) ;
#2298 = EDGE_CURVE ( 'NONE', #2078, #1121, #2410, .T. ) ;
#2299 = AXIS2_PLACEMENT_3D ( 'NONE', #1749, #2949, #793 ) ;
#2300 = ORIENTED_EDGE ( 'NONE', *, *, #818, .T. ) ;
#2301 =( NAMED_UNIT ( * ) SI_UNIT ( $, .STERADIAN. ) SOLID_ANGLE_UNIT ( ) );
#2302 = LINE ( 'NONE', #181, #2919 ) ;
#2303 = ORIENTED_EDGE ( 'NONE', *, *, #2659, .F. ) ;
#2304 = DIRECTION ( 'NONE',  ( -0.000000000000000000, -0.000000000000000000, -1.000000000000000000 ) ) ;
#2305 = ADVANCED_FACE ( 'NONE', ( #2658 ), #1750, .T. ) ;
#2306 = CARTESIAN_POINT ( 'NONE',  ( -0.5000000000000000000, -0.05000000000000000971, -0.5749999999999999556 ) ) ;
#2307 = CONTEXT_DEPENDENT_SHAPE_REPRESENTATION ( #484, #832 ) ;
#2308 = CARTESIAN_POINT ( 'NONE',  ( -0.6250000000000001110, 0.1019999999999999796, 0.7999999999999999334 ) ) ;
#2309 = ORIENTED_EDGE ( 'NONE', *, *, #2273, .F. ) ;
#2310 = CARTESIAN_POINT ( 'NONE',  ( 0.3071455115690412407, -0.05000000000000000971, -0.2499999999999998890 ) ) ;
#2311 = DIRECTION ( 'NONE',  ( -0.000000000000000000, 1.000000000000000000, -0.000000000000000000 ) ) ;
#2312 = VERTEX_POINT ( 'NONE', #295 ) ;
#2313 = VERTEX_POINT ( 'NONE', #1244 ) ;
#2314 = ADVANCED_FACE ( 'NONE', ( #2937 ), #1933, .F. ) ;
#2315 = CARTESIAN_POINT ( 'NONE',  ( 0.1249999999999998890, -0.05000000000000000278, -0.8000000000000000444 ) ) ;
#2316 = SURFACE_STYLE_USAGE ( .BOTH. , #2757 ) ;
#2317 = EDGE_LOOP ( 'NONE', ( #2531, #1085, #1342, #1387 ) ) ;
#2318 = ADVANCED_FACE ( 'NONE', ( #1063, #2461 ), #2228, .F. ) ;
#2319 = DIRECTION ( 'NONE',  ( -1.000000000000000000, 0.000000000000000000, 0.000000000000000000 ) ) ;
#2320 = CARTESIAN_POINT ( 'NONE',  ( 0.1249999999999998890, -0.05000000000000000971, -0.5749999999999999556 ) ) ;
#2321 = CARTESIAN_POINT ( 'NONE',  ( -0.5000000000000000000, 0.1019999999999999934, 0.4500000000000001221 ) ) ;
#2322 = ORIENTED_EDGE ( 'NONE', *, *, #1946, .F. ) ;
#2323 = PLANE ( 'NONE',  #1551 ) ;
#2324 = DIRECTION ( 'NONE',  ( 0.000000000000000000, 0.000000000000000000, -1.000000000000000000 ) ) ;
#2325 = VERTEX_POINT ( 'NONE', #574 ) ;
#2326 = VERTEX_POINT ( 'NONE', #1031 ) ;
#2327 =( LENGTH_UNIT ( ) NAMED_UNIT ( * ) SI_UNIT ( .MILLI., .METRE. ) );
#2328 = ORIENTED_EDGE ( 'NONE', *, *, #1541, .F. ) ;
#2329 = PLANE ( 'NONE',  #753 ) ;
#2330 = VECTOR ( 'NONE', #1837, 1000.000000000000000 ) ;
#2331 = ADVANCED_FACE ( 'NONE', ( #330 ), #2870, .T. ) ;
#2332 = SURFACE_SIDE_STYLE ('',( #683 ) ) ;
#2333 = PRODUCT_CONTEXT ( 'NONE', #2250, 'mechanical' ) ;
#2334 = VECTOR ( 'NONE', #1427, 1000.000000000000000 ) ;
#2335 = AXIS2_PLACEMENT_3D ( 'NONE', #1582, #577, #2525 ) ;
#2336 = VERTEX_POINT ( 'NONE', #1526 ) ;
#2337 = CIRCLE ( 'NONE', #1356, 0.1249999999999998890 ) ;
#2338 = LINE ( 'NONE', #1889, #812 ) ;
#2339 = CARTESIAN_POINT ( 'NONE',  ( 0.6300000000000000044, 0.1019999999999999934, 0.2500000000000002220 ) ) ;
#2340 = AXIS2_PLACEMENT_3D ( 'NONE', #1262, #2904, #557 ) ;
#2341 = ORIENTED_EDGE ( 'NONE', *, *, #2861, .F. ) ;
#2342 = ORIENTED_EDGE ( 'NONE', *, *, #2948, .T. ) ;
#2343 = EDGE_CURVE ( 'NONE', #159, #808, #1731, .T. ) ;
#2344 = FACE_OUTER_BOUND ( 'NONE', #2925, .T. ) ;
#2345 = ORIENTED_EDGE ( 'NONE', *, *, #2211, .F. ) ;
#2346 = LINE ( 'NONE', #1608, #1447 ) ;
#2347 = APPLICATION_PROTOCOL_DEFINITION ( 'draft international standard', 'automotive_design', 1998, #2049 ) ;
#2348 = ADVANCED_FACE ( 'NONE', ( #2426 ), #588, .F. ) ;
#2349 = UNCERTAINTY_MEASURE_WITH_UNIT (LENGTH_MEASURE( 1.000000000000000082E-05 ), #1704, 'distance_accuracy_value', 'NONE');
#2350 = DIRECTION ( 'NONE',  ( 0.000000000000000000, -1.000000000000000000, 0.000000000000000000 ) ) ;
#2351 = ORIENTED_EDGE ( 'NONE', *, *, #353, .T. ) ;
#2352 = LINE ( 'NONE', #2806, #312 ) ;
#2353 = LINE ( 'NONE', #1686, #1796 ) ;
#2354 = EDGE_LOOP ( 'NONE', ( #994, #2830, #1127, #2998 ) ) ;
#2355 = ORIENTED_EDGE ( 'NONE', *, *, #372, .T. ) ;
#2356 = CARTESIAN_POINT ( 'NONE',  ( 0.3071455115690411852, 0.1019999999999999934, -0.2499999999999998890 ) ) ;
#2357 = EDGE_CURVE ( 'NONE', #2506, #541, #1968, .T. ) ;
#2358 = ORIENTED_EDGE ( 'NONE', *, *, #235, .T. ) ;
#2359 = FACE_OUTER_BOUND ( 'NONE', #1361, .T. ) ;
#2360 = DIRECTION ( 'NONE',  ( -0.000000000000000000, -1.000000000000000000, -0.000000000000000000 ) ) ;
#2361 = ADVANCED_FACE ( 'NONE', ( #360 ), #109, .F. ) ;
#2362 = ORIENTED_EDGE ( 'NONE', *, *, #985, .F. ) ;
#2363 = CARTESIAN_POINT ( 'NONE',  ( 0.1249999999999998890, -0.05000000000000000971, -0.8000000000000000444 ) ) ;
#2364 =( NAMED_UNIT ( * ) PLANE_ANGLE_UNIT ( ) SI_UNIT ( $, .RADIAN. ) );
#2365 = DIRECTION ( 'NONE',  ( -0.000000000000000000, -1.000000000000000000, -0.000000000000000000 ) ) ;
#2366 = EDGE_CURVE ( 'NONE', #1879, #735, #418, .T. ) ;
#2367 = VERTEX_POINT ( 'NONE', #1475 ) ;
#2368 = ORIENTED_EDGE ( 'NONE', *, *, #2912, .F. ) ;
#2369 = CARTESIAN_POINT ( 'NONE',  ( -0.5000000000000000000, 0.000000000000000000, 0.5749999999999999556 ) ) ;
#2370 = ORIENTED_EDGE ( 'NONE', *, *, #900, .F. ) ;
#2371 = DIRECTION ( 'NONE',  ( 0.000000000000000000, 0.000000000000000000, 1.000000000000000000 ) ) ;
#2372 = PRODUCT_DEFINITION_SHAPE ( 'NONE', 'NONE',  #3052 ) ;
#2373 = FACE_OUTER_BOUND ( 'NONE', #2221, .T. ) ;
#2374 = CIRCLE ( 'NONE', #500, 0.1249999999999998890 ) ;
#2375 = CLOSED_SHELL ( 'NONE', ( #1853, #476, #1898, #227, #141, #2219 ) ) ;
#2376 = EDGE_LOOP ( 'NONE', ( #1419, #345, #2901, #897 ) ) ;
#2377 = DIRECTION ( 'NONE',  ( 1.000000000000000000, 0.000000000000000000, 9.637352644315592778E-16 ) ) ;
#2378 = AXIS2_PLACEMENT_3D ( 'NONE', #1691, #2634, #2170 ) ;
#2379 = VECTOR ( 'NONE', #1492, 1000.000000000000000 ) ;
#2380 = DIRECTION ( 'NONE',  ( 0.000000000000000000, 0.000000000000000000, -1.000000000000000000 ) ) ;
#2381 = VECTOR ( 'NONE', #833, 1000.000000000000000 ) ;
#2382 = VECTOR ( 'NONE', #524, 1000.000000000000000 ) ;
#2383 = ORIENTED_EDGE ( 'NONE', *, *, #1633, .T. ) ;
#2384 = ORIENTED_EDGE ( 'NONE', *, *, #438, .F. ) ;
#2385 = ADVANCED_FACE ( 'NONE', ( #2673 ), #1717, .F. ) ;
#2386 = AXIS2_PLACEMENT_3D ( 'NONE', #2780, #142, #1093 ) ;
#2387 = CARTESIAN_POINT ( 'NONE',  ( -0.6250000000000001110, 0.5500000000000000444, 0.7999999999999999334 ) ) ;
#2388 = VECTOR ( 'NONE', #2421, 1000.000000000000000 ) ;
#2389 = EDGE_LOOP ( 'NONE', ( #2177, #11, #1142, #752 ) ) ;
#2390 = DIRECTION ( 'NONE',  ( 1.000000000000000000, 0.000000000000000000, 0.000000000000000000 ) ) ;
#2391 =( GEOMETRIC_REPRESENTATION_CONTEXT ( 3 ) GLOBAL_UNCERTAINTY_ASSIGNED_CONTEXT ( ( #2863 ) ) GLOBAL_UNIT_ASSIGNED_CONTEXT ( ( #1328, #2269, #1115 ) ) REPRESENTATION_CONTEXT ( 'NONE', 'WORKASPACE' ) );
#2392 = CARTESIAN_POINT ( 'NONE',  ( -0.3750000000000001110, -0.05000000000000000971, -0.8000000000000000444 ) ) ;
#2393 = CARTESIAN_POINT ( 'NONE',  ( 0.5000000000000000000, 0.000000000000000000, 0.4500000000000001221 ) ) ;
#2394 = ADVANCED_FACE ( 'NONE', ( #1336 ), #2249, .F. ) ;
#2395 = ORIENTED_EDGE ( 'NONE', *, *, #575, .F. ) ;
#2396 = CARTESIAN_POINT ( 'NONE',  ( 0.6249999999999998890, -0.05000000000000000278, 0.8000000000000000444 ) ) ;
#2397 = DIRECTION ( 'NONE',  ( 1.000000000000000000, -0.000000000000000000, 1.720955829342070209E-16 ) ) ;
#2398 = ORIENTED_EDGE ( 'NONE', *, *, #2223, .T. ) ;
#2399 = CARTESIAN_POINT ( 'NONE',  ( 0.8000000000000001554, 0.5500000000000000444, 0.7999999999999997113 ) ) ;
#2400 = CARTESIAN_POINT ( 'NONE',  ( 0.3071455115690412407, -0.05000000000000000971, -0.2499999999999999445 ) ) ;
#2401 = CARTESIAN_POINT ( 'NONE',  ( 0.3749999999999998890, -0.05000000000000000278, 0.8000000000000000444 ) ) ;
#2402 = EDGE_CURVE ( 'NONE', #540, #891, #1079, .T. ) ;
#2403 = VERTEX_POINT ( 'NONE', #432 ) ;
#2404 = CARTESIAN_POINT ( 'NONE',  ( -0.6250000000000000000, 0.1019999999999999934, -0.8000000000000000444 ) ) ;
#2405 = DIRECTION ( 'NONE',  ( 1.000000000000000000, 0.000000000000000000, 9.637352644315592778E-16 ) ) ;
#2406 = EDGE_CURVE ( 'NONE', #77, #2479, #377, .T. ) ;
#2407 = CARTESIAN_POINT ( 'NONE',  ( 0.5071455115690413074, -0.05000000000000000971, -0.2499999999999998890 ) ) ;
#2408 = ORIENTED_EDGE ( 'NONE', *, *, #188, .T. ) ;
#2409 = LINE ( 'NONE', #2840, #2187 ) ;
#2410 = LINE ( 'NONE', #2201, #415 ) ;
#2411 = EDGE_LOOP ( 'NONE', ( #3035, #2005, #1367, #2614 ) ) ;
#2412 = ORIENTED_EDGE ( 'NONE', *, *, #2211, .T. ) ;
#2413 = DIRECTION ( 'NONE',  ( -0.000000000000000000, -1.000000000000000000, -0.000000000000000000 ) ) ;
#2414 = CARTESIAN_POINT ( 'NONE',  ( -0.1249999999999998890, 0.1019999999999999934, -0.5749999999999999556 ) ) ;
#2415 = ORIENTED_EDGE ( 'NONE', *, *, #2853, .T. ) ;
#2416 = FACE_OUTER_BOUND ( 'NONE', #1909, .T. ) ;
#2417 = DIRECTION ( 'NONE',  ( 0.000000000000000000, -0.000000000000000000, -1.000000000000000000 ) ) ;
#2418 = PRODUCT_RELATED_PRODUCT_CATEGORY ( 'part', '', ( #1664 ) ) ;
#2419 = CARTESIAN_POINT ( 'NONE',  ( 0.5000000000000000000, 0.1019999999999999934, 0.5749999999999999556 ) ) ;
#2420 = EDGE_CURVE ( 'NONE', #2077, #1194, #2072, .T. ) ;
#2421 = DIRECTION ( 'NONE',  ( -0.000000000000000000, -1.000000000000000000, -0.000000000000000000 ) ) ;
#2422 = PRODUCT ( 'MIC94325YMT-TR_6', 'MIC94325YMT-TR_6', '', ( #1593 ) ) ;
#2423 = ORIENTED_EDGE ( 'NONE', *, *, #440, .T. ) ;
#2424 = PLANE ( 'NONE',  #2289 ) ;
#2425 = AXIS2_PLACEMENT_3D ( 'NONE', #990, #2862, #2038 ) ;
#2426 = FACE_OUTER_BOUND ( 'NONE', #2122, .T. ) ;
#2427 = ORIENTED_EDGE ( 'NONE', *, *, #664, .T. ) ;
#2428 = VECTOR ( 'NONE', #456, 1000.000000000000000 ) ;
#2429 = LINE ( 'NONE', #317, #2234 ) ;
#2430 = DIRECTION ( 'NONE',  ( 0.000000000000000000, 0.000000000000000000, 1.000000000000000000 ) ) ;
#2431 = DIRECTION ( 'NONE',  ( 0.000000000000000000, 0.000000000000000000, -1.000000000000000000 ) ) ;
#2432 = VECTOR ( 'NONE', #2685, 1000.000000000000000 ) ;
#2433 = CIRCLE ( 'NONE', #959, 0.1249999999999998890 ) ;
#2434 = ADVANCED_FACE ( 'NONE', ( #854 ), #2293, .T. ) ;
#2435 = VERTEX_POINT ( 'NONE', #2308 ) ;
#2436 = LINE ( 'NONE', #323, #2442 ) ;
#2437 = AXIS2_PLACEMENT_3D ( 'NONE', #2051, #410, #1097 ) ;
#2438 =( GEOMETRIC_REPRESENTATION_CONTEXT ( 3 ) GLOBAL_UNCERTAINTY_ASSIGNED_CONTEXT ( ( #2131 ) ) GLOBAL_UNIT_ASSIGNED_CONTEXT ( ( #1870, #670, #2802 ) ) REPRESENTATION_CONTEXT ( 'NONE', 'WORKASPACE' ) );
#2439 = LINE ( 'NONE', #2024, #1301 ) ;
#2440 = AXIS2_PLACEMENT_3D ( 'NONE', #763, #2645, #526 ) ;
#2441 = DIRECTION ( 'NONE',  ( 0.000000000000000000, -1.000000000000000000, 0.000000000000000000 ) ) ;
#2442 = VECTOR ( 'NONE', #1269, 1000.000000000000000 ) ;
#2443 = LINE ( 'NONE', #2640, #821 ) ;
#2444 = PRODUCT_DEFINITION_FORMATION_WITH_SPECIFIED_SOURCE ( 'ANY', '', #1493, .NOT_KNOWN. ) ;
#2445 = EDGE_CURVE ( 'NONE', #2163, #1970, #1795, .T. ) ;
#2446 = ORIENTED_EDGE ( 'NONE', *, *, #1476, .F. ) ;
#2447 = FACE_OUTER_BOUND ( 'NONE', #2463, .T. ) ;
#2448 = DIRECTION ( 'NONE',  ( 0.000000000000000000, 0.000000000000000000, 1.000000000000000000 ) ) ;
#2449 = CARTESIAN_POINT ( 'NONE',  ( 0.000000000000000000, 0.000000000000000000, 0.000000000000000000 ) ) ;
#2450 = ORIENTED_EDGE ( 'NONE', *, *, #1186, .T. ) ;
#2451 = PLANE ( 'NONE',  #1740 ) ;
#2452 = DIRECTION ( 'NONE',  ( 0.000000000000000000, 0.000000000000000000, -1.000000000000000000 ) ) ;
#2453 = LINE ( 'NONE', #592, #2138 ) ;
#2454 = ORIENTED_EDGE ( 'NONE', *, *, #2255, .T. ) ;
#2455 = DIRECTION ( 'NONE',  ( -0.000000000000000000, 1.000000000000000000, 0.000000000000000000 ) ) ;
#2456 = DIRECTION ( 'NONE',  ( 0.000000000000000000, -0.000000000000000000, 1.000000000000000000 ) ) ;
#2457 = EDGE_CURVE ( 'NONE', #2111, #2031, #1126, .T. ) ;
#2458 = DIRECTION ( 'NONE',  ( 1.000000000000000000, -0.000000000000000000, 1.224646799147353207E-16 ) ) ;
#2459 = DIRECTION ( 'NONE',  ( -0.000000000000000000, -1.000000000000000000, 0.000000000000000000 ) ) ;
#2460 = DIRECTION ( 'NONE',  ( 0.000000000000000000, 0.000000000000000000, 1.000000000000000000 ) ) ;
#2461 = FACE_BOUND ( 'NONE', #189, .T. ) ;
#2462 = PRODUCT_DEFINITION ( 'UNKNOWN', '', #2690, #216 ) ;
#2463 = EDGE_LOOP ( 'NONE', ( #2771, #2624, #2230, #552 ) ) ;
#2464 = FACE_OUTER_BOUND ( 'NONE', #2788, .T. ) ;
#2465 = LINE ( 'NONE', #1721, #359 ) ;
#2466 = CARTESIAN_POINT ( 'NONE',  ( 0.7000000000000000666, 0.5200000000000000178, -0.7500000000000003331 ) ) ;
#2467 = EDGE_CURVE ( 'NONE', #2054, #1246, #2950, .T. ) ;
#2468 = ORIENTED_EDGE ( 'NONE', *, *, #575, .T. ) ;
#2469 = ORIENTED_EDGE ( 'NONE', *, *, #1469, .F. ) ;
#2470 = DIRECTION ( 'NONE',  ( -9.637352644315592778E-16, -0.000000000000000000, 1.000000000000000000 ) ) ;
#2471 = CARTESIAN_POINT ( 'NONE',  ( 0.1249999999999998890, 0.000000000000000000, 0.000000000000000000 ) ) ;
#2472 = DIRECTION ( 'NONE',  ( 9.637352644315592778E-16, 0.000000000000000000, 1.000000000000000000 ) ) ;
#2473 = SHAPE_REPRESENTATION ( 'MIC841HYMT-TR', ( #872, #2149, #3033, #2299, #325, #970, #1071, #2497, #1801 ), #126 ) ;
#2474 = PLANE ( 'NONE',  #1311 ) ;
#2475 = EDGE_CURVE ( 'NONE', #791, #1603, #890, .T. ) ;
#2476 = CARTESIAN_POINT ( 'NONE',  ( -0.3750000000000001110, 0.1019999999999999934, -0.5749999999999999556 ) ) ;
#2477 = DIRECTION ( 'NONE',  ( 1.000000000000000000, 0.000000000000000000, 0.000000000000000000 ) ) ;
#2478 = DIRECTION ( 'NONE',  ( 0.000000000000000000, -0.000000000000000000, -1.000000000000000000 ) ) ;
#2479 = VERTEX_POINT ( 'NONE', #2263 ) ;
#2480 = FACE_OUTER_BOUND ( 'NONE', #1324, .T. ) ;
#2481 = CYLINDRICAL_SURFACE ( 'NONE', #2241, 0.1249999999999998890 ) ;
#2482 = AXIS2_PLACEMENT_3D ( 'NONE', #578, #2413, #2452 ) ;
#2483 = VERTEX_POINT ( 'NONE', #2751 ) ;
#2484 = EDGE_CURVE ( 'NONE', #1033, #2435, #2762, .T. ) ;
#2485 = CARTESIAN_POINT ( 'NONE',  ( -0.7999999999999999334, 0.5500000000000000444, -0.8000000000000001554 ) ) ;
#2486 = VECTOR ( 'NONE', #1897, 1000.000000000000000 ) ;
#2487 = CARTESIAN_POINT ( 'NONE',  ( -0.6249999999999998890, 0.000000000000000000, 0.5749999999999999556 ) ) ;
#2488 = AXIS2_PLACEMENT_3D ( 'NONE', #479, #3011, #1600 ) ;
#2489 = AXIS2_PLACEMENT_3D ( 'NONE', #2075, #202, #1155 ) ;
#2490 = VECTOR ( 'NONE', #2777, 1000.000000000000000 ) ;
#2491 = DIRECTION ( 'NONE',  ( -0.000000000000000000, -1.000000000000000000, -0.000000000000000000 ) ) ;
#2492 = AXIS2_PLACEMENT_3D ( 'NONE', #1044, #794, #2215 ) ;
#2493 = CARTESIAN_POINT ( 'NONE',  ( 0.5000000000000000000, 0.1019999999999999934, 0.4500000000000001221 ) ) ;
#2494 = SURFACE_STYLE_USAGE ( .BOTH. , #572 ) ;
#2495 = DIRECTION ( 'NONE',  ( 1.000000000000000000, 0.000000000000000000, 0.000000000000000000 ) ) ;
#2496 = CARTESIAN_POINT ( 'NONE',  ( 0.4071455115690412740, -0.05000000000000000971, -0.2500000000000000000 ) ) ;
#2497 = AXIS2_PLACEMENT_3D ( 'NONE', #2718, #2227, #587 ) ;
#2498 = EDGE_LOOP ( 'NONE', ( #1818, #2889, #1442, #2676 ) ) ;
#2499 = DIRECTION ( 'NONE',  ( -0.000000000000000000, -1.000000000000000000, 0.000000000000000000 ) ) ;
#2500 = CYLINDRICAL_SURFACE ( 'NONE', #2823, 0.05000000000000002359 ) ;
#2501 = VERTEX_POINT ( 'NONE', #1595 ) ;
#2502 = ORIENTED_EDGE ( 'NONE', *, *, #2229, .T. ) ;
#2503 = CARTESIAN_POINT ( 'NONE',  ( 0.000000000000000000, 0.000000000000000000, 0.000000000000000000 ) ) ;
#2504 = LINE ( 'NONE', #384, #1352 ) ;
#2505 = EDGE_CURVE ( 'NONE', #2479, #2621, #369, .T. ) ;
#2506 = VERTEX_POINT ( 'NONE', #1372 ) ;
#2507 = DIRECTION ( 'NONE',  ( 0.000000000000000000, -0.000000000000000000, -1.000000000000000000 ) ) ;
#2508 = DIRECTION ( 'NONE',  ( 1.000000000000000000, 0.000000000000000000, 0.000000000000000000 ) ) ;
#2509 = ADVANCED_FACE ( 'NONE', ( #1137 ), #1568, .F. ) ;
#2510 =( LENGTH_UNIT ( ) NAMED_UNIT ( * ) SI_UNIT ( .MILLI., .METRE. ) );
#2511 = CARTESIAN_POINT ( 'NONE',  ( -0.6250000000000001110, 0.000000000000000000, -0.8000000000000000444 ) ) ;
#2512 = VERTEX_POINT ( 'NONE', #672 ) ;
#2513 = DIRECTION ( 'NONE',  ( 0.000000000000000000, -1.000000000000000000, 0.000000000000000000 ) ) ;
#2514 = CYLINDRICAL_SURFACE ( 'NONE', #2684, 0.1249999999999998890 ) ;
#2515 = ORIENTED_EDGE ( 'NONE', *, *, #154, .T. ) ;
#2516 = DIRECTION ( 'NONE',  ( -1.000000000000000000, 0.000000000000000000, 0.000000000000000000 ) ) ;
#2517 = VERTEX_POINT ( 'NONE', #842 ) ;
#2518 = DIRECTION ( 'NONE',  ( 1.000000000000000000, 0.000000000000000000, -1.355252715606880543E-16 ) ) ;
#2519 = LINE ( 'NONE', #151, #28 ) ;
#2520 = FILL_AREA_STYLE_COLOUR ( '', #3024 ) ;
#2521 = APPLICATION_PROTOCOL_DEFINITION ( 'draft international standard', 'automotive_design', 1998, #442 ) ;
#2522 = EDGE_CURVE ( 'NONE', #2336, #2631, #2737, .T. ) ;
#2523 = CARTESIAN_POINT ( 'NONE',  ( -0.3750000000000001110, 0.1019999999999999934, -0.5749999999999999556 ) ) ;
#2524 = ORIENTED_EDGE ( 'NONE', *, *, #2746, .F. ) ;
#2525 = DIRECTION ( 'NONE',  ( 0.000000000000000000, 0.000000000000000000, -1.000000000000000000 ) ) ;
#2526 = DIRECTION ( 'NONE',  ( -0.000000000000000000, -1.000000000000000000, -0.000000000000000000 ) ) ;
#2527 = VERTEX_POINT ( 'NONE', #153 ) ;
#2528 = DIRECTION ( 'NONE',  ( -0.000000000000000000, 1.000000000000000000, -0.000000000000000000 ) ) ;
#2529 = AXIS2_PLACEMENT_3D ( 'NONE', #646, #918, #1819 ) ;
#2530 = EDGE_CURVE ( 'NONE', #2166, #2744, #1777, .T. ) ;
#2531 = ORIENTED_EDGE ( 'NONE', *, *, #2260, .F. ) ;
#2532 = MECHANICAL_DESIGN_GEOMETRIC_PRESENTATION_REPRESENTATION (  '', ( #1643 ), #1893 ) ;
#2533 = DIRECTION ( 'NONE',  ( -0.000000000000000000, -1.000000000000000000, -0.000000000000000000 ) ) ;
#2534 = VECTOR ( 'NONE', #1735, 1000.000000000000000 ) ;
#2535 = VECTOR ( 'NONE', #2164, 1000.000000000000000 ) ;
#2536 = DIRECTION ( 'NONE',  ( 1.000000000000000000, -0.000000000000000000, 0.000000000000000000 ) ) ;
#2537 = UNCERTAINTY_MEASURE_WITH_UNIT (LENGTH_MEASURE( 1.000000000000000082E-05 ), #776, 'distance_accuracy_value', 'NONE');
#2538 = AXIS2_PLACEMENT_3D ( 'NONE', #1196, #723, #267 ) ;
#2539 = CARTESIAN_POINT ( 'NONE',  ( 0.5000000000000000000, -0.05000000000000000971, -0.5749999999999999556 ) ) ;
#2540 = EDGE_CURVE ( 'NONE', #1637, #2403, #2028, .T. ) ;
#2541 = VECTOR ( 'NONE', #2287, 1000.000000000000000 ) ;
#2542 = ORIENTED_EDGE ( 'NONE', *, *, #2298, .F. ) ;
#2543 = DIRECTION ( 'NONE',  ( 0.000000000000000000, 0.000000000000000000, 1.000000000000000000 ) ) ;
#2544 = CARTESIAN_POINT ( 'NONE',  ( 0.1249999999999998890, 0.1019999999999999934, 0.5749999999999999556 ) ) ;
#2545 = EDGE_CURVE ( 'NONE', #1251, #2312, #2961, .T. ) ;
#2546 = VERTEX_POINT ( 'NONE', #1580 ) ;
#2547 = PRODUCT_DEFINITION_FORMATION_WITH_SPECIFIED_SOURCE ( 'ANY', '', #252, .NOT_KNOWN. ) ;
#2548 = ORIENTED_EDGE ( 'NONE', *, *, #916, .F. ) ;
#2549 = DIRECTION ( 'NONE',  ( 0.000000000000000000, 0.000000000000000000, 1.000000000000000000 ) ) ;
#2550 = VERTEX_POINT ( 'NONE', #3043 ) ;
#2551 = CARTESIAN_POINT ( 'NONE',  ( 0.1249999999999998890, 0.1019999999999999934, 0.5749999999999999556 ) ) ;
#2552 = APPLICATION_PROTOCOL_DEFINITION ( 'draft international standard', 'automotive_design', 1998, #2562 ) ;
#2553 = EDGE_CURVE ( 'NONE', #967, #236, #3029, .T. ) ;
#2554 = DIRECTION ( 'NONE',  ( 1.000000000000000000, -0.000000000000000000, 0.000000000000000000 ) ) ;
#2555 = MANIFOLD_SOLID_BREP ( 'Boss-Extrude2[1]', #2579 ) ;
#2556 = ORIENTED_EDGE ( 'NONE', *, *, #212, .T. ) ;
#2557 = LINE ( 'NONE', #2094, #114 ) ;
#2558 = DIRECTION ( 'NONE',  ( 0.000000000000000000, 0.000000000000000000, 1.000000000000000000 ) ) ;
#2559 = ORIENTED_EDGE ( 'NONE', *, *, #2175, .T. ) ;
#2560 = ORIENTED_EDGE ( 'NONE', *, *, #289, .F. ) ;
#2561 = ADVANCED_FACE ( 'NONE', ( #686 ), #18, .F. ) ;
#2562 = APPLICATION_CONTEXT ( 'automotive_design' ) ;
#2563 = ORIENTED_EDGE ( 'NONE', *, *, #2545, .F. ) ;
#2564 = CARTESIAN_POINT ( 'NONE',  ( 0.8000000000000001554, 0.000000000000000000, 0.7999999999999998224 ) ) ;
#2565 = CARTESIAN_POINT ( 'NONE',  ( -0.3750000000000001110, -0.05000000000000000971, 0.8000000000000000444 ) ) ;
#2566 = UNCERTAINTY_MEASURE_WITH_UNIT (LENGTH_MEASURE( 1.000000000000000082E-05 ), #2671, 'distance_accuracy_value', 'NONE');
#2567 = SURFACE_STYLE_FILL_AREA ( #1681 ) ;
#2568 = ADVANCED_FACE ( 'NONE', ( #965 ), #219, .T. ) ;
#2569 = EDGE_LOOP ( 'NONE', ( #2763, #726, #2822, #1023 ) ) ;
#2570 = LINE ( 'NONE', #1420, #2139 ) ;
#2571 = CARTESIAN_POINT ( 'NONE',  ( 0.4071455115690412740, -0.05000000000000000971, -0.2499999999999998890 ) ) ;
#2572 = EDGE_LOOP ( 'NONE', ( #238, #1119, #1433, #1646 ) ) ;
#2573 = EDGE_LOOP ( 'NONE', ( #2786, #1381, #988, #864 ) ) ;
#2574 = ADVANCED_FACE ( 'NONE', ( #1440 ), #2106, .T. ) ;
#2575 = ORIENTED_EDGE ( 'NONE', *, *, #1876, .F. ) ;
#2576 = DIRECTION ( 'NONE',  ( 9.637352644315592778E-16, 0.000000000000000000, -1.000000000000000000 ) ) ;
#2577 = CIRCLE ( 'NONE', #1636, 0.1249999999999998890 ) ;
#2578 = AXIS2_PLACEMENT_3D ( 'NONE', #501, #729, #13 ) ;
#2579 = CLOSED_SHELL ( 'NONE', ( #1211, #2083, #361, #1379, #602, #2613 ) ) ;
#2580 = CARTESIAN_POINT ( 'NONE',  ( -0.6300000000000001155, -0.05000000000000000971, -0.2500000000000000000 ) ) ;
#2581 = ITEM_DEFINED_TRANSFORMATION ( 'NONE', 'NONE', #325,  #76 ) ;
#2582 = MECHANICAL_DESIGN_GEOMETRIC_PRESENTATION_REPRESENTATION (  '', ( #14 ), #2626 ) ;
#2583 = DIRECTION ( 'NONE',  ( -9.637352644315592778E-16, 0.000000000000000000, -1.000000000000000000 ) ) ;
#2584 = AXIS2_PLACEMENT_3D ( 'NONE', #1066, #2231, #2953 ) ;
#2585 = VERTEX_POINT ( 'NONE', #2850 ) ;
#2586 = CIRCLE ( 'NONE', #2974, 0.05000000000000002359 ) ;
#2587 = AXIS2_PLACEMENT_3D ( 'NONE', #1255, #2360, #290 ) ;
#2588 = DIRECTION ( 'NONE',  ( 0.000000000000000000, 0.000000000000000000, 1.000000000000000000 ) ) ;
#2589 = DIRECTION ( 'NONE',  ( 0.000000000000000000, 0.000000000000000000, -1.000000000000000000 ) ) ;
#2590 = EDGE_CURVE ( 'NONE', #2609, #3002, #1873, .T. ) ;
#2591 = VECTOR ( 'NONE', #1611, 1000.000000000000000 ) ;
#2592 = ORIENTED_EDGE ( 'NONE', *, *, #698, .T. ) ;
#2593 = VERTEX_POINT ( 'NONE', #234 ) ;
#2594 = LINE ( 'NONE', #1425, #2486 ) ;
#2595 = LINE ( 'NONE', #2363, #2239 ) ;
#2596 = VERTEX_POINT ( 'NONE', #2612 ) ;
#2597 = DIRECTION ( 'NONE',  ( -0.000000000000000000, -0.000000000000000000, 1.000000000000000000 ) ) ;
#2598 = CARTESIAN_POINT ( 'NONE',  ( 0.000000000000000000, -0.05000000000000000971, -0.5749999999999999556 ) ) ;
#2599 = PLANE ( 'NONE',  #315 ) ;
#2600 = ADVANCED_FACE ( 'NONE', ( #490 ), #1884, .F. ) ;
#2601 = CARTESIAN_POINT ( 'NONE',  ( 0.6249999999999998890, -0.05000000000000000971, 0.8000000000000000444 ) ) ;
#2602 = PRODUCT_DEFINITION_SHAPE ( 'NONE', 'NONE',  #2462 ) ;
#2603 = ORIENTED_EDGE ( 'NONE', *, *, #2100, .F. ) ;
#2604 = DIRECTION ( 'NONE',  ( -0.000000000000000000, 1.000000000000000000, -0.000000000000000000 ) ) ;
#2605 = CARTESIAN_POINT ( 'NONE',  ( 0.6249999999999998890, -0.05000000000000000971, -0.5749999999999999556 ) ) ;
#2606 = ORIENTED_EDGE ( 'NONE', *, *, #1665, .F. ) ;
#2607 = ORIENTED_EDGE ( 'NONE', *, *, #2871, .T. ) ;
#2608 = CARTESIAN_POINT ( 'NONE',  ( 0.4071455115690412740, -0.05000000000000000971, -0.2499999999999998890 ) ) ;
#2609 = VERTEX_POINT ( 'NONE', #463 ) ;
#2610 = CARTESIAN_POINT ( 'NONE',  ( 0.3750000000000000000, -0.05000000000000000971, 0.5749999999999999556 ) ) ;
#2611 = FACE_OUTER_BOUND ( 'NONE', #1018, .T. ) ;
#2612 = CARTESIAN_POINT ( 'NONE',  ( 0.6249999999999998890, 0.1019999999999999934, -0.5749999999999999556 ) ) ;
#2613 = ADVANCED_FACE ( 'NONE', ( #36 ), #1385, .F. ) ;
#2614 = ORIENTED_EDGE ( 'NONE', *, *, #2755, .F. ) ;
#2615 = FACE_OUTER_BOUND ( 'NONE', #768, .T. ) ;
#2616 =( NAMED_UNIT ( * ) PLANE_ANGLE_UNIT ( ) SI_UNIT ( $, .RADIAN. ) );
#2617 = PLANE ( 'NONE',  #2633 ) ;
#2618 = ORIENTED_EDGE ( 'NONE', *, *, #2273, .T. ) ;
#2619 = DIRECTION ( 'NONE',  ( 0.000000000000000000, -1.000000000000000000, 0.000000000000000000 ) ) ;
#2620 = DIRECTION ( 'NONE',  ( 0.000000000000000000, -1.000000000000000000, 0.000000000000000000 ) ) ;
#2621 = VERTEX_POINT ( 'NONE', #2820 ) ;
#2622 = ADVANCED_FACE ( 'NONE', ( #718 ), #1658, .F. ) ;
#2623 = LINE ( 'NONE', #504, #1113 ) ;
#2624 = ORIENTED_EDGE ( 'NONE', *, *, #1148, .T. ) ;
#2625 = CARTESIAN_POINT ( 'NONE',  ( 0.8000000000000001554, 0.000000000000000000, 0.7999999999999997113 ) ) ;
#2626 =( GEOMETRIC_REPRESENTATION_CONTEXT ( 3 ) GLOBAL_UNCERTAINTY_ASSIGNED_CONTEXT ( ( #277 ) ) GLOBAL_UNIT_ASSIGNED_CONTEXT ( ( #662, #1133, #1117 ) ) REPRESENTATION_CONTEXT ( 'NONE', 'WORKASPACE' ) );
#2627 = AXIS2_PLACEMENT_3D ( 'NONE', #2902, #38, #1195 ) ;
#2628 = LINE ( 'NONE', #1444, #1207 ) ;
#2629 = EDGE_CURVE ( 'NONE', #269, #2596, #1506, .T. ) ;
#2630 = AXIS2_PLACEMENT_3D ( 'NONE', #2565, #171, #443 ) ;
#2631 = VERTEX_POINT ( 'NONE', #507 ) ;
#2632 = ORIENTED_EDGE ( 'NONE', *, *, #2129, .F. ) ;
#2633 = AXIS2_PLACEMENT_3D ( 'NONE', #494, #701, #2380 ) ;
#2634 = DIRECTION ( 'NONE',  ( -0.000000000000000000, 1.000000000000000000, 0.000000000000000000 ) ) ;
#2635 = VECTOR ( 'NONE', #2056, 1000.000000000000000 ) ;
#2636 = PRODUCT_DEFINITION_FORMATION_WITH_SPECIFIED_SOURCE ( 'ANY', '', #2422, .NOT_KNOWN. ) ;
#2637 = MANIFOLD_SOLID_BREP ( 'Boss-Extrude2[5]', #2375 ) ;
#2638 = ADVANCED_BREP_SHAPE_REPRESENTATION ( '', ( #539, #76 ), #1514 ) ;
#2639 = CARTESIAN_POINT ( 'NONE',  ( 0.6300000000000000044, 0.1019999999999999934, -0.2499999999999998335 ) ) ;
#2640 = CARTESIAN_POINT ( 'NONE',  ( -0.6300000000000001155, 0.1019999999999999934, -0.2500000000000000000 ) ) ;
#2641 = ORIENTED_EDGE ( 'NONE', *, *, #2016, .F. ) ;
#2642 = ADVANCED_FACE ( 'NONE', ( #521 ), #790, .F. ) ;
#2643 = FILL_AREA_STYLE ('',( #995 ) ) ;
#2644 =( LENGTH_UNIT ( ) NAMED_UNIT ( * ) SI_UNIT ( .MILLI., .METRE. ) );
#2645 = DIRECTION ( 'NONE',  ( 0.000000000000000000, -1.000000000000000000, 0.000000000000000000 ) ) ;
#2646 = ORIENTED_EDGE ( 'NONE', *, *, #733, .T. ) ;
#2647 = ORIENTED_EDGE ( 'NONE', *, *, #614, .T. ) ;
#2648 = CARTESIAN_POINT ( 'NONE',  ( 0.7000000000000000666, 0.5300000000000001377, -0.7500000000000003331 ) ) ;
#2649 = DIRECTION ( 'NONE',  ( -1.000000000000000000, -0.000000000000000000, 0.000000000000000000 ) ) ;
#2650 = ORIENTED_EDGE ( 'NONE', *, *, #1509, .F. ) ;
#2651 = ADVANCED_FACE ( 'NONE', ( #2197 ), #1486, .F. ) ;
#2652 = CARTESIAN_POINT ( 'NONE',  ( -0.6300000000000001155, -0.05000000000000000971, -0.2500000000000000000 ) ) ;
#2653 = PLANE ( 'NONE',  #1006 ) ;
#2654 = CARTESIAN_POINT ( 'NONE',  ( 0.4071455115690412740, 0.1019999999999999934, -0.2499999999999998890 ) ) ;
#2655 = SURFACE_STYLE_FILL_AREA ( #2864 ) ;
#2656 = ORIENTED_EDGE ( 'NONE', *, *, #1445, .T. ) ;
#2657 = CARTESIAN_POINT ( 'NONE',  ( 0.5000000000000000000, 0.1019999999999999934, -0.5749999999999999556 ) ) ;
#2658 = FACE_OUTER_BOUND ( 'NONE', #89, .T. ) ;
#2659 = EDGE_CURVE ( 'NONE', #1874, #378, #2443, .T. ) ;
#2660 = EDGE_LOOP ( 'NONE', ( #436, #1377, #702, #681 ) ) ;
#2661 = ORIENTED_EDGE ( 'NONE', *, *, #1665, .T. ) ;
#2662 = FACE_OUTER_BOUND ( 'NONE', #322, .T. ) ;
#2663 = FACE_OUTER_BOUND ( 'NONE', #2203, .T. ) ;
#2664 = VERTEX_POINT ( 'NONE', #570 ) ;
#2665 = CARTESIAN_POINT ( 'NONE',  ( 0.3750000000000001110, -0.05000000000000000971, -0.5749999999999999556 ) ) ;
#2666 = CARTESIAN_POINT ( 'NONE',  ( -0.6250000000000000000, 0.1019999999999999934, -0.5749999999999999556 ) ) ;
#2667 = LINE ( 'NONE', #125, #1885 ) ;
#2668 = LINE ( 'NONE', #1240, #1067 ) ;
#2669 = ORIENTED_EDGE ( 'NONE', *, *, #1258, .T. ) ;
#2670 = CARTESIAN_POINT ( 'NONE',  ( 0.1249999999999998890, 0.1019999999999999934, -0.8000000000000000444 ) ) ;
#2671 =( LENGTH_UNIT ( ) NAMED_UNIT ( * ) SI_UNIT ( .MILLI., .METRE. ) );
#2672 = AXIS2_PLACEMENT_3D ( 'NONE', #1548, #1055, #1977 ) ;
#2673 = FACE_OUTER_BOUND ( 'NONE', #53, .T. ) ;
#2674 = ORIENTED_EDGE ( 'NONE', *, *, #2194, .F. ) ;
#2675 = VECTOR ( 'NONE', #2528, 1000.000000000000000 ) ;
#2676 = ORIENTED_EDGE ( 'NONE', *, *, #1563, .T. ) ;
#2677 = DIRECTION ( 'NONE',  ( -1.000000000000000000, 0.000000000000000000, 0.000000000000000000 ) ) ;
#2678 = EDGE_CURVE ( 'NONE', #1341, #383, #2162, .T. ) ;
#2679 = CARTESIAN_POINT ( 'NONE',  ( 0.6249999999999998890, -0.05000000000000000971, -0.5749999999999999556 ) ) ;
#2680 = AXIS2_PLACEMENT_3D ( 'NONE', #2011, #1025, #824 ) ;
#2681 = VECTOR ( 'NONE', #1338, 1000.000000000000000 ) ;
#2682 = ORIENTED_EDGE ( 'NONE', *, *, #1803, .F. ) ;
#2683 = LINE ( 'NONE', #2172, #2050 ) ;
#2684 = AXIS2_PLACEMENT_3D ( 'NONE', #2785, #395, #157 ) ;
#2685 = DIRECTION ( 'NONE',  ( 1.000000000000000000, -0.000000000000000000, 0.000000000000000000 ) ) ;
#2686 = VECTOR ( 'NONE', #1823, 1000.000000000000000 ) ;
#2687 = DIRECTION ( 'NONE',  ( -0.000000000000000000, -1.000000000000000000, -0.000000000000000000 ) ) ;
#2688 = VECTOR ( 'NONE', #2947, 1000.000000000000000 ) ;
#2689 = CARTESIAN_POINT ( 'NONE',  ( 0.000000000000000000, 0.1019999999999999934, -0.5749999999999999556 ) ) ;
#2690 = PRODUCT_DEFINITION_FORMATION_WITH_SPECIFIED_SOURCE ( 'ANY', '', #1762, .NOT_KNOWN. ) ;
#2691 = ORIENTED_EDGE ( 'NONE', *, *, #1966, .T. ) ;
#2692 = CARTESIAN_POINT ( 'NONE',  ( 0.6300000000000000044, 0.000000000000000000, 0.000000000000000000 ) ) ;
#2693 = DIRECTION ( 'NONE',  ( 1.000000000000000000, 0.000000000000000000, 0.000000000000000000 ) ) ;
#2694 = DIRECTION ( 'NONE',  ( 0.000000000000000000, 1.000000000000000000, 0.000000000000000000 ) ) ;
#2695 = ORIENTED_EDGE ( 'NONE', *, *, #469, .F. ) ;
#2696 = DIRECTION ( 'NONE',  ( 0.000000000000000000, 0.000000000000000000, 1.000000000000000000 ) ) ;
#2697 = LINE ( 'NONE', #1000, #1401 ) ;
#2698 = DIRECTION ( 'NONE',  ( -0.000000000000000000, -1.000000000000000000, -0.000000000000000000 ) ) ;
#2699 = ORIENTED_EDGE ( 'NONE', *, *, #1403, .T. ) ;
#2700 = CARTESIAN_POINT ( 'NONE',  ( 0.3750000000000001110, 0.1019999999999999934, 0.5749999999999999556 ) ) ;
#2701 = CARTESIAN_POINT ( 'NONE',  ( 0.000000000000000000, 0.1019999999999999934, 0.4500000000000001221 ) ) ;
#2702 = CARTESIAN_POINT ( 'NONE',  ( -0.1249999999999998890, -0.05000000000000000971, -0.5749999999999999556 ) ) ;
#2703 = DIRECTION ( 'NONE',  ( -0.000000000000000000, 1.000000000000000000, -0.000000000000000000 ) ) ;
#2704 = FACE_OUTER_BOUND ( 'NONE', #2317, .T. ) ;
#2705 =( NAMED_UNIT ( * ) PLANE_ANGLE_UNIT ( ) SI_UNIT ( $, .RADIAN. ) );
#2706 = EDGE_CURVE ( 'NONE', #1797, #2546, #1964, .T. ) ;
#2707 = VERTEX_POINT ( 'NONE', #1224 ) ;
#2708 = DIRECTION ( 'NONE',  ( 1.000000000000000000, 0.000000000000000000, -1.355252715606880543E-16 ) ) ;
#2709 = DIRECTION ( 'NONE',  ( 0.000000000000000000, 0.000000000000000000, -1.000000000000000000 ) ) ;
#2710 = VERTEX_POINT ( 'NONE', #1028 ) ;
#2711 = ORIENTED_EDGE ( 'NONE', *, *, #274, .T. ) ;
#2712 = FACE_OUTER_BOUND ( 'NONE', #1816, .T. ) ;
#2713 = LINE ( 'NONE', #103, #502 ) ;
#2714 = FACE_OUTER_BOUND ( 'NONE', #445, .T. ) ;
#2715 = ADVANCED_FACE ( 'NONE', ( #826, #82 ), #550, .T. ) ;
#2716 = DIRECTION ( 'NONE',  ( -9.637352644315592778E-16, -0.000000000000000000, 1.000000000000000000 ) ) ;
#2717 = DIRECTION ( 'NONE',  ( -0.000000000000000000, 0.000000000000000000, 1.000000000000000000 ) ) ;
#2718 = CARTESIAN_POINT ( 'NONE',  ( 0.000000000000000000, 0.000000000000000000, 0.000000000000000000 ) ) ;
#2719 = CARTESIAN_POINT ( 'NONE',  ( -0.1249999999999998890, 0.1019999999999999934, -0.5749999999999999556 ) ) ;
#2720 = VERTEX_POINT ( 'NONE', #2393 ) ;
#2721 = LINE ( 'NONE', #1558, #2924 ) ;
#2722 = VECTOR ( 'NONE', #1191, 1000.000000000000000 ) ;
#2723 = EDGE_CURVE ( 'NONE', #2793, #1423, #1728, .T. ) ;
#2724 = CARTESIAN_POINT ( 'NONE',  ( -0.1249999999999999722, -0.05000000000000000278, -0.8000000000000000444 ) ) ;
#2725 = CIRCLE ( 'NONE', #1349, 0.01000000000000002623 ) ;
#2726 = ORIENTED_EDGE ( 'NONE', *, *, #1307, .F. ) ;
#2727 = ORIENTED_EDGE ( 'NONE', *, *, #1924, .F. ) ;
#2728 = EDGE_CURVE ( 'NONE', #1630, #1802, #93, .T. ) ;
#2729 = CIRCLE ( 'NONE', #2136, 0.1249999999999998890 ) ;
#2730 = DIRECTION ( 'NONE',  ( -0.000000000000000000, 0.000000000000000000, -1.000000000000000000 ) ) ;
#2731 = AXIS2_PLACEMENT_3D ( 'NONE', #1171, #2604, #1660 ) ;
#2732 = VECTOR ( 'NONE', #2397, 1000.000000000000000 ) ;
#2733 = DIRECTION ( 'NONE',  ( 0.000000000000000000, -0.000000000000000000, -1.000000000000000000 ) ) ;
#2734 = VECTOR ( 'NONE', #637, 1000.000000000000000 ) ;
#2735 = DIRECTION ( 'NONE',  ( 1.000000000000000000, -0.000000000000000000, 0.000000000000000000 ) ) ;
#2736 =( GEOMETRIC_REPRESENTATION_CONTEXT ( 3 ) GLOBAL_UNCERTAINTY_ASSIGNED_CONTEXT ( ( #186 ) ) GLOBAL_UNIT_ASSIGNED_CONTEXT ( ( #3003, #2258, #2301 ) ) REPRESENTATION_CONTEXT ( 'NONE', 'WORKASPACE' ) );
#2737 = LINE ( 'NONE', #2275, #2591 ) ;
#2738 = EDGE_CURVE ( 'NONE', #1151, #1065, #2668, .T. ) ;
#2739 = EDGE_LOOP ( 'NONE', ( #2952, #2938, #2063, #1197 ) ) ;
#2740 = FACE_OUTER_BOUND ( 'NONE', #2569, .T. ) ;
#2741 = DIRECTION ( 'NONE',  ( 0.000000000000000000, -0.000000000000000000, -1.000000000000000000 ) ) ;
#2742 = DIRECTION ( 'NONE',  ( 1.000000000000000000, 0.000000000000000000, -1.355252715606880543E-16 ) ) ;
#2743 = EDGE_LOOP ( 'NONE', ( #2276, #1806, #2073, #2691 ) ) ;
#2744 = VERTEX_POINT ( 'NONE', #1041 ) ;
#2745 = LINE ( 'NONE', #1587, #2675 ) ;
#2746 = EDGE_CURVE ( 'NONE', #741, #2596, #1978, .T. ) ;
#2747 = VERTEX_POINT ( 'NONE', #375 ) ;
#2748 = DIRECTION ( 'NONE',  ( 0.000000000000000000, 0.000000000000000000, 1.000000000000000000 ) ) ;
#2749 = CARTESIAN_POINT ( 'NONE',  ( 0.5000000000000000000, 0.1019999999999999934, 0.5749999999999999556 ) ) ;
#2750 = PRODUCT_CONTEXT ( 'NONE', #2049, 'mechanical' ) ;
#2751 = CARTESIAN_POINT ( 'NONE',  ( -0.1250000000000000000, 0.000000000000000000, 0.5749999999999999556 ) ) ;
#2752 = ORIENTED_EDGE ( 'NONE', *, *, #2260, .T. ) ;
#2753 = LINE ( 'NONE', #1570, #163 ) ;
#2754 = FACE_OUTER_BOUND ( 'NONE', #666, .T. ) ;
#2755 = EDGE_CURVE ( 'NONE', #2744, #467, #1319, .T. ) ;
#2756 = ORIENTED_EDGE ( 'NONE', *, *, #1219, .F. ) ;
#2757 = SURFACE_SIDE_STYLE ('',( #1817 ) ) ;
#2758 = ORIENTED_EDGE ( 'NONE', *, *, #544, .F. ) ;
#2759 = CARTESIAN_POINT ( 'NONE',  ( 0.7000000000000000666, 0.5500000000000000444, -0.7000000000000002887 ) ) ;
#2760 = EDGE_CURVE ( 'NONE', #8, #2279, #886, .T. ) ;
#2761 = CARTESIAN_POINT ( 'NONE',  ( -0.3750000000000001110, 0.1019999999999999796, -0.8000000000000001554 ) ) ;
#2762 = LINE ( 'NONE', #391, #1013 ) ;
#2763 = ORIENTED_EDGE ( 'NONE', *, *, #2194, .T. ) ;
#2764 = CARTESIAN_POINT ( 'NONE',  ( 0.000000000000000000, 0.000000000000000000, 0.2500000000000002220 ) ) ;
#2765 = DIRECTION ( 'NONE',  ( 0.000000000000000000, 0.000000000000000000, 1.000000000000000000 ) ) ;
#2766 = VERTEX_POINT ( 'NONE', #127 ) ;
#2767 = ADVANCED_FACE ( 'NONE', ( #2272 ), #2474, .F. ) ;
#2768 = ORIENTED_EDGE ( 'NONE', *, *, #626, .T. ) ;
#2769 = DIRECTION ( 'NONE',  ( 0.000000000000000000, 0.000000000000000000, 1.000000000000000000 ) ) ;
#2770 = VECTOR ( 'NONE', #871, 1000.000000000000000 ) ;
#2771 = ORIENTED_EDGE ( 'NONE', *, *, #1556, .F. ) ;
#2772 = AXIS2_PLACEMENT_3D ( 'NONE', #639, #1081, #2696 ) ;
#2773 = LINE ( 'NONE', #1589, #2770 ) ;
#2774 = CIRCLE ( 'NONE', #961, 0.1249999999999998890 ) ;
#2775 = VECTOR ( 'NONE', #2887, 1000.000000000000000 ) ;
#2776 = EDGE_CURVE ( 'NONE', #2517, #2585, #1820, .T. ) ;
#2777 = DIRECTION ( 'NONE',  ( -1.000000000000000000, -0.000000000000000000, -0.000000000000000000 ) ) ;
#2778 = APPLICATION_PROTOCOL_DEFINITION ( 'draft international standard', 'automotive_design', 1998, #1886 ) ;
#2779 = PRESENTATION_LAYER_ASSIGNMENT (  '', '', ( #25 ) ) ;
#2780 = CARTESIAN_POINT ( 'NONE',  ( 0.8000000000000001554, 0.5500000000000000444, 0.7999999999999997113 ) ) ;
#2781 = AXIS2_PLACEMENT_3D ( 'NONE', #1774, #1089, #1578 ) ;
#2782 = EDGE_CURVE ( 'NONE', #1629, #2941, #139, .T. ) ;
#2783 = VERTEX_POINT ( 'NONE', #2761 ) ;
#2784 = LINE ( 'NONE', #237, #1997 ) ;
#2785 = CARTESIAN_POINT ( 'NONE',  ( 0.000000000000000000, -0.05000000000000000971, -0.5749999999999999556 ) ) ;
#2786 = ORIENTED_EDGE ( 'NONE', *, *, #3016, .F. ) ;
#2787 = EDGE_LOOP ( 'NONE', ( #2415, #618, #1910, #1990 ) ) ;
#2788 = EDGE_LOOP ( 'NONE', ( #1498, #559, #1678, #927 ) ) ;
#2789 = DIRECTION ( 'NONE',  ( 0.000000000000000000, 1.000000000000000000, 0.000000000000000000 ) ) ;
#2790 = EDGE_CURVE ( 'NONE', #2326, #182, #2519, .T. ) ;
#2791 = PRESENTATION_STYLE_ASSIGNMENT (( #946 ) ) ;
#2792 =( NAMED_UNIT ( * ) SI_UNIT ( $, .STERADIAN. ) SOLID_ANGLE_UNIT ( ) );
#2793 = VERTEX_POINT ( 'NONE', #1348 ) ;
#2794 = DIRECTION ( 'NONE',  ( 1.000000000000000000, 0.000000000000000000, -0.000000000000000000 ) ) ;
#2795 = DIRECTION ( 'NONE',  ( 0.000000000000000000, 0.000000000000000000, 1.000000000000000000 ) ) ;
#2796 = ADVANCED_FACE ( 'NONE', ( #1300 ), #2040, .T. ) ;
#2797 = ORIENTED_EDGE ( 'NONE', *, *, #2288, .T. ) ;
#2798 = ORIENTED_EDGE ( 'NONE', *, *, #1429, .T. ) ;
#2799 = ORIENTED_EDGE ( 'NONE', *, *, #1872, .F. ) ;
#2800 = CARTESIAN_POINT ( 'NONE',  ( 0.000000000000000000, 0.1019999999999999934, -0.5749999999999999556 ) ) ;
#2801 = ADVANCED_FACE ( 'NONE', ( #1535 ), #873, .T. ) ;
#2802 =( NAMED_UNIT ( * ) SI_UNIT ( $, .STERADIAN. ) SOLID_ANGLE_UNIT ( ) );
#2803 = PRODUCT_DEFINITION_CONTEXT ( 'detailed design', #442, 'design' ) ;
#2804 = CARTESIAN_POINT ( 'NONE',  ( 0.4071455115690412740, -0.05000000000000000971, -0.2499999999999998890 ) ) ;
#2805 = ORIENTED_EDGE ( 'NONE', *, *, #148, .F. ) ;
#2806 = CARTESIAN_POINT ( 'NONE',  ( -0.5000000000000000000, 0.1019999999999999934, -0.8000000000000000444 ) ) ;
#2807 = PLANE ( 'NONE',  #2538 ) ;
#2808 = ORIENTED_EDGE ( 'NONE', *, *, #2659, .T. ) ;
#2809 = ORIENTED_EDGE ( 'NONE', *, *, #2776, .F. ) ;
#2810 = PRODUCT_RELATED_PRODUCT_CATEGORY ( 'part', '', ( #1762 ) ) ;
#2811 = DIRECTION ( 'NONE',  ( 0.000000000000000000, 1.000000000000000000, 0.000000000000000000 ) ) ;
#2812 = ORIENTED_EDGE ( 'NONE', *, *, #2, .T. ) ;
#2813 = ADVANCED_FACE ( 'NONE', ( #584 ), #1077, .T. ) ;
#2814 = DIRECTION ( 'NONE',  ( -1.000000000000000000, -0.000000000000000000, 0.000000000000000000 ) ) ;
#2815 = CIRCLE ( 'NONE', #1497, 0.1249999999999998890 ) ;
#2816 = TOROIDAL_SURFACE ( 'NONE', #2578, 0.04000000000000005634, 0.01000000000000000021 ) ;
#2817 = CLOSED_SHELL ( 'NONE', ( #2796, #1615, #1159, #2622, #1176, #1584 ) ) ;
#2818 = SURFACE_SIDE_STYLE ('',( #716 ) ) ;
#2819 = AXIS2_PLACEMENT_3D ( 'NONE', #2834, #2146, #33 ) ;
#2820 = CARTESIAN_POINT ( 'NONE',  ( 0.1249999999999998890, 0.1019999999999999934, -0.5749999999999999556 ) ) ;
#2821 = VECTOR ( 'NONE', #2717, 1000.000000000000000 ) ;
#2822 = ORIENTED_EDGE ( 'NONE', *, *, #340, .F. ) ;
#2823 = AXIS2_PLACEMENT_3D ( 'NONE', #1375, #2311, #2558 ) ;
#2824 = DIRECTION ( 'NONE',  ( 1.000000000000000000, 0.000000000000000000, 0.000000000000000000 ) ) ;
#2825 = LINE ( 'NONE', #2970, #419 ) ;
#2826 = DIRECTION ( 'NONE',  ( 0.000000000000000000, 1.000000000000000000, 0.000000000000000000 ) ) ;
#2827 = COLOUR_RGB ( '',1.000000000000000000, 1.000000000000000000, 1.000000000000000000 ) ;
#2828 = ADVANCED_FACE ( 'NONE', ( #356 ), #2960, .F. ) ;
#2829 = ORIENTED_EDGE ( 'NONE', *, *, #1186, .F. ) ;
#2830 = ORIENTED_EDGE ( 'NONE', *, *, #1233, .T. ) ;
#2831 = CYLINDRICAL_SURFACE ( 'NONE', #714, 0.1249999999999998890 ) ;
#2832 = ORIENTED_EDGE ( 'NONE', *, *, #2366, .T. ) ;
#2833 = ORIENTED_EDGE ( 'NONE', *, *, #154, .F. ) ;
#2834 = CARTESIAN_POINT ( 'NONE',  ( -0.5000000000000000000, 0.1019999999999999934, -0.5749999999999999556 ) ) ;
#2835 = EDGE_CURVE ( 'NONE', #2851, #482, #2027, .T. ) ;
#2836 = CARTESIAN_POINT ( 'NONE',  ( 0.6249999999999998890, 0.1019999999999999934, 0.5749999999999999556 ) ) ;
#2837 = FILL_AREA_STYLE_COLOUR ( '', #2827 ) ;
#2838 = PRODUCT_DEFINITION_SHAPE ( 'NONE', 'NONE',  #859 ) ;
#2839 = VERTEX_POINT ( 'NONE', #600 ) ;
#2840 = CARTESIAN_POINT ( 'NONE',  ( 0.6249999999999998890, -0.05000000000000000971, 0.5749999999999999556 ) ) ;
#2841 = DIRECTION ( 'NONE',  ( 0.000000000000000000, 0.000000000000000000, 1.000000000000000000 ) ) ;
#2842 = VERTEX_POINT ( 'NONE', #2493 ) ;
#2843 = ORIENTED_EDGE ( 'NONE', *, *, #2484, .T. ) ;
#2844 = EDGE_CURVE ( 'NONE', #2527, #2325, #851, .T. ) ;
#2845 = LINE ( 'NONE', #2113, #1256 ) ;
#2846 = ORIENTED_EDGE ( 'NONE', *, *, #2076, .T. ) ;
#2847 = CARTESIAN_POINT ( 'NONE',  ( 0.000000000000000000, 0.1019999999999999934, 0.5749999999999999556 ) ) ;
#2848 = CARTESIAN_POINT ( 'NONE',  ( 0.3071455115690412407, 0.000000000000000000, -0.2499999999999999445 ) ) ;
#2849 = EDGE_CURVE ( 'NONE', #2855, #2036, #2237, .T. ) ;
#2850 = CARTESIAN_POINT ( 'NONE',  ( 0.6249999999999998890, 0.1019999999999999934, 0.5749999999999999556 ) ) ;
#2851 = VERTEX_POINT ( 'NONE', #2700 ) ;
#2852 = DIRECTION ( 'NONE',  ( 0.000000000000000000, 1.000000000000000000, 0.000000000000000000 ) ) ;
#2853 = EDGE_CURVE ( 'NONE', #378, #2054, #1004, .T. ) ;
#2854 = DIRECTION ( 'NONE',  ( -0.000000000000000000, 1.000000000000000000, -0.000000000000000000 ) ) ;
#2855 = VERTEX_POINT ( 'NONE', #532 ) ;
#2856 = CARTESIAN_POINT ( 'NONE',  ( 0.000000000000000000, 0.000000000000000000, 0.5749999999999999556 ) ) ;
#2857 = DIRECTION ( 'NONE',  ( 0.000000000000000000, -1.000000000000000000, 0.000000000000000000 ) ) ;
#2858 = ORIENTED_EDGE ( 'NONE', *, *, #1148, .F. ) ;
#2859 = DIRECTION ( 'NONE',  ( -0.000000000000000000, -1.000000000000000000, -0.000000000000000000 ) ) ;
#2860 = PRODUCT_DEFINITION_SHAPE ( 'NONE', 'NONE',  #1237 ) ;
#2861 = EDGE_CURVE ( 'NONE', #292, #2747, #1284, .T. ) ;
#2862 = DIRECTION ( 'NONE',  ( 0.000000000000000000, 1.000000000000000000, 0.000000000000000000 ) ) ;
#2863 = UNCERTAINTY_MEASURE_WITH_UNIT (LENGTH_MEASURE( 1.000000000000000082E-05 ), #1328, 'distance_accuracy_value', 'NONE');
#2864 = FILL_AREA_STYLE ('',( #1522 ) ) ;
#2865 = VECTOR ( 'NONE', #1957, 1000.000000000000000 ) ;
#2866 = APPLICATION_CONTEXT ( 'automotive_design' ) ;
#2867 = VERTEX_POINT ( 'NONE', #1024 ) ;
#2868 = DIRECTION ( 'NONE',  ( 0.000000000000000000, -1.000000000000000000, 0.000000000000000000 ) ) ;
#2869 = CIRCLE ( 'NONE', #2819, 0.1249999999999998890 ) ;
#2870 = PLANE ( 'NONE',  #217 ) ;
#2871 = EDGE_CURVE ( 'NONE', #1617, #2793, #1851, .T. ) ;
#2872 = AXIS2_PLACEMENT_3D ( 'NONE', #2369, #253, #226 ) ;
#2873 = PRESENTATION_LAYER_ASSIGNMENT (  '', '', ( #2965 ) ) ;
#2874 = VERTEX_POINT ( 'NONE', #1943 ) ;
#2875 = LINE ( 'NONE', #781, #1448 ) ;
#2876 = PLANE ( 'NONE',  #1104 ) ;
#2877 = AXIS2_PLACEMENT_3D ( 'NONE', #466, #40, #2841 ) ;
#2878 = CARTESIAN_POINT ( 'NONE',  ( 0.1249999999999998890, 0.1019999999999999934, 0.5749999999999999556 ) ) ;
#2879 = AXIS2_PLACEMENT_3D ( 'NONE', #1783, #2065, #147 ) ;
#2880 = ORIENTED_EDGE ( 'NONE', *, *, #708, .T. ) ;
#2881 = FACE_OUTER_BOUND ( 'NONE', #739, .T. ) ;
#2882 = DIRECTION ( 'NONE',  ( 0.000000000000000000, 1.000000000000000000, 0.000000000000000000 ) ) ;
#2883 = CARTESIAN_POINT ( 'NONE',  ( 0.6300000000000000044, 0.000000000000000000, -0.2499999999999998890 ) ) ;
#2884 = EDGE_CURVE ( 'NONE', #1080, #412, #787, .T. ) ;
#2885 = DIRECTION ( 'NONE',  ( 0.000000000000000000, 1.000000000000000000, 0.000000000000000000 ) ) ;
#2886 = ORIENTED_EDGE ( 'NONE', *, *, #2169, .F. ) ;
#2887 = DIRECTION ( 'NONE',  ( -0.000000000000000000, 0.000000000000000000, 1.000000000000000000 ) ) ;
#2888 = DIRECTION ( 'NONE',  ( 1.000000000000000000, 0.000000000000000000, 1.720955829342070209E-16 ) ) ;
#2889 = ORIENTED_EDGE ( 'NONE', *, *, #3016, .T. ) ;
#2890 = CARTESIAN_POINT ( 'NONE',  ( 0.8000000000000001554, 0.5500000000000000444, -0.8000000000000003775 ) ) ;
#2891 = PRODUCT_DEFINITION_SHAPE ( 'NONE', 'NONE',  #3046 ) ;
#2892 = PLANE ( 'NONE',  #1005 ) ;
#2893 = ADVANCED_FACE ( 'NONE', ( #2881 ), #1960, .F. ) ;
#2894 = DIRECTION ( 'NONE',  ( -0.000000000000000000, 1.000000000000000000, -0.000000000000000000 ) ) ;
#2895 = ORIENTED_EDGE ( 'NONE', *, *, #522, .F. ) ;
#2896 = CARTESIAN_POINT ( 'NONE',  ( 0.1249999999999998890, 0.1019999999999999934, 0.5749999999999999556 ) ) ;
#2897 = LINE ( 'NONE', #2471, #2088 ) ;
#2898 = CARTESIAN_POINT ( 'NONE',  ( -0.1249999999999998890, -0.05000000000000000971, -0.5749999999999999556 ) ) ;
#2899 =( NAMED_UNIT ( * ) SI_UNIT ( $, .STERADIAN. ) SOLID_ANGLE_UNIT ( ) );
#2900 = EDGE_CURVE ( 'NONE', #1543, #2295, #1725, .T. ) ;
#2901 = ORIENTED_EDGE ( 'NONE', *, *, #1966, .F. ) ;
#2902 = CARTESIAN_POINT ( 'NONE',  ( 0.5000000000000000000, 0.1019999999999999934, -0.5749999999999999556 ) ) ;
#2903 = DIRECTION ( 'NONE',  ( 1.000000000000000000, 0.000000000000000000, 0.000000000000000000 ) ) ;
#2904 = DIRECTION ( 'NONE',  ( -0.000000000000000000, -1.000000000000000000, -0.000000000000000000 ) ) ;
#2905 = VERTEX_POINT ( 'NONE', #2404 ) ;
#2906 = ORIENTED_EDGE ( 'NONE', *, *, #1887, .F. ) ;
#2907 = LINE ( 'NONE', #1247, #2183 ) ;
#2908 = CARTESIAN_POINT ( 'NONE',  ( -0.1250000000000001110, 0.1019999999999999934, -0.8000000000000000444 ) ) ;
#2909 = ORIENTED_EDGE ( 'NONE', *, *, #1908, .T. ) ;
#2910 = DIRECTION ( 'NONE',  ( -9.637352644315592778E-16, 0.000000000000000000, -1.000000000000000000 ) ) ;
#2911 = CARTESIAN_POINT ( 'NONE',  ( 0.4071455115690412740, -0.05000000000000000971, -0.2499999999999998890 ) ) ;
#2912 = EDGE_CURVE ( 'NONE', #2163, #1251, #2683, .T. ) ;
#2913 = DIRECTION ( 'NONE',  ( 0.000000000000000000, 0.000000000000000000, 1.000000000000000000 ) ) ;
#2914 = DIRECTION ( 'NONE',  ( -1.000000000000000000, 0.000000000000000000, 9.637352644315592778E-16 ) ) ;
#2915 = EDGE_LOOP ( 'NONE', ( #2656, #1407, #2358, #2592 ) ) ;
#2916 = CARTESIAN_POINT ( 'NONE',  ( 0.6249999999999998890, 0.1019999999999999934, 0.5749999999999999556 ) ) ;
#2917 = AXIS2_PLACEMENT_3D ( 'NONE', #2271, #2441, #2507 ) ;
#2918 = VERTEX_POINT ( 'NONE', #1038 ) ;
#2919 = VECTOR ( 'NONE', #1832, 1000.000000000000000 ) ;
#2920 = CARTESIAN_POINT ( 'NONE',  ( 0.000000000000000000, 0.1019999999999999934, -0.5749999999999999556 ) ) ;
#2921 = CARTESIAN_POINT ( 'NONE',  ( 0.5000000000000000000, 0.1019999999999999934, -0.5749999999999999556 ) ) ;
#2922 = DIRECTION ( 'NONE',  ( 0.000000000000000000, -0.000000000000000000, -1.000000000000000000 ) ) ;
#2923 = CIRCLE ( 'NONE', #1205, 0.1249999999999998890 ) ;
#2924 = VECTOR ( 'NONE', #2499, 1000.000000000000000 ) ;
#2925 = EDGE_LOOP ( 'NONE', ( #1163, #2408, #2454, #1569 ) ) ;
#2926 = DIRECTION ( 'NONE',  ( 0.000000000000000000, 0.000000000000000000, -1.000000000000000000 ) ) ;
#2927 = VECTOR ( 'NONE', #2003, 1000.000000000000000 ) ;
#2928 = DIRECTION ( 'NONE',  ( 9.637352644315592778E-16, -0.000000000000000000, 1.000000000000000000 ) ) ;
#2929 =( GEOMETRIC_REPRESENTATION_CONTEXT ( 3 ) GLOBAL_UNCERTAINTY_ASSIGNED_CONTEXT ( ( #2537 ) ) GLOBAL_UNIT_ASSIGNED_CONTEXT ( ( #776, #1504, #2899 ) ) REPRESENTATION_CONTEXT ( 'NONE', 'WORKASPACE' ) );
#2930 = DIRECTION ( 'NONE',  ( 0.000000000000000000, -0.000000000000000000, 1.000000000000000000 ) ) ;
#2931 = PRODUCT_DEFINITION_FORMATION_WITH_SPECIFIED_SOURCE ( 'ANY', '', #1424, .NOT_KNOWN. ) ;
#2932 = ADVANCED_FACE ( 'NONE', ( #59 ), #2944, .F. ) ;
#2933 = DIRECTION ( 'NONE',  ( 0.000000000000000000, -0.000000000000000000, 1.000000000000000000 ) ) ;
#2934 = ADVANCED_BREP_SHAPE_REPRESENTATION ( '', ( #1628, #76 ), #374 ) ;
#2935 = DIRECTION ( 'NONE',  ( 0.000000000000000000, -0.000000000000000000, 1.000000000000000000 ) ) ;
#2936 = CARTESIAN_POINT ( 'NONE',  ( 0.000000000000000000, 0.000000000000000000, 0.000000000000000000 ) ) ;
#2937 = FACE_OUTER_BOUND ( 'NONE', #421, .T. ) ;
#2938 = ORIENTED_EDGE ( 'NONE', *, *, #2760, .F. ) ;
#2939 = DIRECTION ( 'NONE',  ( 0.000000000000000000, -1.000000000000000000, 0.000000000000000000 ) ) ;
#2940 = LINE ( 'NONE', #2466, #164 ) ;
#2941 = VERTEX_POINT ( 'NONE', #1710 ) ;
#2942 = ADVANCED_FACE ( 'NONE', ( #2416 ), #1051, .F. ) ;
#2943 = EDGE_LOOP ( 'NONE', ( #2300, #2607, #678, #630 ) ) ;
#2944 = PLANE ( 'NONE',  #719 ) ;
#2945 = CARTESIAN_POINT ( 'NONE',  ( -0.1249999999999998890, 0.1019999999999999934, 0.5749999999999999556 ) ) ;
#2946 = DIRECTION ( 'NONE',  ( -0.000000000000000000, 0.000000000000000000, 1.000000000000000000 ) ) ;
#2947 = DIRECTION ( 'NONE',  ( 9.637352644315592778E-16, 0.000000000000000000, 1.000000000000000000 ) ) ;
#2948 = EDGE_CURVE ( 'NONE', #1436, #2851, #2436, .T. ) ;
#2949 = DIRECTION ( 'NONE',  ( 0.000000000000000000, 0.000000000000000000, 1.000000000000000000 ) ) ;
#2950 = LINE ( 'NONE', #2496, #561 ) ;
#2951 = EDGE_CURVE ( 'NONE', #2631, #1543, #1458, .T. ) ;
#2952 = ORIENTED_EDGE ( 'NONE', *, *, #2107, .T. ) ;
#2953 = DIRECTION ( 'NONE',  ( 1.000000000000000000, 0.000000000000000000, 0.000000000000000000 ) ) ;
#2954 = LINE ( 'NONE', #320, #1304 ) ;
#2955 = VERTEX_POINT ( 'NONE', #835 ) ;
#2956 = ORIENTED_EDGE ( 'NONE', *, *, #996, .T. ) ;
#2957 = CARTESIAN_POINT ( 'NONE',  ( 0.4071455115690412740, 0.1019999999999999934, -0.1499999999999998279 ) ) ;
#2958 = LINE ( 'NONE', #1039, #2432 ) ;
#2959 = CARTESIAN_POINT ( 'NONE',  ( 0.4071455115690412740, 0.1019999999999999934, -0.2499999999999998890 ) ) ;
#2960 = PLANE ( 'NONE',  #2781 ) ;
#2961 = LINE ( 'NONE', #1811, #2734 ) ;
#2962 = EDGE_CURVE ( 'NONE', #1588, #797, #90, .T. ) ;
#2963 = ORIENTED_EDGE ( 'NONE', *, *, #1631, .F. ) ;
#2964 = DIRECTION ( 'NONE',  ( -1.000000000000000000, 0.000000000000000000, 0.000000000000000000 ) ) ;
#2965 = STYLED_ITEM ( 'NONE', ( #2015 ), #595 ) ;
#2966 = DIRECTION ( 'NONE',  ( -1.000000000000000000, 0.000000000000000000, 1.355252715606880543E-16 ) ) ;
#2967 = EDGE_CURVE ( 'NONE', #797, #2501, #801, .T. ) ;
#2968 = VECTOR ( 'NONE', #104, 1000.000000000000000 ) ;
#2969 = ORIENTED_EDGE ( 'NONE', *, *, #2445, .F. ) ;
#2970 = CARTESIAN_POINT ( 'NONE',  ( 0.5000000000000000000, 0.1019999999999999934, 0.4500000000000001221 ) ) ;
#2971 = VECTOR ( 'NONE', #2928, 1000.000000000000000 ) ;
#2972 = LINE ( 'NONE', #1099, #363 ) ;
#2973 = AXIS2_PLACEMENT_3D ( 'NONE', #2043, #1748, #2002 ) ;
#2974 = AXIS2_PLACEMENT_3D ( 'NONE', #629, #894, #1847 ) ;
#2975 = ORIENTED_EDGE ( 'NONE', *, *, #1831, .T. ) ;
#2976 = CARTESIAN_POINT ( 'NONE',  ( 0.5071455115690413074, -0.05000000000000000971, -0.2499999999999998890 ) ) ;
#2977 = AXIS2_PLACEMENT_3D ( 'NONE', #2449, #2694, #1490 ) ;
#2978 = DIRECTION ( 'NONE',  ( 0.000000000000000000, -0.000000000000000000, -1.000000000000000000 ) ) ;
#2979 = COLOUR_RGB ( '',1.000000000000000000, 1.000000000000000000, 1.000000000000000000 ) ;
#2980 = EDGE_CURVE ( 'NONE', #2585, #2403, #1531, .T. ) ;
#2981 = SURFACE_SIDE_STYLE ('',( #1302 ) ) ;
#2982 = SHAPE_DEFINITION_REPRESENTATION ( #2602, #1938 ) ;
#2983 = CARTESIAN_POINT ( 'NONE',  ( 0.6249999999999998890, 0.000000000000000000, -0.5749999999999999556 ) ) ;
#2984 = AXIS2_PLACEMENT_3D ( 'NONE', #2936, #343, #2903 ) ;
#2985 = ORIENTED_EDGE ( 'NONE', *, *, #2039, .F. ) ;
#2986 = DIRECTION ( 'NONE',  ( -0.000000000000000000, -1.000000000000000000, 0.000000000000000000 ) ) ;
#2987 = CARTESIAN_POINT ( 'NONE',  ( 0.8000000000000001554, 0.5500000000000000444, 0.000000000000000000 ) ) ;
#2988 = ORIENTED_EDGE ( 'NONE', *, *, #1655, .T. ) ;
#2989 = EDGE_CURVE ( 'NONE', #509, #159, #1294, .T. ) ;
#2990 = CARTESIAN_POINT ( 'NONE',  ( 0.1249999999999998890, -0.05000000000000000971, -0.8000000000000000444 ) ) ;
#2991 = VERTEX_POINT ( 'NONE', #287 ) ;
#2992 = DIRECTION ( 'NONE',  ( 0.000000000000000000, 1.000000000000000000, 0.000000000000000000 ) ) ;
#2993 = DIRECTION ( 'NONE',  ( 0.000000000000000000, -0.000000000000000000, -1.000000000000000000 ) ) ;
#2994 = FILL_AREA_STYLE ('',( #2520 ) ) ;
#2995 = PRODUCT_DEFINITION_CONTEXT ( 'detailed design', #1989, 'design' ) ;
#2996 = DIRECTION ( 'NONE',  ( 1.000000000000000000, 0.000000000000000000, 0.000000000000000000 ) ) ;
#2997 = ADVANCED_FACE ( 'NONE', ( #2712 ), #3015, .F. ) ;
#2998 = ORIENTED_EDGE ( 'NONE', *, *, #1812, .F. ) ;
#2999 = DIRECTION ( 'NONE',  ( -0.000000000000000000, -1.000000000000000000, 0.000000000000000000 ) ) ;
#3000 = DIRECTION ( 'NONE',  ( 1.000000000000000000, 0.000000000000000000, 0.000000000000000000 ) ) ;
#3001 = ORIENTED_EDGE ( 'NONE', *, *, #692, .F. ) ;
#3002 = VERTEX_POINT ( 'NONE', #2281 ) ;
#3003 =( LENGTH_UNIT ( ) NAMED_UNIT ( * ) SI_UNIT ( .MILLI., .METRE. ) );
#3004 = FILL_AREA_STYLE_COLOUR ( '', #3020 ) ;
#3005 = VERTEX_POINT ( 'NONE', #194 ) ;
#3006 = CARTESIAN_POINT ( 'NONE',  ( -0.6300000000000001155, 0.1019999999999999934, -0.2500000000000000000 ) ) ;
#3007 = EDGE_CURVE ( 'NONE', #2842, #2720, #2825, .T. ) ;
#3008 = ITEM_DEFINED_TRANSFORMATION ( 'NONE', 'NONE', #1801,  #76 ) ;
#3009 = DIRECTION ( 'NONE',  ( 0.000000000000000000, 1.000000000000000000, -0.000000000000000000 ) ) ;
#3010 = VERTEX_POINT ( 'NONE', #2485 ) ;
#3011 = DIRECTION ( 'NONE',  ( 0.000000000000000000, 1.000000000000000000, 0.000000000000000000 ) ) ;
#3012 = CARTESIAN_POINT ( 'NONE',  ( 0.8000000000000001554, 0.5500000000000000444, -0.8000000000000003775 ) ) ;
#3013 = ORIENTED_EDGE ( 'NONE', *, *, #48, .F. ) ;
#3014 = ORIENTED_EDGE ( 'NONE', *, *, #2169, .T. ) ;
#3015 = PLANE ( 'NONE',  #2099 ) ;
#3016 = EDGE_CURVE ( 'NONE', #1879, #1747, #2023, .T. ) ;
#3017 = DIRECTION ( 'NONE',  ( 0.000000000000000000, 0.000000000000000000, 1.000000000000000000 ) ) ;
#3018 = CIRCLE ( 'NONE', #2084, 0.1249999999999998890 ) ;
#3019 = VERTEX_POINT ( 'NONE', #2957 ) ;
#3020 = COLOUR_RGB ( '',1.000000000000000000, 1.000000000000000000, 1.000000000000000000 ) ;
#3021 =( GEOMETRIC_REPRESENTATION_CONTEXT ( 3 ) GLOBAL_UNCERTAINTY_ASSIGNED_CONTEXT ( ( #2071 ) ) GLOBAL_UNIT_ASSIGNED_CONTEXT ( ( #342, #1524, #2274 ) ) REPRESENTATION_CONTEXT ( 'NONE', 'WORKASPACE' ) );
#3022 = CARTESIAN_POINT ( 'NONE',  ( -0.6300000000000001155, 0.1019999999999999934, -0.2500000000000000000 ) ) ;
#3023 = VECTOR ( 'NONE', #2526, 1000.000000000000000 ) ;
#3024 = COLOUR_RGB ( '',1.000000000000000000, 1.000000000000000000, 1.000000000000000000 ) ;
#3025 = FILL_AREA_STYLE_COLOUR ( '', #1305 ) ;
#3026 = PRODUCT_CONTEXT ( 'NONE', #1045, 'mechanical' ) ;
#3027 = EDGE_CURVE ( 'NONE', #1194, #1292, #1016, .T. ) ;
#3028 = VECTOR ( 'NONE', #1555, 1000.000000000000000 ) ;
#3029 = LINE ( 'NONE', #2321, #2294 ) ;
#3030 = PRESENTATION_LAYER_ASSIGNMENT (  '', '', ( #1799 ) ) ;
#3031 = ORIENTED_EDGE ( 'NONE', *, *, #1954, .T. ) ;
#3032 = LINE ( 'NONE', #2764, #1007 ) ;
#3033 = AXIS2_PLACEMENT_3D ( 'NONE', #810, #2448, #624 ) ;
#3034 = LINE ( 'NONE', #2062, #506 ) ;
#3035 = ORIENTED_EDGE ( 'NONE', *, *, #2530, .F. ) ;
#3036 = EDGE_LOOP ( 'NONE', ( #1752, #1187, #1518, #228 ) ) ;
#3037 = CARTESIAN_POINT ( 'NONE',  ( 0.6249999999999998890, 0.000000000000000000, 0.000000000000000000 ) ) ;
#3038 = ADVANCED_FACE ( 'NONE', ( #2079 ), #847, .F. ) ;
#3039 = EDGE_LOOP ( 'NONE', ( #132, #1824, #679, #1468 ) ) ;
#3040 = FACE_OUTER_BOUND ( 'NONE', #450, .T. ) ;
#3041 = FILL_AREA_STYLE ('',( #3025 ) ) ;
#3042 = SHAPE_DEFINITION_REPRESENTATION ( #1296, #978 ) ;
#3043 = CARTESIAN_POINT ( 'NONE',  ( 0.1249999999999998890, 0.000000000000000000, -0.8000000000000002665 ) ) ;
#3044 = EDGE_CURVE ( 'NONE', #119, #691, #1544, .T. ) ;
#3045 = DIRECTION ( 'NONE',  ( 0.000000000000000000, 0.000000000000000000, -1.000000000000000000 ) ) ;
#3046 = NEXT_ASSEMBLY_USAGE_OCCURRENCE ( 'NAUO1', ' ', ' ', #1181, #859, $ ) ;
#3047 = NEXT_ASSEMBLY_USAGE_OCCURRENCE ( 'NAUO2', ' ', ' ', #1181, #1413, $ ) ;
#3048 = NEXT_ASSEMBLY_USAGE_OCCURRENCE ( 'NAUO3', ' ', ' ', #1181, #1090, $ ) ;
#3049 = NEXT_ASSEMBLY_USAGE_OCCURRENCE ( 'NAUO4', ' ', ' ', #1181, #2103, $ ) ;
#3050 = NEXT_ASSEMBLY_USAGE_OCCURRENCE ( 'NAUO5', ' ', ' ', #1181, #1237, $ ) ;
#3051 = NEXT_ASSEMBLY_USAGE_OCCURRENCE ( 'NAUO6', ' ', ' ', #1181, #1332, $ ) ;
#3052 = NEXT_ASSEMBLY_USAGE_OCCURRENCE ( 'NAUO7', ' ', ' ', #1181, #402, $ ) ;
#3053 = NEXT_ASSEMBLY_USAGE_OCCURRENCE ( 'NAUO8', ' ', ' ', #1181, #2462, $ ) ;
ENDSEC;
END-ISO-10303-21;
