ISO-10303-21;
HEADER;
FILE_DESCRIPTION (( 'STEP AP214' ),
    '1' );
FILE_NAME ('TPS22991CNRAAR.STEP',
    '2025-08-19T05:58:38',
    ( '' ),
    ( '' ),
    'SwSTEP 2.0',
    'SolidWorks 2024',
    '' );
FILE_SCHEMA (( 'AUTOMOTIVE_DESIGN' ));
ENDSEC;

DATA;
#1 = EDGE_CURVE ( 'NONE', #1806, #2217, #3104, .T. ) ;
#2 = EDGE_LOOP ( 'NONE', ( #324, #921, #2707, #675, #2223, #942, #1775, #1244, #1933, #3065 ) ) ;
#3 = CARTESIAN_POINT ( 'NONE',  ( 0.1010000000000000064, 0.000000000000000000, -0.2989999999999999880 ) ) ;
#4 = CONTEXT_DEPENDENT_SHAPE_REPRESENTATION ( #2526, #2701 ) ;
#5 = LINE ( 'NONE', #3031, #2035 ) ;
#6 = CARTESIAN_POINT ( 'NONE',  ( 0.1010000000000000064, 0.000000000000000000, 0.2989999999999999880 ) ) ;
#7 = ORIENTED_EDGE ( 'NONE', *, *, #1331, .F. ) ;
#8 = FACE_OUTER_BOUND ( 'NONE', #270, .T. ) ;
#9 = LINE ( 'NONE', #1451, #2717 ) ;
#10 = VERTEX_POINT ( 'NONE', #1633 ) ;
#11 = CIRCLE ( 'NONE', #647, 0.0009999999999999972019 ) ;
#12 = ADVANCED_FACE ( 'NONE', ( #1874 ), #2875, .F. ) ;
#13 = VECTOR ( 'NONE', #2607, 1000.000000000000000 ) ;
#14 = CARTESIAN_POINT ( 'NONE',  ( -0.2824999999999999734, -0.02500000000000000139, -0.1000000000000000056 ) ) ;
#15 = ADVANCED_FACE ( 'NONE', ( #2389 ), #1152, .F. ) ;
#16 = ORIENTED_EDGE ( 'NONE', *, *, #684, .F. ) ;
#17 = DIRECTION ( 'NONE',  ( -0.7071067811865474617, 0.000000000000000000, 0.7071067811865474617 ) ) ;
#18 = CONTEXT_DEPENDENT_SHAPE_REPRESENTATION ( #466, #2415 ) ;
#19 = DIRECTION ( 'NONE',  ( 1.000000000000000000, 0.000000000000000000, 0.000000000000000000 ) ) ;
#20 = PRESENTATION_STYLE_ASSIGNMENT (( #1323 ) ) ;
#21 = ORIENTED_EDGE ( 'NONE', *, *, #2429, .F. ) ;
#22 = CARTESIAN_POINT ( 'NONE',  ( -0.1010000000000000064, 0.000000000000000000, 0.1000000000000000056 ) ) ;
#23 = FACE_OUTER_BOUND ( 'NONE', #2029, .T. ) ;
#24 = FACE_OUTER_BOUND ( 'NONE', #3114, .T. ) ;
#25 = VECTOR ( 'NONE', #1346, 1000.000000000000000 ) ;
#26 = LINE ( 'NONE', #1729, #2767 ) ;
#27 = EDGE_LOOP ( 'NONE', ( #2831, #3071, #16, #3125 ) ) ;
#28 = CYLINDRICAL_SURFACE ( 'NONE', #756, 0.0009999999999999972019 ) ;
#29 = ORIENTED_EDGE ( 'NONE', *, *, #493, .F. ) ;
#30 = VERTEX_POINT ( 'NONE', #168 ) ;
#31 = CARTESIAN_POINT ( 'NONE',  ( -0.2824999999999999734, -0.02500000000000000139, 0.1000000000000000056 ) ) ;
#32 =( REPRESENTATION_RELATIONSHIP ('NONE','NONE', #1861, #1737 ) REPRESENTATION_RELATIONSHIP_WITH_TRANSFORMATION ( #993 )SHAPE_REPRESENTATION_RELATIONSHIP( ) );
#33 = EDGE_CURVE ( 'NONE', #2275, #734, #1913, .T. ) ;
#34 = EDGE_CURVE ( 'NONE', #767, #1498, #425, .T. ) ;
#35 = CARTESIAN_POINT ( 'NONE',  ( 0.1010000000000000064, 0.07499999999999999722, -0.1010000000000000064 ) ) ;
#36 = FILL_AREA_STYLE_COLOUR ( '', #1852 ) ;
#37 =( NAMED_UNIT ( * ) SI_UNIT ( $, .STERADIAN. ) SOLID_ANGLE_UNIT ( ) );
#38 = VERTEX_POINT ( 'NONE', #2101 ) ;
#39 = DIRECTION ( 'NONE',  ( -0.000000000000000000, 1.000000000000000000, 0.000000000000000000 ) ) ;
#40 = VECTOR ( 'NONE', #1455, 1000.000000000000000 ) ;
#41 = DIRECTION ( 'NONE',  ( -1.000000000000000000, 0.000000000000000000, -0.000000000000000000 ) ) ;
#42 = ORIENTED_EDGE ( 'NONE', *, *, #3078, .F. ) ;
#43 = DIRECTION ( 'NONE',  ( 0.000000000000000000, 0.000000000000000000, 1.000000000000000000 ) ) ;
#44 = VECTOR ( 'NONE', #2680, 1000.000000000000000 ) ;
#45 = LINE ( 'NONE', #1044, #725 ) ;
#46 = AXIS2_PLACEMENT_3D ( 'NONE', #2911, #1592, #2597 ) ;
#47 = ORIENTED_EDGE ( 'NONE', *, *, #1720, .F. ) ;
#48 = PRODUCT ( 'RAA0004A_BODY', 'RAA0004A_BODY', '', ( #970 ) ) ;
#49 = PLANE ( 'NONE',  #2590 ) ;
#50 = PLANE ( 'NONE',  #2407 ) ;
#51 =( NAMED_UNIT ( * ) SI_UNIT ( $, .STERADIAN. ) SOLID_ANGLE_UNIT ( ) );
#52 = AXIS2_PLACEMENT_3D ( 'NONE', #2190, #3170, #1664 ) ;
#53 = VERTEX_POINT ( 'NONE', #125 ) ;
#54 = EDGE_CURVE ( 'NONE', #863, #1583, #3191, .T. ) ;
#55 = DIRECTION ( 'NONE',  ( 0.000000000000000000, 1.000000000000000000, 0.000000000000000000 ) ) ;
#56 = CARTESIAN_POINT ( 'NONE',  ( 0.3074999999999999956, 0.07500000000000005274, 0.2750000000000000222 ) ) ;
#57 = LINE ( 'NONE', #559, #3011 ) ;
#58 = ORIENTED_EDGE ( 'NONE', *, *, #1254, .T. ) ;
#59 = VECTOR ( 'NONE', #2810, 1000.000000000000000 ) ;
#60 = CARTESIAN_POINT ( 'NONE',  ( 0.3750000000000000000, 0.000000000000000000, 0.4249999999999999889 ) ) ;
#61 = AXIS2_PLACEMENT_3D ( 'NONE', #2948, #2973, #719 ) ;
#62 = DIRECTION ( 'NONE',  ( -0.7071067811865474617, -0.000000000000000000, 0.7071067811865474617 ) ) ;
#63 = ORIENTED_EDGE ( 'NONE', *, *, #835, .T. ) ;
#64 = EDGE_LOOP ( 'NONE', ( #3010, #1609, #1357, #294 ) ) ;
#65 =( GEOMETRIC_REPRESENTATION_CONTEXT ( 3 ) GLOBAL_UNCERTAINTY_ASSIGNED_CONTEXT ( ( #1189 ) ) GLOBAL_UNIT_ASSIGNED_CONTEXT ( ( #367, #2318, #2661 ) ) REPRESENTATION_CONTEXT ( 'NONE', 'WORKASPACE' ) );
#66 = AXIS2_PLACEMENT_3D ( 'NONE', #2133, #1668, #2401 ) ;
#67 = ORIENTED_EDGE ( 'NONE', *, *, #2309, .T. ) ;
#68 = CARTESIAN_POINT ( 'NONE',  ( -0.1010000000000000203, -0.02500000000000000139, 0.2999999999999999889 ) ) ;
#69 = DIRECTION ( 'NONE',  ( 0.000000000000000000, 0.000000000000000000, -1.000000000000000000 ) ) ;
#70 = DIRECTION ( 'NONE',  ( 0.000000000000000000, 0.000000000000000000, -1.000000000000000000 ) ) ;
#71 = ORIENTED_EDGE ( 'NONE', *, *, #2403, .F. ) ;
#72 = CARTESIAN_POINT ( 'NONE',  ( -0.3750000000000000000, 0.000000000000000000, 0.1250000000000000000 ) ) ;
#73 = EDGE_CURVE ( 'NONE', #2764, #734, #206, .T. ) ;
#74 = CARTESIAN_POINT ( 'NONE',  ( 0.3074999999999999956, -0.02500000000000000139, 0.1250000000000000000 ) ) ;
#75 = ORIENTED_EDGE ( 'NONE', *, *, #1462, .T. ) ;
#76 = AXIS2_PLACEMENT_3D ( 'NONE', #826, #43, #310 ) ;
#77 = EDGE_CURVE ( 'NONE', #534, #2231, #694, .T. ) ;
#78 = EDGE_CURVE ( 'NONE', #733, #3210, #447, .T. ) ;
#79 = DIRECTION ( 'NONE',  ( -0.000000000000000000, 1.000000000000000000, 0.000000000000000000 ) ) ;
#80 = VECTOR ( 'NONE', #3099, 1000.000000000000000 ) ;
#81 = AXIS2_PLACEMENT_3D ( 'NONE', #2425, #944, #2898 ) ;
#82 = CARTESIAN_POINT ( 'NONE',  ( -0.3074999999999999956, 0.1000000000000000056, -0.1250000000000000000 ) ) ;
#83 = ORIENTED_EDGE ( 'NONE', *, *, #269, .T. ) ;
#84 = DIRECTION ( 'NONE',  ( 0.7071067811865475727, 0.000000000000000000, -0.7071067811865475727 ) ) ;
#85 = PRODUCT_DEFINITION_FORMATION_WITH_SPECIFIED_SOURCE ( 'ANY', '', #48, .NOT_KNOWN. ) ;
#86 = DIRECTION ( 'NONE',  ( -1.000000000000000000, -0.000000000000000000, -0.000000000000000000 ) ) ;
#87 = DIRECTION ( 'NONE',  ( 0.000000000000000000, 0.000000000000000000, -1.000000000000000000 ) ) ;
#88 =( NAMED_UNIT ( * ) SI_UNIT ( $, .STERADIAN. ) SOLID_ANGLE_UNIT ( ) );
#89 = DIRECTION ( 'NONE',  ( 0.7071067811865474617, -0.000000000000000000, -0.7071067811865474617 ) ) ;
#90 = FACE_OUTER_BOUND ( 'NONE', #672, .T. ) ;
#91 = ORIENTED_EDGE ( 'NONE', *, *, #97, .F. ) ;
#92 = ORIENTED_EDGE ( 'NONE', *, *, #2225, .F. ) ;
#93 = PLANE ( 'NONE',  #1070 ) ;
#94 = DIRECTION ( 'NONE',  ( 0.000000000000000000, 0.000000000000000000, 1.000000000000000000 ) ) ;
#95 = ORIENTED_EDGE ( 'NONE', *, *, #1113, .T. ) ;
#96 = EDGE_CURVE ( 'NONE', #286, #2374, #1702, .T. ) ;
#97 = EDGE_CURVE ( 'NONE', #10, #726, #2689, .T. ) ;
#98 = VECTOR ( 'NONE', #2770, 1000.000000000000000 ) ;
#99 = APPLICATION_CONTEXT ( 'automotive_design' ) ;
#100 = CARTESIAN_POINT ( 'NONE',  ( -0.1010000000000000064, 0.1000000000000000056, -0.2999999999999999889 ) ) ;
#101 = EDGE_CURVE ( 'NONE', #1341, #534, #932, .T. ) ;
#102 = FACE_OUTER_BOUND ( 'NONE', #602, .T. ) ;
#103 = VECTOR ( 'NONE', #794, 1000.000000000000000 ) ;
#104 = VERTEX_POINT ( 'NONE', #1426 ) ;
#105 = CARTESIAN_POINT ( 'NONE',  ( 0.000000000000000000, 0.5749999999999999556, -0.4249999999999999889 ) ) ;
#106 = ORIENTED_EDGE ( 'NONE', *, *, #2517, .T. ) ;
#107 = DIRECTION ( 'NONE',  ( 0.000000000000000000, -1.000000000000000000, 0.000000000000000000 ) ) ;
#108 = DIRECTION ( 'NONE',  ( 0.000000000000000000, 0.000000000000000000, -1.000000000000000000 ) ) ;
#109 = EDGE_LOOP ( 'NONE', ( #2438, #351, #469, #1627 ) ) ;
#110 = LINE ( 'NONE', #561, #1009 ) ;
#111 = DIRECTION ( 'NONE',  ( 0.000000000000000000, -1.000000000000000000, 0.000000000000000000 ) ) ;
#112 = ORIENTED_EDGE ( 'NONE', *, *, #1095, .F. ) ;
#113 = ORIENTED_EDGE ( 'NONE', *, *, #3126, .F. ) ;
#114 = PRODUCT_RELATED_PRODUCT_CATEGORY ( 'part', '', ( #48 ) ) ;
#115 = ADVANCED_FACE ( 'NONE', ( #2921 ), #2901, .T. ) ;
#116 = PLANE ( 'NONE',  #894 ) ;
#117 = DIRECTION ( 'NONE',  ( -0.7071067811865475727, 0.000000000000000000, -0.7071067811865475727 ) ) ;
#118 = EDGE_CURVE ( 'NONE', #358, #38, #1935, .T. ) ;
#119 = DIRECTION ( 'NONE',  ( -1.000000000000000000, -0.000000000000000000, 0.000000000000000000 ) ) ;
#120 = VECTOR ( 'NONE', #1166, 1000.000000000000114 ) ;
#121 = ORIENTED_EDGE ( 'NONE', *, *, #1495, .F. ) ;
#122 = DIRECTION ( 'NONE',  ( -0.000000000000000000, 1.000000000000000000, 0.000000000000000000 ) ) ;
#123 = CARTESIAN_POINT ( 'NONE',  ( -0.3074999999999999956, 0.000000000000000000, -0.2750000000000000222 ) ) ;
#124 = DIRECTION ( 'NONE',  ( 0.000000000000000000, 1.000000000000000000, 0.000000000000000000 ) ) ;
#125 = CARTESIAN_POINT ( 'NONE',  ( -0.2824999999999999734, 0.000000000000000000, 0.2999999999999999889 ) ) ;
#126 = DIRECTION ( 'NONE',  ( 0.000000000000000000, 0.000000000000000000, 1.000000000000000000 ) ) ;
#127 = DIRECTION ( 'NONE',  ( 1.000000000000000000, 0.000000000000000000, -0.000000000000000000 ) ) ;
#128 = ORIENTED_EDGE ( 'NONE', *, *, #2209, .F. ) ;
#129 = ORIENTED_EDGE ( 'NONE', *, *, #2667, .F. ) ;
#130 = AXIS2_PLACEMENT_3D ( 'NONE', #1545, #2324, #861 ) ;
#131 = FACE_OUTER_BOUND ( 'NONE', #2305, .T. ) ;
#132 = LINE ( 'NONE', #2812, #477 ) ;
#133 = SURFACE_SIDE_STYLE ('',( #920 ) ) ;
#134 = ORIENTED_EDGE ( 'NONE', *, *, #793, .T. ) ;
#135 = CYLINDRICAL_SURFACE ( 'NONE', #1892, 0.001000000000000024307 ) ;
#136 = CARTESIAN_POINT ( 'NONE',  ( 0.000000000000000000, 0.000000000000000000, 0.000000000000000000 ) ) ;
#137 = EDGE_CURVE ( 'NONE', #2115, #893, #196, .T. ) ;
#138 = ADVANCED_FACE ( 'NONE', ( #2660 ), #3164, .F. ) ;
#139 = ORIENTED_EDGE ( 'NONE', *, *, #2883, .T. ) ;
#140 = DIRECTION ( 'NONE',  ( 0.000000000000000000, 1.000000000000000000, 0.000000000000000000 ) ) ;
#141 = DIRECTION ( 'NONE',  ( 0.000000000000000000, -1.000000000000000000, -0.000000000000000000 ) ) ;
#142 = ORIENTED_EDGE ( 'NONE', *, *, #1481, .F. ) ;
#143 = DIRECTION ( 'NONE',  ( -1.000000000000000000, -0.000000000000000000, -0.000000000000000000 ) ) ;
#144 = CARTESIAN_POINT ( 'NONE',  ( -0.2824999999999999734, 0.07500000000000002498, -0.1000000000000000056 ) ) ;
#145 = ORIENTED_EDGE ( 'NONE', *, *, #1034, .F. ) ;
#146 = DIRECTION ( 'NONE',  ( 0.000000000000000000, 1.000000000000000000, 0.000000000000000000 ) ) ;
#147 = DIRECTION ( 'NONE',  ( 0.000000000000000000, -0.000000000000000000, -1.000000000000000000 ) ) ;
#148 = SURFACE_SIDE_STYLE ('',( #1129 ) ) ;
#149 = CARTESIAN_POINT ( 'NONE',  ( 0.1010000000000000064, -0.02500000000000000139, -0.2999999999999999889 ) ) ;
#150 = VERTEX_POINT ( 'NONE', #1439 ) ;
#151 = CARTESIAN_POINT ( 'NONE',  ( 0.1000000000000000056, 0.1000000000000000056, 0.2989999999999999880 ) ) ;
#152 = DIRECTION ( 'NONE',  ( -0.000000000000000000, -0.000000000000000000, -1.000000000000000000 ) ) ;
#153 = LINE ( 'NONE', #3137, #2282 ) ;
#154 = EDGE_CURVE ( 'NONE', #1780, #2566, #2641, .T. ) ;
#155 = ORIENTED_EDGE ( 'NONE', *, *, #2242, .F. ) ;
#156 = CYLINDRICAL_SURFACE ( 'NONE', #1568, 0.0009999999999999972019 ) ;
#157 = PLANE ( 'NONE',  #2028 ) ;
#158 = VERTEX_POINT ( 'NONE', #2938 ) ;
#159 = ORIENTED_EDGE ( 'NONE', *, *, #446, .F. ) ;
#160 = DIRECTION ( 'NONE',  ( 0.000000000000000000, 1.000000000000000000, 0.000000000000000000 ) ) ;
#161 = LINE ( 'NONE', #2332, #204 ) ;
#162 = EDGE_LOOP ( 'NONE', ( #1995, #2548, #2963, #1544 ) ) ;
#163 = CARTESIAN_POINT ( 'NONE',  ( -0.3750000000000000000, 0.000000000000000000, -0.4249999999999999889 ) ) ;
#164 = DIRECTION ( 'NONE',  ( 1.000000000000000000, 0.000000000000000000, 0.000000000000000000 ) ) ;
#165 = DIRECTION ( 'NONE',  ( -0.7071067811865474617, 0.000000000000000000, 0.7071067811865474617 ) ) ;
#166 = DIRECTION ( 'NONE',  ( 0.000000000000000000, -0.000000000000000000, -1.000000000000000000 ) ) ;
#167 = VECTOR ( 'NONE', #503, 1000.000000000000000 ) ;
#168 = CARTESIAN_POINT ( 'NONE',  ( 0.1010000000000000203, 0.1000000000000000056, 0.2999999999999999889 ) ) ;
#169 = VERTEX_POINT ( 'NONE', #2377 ) ;
#170 = EDGE_CURVE ( 'NONE', #1066, #964, #2444, .T. ) ;
#171 = SURFACE_STYLE_USAGE ( .BOTH. , #3159 ) ;
#172 = LINE ( 'NONE', #692, #1179 ) ;
#173 = ORIENTED_EDGE ( 'NONE', *, *, #705, .T. ) ;
#174 = EDGE_CURVE ( 'NONE', #2498, #3108, #3146, .T. ) ;
#175 = EDGE_CURVE ( 'NONE', #513, #2283, #918, .T. ) ;
#176 = AXIS2_PLACEMENT_3D ( 'NONE', #1148, #1429, #164 ) ;
#177 = CARTESIAN_POINT ( 'NONE',  ( -0.3750000000000000000, 0.000000000000000000, 0.4249999999999999889 ) ) ;
#178 = AXIS2_PLACEMENT_3D ( 'NONE', #1393, #126, #1138 ) ;
#179 = ORIENTED_EDGE ( 'NONE', *, *, #528, .F. ) ;
#180 = DIRECTION ( 'NONE',  ( -1.000000000000000000, -0.000000000000000000, -0.000000000000000000 ) ) ;
#181 = VECTOR ( 'NONE', #1100, 1000.000000000000000 ) ;
#182 = AXIS2_PLACEMENT_3D ( 'NONE', #2325, #94, #3073 ) ;
#183 = VERTEX_POINT ( 'NONE', #2428 ) ;
#184 = FACE_OUTER_BOUND ( 'NONE', #2504, .T. ) ;
#185 = APPLICATION_PROTOCOL_DEFINITION ( 'draft international standard', 'automotive_design', 1998, #597 ) ;
#186 = CARTESIAN_POINT ( 'NONE',  ( -0.3750000000000000000, 0.000000000000000000, 0.1250000000000000000 ) ) ;
#187 = CARTESIAN_POINT ( 'NONE',  ( 0.1010000000000000064, 0.000000000000000000, -0.2989999999999999880 ) ) ;
#188 = ORIENTED_EDGE ( 'NONE', *, *, #2225, .T. ) ;
#189 = ORIENTED_EDGE ( 'NONE', *, *, #1817, .F. ) ;
#190 = FACE_OUTER_BOUND ( 'NONE', #2652, .T. ) ;
#191 = DIRECTION ( 'NONE',  ( 0.000000000000000000, -1.000000000000000000, -0.000000000000000000 ) ) ;
#192 = ORIENTED_EDGE ( 'NONE', *, *, #895, .T. ) ;
#193 = EDGE_LOOP ( 'NONE', ( #1316, #1967, #785, #2821 ) ) ;
#194 = EDGE_LOOP ( 'NONE', ( #1587, #550, #2879, #2572 ) ) ;
#195 = EDGE_CURVE ( 'NONE', #884, #2280, #710, .T. ) ;
#196 = LINE ( 'NONE', #213, #563 ) ;
#197 = DIRECTION ( 'NONE',  ( -0.7071067811865475727, 0.000000000000000000, -0.7071067811865475727 ) ) ;
#198 = AXIS2_PLACEMENT_3D ( 'NONE', #240, #1964, #516 ) ;
#199 = ORIENTED_EDGE ( 'NONE', *, *, #988, .T. ) ;
#200 = FACE_OUTER_BOUND ( 'NONE', #2047, .T. ) ;
#201 = APPLICATION_PROTOCOL_DEFINITION ( 'draft international standard', 'automotive_design', 1998, #423 ) ;
#202 = MECHANICAL_DESIGN_GEOMETRIC_PRESENTATION_REPRESENTATION (  '', ( #1033 ), #931 ) ;
#203 = CARTESIAN_POINT ( 'NONE',  ( 0.000000000000000000, 0.000000000000000000, 0.000000000000000000 ) ) ;
#204 = VECTOR ( 'NONE', #1829, 1000.000000000000000 ) ;
#205 = CARTESIAN_POINT ( 'NONE',  ( 0.1010000000000000064, 0.1000000000000000056, 0.1010000000000000064 ) ) ;
#206 = LINE ( 'NONE', #1209, #478 ) ;
#207 =( LENGTH_UNIT ( ) NAMED_UNIT ( * ) SI_UNIT ( .MILLI., .METRE. ) );
#208 = CIRCLE ( 'NONE', #626, 0.001000000000000024307 ) ;
#209 = CARTESIAN_POINT ( 'NONE',  ( -0.1000000000000000056, 0.000000000000000000, -0.1999999999999999833 ) ) ;
#210 = EDGE_LOOP ( 'NONE', ( #3098, #2104, #2899, #2476 ) ) ;
#211 = ORIENTED_EDGE ( 'NONE', *, *, #1, .F. ) ;
#212 = VECTOR ( 'NONE', #2508, 1000.000000000000000 ) ;
#213 = CARTESIAN_POINT ( 'NONE',  ( -0.1000000000000000056, 0.000000000000000000, -0.2989999999999999880 ) ) ;
#214 = VERTEX_POINT ( 'NONE', #177 ) ;
#215 = ADVANCED_FACE ( 'NONE', ( #1217 ), #2122, .T. ) ;
#216 = CARTESIAN_POINT ( 'NONE',  ( -0.1000000000000000056, 0.000000000000000000, 0.2989999999999999880 ) ) ;
#217 = ORIENTED_EDGE ( 'NONE', *, *, #2184, .F. ) ;
#218 = LINE ( 'NONE', #2906, #1325 ) ;
#219 = VECTOR ( 'NONE', #2506, 1000.000000000000000 ) ;
#220 = ADVANCED_FACE ( 'NONE', ( #1181 ), #1951, .F. ) ;
#221 = VECTOR ( 'NONE', #2367, 1000.000000000000000 ) ;
#222 = PLANE ( 'NONE',  #1211 ) ;
#223 = CARTESIAN_POINT ( 'NONE',  ( -0.1010000000000000064, -0.02500000000000000139, 0.1010000000000000064 ) ) ;
#224 = CARTESIAN_POINT ( 'NONE',  ( -0.1000000000000000056, 0.000000000000000000, -0.2989999999999999880 ) ) ;
#225 = PLANE ( 'NONE',  #61 ) ;
#226 = ORIENTED_EDGE ( 'NONE', *, *, #2856, .F. ) ;
#227 = LINE ( 'NONE', #255, #2695 ) ;
#228 = VECTOR ( 'NONE', #2352, 1000.000000000000000 ) ;
#229 = PRODUCT_DEFINITION_SHAPE ( 'NONE', 'NONE',  #2997 ) ;
#230 = ORIENTED_EDGE ( 'NONE', *, *, #96, .T. ) ;
#231 = DIRECTION ( 'NONE',  ( 0.000000000000000000, 0.000000000000000000, 1.000000000000000000 ) ) ;
#232 = DIRECTION ( 'NONE',  ( 0.000000000000000000, 0.000000000000000000, -1.000000000000000000 ) ) ;
#233 = DIRECTION ( 'NONE',  ( -1.000000000000000000, -0.000000000000000000, -0.000000000000000000 ) ) ;
#234 = EDGE_CURVE ( 'NONE', #1745, #1341, #2421, .T. ) ;
#235 = ORIENTED_EDGE ( 'NONE', *, *, #234, .F. ) ;
#236 = DIRECTION ( 'NONE',  ( 0.000000000000000000, 0.000000000000000000, 1.000000000000000000 ) ) ;
#237 = EDGE_CURVE ( 'NONE', #2290, #1116, #227, .T. ) ;
#238 = CARTESIAN_POINT ( 'NONE',  ( 0.3750000000000000000, 0.1000000000000000056, -0.4249999999999999889 ) ) ;
#239 = ORIENTED_EDGE ( 'NONE', *, *, #1028, .T. ) ;
#240 = CARTESIAN_POINT ( 'NONE',  ( -0.1010000000000000064, 0.000000000000000000, -0.2989999999999999880 ) ) ;
#241 = ORIENTED_EDGE ( 'NONE', *, *, #2520, .T. ) ;
#242 = FACE_OUTER_BOUND ( 'NONE', #313, .T. ) ;
#243 = LINE ( 'NONE', #1246, #1304 ) ;
#244 = LINE ( 'NONE', #699, #2121 ) ;
#245 = LINE ( 'NONE', #774, #2562 ) ;
#246 = ORIENTED_EDGE ( 'NONE', *, *, #1683, .F. ) ;
#247 = PRODUCT_DEFINITION ( 'UNKNOWN', '', #1902, #671 ) ;
#248 = EDGE_CURVE ( 'NONE', #329, #286, #737, .T. ) ;
#249 = LINE ( 'NONE', #2696, #2488 ) ;
#250 = VECTOR ( 'NONE', #1769, 1000.000000000000114 ) ;
#251 = DIRECTION ( 'NONE',  ( -1.000000000000000000, -0.000000000000000000, -0.000000000000000000 ) ) ;
#252 = ORIENTED_EDGE ( 'NONE', *, *, #778, .F. ) ;
#253 = EDGE_CURVE ( 'NONE', #2274, #2283, #2436, .T. ) ;
#254 = CIRCLE ( 'NONE', #46, 0.0009999999999999972019 ) ;
#255 = CARTESIAN_POINT ( 'NONE',  ( 0.1000000000000000056, -0.02500000000000000139, -0.1010000000000000064 ) ) ;
#256 = ORIENTED_EDGE ( 'NONE', *, *, #895, .F. ) ;
#257 = ORIENTED_EDGE ( 'NONE', *, *, #1404, .T. ) ;
#258 = LINE ( 'NONE', #2725, #775 ) ;
#259 = LINE ( 'NONE', #2787, #1162 ) ;
#260 = LINE ( 'NONE', #1261, #3009 ) ;
#261 = LINE ( 'NONE', #1327, #2507 ) ;
#262 = CARTESIAN_POINT ( 'NONE',  ( 0.000000000000000000, 0.07499999999999999722, 0.2999999999999999889 ) ) ;
#263 = PLANE ( 'NONE',  #2293 ) ;
#264 = ORIENTED_EDGE ( 'NONE', *, *, #1666, .F. ) ;
#265 = FACE_OUTER_BOUND ( 'NONE', #1822, .T. ) ;
#266 =( GEOMETRIC_REPRESENTATION_CONTEXT ( 3 ) GLOBAL_UNCERTAINTY_ASSIGNED_CONTEXT ( ( #1669 ) ) GLOBAL_UNIT_ASSIGNED_CONTEXT ( ( #678, #2168, #306 ) ) REPRESENTATION_CONTEXT ( 'NONE', 'WORKASPACE' ) );
#267 = SURFACE_STYLE_FILL_AREA ( #1501 ) ;
#268 = ADVANCED_FACE ( 'NONE', ( #977 ), #2977, .T. ) ;
#269 = EDGE_CURVE ( 'NONE', #2380, #2682, #1285, .T. ) ;
#270 = EDGE_LOOP ( 'NONE', ( #3085, #2397, #2127, #2939 ) ) ;
#271 = FACE_OUTER_BOUND ( 'NONE', #1532, .T. ) ;
#272 = DIRECTION ( 'NONE',  ( 0.000000000000000000, -0.000000000000000000, -1.000000000000000000 ) ) ;
#273 = CARTESIAN_POINT ( 'NONE',  ( 0.3074999999999999956, 1.355252715606880543E-17, -0.1250000000000000000 ) ) ;
#274 = DIRECTION ( 'NONE',  ( 0.000000000000000000, -0.000000000000000000, 1.000000000000000000 ) ) ;
#275 = DIRECTION ( 'NONE',  ( 0.000000000000000000, -1.000000000000000000, -0.000000000000000000 ) ) ;
#276 = LINE ( 'NONE', #2269, #914 ) ;
#277 = ORIENTED_EDGE ( 'NONE', *, *, #988, .F. ) ;
#278 = CARTESIAN_POINT ( 'NONE',  ( 0.3750000000000000000, 0.000000000000000000, 0.4249999999999999889 ) ) ;
#279 = EDGE_LOOP ( 'NONE', ( #2630, #1830, #2540, #155 ) ) ;
#280 = ADVANCED_FACE ( 'NONE', ( #987 ), #2518, .F. ) ;
#281 = ORIENTED_EDGE ( 'NONE', *, *, #552, .F. ) ;
#282 = CARTESIAN_POINT ( 'NONE',  ( -0.3074999999999999956, 1.016439536705160407E-17, 0.2749999999999999667 ) ) ;
#283 = DIRECTION ( 'NONE',  ( 0.000000000000000000, 0.000000000000000000, 1.000000000000000000 ) ) ;
#284 = SURFACE_SIDE_STYLE ('',( #1552 ) ) ;
#285 = DIRECTION ( 'NONE',  ( 0.7071067811865474617, 0.000000000000000000, -0.7071067811865474617 ) ) ;
#286 = VERTEX_POINT ( 'NONE', #1979 ) ;
#287 = FACE_OUTER_BOUND ( 'NONE', #1354, .T. ) ;
#288 = DIRECTION ( 'NONE',  ( -0.7071067811865474617, 0.000000000000000000, -0.7071067811865474617 ) ) ;
#289 = VERTEX_POINT ( 'NONE', #1231 ) ;
#290 = DIRECTION ( 'NONE',  ( -1.000000000000000000, -0.000000000000000000, -0.000000000000000000 ) ) ;
#291 = AXIS2_PLACEMENT_3D ( 'NONE', #205, #2453, #2971 ) ;
#292 = DIRECTION ( 'NONE',  ( 0.000000000000000000, -1.000000000000000000, -0.000000000000000000 ) ) ;
#293 = ORIENTED_EDGE ( 'NONE', *, *, #1290, .T. ) ;
#294 = ORIENTED_EDGE ( 'NONE', *, *, #3186, .T. ) ;
#295 = AXIS2_PLACEMENT_3D ( 'NONE', #1985, #2469, #441 ) ;
#296 = ORIENTED_EDGE ( 'NONE', *, *, #77, .F. ) ;
#297 = DIRECTION ( 'NONE',  ( 0.000000000000000000, -0.000000000000000000, -1.000000000000000000 ) ) ;
#298 = EDGE_CURVE ( 'NONE', #581, #630, #1732, .T. ) ;
#299 = DIRECTION ( 'NONE',  ( 0.000000000000000000, 0.000000000000000000, -1.000000000000000000 ) ) ;
#300 = DIRECTION ( 'NONE',  ( 0.000000000000000000, 1.000000000000000000, -0.000000000000000000 ) ) ;
#301 = AXIS2_PLACEMENT_3D ( 'NONE', #2693, #2910, #952 ) ;
#302 = VERTEX_POINT ( 'NONE', #2722 ) ;
#303 = PLANE ( 'NONE',  #803 ) ;
#304 = EDGE_CURVE ( 'NONE', #1781, #1806, #2008, .T. ) ;
#305 = ADVANCED_FACE ( 'NONE', ( #532 ), #783, .F. ) ;
#306 =( NAMED_UNIT ( * ) SI_UNIT ( $, .STERADIAN. ) SOLID_ANGLE_UNIT ( ) );
#307 = CARTESIAN_POINT ( 'NONE',  ( -0.1010000000000000064, 0.000000000000000000, 0.1000000000000000056 ) ) ;
#308 = VERTEX_POINT ( 'NONE', #2461 ) ;
#309 = AXIS2_PLACEMENT_3D ( 'NONE', #604, #316, #2862 ) ;
#310 = DIRECTION ( 'NONE',  ( 1.000000000000000000, 0.000000000000000000, -0.000000000000000000 ) ) ;
#311 = CARTESIAN_POINT ( 'NONE',  ( -0.3750000000000000000, 0.1000000000000000056, -0.2750000000000000222 ) ) ;
#312 = ORIENTED_EDGE ( 'NONE', *, *, #2670, .F. ) ;
#313 = EDGE_LOOP ( 'NONE', ( #908, #29, #2719, #1569 ) ) ;
#314 =( GEOMETRIC_REPRESENTATION_CONTEXT ( 3 ) GLOBAL_UNCERTAINTY_ASSIGNED_CONTEXT ( ( #2222 ) ) GLOBAL_UNIT_ASSIGNED_CONTEXT ( ( #2017, #1770, #1815 ) ) REPRESENTATION_CONTEXT ( 'NONE', 'WORKASPACE' ) );
#315 = AXIS2_PLACEMENT_3D ( 'NONE', #1383, #117, #2106 ) ;
#316 = DIRECTION ( 'NONE',  ( 0.000000000000000000, 0.000000000000000000, 1.000000000000000000 ) ) ;
#317 = DIRECTION ( 'NONE',  ( 0.000000000000000000, 1.000000000000000000, 0.000000000000000000 ) ) ;
#318 = CARTESIAN_POINT ( 'NONE',  ( 0.3750000000000000000, 0.000000000000000000, 0.4249999999999999889 ) ) ;
#319 = ORIENTED_EDGE ( 'NONE', *, *, #1254, .F. ) ;
#320 = CARTESIAN_POINT ( 'NONE',  ( 0.000000000000000000, 0.000000000000000000, 0.000000000000000000 ) ) ;
#321 = CARTESIAN_POINT ( 'NONE',  ( -0.2000000000000000111, 0.07499999999999999722, -0.1000000000000000056 ) ) ;
#322 = PLANE ( 'NONE',  #883 ) ;
#323 = EDGE_CURVE ( 'NONE', #214, #1921, #45, .T. ) ;
#324 = ORIENTED_EDGE ( 'NONE', *, *, #1014, .F. ) ;
#325 = FACE_OUTER_BOUND ( 'NONE', #1899, .T. ) ;
#326 = VECTOR ( 'NONE', #3066, 1000.000000000000000 ) ;
#327 = VECTOR ( 'NONE', #1898, 1000.000000000000114 ) ;
#328 = FACE_OUTER_BOUND ( 'NONE', #2360, .T. ) ;
#329 = VERTEX_POINT ( 'NONE', #3026 ) ;
#330 = VERTEX_POINT ( 'NONE', #802 ) ;
#331 = CARTESIAN_POINT ( 'NONE',  ( 0.1010000000000000203, -0.02500000000000000139, -0.1000000000000000056 ) ) ;
#332 = CARTESIAN_POINT ( 'NONE',  ( 0.000000000000000000, 0.07499999999999999722, 0.2999999999999999889 ) ) ;
#333 = DIRECTION ( 'NONE',  ( -0.000000000000000000, 0.000000000000000000, 1.000000000000000000 ) ) ;
#334 = ORIENTED_EDGE ( 'NONE', *, *, #1736, .T. ) ;
#335 = DIRECTION ( 'NONE',  ( 0.000000000000000000, 0.000000000000000000, 1.000000000000000000 ) ) ;
#336 = SHAPE_REPRESENTATION_RELATIONSHIP ( 'NONE' , 'NONE' ,  #1104, #986 ) ;
#337 = EDGE_LOOP ( 'NONE', ( #795, #2149, #3091, #1271, #551, #963, #2094, #2239, #1229, #3153 ) ) ;
#338 = CARTESIAN_POINT ( 'NONE',  ( 0.000000000000000000, 0.000000000000000000, 0.2750000000000000222 ) ) ;
#339 = CARTESIAN_POINT ( 'NONE',  ( 0.2824999999999999734, 0.000000000000000000, 0.1000000000000000056 ) ) ;
#340 = ORIENTED_EDGE ( 'NONE', *, *, #1667, .F. ) ;
#341 = EDGE_CURVE ( 'NONE', #3177, #1259, #2781, .T. ) ;
#342 = CARTESIAN_POINT ( 'NONE',  ( 0.3074999999999999956, 0.000000000000000000, 0.1250000000000000000 ) ) ;
#343 = PLANE ( 'NONE',  #2316 ) ;
#344 = VERTEX_POINT ( 'NONE', #3216 ) ;
#345 = VECTOR ( 'NONE', #1503, 1000.000000000000000 ) ;
#346 = ORIENTED_EDGE ( 'NONE', *, *, #2386, .F. ) ;
#347 = FACE_OUTER_BOUND ( 'NONE', #2849, .T. ) ;
#348 = PRESENTATION_STYLE_ASSIGNMENT (( #605 ) ) ;
#350 = VECTOR ( 'NONE', #2193, 1000.000000000000114 ) ;
#349 = SURFACE_STYLE_USAGE ( .BOTH. , #133 ) ;
#351 = ORIENTED_EDGE ( 'NONE', *, *, #1370, .T. ) ;
#352 = PLANE ( 'NONE',  #1218 ) ;
#353 =( LENGTH_UNIT ( ) NAMED_UNIT ( * ) SI_UNIT ( .MILLI., .METRE. ) );
#354 = ORIENTED_EDGE ( 'NONE', *, *, #1290, .F. ) ;
#355 = LINE ( 'NONE', #1870, #1111 ) ;
#356 = VECTOR ( 'NONE', #299, 1000.000000000000000 ) ;
#357 = LINE ( 'NONE', #1632, #2967 ) ;
#358 = VERTEX_POINT ( 'NONE', #2045 ) ;
#359 = LINE ( 'NONE', #2876, #2154 ) ;
#360 = CYLINDRICAL_SURFACE ( 'NONE', #1733, 0.001000000000000024307 ) ;
#361 = VERTEX_POINT ( 'NONE', #601 ) ;
#362 = ORIENTED_EDGE ( 'NONE', *, *, #2818, .T. ) ;
#363 = AXIS2_PLACEMENT_3D ( 'NONE', #3213, #2749, #1470 ) ;
#364 = EDGE_CURVE ( 'NONE', #3070, #546, #2289, .T. ) ;
#365 = ADVANCED_FACE ( 'NONE', ( #579 ), #360, .F. ) ;
#366 = PLANE ( 'NONE',  #3130 ) ;
#367 =( LENGTH_UNIT ( ) NAMED_UNIT ( * ) SI_UNIT ( .MILLI., .METRE. ) );
#368 = VECTOR ( 'NONE', #865, 1000.000000000000000 ) ;
#369 = FACE_OUTER_BOUND ( 'NONE', #210, .T. ) ;
#370 = VECTOR ( 'NONE', #808, 1000.000000000000000 ) ;
#371 = ORIENTED_EDGE ( 'NONE', *, *, #3163, .F. ) ;
#372 = DIRECTION ( 'NONE',  ( -1.000000000000000000, 0.000000000000000000, -0.000000000000000000 ) ) ;
#373 = ORIENTED_EDGE ( 'NONE', *, *, #1600, .F. ) ;
#374 = LINE ( 'NONE', #1574, #998 ) ;
#375 = LINE ( 'NONE', #1103, #2705 ) ;
#376 = VECTOR ( 'NONE', #2852, 1000.000000000000000 ) ;
#377 = VERTEX_POINT ( 'NONE', #1825 ) ;
#378 = LINE ( 'NONE', #2372, #910 ) ;
#379 = ORIENTED_EDGE ( 'NONE', *, *, #2427, .T. ) ;
#380 = CARTESIAN_POINT ( 'NONE',  ( -0.2824999999999999734, 4.517509052022934885E-18, -0.1000000000000000056 ) ) ;
#381 = ORIENTED_EDGE ( 'NONE', *, *, #2647, .T. ) ;
#382 = ORIENTED_EDGE ( 'NONE', *, *, #1758, .F. ) ;
#383 = DIRECTION ( 'NONE',  ( 0.000000000000000000, -0.000000000000000000, 1.000000000000000000 ) ) ;
#384 = ADVANCED_FACE ( 'NONE', ( #1063 ), #1363, .F. ) ;
#385 = EDGE_CURVE ( 'NONE', #565, #513, #1581, .T. ) ;
#386 = DIRECTION ( 'NONE',  ( 0.000000000000000000, 0.000000000000000000, 1.000000000000000000 ) ) ;
#387 = EDGE_LOOP ( 'NONE', ( #3050, #1531, #2809, #2306 ) ) ;
#388 =( NAMED_UNIT ( * ) PLANE_ANGLE_UNIT ( ) SI_UNIT ( $, .RADIAN. ) );
#389 = ORIENTED_EDGE ( 'NONE', *, *, #2978, .T. ) ;
#390 = LINE ( 'NONE', #609, #599 ) ;
#391 =( NAMED_UNIT ( * ) PLANE_ANGLE_UNIT ( ) SI_UNIT ( $, .RADIAN. ) );
#392 = ORIENTED_EDGE ( 'NONE', *, *, #170, .T. ) ;
#393 = DIRECTION ( 'NONE',  ( -1.000000000000000000, -0.000000000000000000, 0.000000000000000000 ) ) ;
#394 = LINE ( 'NONE', #907, #2018 ) ;
#395 = CARTESIAN_POINT ( 'NONE',  ( 0.000000000000000000, 0.1000000000000000056, 0.000000000000000000 ) ) ;
#396 = ORIENTED_EDGE ( 'NONE', *, *, #1310, .T. ) ;
#397 = CARTESIAN_POINT ( 'NONE',  ( -0.1010000000000000064, 0.000000000000000000, 0.1010000000000000064 ) ) ;
#398 = CARTESIAN_POINT ( 'NONE',  ( 0.000000000000000000, 0.000000000000000000, 0.1000000000000000056 ) ) ;
#399 = ORIENTED_EDGE ( 'NONE', *, *, #2817, .F. ) ;
#400 = DIRECTION ( 'NONE',  ( 1.000000000000000000, 0.000000000000000000, 0.000000000000000000 ) ) ;
#401 = SURFACE_STYLE_USAGE ( .BOTH. , #1183 ) ;
#402 = DIRECTION ( 'NONE',  ( -0.000000000000000000, 0.000000000000000000, -1.000000000000000000 ) ) ;
#403 = VECTOR ( 'NONE', #571, 1000.000000000000000 ) ;
#404 = VECTOR ( 'NONE', #146, 1000.000000000000000 ) ;
#405 = VERTEX_POINT ( 'NONE', #3090 ) ;
#406 = PRESENTATION_STYLE_ASSIGNMENT (( #2413 ) ) ;
#407 = EDGE_CURVE ( 'NONE', #1194, #863, #862, .T. ) ;
#408 = CARTESIAN_POINT ( 'NONE',  ( 0.000000000000000000, 0.000000000000000000, 0.000000000000000000 ) ) ;
#409 = DIRECTION ( 'NONE',  ( -0.000000000000000000, -1.000000000000000000, -0.000000000000000000 ) ) ;
#410 = LINE ( 'NONE', #2400, #3175 ) ;
#411 = ADVANCED_FACE ( 'NONE', ( #2840 ), #343, .T. ) ;
#412 = EDGE_CURVE ( 'NONE', #2450, #1347, #1792, .T. ) ;
#413 = CARTESIAN_POINT ( 'NONE',  ( 0.000000000000000000, 0.000000000000000000, -0.2999999999999999889 ) ) ;
#414 = LINE ( 'NONE', #657, #658 ) ;
#415 = CARTESIAN_POINT ( 'NONE',  ( -0.3074999999999999400, 0.000000000000000000, -0.2750000000000000777 ) ) ;
#416 = ORIENTED_EDGE ( 'NONE', *, *, #685, .F. ) ;
#417 = CARTESIAN_POINT ( 'NONE',  ( 0.1000000000000000056, 0.000000000000000000, -0.1010000000000000064 ) ) ;
#418 = ORIENTED_EDGE ( 'NONE', *, *, #1238, .F. ) ;
#419 = DIRECTION ( 'NONE',  ( 1.000000000000000000, 0.000000000000000000, 0.000000000000000000 ) ) ;
#420 = DIRECTION ( 'NONE',  ( 1.000000000000000000, 0.000000000000000000, 0.000000000000000000 ) ) ;
#421 = DIRECTION ( 'NONE',  ( -0.7071067811865475727, 0.000000000000000000, -0.7071067811865475727 ) ) ;
#422 = DIRECTION ( 'NONE',  ( -0.7071067811865474617, 0.000000000000000000, -0.7071067811865474617 ) ) ;
#423 = APPLICATION_CONTEXT ( 'automotive_design' ) ;
#424 = VECTOR ( 'NONE', #1811, 1000.000000000000000 ) ;
#425 = LINE ( 'NONE', #3172, #2874 ) ;
#426 = PRODUCT_DEFINITION_CONTEXT ( 'detailed design', #2155, 'design' ) ;
#427 = ORIENTED_EDGE ( 'NONE', *, *, #2344, .T. ) ;
#428 = EDGE_CURVE ( 'NONE', #2937, #576, #2530, .T. ) ;
#429 = EDGE_CURVE ( 'NONE', #2139, #804, #801, .T. ) ;
#430 = DIRECTION ( 'NONE',  ( 1.000000000000000000, 0.000000000000000000, 0.000000000000000000 ) ) ;
#431 = CARTESIAN_POINT ( 'NONE',  ( -0.3074999999999999956, 0.07500000000000003886, -0.2750000000000000222 ) ) ;
#432 = VERTEX_POINT ( 'NONE', #1319 ) ;
#433 = ORIENTED_EDGE ( 'NONE', *, *, #1387, .F. ) ;
#434 = DIRECTION ( 'NONE',  ( 0.000000000000000000, 0.000000000000000000, -1.000000000000000000 ) ) ;
#435 = AXIS2_PLACEMENT_3D ( 'NONE', #1345, #578, #2057 ) ;
#436 = ORIENTED_EDGE ( 'NONE', *, *, #3145, .T. ) ;
#437 = EDGE_LOOP ( 'NONE', ( #978, #1813, #1467, #1110 ) ) ;
#438 = DIRECTION ( 'NONE',  ( 0.000000000000000000, 0.000000000000000000, -1.000000000000000000 ) ) ;
#439 = DIRECTION ( 'NONE',  ( 0.000000000000000000, 0.000000000000000000, 1.000000000000000000 ) ) ;
#440 = DIRECTION ( 'NONE',  ( -0.7071067811865474617, 0.000000000000000000, 0.7071067811865474617 ) ) ;
#441 = DIRECTION ( 'NONE',  ( 0.000000000000000000, 0.000000000000000000, -1.000000000000000000 ) ) ;
#442 = VERTEX_POINT ( 'NONE', #2780 ) ;
#443 = CARTESIAN_POINT ( 'NONE',  ( 0.4749999999999999778, 0.1000000000000000056, 0.2999999999999999889 ) ) ;
#444 = CARTESIAN_POINT ( 'NONE',  ( 0.3074999999999999956, 0.000000000000000000, -0.2750000000000000222 ) ) ;
#445 = VERTEX_POINT ( 'NONE', #1078 ) ;
#446 = EDGE_CURVE ( 'NONE', #1281, #214, #2793, .T. ) ;
#447 = LINE ( 'NONE', #1410, #1463 ) ;
#448 = EDGE_CURVE ( 'NONE', #2805, #1427, #3025, .T. ) ;
#449 = ORIENTED_EDGE ( 'NONE', *, *, #1057, .F. ) ;
#450 = PLANE ( 'NONE',  #1934 ) ;
#451 = VECTOR ( 'NONE', #2475, 1000.000000000000000 ) ;
#452 = ORIENTED_EDGE ( 'NONE', *, *, #2761, .T. ) ;
#453 = CARTESIAN_POINT ( 'NONE',  ( 0.3750000000000000000, 0.1000000000000000056, 0.2750000000000000222 ) ) ;
#454 = SHAPE_DEFINITION_REPRESENTATION ( #229, #1104 ) ;
#455 = DIRECTION ( 'NONE',  ( -1.000000000000000000, -0.000000000000000000, -0.000000000000000000 ) ) ;
#456 = MECHANICAL_DESIGN_GEOMETRIC_PRESENTATION_REPRESENTATION (  '', ( #1247 ), #2388 ) ;
#457 = CARTESIAN_POINT ( 'NONE',  ( -0.1000000000000000056, 0.07499999999999999722, 0.1010000000000000203 ) ) ;
#458 = PRODUCT_DEFINITION_SHAPE ( 'NONE', 'NONE',  #3230 ) ;
#459 = FACE_OUTER_BOUND ( 'NONE', #2644, .T. ) ;
#460 = AXIS2_PLACEMENT_3D ( 'NONE', #2131, #653, #2153 ) ;
#461 = DIRECTION ( 'NONE',  ( 0.000000000000000000, 0.000000000000000000, 1.000000000000000000 ) ) ;
#462 = ORIENTED_EDGE ( 'NONE', *, *, #2998, .F. ) ;
#463 = CIRCLE ( 'NONE', #3016, 0.0009999999999999972019 ) ;
#464 = DIRECTION ( 'NONE',  ( 0.7071067811865483499, 0.000000000000000000, 0.7071067811865467956 ) ) ;
#465 = EDGE_LOOP ( 'NONE', ( #462, #2659, #21, #235 ) ) ;
#466 =( REPRESENTATION_RELATIONSHIP ('NONE','NONE', #1861, #2863 ) REPRESENTATION_RELATIONSHIP_WITH_TRANSFORMATION ( #1969 )SHAPE_REPRESENTATION_RELATIONSHIP( ) );
#467 = EDGE_CURVE ( 'NONE', #432, #442, #1529, .T. ) ;
#468 = EDGE_CURVE ( 'NONE', #2294, #984, #1013, .T. ) ;
#469 = ORIENTED_EDGE ( 'NONE', *, *, #1267, .F. ) ;
#470 = CARTESIAN_POINT ( 'NONE',  ( 0.1000000000000000056, 0.000000000000000000, -0.2989999999999999880 ) ) ;
#471 =( NAMED_UNIT ( * ) PLANE_ANGLE_UNIT ( ) SI_UNIT ( $, .RADIAN. ) );
#472 = VECTOR ( 'NONE', #2844, 1000.000000000000000 ) ;
#473 = AXIS2_PLACEMENT_3D ( 'NONE', #1636, #1021, #461 ) ;
#474 = DIRECTION ( 'NONE',  ( 1.000000000000000000, 0.000000000000000000, -0.000000000000000000 ) ) ;
#475 = DIRECTION ( 'NONE',  ( -0.000000000000000000, -1.000000000000000000, -0.000000000000000000 ) ) ;
#476 = ORIENTED_EDGE ( 'NONE', *, *, #2467, .F. ) ;
#477 = VECTOR ( 'NONE', #1828, 999.9999999999998863 ) ;
#478 = VECTOR ( 'NONE', #2192, 1000.000000000000000 ) ;
#479 = FACE_OUTER_BOUND ( 'NONE', #2514, .T. ) ;
#480 = VERTEX_POINT ( 'NONE', #2058 ) ;
#481 = ORIENTED_EDGE ( 'NONE', *, *, #2581, .T. ) ;
#482 = CARTESIAN_POINT ( 'NONE',  ( 0.1010000000000000064, -0.02500000000000000139, -0.2999999999999999889 ) ) ;
#483 = EDGE_LOOP ( 'NONE', ( #1243, #2034, #2855, #1948 ) ) ;
#484 = CARTESIAN_POINT ( 'NONE',  ( -0.3750000000000000000, 0.000000000000000000, -0.2750000000000000222 ) ) ;
#485 = VECTOR ( 'NONE', #2102, 1000.000000000000114 ) ;
#486 = ADVANCED_FACE ( 'NONE', ( #1301 ), #3056, .T. ) ;
#487 = ADVANCED_FACE ( 'NONE', ( #328 ), #1334, .F. ) ;
#488 = VECTOR ( 'NONE', #2334, 1000.000000000000000 ) ;
#489 = CARTESIAN_POINT ( 'NONE',  ( -0.3074999999999999956, -0.02500000000000000139, -0.1250000000000000000 ) ) ;
#490 = AXIS2_PLACEMENT_3D ( 'NONE', #3041, #2563, #549 ) ;
#491 = DIRECTION ( 'NONE',  ( 0.7071067811865474617, 0.000000000000000000, 0.7071067811865474617 ) ) ;
#492 = CARTESIAN_POINT ( 'NONE',  ( 0.000000000000000000, 0.000000000000000000, 0.000000000000000000 ) ) ;
#493 = EDGE_CURVE ( 'NONE', #1194, #2139, #2824, .T. ) ;
#494 = ORIENTED_EDGE ( 'NONE', *, *, #3039, .T. ) ;
#495 = CARTESIAN_POINT ( 'NONE',  ( 0.1010000000000000203, 0.000000000000000000, -0.1000000000000000056 ) ) ;
#496 = CARTESIAN_POINT ( 'NONE',  ( 0.3750000000000000000, -0.02500000000000000139, 0.2750000000000000222 ) ) ;
#497 = ORIENTED_EDGE ( 'NONE', *, *, #33, .F. ) ;
#498 = FILL_AREA_STYLE_COLOUR ( '', #1701 ) ;
#499 = ORIENTED_EDGE ( 'NONE', *, *, #1791, .T. ) ;
#500 = ORIENTED_EDGE ( 'NONE', *, *, #1962, .F. ) ;
#501 = CYLINDRICAL_SURFACE ( 'NONE', #2194, 0.001000000000000024307 ) ;
#502 = CONTEXT_DEPENDENT_SHAPE_REPRESENTATION ( #1366, #1493 ) ;
#503 = DIRECTION ( 'NONE',  ( 1.000000000000000000, 0.000000000000000000, 0.000000000000000000 ) ) ;
#504 = DIRECTION ( 'NONE',  ( 0.7071067811865474617, 0.000000000000000000, 0.7071067811865474617 ) ) ;
#505 = EDGE_CURVE ( 'NONE', #1116, #2228, #600, .T. ) ;
#506 = CARTESIAN_POINT ( 'NONE',  ( 0.2824999999999999734, 0.000000000000000000, 0.2999999999999999889 ) ) ;
#507 = AXIS2_PLACEMENT_3D ( 'NONE', #536, #1288, #297 ) ;
#508 = DIRECTION ( 'NONE',  ( 0.7071067811865474617, 0.000000000000000000, -0.7071067811865474617 ) ) ;
#509 = LINE ( 'NONE', #2972, #350 ) ;
#510 = EDGE_CURVE ( 'NONE', #964, #2139, #2161, .T. ) ;
#511 = EDGE_CURVE ( 'NONE', #634, #1734, #2917, .T. ) ;
#512 = DIRECTION ( 'NONE',  ( -0.000000000000000000, 1.000000000000000000, 0.000000000000000000 ) ) ;
#513 = VERTEX_POINT ( 'NONE', #2878 ) ;
#514 = AXIS2_PLACEMENT_3D ( 'NONE', #858, #2894, #688 ) ;
#515 = LINE ( 'NONE', #2501, #1520 ) ;
#516 = DIRECTION ( 'NONE',  ( 0.000000000000000000, 0.000000000000000000, 1.000000000000000000 ) ) ;
#517 = VERTEX_POINT ( 'NONE', #209 ) ;
#518 = DIRECTION ( 'NONE',  ( -0.000000000000000000, 1.000000000000000000, 0.000000000000000000 ) ) ;
#519 = ITEM_DEFINED_TRANSFORMATION ( 'NONE', 'NONE', #900,  #1728 ) ;
#520 = ORIENTED_EDGE ( 'NONE', *, *, #1457, .T. ) ;
#521 = DIRECTION ( 'NONE',  ( -1.000000000000000000, -0.000000000000000000, -0.000000000000000000 ) ) ;
#522 = DIRECTION ( 'NONE',  ( 0.000000000000000000, -0.000000000000000000, -1.000000000000000000 ) ) ;
#523 = DIRECTION ( 'NONE',  ( 0.000000000000000000, 0.000000000000000000, -1.000000000000000000 ) ) ;
#524 = CARTESIAN_POINT ( 'NONE',  ( -0.3750000000000000000, 0.5749999999999999556, -0.4249999999999999889 ) ) ;
#525 = PLANE ( 'NONE',  #1492 ) ;
#526 = PLANE ( 'NONE',  #2195 ) ;
#527 = ORIENTED_EDGE ( 'NONE', *, *, #3019, .T. ) ;
#528 = EDGE_CURVE ( 'NONE', #480, #1548, #172, .T. ) ;
#529 = VECTOR ( 'NONE', #180, 1000.000000000000000 ) ;
#530 = DIRECTION ( 'NONE',  ( -0.000000000000000000, 0.000000000000000000, -1.000000000000000000 ) ) ;
#531 = PRESENTATION_LAYER_ASSIGNMENT (  '', '', ( #3195 ) ) ;
#532 = FACE_OUTER_BOUND ( 'NONE', #1742, .T. ) ;
#533 = EDGE_CURVE ( 'NONE', #534, #302, #1654, .T. ) ;
#534 = VERTEX_POINT ( 'NONE', #2103 ) ;
#535 = VERTEX_POINT ( 'NONE', #2392 ) ;
#536 = CARTESIAN_POINT ( 'NONE',  ( 0.000000000000000000, 0.1000000000000000056, 0.000000000000000000 ) ) ;
#537 = FACE_OUTER_BOUND ( 'NONE', #2163, .T. ) ;
#538 = LINE ( 'NONE', #2788, #2114 ) ;
#539 = VERTEX_POINT ( 'NONE', #1394 ) ;
#540 = LINE ( 'NONE', #1727, #654 ) ;
#541 = ORIENTED_EDGE ( 'NONE', *, *, #1028, .F. ) ;
#542 = PRODUCT_DEFINITION_SHAPE ( 'NONE', 'NONE',  #1878 ) ;
#543 = VECTOR ( 'NONE', #2271, 1000.000000000000000 ) ;
#544 = PLANE ( 'NONE',  #2246 ) ;
#545 = DIRECTION ( 'NONE',  ( -0.7071067811865475727, 0.000000000000000000, 0.7071067811865475727 ) ) ;
#546 = VERTEX_POINT ( 'NONE', #431 ) ;
#547 = FACE_OUTER_BOUND ( 'NONE', #3139, .T. ) ;
#548 = ADVANCED_FACE ( 'NONE', ( #1420 ), #911, .T. ) ;
#549 = DIRECTION ( 'NONE',  ( -1.000000000000000000, 0.000000000000000000, -0.000000000000000000 ) ) ;
#550 = ORIENTED_EDGE ( 'NONE', *, *, #3187, .T. ) ;
#551 = ORIENTED_EDGE ( 'NONE', *, *, #101, .F. ) ;
#552 = EDGE_CURVE ( 'NONE', #2566, #2825, #674, .T. ) ;
#553 = ORIENTED_EDGE ( 'NONE', *, *, #665, .F. ) ;
#554 = LINE ( 'NONE', #1535, #2010 ) ;
#555 = CONTEXT_DEPENDENT_SHAPE_REPRESENTATION ( #2301, #3206 ) ;
#556 = DIRECTION ( 'NONE',  ( 0.000000000000000000, -0.000000000000000000, 1.000000000000000000 ) ) ;
#557 = ORIENTED_EDGE ( 'NONE', *, *, #1666, .T. ) ;
#558 = LINE ( 'NONE', #2775, #370 ) ;
#559 = CARTESIAN_POINT ( 'NONE',  ( -0.3750000000000000000, 0.5749999999999999556, 0.000000000000000000 ) ) ;
#560 = VERTEX_POINT ( 'NONE', #1157 ) ;
#561 = CARTESIAN_POINT ( 'NONE',  ( 0.1000000000000000056, 0.1000000000000000056, -0.1010000000000000064 ) ) ;
#562 =( GEOMETRIC_REPRESENTATION_CONTEXT ( 3 ) GLOBAL_UNCERTAINTY_ASSIGNED_CONTEXT ( ( #2620 ) ) GLOBAL_UNIT_ASSIGNED_CONTEXT ( ( #2147, #388, #2126 ) ) REPRESENTATION_CONTEXT ( 'NONE', 'WORKASPACE' ) );
#563 = VECTOR ( 'NONE', #2200, 1000.000000000000000 ) ;
#564 = DIRECTION ( 'NONE',  ( 0.000000000000000000, 0.000000000000000000, 1.000000000000000000 ) ) ;
#565 = VERTEX_POINT ( 'NONE', #415 ) ;
#566 = ORIENTED_EDGE ( 'NONE', *, *, #364, .T. ) ;
#567 = CARTESIAN_POINT ( 'NONE',  ( -0.3074999999999999956, 0.000000000000000000, 0.1250000000000000000 ) ) ;
#568 = EDGE_CURVE ( 'NONE', #2918, #517, #2933, .T. ) ;
#569 = EDGE_CURVE ( 'NONE', #863, #804, #3106, .T. ) ;
#570 = LINE ( 'NONE', #1738, #2022 ) ;
#571 = DIRECTION ( 'NONE',  ( 0.000000000000000000, 0.000000000000000000, 1.000000000000000000 ) ) ;
#572 = ORIENTED_EDGE ( 'NONE', *, *, #2604, .F. ) ;
#573 = EDGE_CURVE ( 'NONE', #1335, #2347, #1931, .T. ) ;
#574 = DIRECTION ( 'NONE',  ( 0.000000000000000000, 0.000000000000000000, 1.000000000000000000 ) ) ;
#575 = CARTESIAN_POINT ( 'NONE',  ( 0.2824999999999999734, 0.1000000000000000056, 0.1000000000000000056 ) ) ;
#576 = VERTEX_POINT ( 'NONE', #892 ) ;
#577 = ORIENTED_EDGE ( 'NONE', *, *, #412, .F. ) ;
#578 = DIRECTION ( 'NONE',  ( 0.000000000000000000, 0.000000000000000000, -1.000000000000000000 ) ) ;
#579 = FACE_OUTER_BOUND ( 'NONE', #2565, .T. ) ;
#580 = ORIENTED_EDGE ( 'NONE', *, *, #3043, .F. ) ;
#581 = VERTEX_POINT ( 'NONE', #144 ) ;
#582 = AXIS2_PLACEMENT_3D ( 'NONE', #2481, #2002, #2298 ) ;
#583 = VECTOR ( 'NONE', #2627, 1000.000000000000000 ) ;
#584 = DIRECTION ( 'NONE',  ( -0.000000000000000000, 1.000000000000000000, 0.000000000000000000 ) ) ;
#585 = DIRECTION ( 'NONE',  ( -0.000000000000000000, 0.000000000000000000, -1.000000000000000000 ) ) ;
#586 = AXIS2_PLACEMENT_3D ( 'NONE', #395, #1391, #2174 ) ;
#587 = ORIENTED_EDGE ( 'NONE', *, *, #3165, .T. ) ;
#588 = LINE ( 'NONE', #838, #1613 ) ;
#589 = EDGE_CURVE ( 'NONE', #1236, #344, #1916, .T. ) ;
#590 = CARTESIAN_POINT ( 'NONE',  ( 0.000000000000000000, 0.000000000000000000, 0.000000000000000000 ) ) ;
#591 = AXIS2_PLACEMENT_3D ( 'NONE', #408, #2466, #1663 ) ;
#592 = CARTESIAN_POINT ( 'NONE',  ( 0.3074999999999999956, 0.000000000000000000, -0.1250000000000000000 ) ) ;
#593 = PLANE ( 'NONE',  #781 ) ;
#594 = ADVANCED_FACE ( 'NONE', ( #2684 ), #157, .F. ) ;
#595 = ORIENTED_EDGE ( 'NONE', *, *, #175, .T. ) ;
#596 = PRESENTATION_LAYER_ASSIGNMENT (  '', '', ( #1991 ) ) ;
#597 = APPLICATION_CONTEXT ( 'automotive_design' ) ;
#598 = FACE_OUTER_BOUND ( 'NONE', #1336, .T. ) ;
#599 = VECTOR ( 'NONE', #1888, 1000.000000000000000 ) ;
#600 = CIRCLE ( 'NONE', #2735, 0.0009999999999999972019 ) ;
#601 = CARTESIAN_POINT ( 'NONE',  ( 0.3750000000000000000, 0.000000000000000000, 0.2750000000000000222 ) ) ;
#602 = EDGE_LOOP ( 'NONE', ( #2891, #1121, #2138, #3049 ) ) ;
#603 = ORIENTED_EDGE ( 'NONE', *, *, #814, .T. ) ;
#604 = CARTESIAN_POINT ( 'NONE',  ( 0.1010000000000000064, 0.000000000000000000, -0.2999999999999999889 ) ) ;
#605 = SURFACE_STYLE_USAGE ( .BOTH. , #148 ) ;
#606 = ORIENTED_EDGE ( 'NONE', *, *, #2903, .T. ) ;
#607 = DIRECTION ( 'NONE',  ( -0.000000000000000000, 1.000000000000000000, 0.000000000000000000 ) ) ;
#608 = VERTEX_POINT ( 'NONE', #927 ) ;
#609 = CARTESIAN_POINT ( 'NONE',  ( 0.000000000000000000, 0.07499999999999999722, 0.2750000000000000222 ) ) ;
#610 = DIRECTION ( 'NONE',  ( 0.000000000000000000, 0.000000000000000000, 1.000000000000000000 ) ) ;
#611 = CARTESIAN_POINT ( 'NONE',  ( -0.2824999999999999734, 0.000000000000000000, 0.2999999999999999889 ) ) ;
#612 = DIRECTION ( 'NONE',  ( -1.000000000000000000, 0.000000000000000000, -0.000000000000000000 ) ) ;
#613 = ORIENTED_EDGE ( 'NONE', *, *, #3059, .F. ) ;
#614 =( GEOMETRIC_REPRESENTATION_CONTEXT ( 3 ) GLOBAL_UNCERTAINTY_ASSIGNED_CONTEXT ( ( #1930 ) ) GLOBAL_UNIT_ASSIGNED_CONTEXT ( ( #1003, #2994, #1746 ) ) REPRESENTATION_CONTEXT ( 'NONE', 'WORKASPACE' ) );
#615 = EDGE_CURVE ( 'NONE', #930, #1660, #1876, .T. ) ;
#616 = EDGE_CURVE ( 'NONE', #733, #945, #875, .T. ) ;
#617 = CYLINDRICAL_SURFACE ( 'NONE', #1172, 0.0009999999999999972019 ) ;
#618 = CARTESIAN_POINT ( 'NONE',  ( 0.000000000000000000, 0.000000000000000000, -0.2750000000000000222 ) ) ;
#619 = ORIENTED_EDGE ( 'NONE', *, *, #237, .F. ) ;
#620 = VECTOR ( 'NONE', #1782, 1000.000000000000000 ) ;
#621 = ORIENTED_EDGE ( 'NONE', *, *, #3059, .T. ) ;
#622 = CIRCLE ( 'NONE', #2959, 0.001000000000000024307 ) ;
#623 = CARTESIAN_POINT ( 'NONE',  ( 0.000000000000000000, 0.1000000000000000056, 0.000000000000000000 ) ) ;
#624 = CARTESIAN_POINT ( 'NONE',  ( -0.1000000000000000056, -0.02500000000000000139, -0.2989999999999999880 ) ) ;
#626 = AXIS2_PLACEMENT_3D ( 'NONE', #3117, #1403, #2112 ) ;
#625 = CARTESIAN_POINT ( 'NONE',  ( 0.3074999999999999956, 0.000000000000000000, -0.2749999999999999667 ) ) ;
#627 = VERTEX_POINT ( 'NONE', #2622 ) ;
#628 = LINE ( 'NONE', #1608, #1011 ) ;
#629 = CARTESIAN_POINT ( 'NONE',  ( 0.000000000000000000, 0.000000000000000000, 0.000000000000000000 ) ) ;
#630 = VERTEX_POINT ( 'NONE', #380 ) ;
#631 = FACE_OUTER_BOUND ( 'NONE', #1422, .T. ) ;
#632 = VECTOR ( 'NONE', #1694, 1000.000000000000000 ) ;
#633 = DIRECTION ( 'NONE',  ( 0.000000000000000000, -1.000000000000000000, 0.000000000000000000 ) ) ;
#634 = VERTEX_POINT ( 'NONE', #3124 ) ;
#635 = DIRECTION ( 'NONE',  ( 0.000000000000000000, 1.000000000000000000, 0.000000000000000000 ) ) ;
#636 = DIRECTION ( 'NONE',  ( -1.000000000000000000, -0.000000000000000000, -0.000000000000000000 ) ) ;
#637 = VERTEX_POINT ( 'NONE', #659 ) ;
#638 = EDGE_CURVE ( 'NONE', #997, #2808, #1054, .T. ) ;
#639 = AXIS2_PLACEMENT_3D ( 'NONE', #2123, #1127, #1368 ) ;
#640 = VECTOR ( 'NONE', #1497, 1000.000000000000000 ) ;
#641 = CARTESIAN_POINT ( 'NONE',  ( -0.2824999999999999734, -0.02500000000000000139, 0.2999999999999999889 ) ) ;
#642 = EDGE_CURVE ( 'NONE', #2935, #2579, #1001, .T. ) ;
#643 = LINE ( 'NONE', #2571, #368 ) ;
#644 = AXIS2_PLACEMENT_3D ( 'NONE', #1521, #283, #1308 ) ;
#645 = VECTOR ( 'NONE', #2437, 1000.000000000000000 ) ;
#646 = CARTESIAN_POINT ( 'NONE',  ( 0.1000000000000000056, 0.1000000000000000056, 0.2989999999999999880 ) ) ;
#647 = AXIS2_PLACEMENT_3D ( 'NONE', #882, #2079, #2846 ) ;
#648 = APPLICATION_CONTEXT ( 'automotive_design' ) ;
#649 = ORIENTED_EDGE ( 'NONE', *, *, #2856, .T. ) ;
#650 = LINE ( 'NONE', #151, #221 ) ;
#651 = ORIENTED_EDGE ( 'NONE', *, *, #2113, .F. ) ;
#652 = CARTESIAN_POINT ( 'NONE',  ( -0.1000000000000000056, 0.1000000000000000611, -0.2000000000000000111 ) ) ;
#653 = DIRECTION ( 'NONE',  ( 0.000000000000000000, 0.000000000000000000, 1.000000000000000000 ) ) ;
#654 = VECTOR ( 'NONE', #1482, 1000.000000000000000 ) ;
#655 = ORIENTED_EDGE ( 'NONE', *, *, #1516, .T. ) ;
#656 = ORIENTED_EDGE ( 'NONE', *, *, #736, .T. ) ;
#657 = CARTESIAN_POINT ( 'NONE',  ( -0.1000000000000000056, 0.000000000000000000, -0.2000000000000000111 ) ) ;
#658 = VECTOR ( 'NONE', #2391, 1000.000000000000000 ) ;
#659 = CARTESIAN_POINT ( 'NONE',  ( 0.1000000000000000056, 0.000000000000000000, 0.1010000000000000203 ) ) ;
#660 = ORIENTED_EDGE ( 'NONE', *, *, #2242, .T. ) ;
#661 = EDGE_CURVE ( 'NONE', #2347, #2380, #9, .T. ) ;
#662 = CARTESIAN_POINT ( 'NONE',  ( -0.2000000000000000111, 0.000000000000000000, -0.1000000000000000056 ) ) ;
#663 = CARTESIAN_POINT ( 'NONE',  ( 0.000000000000000000, 0.000000000000000000, 0.2999999999999999889 ) ) ;
#664 = EDGE_CURVE ( 'NONE', #169, #289, #1947, .T. ) ;
#665 = EDGE_CURVE ( 'NONE', #2294, #1816, #1744, .T. ) ;
#666 = ORIENTED_EDGE ( 'NONE', *, *, #2427, .F. ) ;
#667 = CARTESIAN_POINT ( 'NONE',  ( -0.1010000000000000064, 0.000000000000000000, -0.2989999999999999880 ) ) ;
#668 = CARTESIAN_POINT ( 'NONE',  ( 0.2824999999999999734, 0.000000000000000000, -0.1000000000000000056 ) ) ;
#669 = LINE ( 'NONE', #924, #2751 ) ;
#670 = VERTEX_POINT ( 'NONE', #2497 ) ;
#671 = PRODUCT_DEFINITION_CONTEXT ( 'detailed design', #2365, 'design' ) ;
#672 = EDGE_LOOP ( 'NONE', ( #499, #541, #595, #2412 ) ) ;
#673 = FILL_AREA_STYLE_COLOUR ( '', #2988 ) ;
#674 = LINE ( 'NONE', #2658, #1893 ) ;
#675 = ORIENTED_EDGE ( 'NONE', *, *, #1076, .T. ) ;
#676 = CARTESIAN_POINT ( 'NONE',  ( 0.3750000000000000000, -0.02500000000000000139, -0.1250000000000000000 ) ) ;
#677 = CARTESIAN_POINT ( 'NONE',  ( 0.3750000000000000000, 0.000000000000000000, -0.2750000000000000222 ) ) ;
#678 =( LENGTH_UNIT ( ) NAMED_UNIT ( * ) SI_UNIT ( .MILLI., .METRE. ) );
#679 = VECTOR ( 'NONE', #807, 1000.000000000000000 ) ;
#680 = ORIENTED_EDGE ( 'NONE', *, *, #736, .F. ) ;
#681 = PRODUCT_DEFINITION_SHAPE ( 'NONE', 'NONE',  #700 ) ;
#682 = LINE ( 'NONE', #3154, #2734 ) ;
#683 = APPLICATION_PROTOCOL_DEFINITION ( 'draft international standard', 'automotive_design', 1998, #1966 ) ;
#684 = EDGE_CURVE ( 'NONE', #1074, #2777, #2960, .T. ) ;
#685 = EDGE_CURVE ( 'NONE', #764, #997, #3196, .T. ) ;
#686 = AXIS2_PLACEMENT_3D ( 'NONE', #1871, #2650, #1611 ) ;
#687 = DIRECTION ( 'NONE',  ( 0.000000000000000000, 1.000000000000000000, 0.000000000000000000 ) ) ;
#688 = DIRECTION ( 'NONE',  ( 1.000000000000000000, 0.000000000000000000, -0.000000000000000000 ) ) ;
#689 = ORIENTED_EDGE ( 'NONE', *, *, #815, .F. ) ;
#690 = ADVANCED_FACE ( 'NONE', ( #479 ), #225, .T. ) ;
#691 = CARTESIAN_POINT ( 'NONE',  ( -0.2824999999999999734, 1.355252715606880543E-17, 0.2999999999999999889 ) ) ;
#692 = CARTESIAN_POINT ( 'NONE',  ( 0.000000000000000000, 0.000000000000000000, 0.1000000000000000056 ) ) ;
#693 = ORIENTED_EDGE ( 'NONE', *, *, #2165, .T. ) ;
#694 = LINE ( 'NONE', #662, #2299 ) ;
#695 = ORIENTED_EDGE ( 'NONE', *, *, #154, .T. ) ;
#696 = DIRECTION ( 'NONE',  ( 0.000000000000000000, 0.000000000000000000, -1.000000000000000000 ) ) ;
#697 = FACE_OUTER_BOUND ( 'NONE', #3223, .T. ) ;
#698 = VECTOR ( 'NONE', #89, 1000.000000000000114 ) ;
#699 = CARTESIAN_POINT ( 'NONE',  ( 0.2824999999999999734, 0.000000000000000000, -0.2999999999999999889 ) ) ;
#700 = PRODUCT_DEFINITION ( 'UNKNOWN', '', #1840, #426 ) ;
#701 = ADVANCED_FACE ( 'NONE', ( #732 ), #263, .T. ) ;
#702 = ORIENTED_EDGE ( 'NONE', *, *, #2765, .F. ) ;
#703 = PRODUCT_DEFINITION_CONTEXT ( 'detailed design', #1038, 'design' ) ;
#704 = DIRECTION ( 'NONE',  ( -1.000000000000000000, 0.000000000000000000, 0.000000000000000000 ) ) ;
#705 = EDGE_CURVE ( 'NONE', #2368, #560, #26, .T. ) ;
#706 = DIRECTION ( 'NONE',  ( -1.000000000000000000, -0.000000000000000000, 0.000000000000000000 ) ) ;
#707 = ORIENTED_EDGE ( 'NONE', *, *, #916, .T. ) ;
#708 = ORIENTED_EDGE ( 'NONE', *, *, #2189, .T. ) ;
#709 = ORIENTED_EDGE ( 'NONE', *, *, #3121, .F. ) ;
#710 = LINE ( 'NONE', #1689, #1396 ) ;
#711 = CIRCLE ( 'NONE', #2093, 0.001000000000000024307 ) ;
#712 = VERTEX_POINT ( 'NONE', #1227 ) ;
#713 = FILL_AREA_STYLE ('',( #2676 ) ) ;
#714 = ORIENTED_EDGE ( 'NONE', *, *, #3103, .F. ) ;
#715 = APPLICATION_PROTOCOL_DEFINITION ( 'draft international standard', 'automotive_design', 1998, #99 ) ;
#716 = FACE_OUTER_BOUND ( 'NONE', #337, .T. ) ;
#717 = CARTESIAN_POINT ( 'NONE',  ( 0.3750000000000000000, 0.000000000000000000, 0.2750000000000000222 ) ) ;
#718 = PRODUCT_DEFINITION_FORMATION_WITH_SPECIFIED_SOURCE ( 'ANY', '', #3202, .NOT_KNOWN. ) ;
#719 = DIRECTION ( 'NONE',  ( 1.000000000000000000, 0.000000000000000000, -0.000000000000000000 ) ) ;
#720 = ORIENTED_EDGE ( 'NONE', *, *, #1182, .F. ) ;
#721 = ADVANCED_FACE ( 'NONE', ( #983 ), #2513, .T. ) ;
#722 = ADVANCED_FACE ( 'NONE', ( #1989 ), #2006, .T. ) ;
#723 = DIRECTION ( 'NONE',  ( 0.000000000000000000, -1.000000000000000000, -0.000000000000000000 ) ) ;
#724 = CARTESIAN_POINT ( 'NONE',  ( 0.2824999999999999734, 0.1000000000000000056, -0.2999999999999999889 ) ) ;
#725 = VECTOR ( 'NONE', #2025, 1000.000000000000000 ) ;
#726 = VERTEX_POINT ( 'NONE', #1714 ) ;
#727 = CARTESIAN_POINT ( 'NONE',  ( -0.2824999999999999734, 0.1000000000000000333, 0.2999999999999999889 ) ) ;
#728 = DIRECTION ( 'NONE',  ( -0.000000000000000000, -0.000000000000000000, 1.000000000000000000 ) ) ;
#729 = COLOUR_RGB ( '',0.8588235294117646523, 0.8588235294117646523, 0.8588235294117646523 ) ;
#730 = DIRECTION ( 'NONE',  ( 0.000000000000000000, 0.000000000000000000, -1.000000000000000000 ) ) ;
#731 = VECTOR ( 'NONE', #475, 1000.000000000000000 ) ;
#732 = FACE_OUTER_BOUND ( 'NONE', #1652, .T. ) ;
#733 = VERTEX_POINT ( 'NONE', #2718 ) ;
#734 = VERTEX_POINT ( 'NONE', #2992 ) ;
#735 = SHAPE_REPRESENTATION ( 'RAA0004A_FRAME_2', ( #1728 ), #314 ) ;
#736 = EDGE_CURVE ( 'NONE', #945, #1236, #2473, .T. ) ;
#737 = LINE ( 'NONE', #1256, #2587 ) ;
#738 = VERTEX_POINT ( 'NONE', #1759 ) ;
#739 = CARTESIAN_POINT ( 'NONE',  ( 0.1000000000000000056, 0.000000000000000000, 0.1010000000000000203 ) ) ;
#740 = VECTOR ( 'NONE', #2329, 1000.000000000000000 ) ;
#741 = DIRECTION ( 'NONE',  ( 0.000000000000000000, 0.000000000000000000, -1.000000000000000000 ) ) ;
#742 = CARTESIAN_POINT ( 'NONE',  ( 0.3074999999999999956, 0.1000000000000000056, -0.2750000000000000222 ) ) ;
#743 = ORIENTED_EDGE ( 'NONE', *, *, #1998, .T. ) ;
#744 = CIRCLE ( 'NONE', #2552, 0.001000000000000024307 ) ;
#745 = ORIENTED_EDGE ( 'NONE', *, *, #2726, .F. ) ;
#746 = LINE ( 'NONE', #1743, #1299 ) ;
#747 = AXIS2_PLACEMENT_3D ( 'NONE', #2032, #1751, #2754 ) ;
#748 = LINE ( 'NONE', #2736, #791 ) ;
#749 = ORIENTED_EDGE ( 'NONE', *, *, #468, .T. ) ;
#750 = CLOSED_SHELL ( 'NONE', ( #486, #1623, #2141, #487, #2503, #3166, #773, #12, #2262, #2783, #1856, #2582 ) ) ;
#751 = DIRECTION ( 'NONE',  ( -1.000000000000000000, -0.000000000000000000, 0.000000000000000000 ) ) ;
#752 =( GEOMETRIC_REPRESENTATION_CONTEXT ( 3 ) GLOBAL_UNCERTAINTY_ASSIGNED_CONTEXT ( ( #1895 ) ) GLOBAL_UNIT_ASSIGNED_CONTEXT ( ( #2730, #1752, #37 ) ) REPRESENTATION_CONTEXT ( 'NONE', 'WORKASPACE' ) );
#753 = ADVANCED_FACE ( 'NONE', ( #1975 ), #526, .T. ) ;
#754 = ORIENTED_EDGE ( 'NONE', *, *, #385, .T. ) ;
#755 = CARTESIAN_POINT ( 'NONE',  ( -0.2824999999999999734, 0.000000000000000000, -0.3000000000000000444 ) ) ;
#756 = AXIS2_PLACEMENT_3D ( 'NONE', #2778, #843, #1107 ) ;
#757 = EDGE_CURVE ( 'NONE', #1976, #2007, #748, .T. ) ;
#758 = EDGE_CURVE ( 'NONE', #1016, #630, #1484, .T. ) ;
#759 = AXIS2_PLACEMENT_3D ( 'NONE', #163, #2969, #231 ) ;
#760 = LINE ( 'NONE', #1030, #212 ) ;
#761 = VECTOR ( 'NONE', #1671, 1000.000000000000000 ) ;
#762 = DIRECTION ( 'NONE',  ( -1.000000000000000000, -0.000000000000000000, 0.000000000000000000 ) ) ;
#763 = ORIENTED_EDGE ( 'NONE', *, *, #467, .F. ) ;
#764 = VERTEX_POINT ( 'NONE', #1213 ) ;
#765 = DIRECTION ( 'NONE',  ( 1.000000000000000000, 0.000000000000000000, 0.000000000000000000 ) ) ;
#766 = EDGE_LOOP ( 'NONE', ( #872, #2371, #1630, #1730, #500, #2458, #2026, #1687, #613, #3082, #211, #1677, #1126, #2041, #651, #1385, #217, #2900, #1900, #1843, #1409, #2312, #2175, #3143, #3161, #1448, #1476, #1949, #1860, #159, #816, #1917, #2197, #817, #371, #1164, #179, #1170, #845, #2635, #92, #745, #1434, #340 ) ) ;
#767 = VERTEX_POINT ( 'NONE', #1040 ) ;
#768 = CARTESIAN_POINT ( 'NONE',  ( 0.000000000000000000, 0.000000000000000000, 0.1250000000000000000 ) ) ;
#769 = AXIS2_PLACEMENT_3D ( 'NONE', #1474, #2502, #1024 ) ;
#770 = DIRECTION ( 'NONE',  ( -0.7071067811865474617, 0.000000000000000000, -0.7071067811865474617 ) ) ;
#771 = LINE ( 'NONE', #318, #1704 ) ;
#772 = EDGE_CURVE ( 'NONE', #2952, #2805, #650, .T. ) ;
#773 = ADVANCED_FACE ( 'NONE', ( #2815 ), #352, .F. ) ;
#774 = CARTESIAN_POINT ( 'NONE',  ( -0.3074999999999999956, 1.355252715606880543E-17, 0.1250000000000000000 ) ) ;
#775 = VECTOR ( 'NONE', #17, 1000.000000000000114 ) ;
#776 = AXIS2_PLACEMENT_3D ( 'NONE', #187, #3208, #3171 ) ;
#777 = CARTESIAN_POINT ( 'NONE',  ( 0.3074999999999999956, 1.355252715606880543E-17, -0.2749999999999999667 ) ) ;
#778 = EDGE_CURVE ( 'NONE', #183, #2256, #588, .T. ) ;
#779 = DIRECTION ( 'NONE',  ( -0.000000000000000000, -1.000000000000000000, 0.000000000000000000 ) ) ;
#780 = ORIENTED_EDGE ( 'NONE', *, *, #96, .F. ) ;
#781 = AXIS2_PLACEMENT_3D ( 'NONE', #3036, #809, #2268 ) ;
#782 = PLANE ( 'NONE',  #951 ) ;
#783 = PLANE ( 'NONE',  #1029 ) ;
#784 = AXIS2_PLACEMENT_3D ( 'NONE', #3207, #2728, #1709 ) ;
#785 = ORIENTED_EDGE ( 'NONE', *, *, #661, .F. ) ;
#786 = CARTESIAN_POINT ( 'NONE',  ( 0.1000000000000000056, 0.000000000000000000, -0.1010000000000000064 ) ) ;
#787 = PLANE ( 'NONE',  #2186 ) ;
#788 = CARTESIAN_POINT ( 'NONE',  ( -0.3074999999999999956, 0.000000000000000000, -0.2750000000000000222 ) ) ;
#789 = AXIS2_PLACEMENT_3D ( 'NONE', #623, #584, #383 ) ;
#790 = ORIENTED_EDGE ( 'NONE', *, *, #3126, .T. ) ;
#791 = VECTOR ( 'NONE', #765, 1000.000000000000000 ) ;
#792 = DIRECTION ( 'NONE',  ( 0.000000000000000000, 1.000000000000000000, 0.000000000000000000 ) ) ;
#793 = EDGE_CURVE ( 'NONE', #1645, #2757, #1280, .T. ) ;
#794 = DIRECTION ( 'NONE',  ( -0.000000000000000000, -1.000000000000000000, -0.000000000000000000 ) ) ;
#795 = ORIENTED_EDGE ( 'NONE', *, *, #1857, .F. ) ;
#796 = STYLED_ITEM ( 'NONE', ( #1398 ), #1820 ) ;
#797 = EDGE_CURVE ( 'NONE', #2274, #517, #1147, .T. ) ;
#798 = CARTESIAN_POINT ( 'NONE',  ( 0.3750000000000000000, 0.5749999999999999556, 0.000000000000000000 ) ) ;
#799 = VECTOR ( 'NONE', #1130, 999.9999999999998863 ) ;
#800 = AXIS2_PLACEMENT_3D ( 'NONE', #3127, #3199, #965 ) ;
#801 = LINE ( 'NONE', #311, #2157 ) ;
#802 = CARTESIAN_POINT ( 'NONE',  ( 0.1010000000000000203, 0.000000000000000000, 0.2999999999999999889 ) ) ;
#803 = AXIS2_PLACEMENT_3D ( 'NONE', #788, #1986, #285 ) ;
#804 = VERTEX_POINT ( 'NONE', #2892 ) ;
#805 = DIRECTION ( 'NONE',  ( 1.000000000000000000, 0.000000000000000000, 0.000000000000000000 ) ) ;
#806 = DIRECTION ( 'NONE',  ( 0.000000000000000000, 1.000000000000000000, -0.000000000000000000 ) ) ;
#807 = DIRECTION ( 'NONE',  ( -1.000000000000000000, -0.000000000000000000, -0.000000000000000000 ) ) ;
#808 = DIRECTION ( 'NONE',  ( 0.000000000000000000, -1.000000000000000000, -0.000000000000000000 ) ) ;
#809 = DIRECTION ( 'NONE',  ( 0.000000000000000000, 0.000000000000000000, -1.000000000000000000 ) ) ;
#810 = ORIENTED_EDGE ( 'NONE', *, *, #871, .T. ) ;
#811 = DIRECTION ( 'NONE',  ( 0.7071067811865475727, 0.000000000000000000, -0.7071067811865475727 ) ) ;
#812 = CARTESIAN_POINT ( 'NONE',  ( -0.3750000000000000000, -0.02500000000000000139, 0.1250000000000000000 ) ) ;
#813 = ORIENTED_EDGE ( 'NONE', *, *, #2947, .F. ) ;
#814 = EDGE_CURVE ( 'NONE', #2579, #2204, #1814, .T. ) ;
#815 = EDGE_CURVE ( 'NONE', #1377, #2349, #1355, .T. ) ;
#816 = ORIENTED_EDGE ( 'NONE', *, *, #3055, .F. ) ;
#817 = ORIENTED_EDGE ( 'NONE', *, *, #854, .T. ) ;
#818 = DIRECTION ( 'NONE',  ( -0.000000000000000000, 1.000000000000000000, 0.000000000000000000 ) ) ;
#819 = EDGE_CURVE ( 'NONE', #876, #2808, #2350, .T. ) ;
#820 = CYLINDRICAL_SURFACE ( 'NONE', #747, 0.0009999999999999972019 ) ;
#821 = ORIENTED_EDGE ( 'NONE', *, *, #642, .T. ) ;
#822 = DIRECTION ( 'NONE',  ( 1.000000000000000000, 0.000000000000000000, 0.000000000000000000 ) ) ;
#823 =( NAMED_UNIT ( * ) SI_UNIT ( $, .STERADIAN. ) SOLID_ANGLE_UNIT ( ) );
#824 = LINE ( 'NONE', #2804, #1657 ) ;
#825 = ORIENTED_EDGE ( 'NONE', *, *, #34, .T. ) ;
#826 = CARTESIAN_POINT ( 'NONE',  ( 0.1010000000000000064, -0.02500000000000000139, 0.1000000000000000056 ) ) ;
#827 = VECTOR ( 'NONE', #2643, 1000.000000000000000 ) ;
#828 = CARTESIAN_POINT ( 'NONE',  ( -0.3074999999999999956, 0.07500000000000005274, -0.2750000000000000222 ) ) ;
#829 = ORIENTED_EDGE ( 'NONE', *, *, #429, .T. ) ;
#830 = ORIENTED_EDGE ( 'NONE', *, *, #2039, .F. ) ;
#831 = VECTOR ( 'NONE', #124, 1000.000000000000000 ) ;
#832 = EDGE_CURVE ( 'NONE', #2256, #2335, #2109, .T. ) ;
#833 = DIRECTION ( 'NONE',  ( -0.7071067811865474617, 0.000000000000000000, -0.7071067811865474617 ) ) ;
#834 = PLANE ( 'NONE',  #315 ) ;
#835 = EDGE_CURVE ( 'NONE', #535, #2935, #1848, .T. ) ;
#836 = DIRECTION ( 'NONE',  ( -0.7071067811865475727, 0.000000000000000000, 0.7071067811865475727 ) ) ;
#837 = ORIENTED_EDGE ( 'NONE', *, *, #1155, .T. ) ;
#838 = CARTESIAN_POINT ( 'NONE',  ( -0.3750000000000000000, 0.07499999999999999722, -0.4249999999999999889 ) ) ;
#839 = DIRECTION ( 'NONE',  ( 0.000000000000000000, -1.000000000000000000, -0.000000000000000000 ) ) ;
#840 = CARTESIAN_POINT ( 'NONE',  ( 0.2824999999999999734, -0.02500000000000000139, -0.2999999999999999889 ) ) ;
#841 = ORIENTED_EDGE ( 'NONE', *, *, #2909, .T. ) ;
#842 = ORIENTED_EDGE ( 'NONE', *, *, #234, .T. ) ;
#843 = DIRECTION ( 'NONE',  ( 0.000000000000000000, -1.000000000000000000, 0.000000000000000000 ) ) ;
#844 = DIRECTION ( 'NONE',  ( -0.000000000000000000, -1.000000000000000000, 0.000000000000000000 ) ) ;
#845 = ORIENTED_EDGE ( 'NONE', *, *, #195, .F. ) ;
#846 = ORIENTED_EDGE ( 'NONE', *, *, #589, .F. ) ;
#847 =( GEOMETRIC_REPRESENTATION_CONTEXT ( 3 ) GLOBAL_UNCERTAINTY_ASSIGNED_CONTEXT ( ( #958 ) ) GLOBAL_UNIT_ASSIGNED_CONTEXT ( ( #1037, #2053, #823 ) ) REPRESENTATION_CONTEXT ( 'NONE', 'WORKASPACE' ) );
#848 = AXIS2_PLACEMENT_3D ( 'NONE', #2014, #2742, #556 ) ;
#849 = LINE ( 'NONE', #1827, #2292 ) ;
#850 = CARTESIAN_POINT ( 'NONE',  ( -0.3074999999999999956, 0.07500000000000003886, 0.1250000000000000000 ) ) ;
#851 = DIRECTION ( 'NONE',  ( 0.000000000000000000, 0.000000000000000000, 1.000000000000000000 ) ) ;
#852 = ORIENTED_EDGE ( 'NONE', *, *, #3100, .F. ) ;
#853 = DIRECTION ( 'NONE',  ( 0.000000000000000000, 0.000000000000000000, 1.000000000000000000 ) ) ;
#854 = EDGE_CURVE ( 'NONE', #2764, #1816, #2156, .T. ) ;
#855 = EDGE_CURVE ( 'NONE', #3210, #3217, #3133, .T. ) ;
#856 = ORIENTED_EDGE ( 'NONE', *, *, #253, .F. ) ;
#857 = LINE ( 'NONE', #592, #1508 ) ;
#858 = CARTESIAN_POINT ( 'NONE',  ( 0.1010000000000000064, 0.000000000000000000, 0.1000000000000000056 ) ) ;
#859 = ORIENTED_EDGE ( 'NONE', *, *, #428, .T. ) ;
#860 = AXIS2_PLACEMENT_3D ( 'NONE', #2915, #2160, #2656 ) ;
#861 = DIRECTION ( 'NONE',  ( -1.000000000000000000, 0.000000000000000000, -0.000000000000000000 ) ) ;
#862 = LINE ( 'NONE', #618, #3152 ) ;
#863 = VERTEX_POINT ( 'NONE', #2832 ) ;
#864 = LINE ( 'NONE', #1639, #2865 ) ;
#865 = DIRECTION ( 'NONE',  ( -0.000000000000000000, 0.000000000000000000, -1.000000000000000000 ) ) ;
#866 = DIRECTION ( 'NONE',  ( 0.7071067811865474617, 0.000000000000000000, 0.7071067811865474617 ) ) ;
#867 = EDGE_LOOP ( 'NONE', ( #1651, #2073, #2181, #1437 ) ) ;
#868 = DIRECTION ( 'NONE',  ( 0.000000000000000000, -0.000000000000000000, 1.000000000000000000 ) ) ;
#869 = DIRECTION ( 'NONE',  ( 1.000000000000000000, 0.000000000000000000, 0.000000000000000000 ) ) ;
#870 = FACE_OUTER_BOUND ( 'NONE', #193, .T. ) ;
#871 = EDGE_CURVE ( 'NONE', #1498, #2740, #390, .T. ) ;
#872 = ORIENTED_EDGE ( 'NONE', *, *, #797, .F. ) ;
#873 = VECTOR ( 'NONE', #62, 1000.000000000000114 ) ;
#874 = LINE ( 'NONE', #3105, #485 ) ;
#875 = LINE ( 'NONE', #1616, #1313 ) ;
#876 = VERTEX_POINT ( 'NONE', #2850 ) ;
#877 = ORIENTED_EDGE ( 'NONE', *, *, #917, .T. ) ;
#878 = CIRCLE ( 'NONE', #291, 0.0009999999999999972019 ) ;
#879 = CARTESIAN_POINT ( 'NONE',  ( 0.1010000000000000203, -0.02500000000000000139, 0.2999999999999999889 ) ) ;
#880 = FACE_OUTER_BOUND ( 'NONE', #387, .T. ) ;
#881 = ORIENTED_EDGE ( 'NONE', *, *, #758, .T. ) ;
#883 = AXIS2_PLACEMENT_3D ( 'NONE', #840, #545, #2320 ) ;
#882 = CARTESIAN_POINT ( 'NONE',  ( 0.1010000000000000064, 0.000000000000000000, -0.1010000000000000064 ) ) ;
#884 = VERTEX_POINT ( 'NONE', #1628 ) ;
#885 = DIRECTION ( 'NONE',  ( -0.000000000000000000, -1.000000000000000000, -0.000000000000000000 ) ) ;
#886 = DIRECTION ( 'NONE',  ( 0.000000000000000000, -0.000000000000000000, 1.000000000000000000 ) ) ;
#887 = CIRCLE ( 'NONE', #1449, 0.001000000000000024307 ) ;
#888 = DIRECTION ( 'NONE',  ( 0.000000000000000000, 1.000000000000000000, 0.000000000000000000 ) ) ;
#889 = ORIENTED_EDGE ( 'NONE', *, *, #1270, .F. ) ;
#890 = EDGE_CURVE ( 'NONE', #2895, #2366, #1588, .T. ) ;
#891 = CARTESIAN_POINT ( 'NONE',  ( -0.1000000000000000056, -0.02500000000000000139, -0.1010000000000000064 ) ) ;
#892 = CARTESIAN_POINT ( 'NONE',  ( 0.3750000000000000000, 0.000000000000000000, -0.2750000000000000222 ) ) ;
#893 = VERTEX_POINT ( 'NONE', #1117 ) ;
#894 = AXIS2_PLACEMENT_3D ( 'NONE', #2570, #3110, #1584 ) ;
#895 = EDGE_CURVE ( 'NONE', #1074, #1099, #628, .T. ) ;
#896 = ADVANCED_FACE ( 'NONE', ( #2612 ), #135, .T. ) ;
#897 = VECTOR ( 'NONE', #1240, 1000.000000000000000 ) ;
#898 = CARTESIAN_POINT ( 'NONE',  ( -0.2824999999999999734, 0.000000000000000000, -0.1000000000000000056 ) ) ;
#899 = DIRECTION ( 'NONE',  ( 1.000000000000000000, 0.000000000000000000, 0.000000000000000000 ) ) ;
#900 = AXIS2_PLACEMENT_3D ( 'NONE', #590, #1356, #2052 ) ;
#901 = VECTOR ( 'NONE', #585, 1000.000000000000000 ) ;
#902 = CARTESIAN_POINT ( 'NONE',  ( 0.3074999999999999956, 0.1000000000000000056, -0.2750000000000000222 ) ) ;
#903 = ORIENTED_EDGE ( 'NONE', *, *, #835, .F. ) ;
#904 = CARTESIAN_POINT ( 'NONE',  ( 0.000000000000000000, 0.07499999999999999722, -0.1250000000000000000 ) ) ;
#905 = APPLICATION_PROTOCOL_DEFINITION ( 'draft international standard', 'automotive_design', 1998, #3094 ) ;
#906 = DIRECTION ( 'NONE',  ( 0.000000000000000000, 0.000000000000000000, 1.000000000000000000 ) ) ;
#907 = CARTESIAN_POINT ( 'NONE',  ( -0.3750000000000000000, 0.000000000000000000, -0.1250000000000000000 ) ) ;
#908 = ORIENTED_EDGE ( 'NONE', *, *, #429, .F. ) ;
#909 = FACE_OUTER_BOUND ( 'NONE', #2752, .T. ) ;
#910 = VECTOR ( 'NONE', #143, 1000.000000000000000 ) ;
#911 = PLANE ( 'NONE',  #81 ) ;
#912 = ORIENTED_EDGE ( 'NONE', *, *, #1550, .T. ) ;
#913 = ORIENTED_EDGE ( 'NONE', *, *, #772, .F. ) ;
#914 = VECTOR ( 'NONE', #41, 1000.000000000000000 ) ;
#915 = VECTOR ( 'NONE', #564, 1000.000000000000000 ) ;
#916 = EDGE_CURVE ( 'NONE', #2366, #329, #2315, .T. ) ;
#917 = EDGE_CURVE ( 'NONE', #1137, #2579, #276, .T. ) ;
#918 = LINE ( 'NONE', #2143, #2799 ) ;
#919 = CARTESIAN_POINT ( 'NONE',  ( -0.1000000000000000056, 0.000000000000000000, -0.2000000000000000111 ) ) ;
#920 = SURFACE_STYLE_FILL_AREA ( #1885 ) ;
#921 = ORIENTED_EDGE ( 'NONE', *, *, #1905, .T. ) ;
#922 = FACE_OUTER_BOUND ( 'NONE', #1821, .T. ) ;
#923 = CARTESIAN_POINT ( 'NONE',  ( -0.1010000000000000064, -0.02500000000000000139, 0.1000000000000000056 ) ) ;
#924 = CARTESIAN_POINT ( 'NONE',  ( 0.2824999999999999734, 0.000000000000000000, -0.2999999999999999889 ) ) ;
#925 = DIRECTION ( 'NONE',  ( 1.000000000000000000, 0.000000000000000000, 0.000000000000000000 ) ) ;
#926 = FACE_OUTER_BOUND ( 'NONE', #2489, .T. ) ;
#927 = CARTESIAN_POINT ( 'NONE',  ( 0.2824999999999999734, 0.000000000000000000, -0.09999999999999999167 ) ) ;
#928 = VERTEX_POINT ( 'NONE', #727 ) ;
#929 = ORIENTED_EDGE ( 'NONE', *, *, #638, .F. ) ;
#930 = VERTEX_POINT ( 'NONE', #3219 ) ;
#931 =( GEOMETRIC_REPRESENTATION_CONTEXT ( 3 ) GLOBAL_UNCERTAINTY_ASSIGNED_CONTEXT ( ( #2913 ) ) GLOBAL_UNIT_ASSIGNED_CONTEXT ( ( #1938, #2708, #3184 ) ) REPRESENTATION_CONTEXT ( 'NONE', 'WORKASPACE' ) );
#932 = LINE ( 'NONE', #1903, #2462 ) ;
#933 = ORIENTED_EDGE ( 'NONE', *, *, #137, .F. ) ;
#934 = ADVANCED_FACE ( 'NONE', ( #184 ), #1968, .T. ) ;
#935 =( NAMED_UNIT ( * ) PLANE_ANGLE_UNIT ( ) SI_UNIT ( $, .RADIAN. ) );
#936 = VERTEX_POINT ( 'NONE', #470 ) ;
#937 = CARTESIAN_POINT ( 'NONE',  ( -0.1010000000000000203, 0.1000000000000000056, 0.2999999999999999889 ) ) ;
#938 = EDGE_CURVE ( 'NONE', #637, #2952, #1165, .T. ) ;
#939 = AXIS2_PLACEMENT_3D ( 'NONE', #1376, #108, #612 ) ;
#940 = CARTESIAN_POINT ( 'NONE',  ( -0.2824999999999999734, 0.000000000000000000, -0.1000000000000000056 ) ) ;
#941 = LINE ( 'NONE', #2985, #2651 ) ;
#942 = ORIENTED_EDGE ( 'NONE', *, *, #1817, .T. ) ;
#943 = CARTESIAN_POINT ( 'NONE',  ( -0.3074999999999999956, 0.000000000000000000, 0.2750000000000000222 ) ) ;
#944 = DIRECTION ( 'NONE',  ( 1.000000000000000000, 0.000000000000000000, 0.000000000000000000 ) ) ;
#945 = VERTEX_POINT ( 'NONE', #453 ) ;
#946 = CARTESIAN_POINT ( 'NONE',  ( 0.1000000000000000056, 0.000000000000000000, -0.1010000000000000064 ) ) ;
#947 = DIRECTION ( 'NONE',  ( 1.000000000000000000, 0.000000000000000000, -0.000000000000000000 ) ) ;
#948 = EDGE_LOOP ( 'NONE', ( #2545, #1053, #2046, #702 ) ) ;
#949 = DIRECTION ( 'NONE',  ( -0.000000000000000000, 1.000000000000000000, 0.000000000000000000 ) ) ;
#950 = SHAPE_DEFINITION_REPRESENTATION ( #2882, #2512 ) ;
#951 = AXIS2_PLACEMENT_3D ( 'NONE', #1266, #1761, #947 ) ;
#952 = DIRECTION ( 'NONE',  ( 0.000000000000000000, 0.000000000000000000, -1.000000000000000000 ) ) ;
#953 = VECTOR ( 'NONE', #402, 1000.000000000000000 ) ;
#954 = FACE_OUTER_BOUND ( 'NONE', #109, .T. ) ;
#955 = EDGE_CURVE ( 'NONE', #2368, #2740, #1204, .T. ) ;
#956 = EDGE_CURVE ( 'NONE', #2464, #1660, #218, .T. ) ;
#957 = CARTESIAN_POINT ( 'NONE',  ( -0.3750000000000000000, 0.000000000000000000, 0.000000000000000000 ) ) ;
#958 = UNCERTAINTY_MEASURE_WITH_UNIT (LENGTH_MEASURE( 1.000000000000000082E-05 ), #1037, 'distance_accuracy_value', 'NONE');
#959 = LINE ( 'NONE', #262, #2069 ) ;
#960 = VECTOR ( 'NONE', #152, 1000.000000000000000 ) ;
#961 = CARTESIAN_POINT ( 'NONE',  ( -0.1010000000000000203, 0.000000000000000000, 0.2999999999999999889 ) ) ;
#962 = ORIENTED_EDGE ( 'NONE', *, *, #2480, .F. ) ;
#963 = ORIENTED_EDGE ( 'NONE', *, *, #2429, .T. ) ;
#964 = VERTEX_POINT ( 'NONE', #2170 ) ;
#965 = DIRECTION ( 'NONE',  ( 0.000000000000000000, 0.000000000000000000, -1.000000000000000000 ) ) ;
#966 = AXIS2_PLACEMENT_3D ( 'NONE', #2583, #79, #1804 ) ;
#967 = FACE_OUTER_BOUND ( 'NONE', #2611, .T. ) ;
#968 = ORIENTED_EDGE ( 'NONE', *, *, #3120, .T. ) ;
#969 = SURFACE_STYLE_FILL_AREA ( #2205 ) ;
#970 = PRODUCT_CONTEXT ( 'NONE', #597, 'mechanical' ) ;
#971 = CARTESIAN_POINT ( 'NONE',  ( -0.1010000000000000064, 0.1000000000000000056, 0.1000000000000000056 ) ) ;
#972 = LINE ( 'NONE', #2956, #2487 ) ;
#973 = ADVANCED_FACE ( 'NONE', ( #1707 ), #979, .T. ) ;
#974 = DIRECTION ( 'NONE',  ( -0.7071067811865475727, 0.000000000000000000, -0.7071067811865475727 ) ) ;
#975 = DIRECTION ( 'NONE',  ( 1.000000000000000000, 0.000000000000000000, 0.000000000000000000 ) ) ;
#976 = ORIENTED_EDGE ( 'NONE', *, *, #3020, .F. ) ;
#977 = FACE_OUTER_BOUND ( 'NONE', #1527, .T. ) ;
#978 = ORIENTED_EDGE ( 'NONE', *, *, #2723, .T. ) ;
#979 = PLANE ( 'NONE',  #2890 ) ;
#980 = LINE ( 'NONE', #2710, #3123 ) ;
#981 = LINE ( 'NONE', #1972, #2593 ) ;
#982 = VECTOR ( 'NONE', #464, 1000.000000000000000 ) ;
#983 = FACE_OUTER_BOUND ( 'NONE', #1894, .T. ) ;
#984 = VERTEX_POINT ( 'NONE', #2953 ) ;
#985 = ADVANCED_FACE ( 'NONE', ( #200 ), #2219, .T. ) ;
#986 = ADVANCED_BREP_SHAPE_REPRESENTATION ( '', ( #2826, #1728 ), #2983 ) ;
#987 = FACE_OUTER_BOUND ( 'NONE', #1452, .T. ) ;
#988 = EDGE_CURVE ( 'NONE', #2007, #361, #682, .T. ) ;
#989 = ADVANCED_FACE ( 'NONE', ( #922 ), #1692, .F. ) ;
#990 = ORIENTED_EDGE ( 'NONE', *, *, #956, .T. ) ;
#991 = ORIENTED_EDGE ( 'NONE', *, *, #1810, .T. ) ;
#992 = DIRECTION ( 'NONE',  ( 1.000000000000000000, -0.000000000000000000, 0.000000000000000000 ) ) ;
#993 = ITEM_DEFINED_TRANSFORMATION ( 'NONE', 'NONE', #2411,  #1728 ) ;
#994 = LINE ( 'NONE', #1984, #1461 ) ;
#995 = DIRECTION ( 'NONE',  ( 0.000000000000000000, 0.000000000000000000, -1.000000000000000000 ) ) ;
#996 = PLANE ( 'NONE',  #582 ) ;
#997 = VERTEX_POINT ( 'NONE', #937 ) ;
#998 = VECTOR ( 'NONE', #869, 1000.000000000000000 ) ;
#999 = LINE ( 'NONE', #1713, #1250 ) ;
#1000 = CIRCLE ( 'NONE', #1771, 0.0009999999999999972019 ) ;
#1001 = LINE ( 'NONE', #2238, #3188 ) ;
#1002 = ORIENTED_EDGE ( 'NONE', *, *, #1464, .T. ) ;
#1003 =( LENGTH_UNIT ( ) NAMED_UNIT ( * ) SI_UNIT ( .MILLI., .METRE. ) );
#1004 = AXIS2_PLACEMENT_3D ( 'NONE', #320, #610, #2803 ) ;
#1005 = EDGE_CURVE ( 'NONE', #2757, #2328, #1442, .T. ) ;
#1006 = ORIENTED_EDGE ( 'NONE', *, *, #2744, .F. ) ;
#1007 = DIRECTION ( 'NONE',  ( 0.000000000000000000, -0.000000000000000000, 1.000000000000000000 ) ) ;
#1008 = ITEM_DEFINED_TRANSFORMATION ( 'NONE', 'NONE', #2297,  #1728 ) ;
#1009 = VECTOR ( 'NONE', #2024, 1000.000000000000000 ) ;
#1010 = ORIENTED_EDGE ( 'NONE', *, *, #757, .F. ) ;
#1011 = VECTOR ( 'NONE', #2869, 1000.000000000000000 ) ;
#1012 = CARTESIAN_POINT ( 'NONE',  ( 0.2824999999999999734, 0.07500000000000002498, 0.2999999999999999889 ) ) ;
#1013 = CIRCLE ( 'NONE', #2827, 0.001000000000000024307 ) ;
#1014 = EDGE_CURVE ( 'NONE', #1973, #150, #1593, .T. ) ;
#1015 = LINE ( 'NONE', #3000, #1090 ) ;
#1016 = VERTEX_POINT ( 'NONE', #1428 ) ;
#1017 = FACE_OUTER_BOUND ( 'NONE', #1937, .T. ) ;
#1018 = ORIENTED_EDGE ( 'NONE', *, *, #2327, .F. ) ;
#1019 = SURFACE_SIDE_STYLE ('',( #1525 ) ) ;
#1020 = PLANE ( 'NONE',  #686 ) ;
#1021 = DIRECTION ( 'NONE',  ( -0.000000000000000000, 1.000000000000000000, 0.000000000000000000 ) ) ;
#1022 = ORIENTED_EDGE ( 'NONE', *, *, #364, .F. ) ;
#1023 = DIRECTION ( 'NONE',  ( 1.000000000000000000, 0.000000000000000000, 0.000000000000000000 ) ) ;
#1024 = DIRECTION ( 'NONE',  ( -0.7071067811865474617, 0.000000000000000000, 0.7071067811865474617 ) ) ;
#1025 = EDGE_LOOP ( 'NONE', ( #2426, #2311, #418, #3053 ) ) ;
#1026 = VERTEX_POINT ( 'NONE', #1067 ) ;
#1027 = LINE ( 'NONE', #2264, #1747 ) ;
#1028 = EDGE_CURVE ( 'NONE', #513, #3070, #2030, .T. ) ;
#1029 = AXIS2_PLACEMENT_3D ( 'NONE', #1762, #2272, #1514 ) ;
#1030 = CARTESIAN_POINT ( 'NONE',  ( -0.1010000000000000064, -0.02500000000000000139, -0.2999999999999999889 ) ) ;
#1031 = CARTESIAN_POINT ( 'NONE',  ( -0.2824999999999999734, 1.355252715606880543E-17, -0.1000000000000000056 ) ) ;
#1032 = CARTESIAN_POINT ( 'NONE',  ( -0.1010000000000000064, -0.02500000000000000139, 0.2989999999999999880 ) ) ;
#1033 = STYLED_ITEM ( 'NONE', ( #406 ), #989 ) ;
#1034 = EDGE_CURVE ( 'NONE', #2213, #627, #1027, .T. ) ;
#1035 = ORIENTED_EDGE ( 'NONE', *, *, #3163, .T. ) ;
#1036 = VECTOR ( 'NONE', #522, 1000.000000000000000 ) ;
#1037 =( LENGTH_UNIT ( ) NAMED_UNIT ( * ) SI_UNIT ( .MILLI., .METRE. ) );
#1038 = APPLICATION_CONTEXT ( 'automotive_design' ) ;
#1039 = CARTESIAN_POINT ( 'NONE',  ( -0.1010000000000000064, 0.000000000000000000, -0.2999999999999999889 ) ) ;
#1040 = CARTESIAN_POINT ( 'NONE',  ( 0.3750000000000000000, 0.000000000000000000, 0.2750000000000000222 ) ) ;
#1041 = ORIENTED_EDGE ( 'NONE', *, *, #1058, .F. ) ;
#1042 = VECTOR ( 'NONE', #2040, 1000.000000000000000 ) ;
#1043 = LINE ( 'NONE', #2806, #2888 ) ;
#1044 = CARTESIAN_POINT ( 'NONE',  ( -0.3750000000000000000, 0.000000000000000000, 0.4249999999999999889 ) ) ;
#1045 = EDGE_LOOP ( 'NONE', ( #189, #1620, #1842, #1286 ) ) ;
#1046 = ORIENTED_EDGE ( 'NONE', *, *, #1091, .F. ) ;
#1047 = VECTOR ( 'NONE', #1431, 1000.000000000000000 ) ;
#1048 = ORIENTED_EDGE ( 'NONE', *, *, #2447, .T. ) ;
#1049 = DIRECTION ( 'NONE',  ( 0.000000000000000000, -1.000000000000000000, -0.000000000000000000 ) ) ;
#1050 = CARTESIAN_POINT ( 'NONE',  ( -0.2824999999999999734, -0.02500000000000000139, -0.1000000000000000056 ) ) ;
#1051 = PLANE ( 'NONE',  #3113 ) ;
#1052 = FACE_OUTER_BOUND ( 'NONE', #867, .T. ) ;
#1053 = ORIENTED_EDGE ( 'NONE', *, *, #1641, .T. ) ;
#1054 = CIRCLE ( 'NONE', #473, 0.001000000000000024307 ) ;
#1055 = CARTESIAN_POINT ( 'NONE',  ( 0.3750000000000000000, 0.07499999999999999722, 0.1250000000000000000 ) ) ;
#1056 = FACE_OUTER_BOUND ( 'NONE', #1847, .T. ) ;
#1057 = EDGE_CURVE ( 'NONE', #1016, #1106, #3013, .T. ) ;
#1058 = EDGE_CURVE ( 'NONE', #480, #2375, #3046, .T. ) ;
#1059 = ORIENTED_EDGE ( 'NONE', *, *, #2625, .T. ) ;
#1060 = VECTOR ( 'NONE', #1676, 1000.000000000000000 ) ;
#1061 = AXIS2_PLACEMENT_3D ( 'NONE', #676, #1161, #1638 ) ;
#1062 = DIRECTION ( 'NONE',  ( 0.000000000000000000, 0.000000000000000000, -1.000000000000000000 ) ) ;
#1063 = FACE_OUTER_BOUND ( 'NONE', #2084, .T. ) ;
#1064 = VERTEX_POINT ( 'NONE', #282 ) ;
#1065 = VECTOR ( 'NONE', #1102, 1000.000000000000000 ) ;
#1066 = VERTEX_POINT ( 'NONE', #755 ) ;
#1067 = CARTESIAN_POINT ( 'NONE',  ( -0.3074999999999999400, 0.1000000000000000611, 0.2750000000000000222 ) ) ;
#1068 = FACE_OUTER_BOUND ( 'NONE', #1920, .T. ) ;
#1069 = LINE ( 'NONE', #3015, #679 ) ;
#1070 = AXIS2_PLACEMENT_3D ( 'NONE', #1089, #2529, #1513 ) ;
#1071 = VECTOR ( 'NONE', #2645, 1000.000000000000000 ) ;
#1072 = DIRECTION ( 'NONE',  ( 0.7071067811865477948, 0.000000000000000000, 0.7071067811865473507 ) ) ;
#1073 = DIRECTION ( 'NONE',  ( 0.000000000000000000, -1.000000000000000000, -0.000000000000000000 ) ) ;
#1074 = VERTEX_POINT ( 'NONE', #2050 ) ;
#1075 = PRODUCT_DEFINITION ( 'UNKNOWN', '', #1185, #2422 ) ;
#1076 = EDGE_CURVE ( 'NONE', #38, #2423, #554, .T. ) ;
#1077 = LINE ( 'NONE', #798, #2048 ) ;
#1078 = CARTESIAN_POINT ( 'NONE',  ( 0.3074999999999999956, 0.000000000000000000, -0.1250000000000000000 ) ) ;
#1079 = ORIENTED_EDGE ( 'NONE', *, *, #505, .F. ) ;
#1080 = ADVANCED_FACE ( 'NONE', ( #2535 ), #1735, .F. ) ;
#1081 = LINE ( 'NONE', #1565, #2132 ) ;
#1082 = CARTESIAN_POINT ( 'NONE',  ( -0.1000000000000000056, 0.000000000000000000, -0.2000000000000000111 ) ) ;
#1083 = ORIENTED_EDGE ( 'NONE', *, *, #3039, .F. ) ;
#1084 = LINE ( 'NONE', #1538, #1036 ) ;
#1085 = ORIENTED_EDGE ( 'NONE', *, *, #1533, .F. ) ;
#1086 = LINE ( 'NONE', #56, #1675 ) ;
#1087 = LINE ( 'NONE', #1279, #1919 ) ;
#1088 = ORIENTED_EDGE ( 'NONE', *, *, #2647, .F. ) ;
#1089 = CARTESIAN_POINT ( 'NONE',  ( -0.3750000000000000000, -0.02500000000000000139, -0.2750000000000000222 ) ) ;
#1090 = VECTOR ( 'NONE', #3063, 1000.000000000000000 ) ;
#1091 = EDGE_CURVE ( 'NONE', #104, #1973, #2013, .T. ) ;
#1092 = DIRECTION ( 'NONE',  ( 4.065758146820542547E-14, 0.000000000000000000, 1.000000000000000000 ) ) ;
#1093 = ORIENTED_EDGE ( 'NONE', *, *, #832, .T. ) ;
#1094 = CIRCLE ( 'NONE', #2916, 0.0009999999999999972019 ) ;
#1095 = EDGE_CURVE ( 'NONE', #2328, #1281, #2276, .T. ) ;
#1096 = EDGE_CURVE ( 'NONE', #2764, #984, #1722, .T. ) ;
#1097 = CARTESIAN_POINT ( 'NONE',  ( 0.1010000000000000064, 0.07499999999999999722, -0.2989999999999999880 ) ) ;
#1098 = CARTESIAN_POINT ( 'NONE',  ( 0.2824999999999999734, -0.02500000000000000139, -0.2999999999999999889 ) ) ;
#1099 = VERTEX_POINT ( 'NONE', #1749 ) ;
#1100 = DIRECTION ( 'NONE',  ( -1.000000000000000000, -0.000000000000000000, -0.000000000000000000 ) ) ;
#1101 = CARTESIAN_POINT ( 'NONE',  ( 0.000000000000000000, 0.000000000000000000, 0.000000000000000000 ) ) ;
#1102 = DIRECTION ( 'NONE',  ( 0.000000000000000000, -1.000000000000000000, -0.000000000000000000 ) ) ;
#1103 = CARTESIAN_POINT ( 'NONE',  ( 0.3074999999999999956, 0.000000000000000000, -0.1250000000000000000 ) ) ;
#1104 = SHAPE_REPRESENTATION ( 'RAA0004A_FRAME', ( #1728 ), #2983 ) ;
#1105 = ORIENTED_EDGE ( 'NONE', *, *, #54, .T. ) ;
#1106 = VERTEX_POINT ( 'NONE', #2753 ) ;
#1107 = DIRECTION ( 'NONE',  ( 0.000000000000000000, 0.000000000000000000, -1.000000000000000000 ) ) ;
#1108 = CARTESIAN_POINT ( 'NONE',  ( -0.3074999999999999956, 0.000000000000000000, -0.2750000000000000222 ) ) ;
#1109 = ORIENTED_EDGE ( 'NONE', *, *, #2726, .T. ) ;
#1110 = ORIENTED_EDGE ( 'NONE', *, *, #815, .T. ) ;
#1111 = VECTOR ( 'NONE', #1342, 1000.000000000000000 ) ;
#1112 = LINE ( 'NONE', #3061, #2608 ) ;
#1113 = EDGE_CURVE ( 'NONE', #2406, #3217, #258, .T. ) ;
#1114 = CARTESIAN_POINT ( 'NONE',  ( 0.3074999999999999956, 0.07500000000000003886, -0.1250000000000000000 ) ) ;
#1115 = CARTESIAN_POINT ( 'NONE',  ( 0.3074999999999999956, 0.1000000000000000056, -0.1250000000000000000 ) ) ;
#1116 = VERTEX_POINT ( 'NONE', #786 ) ;
#1117 = CARTESIAN_POINT ( 'NONE',  ( -0.1000000000000000056, 0.1000000000000000056, -0.2989999999999999880 ) ) ;
#1118 = ADVANCED_FACE ( 'NONE', ( #242 ), #49, .F. ) ;
#1119 = DIRECTION ( 'NONE',  ( 0.7071067811865474617, 0.000000000000000000, -0.7071067811865474617 ) ) ;
#1120 = CARTESIAN_POINT ( 'NONE',  ( 0.3074999999999999956, 0.000000000000000000, 0.2750000000000000222 ) ) ;
#1121 = ORIENTED_EDGE ( 'NONE', *, *, #1667, .T. ) ;
#1122 = AXIS2_PLACEMENT_3D ( 'NONE', #1333, #1062, #2792 ) ;
#1123 = DIRECTION ( 'NONE',  ( -0.7071067811865474617, 0.000000000000000000, -0.7071067811865474617 ) ) ;
#1124 = PRODUCT ( 'TPS22991CNRAAR', 'TPS22991CNRAAR', '', ( #1460 ) ) ;
#1125 = CARTESIAN_POINT ( 'NONE',  ( -0.3750000000000000000, 0.000000000000000000, -0.4249999999999999889 ) ) ;
#1126 = ORIENTED_EDGE ( 'NONE', *, *, #1719, .F. ) ;
#1127 = DIRECTION ( 'NONE',  ( -0.000000000000000000, 1.000000000000000000, 0.000000000000000000 ) ) ;
#1128 = EDGE_CURVE ( 'NONE', #2280, #480, #245, .T. ) ;
#1129 = SURFACE_STYLE_FILL_AREA ( #1322 ) ;
#1130 = DIRECTION ( 'NONE',  ( -0.7071067811865477948, 0.000000000000000000, 0.7071067811865473507 ) ) ;
#1131 = ORIENTED_EDGE ( 'NONE', *, *, #2909, .F. ) ;
#1132 = DIRECTION ( 'NONE',  ( 0.000000000000000000, 1.000000000000000000, 0.000000000000000000 ) ) ;
#1133 = EDGE_CURVE ( 'NONE', #2682, #1335, #1519, .T. ) ;
#1134 = LINE ( 'NONE', #3116, #1169 ) ;
#1135 = CARTESIAN_POINT ( 'NONE',  ( -0.1000000000000000056, 0.07499999999999999722, 0.000000000000000000 ) ) ;
#1136 = ADVANCED_FACE ( 'NONE', ( #271 ), #2295, .T. ) ;
#1137 = VERTEX_POINT ( 'NONE', #1245 ) ;
#1138 = DIRECTION ( 'NONE',  ( 1.000000000000000000, 0.000000000000000000, -0.000000000000000000 ) ) ;
#1139 = CARTESIAN_POINT ( 'NONE',  ( 0.3074999999999999956, 0.1000000000000000056, 0.1250000000000000000 ) ) ;
#1140 = ORIENTED_EDGE ( 'NONE', *, *, #2703, .T. ) ;
#1141 = VECTOR ( 'NONE', #119, 1000.000000000000000 ) ;
#1142 = CARTESIAN_POINT ( 'NONE',  ( -0.3074999999999999956, 0.000000000000000000, 0.1250000000000000000 ) ) ;
#1143 = LINE ( 'NONE', #331, #59 ) ;
#1145 = AXIS2_PLACEMENT_3D ( 'NONE', #943, #2471, #1974 ) ;
#1144 = LINE ( 'NONE', #2609, #2011 ) ;
#1146 = ORIENTED_EDGE ( 'NONE', *, *, #1879, .T. ) ;
#1147 = LINE ( 'NONE', #2095, #2990 ) ;
#1148 = CARTESIAN_POINT ( 'NONE',  ( 0.000000000000000000, 0.000000000000000000, 0.000000000000000000 ) ) ;
#1149 = FACE_OUTER_BOUND ( 'NONE', #2739, .T. ) ;
#1150 = PLANE ( 'NONE',  #514 ) ;
#1151 = PRODUCT ( 'RAA0004A_FRAME_2', 'RAA0004A_FRAME_2', '', ( #2451 ) ) ;
#1152 = PLANE ( 'NONE',  #66 ) ;
#1153 = UNCERTAINTY_MEASURE_WITH_UNIT (LENGTH_MEASURE( 1.000000000000000082E-05 ), #1401, 'distance_accuracy_value', 'NONE');
#1154 = ADVANCED_FACE ( 'NONE', ( #2232 ), #501, .T. ) ;
#1155 = EDGE_CURVE ( 'NONE', #2691, #1064, #2741, .T. ) ;
#1156 = DIRECTION ( 'NONE',  ( 0.000000000000000000, 0.000000000000000000, -1.000000000000000000 ) ) ;
#1157 = CARTESIAN_POINT ( 'NONE',  ( 0.2824999999999999734, 4.517509052022934885E-18, 0.2999999999999999889 ) ) ;
#1158 = ORIENTED_EDGE ( 'NONE', *, *, #2861, .T. ) ;
#1159 = ORIENTED_EDGE ( 'NONE', *, *, #2209, .T. ) ;
#1160 = EDGE_CURVE ( 'NONE', #2498, #2993, #2996, .T. ) ;
#1161 = DIRECTION ( 'NONE',  ( 0.000000000000000000, 0.000000000000000000, -1.000000000000000000 ) ) ;
#1162 = VECTOR ( 'NONE', #1536, 1000.000000000000000 ) ;
#1163 = LINE ( 'NONE', #3080, #1411 ) ;
#1164 = ORIENTED_EDGE ( 'NONE', *, *, #1267, .T. ) ;
#1165 = LINE ( 'NONE', #739, #2472 ) ;
#1166 = DIRECTION ( 'NONE',  ( 0.7071067811865474617, -0.000000000000000000, -0.7071067811865474617 ) ) ;
#1167 = CARTESIAN_POINT ( 'NONE',  ( 0.2824999999999999734, 0.07500000000000002498, -0.2999999999999999889 ) ) ;
#1168 = CLOSED_SHELL ( 'NONE', ( #1423, #1901, #548, #1776, #1554, #220, #989, #1118, #3192, #896, #1201, #2362 ) ) ;
#1169 = VECTOR ( 'NONE', #886, 1000.000000000000000 ) ;
#1170 = ORIENTED_EDGE ( 'NONE', *, *, #1128, .F. ) ;
#1171 = PLANE ( 'NONE',  #2567 ) ;
#1172 = AXIS2_PLACEMENT_3D ( 'NONE', #397, #1362, #2838 ) ;
#1173 = DIRECTION ( 'NONE',  ( 0.000000000000000000, 0.000000000000000000, 1.000000000000000000 ) ) ;
#1174 = ORIENTED_EDGE ( 'NONE', *, *, #73, .T. ) ;
#1175 = ORIENTED_EDGE ( 'NONE', *, *, #1331, .T. ) ;
#1176 = ADVANCED_FACE ( 'NONE', ( #2361 ), #366, .T. ) ;
#1177 = ORIENTED_EDGE ( 'NONE', *, *, #1481, .T. ) ;
#1178 = AXIS2_PLACEMENT_3D ( 'NONE', #3083, #122, #853 ) ;
#1179 = VECTOR ( 'NONE', #2137, 1000.000000000000000 ) ;
#1180 = ORIENTED_EDGE ( 'NONE', *, *, #1965, .T. ) ;
#1181 = FACE_OUTER_BOUND ( 'NONE', #1441, .T. ) ;
#1182 = EDGE_CURVE ( 'NONE', #964, #308, #2061, .T. ) ;
#1183 = SURFACE_SIDE_STYLE ('',( #1658 ) ) ;
#1184 = ORIENTED_EDGE ( 'NONE', *, *, #2929, .F. ) ;
#1185 = PRODUCT_DEFINITION_FORMATION_WITH_SPECIFIED_SOURCE ( 'ANY', '', #2655, .NOT_KNOWN. ) ;
#1186 = CARTESIAN_POINT ( 'NONE',  ( -0.3750000000000000000, 0.000000000000000000, -0.2750000000000000222 ) ) ;
#1187 = CARTESIAN_POINT ( 'NONE',  ( 0.1000000000000000056, 0.000000000000000000, 0.000000000000000000 ) ) ;
#1188 = ORIENTED_EDGE ( 'NONE', *, *, #174, .T. ) ;
#1189 = UNCERTAINTY_MEASURE_WITH_UNIT (LENGTH_MEASURE( 1.000000000000000082E-05 ), #367, 'distance_accuracy_value', 'NONE');
#1190 = ORIENTED_EDGE ( 'NONE', *, *, #2098, .T. ) ;
#1191 = LINE ( 'NONE', #2857, #1685 ) ;
#1192 = DIRECTION ( 'NONE',  ( -0.000000000000000000, 1.000000000000000000, 0.000000000000000000 ) ) ;
#1193 = ORIENTED_EDGE ( 'NONE', *, *, #304, .F. ) ;
#1194 = VERTEX_POINT ( 'NONE', #1863 ) ;
#1195 = VECTOR ( 'NONE', #2216, 1000.000000000000000 ) ;
#1196 = VECTOR ( 'NONE', #1922, 1000.000000000000000 ) ;
#1197 = CARTESIAN_POINT ( 'NONE',  ( 0.1010000000000000203, 0.000000000000000000, -0.1000000000000000056 ) ) ;
#1198 = AXIS2_PLACEMENT_3D ( 'NONE', #223, #1225, #2208 ) ;
#1199 = ORIENTED_EDGE ( 'NONE', *, *, #1757, .T. ) ;
#1200 = LINE ( 'NONE', #2446, #2732 ) ;
#1201 = ADVANCED_FACE ( 'NONE', ( #131 ), #1549, .T. ) ;
#1202 = ADVANCED_FACE ( 'NONE', ( #2605 ), #2828, .F. ) ;
#1203 = ORIENTED_EDGE ( 'NONE', *, *, #2447, .F. ) ;
#1204 = LINE ( 'NONE', #1909, #1071 ) ;
#1205 = PRODUCT_CONTEXT ( 'NONE', #423, 'mechanical' ) ;
#1206 = AXIS2_PLACEMENT_3D ( 'NONE', #2020, #3003, #2790 ) ;
#1207 = CARTESIAN_POINT ( 'NONE',  ( 0.1000000000000000056, 0.000000000000000000, 0.2989999999999999880 ) ) ;
#1208 = CARTESIAN_POINT ( 'NONE',  ( 0.1010000000000000064, 0.1000000000000000056, 0.1000000000000000056 ) ) ;
#1209 = CARTESIAN_POINT ( 'NONE',  ( 0.000000000000000000, 0.000000000000000000, 0.2999999999999999889 ) ) ;
#1210 = ORIENTED_EDGE ( 'NONE', *, *, #2559, .T. ) ;
#1211 = AXIS2_PLACEMENT_3D ( 'NONE', #1679, #421, #440 ) ;
#1212 = DIRECTION ( 'NONE',  ( -1.000000000000000000, -0.000000000000000000, -0.000000000000000000 ) ) ;
#1213 = CARTESIAN_POINT ( 'NONE',  ( -0.1010000000000000203, 0.000000000000000000, 0.2999999999999999889 ) ) ;
#1214 = EDGE_LOOP ( 'NONE', ( #1672, #1867, #830, #1682 ) ) ;
#1215 = ORIENTED_EDGE ( 'NONE', *, *, #2817, .T. ) ;
#1216 = VECTOR ( 'NONE', #1996, 1000.000000000000000 ) ;
#1217 = FACE_OUTER_BOUND ( 'NONE', #1524, .T. ) ;
#1218 = AXIS2_PLACEMENT_3D ( 'NONE', #2573, #2021, #372 ) ;
#1219 = ORIENTED_EDGE ( 'NONE', *, *, #1925, .T. ) ;
#1220 = APPLICATION_PROTOCOL_DEFINITION ( 'draft international standard', 'automotive_design', 1998, #2202 ) ;
#1221 = PRODUCT_RELATED_PRODUCT_CATEGORY ( 'part', '', ( #1970 ) ) ;
#1222 = EDGE_CURVE ( 'NONE', #329, #1607, #1112, .T. ) ;
#1223 = PLANE ( 'NONE',  #1712 ) ;
#1224 = STYLED_ITEM ( 'NONE', ( #3017 ), #2920 ) ;
#1225 = DIRECTION ( 'NONE',  ( 0.000000000000000000, 1.000000000000000000, 0.000000000000000000 ) ) ;
#1226 = CARTESIAN_POINT ( 'NONE',  ( -0.2000000000000000111, 0.1000000000000000611, -0.1000000000000000056 ) ) ;
#1227 = CARTESIAN_POINT ( 'NONE',  ( -0.1010000000000000064, 0.000000000000000000, -0.2999999999999999889 ) ) ;
#1228 = ORIENTED_EDGE ( 'NONE', *, *, #428, .F. ) ;
#1229 = ORIENTED_EDGE ( 'NONE', *, *, #407, .F. ) ;
#1230 = ORIENTED_EDGE ( 'NONE', *, *, #1235, .F. ) ;
#1231 = CARTESIAN_POINT ( 'NONE',  ( 0.3750000000000000000, 0.07499999999999999722, -0.2750000000000000222 ) ) ;
#1232 = ORIENTED_EDGE ( 'NONE', *, *, #2667, .T. ) ;
#1233 = CARTESIAN_POINT ( 'NONE',  ( -0.3074999999999999956, 0.1000000000000000056, -0.1250000000000000000 ) ) ;
#1234 = CARTESIAN_POINT ( 'NONE',  ( 0.1010000000000000064, 0.000000000000000000, 0.2989999999999999880 ) ) ;
#1235 = EDGE_CURVE ( 'NONE', #2228, #1099, #1143, .T. ) ;
#1236 = VERTEX_POINT ( 'NONE', #1603 ) ;
#1237 = DIRECTION ( 'NONE',  ( -1.000000000000000000, -0.000000000000000000, -0.000000000000000000 ) ) ;
#1238 = EDGE_CURVE ( 'NONE', #1607, #2895, #2027, .T. ) ;
#1239 = EDGE_CURVE ( 'NONE', #53, #377, #2105, .T. ) ;
#1240 = DIRECTION ( 'NONE',  ( -0.000000000000000000, -1.000000000000000000, -0.000000000000000000 ) ) ;
#1241 = ORIENTED_EDGE ( 'NONE', *, *, #2723, .F. ) ;
#1242 = SURFACE_SIDE_STYLE ('',( #267 ) ) ;
#1243 = ORIENTED_EDGE ( 'NONE', *, *, #33, .T. ) ;
#1244 = ORIENTED_EDGE ( 'NONE', *, *, #2811, .T. ) ;
#1245 = CARTESIAN_POINT ( 'NONE',  ( 0.3750000000000000000, 0.000000000000000000, -0.4249999999999999889 ) ) ;
#1246 = CARTESIAN_POINT ( 'NONE',  ( -0.1000000000000000056, 0.07499999999999999722, 0.000000000000000000 ) ) ;
#1247 = STYLED_ITEM ( 'NONE', ( #20 ), #2702 ) ;
#1248 = FACE_OUTER_BOUND ( 'NONE', #2877, .T. ) ;
#1249 = DIRECTION ( 'NONE',  ( 1.000000000000000000, 0.000000000000000000, 0.000000000000000000 ) ) ;
#1250 = VECTOR ( 'NONE', #2683, 1000.000000000000000 ) ;
#1251 = CARTESIAN_POINT ( 'NONE',  ( 0.000000000000000000, 0.07499999999999999722, 0.1000000000000000056 ) ) ;
#1252 = DIRECTION ( 'NONE',  ( -0.000000000000000000, -0.000000000000000000, -1.000000000000000000 ) ) ;
#1253 = ORIENTED_EDGE ( 'NONE', *, *, #1034, .T. ) ;
#1254 = EDGE_CURVE ( 'NONE', #158, #286, #1081, .T. ) ;
#1255 = ADVANCED_FACE ( 'NONE', ( #1808 ), #116, .F. ) ;
#1256 = CARTESIAN_POINT ( 'NONE',  ( 0.000000000000000000, 0.07499999999999999722, 0.1000000000000000056 ) ) ;
#1257 = ORIENTED_EDGE ( 'NONE', *, *, #118, .F. ) ;
#1258 = DIRECTION ( 'NONE',  ( 0.000000000000000000, 1.000000000000000000, 0.000000000000000000 ) ) ;
#1259 = VERTEX_POINT ( 'NONE', #2798 ) ;
#1260 = FACE_OUTER_BOUND ( 'NONE', #2673, .T. ) ;
#1261 = CARTESIAN_POINT ( 'NONE',  ( 0.1000000000000000056, 0.000000000000000000, 0.000000000000000000 ) ) ;
#1262 = ORIENTED_EDGE ( 'NONE', *, *, #1600, .T. ) ;
#1263 = DIRECTION ( 'NONE',  ( 0.000000000000000000, -1.000000000000000000, -0.000000000000000000 ) ) ;
#1264 = CARTESIAN_POINT ( 'NONE',  ( -0.3074999999999999956, -0.02500000000000000139, -0.2750000000000000222 ) ) ;
#1265 = ORIENTED_EDGE ( 'NONE', *, *, #1182, .T. ) ;
#1266 = CARTESIAN_POINT ( 'NONE',  ( -0.4749999999999999778, -0.02500000000000000139, 0.2999999999999999889 ) ) ;
#1267 = EDGE_CURVE ( 'NONE', #670, #1548, #3022, .T. ) ;
#1268 = EDGE_CURVE ( 'NONE', #2603, #1453, #1382, .T. ) ;
#1269 = VERTEX_POINT ( 'NONE', #1796 ) ;
#1270 = EDGE_CURVE ( 'NONE', #1557, #1781, #1872, .T. ) ;
#1271 = ORIENTED_EDGE ( 'NONE', *, *, #533, .F. ) ;
#1272 = DIRECTION ( 'NONE',  ( 0.000000000000000000, 0.000000000000000000, 1.000000000000000000 ) ) ;
#1273 = PRODUCT_DEFINITION_SHAPE ( 'NONE', 'NONE',  #2902 ) ;
#1274 = AXIS2_PLACEMENT_3D ( 'NONE', #2715, #704, #236 ) ;
#1275 = DIRECTION ( 'NONE',  ( 0.7071067811865475727, 0.000000000000000000, -0.7071067811865475727 ) ) ;
#1276 = CARTESIAN_POINT ( 'NONE',  ( -0.3750000000000000000, 0.000000000000000000, 0.4249999999999999889 ) ) ;
#1277 = DIRECTION ( 'NONE',  ( 0.000000000000000000, 0.000000000000000000, 1.000000000000000000 ) ) ;
#1278 = CARTESIAN_POINT ( 'NONE',  ( 0.1000000000000000056, 0.1000000000000000056, 0.1010000000000000203 ) ) ;
#1279 = CARTESIAN_POINT ( 'NONE',  ( -0.3074999999999999956, -0.02500000000000000139, -0.2750000000000000222 ) ) ;
#1280 = LINE ( 'NONE', #2081, #326 ) ;
#1281 = VERTEX_POINT ( 'NONE', #2378 ) ;
#1282 = ADVANCED_FACE ( 'NONE', ( #1052 ), #2510, .F. ) ;
#1283 = ORIENTED_EDGE ( 'NONE', *, *, #2016, .T. ) ;
#1284 = CARTESIAN_POINT ( 'NONE',  ( -0.2824999999999999734, 0.000000000000000000, 0.2999999999999999889 ) ) ;
#1285 = LINE ( 'NONE', #2259, #3109 ) ;
#1286 = ORIENTED_EDGE ( 'NONE', *, *, #2344, .F. ) ;
#1287 = ORIENTED_EDGE ( 'NONE', *, *, #1857, .T. ) ;
#1288 = DIRECTION ( 'NONE',  ( 0.000000000000000000, -1.000000000000000000, 0.000000000000000000 ) ) ;
#1289 = STYLED_ITEM ( 'NONE', ( #1486 ), #305 ) ;
#1290 = EDGE_CURVE ( 'NONE', #2498, #3162, #2076, .T. ) ;
#1291 = ADVANCED_FACE ( 'NONE', ( #347 ), #3076, .T. ) ;
#1292 = CARTESIAN_POINT ( 'NONE',  ( 0.1000000000000000056, 0.07499999999999999722, -0.2989999999999999880 ) ) ;
#1293 = DIRECTION ( 'NONE',  ( -1.000000000000000000, 0.000000000000000000, -0.000000000000000000 ) ) ;
#1294 = EDGE_LOOP ( 'NONE', ( #1088, #389, #1853, #852 ) ) ;
#1295 = VECTOR ( 'NONE', #607, 1000.000000000000000 ) ;
#1296 = SURFACE_STYLE_USAGE ( .BOTH. , #1019 ) ;
#1297 = CARTESIAN_POINT ( 'NONE',  ( 0.1000000000000000056, 0.07499999999999999722, 0.1010000000000000203 ) ) ;
#1298 = EDGE_LOOP ( 'NONE', ( #75, #246, #3183, #2564 ) ) ;
#1299 = VECTOR ( 'NONE', #2748, 1000.000000000000000 ) ;
#1300 = PLANE ( 'NONE',  #435 ) ;
#1301 = FACE_OUTER_BOUND ( 'NONE', #3045, .T. ) ;
#1302 = ORIENTED_EDGE ( 'NONE', *, *, #664, .T. ) ;
#1303 = ORIENTED_EDGE ( 'NONE', *, *, #101, .T. ) ;
#1304 = VECTOR ( 'NONE', #3155, 1000.000000000000000 ) ;
#1305 = ADVANCED_BREP_SHAPE_REPRESENTATION ( '', ( #1750, #1728 ), #1626 ) ;
#1306 = ORIENTED_EDGE ( 'NONE', *, *, #1268, .F. ) ;
#1307 = CARTESIAN_POINT ( 'NONE',  ( 0.1010000000000000064, 0.000000000000000000, 0.1000000000000000056 ) ) ;
#1308 = DIRECTION ( 'NONE',  ( 1.000000000000000000, 0.000000000000000000, -0.000000000000000000 ) ) ;
#1309 =( NAMED_UNIT ( * ) PLANE_ANGLE_UNIT ( ) SI_UNIT ( $, .RADIAN. ) );
#1310 = EDGE_CURVE ( 'NONE', #308, #712, #849, .T. ) ;
#1311 = DIRECTION ( 'NONE',  ( 0.000000000000000000, 0.000000000000000000, 1.000000000000000000 ) ) ;
#1312 = AXIS2_PLACEMENT_3D ( 'NONE', #2588, #1351, #147 ) ;
#1313 = VECTOR ( 'NONE', #1859, 1000.000000000000000 ) ;
#1314 = CARTESIAN_POINT ( 'NONE',  ( 0.3074999999999999956, 0.07500000000000005274, -0.1250000000000000000 ) ) ;
#1315 = FACE_OUTER_BOUND ( 'NONE', #2585, .T. ) ;
#1316 = ORIENTED_EDGE ( 'NONE', *, *, #1133, .F. ) ;
#1317 =( GEOMETRIC_REPRESENTATION_CONTEXT ( 3 ) GLOBAL_UNCERTAINTY_ASSIGNED_CONTEXT ( ( #2712 ) ) GLOBAL_UNIT_ASSIGNED_CONTEXT ( ( #353, #391, #2096 ) ) REPRESENTATION_CONTEXT ( 'NONE', 'WORKASPACE' ) );
#1318 = LINE ( 'NONE', #2288, #2516 ) ;
#1319 = CARTESIAN_POINT ( 'NONE',  ( 0.1000000000000000056, 0.07499999999999999722, 0.2989999999999999880 ) ) ;
#1320 = ORIENTED_EDGE ( 'NONE', *, *, #1328, .F. ) ;
#1321 = DIRECTION ( 'NONE',  ( 0.000000000000000000, -1.000000000000000000, -0.000000000000000000 ) ) ;
#1322 = FILL_AREA_STYLE ('',( #2829 ) ) ;
#1323 = SURFACE_STYLE_USAGE ( .BOTH. , #284 ) ;
#1324 = VECTOR ( 'NONE', #2071, 1000.000000000000000 ) ;
#1325 = VECTOR ( 'NONE', #2188, 1000.000000000000000 ) ;
#1326 = VECTOR ( 'NONE', #2179, 1000.000000000000000 ) ;
#1327 = CARTESIAN_POINT ( 'NONE',  ( -0.3074999999999999956, 0.1000000000000000056, -0.1250000000000000000 ) ) ;
#1328 = EDGE_CURVE ( 'NONE', #2691, #2275, #864, .T. ) ;
#1329 = CARTESIAN_POINT ( 'NONE',  ( 0.1000000000000000056, 0.07499999999999999722, -0.1010000000000000064 ) ) ;
#1330 = ORIENTED_EDGE ( 'NONE', *, *, #1438, .T. ) ;
#1331 = EDGE_CURVE ( 'NONE', #53, #764, #3128, .T. ) ;
#1332 = EDGE_CURVE ( 'NONE', #2204, #183, #1883, .T. ) ;
#1333 = CARTESIAN_POINT ( 'NONE',  ( 0.4749999999999999778, -0.02500000000000000139, -0.1000000000000000056 ) ) ;
#1334 = PLANE ( 'NONE',  #182 ) ;
#1335 = VERTEX_POINT ( 'NONE', #2172 ) ;
#1336 = EDGE_LOOP ( 'NONE', ( #2359, #1721, #58, #2169 ) ) ;
#1337 = DIRECTION ( 'NONE',  ( -0.7071067811865474617, 0.000000000000000000, -0.7071067811865474617 ) ) ;
#1338 = LINE ( 'NONE', #624, #583 ) ;
#1339 = VERTEX_POINT ( 'NONE', #2679 ) ;
#1340 = CARTESIAN_POINT ( 'NONE',  ( -0.1000000000000000056, 0.1000000000000000056, 0.2989999999999999880 ) ) ;
#1341 = VERTEX_POINT ( 'NONE', #940 ) ;
#1342 = DIRECTION ( 'NONE',  ( 1.000000000000000000, 0.000000000000000000, 0.000000000000000000 ) ) ;
#1343 = DIRECTION ( 'NONE',  ( 0.000000000000000000, 0.000000000000000000, 1.000000000000000000 ) ) ;
#1344 = ORIENTED_EDGE ( 'NONE', *, *, #2688, .T. ) ;
#1345 = CARTESIAN_POINT ( 'NONE',  ( 0.4749999999999999778, 0.000000000000000000, -0.1000000000000000056 ) ) ;
#1346 = DIRECTION ( 'NONE',  ( 0.000000000000000000, -1.000000000000000000, -0.000000000000000000 ) ) ;
#1347 = VERTEX_POINT ( 'NONE', #1233 ) ;
#1348 = ADVANCED_FACE ( 'NONE', ( #2416 ), #2943, .F. ) ;
#1349 = EDGE_CURVE ( 'NONE', #2905, #1259, #980, .T. ) ;
#1350 = VECTOR ( 'NONE', #1466, 1000.000000000000000 ) ;
#1351 = DIRECTION ( 'NONE',  ( 0.000000000000000000, -1.000000000000000000, 0.000000000000000000 ) ) ;
#1352 = DIRECTION ( 'NONE',  ( 0.000000000000000000, 0.000000000000000000, -1.000000000000000000 ) ) ;
#1353 = LINE ( 'NONE', #3097, #827 ) ;
#1354 = EDGE_LOOP ( 'NONE', ( #129, #2164, #1908, #293 ) ) ;
#1355 = LINE ( 'NONE', #2128, #1475 ) ;
#1356 = DIRECTION ( 'NONE',  ( 0.000000000000000000, 0.000000000000000000, 1.000000000000000000 ) ) ;
#1357 = ORIENTED_EDGE ( 'NONE', *, *, #2243, .F. ) ;
#1358 = LINE ( 'NONE', #123, #2308 ) ;
#1359 = CARTESIAN_POINT ( 'NONE',  ( -0.3750000000000000000, 0.1000000000000000056, -0.1249999999999999722 ) ) ;
#1360 = AXIS2_PLACEMENT_3D ( 'NONE', #2697, #2763, #2212 ) ;
#1361 = ORIENTED_EDGE ( 'NONE', *, *, #819, .F. ) ;
#1362 = DIRECTION ( 'NONE',  ( 0.000000000000000000, 1.000000000000000000, 0.000000000000000000 ) ) ;
#1363 = PLANE ( 'NONE',  #490 ) ;
#1364 = ORIENTED_EDGE ( 'NONE', *, *, #528, .T. ) ;
#1365 = VECTOR ( 'NONE', #19, 1000.000000000000000 ) ;
#1366 =( REPRESENTATION_RELATIONSHIP ('NONE','NONE', #2863, #735 ) REPRESENTATION_RELATIONSHIP_WITH_TRANSFORMATION ( #2786 )SHAPE_REPRESENTATION_RELATIONSHIP( ) );
#1367 = ADVANCED_FACE ( 'NONE', ( #3189 ), #1911, .T. ) ;
#1368 = DIRECTION ( 'NONE',  ( 0.000000000000000000, 0.000000000000000000, 1.000000000000000000 ) ) ;
#1369 = DIRECTION ( 'NONE',  ( -1.000000000000000000, 0.000000000000000000, -0.000000000000000000 ) ) ;
#1370 = EDGE_CURVE ( 'NONE', #3107, #1548, #1926, .T. ) ;
#1371 = LINE ( 'NONE', #1586, #953 ) ;
#1372 = ORIENTED_EDGE ( 'NONE', *, *, #446, .T. ) ;
#1373 = DIRECTION ( 'NONE',  ( 1.000000000000000000, 0.000000000000000000, 0.000000000000000000 ) ) ;
#1374 = ORIENTED_EDGE ( 'NONE', *, *, #573, .T. ) ;
#1375 = DIRECTION ( 'NONE',  ( 0.7071067811865474617, 0.000000000000000000, 0.7071067811865474617 ) ) ;
#1376 = CARTESIAN_POINT ( 'NONE',  ( 0.4749999999999999778, -0.02500000000000000139, 0.2999999999999999889 ) ) ;
#1377 = VERTEX_POINT ( 'NONE', #971 ) ;
#1378 = UNCERTAINTY_MEASURE_WITH_UNIT (LENGTH_MEASURE( 1.000000000000000082E-05 ), #1705, 'distance_accuracy_value', 'NONE');
#1379 = LINE ( 'NONE', #2424, #2945 ) ;
#1380 = CARTESIAN_POINT ( 'NONE',  ( 0.1010000000000000064, 0.000000000000000000, -0.1010000000000000064 ) ) ;
#1381 = ORIENTED_EDGE ( 'NONE', *, *, #1480, .T. ) ;
#1382 = LINE ( 'NONE', #879, #740 ) ;
#1383 = CARTESIAN_POINT ( 'NONE',  ( -0.1000000000000000056, -0.02500000000000000139, -0.2000000000000000111 ) ) ;
#1384 = CARTESIAN_POINT ( 'NONE',  ( 0.3750000000000000000, 0.000000000000000000, 0.000000000000000000 ) ) ;
#1385 = ORIENTED_EDGE ( 'NONE', *, *, #2782, .F. ) ;
#1386 = DIRECTION ( 'NONE',  ( 0.000000000000000000, -1.000000000000000000, 0.000000000000000000 ) ) ;
#1387 = EDGE_CURVE ( 'NONE', #344, #1976, #1416, .T. ) ;
#1388 = EDGE_CURVE ( 'NONE', #1335, #637, #1864, .T. ) ;
#1389 = CARTESIAN_POINT ( 'NONE',  ( -0.3074999999999999956, 0.1000000000000000056, 0.1250000000000000000 ) ) ;
#1390 = PLANE ( 'NONE',  #460 ) ;
#1391 = DIRECTION ( 'NONE',  ( 0.000000000000000000, -1.000000000000000000, 0.000000000000000000 ) ) ;
#1392 = ADVANCED_FACE ( 'NONE', ( #697 ), #2665, .F. ) ;
#1393 = CARTESIAN_POINT ( 'NONE',  ( 0.3074999999999999956, -0.02500000000000000139, -0.2750000000000000222 ) ) ;
#1394 = CARTESIAN_POINT ( 'NONE',  ( 0.1010000000000000064, 0.000000000000000000, -0.2999999999999999889 ) ) ;
#1395 = ORIENTED_EDGE ( 'NONE', *, *, #237, .T. ) ;
#1396 = VECTOR ( 'NONE', #1674, 1000.000000000000000 ) ;
#1397 = DIRECTION ( 'NONE',  ( -0.7071067811865483499, 0.000000000000000000, 0.7071067811865467956 ) ) ;
#1398 = PRESENTATION_STYLE_ASSIGNMENT (( #401 ) ) ;
#1399 = PLANE ( 'NONE',  #2671 ) ;
#1400 = ORIENTED_EDGE ( 'NONE', *, *, #78, .F. ) ;
#1401 =( LENGTH_UNIT ( ) NAMED_UNIT ( * ) SI_UNIT ( .MILLI., .METRE. ) );
#1402 = LINE ( 'NONE', #338, #2136 ) ;
#1403 = DIRECTION ( 'NONE',  ( 0.000000000000000000, 1.000000000000000000, 0.000000000000000000 ) ) ;
#1404 = EDGE_CURVE ( 'NONE', #361, #2406, #2434, .T. ) ;
#1405 = ORIENTED_EDGE ( 'NONE', *, *, #2745, .F. ) ;
#1406 = FILL_AREA_STYLE ('',( #673 ) ) ;
#1407 = ADVANCED_FACE ( 'NONE', ( #1940 ), #222, .T. ) ;
#1408 = CARTESIAN_POINT ( 'NONE',  ( -0.1000000000000000056, -0.02500000000000000139, -0.2000000000000000111 ) ) ;
#1409 = ORIENTED_EDGE ( 'NONE', *, *, #1837, .F. ) ;
#1410 = CARTESIAN_POINT ( 'NONE',  ( 0.3074999999999999956, 0.1000000000000000056, 0.2750000000000000222 ) ) ;
#1411 = VECTOR ( 'NONE', #2592, 1000.000000000000000 ) ;
#1412 = CARTESIAN_POINT ( 'NONE',  ( 0.3750000000000000000, 0.07499999999999999722, 0.4249999999999999889 ) ) ;
#1413 = VECTOR ( 'NONE', #521, 1000.000000000000000 ) ;
#1414 = ORIENTED_EDGE ( 'NONE', *, *, #1440, .F. ) ;
#1415 = SURFACE_SIDE_STYLE ('',( #969 ) ) ;
#1416 = LINE ( 'NONE', #1971, #2449 ) ;
#1417 = LINE ( 'NONE', #2479, #2657 ) ;
#1418 = ORIENTED_EDGE ( 'NONE', *, *, #757, .T. ) ;
#1419 = DIRECTION ( 'NONE',  ( 0.000000000000000000, 0.000000000000000000, -1.000000000000000000 ) ) ;
#1420 = FACE_OUTER_BOUND ( 'NONE', #3167, .T. ) ;
#1421 = ORIENTED_EDGE ( 'NONE', *, *, #2577, .T. ) ;
#1422 = EDGE_LOOP ( 'NONE', ( #2802, #1381, #856, #1562 ) ) ;
#1423 = ADVANCED_FACE ( 'NONE', ( #716 ), #1223, .F. ) ;
#1424 = EDGE_CURVE ( 'NONE', #38, #10, #463, .T. ) ;
#1425 = VECTOR ( 'NONE', #1686, 1000.000000000000000 ) ;
#1426 = CARTESIAN_POINT ( 'NONE',  ( 0.1000000000000000056, 0.000000000000000000, -0.2989999999999999880 ) ) ;
#1427 = VERTEX_POINT ( 'NONE', #1207 ) ;
#1428 = CARTESIAN_POINT ( 'NONE',  ( -0.1999999999999999833, 1.524659305057740610E-17, -0.1000000000000000194 ) ) ;
#1429 = DIRECTION ( 'NONE',  ( 0.000000000000000000, 0.000000000000000000, 1.000000000000000000 ) ) ;
#1430 = PRODUCT_DEFINITION_FORMATION_WITH_SPECIFIED_SOURCE ( 'ANY', '', #1124, .NOT_KNOWN. ) ;
#1431 = DIRECTION ( 'NONE',  ( 0.000000000000000000, 1.000000000000000000, -0.000000000000000000 ) ) ;
#1432 = CARTESIAN_POINT ( 'NONE',  ( -0.1000000000000000056, 0.1000000000000000333, -0.2000000000000000111 ) ) ;
#1433 = DIRECTION ( 'NONE',  ( 0.000000000000000000, -1.000000000000000000, -0.000000000000000000 ) ) ;
#1434 = ORIENTED_EDGE ( 'NONE', *, *, #758, .F. ) ;
#1435 = CARTESIAN_POINT ( 'NONE',  ( 0.000000000000000000, 0.000000000000000000, -0.1250000000000000000 ) ) ;
#1436 = CARTESIAN_POINT ( 'NONE',  ( 0.000000000000000000, 0.07499999999999999722, -0.1250000000000000000 ) ) ;
#1437 = ORIENTED_EDGE ( 'NONE', *, *, #1096, .T. ) ;
#1438 = EDGE_CURVE ( 'NONE', #876, #1377, #1604, .T. ) ;
#1439 = CARTESIAN_POINT ( 'NONE',  ( 0.1010000000000000064, 0.1000000000000000056, -0.2999999999999999889 ) ) ;
#1440 = EDGE_CURVE ( 'NONE', #2335, #2640, #1465, .T. ) ;
#1441 = EDGE_LOOP ( 'NONE', ( #577, #666, #912, #3037 ) ) ;
#1442 = LINE ( 'NONE', #3204, #1196 ) ;
#1443 = APPLICATION_PROTOCOL_DEFINITION ( 'draft international standard', 'automotive_design', 1998, #2322 ) ;
#1444 = PRODUCT_DEFINITION_SHAPE ( 'NONE', 'NONE',  #247 ) ;
#1445 = VECTOR ( 'NONE', #422, 1000.000000000000114 ) ;
#1446 = DIRECTION ( 'NONE',  ( -0.000000000000000000, 1.000000000000000000, -0.000000000000000000 ) ) ;
#1447 = CARTESIAN_POINT ( 'NONE',  ( -0.3074999999999999956, 1.355252715606880543E-17, -0.1250000000000000000 ) ) ;
#1448 = ORIENTED_EDGE ( 'NONE', *, *, #705, .F. ) ;
#1449 = AXIS2_PLACEMENT_3D ( 'NONE', #1478, #687, #2478 ) ;
#1450 = CARTESIAN_POINT ( 'NONE',  ( 0.3074999999999999956, 0.000000000000000000, 0.2750000000000000222 ) ) ;
#1451 = CARTESIAN_POINT ( 'NONE',  ( 0.2824999999999999734, 0.000000000000000000, 0.1000000000000000056 ) ) ;
#1452 = EDGE_LOOP ( 'NONE', ( #139, #587, #976, #241 ) ) ;
#1453 = VERTEX_POINT ( 'NONE', #3221 ) ;
#1454 = VECTOR ( 'NONE', #1624, 1000.000000000000000 ) ;
#1455 = DIRECTION ( 'NONE',  ( 0.000000000000000000, 1.000000000000000000, 0.000000000000000000 ) ) ;
#1456 = VECTOR ( 'NONE', #975, 1000.000000000000000 ) ;
#1457 = EDGE_CURVE ( 'NONE', #2115, #712, #887, .T. ) ;
#1458 = ORIENTED_EDGE ( 'NONE', *, *, #2648, .T. ) ;
#1459 = DIRECTION ( 'NONE',  ( -0.000000000000000000, 0.000000000000000000, 1.000000000000000000 ) ) ;
#1460 = PRODUCT_CONTEXT ( 'NONE', #648, 'mechanical' ) ;
#1461 = VECTOR ( 'NONE', #86, 1000.000000000000000 ) ;
#1462 = EDGE_CURVE ( 'NONE', #2918, #2012, #243, .T. ) ;
#1463 = VECTOR ( 'NONE', #1397, 1000.000000000000000 ) ;
#1464 = EDGE_CURVE ( 'NONE', #930, #289, #2278, .T. ) ;
#1465 = LINE ( 'NONE', #489, #2124 ) ;
#1466 = DIRECTION ( 'NONE',  ( 0.000000000000000000, -0.000000000000000000, -1.000000000000000000 ) ) ;
#1467 = ORIENTED_EDGE ( 'NONE', *, *, #2467, .T. ) ;
#1468 = CARTESIAN_POINT ( 'NONE',  ( -0.3074999999999999956, -0.02500000000000000139, 0.1250000000000000000 ) ) ;
#1469 = AXIS2_PLACEMENT_3D ( 'NONE', #22, #523, #1293 ) ;
#1470 = DIRECTION ( 'NONE',  ( 1.000000000000000000, 0.000000000000000000, -0.000000000000000000 ) ) ;
#1471 = ORIENTED_EDGE ( 'NONE', *, *, #2060, .T. ) ;
#1472 = ORIENTED_EDGE ( 'NONE', *, *, #2947, .T. ) ;
#1473 =( GEOMETRIC_REPRESENTATION_CONTEXT ( 3 ) GLOBAL_UNCERTAINTY_ASSIGNED_CONTEXT ( ( #1378 ) ) GLOBAL_UNIT_ASSIGNED_CONTEXT ( ( #1705, #935, #2690 ) ) REPRESENTATION_CONTEXT ( 'NONE', 'WORKASPACE' ) );
#1474 = CARTESIAN_POINT ( 'NONE',  ( 0.3074999999999999956, -0.02500000000000000139, 0.2750000000000000222 ) ) ;
#1475 = VECTOR ( 'NONE', #885, 1000.000000000000000 ) ;
#1476 = ORIENTED_EDGE ( 'NONE', *, *, #3187, .F. ) ;
#1477 = DIRECTION ( 'NONE',  ( 1.000000000000000000, 0.000000000000000000, -0.000000000000000000 ) ) ;
#1478 = CARTESIAN_POINT ( 'NONE',  ( -0.1010000000000000064, 0.000000000000000000, -0.2989999999999999880 ) ) ;
#1479 = LINE ( 'NONE', #1187, #1350 ) ;
#1480 = EDGE_CURVE ( 'NONE', #405, #2283, #760, .T. ) ;
#1481 = EDGE_CURVE ( 'NONE', #330, #30, #2550, .T. ) ;
#1482 = DIRECTION ( 'NONE',  ( -1.000000000000000000, -0.000000000000000000, 0.000000000000000000 ) ) ;
#1483 = LINE ( 'NONE', #1435, #2183 ) ;
#1484 = LINE ( 'NONE', #2484, #2610 ) ;
#1485 = ORIENTED_EDGE ( 'NONE', *, *, #1239, .T. ) ;
#1486 = PRESENTATION_STYLE_ASSIGNMENT (( #2229 ) ) ;
#1487 = AXIS2_PLACEMENT_3D ( 'NONE', #2692, #419, #438 ) ;
#1488 = ORIENTED_EDGE ( 'NONE', *, *, #2403, .T. ) ;
#1489 = CARTESIAN_POINT ( 'NONE',  ( -0.3074999999999999956, -0.02500000000000000139, 0.2750000000000000222 ) ) ;
#1490 = CARTESIAN_POINT ( 'NONE',  ( 0.000000000000000000, 0.07499999999999999722, -0.1000000000000000056 ) ) ;
#1491 = CARTESIAN_POINT ( 'NONE',  ( 0.3750000000000000000, 0.000000000000000000, -0.1250000000000000000 ) ) ;
#1492 = AXIS2_PLACEMENT_3D ( 'NONE', #2544, #1543, #2068 ) ;
#1493 = PRODUCT_DEFINITION_SHAPE ( 'NONE', 'NONE',  #3229 ) ;
#1494 = DIRECTION ( 'NONE',  ( -0.000000000000000000, 1.000000000000000000, 0.000000000000000000 ) ) ;
#1495 = EDGE_CURVE ( 'NONE', #1236, #2007, #570, .T. ) ;
#1496 = LINE ( 'NONE', #2496, #2854 ) ;
#1497 = DIRECTION ( 'NONE',  ( 0.000000000000000000, -1.000000000000000000, -0.000000000000000000 ) ) ;
#1498 = VERTEX_POINT ( 'NONE', #1551 ) ;
#1499 = ADVANCED_FACE ( 'NONE', ( #1260 ), #787, .T. ) ;
#1500 = CARTESIAN_POINT ( 'NONE',  ( 0.1010000000000000064, 0.07499999999999999722, -0.2999999999999999889 ) ) ;
#1501 = FILL_AREA_STYLE ('',( #498 ) ) ;
#1502 = ORIENTED_EDGE ( 'NONE', *, *, #137, .T. ) ;
#1503 = DIRECTION ( 'NONE',  ( -0.000000000000000000, 1.000000000000000000, 0.000000000000000000 ) ) ;
#1504 = DIRECTION ( 'NONE',  ( 0.000000000000000000, -1.000000000000000000, 0.000000000000000000 ) ) ;
#1505 = DIRECTION ( 'NONE',  ( -0.7071067811865474617, 0.000000000000000000, 0.7071067811865474617 ) ) ;
#1506 = CARTESIAN_POINT ( 'NONE',  ( 0.000000000000000000, 0.000000000000000000, 0.2750000000000000222 ) ) ;
#1507 = VERTEX_POINT ( 'NONE', #1012 ) ;
#1508 = VECTOR ( 'NONE', #165, 1000.000000000000114 ) ;
#1509 = CARTESIAN_POINT ( 'NONE',  ( 0.000000000000000000, 0.000000000000000000, 0.000000000000000000 ) ) ;
#1510 = DIRECTION ( 'NONE',  ( 0.000000000000000000, 0.000000000000000000, -1.000000000000000000 ) ) ;
#1511 = CARTESIAN_POINT ( 'NONE',  ( 0.000000000000000000, 0.07499999999999999722, -0.2750000000000000222 ) ) ;
#1512 = ORIENTED_EDGE ( 'NONE', *, *, #1879, .F. ) ;
#1513 = DIRECTION ( 'NONE',  ( 1.000000000000000000, 0.000000000000000000, -0.000000000000000000 ) ) ;
#1514 = DIRECTION ( 'NONE',  ( 0.000000000000000000, 0.000000000000000000, 1.000000000000000000 ) ) ;
#1515 = ADVANCED_FACE ( 'NONE', ( #2523 ), #1784, .F. ) ;
#1516 = EDGE_CURVE ( 'NONE', #581, #1106, #2772, .T. ) ;
#1517 = ORIENTED_EDGE ( 'NONE', *, *, #1700, .F. ) ;
#1518 = EDGE_LOOP ( 'NONE', ( #1395, #3198, #557, #2270 ) ) ;
#1519 = LINE ( 'NONE', #1307, #1915 ) ;
#1520 = VECTOR ( 'NONE', #1023, 1000.000000000000000 ) ;
#1521 = CARTESIAN_POINT ( 'NONE',  ( -0.4749999999999999778, 0.000000000000000000, -0.1000000000000000056 ) ) ;
#1522 = CARTESIAN_POINT ( 'NONE',  ( 0.2824999999999999734, 0.000000000000000000, 0.1000000000000000056 ) ) ;
#1523 = FACE_OUTER_BOUND ( 'NONE', #437, .T. ) ;
#1524 = EDGE_LOOP ( 'NONE', ( #1637, #1158, #2218, #2980 ) ) ;
#1525 = SURFACE_STYLE_FILL_AREA ( #2019 ) ;
#1526 = PLANE ( 'NONE',  #3064 ) ;
#1527 = EDGE_LOOP ( 'NONE', ( #2244, #173, #1405, #2214 ) ) ;
#1528 = CARTESIAN_POINT ( 'NONE',  ( 0.1010000000000000064, 0.000000000000000000, -0.2999999999999999889 ) ) ;
#1529 = LINE ( 'NONE', #2310, #1993 ) ;
#1530 = ORIENTED_EDGE ( 'NONE', *, *, #2184, .T. ) ;
#1531 = ORIENTED_EDGE ( 'NONE', *, *, #2098, .F. ) ;
#1532 = EDGE_LOOP ( 'NONE', ( #63, #1580, #1253, #1180 ) ) ;
#1533 = EDGE_CURVE ( 'NONE', #3217, #330, #2538, .T. ) ;
#1534 = ORIENTED_EDGE ( 'NONE', *, *, #2795, .F. ) ;
#1535 = CARTESIAN_POINT ( 'NONE',  ( 0.4749999999999999778, 0.1000000000000000056, -0.1000000000000000056 ) ) ;
#1536 = DIRECTION ( 'NONE',  ( 1.000000000000000000, 0.000000000000000000, 0.000000000000000000 ) ) ;
#1537 = EDGE_CURVE ( 'NONE', #1715, #634, #259, .T. ) ;
#1538 = CARTESIAN_POINT ( 'NONE',  ( 0.1000000000000000056, 0.07499999999999999722, 0.000000000000000000 ) ) ;
#1539 = ORIENTED_EDGE ( 'NONE', *, *, #1576, .T. ) ;
#1540 = CARTESIAN_POINT ( 'NONE',  ( -0.3750000000000000000, 0.000000000000000000, 0.2750000000000000222 ) ) ;
#1541 = MECHANICAL_DESIGN_GEOMETRIC_PRESENTATION_REPRESENTATION (  '', ( #2066 ), #562 ) ;
#1542 = CARTESIAN_POINT ( 'NONE',  ( -0.1010000000000000064, 0.000000000000000000, 0.2989999999999999880 ) ) ;
#1543 = DIRECTION ( 'NONE',  ( -0.000000000000000000, 1.000000000000000000, 0.000000000000000000 ) ) ;
#1544 = ORIENTED_EDGE ( 'NONE', *, *, #1349, .F. ) ;
#1545 = CARTESIAN_POINT ( 'NONE',  ( -0.1010000000000000064, 0.000000000000000000, -0.2999999999999999889 ) ) ;
#1546 = PRODUCT_DEFINITION_SHAPE ( 'NONE', 'NONE',  #2835 ) ;
#1547 = DIRECTION ( 'NONE',  ( 0.000000000000000000, -1.000000000000000000, -0.000000000000000000 ) ) ;
#1548 = VERTEX_POINT ( 'NONE', #2234 ) ;
#1549 = PLANE ( 'NONE',  #789 ) ;
#1550 = EDGE_CURVE ( 'NONE', #1583, #2685, #1999, .T. ) ;
#1551 = CARTESIAN_POINT ( 'NONE',  ( 0.3750000000000000000, 0.07499999999999999722, 0.2750000000000000222 ) ) ;
#1552 = SURFACE_STYLE_FILL_AREA ( #2524 ) ;
#1553 = VERTEX_POINT ( 'NONE', #2800 ) ;
#1554 = ADVANCED_FACE ( 'NONE', ( #537 ), #2248, .T. ) ;
#1555 = CARTESIAN_POINT ( 'NONE',  ( 0.3750000000000000000, 0.000000000000000000, 0.4249999999999999889 ) ) ;
#1556 = LINE ( 'NONE', #74, #3118 ) ;
#1557 = VERTEX_POINT ( 'NONE', #1292 ) ;
#1558 = ORIENTED_EDGE ( 'NONE', *, *, #855, .F. ) ;
#1559 = CIRCLE ( 'NONE', #2873, 0.001000000000000024307 ) ;
#1560 = FACE_OUTER_BOUND ( 'NONE', #1760, .T. ) ;
#1561 = DIRECTION ( 'NONE',  ( 0.000000000000000000, -1.000000000000000000, 0.000000000000000000 ) ) ;
#1562 = ORIENTED_EDGE ( 'NONE', *, *, #1683, .T. ) ;
#1563 = EDGE_LOOP ( 'NONE', ( #399, #1530, #990, #1711 ) ) ;
#1564 = CLOSED_SHELL ( 'NONE', ( #1291, #1202, #138, #1978, #1662, #305, #594, #1154, #1080, #2885, #2134, #280 ) ) ;
#1565 = CARTESIAN_POINT ( 'NONE',  ( 0.2824999999999999734, -0.02500000000000000139, 0.1000000000000000056 ) ) ;
#1566 = CARTESIAN_POINT ( 'NONE',  ( 0.3074999999999999956, 1.355252715606880543E-17, 0.1250000000000000000 ) ) ;
#1567 = DIRECTION ( 'NONE',  ( -0.000000000000000000, 1.000000000000000000, 0.000000000000000000 ) ) ;
#1568 = AXIS2_PLACEMENT_3D ( 'NONE', #2897, #1653, #1156 ) ;
#1569 = ORIENTED_EDGE ( 'NONE', *, *, #569, .T. ) ;
#1570 = CARTESIAN_POINT ( 'NONE',  ( -0.3750000000000000000, 0.000000000000000000, -0.4249999999999999889 ) ) ;
#1571 = VECTOR ( 'NONE', #335, 1000.000000000000000 ) ;
#1572 = ORIENTED_EDGE ( 'NONE', *, *, #2142, .F. ) ;
#1573 = AXIS2_PLACEMENT_3D ( 'NONE', #1805, #1561, #2807 ) ;
#1574 = CARTESIAN_POINT ( 'NONE',  ( 0.000000000000000000, 0.000000000000000000, -0.2750000000000000222 ) ) ;
#1575 = CARTESIAN_POINT ( 'NONE',  ( -0.1010000000000000064, -0.02500000000000000139, -0.2999999999999999889 ) ) ;
#1576 = EDGE_CURVE ( 'NONE', #1099, #2290, #1000, .T. ) ;
#1577 = ADVANCED_FACE ( 'NONE', ( #1068 ), #50, .T. ) ;
#1578 = ORIENTED_EDGE ( 'NONE', *, *, #1495, .T. ) ;
#1579 = LINE ( 'NONE', #1824, #1891 ) ;
#1580 = ORIENTED_EDGE ( 'NONE', *, *, #2327, .T. ) ;
#1581 = LINE ( 'NONE', #1108, #2991 ) ;
#1582 = ORIENTED_EDGE ( 'NONE', *, *, #1576, .F. ) ;
#1583 = VERTEX_POINT ( 'NONE', #2051 ) ;
#1584 = DIRECTION ( 'NONE',  ( 0.000000000000000000, -0.000000000000000000, 1.000000000000000000 ) ) ;
#1585 = CARTESIAN_POINT ( 'NONE',  ( 0.3750000000000000000, 0.000000000000000000, -0.1250000000000000000 ) ) ;
#1586 = CARTESIAN_POINT ( 'NONE',  ( -0.1000000000000000056, 0.000000000000000000, 0.000000000000000000 ) ) ;
#1587 = ORIENTED_EDGE ( 'NONE', *, *, #34, .F. ) ;
#1588 = LINE ( 'NONE', #2595, #80 ) ;
#1589 = DIRECTION ( 'NONE',  ( 0.000000000000000000, 0.000000000000000000, 1.000000000000000000 ) ) ;
#1590 = MECHANICAL_DESIGN_GEOMETRIC_PRESENTATION_REPRESENTATION (  '', ( #1289 ), #614 ) ;
#1591 = DIRECTION ( 'NONE',  ( 0.7071067811865474617, 0.000000000000000000, -0.7071067811865474617 ) ) ;
#1592 = DIRECTION ( 'NONE',  ( 0.000000000000000000, 1.000000000000000000, 0.000000000000000000 ) ) ;
#1593 = CIRCLE ( 'NONE', #2486, 0.001000000000000024307 ) ;
#1594 = VECTOR ( 'NONE', #1505, 1000.000000000000114 ) ;
#1595 = ORIENTED_EDGE ( 'NONE', *, *, #1310, .F. ) ;
#1596 = ADVANCED_FACE ( 'NONE', ( #3048 ), #820, .F. ) ;
#1597 = CYLINDRICAL_SURFACE ( 'NONE', #860, 0.0009999999999999972019 ) ;
#1598 = CARTESIAN_POINT ( 'NONE',  ( 0.3750000000000000000, 0.000000000000000000, -0.2750000000000000222 ) ) ;
#1599 = ORIENTED_EDGE ( 'NONE', *, *, #685, .T. ) ;
#1600 = EDGE_CURVE ( 'NONE', #884, #2757, #5, .T. ) ;
#1601 = VECTOR ( 'NONE', #1237, 1000.000000000000000 ) ;
#1602 = ORIENTED_EDGE ( 'NONE', *, *, #2387, .F. ) ;
#1603 = CARTESIAN_POINT ( 'NONE',  ( 0.3750000000000000000, 0.1000000000000000056, 0.1250000000000000000 ) ) ;
#1604 = CIRCLE ( 'NONE', #784, 0.0009999999999999972019 ) ;
#1605 = LINE ( 'NONE', #332, #424 ) ;
#1606 = LINE ( 'NONE', #1384, #3081 ) ;
#1607 = VERTEX_POINT ( 'NONE', #1797 ) ;
#1608 = CARTESIAN_POINT ( 'NONE',  ( 0.000000000000000000, 0.07499999999999999722, -0.1000000000000000056 ) ) ;
#1609 = ORIENTED_EDGE ( 'NONE', *, *, #1537, .T. ) ;
#1610 = CYLINDRICAL_SURFACE ( 'NONE', #2880, 0.001000000000000024307 ) ;
#1611 = DIRECTION ( 'NONE',  ( 0.7071067811865474617, 0.000000000000000000, -0.7071067811865474617 ) ) ;
#1612 = AXIS2_PLACEMENT_3D ( 'NONE', #1097, #3095, #2317 ) ;
#1613 = VECTOR ( 'NONE', #2381, 1000.000000000000000 ) ;
#1614 = ORIENTED_EDGE ( 'NONE', *, *, #1703, .F. ) ;
#1615 = CARTESIAN_POINT ( 'NONE',  ( 0.3750000000000000000, 0.000000000000000000, -0.2750000000000000222 ) ) ;
#1616 = CARTESIAN_POINT ( 'NONE',  ( 0.3750000000000000000, 0.1000000000000000056, 0.2750000000000000222 ) ) ;
#1617 = ORIENTED_EDGE ( 'NONE', *, *, #1332, .F. ) ;
#1618 = VECTOR ( 'NONE', #2589, 1000.000000000000000 ) ;
#1619 = VECTOR ( 'NONE', #2704, 999.9999999999998863 ) ;
#1620 = ORIENTED_EDGE ( 'NONE', *, *, #2520, .F. ) ;
#1621 = COLOUR_RGB ( '',0.8588235294117646523, 0.8588235294117646523, 0.8588235294117646523 ) ;
#1622 = EDGE_CURVE ( 'NONE', #560, #2603, #994, .T. ) ;
#1623 = ADVANCED_FACE ( 'NONE', ( #880 ), #1643, .F. ) ;
#1624 = DIRECTION ( 'NONE',  ( 1.000000000000000000, -0.000000000000000000, 0.000000000000000000 ) ) ;
#1625 = DIRECTION ( 'NONE',  ( 0.000000000000000000, -1.000000000000000000, -0.000000000000000000 ) ) ;
#1626 =( GEOMETRIC_REPRESENTATION_CONTEXT ( 3 ) GLOBAL_UNCERTAINTY_ASSIGNED_CONTEXT ( ( #3173 ) ) GLOBAL_UNIT_ASSIGNED_CONTEXT ( ( #1923, #471, #1647 ) ) REPRESENTATION_CONTEXT ( 'NONE', 'WORKASPACE' ) );
#1627 = ORIENTED_EDGE ( 'NONE', *, *, #2628, .T. ) ;
#1628 = CARTESIAN_POINT ( 'NONE',  ( -0.3750000000000000000, 0.000000000000000000, 0.1250000000000000000 ) ) ;
#1629 = SHAPE_REPRESENTATION_RELATIONSHIP ( 'NONE' , 'NONE' ,  #2512, #2314 ) ;
#1630 = ORIENTED_EDGE ( 'NONE', *, *, #175, .F. ) ;
#1631 = CARTESIAN_POINT ( 'NONE',  ( 0.3074999999999999956, -0.02500000000000000139, -0.2750000000000000222 ) ) ;
#1632 = CARTESIAN_POINT ( 'NONE',  ( -0.1010000000000000064, 0.1000000000000000056, 0.1000000000000000056 ) ) ;
#1633 = CARTESIAN_POINT ( 'NONE',  ( 0.1000000000000000056, 0.1000000000000000056, -0.1010000000000000064 ) ) ;
#1634 = UNCERTAINTY_MEASURE_WITH_UNIT (LENGTH_MEASURE( 1.000000000000000082E-05 ), #2613, 'distance_accuracy_value', 'NONE');
#1635 = FACE_OUTER_BOUND ( 'NONE', #2089, .T. ) ;
#1636 = CARTESIAN_POINT ( 'NONE',  ( -0.1010000000000000064, 0.1000000000000000056, 0.2989999999999999880 ) ) ;
#1637 = ORIENTED_EDGE ( 'NONE', *, *, #2499, .T. ) ;
#1638 = DIRECTION ( 'NONE',  ( -1.000000000000000000, 0.000000000000000000, -0.000000000000000000 ) ) ;
#1639 = CARTESIAN_POINT ( 'NONE',  ( -0.3074999999999999956, 0.07499999999999999722, 0.2750000000000000222 ) ) ;
#1640 = VECTOR ( 'NONE', #2408, 1000.000000000000114 ) ;
#1641 = EDGE_CURVE ( 'NONE', #442, #2895, #1884, .T. ) ;
#1642 = ADVANCED_FACE ( 'NONE', ( #102 ), #834, .T. ) ;
#1643 = PLANE ( 'NONE',  #3138 ) ;
#1644 = DIRECTION ( 'NONE',  ( 1.000000000000000000, 0.000000000000000000, -0.000000000000000000 ) ) ;
#1645 = VERTEX_POINT ( 'NONE', #850 ) ;
#1646 = DIRECTION ( 'NONE',  ( 0.000000000000000000, 0.000000000000000000, -1.000000000000000000 ) ) ;
#1647 =( NAMED_UNIT ( * ) SI_UNIT ( $, .STERADIAN. ) SOLID_ANGLE_UNIT ( ) );
#1648 = EDGE_CURVE ( 'NONE', #2217, #2459, #2363, .T. ) ;
#1649 = CARTESIAN_POINT ( 'NONE',  ( -0.2824999999999999734, 0.000000000000000000, 0.09999999999999999167 ) ) ;
#1650 = DIRECTION ( 'NONE',  ( -0.000000000000000000, 1.000000000000000000, 0.000000000000000000 ) ) ;
#1651 = ORIENTED_EDGE ( 'NONE', *, *, #468, .F. ) ;
#1652 = EDGE_LOOP ( 'NONE', ( #2870, #754, #239, #566 ) ) ;
#1653 = DIRECTION ( 'NONE',  ( 0.000000000000000000, -1.000000000000000000, 0.000000000000000000 ) ) ;
#1654 = LINE ( 'NONE', #2859, #1834 ) ;
#1655 = EDGE_LOOP ( 'NONE', ( #655, #449, #881, #2639 ) ) ;
#1656 = DIRECTION ( 'NONE',  ( 1.000000000000000000, 0.000000000000000000, 0.000000000000000000 ) ) ;
#1657 = VECTOR ( 'NONE', #2558, 1000.000000000000000 ) ;
#1658 = SURFACE_STYLE_FILL_AREA ( #713 ) ;
#1659 = SURFACE_STYLE_FILL_AREA ( #1846 ) ;
#1660 = VERTEX_POINT ( 'NONE', #1114 ) ;
#1661 = DIRECTION ( 'NONE',  ( 0.000000000000000000, 0.000000000000000000, -1.000000000000000000 ) ) ;
#1662 = ADVANCED_FACE ( 'NONE', ( #1865 ), #2091, .F. ) ;
#1663 = DIRECTION ( 'NONE',  ( 1.000000000000000000, 0.000000000000000000, 0.000000000000000000 ) ) ;
#1664 = DIRECTION ( 'NONE',  ( 0.000000000000000000, -0.000000000000000000, 1.000000000000000000 ) ) ;
#1665 = PLANE ( 'NONE',  #2338 ) ;
#1666 = EDGE_CURVE ( 'NONE', #936, #1557, #2845, .T. ) ;
#1667 = EDGE_CURVE ( 'NONE', #517, #1016, #2864, .T. ) ;
#1668 = DIRECTION ( 'NONE',  ( 0.000000000000000000, 0.000000000000000000, 1.000000000000000000 ) ) ;
#1669 = UNCERTAINTY_MEASURE_WITH_UNIT (LENGTH_MEASURE( 1.000000000000000082E-05 ), #678, 'distance_accuracy_value', 'NONE');
#1670 = CARTESIAN_POINT ( 'NONE',  ( -0.1000000000000000056, 0.07499999999999999722, -0.2989999999999999880 ) ) ;
#1671 = DIRECTION ( 'NONE',  ( 0.000000000000000000, 0.000000000000000000, -1.000000000000000000 ) ) ;
#1672 = ORIENTED_EDGE ( 'NONE', *, *, #1703, .T. ) ;
#1673 = ORIENTED_EDGE ( 'NONE', *, *, #3055, .T. ) ;
#1674 = DIRECTION ( 'NONE',  ( 1.000000000000000000, 0.000000000000000000, 0.000000000000000000 ) ) ;
#1675 = VECTOR ( 'NONE', #2067, 1000.000000000000114 ) ;
#1676 = DIRECTION ( 'NONE',  ( -0.000000000000000000, 0.000000000000000000, -1.000000000000000000 ) ) ;
#1677 = ORIENTED_EDGE ( 'NONE', *, *, #1945, .T. ) ;
#1678 = DIRECTION ( 'NONE',  ( 1.000000000000000000, 0.000000000000000000, 0.000000000000000000 ) ) ;
#1679 = CARTESIAN_POINT ( 'NONE',  ( 0.3074999999999999956, -0.02500000000000000139, -0.1250000000000000000 ) ) ;
#1680 = LINE ( 'NONE', #3222, #44 ) ;
#1681 = ORIENTED_EDGE ( 'NONE', *, *, #2097, .T. ) ;
#1682 = ORIENTED_EDGE ( 'NONE', *, *, #661, .T. ) ;
#1683 = EDGE_CURVE ( 'NONE', #2274, #2012, #1338, .T. ) ;
#1684 = PLANE ( 'NONE',  #1145 ) ;
#1685 = VECTOR ( 'NONE', #635, 1000.000000000000000 ) ;
#1686 = DIRECTION ( 'NONE',  ( -0.000000000000000000, 1.000000000000000000, 0.000000000000000000 ) ) ;
#1687 = ORIENTED_EDGE ( 'NONE', *, *, #1929, .F. ) ;
#1688 = ORIENTED_EDGE ( 'NONE', *, *, #1945, .F. ) ;
#1689 = CARTESIAN_POINT ( 'NONE',  ( 0.000000000000000000, 0.000000000000000000, 0.1250000000000000000 ) ) ;
#1690 = ORIENTED_EDGE ( 'NONE', *, *, #2382, .F. ) ;
#1691 = ORIENTED_EDGE ( 'NONE', *, *, #1906, .T. ) ;
#1692 = PLANE ( 'NONE',  #1487 ) ;
#1693 =( NAMED_UNIT ( * ) SI_UNIT ( $, .STERADIAN. ) SOLID_ANGLE_UNIT ( ) );
#1694 = DIRECTION ( 'NONE',  ( -0.000000000000000000, -1.000000000000000000, -0.000000000000000000 ) ) ;
#1695 = CYLINDRICAL_SURFACE ( 'NONE', #2230, 0.001000000000000024307 ) ;
#1696 = UNCERTAINTY_MEASURE_WITH_UNIT (LENGTH_MEASURE( 1.000000000000000082E-05 ), #1785, 'distance_accuracy_value', 'NONE');
#1697 = DIRECTION ( 'NONE',  ( 1.000000000000000000, -0.000000000000000000, 0.000000000000000000 ) ) ;
#1698 = DIRECTION ( 'NONE',  ( 0.7071067811865474617, 0.000000000000000000, -0.7071067811865474617 ) ) ;
#1699 = ORIENTED_EDGE ( 'NONE', *, *, #2240, .T. ) ;
#1700 = EDGE_CURVE ( 'NONE', #2275, #984, #1605, .T. ) ;
#1701 = COLOUR_RGB ( '',0.6470588235294117974, 0.6196078431372549211, 0.5882352941176470784 ) ;
#1702 = LINE ( 'NONE', #1918, #1619 ) ;
#1703 = EDGE_CURVE ( 'NONE', #2380, #344, #132, .T. ) ;
#1704 = VECTOR ( 'NONE', #87, 1000.000000000000000 ) ;
#1705 =( LENGTH_UNIT ( ) NAMED_UNIT ( * ) SI_UNIT ( .MILLI., .METRE. ) );
#1706 = ORIENTED_EDGE ( 'NONE', *, *, #1005, .T. ) ;
#1707 = FACE_OUTER_BOUND ( 'NONE', #948, .T. ) ;
#1708 = SHAPE_DEFINITION_REPRESENTATION ( #1444, #735 ) ;
#1709 = DIRECTION ( 'NONE',  ( 0.000000000000000000, 0.000000000000000000, 1.000000000000000000 ) ) ;
#1710 = LINE ( 'NONE', #1726, #2533 ) ;
#1711 = ORIENTED_EDGE ( 'NONE', *, *, #615, .F. ) ;
#1712 = AXIS2_PLACEMENT_3D ( 'NONE', #203, #2970, #1956 ) ;
#1713 = CARTESIAN_POINT ( 'NONE',  ( 0.000000000000000000, 0.07499999999999999722, -0.2999999999999999889 ) ) ;
#1714 = CARTESIAN_POINT ( 'NONE',  ( 0.1000000000000000056, 0.000000000000000000, -0.1010000000000000064 ) ) ;
#1715 = VERTEX_POINT ( 'NONE', #1566 ) ;
#1716 = ORIENTED_EDGE ( 'NONE', *, *, #1160, .T. ) ;
#1717 = AXIS2_PLACEMENT_3D ( 'NONE', #1844, #2549, #2090 ) ;
#1718 = DIRECTION ( 'NONE',  ( -0.7071067811865474617, 0.000000000000000000, 0.7071067811865474617 ) ) ;
#1719 = EDGE_CURVE ( 'NONE', #1116, #936, #643, .T. ) ;
#1720 = EDGE_CURVE ( 'NONE', #2993, #3177, #2330, .T. ) ;
#1721 = ORIENTED_EDGE ( 'NONE', *, *, #1837, .T. ) ;
#1722 = LINE ( 'NONE', #68, #2177 ) ;
#1723 = AXIS2_PLACEMENT_3D ( 'NONE', #629, #439, #420 ) ;
#1724 = PRESENTATION_LAYER_ASSIGNMENT (  '', '', ( #1823 ) ) ;
#1725 = DIRECTION ( 'NONE',  ( 0.000000000000000000, -1.000000000000000000, -0.000000000000000000 ) ) ;
#1726 = CARTESIAN_POINT ( 'NONE',  ( -0.1000000000000000056, -0.02500000000000000139, 0.1010000000000000203 ) ) ;
#1727 = CARTESIAN_POINT ( 'NONE',  ( 0.3074999999999999956, 0.07499999999999999722, 0.1250000000000000000 ) ) ;
#1728 = AXIS2_PLACEMENT_3D ( 'NONE', #492, #1277, #1249 ) ;
#1729 = CARTESIAN_POINT ( 'NONE',  ( 0.3074999999999999956, 1.355252715606880543E-17, 0.2750000000000000222 ) ) ;
#1730 = ORIENTED_EDGE ( 'NONE', *, *, #385, .F. ) ;
#1731 = AXIS2_PLACEMENT_3D ( 'NONE', #1284, #811, #1790 ) ;
#1732 = LINE ( 'NONE', #14, #1195 ) ;
#1733 = AXIS2_PLACEMENT_3D ( 'NONE', #2088, #111, #2341 ) ;
#1734 = VERTEX_POINT ( 'NONE', #3129 ) ;
#1735 = PLANE ( 'NONE',  #507 ) ;
#1736 = EDGE_CURVE ( 'NONE', #405, #2012, #2354, .T. ) ;
#1737 = SHAPE_REPRESENTATION ( 'RAA0004A_BODY', ( #1728 ), #1626 ) ;
#1738 = CARTESIAN_POINT ( 'NONE',  ( 0.3750000000000000000, 0.000000000000000000, 0.1249999999999999445 ) ) ;
#1739 = LINE ( 'NONE', #2743, #2796 ) ;
#1740 = ORIENTED_EDGE ( 'NONE', *, *, #1462, .F. ) ;
#1741 = DIRECTION ( 'NONE',  ( 0.7071067811865474617, 0.000000000000000000, -0.7071067811865474617 ) ) ;
#1742 = EDGE_LOOP ( 'NONE', ( #427, #226, #1228, #709 ) ) ;
#1743 = CARTESIAN_POINT ( 'NONE',  ( 0.000000000000000000, 0.000000000000000000, -0.1250000000000000000 ) ) ;
#1744 = LINE ( 'NONE', #1959, #640 ) ;
#1745 = VERTEX_POINT ( 'NONE', #2062 ) ;
#1746 =( NAMED_UNIT ( * ) SI_UNIT ( $, .STERADIAN. ) SOLID_ANGLE_UNIT ( ) );
#1747 = VECTOR ( 'NONE', #805, 1000.000000000000000 ) ;
#1748 = ORIENTED_EDGE ( 'NONE', *, *, #298, .T. ) ;
#1749 = CARTESIAN_POINT ( 'NONE',  ( 0.1010000000000000203, 0.07499999999999999722, -0.1000000000000000056 ) ) ;
#1750 = MANIFOLD_SOLID_BREP ( 'Imported1', #1987 ) ;
#1751 = DIRECTION ( 'NONE',  ( 0.000000000000000000, -1.000000000000000000, 0.000000000000000000 ) ) ;
#1752 =( NAMED_UNIT ( * ) PLANE_ANGLE_UNIT ( ) SI_UNIT ( $, .RADIAN. ) );
#1753 = SHAPE_REPRESENTATION ( 'RAA0004A_FRAME_3', ( #1728 ), #752 ) ;
#1754 = VECTOR ( 'NONE', #1697, 1000.000000000000000 ) ;
#1755 = DIRECTION ( 'NONE',  ( 0.000000000000000000, 0.000000000000000000, -1.000000000000000000 ) ) ;
#1756 = CARTESIAN_POINT ( 'NONE',  ( -0.3074999999999999956, 0.07500000000000003886, -0.1250000000000000000 ) ) ;
#1757 = EDGE_CURVE ( 'NONE', #1498, #2941, #2923, .T. ) ;
#1758 = EDGE_CURVE ( 'NONE', #442, #2603, #1559, .T. ) ;
#1759 = CARTESIAN_POINT ( 'NONE',  ( 0.2824999999999999734, 0.000000000000000000, -0.2999999999999999889 ) ) ;
#1760 = EDGE_LOOP ( 'NONE', ( #2851, #2677, #2252, #256 ) ) ;
#1761 = DIRECTION ( 'NONE',  ( 0.000000000000000000, 0.000000000000000000, 1.000000000000000000 ) ) ;
#1762 = CARTESIAN_POINT ( 'NONE',  ( 0.3750000000000000000, 0.000000000000000000, -0.4249999999999999889 ) ) ;
#1763 = ORIENTED_EDGE ( 'NONE', *, *, #2499, .F. ) ;
#1764 = VECTOR ( 'NONE', #2405, 1000.000000000000000 ) ;
#1765 = ORIENTED_EDGE ( 'NONE', *, *, #2966, .F. ) ;
#1766 = DIRECTION ( 'NONE',  ( 0.000000000000000000, -1.000000000000000000, 0.000000000000000000 ) ) ;
#1767 = ITEM_DEFINED_TRANSFORMATION ( 'NONE', 'NONE', #1004,  #1728 ) ;
#1768 = DIRECTION ( 'NONE',  ( -0.000000000000000000, -1.000000000000000000, 0.000000000000000000 ) ) ;
#1769 = DIRECTION ( 'NONE',  ( -0.7071067811865474617, 0.000000000000000000, -0.7071067811865474617 ) ) ;
#1770 =( NAMED_UNIT ( * ) PLANE_ANGLE_UNIT ( ) SI_UNIT ( $, .RADIAN. ) );
#1771 = AXIS2_PLACEMENT_3D ( 'NONE', #35, #2296, #69 ) ;
#1772 = ORIENTED_EDGE ( 'NONE', *, *, #2500, .T. ) ;
#1773 = PLANE ( 'NONE',  #2085 ) ;
#1774 = FACE_OUTER_BOUND ( 'NONE', #465, .T. ) ;
#1775 = ORIENTED_EDGE ( 'NONE', *, *, #3121, .T. ) ;
#1776 = ADVANCED_FACE ( 'NONE', ( #3008 ), #450, .F. ) ;
#1777 = DIRECTION ( 'NONE',  ( 0.000000000000000000, 0.000000000000000000, -1.000000000000000000 ) ) ;
#1778 = CARTESIAN_POINT ( 'NONE',  ( 0.1000000000000000056, 0.000000000000000000, 0.2989999999999999880 ) ) ;
#1779 = DIRECTION ( 'NONE',  ( 1.000000000000000000, 0.000000000000000000, 0.000000000000000000 ) ) ;
#1780 = VERTEX_POINT ( 'NONE', #724 ) ;
#1781 = VERTEX_POINT ( 'NONE', #1500 ) ;
#1782 = DIRECTION ( 'NONE',  ( -0.000000000000000000, -1.000000000000000000, 0.000000000000000000 ) ) ;
#1783 = CONTEXT_DEPENDENT_SHAPE_REPRESENTATION ( #2759, #458 ) ;
#1784 = PLANE ( 'NONE',  #848 ) ;
#1785 =( LENGTH_UNIT ( ) NAMED_UNIT ( * ) SI_UNIT ( .MILLI., .METRE. ) );
#1786 = CARTESIAN_POINT ( 'NONE',  ( 0.1000000000000000056, 0.000000000000000000, 0.2989999999999999880 ) ) ;
#1787 = FACE_OUTER_BOUND ( 'NONE', #766, .T. ) ;
#1788 = CARTESIAN_POINT ( 'NONE',  ( -0.1000000000000000056, 0.07499999999999999722, 0.2989999999999999880 ) ) ;
#1789 = VERTEX_POINT ( 'NONE', #2395 ) ;
#1790 = DIRECTION ( 'NONE',  ( -0.7071067811865474617, 0.000000000000000000, -0.7071067811865474617 ) ) ;
#1791 = EDGE_CURVE ( 'NONE', #405, #3070, #1904, .T. ) ;
#1792 = LINE ( 'NONE', #82, #2569 ) ;
#1793 = ORIENTED_EDGE ( 'NONE', *, *, #616, .T. ) ;
#1794 = ADVANCED_FACE ( 'NONE', ( #967 ), #782, .F. ) ;
#1795 = ORIENTED_EDGE ( 'NONE', *, *, #511, .T. ) ;
#1796 = CARTESIAN_POINT ( 'NONE',  ( -0.2824999999999999734, 0.1000000000000000056, 0.1000000000000000056 ) ) ;
#1797 = CARTESIAN_POINT ( 'NONE',  ( 0.1010000000000000064, 0.000000000000000000, 0.1000000000000000056 ) ) ;
#1798 = DIRECTION ( 'NONE',  ( 1.000000000000000000, 0.000000000000000000, 0.000000000000000000 ) ) ;
#1799 = DIRECTION ( 'NONE',  ( 1.000000000000000000, 0.000000000000000000, 0.000000000000000000 ) ) ;
#1800 = PRESENTATION_LAYER_ASSIGNMENT (  '', '', ( #2066 ) ) ;
#1801 = VECTOR ( 'NONE', #160, 1000.000000000000000 ) ;
#1802 = CARTESIAN_POINT ( 'NONE',  ( 0.3074999999999999400, 1.355252715606880543E-17, 0.2750000000000000777 ) ) ;
#1803 = ORIENTED_EDGE ( 'NONE', *, *, #1700, .T. ) ;
#1804 = DIRECTION ( 'NONE',  ( 0.000000000000000000, 0.000000000000000000, 1.000000000000000000 ) ) ;
#1805 = CARTESIAN_POINT ( 'NONE',  ( 0.000000000000000000, 0.000000000000000000, 0.000000000000000000 ) ) ;
#1806 = VERTEX_POINT ( 'NONE', #1952 ) ;
#1807 = ORIENTED_EDGE ( 'NONE', *, *, #448, .F. ) ;
#1808 = FACE_OUTER_BOUND ( 'NONE', #2215, .T. ) ;
#1809 = EDGE_CURVE ( 'NONE', #289, #2108, #2904, .T. ) ;
#1810 = EDGE_CURVE ( 'NONE', #302, #2115, #3149, .T. ) ;
#1811 = DIRECTION ( 'NONE',  ( 1.000000000000000000, 0.000000000000000000, 0.000000000000000000 ) ) ;
#1812 = LINE ( 'NONE', #2033, #403 ) ;
#1813 = ORIENTED_EDGE ( 'NONE', *, *, #2536, .T. ) ;
#1814 = LINE ( 'NONE', #1570, #1571 ) ;
#1815 =( NAMED_UNIT ( * ) SI_UNIT ( $, .STERADIAN. ) SOLID_ANGLE_UNIT ( ) );
#1816 = VERTEX_POINT ( 'NONE', #216 ) ;
#1817 = EDGE_CURVE ( 'NONE', #1339, #1553, #1936, .T. ) ;
#1818 = FACE_OUTER_BOUND ( 'NONE', #2814, .T. ) ;
#1819 = CARTESIAN_POINT ( 'NONE',  ( -0.3750000000000000000, 0.07499999999999999722, 0.2750000000000000222 ) ) ;
#1820 = MANIFOLD_SOLID_BREP ( 'Imported1', #750 ) ;
#1821 = EDGE_LOOP ( 'NONE', ( #379, #1131, #2528, #1105 ) ) ;
#1822 = EDGE_LOOP ( 'NONE', ( #3119, #3178, #2737, #2724 ) ) ;
#1823 = STYLED_ITEM ( 'NONE', ( #348 ), #1750 ) ;
#1824 = CARTESIAN_POINT ( 'NONE',  ( 0.000000000000000000, 0.000000000000000000, -0.2999999999999999889 ) ) ;
#1825 = CARTESIAN_POINT ( 'NONE',  ( -0.3074999999999999956, 0.000000000000000000, 0.2749999999999999667 ) ) ;
#1826 = ORIENTED_EDGE ( 'NONE', *, *, #2097, .F. ) ;
#1827 = CARTESIAN_POINT ( 'NONE',  ( -0.1010000000000000064, 0.000000000000000000, -0.2999999999999999889 ) ) ;
#1828 = DIRECTION ( 'NONE',  ( 0.7071067811865477948, 0.000000000000000000, 0.7071067811865473507 ) ) ;
#1829 = DIRECTION ( 'NONE',  ( -1.000000000000000000, -0.000000000000000000, 0.000000000000000000 ) ) ;
#1830 = ORIENTED_EDGE ( 'NONE', *, *, #1622, .T. ) ;
#1831 = DIRECTION ( 'NONE',  ( -0.000000000000000000, -1.000000000000000000, -0.000000000000000000 ) ) ;
#1832 = EDGE_CURVE ( 'NONE', #2791, #445, #1200, .T. ) ;
#1833 = ORIENTED_EDGE ( 'NONE', *, *, #493, .T. ) ;
#1834 = VECTOR ( 'NONE', #3142, 1000.000000000000114 ) ;
#1835 = CARTESIAN_POINT ( 'NONE',  ( 0.2824999999999999734, -0.02500000000000000139, 0.1000000000000000056 ) ) ;
#1836 = CARTESIAN_POINT ( 'NONE',  ( 0.2824999999999999734, 0.1000000000000000056, -0.1000000000000000056 ) ) ;
#1837 = EDGE_CURVE ( 'NONE', #1607, #158, #515, .T. ) ;
#1838 = ORIENTED_EDGE ( 'NONE', *, *, #1332, .T. ) ;
#1839 = LINE ( 'NONE', #2669, #2313 ) ;
#1840 = PRODUCT_DEFINITION_FORMATION_WITH_SPECIFIED_SOURCE ( 'ANY', '', #2779, .NOT_KNOWN. ) ;
#1841 = DIRECTION ( 'NONE',  ( 0.000000000000000000, 0.000000000000000000, 1.000000000000000000 ) ) ;
#1842 = ORIENTED_EDGE ( 'NONE', *, *, #1832, .F. ) ;
#1843 = ORIENTED_EDGE ( 'NONE', *, *, #2210, .F. ) ;
#1844 = CARTESIAN_POINT ( 'NONE',  ( -0.1010000000000000064, 0.000000000000000000, 0.1010000000000000064 ) ) ;
#1845 = CARTESIAN_POINT ( 'NONE',  ( -0.3750000000000000000, 0.000000000000000000, 0.000000000000000000 ) ) ;
#1846 = FILL_AREA_STYLE ('',( #2866 ) ) ;
#1847 = EDGE_LOOP ( 'NONE', ( #3006, #381, #1990, #3033, #1361, #1330, #476, #1232, #362, #2995 ) ) ;
#1848 = LINE ( 'NONE', #105, #181 ) ;
#1849 = VECTOR ( 'NONE', #1882, 1000.000000000000000 ) ;
#1850 = LINE ( 'NONE', #2649, #960 ) ;
#1851 = CARTESIAN_POINT ( 'NONE',  ( 0.000000000000000000, 0.07499999999999999722, 0.000000000000000000 ) ) ;
#1852 = COLOUR_RGB ( '',0.6470588235294117974, 0.6196078431372549211, 0.5882352941176470784 ) ;
#1853 = ORIENTED_EDGE ( 'NONE', *, *, #1239, .F. ) ;
#1854 = UNCERTAINTY_MEASURE_WITH_UNIT (LENGTH_MEASURE( 1.000000000000000082E-05 ), #207, 'distance_accuracy_value', 'NONE');
#1855 = APPLICATION_CONTEXT ( 'automotive_design' ) ;
#1856 = ADVANCED_FACE ( 'NONE', ( #265 ), #28, .T. ) ;
#1857 = EDGE_CURVE ( 'NONE', #712, #1066, #1579, .T. ) ;
#1858 = LINE ( 'NONE', #2621, #1946 ) ;
#1859 = DIRECTION ( 'NONE',  ( 1.000000000000000000, -0.000000000000000000, 0.000000000000000000 ) ) ;
#1860 = ORIENTED_EDGE ( 'NONE', *, *, #323, .F. ) ;
#1861 = SHAPE_REPRESENTATION ( 'TPS22991CNRAAR', ( #1723, #591, #2411 ), #3136 ) ;
#1862 = CIRCLE ( 'NONE', #1206, 0.001000000000000024307 ) ;
#1863 = CARTESIAN_POINT ( 'NONE',  ( -0.3074999999999999956, 0.000000000000000000, -0.2750000000000000222 ) ) ;
#1864 = CIRCLE ( 'NONE', #2858, 0.0009999999999999972019 ) ;
#1865 = FACE_OUTER_BOUND ( 'NONE', #1045, .T. ) ;
#1866 = CARTESIAN_POINT ( 'NONE',  ( -0.3750000000000000000, 0.1000000000000000056, 0.1250000000000000000 ) ) ;
#1867 = ORIENTED_EDGE ( 'NONE', *, *, #1387, .T. ) ;
#1868 = CARTESIAN_POINT ( 'NONE',  ( 0.1010000000000000064, 0.07499999999999999722, 0.1010000000000000064 ) ) ;
#1869 = DIRECTION ( 'NONE',  ( 0.000000000000000000, 0.000000000000000000, 1.000000000000000000 ) ) ;
#1870 = CARTESIAN_POINT ( 'NONE',  ( 0.000000000000000000, 0.000000000000000000, -0.2999999999999999889 ) ) ;
#1871 = CARTESIAN_POINT ( 'NONE',  ( -0.3074999999999999956, -0.02500000000000000139, 0.1250000000000000000 ) ) ;
#1872 = CIRCLE ( 'NONE', #1612, 0.001000000000000024307 ) ;
#1873 = VECTOR ( 'NONE', #706, 1000.000000000000000 ) ;
#1874 = FACE_OUTER_BOUND ( 'NONE', #2714, .T. ) ;
#1875 = FACE_OUTER_BOUND ( 'NONE', #2474, .T. ) ;
#1876 = LINE ( 'NONE', #1436, #2867 ) ;
#1877 = ORIENTED_EDGE ( 'NONE', *, *, #1809, .F. ) ;
#1878 = PRODUCT_DEFINITION ( 'UNKNOWN', '', #1430, #3140 ) ;
#1879 = EDGE_CURVE ( 'NONE', #1453, #432, #711, .T. ) ;
#1880 = VECTOR ( 'NONE', #2077, 1000.000000000000114 ) ;
#1881 = VECTOR ( 'NONE', #1433, 1000.000000000000000 ) ;
#1882 = DIRECTION ( 'NONE',  ( 0.000000000000000000, -1.000000000000000000, -0.000000000000000000 ) ) ;
#1883 = LINE ( 'NONE', #1186, #1047 ) ;
#1884 = LINE ( 'NONE', #2346, #901 ) ;
#1885 = FILL_AREA_STYLE ('',( #2107 ) ) ;
#1886 = VECTOR ( 'NONE', #2746, 1000.000000000000000 ) ;
#1887 = ORIENTED_EDGE ( 'NONE', *, *, #1128, .T. ) ;
#1888 = DIRECTION ( 'NONE',  ( -1.000000000000000000, -0.000000000000000000, -0.000000000000000000 ) ) ;
#1889 = CARTESIAN_POINT ( 'NONE',  ( -0.4749999999999999778, 0.1000000000000000056, -0.1000000000000000056 ) ) ;
#1890 = LINE ( 'NONE', #1135, #2542 ) ;
#1891 = VECTOR ( 'NONE', #290, 1000.000000000000000 ) ;
#1892 = AXIS2_PLACEMENT_3D ( 'NONE', #667, #1132, #3115 ) ;
#1893 = VECTOR ( 'NONE', #191, 1000.000000000000000 ) ;
#1894 = EDGE_LOOP ( 'NONE', ( #790, #877, #2720, #903 ) ) ;
#1895 = UNCERTAINTY_MEASURE_WITH_UNIT (LENGTH_MEASURE( 1.000000000000000082E-05 ), #2730, 'distance_accuracy_value', 'NONE');
#1896 = EDGE_LOOP ( 'NONE', ( #2860, #1690, #1950, #2949 ) ) ;
#1897 = DIRECTION ( 'NONE',  ( 0.7071067811865474617, -0.000000000000000000, 0.7071067811865474617 ) ) ;
#1898 = DIRECTION ( 'NONE',  ( -0.7071067811865474617, -0.000000000000000000, 0.7071067811865474617 ) ) ;
#1899 = EDGE_LOOP ( 'NONE', ( #1257, #2560, #3203, #2586 ) ) ;
#1900 = ORIENTED_EDGE ( 'NONE', *, *, #1537, .F. ) ;
#1901 = ADVANCED_FACE ( 'NONE', ( #547 ), #2043, .T. ) ;
#1902 = PRODUCT_DEFINITION_FORMATION_WITH_SPECIFIED_SOURCE ( 'ANY', '', #1151, .NOT_KNOWN. ) ;
#1903 = CARTESIAN_POINT ( 'NONE',  ( 0.000000000000000000, 0.000000000000000000, -0.1000000000000000056 ) ) ;
#1904 = LINE ( 'NONE', #2409, #529 ) ;
#1905 = EDGE_CURVE ( 'NONE', #1973, #10, #110, .T. ) ;
#1906 = EDGE_CURVE ( 'NONE', #150, #539, #3054, .T. ) ;
#1907 = SURFACE_SIDE_STYLE ('',( #1659 ) ) ;
#1908 = ORIENTED_EDGE ( 'NONE', *, *, #174, .F. ) ;
#1909 = CARTESIAN_POINT ( 'NONE',  ( 0.3074999999999999956, -0.02500000000000000139, 0.2750000000000000222 ) ) ;
#1910 = SHAPE_DEFINITION_REPRESENTATION ( #1546, #1737 ) ;
#1911 = PLANE ( 'NONE',  #301 ) ;
#1912 = CARTESIAN_POINT ( 'NONE',  ( -0.1000000000000000056, 0.000000000000000000, 0.1010000000000000203 ) ) ;
#1913 = LINE ( 'NONE', #2668, #1881 ) ;
#1914 = PRESENTATION_STYLE_ASSIGNMENT (( #171 ) ) ;
#1915 = VECTOR ( 'NONE', #1049, 1000.000000000000000 ) ;
#1916 = LINE ( 'NONE', #1139, #1873 ) ;
#1917 = ORIENTED_EDGE ( 'NONE', *, *, #1994, .F. ) ;
#1918 = CARTESIAN_POINT ( 'NONE',  ( 0.2824999999999999734, 0.07499999999999999722, 0.1000000000000000056 ) ) ;
#1919 = VECTOR ( 'NONE', #39, 1000.000000000000000 ) ;
#1920 = EDGE_LOOP ( 'NONE', ( #1748, #1109, #1414, #1283 ) ) ;
#1921 = VERTEX_POINT ( 'NONE', #278 ) ;
#1922 = DIRECTION ( 'NONE',  ( 0.000000000000000000, 0.000000000000000000, 1.000000000000000000 ) ) ;
#1923 =( LENGTH_UNIT ( ) NAMED_UNIT ( * ) SI_UNIT ( .MILLI., .METRE. ) );
#1924 = ADVANCED_FACE ( 'NONE', ( #598 ), #3072, .T. ) ;
#1925 = EDGE_CURVE ( 'NONE', #2825, #576, #1318, .T. ) ;
#1926 = LINE ( 'NONE', #923, #632 ) ;
#1927 = LINE ( 'NONE', #2927, #2440 ) ;
#1928 = ORIENTED_EDGE ( 'NONE', *, *, #552, .T. ) ;
#1929 = EDGE_CURVE ( 'NONE', #2108, #1137, #2822, .T. ) ;
#1930 = UNCERTAINTY_MEASURE_WITH_UNIT (LENGTH_MEASURE( 1.000000000000000082E-05 ), #1003, 'distance_accuracy_value', 'NONE');
#1931 = LINE ( 'NONE', #398, #1764 ) ;
#1932 = EDGE_LOOP ( 'NONE', ( #47, #3197, #1188, #1241, #962, #2750, #71, #7, #1485, #1602 ) ) ;
#1933 = ORIENTED_EDGE ( 'NONE', *, *, #154, .F. ) ;
#1934 = AXIS2_PLACEMENT_3D ( 'NONE', #919, #197, #3182 ) ;
#1935 = LINE ( 'NONE', #1197, #1801 ) ;
#1936 = LINE ( 'NONE', #2257, #3194 ) ;
#1937 = EDGE_LOOP ( 'NONE', ( #1772, #2070, #1035, #553 ) ) ;
#1938 =( LENGTH_UNIT ( ) NAMED_UNIT ( * ) SI_UNIT ( .MILLI., .METRE. ) );
#1939 = DIRECTION ( 'NONE',  ( 1.000000000000000000, 0.000000000000000000, 0.000000000000000000 ) ) ;
#1940 = FACE_OUTER_BOUND ( 'NONE', #27, .T. ) ;
#1941 = CYLINDRICAL_SURFACE ( 'NONE', #1198, 0.0009999999999999972019 ) ;
#1942 = ADVANCED_FACE ( 'NONE', ( #2766 ), #2307, .F. ) ;
#1943 = EDGE_LOOP ( 'NONE', ( #837, #1673, #112, #1048 ) ) ;
#1944 = PLANE ( 'NONE',  #2445 ) ;
#1945 = EDGE_CURVE ( 'NONE', #1806, #936, #3148, .T. ) ;
#1946 = VECTOR ( 'NONE', #3174, 1000.000000000000114 ) ;
#1947 = LINE ( 'NONE', #1511, #1456 ) ;
#1948 = ORIENTED_EDGE ( 'NONE', *, *, #1328, .T. ) ;
#1949 = ORIENTED_EDGE ( 'NONE', *, *, #2761, .F. ) ;
#1950 = ORIENTED_EDGE ( 'NONE', *, *, #2517, .F. ) ;
#1951 = PLANE ( 'NONE',  #2843 ) ;
#1952 = CARTESIAN_POINT ( 'NONE',  ( 0.1010000000000000064, 0.000000000000000000, -0.2999999999999999889 ) ) ;
#1953 = ORIENTED_EDGE ( 'NONE', *, *, #1270, .T. ) ;
#1954 = CARTESIAN_POINT ( 'NONE',  ( 0.1010000000000000064, 0.1000000000000000056, -0.2989999999999999880 ) ) ;
#1955 = PRODUCT_CONTEXT ( 'NONE', #99, 'mechanical' ) ;
#1956 = DIRECTION ( 'NONE',  ( 0.000000000000000000, -0.000000000000000000, 1.000000000000000000 ) ) ;
#1957 = CARTESIAN_POINT ( 'NONE',  ( 0.1010000000000000203, 0.000000000000000000, 0.2999999999999999889 ) ) ;
#1958 = DIRECTION ( 'NONE',  ( -0.000000000000000000, -1.000000000000000000, 0.000000000000000000 ) ) ;
#1959 = CARTESIAN_POINT ( 'NONE',  ( -0.1000000000000000056, -0.02500000000000000139, 0.2989999999999999880 ) ) ;
#1960 = EDGE_LOOP ( 'NONE', ( #1059, #2198, #1175, #1599 ) ) ;
#1961 = ADVANCED_FACE ( 'NONE', ( #2561 ), #93, .T. ) ;
#1962 = EDGE_CURVE ( 'NONE', #2204, #565, #1043, .T. ) ;
#1963 = ORIENTED_EDGE ( 'NONE', *, *, #778, .T. ) ;
#1964 = DIRECTION ( 'NONE',  ( -0.000000000000000000, 1.000000000000000000, 0.000000000000000000 ) ) ;
#1965 = EDGE_CURVE ( 'NONE', #627, #535, #1077, .T. ) ;
#1966 = APPLICATION_CONTEXT ( 'automotive_design' ) ;
#1967 = ORIENTED_EDGE ( 'NONE', *, *, #269, .F. ) ;
#1968 = PLANE ( 'NONE',  #759 ) ;
#1969 = ITEM_DEFINED_TRANSFORMATION ( 'NONE', 'NONE', #591,  #2975 ) ;
#1970 = PRODUCT ( 'RAA0004A_FRAME_3', 'RAA0004A_FRAME_3', '', ( #2709 ) ) ;
#1971 = CARTESIAN_POINT ( 'NONE',  ( 0.3074999999999999956, 0.000000000000000000, 0.1250000000000000000 ) ) ;
#1972 = CARTESIAN_POINT ( 'NONE',  ( -0.2824999999999999734, 0.1000000000000000056, 0.1000000000000000056 ) ) ;
#1973 = VERTEX_POINT ( 'NONE', #3089 ) ;
#1974 = DIRECTION ( 'NONE',  ( -1.000000000000000000, 0.000000000000000000, -0.000000000000000000 ) ) ;
#1975 = FACE_OUTER_BOUND ( 'NONE', #194, .T. ) ;
#1976 = VERTEX_POINT ( 'NONE', #342 ) ;
#1977 = ORIENTED_EDGE ( 'NONE', *, *, #97, .T. ) ;
#1978 = ADVANCED_FACE ( 'NONE', ( #325 ), #1300, .F. ) ;
#1979 = CARTESIAN_POINT ( 'NONE',  ( 0.2824999999999999734, 0.07499999999999999722, 0.1000000000000000056 ) ) ;
#1980 = ADVANCED_FACE ( 'NONE', ( #1560 ), #2340, .T. ) ;
#1981 = ORIENTED_EDGE ( 'NONE', *, *, #1648, .F. ) ;
#1982 = DIRECTION ( 'NONE',  ( 0.000000000000000000, 0.000000000000000000, -1.000000000000000000 ) ) ;
#1983 = VECTOR ( 'NONE', #2125, 1000.000000000000000 ) ;
#1984 = CARTESIAN_POINT ( 'NONE',  ( 0.000000000000000000, 0.000000000000000000, 0.2999999999999999889 ) ) ;
#1985 = CARTESIAN_POINT ( 'NONE',  ( 0.1010000000000000064, -0.02500000000000000139, 0.2989999999999999880 ) ) ;
#1986 = DIRECTION ( 'NONE',  ( 0.7071067811865475727, 0.000000000000000000, 0.7071067811865475727 ) ) ;
#1987 = CLOSED_SHELL ( 'NONE', ( #1136, #934, #721, #2962, #690, #1348, #1961, #2979, #2277, #1255, #411, #985, #1499, #115, #2483, #2448, #753, #2078, #2281, #2118, #1642, #15, #701, #2836, #1367, #1980, #1924, #973, #2470, #1794, #3212, #384, #1176, #2402, #1577, #1407, #3077, #268, #2303, #3147, #365, #1997, #1596, #2554, #1282, #2687 ) ) ;
#1988 = LINE ( 'NONE', #1251, #1601 ) ;
#1989 = FACE_OUTER_BOUND ( 'NONE', #1960, .T. ) ;
#1990 = ORIENTED_EDGE ( 'NONE', *, *, #2625, .F. ) ;
#1991 = STYLED_ITEM ( 'NONE', ( #1914 ), #2141 ) ;
#1992 = VECTOR ( 'NONE', #1831, 1000.000000000000000 ) ;
#1993 = VECTOR ( 'NONE', #292, 1000.000000000000000 ) ;
#1994 = EDGE_CURVE ( 'NONE', #734, #1064, #2087, .T. ) ;
#1995 = ORIENTED_EDGE ( 'NONE', *, *, #3058, .F. ) ;
#1996 = DIRECTION ( 'NONE',  ( -0.000000000000000000, -1.000000000000000000, -0.000000000000000000 ) ) ;
#1997 = ADVANCED_FACE ( 'NONE', ( #926 ), #1597, .F. ) ;
#1998 = EDGE_CURVE ( 'NONE', #169, #2459, #874, .T. ) ;
#1999 = LINE ( 'NONE', #2999, #1365 ) ;
#2000 = FACE_OUTER_BOUND ( 'NONE', #162, .T. ) ;
#2001 = PRODUCT_DEFINITION_FORMATION_WITH_SPECIFIED_SOURCE ( 'ANY', '', #1970, .NOT_KNOWN. ) ;
#2002 = DIRECTION ( 'NONE',  ( 1.000000000000000000, 0.000000000000000000, 0.000000000000000000 ) ) ;
#2003 = ORIENTED_EDGE ( 'NONE', *, *, #2165, .F. ) ;
#2004 = ORIENTED_EDGE ( 'NONE', *, *, #938, .F. ) ;
#2005 = PLANE ( 'NONE',  #2598 ) ;
#2006 = PLANE ( 'NONE',  #363 ) ;
#2007 = VERTEX_POINT ( 'NONE', #2637 ) ;
#2008 = LINE ( 'NONE', #482, #451 ) ;
#2009 = PRESENTATION_LAYER_ASSIGNMENT (  '', '', ( #1289 ) ) ;
#2010 = VECTOR ( 'NONE', #992, 1000.000000000000000 ) ;
#2011 = VECTOR ( 'NONE', #1567, 1000.000000000000000 ) ;
#2012 = VERTEX_POINT ( 'NONE', #1670 ) ;
#2013 = LINE ( 'NONE', #2522, #345 ) ;
#2014 = CARTESIAN_POINT ( 'NONE',  ( 0.000000000000000000, 0.000000000000000000, 0.000000000000000000 ) ) ;
#2015 = CARTESIAN_POINT ( 'NONE',  ( -0.1000000000000000056, 0.000000000000000000, 0.1010000000000000203 ) ) ;
#2016 = EDGE_CURVE ( 'NONE', #2335, #581, #1839, .T. ) ;
#2017 =( LENGTH_UNIT ( ) NAMED_UNIT ( * ) SI_UNIT ( .MILLI., .METRE. ) );
#2018 = VECTOR ( 'NONE', #888, 1000.000000000000000 ) ;
#2019 = FILL_AREA_STYLE ('',( #2253 ) ) ;
#2020 = CARTESIAN_POINT ( 'NONE',  ( -0.1010000000000000064, 0.1000000000000000056, -0.2989999999999999880 ) ) ;
#2021 = DIRECTION ( 'NONE',  ( 0.000000000000000000, 0.000000000000000000, -1.000000000000000000 ) ) ;
#2023 = ORIENTED_EDGE ( 'NONE', *, *, #248, .T. ) ;
#2022 = VECTOR ( 'NONE', #1768, 1000.000000000000000 ) ;
#2024 = DIRECTION ( 'NONE',  ( -0.000000000000000000, -0.000000000000000000, 1.000000000000000000 ) ) ;
#2025 = DIRECTION ( 'NONE',  ( 1.000000000000000000, 0.000000000000000000, -0.000000000000000000 ) ) ;
#2026 = ORIENTED_EDGE ( 'NONE', *, *, #917, .F. ) ;
#2027 = CIRCLE ( 'NONE', #639, 0.0009999999999999972019 ) ;
#2028 = AXIS2_PLACEMENT_3D ( 'NONE', #444, #1173, #2119 ) ;
#2029 = EDGE_LOOP ( 'NONE', ( #1215, #1002, #2120, #2698, #113, #3088, #1472, #452, #825, #1199, #2263, #1795 ) ) ;
#2030 = LINE ( 'NONE', #3029, #3169 ) ;
#2031 = APPLICATION_PROTOCOL_DEFINITION ( 'draft international standard', 'automotive_design', 1998, #1038 ) ;
#2032 = CARTESIAN_POINT ( 'NONE',  ( 0.1010000000000000064, -0.02500000000000000139, 0.1010000000000000064 ) ) ;
#2033 = CARTESIAN_POINT ( 'NONE',  ( -0.3750000000000000000, 0.000000000000000000, -0.4249999999999999889 ) ) ;
#2034 = ORIENTED_EDGE ( 'NONE', *, *, #1994, .T. ) ;
#2035 = VECTOR ( 'NONE', #806, 1000.000000000000000 ) ;
#2036 = VECTOR ( 'NONE', #723, 1000.000000000000000 ) ;
#2037 = COLOUR_RGB ( '',0.8588235294117646523, 0.8588235294117646523, 0.8588235294117646523 ) ;
#2038 = CARTESIAN_POINT ( 'NONE',  ( -0.3074999999999999956, 0.000000000000000000, 0.1250000000000000000 ) ) ;
#2039 = EDGE_CURVE ( 'NONE', #2347, #1976, #359, .T. ) ;
#2040 = DIRECTION ( 'NONE',  ( -1.000000000000000000, -0.000000000000000000, 0.000000000000000000 ) ) ;
#2041 = ORIENTED_EDGE ( 'NONE', *, *, #505, .T. ) ;
#2042 = EDGE_CURVE ( 'NONE', #1347, #2685, #1379, .T. ) ;
#2043 = PLANE ( 'NONE',  #130 ) ;
#2044 = VECTOR ( 'NONE', #2099, 1000.000000000000000 ) ;
#2045 = CARTESIAN_POINT ( 'NONE',  ( 0.1010000000000000203, 0.000000000000000000, -0.1000000000000000056 ) ) ;
#2046 = ORIENTED_EDGE ( 'NONE', *, *, #890, .T. ) ;
#2047 = EDGE_LOOP ( 'NONE', ( #2731, #188, #2623, #1093 ) ) ;
#2048 = VECTOR ( 'NONE', #530, 1000.000000000000000 ) ;
#2049 = ORIENTED_EDGE ( 'NONE', *, *, #1791, .F. ) ;
#2050 = CARTESIAN_POINT ( 'NONE',  ( 0.2824999999999999734, 0.07500000000000002498, -0.09999999999999999167 ) ) ;
#2051 = CARTESIAN_POINT ( 'NONE',  ( -0.3750000000000000000, 0.000000000000000000, -0.1249999999999999722 ) ) ;
#2052 = DIRECTION ( 'NONE',  ( 1.000000000000000000, 0.000000000000000000, 0.000000000000000000 ) ) ;
#2053 =( NAMED_UNIT ( * ) PLANE_ANGLE_UNIT ( ) SI_UNIT ( $, .RADIAN. ) );
#2054 = DIRECTION ( 'NONE',  ( 0.7071067811865475727, 0.000000000000000000, -0.7071067811865475727 ) ) ;
#2055 = ORIENTED_EDGE ( 'NONE', *, *, #832, .F. ) ;
#2056 = ORIENTED_EDGE ( 'NONE', *, *, #2500, .F. ) ;
#2057 = DIRECTION ( 'NONE',  ( -1.000000000000000000, 0.000000000000000000, -0.000000000000000000 ) ) ;
#2058 = CARTESIAN_POINT ( 'NONE',  ( -0.2824999999999999734, 4.517509052022934885E-18, 0.09999999999999999167 ) ) ;
#2059 = ORIENTED_EDGE ( 'NONE', *, *, #615, .T. ) ;
#2060 = EDGE_CURVE ( 'NONE', #2217, #2321, #1858, .T. ) ;
#2061 = LINE ( 'NONE', #100, #1454 ) ;
#2062 = CARTESIAN_POINT ( 'NONE',  ( -0.2824999999999999734, 0.1000000000000000056, -0.1000000000000000056 ) ) ;
#2063 = CARTESIAN_POINT ( 'NONE',  ( 0.2824999999999999734, 4.517509052022934885E-18, -0.09999999999999999167 ) ) ;
#2064 = ORIENTED_EDGE ( 'NONE', *, *, #1925, .F. ) ;
#2065 = CARTESIAN_POINT ( 'NONE',  ( 0.000000000000000000, 0.000000000000000000, 0.000000000000000000 ) ) ;
#2066 = STYLED_ITEM ( 'NONE', ( #3150 ), #2826 ) ;
#2067 = DIRECTION ( 'NONE',  ( 0.7071067811865474617, -0.000000000000000000, -0.7071067811865474617 ) ) ;
#2068 = DIRECTION ( 'NONE',  ( 0.000000000000000000, -0.000000000000000000, 1.000000000000000000 ) ) ;
#2069 = VECTOR ( 'NONE', #2482, 1000.000000000000000 ) ;
#2070 = ORIENTED_EDGE ( 'NONE', *, *, #2628, .F. ) ;
#2071 = DIRECTION ( 'NONE',  ( 0.000000000000000000, 0.000000000000000000, -1.000000000000000000 ) ) ;
#2072 = DIRECTION ( 'NONE',  ( 0.7071067811865483499, 0.000000000000000000, -0.7071067811865467956 ) ) ;
#2073 = ORIENTED_EDGE ( 'NONE', *, *, #665, .T. ) ;
#2074 = ORIENTED_EDGE ( 'NONE', *, *, #1533, .T. ) ;
#2075 = ADVANCED_FACE ( 'NONE', ( #1635 ), #617, .T. ) ;
#2076 = LINE ( 'NONE', #567, #472 ) ;
#2077 = DIRECTION ( 'NONE',  ( -0.7071067811865474617, 0.000000000000000000, 0.7071067811865474617 ) ) ;
#2078 = ADVANCED_FACE ( 'NONE', ( #190 ), #2357, .T. ) ;
#2079 = DIRECTION ( 'NONE',  ( -0.000000000000000000, 1.000000000000000000, -0.000000000000000000 ) ) ;
#2080 = ORIENTED_EDGE ( 'NONE', *, *, #3020, .T. ) ;
#2081 = CARTESIAN_POINT ( 'NONE',  ( 0.000000000000000000, 0.07499999999999999722, 0.1250000000000000000 ) ) ;
#2082 = LINE ( 'NONE', #611, #2813 ) ;
#2083 = CARTESIAN_POINT ( 'NONE',  ( -0.3750000000000000000, 0.000000000000000000, -0.1250000000000000000 ) ) ;
#2084 = EDGE_LOOP ( 'NONE', ( #693, #1041, #1364, #2339 ) ) ;
#2085 = AXIS2_PLACEMENT_3D ( 'NONE', #2038, #2747, #508 ) ;
#2086 = APPLICATION_CONTEXT ( 'automotive_design' ) ;
#2087 = LINE ( 'NONE', #691, #2258 ) ;
#2088 = CARTESIAN_POINT ( 'NONE',  ( 0.1010000000000000064, -0.02500000000000000139, -0.2989999999999999880 ) ) ;
#2089 = EDGE_LOOP ( 'NONE', ( #3179, #2162, #689, #2432 ) ) ;
#2090 = DIRECTION ( 'NONE',  ( 0.000000000000000000, 0.000000000000000000, 1.000000000000000000 ) ) ;
#2091 = PLANE ( 'NONE',  #3027 ) ;
#2092 = CARTESIAN_POINT ( 'NONE',  ( 0.2824999999999999734, 0.000000000000000000, -0.2999999999999999889 ) ) ;
#2093 = AXIS2_PLACEMENT_3D ( 'NONE', #2546, #2515, #1777 ) ;
#2094 = ORIENTED_EDGE ( 'NONE', *, *, #1550, .F. ) ;
#2095 = CARTESIAN_POINT ( 'NONE',  ( -0.1000000000000000056, 0.000000000000000000, 0.000000000000000000 ) ) ;
#2096 =( NAMED_UNIT ( * ) SI_UNIT ( $, .STERADIAN. ) SOLID_ANGLE_UNIT ( ) );
#2097 = EDGE_CURVE ( 'NONE', #2663, #302, #414, .T. ) ;
#2098 = EDGE_CURVE ( 'NONE', #2406, #733, #1191, .T. ) ;
#2099 = DIRECTION ( 'NONE',  ( 0.000000000000000000, -0.000000000000000000, -1.000000000000000000 ) ) ;
#2100 = CARTESIAN_POINT ( 'NONE',  ( -0.3074999999999999956, 0.000000000000000000, 0.1250000000000000000 ) ) ;
#2101 = CARTESIAN_POINT ( 'NONE',  ( 0.1010000000000000203, 0.1000000000000000056, -0.1000000000000000056 ) ) ;
#2102 = DIRECTION ( 'NONE',  ( -0.7071067811865474617, -0.000000000000000000, -0.7071067811865474617 ) ) ;
#2103 = CARTESIAN_POINT ( 'NONE',  ( -0.1999999999999999833, 0.000000000000000000, -0.1000000000000000056 ) ) ;
#2104 = ORIENTED_EDGE ( 'NONE', *, *, #1, .T. ) ;
#2105 = LINE ( 'NONE', #2626, #2455 ) ;
#2106 = DIRECTION ( 'NONE',  ( -0.7071067811865474617, 0.000000000000000000, 0.7071067811865474617 ) ) ;
#2107 = FILL_AREA_STYLE_COLOUR ( '', #729 ) ;
#2108 = VERTEX_POINT ( 'NONE', #1615 ) ;
#2109 = LINE ( 'NONE', #904, #3151 ) ;
#2110 = VECTOR ( 'NONE', #3160, 1000.000000000000000 ) ;
#2111 = LINE ( 'NONE', #1889, #2206 ) ;
#2112 = DIRECTION ( 'NONE',  ( 0.000000000000000000, 0.000000000000000000, 1.000000000000000000 ) ) ;
#2113 = EDGE_CURVE ( 'NONE', #2777, #2228, #378, .T. ) ;
#2114 = VECTOR ( 'NONE', #2319, 1000.000000000000000 ) ;
#2115 = VERTEX_POINT ( 'NONE', #2117 ) ;
#2116 = UNCERTAINTY_MEASURE_WITH_UNIT (LENGTH_MEASURE( 1.000000000000000082E-05 ), #2574, 'distance_accuracy_value', 'NONE');
#2117 = CARTESIAN_POINT ( 'NONE',  ( -0.1000000000000000056, 0.000000000000000000, -0.2989999999999999880 ) ) ;
#2118 = ADVANCED_FACE ( 'NONE', ( #3122 ), #1171, .F. ) ;
#2119 = DIRECTION ( 'NONE',  ( 1.000000000000000000, 0.000000000000000000, -0.000000000000000000 ) ) ;
#2120 = ORIENTED_EDGE ( 'NONE', *, *, #1809, .T. ) ;
#2121 = VECTOR ( 'NONE', #491, 1000.000000000000114 ) ;
#2122 = PLANE ( 'NONE',  #800 ) ;
#2123 = CARTESIAN_POINT ( 'NONE',  ( 0.1010000000000000064, 0.000000000000000000, 0.1010000000000000064 ) ) ;
#2124 = VECTOR ( 'NONE', #2468, 1000.000000000000000 ) ;
#2125 = DIRECTION ( 'NONE',  ( -0.000000000000000000, 1.000000000000000000, 0.000000000000000000 ) ) ;
#2126 =( NAMED_UNIT ( * ) SI_UNIT ( $, .STERADIAN. ) SOLID_ANGLE_UNIT ( ) );
#2127 = ORIENTED_EDGE ( 'NONE', *, *, #2387, .T. ) ;
#2128 = CARTESIAN_POINT ( 'NONE',  ( -0.1010000000000000064, 0.000000000000000000, 0.1000000000000000056 ) ) ;
#2129 = CARTESIAN_POINT ( 'NONE',  ( 0.000000000000000000, 0.000000000000000000, 0.02500000000000000139 ) ) ;
#2130 = CARTESIAN_POINT ( 'NONE',  ( 0.1010000000000000064, 0.1000000000000000056, 0.2989999999999999880 ) ) ;
#2131 = CARTESIAN_POINT ( 'NONE',  ( 0.3074999999999999956, -0.02500000000000000139, 0.1250000000000000000 ) ) ;
#2132 = VECTOR ( 'NONE', #818, 1000.000000000000000 ) ;
#2133 = CARTESIAN_POINT ( 'NONE',  ( -0.4749999999999999778, -0.02500000000000000139, -0.1000000000000000056 ) ) ;
#2134 = ADVANCED_FACE ( 'NONE', ( #1875 ), #156, .T. ) ;
#2135 = CARTESIAN_POINT ( 'NONE',  ( -0.3074999999999999956, 0.1000000000000000611, -0.2750000000000000222 ) ) ;
#2136 = VECTOR ( 'NONE', #3086, 1000.000000000000000 ) ;
#2137 = DIRECTION ( 'NONE',  ( 1.000000000000000000, 0.000000000000000000, 0.000000000000000000 ) ) ;
#2138 = ORIENTED_EDGE ( 'NONE', *, *, #1057, .T. ) ;
#2139 = VERTEX_POINT ( 'NONE', #2135 ) ;
#2140 = AXIS2_PLACEMENT_3D ( 'NONE', #2379, #1625, #386 ) ;
#2141 = ADVANCED_FACE ( 'NONE', ( #909 ), #2176, .F. ) ;
#2142 = EDGE_CURVE ( 'NONE', #2280, #1645, #2237, .T. ) ;
#2143 = CARTESIAN_POINT ( 'NONE',  ( 0.000000000000000000, 0.000000000000000000, -0.2999999999999999889 ) ) ;
#2144 = VECTOR ( 'NONE', #925, 1000.000000000000000 ) ;
#2145 = DIRECTION ( 'NONE',  ( 0.000000000000000000, -1.000000000000000000, -0.000000000000000000 ) ) ;
#2146 = ORIENTED_EDGE ( 'NONE', *, *, #772, .T. ) ;
#2147 =( LENGTH_UNIT ( ) NAMED_UNIT ( * ) SI_UNIT ( .MILLI., .METRE. ) );
#2148 = VECTOR ( 'NONE', #409, 1000.000000000000000 ) ;
#2149 = ORIENTED_EDGE ( 'NONE', *, *, #1457, .F. ) ;
#2150 = DIRECTION ( 'NONE',  ( -1.000000000000000000, 0.000000000000000000, -0.000000000000000000 ) ) ;
#2151 = APPLICATION_PROTOCOL_DEFINITION ( 'draft international standard', 'automotive_design', 1998, #648 ) ;
#2152 = CARTESIAN_POINT ( 'NONE',  ( -0.3750000000000000000, 0.000000000000000000, 0.1250000000000000000 ) ) ;
#2153 = DIRECTION ( 'NONE',  ( 1.000000000000000000, 0.000000000000000000, -0.000000000000000000 ) ) ;
#2154 = VECTOR ( 'NONE', #2600, 1000.000000000000114 ) ;
#2155 = APPLICATION_CONTEXT ( 'automotive_design' ) ;
#2156 = CIRCLE ( 'NONE', #1178, 0.001000000000000024307 ) ;
#2157 = VECTOR ( 'NONE', #2602, 1000.000000000000000 ) ;
#2158 = EDGE_LOOP ( 'NONE', ( #933, #520, #1595, #2187 ) ) ;
#2159 = PRODUCT_DEFINITION_CONTEXT ( 'detailed design', #2086, 'design' ) ;
#2160 = DIRECTION ( 'NONE',  ( 0.000000000000000000, -1.000000000000000000, 0.000000000000000000 ) ) ;
#2161 = LINE ( 'NONE', #2672, #327 ) ;
#2162 = ORIENTED_EDGE ( 'NONE', *, *, #2480, .T. ) ;
#2163 = EDGE_LOOP ( 'NONE', ( #436, #842, #1303, #3215 ) ) ;
#2164 = ORIENTED_EDGE ( 'NONE', *, *, #2536, .F. ) ;
#2165 = EDGE_CURVE ( 'NONE', #3107, #2375, #1988, .T. ) ;
#2166 = ADVANCED_FACE ( 'NONE', ( #8 ), #1684, .F. ) ;
#2167 = CARTESIAN_POINT ( 'NONE',  ( 0.2824999999999999734, 0.1000000000000000056, -0.2999999999999999889 ) ) ;
#2168 =( NAMED_UNIT ( * ) PLANE_ANGLE_UNIT ( ) SI_UNIT ( $, .RADIAN. ) );
#2169 = ORIENTED_EDGE ( 'NONE', *, *, #248, .F. ) ;
#2170 = CARTESIAN_POINT ( 'NONE',  ( -0.2824999999999999734, 0.1000000000000000333, -0.2999999999999999889 ) ) ;
#2171 = APPLICATION_PROTOCOL_DEFINITION ( 'draft international standard', 'automotive_design', 1998, #2934 ) ;
#2172 = CARTESIAN_POINT ( 'NONE',  ( 0.1010000000000000064, 0.000000000000000000, 0.1000000000000000056 ) ) ;
#2173 = LINE ( 'NONE', #717, #731 ) ;
#2174 = DIRECTION ( 'NONE',  ( 0.000000000000000000, -0.000000000000000000, -1.000000000000000000 ) ) ;
#2175 = ORIENTED_EDGE ( 'NONE', *, *, #1641, .F. ) ;
#2176 = PLANE ( 'NONE',  #1274 ) ;
#2177 = VECTOR ( 'NONE', #2981, 1000.000000000000000 ) ;
#2178 = AXIS2_PLACEMENT_3D ( 'NONE', #1522, #836, #504 ) ;
#2179 = DIRECTION ( 'NONE',  ( 0.000000000000000000, -1.000000000000000000, -0.000000000000000000 ) ) ;
#2180 = ORIENTED_EDGE ( 'NONE', *, *, #2839, .F. ) ;
#2181 = ORIENTED_EDGE ( 'NONE', *, *, #854, .F. ) ;
#2182 = DIRECTION ( 'NONE',  ( 0.000000000000000000, 0.000000000000000000, -1.000000000000000000 ) ) ;
#2183 = VECTOR ( 'NONE', #1212, 1000.000000000000000 ) ;
#2184 = EDGE_CURVE ( 'NONE', #1734, #2464, #1483, .T. ) ;
#2185 = DIRECTION ( 'NONE',  ( 0.000000000000000000, 0.000000000000000000, -1.000000000000000000 ) ) ;
#2186 = AXIS2_PLACEMENT_3D ( 'NONE', #2984, #1504, #272 ) ;
#2187 = ORIENTED_EDGE ( 'NONE', *, *, #2304, .T. ) ;
#2188 = DIRECTION ( 'NONE',  ( 0.000000000000000000, 1.000000000000000000, 0.000000000000000000 ) ) ;
#2189 = EDGE_CURVE ( 'NONE', #1781, #2459, #999, .T. ) ;
#2190 = CARTESIAN_POINT ( 'NONE',  ( 0.000000000000000000, 0.07499999999999999722, 0.000000000000000000 ) ) ;
#2191 = DIRECTION ( 'NONE',  ( -0.000000000000000000, 1.000000000000000000, 0.000000000000000000 ) ) ;
#2192 = DIRECTION ( 'NONE',  ( -1.000000000000000000, -0.000000000000000000, -0.000000000000000000 ) ) ;
#2193 = DIRECTION ( 'NONE',  ( 0.7071067811865474617, 0.000000000000000000, 0.7071067811865474617 ) ) ;
#2194 = AXIS2_PLACEMENT_3D ( 'NONE', #3, #1766, #1982 ) ;
#2195 = AXIS2_PLACEMENT_3D ( 'NONE', #496, #2896, #3004 ) ;
#2196 = CARTESIAN_POINT ( 'NONE',  ( 0.2824999999999999734, -0.02500000000000000139, -0.1000000000000000056 ) ) ;
#2197 = ORIENTED_EDGE ( 'NONE', *, *, #73, .F. ) ;
#2198 = ORIENTED_EDGE ( 'NONE', *, *, #3100, .T. ) ;
#2199 = COLOUR_RGB ( '',0.8588235294117646523, 0.8588235294117646523, 0.8588235294117646523 ) ;
#2200 = DIRECTION ( 'NONE',  ( -0.000000000000000000, 1.000000000000000000, 0.000000000000000000 ) ) ;
#2201 = PRESENTATION_LAYER_ASSIGNMENT (  '', '', ( #1224 ) ) ;
#2202 = APPLICATION_CONTEXT ( 'automotive_design' ) ;
#2203 = DIRECTION ( 'NONE',  ( -1.000000000000000000, -0.000000000000000000, -0.000000000000000000 ) ) ;
#2204 = VERTEX_POINT ( 'NONE', #2226 ) ;
#2205 = FILL_AREA_STYLE ('',( #2465 ) ) ;
#2206 = VECTOR ( 'NONE', #393, 1000.000000000000000 ) ;
#2207 = CARTESIAN_POINT ( 'NONE',  ( 0.1010000000000000064, 0.1000000000000000056, -0.1010000000000000064 ) ) ;
#2208 = DIRECTION ( 'NONE',  ( 0.000000000000000000, 0.000000000000000000, 1.000000000000000000 ) ) ;
#2209 = EDGE_CURVE ( 'NONE', #30, #3210, #2733, .T. ) ;
#2210 = EDGE_CURVE ( 'NONE', #158, #1715, #509, .T. ) ;
#2211 = CARTESIAN_POINT ( 'NONE',  ( -0.2824999999999999734, 0.07499999999999999722, 0.2999999999999999889 ) ) ;
#2212 = DIRECTION ( 'NONE',  ( -1.000000000000000000, 0.000000000000000000, -0.000000000000000000 ) ) ;
#2213 = VERTEX_POINT ( 'NONE', #3193 ) ;
#2214 = ORIENTED_EDGE ( 'NONE', *, *, #2929, .T. ) ;
#2215 = EDGE_LOOP ( 'NONE', ( #3092, #2003, #67, #2056, #749, #1517, #1320, #1203, #2675, #3044 ) ) ;
#2216 = DIRECTION ( 'NONE',  ( 0.000000000000000000, -1.000000000000000000, -0.000000000000000000 ) ) ;
#2217 = VERTEX_POINT ( 'NONE', #2989 ) ;
#2218 = ORIENTED_EDGE ( 'NONE', *, *, #2801, .T. ) ;
#2219 = PLANE ( 'NONE',  #2568 ) ;
#2220 = DIRECTION ( 'NONE',  ( 0.000000000000000000, -1.000000000000000000, 0.000000000000000000 ) ) ;
#2221 = DIRECTION ( 'NONE',  ( -0.7071067811865474617, -0.000000000000000000, 0.7071067811865474617 ) ) ;
#2222 = UNCERTAINTY_MEASURE_WITH_UNIT (LENGTH_MEASURE( 1.000000000000000082E-05 ), #2017, 'distance_accuracy_value', 'NONE');
#2223 = ORIENTED_EDGE ( 'NONE', *, *, #2883, .F. ) ;
#2224 = PRODUCT_RELATED_PRODUCT_CATEGORY ( 'part', '', ( #2779 ) ) ;
#2225 = EDGE_CURVE ( 'NONE', #2640, #2532, #746, .T. ) ;
#2226 = CARTESIAN_POINT ( 'NONE',  ( -0.3750000000000000000, 0.000000000000000000, -0.2750000000000000222 ) ) ;
#2227 = DIRECTION ( 'NONE',  ( -0.7071067811865474617, 0.000000000000000000, 0.7071067811865474617 ) ) ;
#2228 = VERTEX_POINT ( 'NONE', #495 ) ;
#2229 = SURFACE_STYLE_USAGE ( .BOTH. , #1242 ) ;
#2230 = AXIS2_PLACEMENT_3D ( 'NONE', #6, #2694, #730 ) ;
#2231 = VERTEX_POINT ( 'NONE', #1226 ) ;
#2232 = FACE_OUTER_BOUND ( 'NONE', #2961, .T. ) ;
#2233 = PRODUCT_DEFINITION_SHAPE ( 'NONE', 'NONE',  #3227 ) ;
#2234 = CARTESIAN_POINT ( 'NONE',  ( -0.1010000000000000064, 0.000000000000000000, 0.1000000000000000056 ) ) ;
#2235 = CARTESIAN_POINT ( 'NONE',  ( -0.3750000000000000000, 0.000000000000000000, -0.4249999999999999889 ) ) ;
#2236 = SHAPE_REPRESENTATION_RELATIONSHIP ( 'NONE' , 'NONE' ,  #1753, #2699 ) ;
#2237 = LINE ( 'NONE', #1468, #3093 ) ;
#2238 = CARTESIAN_POINT ( 'NONE',  ( -0.3750000000000000000, 0.000000000000000000, -0.4249999999999999889 ) ) ;
#2239 = ORIENTED_EDGE ( 'NONE', *, *, #54, .F. ) ;
#2240 = EDGE_CURVE ( 'NONE', #2256, #2532, #1496, .T. ) ;
#2241 = CARTESIAN_POINT ( 'NONE',  ( 0.3074999999999999956, 0.000000000000000000, -0.1250000000000000000 ) ) ;
#2242 = EDGE_CURVE ( 'NONE', #1507, #1453, #959, .T. ) ;
#2243 = EDGE_CURVE ( 'NONE', #2941, #634, #249, .T. ) ;
#2244 = ORIENTED_EDGE ( 'NONE', *, *, #955, .F. ) ;
#2245 = DIRECTION ( 'NONE',  ( 0.000000000000000000, 1.000000000000000000, 0.000000000000000000 ) ) ;
#2246 = AXIS2_PLACEMENT_3D ( 'NONE', #1555, #2300, #1755 ) ;
#2247 = VECTOR ( 'NONE', #2185, 1000.000000000000000 ) ;
#2248 = PLANE ( 'NONE',  #644 ) ;
#2249 = DIRECTION ( 'NONE',  ( 0.000000000000000000, -0.000000000000000000, -1.000000000000000000 ) ) ;
#2250 = ORIENTED_EDGE ( 'NONE', *, *, #1464, .F. ) ;
#2251 = DIRECTION ( 'NONE',  ( 0.000000000000000000, 0.000000000000000000, -1.000000000000000000 ) ) ;
#2252 = ORIENTED_EDGE ( 'NONE', *, *, #1235, .T. ) ;
#2253 = FILL_AREA_STYLE_COLOUR ( '', #2037 ) ;
#2254 = CARTESIAN_POINT ( 'NONE',  ( -0.3750000000000000000, 0.07499999999999999722, -0.1250000000000000000 ) ) ;
#2255 = DIRECTION ( 'NONE',  ( 0.7071067811865475727, 0.000000000000000000, 0.7071067811865475727 ) ) ;
#2256 = VERTEX_POINT ( 'NONE', #2254 ) ;
#2257 = CARTESIAN_POINT ( 'NONE',  ( 0.3750000000000000000, 0.1000000000000000056, -0.1250000000000000000 ) ) ;
#2258 = VECTOR ( 'NONE', #1123, 1000.000000000000114 ) ;
#2259 = CARTESIAN_POINT ( 'NONE',  ( 0.1010000000000000064, 0.1000000000000000056, 0.1000000000000000056 ) ) ;
#2260 = ORIENTED_EDGE ( 'NONE', *, *, #2304, .F. ) ;
#2261 = PRODUCT_RELATED_PRODUCT_CATEGORY ( 'part', '', ( #1124 ) ) ;
#2262 = ADVANCED_FACE ( 'NONE', ( #459 ), #1944, .F. ) ;
#2263 = ORIENTED_EDGE ( 'NONE', *, *, #2243, .T. ) ;
#2264 = CARTESIAN_POINT ( 'NONE',  ( 0.000000000000000000, 0.5749999999999999556, 0.4249999999999999889 ) ) ;
#2265 = CARTESIAN_POINT ( 'NONE',  ( 0.1010000000000000203, 0.000000000000000000, 0.2999999999999999889 ) ) ;
#2266 = LINE ( 'NONE', #2015, #1295 ) ;
#2267 = LINE ( 'NONE', #2495, #2619 ) ;
#2268 = DIRECTION ( 'NONE',  ( -1.000000000000000000, 0.000000000000000000, -0.000000000000000000 ) ) ;
#2269 = CARTESIAN_POINT ( 'NONE',  ( 0.3750000000000000000, 0.000000000000000000, -0.4249999999999999889 ) ) ;
#2270 = ORIENTED_EDGE ( 'NONE', *, *, #3120, .F. ) ;
#2271 = DIRECTION ( 'NONE',  ( 0.000000000000000000, -1.000000000000000000, -0.000000000000000000 ) ) ;
#2272 = DIRECTION ( 'NONE',  ( -1.000000000000000000, 0.000000000000000000, 0.000000000000000000 ) ) ;
#2273 = AXIS2_PLACEMENT_3D ( 'NONE', #2241, #3225, #1718 ) ;
#2274 = VERTEX_POINT ( 'NONE', #224 ) ;
#2275 = VERTEX_POINT ( 'NONE', #2211 ) ;
#2276 = LINE ( 'NONE', #2490, #620 ) ;
#2277 = ADVANCED_FACE ( 'NONE', ( #3211 ), #593, .T. ) ;
#2278 = LINE ( 'NONE', #3014, #356 ) ;
#2279 = CARTESIAN_POINT ( 'NONE',  ( -0.3074999999999999400, 0.07499999999999999722, 0.2750000000000000777 ) ) ;
#2280 = VERTEX_POINT ( 'NONE', #2762 ) ;
#2281 = ADVANCED_FACE ( 'NONE', ( #90 ), #2005, .F. ) ;
#2282 = VECTOR ( 'NONE', #141, 1000.000000000000000 ) ;
#2283 = VERTEX_POINT ( 'NONE', #1039 ) ;
#2284 = CYLINDRICAL_SURFACE ( 'NONE', #2932, 0.001000000000000024307 ) ;
#2285 = CARTESIAN_POINT ( 'NONE',  ( 0.3074999999999999956, 0.07500000000000001110, 0.1250000000000000000 ) ) ;
#2287 = ORIENTED_EDGE ( 'NONE', *, *, #1113, .F. ) ;
#2286 = VECTOR ( 'NONE', #317, 1000.000000000000000 ) ;
#2288 = CARTESIAN_POINT ( 'NONE',  ( 0.000000000000000000, 0.000000000000000000, -0.2750000000000000222 ) ) ;
#2289 = LINE ( 'NONE', #828, #873 ) ;
#2290 = VERTEX_POINT ( 'NONE', #1329 ) ;
#2291 = EDGE_LOOP ( 'NONE', ( #1617, #2654, #2936, #2355 ) ) ;
#2292 = VECTOR ( 'NONE', #2345, 1000.000000000000000 ) ;
#2293 = AXIS2_PLACEMENT_3D ( 'NONE', #1264, #2255, #1698 ) ;
#2294 = VERTEX_POINT ( 'NONE', #1788 ) ;
#2295 = PLANE ( 'NONE',  #2331 ) ;
#2296 = DIRECTION ( 'NONE',  ( 0.000000000000000000, -1.000000000000000000, 0.000000000000000000 ) ) ;
#2297 = AXIS2_PLACEMENT_3D ( 'NONE', #2065, #3067, #2632 ) ;
#2298 = DIRECTION ( 'NONE',  ( 0.000000000000000000, 0.000000000000000000, -1.000000000000000000 ) ) ;
#2299 = VECTOR ( 'NONE', #2886, 1000.000000000000000 ) ;
#2300 = DIRECTION ( 'NONE',  ( 1.000000000000000000, 0.000000000000000000, 0.000000000000000000 ) ) ;
#2301 =( REPRESENTATION_RELATIONSHIP ('NONE','NONE', #2863, #2512 ) REPRESENTATION_RELATIONSHIP_WITH_TRANSFORMATION ( #519 )SHAPE_REPRESENTATION_RELATIONSHIP( ) );
#2302 = CARTESIAN_POINT ( 'NONE',  ( -0.2824999999999999734, 0.07500000000000002498, 0.09999999999999999167 ) ) ;
#2303 = ADVANCED_FACE ( 'NONE', ( #1315 ), #322, .T. ) ;
#2304 = EDGE_CURVE ( 'NONE', #308, #893, #1862, .T. ) ;
#2305 = EDGE_LOOP ( 'NONE', ( #2342, #829, #841, #3181, #2553, #2713, #494, #2180, #2260, #720 ) ) ;
#2306 = ORIENTED_EDGE ( 'NONE', *, *, #2577, .F. ) ;
#2307 = PLANE ( 'NONE',  #1731 ) ;
#2308 = VECTOR ( 'NONE', #1119, 1000.000000000000114 ) ;
#2309 = EDGE_CURVE ( 'NONE', #3107, #2591, #1094, .T. ) ;
#2310 = CARTESIAN_POINT ( 'NONE',  ( 0.1000000000000000056, -0.02500000000000000139, 0.2989999999999999880 ) ) ;
#2311 = ORIENTED_EDGE ( 'NONE', *, *, #890, .F. ) ;
#2312 = ORIENTED_EDGE ( 'NONE', *, *, #1238, .T. ) ;
#2313 = VECTOR ( 'NONE', #1897, 1000.000000000000114 ) ;
#2314 = ADVANCED_BREP_SHAPE_REPRESENTATION ( '', ( #1820, #1728 ), #2823 ) ;
#2315 = CIRCLE ( 'NONE', #2419, 0.0009999999999999972019 ) ;
#2316 = AXIS2_PLACEMENT_3D ( 'NONE', #812, #1841, #127 ) ;
#2317 = DIRECTION ( 'NONE',  ( 0.000000000000000000, 0.000000000000000000, -1.000000000000000000 ) ) ;
#2318 =( NAMED_UNIT ( * ) PLANE_ANGLE_UNIT ( ) SI_UNIT ( $, .RADIAN. ) );
#2319 = DIRECTION ( 'NONE',  ( -1.000000000000000000, -0.000000000000000000, -0.000000000000000000 ) ) ;
#2320 = DIRECTION ( 'NONE',  ( 0.7071067811865474617, 0.000000000000000000, 0.7071067811865474617 ) ) ;
#2321 = VERTEX_POINT ( 'NONE', #777 ) ;
#2322 = APPLICATION_CONTEXT ( 'automotive_design' ) ;
#2323 = EDGE_CURVE ( 'NONE', #565, #546, #1087, .T. ) ;
#2324 = DIRECTION ( 'NONE',  ( 0.000000000000000000, 0.000000000000000000, -1.000000000000000000 ) ) ;
#2325 = CARTESIAN_POINT ( 'NONE',  ( 0.3074999999999999956, 0.000000000000000000, 0.1250000000000000000 ) ) ;
#2326 = ORIENTED_EDGE ( 'NONE', *, *, #2688, .F. ) ;
#2327 = EDGE_CURVE ( 'NONE', #2935, #2213, #57, .T. ) ;
#2328 = VERTEX_POINT ( 'NONE', #1819 ) ;
#2329 = DIRECTION ( 'NONE',  ( 0.000000000000000000, 1.000000000000000000, 0.000000000000000000 ) ) ;
#2331 = AXIS2_PLACEMENT_3D ( 'NONE', #2477, #518, #1007 ) ;
#2330 = LINE ( 'NONE', #1845, #1618 ) ;
#2332 = CARTESIAN_POINT ( 'NONE',  ( -0.3750000000000000000, 0.1000000000000000056, 0.1250000000000000000 ) ) ;
#2333 = ORIENTED_EDGE ( 'NONE', *, *, #664, .F. ) ;
#2334 = DIRECTION ( 'NONE',  ( -0.000000000000000000, -0.000000000000000000, 1.000000000000000000 ) ) ;
#2335 = VERTEX_POINT ( 'NONE', #1756 ) ;
#2336 = DIRECTION ( 'NONE',  ( -0.7071067811865475727, 0.000000000000000000, 0.7071067811865475727 ) ) ;
#2337 = FACE_OUTER_BOUND ( 'NONE', #279, .T. ) ;
#2338 = AXIS2_PLACEMENT_3D ( 'NONE', #1851, #633, #166 ) ;
#2339 = ORIENTED_EDGE ( 'NONE', *, *, #1370, .F. ) ;
#2340 = PLANE ( 'NONE',  #1122 ) ;
#2341 = DIRECTION ( 'NONE',  ( 0.000000000000000000, 0.000000000000000000, -1.000000000000000000 ) ) ;
#2342 = ORIENTED_EDGE ( 'NONE', *, *, #510, .T. ) ;
#2343 = ADVANCED_FACE ( 'NONE', ( #1056 ), #525, .T. ) ;
#2344 = EDGE_CURVE ( 'NONE', #1553, #2791, #2776, .T. ) ;
#2345 = DIRECTION ( 'NONE',  ( -0.000000000000000000, -1.000000000000000000, -0.000000000000000000 ) ) ;
#2346 = CARTESIAN_POINT ( 'NONE',  ( 0.1000000000000000056, 0.000000000000000000, 0.000000000000000000 ) ) ;
#2347 = VERTEX_POINT ( 'NONE', #339 ) ;
#2348 = FACE_OUTER_BOUND ( 'NONE', #2797, .T. ) ;
#2349 = VERTEX_POINT ( 'NONE', #307 ) ;
#2350 = LINE ( 'NONE', #1340, #488 ) ;
#2351 = ORIENTED_EDGE ( 'NONE', *, *, #2839, .T. ) ;
#2352 = DIRECTION ( 'NONE',  ( -0.000000000000000000, 1.000000000000000000, 0.000000000000000000 ) ) ;
#2353 = CARTESIAN_POINT ( 'NONE',  ( -0.2824999999999999734, 0.000000000000000000, 0.1000000000000000056 ) ) ;
#2354 = CIRCLE ( 'NONE', #2140, 0.001000000000000024307 ) ;
#2355 = ORIENTED_EDGE ( 'NONE', *, *, #2744, .T. ) ;
#2356 = MECHANICAL_DESIGN_GEOMETRIC_PRESENTATION_REPRESENTATION (  '', ( #3195 ), #266 ) ;
#2357 = PLANE ( 'NONE',  #178 ) ;
#2358 = DIRECTION ( 'NONE',  ( 1.000000000000000000, -0.000000000000000000, 0.000000000000000000 ) ) ;
#2359 = ORIENTED_EDGE ( 'NONE', *, *, #1222, .T. ) ;
#2360 = EDGE_LOOP ( 'NONE', ( #846, #1578, #1010, #433 ) ) ;
#2361 = FACE_OUTER_BOUND ( 'NONE', #483, .T. ) ;
#2362 = ADVANCED_FACE ( 'NONE', ( #1774 ), #1526, .F. ) ;
#2363 = LINE ( 'NONE', #1098, #13 ) ;
#2364 = LINE ( 'NONE', #1115, #799 ) ;
#2365 = APPLICATION_CONTEXT ( 'automotive_design' ) ;
#2366 = VERTEX_POINT ( 'NONE', #1297 ) ;
#2367 = DIRECTION ( 'NONE',  ( -0.000000000000000000, -0.000000000000000000, 1.000000000000000000 ) ) ;
#2368 = VERTEX_POINT ( 'NONE', #1802 ) ;
#2369 = CARTESIAN_POINT ( 'NONE',  ( -0.1010000000000000064, -0.02500000000000000139, -0.2989999999999999880 ) ) ;
#2370 = CARTESIAN_POINT ( 'NONE',  ( -0.2824999999999999734, 0.000000000000000000, -0.1000000000000000056 ) ) ;
#2371 = ORIENTED_EDGE ( 'NONE', *, *, #253, .T. ) ;
#2372 = CARTESIAN_POINT ( 'NONE',  ( 0.000000000000000000, 0.000000000000000000, -0.1000000000000000056 ) ) ;
#2373 = CARTESIAN_POINT ( 'NONE',  ( 0.3750000000000000000, 0.000000000000000000, 0.4249999999999999889 ) ) ;
#2374 = VERTEX_POINT ( 'NONE', #2285 ) ;
#2375 = VERTEX_POINT ( 'NONE', #2302 ) ;
#2376 = ORIENTED_EDGE ( 'NONE', *, *, #589, .T. ) ;
#2377 = CARTESIAN_POINT ( 'NONE',  ( 0.3074999999999999956, 0.07500000000000003886, -0.2749999999999999667 ) ) ;
#2378 = CARTESIAN_POINT ( 'NONE',  ( -0.3750000000000000000, 0.000000000000000000, 0.2750000000000000222 ) ) ;
#2379 = CARTESIAN_POINT ( 'NONE',  ( -0.1010000000000000064, 0.07499999999999999722, -0.2989999999999999880 ) ) ;
#2380 = VERTEX_POINT ( 'NONE', #575 ) ;
#2381 = DIRECTION ( 'NONE',  ( 0.000000000000000000, 0.000000000000000000, 1.000000000000000000 ) ) ;
#2382 = EDGE_CURVE ( 'NONE', #1780, #150, #3068, .T. ) ;
#2383 =( NAMED_UNIT ( * ) PLANE_ANGLE_UNIT ( ) SI_UNIT ( $, .RADIAN. ) );
#2384 = LINE ( 'NONE', #668, #2148 ) ;
#2385 = CARTESIAN_POINT ( 'NONE',  ( 0.3074999999999999956, 1.355252715606880543E-17, -0.1250000000000000000 ) ) ;
#2386 = EDGE_CURVE ( 'NONE', #2374, #1715, #1556, .T. ) ;
#2387 = EDGE_CURVE ( 'NONE', #3177, #377, #824, .T. ) ;
#2388 =( GEOMETRIC_REPRESENTATION_CONTEXT ( 3 ) GLOBAL_UNCERTAINTY_ASSIGNED_CONTEXT ( ( #1696 ) ) GLOBAL_UNIT_ASSIGNED_CONTEXT ( ( #1785, #1309, #51 ) ) REPRESENTATION_CONTEXT ( 'NONE', 'WORKASPACE' ) );
#2389 = FACE_OUTER_BOUND ( 'NONE', #1655, .T. ) ;
#2390 = AXIS2_PLACEMENT_3D ( 'NONE', #417, #2394, #2182 ) ;
#2391 = DIRECTION ( 'NONE',  ( 0.000000000000000000, -1.000000000000000000, -0.000000000000000000 ) ) ;
#2392 = CARTESIAN_POINT ( 'NONE',  ( 0.3750000000000000000, 0.5749999999999999556, -0.4249999999999999889 ) ) ;
#2393 = ORIENTED_EDGE ( 'NONE', *, *, #2606, .T. ) ;
#2394 = DIRECTION ( 'NONE',  ( 1.000000000000000000, 0.000000000000000000, 0.000000000000000000 ) ) ;
#2395 = CARTESIAN_POINT ( 'NONE',  ( -0.1000000000000000056, 0.000000000000000000, 0.2989999999999999880 ) ) ;
#2396 = DIRECTION ( 'NONE',  ( -0.7071067811865475727, 0.000000000000000000, 0.7071067811865475727 ) ) ;
#2397 = ORIENTED_EDGE ( 'NONE', *, *, #341, .F. ) ;
#2398 = SHAPE_REPRESENTATION_RELATIONSHIP ( 'NONE' , 'NONE' ,  #1737, #1305 ) ;
#2399 = DIRECTION ( 'NONE',  ( 0.000000000000000000, 0.000000000000000000, -1.000000000000000000 ) ) ;
#2400 = CARTESIAN_POINT ( 'NONE',  ( -0.3074999999999999956, 0.07499999999999999722, 0.2750000000000000222 ) ) ;
#2401 = DIRECTION ( 'NONE',  ( 1.000000000000000000, 0.000000000000000000, -0.000000000000000000 ) ) ;
#2402 = ADVANCED_FACE ( 'NONE', ( #24 ), #1020, .T. ) ;
#2403 = EDGE_CURVE ( 'NONE', #764, #1789, #208, .T. ) ;
#2404 = SURFACE_STYLE_FILL_AREA ( #1406 ) ;
#2405 = DIRECTION ( 'NONE',  ( 1.000000000000000000, 0.000000000000000000, 0.000000000000000000 ) ) ;
#2406 = VERTEX_POINT ( 'NONE', #1120 ) ;
#2407 = AXIS2_PLACEMENT_3D ( 'NONE', #1050, #1275, #770 ) ;
#2408 = DIRECTION ( 'NONE',  ( 0.7071067811865474617, 0.000000000000000000, -0.7071067811865474617 ) ) ;
#2409 = CARTESIAN_POINT ( 'NONE',  ( 0.000000000000000000, 0.07499999999999999722, -0.2999999999999999889 ) ) ;
#2410 = PRESENTATION_STYLE_ASSIGNMENT (( #2662 ) ) ;
#2411 = AXIS2_PLACEMENT_3D ( 'NONE', #2129, #2646, #1939 ) ;
#2412 = ORIENTED_EDGE ( 'NONE', *, *, #1480, .F. ) ;
#2413 = SURFACE_STYLE_USAGE ( .BOTH. , #1415 ) ;
#2414 = SHAPE_DEFINITION_REPRESENTATION ( #542, #1861 ) ;
#2415 = PRODUCT_DEFINITION_SHAPE ( 'NONE', 'NONE',  #3226 ) ;
#2416 = FACE_OUTER_BOUND ( 'NONE', #3218, .T. ) ;
#2417 = DIRECTION ( 'NONE',  ( 0.7071067811865474617, -0.000000000000000000, 0.7071067811865474617 ) ) ;
#2418 = MECHANICAL_DESIGN_GEOMETRIC_PRESENTATION_REPRESENTATION (  '', ( #1991 ), #2681 ) ;
#2419 = AXIS2_PLACEMENT_3D ( 'NONE', #1868, #1386, #1646 ) ;
#2420 = VECTOR ( 'NONE', #844, 1000.000000000000000 ) ;
#2421 = LINE ( 'NONE', #898, #1849 ) ;
#2422 = PRODUCT_DEFINITION_CONTEXT ( 'detailed design', #1855, 'design' ) ;
#2423 = VERTEX_POINT ( 'NONE', #1836 ) ;
#2424 = CARTESIAN_POINT ( 'NONE',  ( -0.3074999999999999956, 0.000000000000000000, -0.1250000000000000000 ) ) ;
#2425 = CARTESIAN_POINT ( 'NONE',  ( -0.1000000000000000056, 0.000000000000000000, -0.1010000000000000064 ) ) ;
#2426 = ORIENTED_EDGE ( 'NONE', *, *, #916, .F. ) ;
#2427 = EDGE_CURVE ( 'NONE', #1583, #2450, #394, .T. ) ;
#2428 = CARTESIAN_POINT ( 'NONE',  ( -0.3750000000000000000, 0.07499999999999999722, -0.2750000000000000222 ) ) ;
#2429 = EDGE_CURVE ( 'NONE', #1341, #2685, #2666, .T. ) ;
#2430 = EDGE_LOOP ( 'NONE', ( #2974, #2505, #810, #1184, #660, #1146, #3042, #707, #2023, #230 ) ) ;
#2431 = CARTESIAN_POINT ( 'NONE',  ( -0.1000000000000000056, 0.000000000000000000, 0.000000000000000000 ) ) ;
#2432 = ORIENTED_EDGE ( 'NONE', *, *, #1438, .F. ) ;
#2433 = CARTESIAN_POINT ( 'NONE',  ( 0.1000000000000000056, -0.02500000000000000139, 0.2989999999999999880 ) ) ;
#2434 = LINE ( 'NONE', #2926, #2706 ) ;
#2435 = DIRECTION ( 'NONE',  ( -0.7071067811865477948, 0.000000000000000000, 0.7071067811865473507 ) ) ;
#2436 = CIRCLE ( 'NONE', #198, 0.001000000000000024307 ) ;
#2437 = DIRECTION ( 'NONE',  ( 0.000000000000000000, -0.000000000000000000, 1.000000000000000000 ) ) ;
#2438 = ORIENTED_EDGE ( 'NONE', *, *, #2309, .F. ) ;
#2439 = COLOUR_RGB ( '',0.8588235294117646523, 0.8588235294117646523, 0.8588235294117646523 ) ;
#2440 = VECTOR ( 'NONE', #2221, 1000.000000000000114 ) ;
#2441 = DIRECTION ( 'NONE',  ( 0.000000000000000000, 0.000000000000000000, 1.000000000000000000 ) ) ;
#2442 = ORIENTED_EDGE ( 'NONE', *, *, #118, .T. ) ;
#2443 = ORIENTED_EDGE ( 'NONE', *, *, #533, .T. ) ;
#2444 = LINE ( 'NONE', #3180, #404 ) ;
#2445 = AXIS2_PLACEMENT_3D ( 'NONE', #1450, #974, #2454 ) ;
#2446 = CARTESIAN_POINT ( 'NONE',  ( 0.000000000000000000, 0.000000000000000000, -0.1250000000000000000 ) ) ;
#2447 = EDGE_CURVE ( 'NONE', #2328, #2691, #410, .T. ) ;
#2448 = ADVANCED_FACE ( 'NONE', ( #3156 ), #1665, .T. ) ;
#2449 = VECTOR ( 'NONE', #1725, 1000.000000000000000 ) ;
#2450 = VERTEX_POINT ( 'NONE', #1359 ) ;
#2451 = PRODUCT_CONTEXT ( 'NONE', #2322, 'mechanical' ) ;
#2452 = DIRECTION ( 'NONE',  ( 0.000000000000000000, 0.000000000000000000, 1.000000000000000000 ) ) ;
#2453 = DIRECTION ( 'NONE',  ( 0.000000000000000000, -1.000000000000000000, 0.000000000000000000 ) ) ;
#2454 = DIRECTION ( 'NONE',  ( -0.7071067811865474617, 0.000000000000000000, 0.7071067811865474617 ) ) ;
#2455 = VECTOR ( 'NONE', #833, 1000.000000000000114 ) ;
#2456 = VECTOR ( 'NONE', #2457, 1000.000000000000000 ) ;
#2457 = DIRECTION ( 'NONE',  ( -0.000000000000000000, 1.000000000000000000, 0.000000000000000000 ) ) ;
#2458 = ORIENTED_EDGE ( 'NONE', *, *, #814, .F. ) ;
#2459 = VERTEX_POINT ( 'NONE', #1167 ) ;
#2460 = MECHANICAL_DESIGN_GEOMETRIC_PRESENTATION_REPRESENTATION (  '', ( #796 ), #1473 ) ;
#2461 = CARTESIAN_POINT ( 'NONE',  ( -0.1010000000000000064, 0.1000000000000000056, -0.2999999999999999889 ) ) ;
#2462 = VECTOR ( 'NONE', #1656, 1000.000000000000000 ) ;
#2463 = VECTOR ( 'NONE', #1591, 1000.000000000000114 ) ;
#2464 = VERTEX_POINT ( 'NONE', #2385 ) ;
#2465 = FILL_AREA_STYLE_COLOUR ( '', #2439 ) ;
#2466 = DIRECTION ( 'NONE',  ( 0.000000000000000000, -1.000000000000000000, 0.000000000000000000 ) ) ;
#2467 = EDGE_CURVE ( 'NONE', #1269, #1377, #357, .T. ) ;
#2468 = DIRECTION ( 'NONE',  ( -0.000000000000000000, -1.000000000000000000, -0.000000000000000000 ) ) ;
#2469 = DIRECTION ( 'NONE',  ( 0.000000000000000000, -1.000000000000000000, 0.000000000000000000 ) ) ;
#2470 = ADVANCED_FACE ( 'NONE', ( #2337 ), #2616, .T. ) ;
#2471 = DIRECTION ( 'NONE',  ( 0.000000000000000000, 0.000000000000000000, -1.000000000000000000 ) ) ;
#2472 = VECTOR ( 'NONE', #949, 1000.000000000000000 ) ;
#2473 = LINE ( 'NONE', #238, #3024 ) ;
#2474 = EDGE_LOOP ( 'NONE', ( #1977, #606, #2442, #3075 ) ) ;
#2475 = DIRECTION ( 'NONE',  ( 0.000000000000000000, -1.000000000000000000, -0.000000000000000000 ) ) ;
#2476 = ORIENTED_EDGE ( 'NONE', *, *, #2189, .F. ) ;
#2477 = CARTESIAN_POINT ( 'NONE',  ( 0.000000000000000000, 0.5749999999999999556, 0.000000000000000000 ) ) ;
#2478 = DIRECTION ( 'NONE',  ( 0.000000000000000000, 0.000000000000000000, 1.000000000000000000 ) ) ;
#2479 = CARTESIAN_POINT ( 'NONE',  ( 0.000000000000000000, 0.000000000000000000, -0.1000000000000000056 ) ) ;
#2480 = EDGE_CURVE ( 'NONE', #2521, #2349, #254, .T. ) ;
#2481 = CARTESIAN_POINT ( 'NONE',  ( -0.1000000000000000056, -0.02500000000000000139, 0.2989999999999999880 ) ) ;
#2482 = DIRECTION ( 'NONE',  ( -1.000000000000000000, -0.000000000000000000, -0.000000000000000000 ) ) ;
#2483 = ADVANCED_FACE ( 'NONE', ( #3102 ), #1390, .T. ) ;
#2484 = CARTESIAN_POINT ( 'NONE',  ( 0.000000000000000000, 0.000000000000000000, -0.1000000000000000056 ) ) ;
#2485 = ORIENTED_EDGE ( 'NONE', *, *, #2039, .T. ) ;
#2486 = AXIS2_PLACEMENT_3D ( 'NONE', #1954, #2925, #696 ) ;
#2487 = VECTOR ( 'NONE', #300, 1000.000000000000000 ) ;
#2488 = VECTOR ( 'NONE', #1263, 1000.000000000000000 ) ;
#2489 = EDGE_LOOP ( 'NONE', ( #1582, #1230, #1079, #619 ) ) ;
#2490 = CARTESIAN_POINT ( 'NONE',  ( -0.3750000000000000000, 0.000000000000000000, 0.2750000000000000222 ) ) ;
#2491 = SHAPE_DEFINITION_REPRESENTATION ( #1273, #1753 ) ;
#2492 = CARTESIAN_POINT ( 'NONE',  ( 0.000000000000000000, 0.000000000000000000, 0.2999999999999999889 ) ) ;
#2493 = PLANE ( 'NONE',  #2178 ) ;
#2494 = CARTESIAN_POINT ( 'NONE',  ( 0.2824999999999999734, 0.1000000000000000056, 0.2999999999999999889 ) ) ;
#2495 = CARTESIAN_POINT ( 'NONE',  ( -0.3074999999999999956, 0.000000000000000000, 0.2750000000000000222 ) ) ;
#2496 = CARTESIAN_POINT ( 'NONE',  ( -0.3750000000000000000, 0.000000000000000000, -0.1250000000000000000 ) ) ;
#2497 = CARTESIAN_POINT ( 'NONE',  ( -0.1000000000000000056, 0.000000000000000000, 0.1010000000000000203 ) ) ;
#2498 = VERTEX_POINT ( 'NONE', #2100 ) ;
#2499 = EDGE_CURVE ( 'NONE', #2808, #1789, #153, .T. ) ;
#2500 = EDGE_CURVE ( 'NONE', #2294, #2591, #1890, .T. ) ;
#2501 = CARTESIAN_POINT ( 'NONE',  ( 0.000000000000000000, 0.000000000000000000, 0.1000000000000000056 ) ) ;
#2502 = DIRECTION ( 'NONE',  ( -0.7071067811865475727, 0.000000000000000000, -0.7071067811865475727 ) ) ;
#2503 = ADVANCED_FACE ( 'NONE', ( #870 ), #1150, .F. ) ;
#2504 = EDGE_LOOP ( 'NONE', ( #1838, #1963, #1699, #1140, #1262, #1706, #2987, #1372, #1344, #1018, #821, #603 ) ) ;
#2505 = ORIENTED_EDGE ( 'NONE', *, *, #1757, .F. ) ;
#2506 = DIRECTION ( 'NONE',  ( -1.000000000000000000, -0.000000000000000000, -0.000000000000000000 ) ) ;
#2507 = VECTOR ( 'NONE', #1072, 999.9999999999998863 ) ;
#2508 = DIRECTION ( 'NONE',  ( -0.000000000000000000, -1.000000000000000000, -0.000000000000000000 ) ) ;
#2509 = LINE ( 'NONE', #273, #1594 ) ;
#2510 = CYLINDRICAL_SURFACE ( 'NONE', #2721, 0.001000000000000024307 ) ;
#2511 = DIRECTION ( 'NONE',  ( -1.000000000000000000, 0.000000000000000000, -0.000000000000000000 ) ) ;
#2512 = SHAPE_REPRESENTATION ( 'RAA0004A_FRAME_1', ( #1728 ), #2823 ) ;
#2513 = PLANE ( 'NONE',  #1360 ) ;
#2514 = EDGE_LOOP ( 'NONE', ( #2326, #2841, #813, #145 ) ) ;
#2515 = DIRECTION ( 'NONE',  ( 0.000000000000000000, -1.000000000000000000, 0.000000000000000000 ) ) ;
#2516 = VECTOR ( 'NONE', #3040, 1000.000000000000000 ) ;
#2517 = EDGE_CURVE ( 'NONE', #738, #1780, #669, .T. ) ;
#2518 = PLANE ( 'NONE',  #2273 ) ;
#2519 = ORIENTED_EDGE ( 'NONE', *, *, #448, .T. ) ;
#2520 = EDGE_CURVE ( 'NONE', #445, #1339, #375, .T. ) ;
#2521 = VERTEX_POINT ( 'NONE', #1912 ) ;
#2522 = CARTESIAN_POINT ( 'NONE',  ( 0.1000000000000000056, 0.000000000000000000, -0.2989999999999999880 ) ) ;
#2523 = FACE_OUTER_BOUND ( 'NONE', #1932, .T. ) ;
#2524 = FILL_AREA_STYLE ('',( #36 ) ) ;
#2525 = EDGE_LOOP ( 'NONE', ( #2794, #2912, #714, #1833 ) ) ;
#2526 =( REPRESENTATION_RELATIONSHIP ('NONE','NONE', #2863, #1753 ) REPRESENTATION_RELATIONSHIP_WITH_TRANSFORMATION ( #1767 )SHAPE_REPRESENTATION_RELATIONSHIP( ) );
#2527 = CARTESIAN_POINT ( 'NONE',  ( -0.2824999999999999734, 0.000000000000000000, -0.1000000000000000056 ) ) ;
#2528 = ORIENTED_EDGE ( 'NONE', *, *, #569, .F. ) ;
#2529 = DIRECTION ( 'NONE',  ( 0.000000000000000000, 0.000000000000000000, 1.000000000000000000 ) ) ;
#2530 = LINE ( 'NONE', #1598, #2420 ) ;
#2531 = ORIENTED_EDGE ( 'NONE', *, *, #2210, .T. ) ;
#2532 = VERTEX_POINT ( 'NONE', #2083 ) ;
#2533 = VECTOR ( 'NONE', #2191, 1000.000000000000000 ) ;
#2534 = ORIENTED_EDGE ( 'NONE', *, *, #1516, .F. ) ;
#2535 = FACE_OUTER_BOUND ( 'NONE', #2, .T. ) ;
#2536 = EDGE_CURVE ( 'NONE', #3108, #1269, #2834, .T. ) ;
#2537 = EDGE_CURVE ( 'NONE', #1427, #637, #1479, .T. ) ;
#2538 = LINE ( 'NONE', #2492, #1413 ) ;
#2539 = FACE_OUTER_BOUND ( 'NONE', #1214, .T. ) ;
#2540 = ORIENTED_EDGE ( 'NONE', *, *, #1268, .T. ) ;
#2541 = LINE ( 'NONE', #1506, #1886 ) ;
#2542 = VECTOR ( 'NONE', #2634, 1000.000000000000000 ) ;
#2543 = CARTESIAN_POINT ( 'NONE',  ( 0.3750000000000000000, 0.1000000000000000056, -0.2750000000000000222 ) ) ;
#2544 = CARTESIAN_POINT ( 'NONE',  ( 0.000000000000000000, 0.1000000000000000056, 0.000000000000000000 ) ) ;
#2545 = ORIENTED_EDGE ( 'NONE', *, *, #467, .T. ) ;
#2546 = CARTESIAN_POINT ( 'NONE',  ( 0.1010000000000000064, 0.07499999999999999722, 0.2989999999999999880 ) ) ;
#2547 = CARTESIAN_POINT ( 'NONE',  ( -0.1010000000000000064, 0.07499999999999999722, 0.2989999999999999880 ) ) ;
#2548 = ORIENTED_EDGE ( 'NONE', *, *, #1720, .T. ) ;
#2549 = DIRECTION ( 'NONE',  ( -0.000000000000000000, 1.000000000000000000, 0.000000000000000000 ) ) ;
#2550 = LINE ( 'NONE', #2265, #2286 ) ;
#2551 = CARTESIAN_POINT ( 'NONE',  ( -0.3750000000000000000, 0.07499999999999999722, 0.1250000000000000000 ) ) ;
#2552 = AXIS2_PLACEMENT_3D ( 'NONE', #2130, #107, #2399 ) ;
#2553 = ORIENTED_EDGE ( 'NONE', *, *, #2998, .T. ) ;
#2554 = ADVANCED_FACE ( 'NONE', ( #2729 ), #2711, .F. ) ;
#2555 =( NAMED_UNIT ( * ) SI_UNIT ( $, .STERADIAN. ) SOLID_ANGLE_UNIT ( ) );
#2556 = COLOUR_RGB ( '',0.09411764705882352811, 0.09411764705882352811, 0.09411764705882352811 ) ;
#2557 = LINE ( 'NONE', #321, #2463 ) ;
#2558 = DIRECTION ( 'NONE',  ( 1.000000000000000000, 0.000000000000000000, 0.000000000000000000 ) ) ;
#2559 = EDGE_CURVE ( 'NONE', #738, #2825, #244, .T. ) ;
#2560 = ORIENTED_EDGE ( 'NONE', *, *, #2581, .F. ) ;
#2561 = FACE_OUTER_BOUND ( 'NONE', #2291, .T. ) ;
#2562 = VECTOR ( 'NONE', #1741, 1000.000000000000114 ) ;
#2563 = DIRECTION ( 'NONE',  ( 0.000000000000000000, 0.000000000000000000, -1.000000000000000000 ) ) ;
#2564 = ORIENTED_EDGE ( 'NONE', *, *, #568, .F. ) ;
#2565 = EDGE_LOOP ( 'NONE', ( #889, #264, #1688, #1193 ) ) ;
#2566 = VERTEX_POINT ( 'NONE', #742 ) ;
#2567 = AXIS2_PLACEMENT_3D ( 'NONE', #891, #430, #1419 ) ;
#2568 = AXIS2_PLACEMENT_3D ( 'NONE', #2678, #1661, #2150 ) ;
#2569 = VECTOR ( 'NONE', #2358, 1000.000000000000000 ) ;
#2570 = CARTESIAN_POINT ( 'NONE',  ( 0.000000000000000000, 0.07499999999999999722, 0.000000000000000000 ) ) ;
#2571 = CARTESIAN_POINT ( 'NONE',  ( 0.1000000000000000056, 0.000000000000000000, 0.000000000000000000 ) ) ;
#2572 = ORIENTED_EDGE ( 'NONE', *, *, #871, .F. ) ;
#2573 = CARTESIAN_POINT ( 'NONE',  ( 0.4749999999999999778, 0.000000000000000000, 0.2999999999999999889 ) ) ;
#2574 =( LENGTH_UNIT ( ) NAMED_UNIT ( * ) SI_UNIT ( .MILLI., .METRE. ) );
#2575 = ORIENTED_EDGE ( 'NONE', *, *, #2537, .T. ) ;
#2576 = PLANE ( 'NONE',  #3200 ) ;
#2577 = EDGE_CURVE ( 'NONE', #945, #361, #2173, .T. ) ;
#2578 = CARTESIAN_POINT ( 'NONE',  ( -0.1010000000000000064, 0.07499999999999999722, 0.1010000000000000064 ) ) ;
#2579 = VERTEX_POINT ( 'NONE', #2235 ) ;
#2580 = ORIENTED_EDGE ( 'NONE', *, *, #3002, .F. ) ;
#2581 = EDGE_CURVE ( 'NONE', #608, #358, #1417, .T. ) ;
#2582 = ADVANCED_FACE ( 'NONE', ( #1248 ), #1695, .T. ) ;
#2583 = CARTESIAN_POINT ( 'NONE',  ( 0.1010000000000000064, 0.000000000000000000, -0.2989999999999999880 ) ) ;
#2584 = DIRECTION ( 'NONE',  ( -1.000000000000000000, -0.000000000000000000, -0.000000000000000000 ) ) ;
#2585 = EDGE_LOOP ( 'NONE', ( #1981, #1471, #580, #743 ) ) ;
#2586 = ORIENTED_EDGE ( 'NONE', *, *, #1076, .F. ) ;
#2587 = VECTOR ( 'NONE', #1779, 1000.000000000000000 ) ;
#2588 = CARTESIAN_POINT ( 'NONE',  ( 0.000000000000000000, 0.000000000000000000, 0.000000000000000000 ) ) ;
#2590 = AXIS2_PLACEMENT_3D ( 'NONE', #484, #1272, #1477 ) ;
#2589 = DIRECTION ( 'NONE',  ( 0.000000000000000000, -0.000000000000000000, 1.000000000000000000 ) ) ;
#2591 = VERTEX_POINT ( 'NONE', #457 ) ;
#2592 = DIRECTION ( 'NONE',  ( -0.000000000000000000, -0.000000000000000000, 1.000000000000000000 ) ) ;
#2593 = VECTOR ( 'NONE', #2435, 999.9999999999998863 ) ;
#2594 = ORIENTED_EDGE ( 'NONE', *, *, #195, .T. ) ;
#2595 = CARTESIAN_POINT ( 'NONE',  ( 0.1000000000000000056, -0.02500000000000000139, 0.1010000000000000203 ) ) ;
#2596 = LINE ( 'NONE', #2152, #228 ) ;
#2597 = DIRECTION ( 'NONE',  ( 0.000000000000000000, 0.000000000000000000, 1.000000000000000000 ) ) ;
#2598 = AXIS2_PLACEMENT_3D ( 'NONE', #1575, #1510, #2511 ) ;
#2599 = ORIENTED_EDGE ( 'NONE', *, *, #2811, .F. ) ;
#2600 = DIRECTION ( 'NONE',  ( 0.7071067811865474617, 0.000000000000000000, 0.7071067811865474617 ) ) ;
#2601 = AXIS2_PLACEMENT_3D ( 'NONE', #186, #2452, #474 ) ;
#2602 = DIRECTION ( 'NONE',  ( -1.000000000000000000, -0.000000000000000000, 0.000000000000000000 ) ) ;
#2603 = VERTEX_POINT ( 'NONE', #1957 ) ;
#2604 = EDGE_CURVE ( 'NONE', #539, #104, #2847, .T. ) ;
#2605 = FACE_OUTER_BOUND ( 'NONE', #1896, .T. ) ;
#2606 = EDGE_CURVE ( 'NONE', #1427, #330, #622, .T. ) ;
#2608 = VECTOR ( 'NONE', #1321, 1000.000000000000000 ) ;
#2607 = DIRECTION ( 'NONE',  ( -0.000000000000000000, 1.000000000000000000, 0.000000000000000000 ) ) ;
#2609 = CARTESIAN_POINT ( 'NONE',  ( 0.3750000000000000000, 0.000000000000000000, -0.1249999999999999445 ) ) ;
#2610 = VECTOR ( 'NONE', #251, 1000.000000000000000 ) ;
#2611 = EDGE_LOOP ( 'NONE', ( #1803, #2842, #1174, #497 ) ) ;
#2612 = FACE_OUTER_BOUND ( 'NONE', #2158, .T. ) ;
#2613 =( LENGTH_UNIT ( ) NAMED_UNIT ( * ) SI_UNIT ( .MILLI., .METRE. ) );
#2614 = EDGE_LOOP ( 'NONE', ( #2881, #1046, #1534, #91 ) ) ;
#2615 = LINE ( 'NONE', #1631, #1065 ) ;
#2616 = PLANE ( 'NONE',  #939 ) ;
#2617 = PRESENTATION_LAYER_ASSIGNMENT (  '', '', ( #796 ) ) ;
#2618 = EDGE_LOOP ( 'NONE', ( #142, #1085, #1558, #128 ) ) ;
#2619 = VECTOR ( 'NONE', #2758, 1000.000000000000000 ) ;
#2620 = UNCERTAINTY_MEASURE_WITH_UNIT (LENGTH_MEASURE( 1.000000000000000082E-05 ), #2147, 'distance_accuracy_value', 'NONE');
#2621 = CARTESIAN_POINT ( 'NONE',  ( 0.2824999999999999734, 1.355252715606880543E-17, -0.2999999999999999889 ) ) ;
#2622 = CARTESIAN_POINT ( 'NONE',  ( 0.3750000000000000000, 0.5749999999999999556, 0.4249999999999999889 ) ) ;
#2623 = ORIENTED_EDGE ( 'NONE', *, *, #2240, .F. ) ;
#2624 = ORIENTED_EDGE ( 'NONE', *, *, #1091, .T. ) ;
#2625 = EDGE_CURVE ( 'NONE', #997, #928, #941, .T. ) ;
#2626 = CARTESIAN_POINT ( 'NONE',  ( -0.2824999999999999734, 0.000000000000000000, 0.2999999999999999889 ) ) ;
#2627 = DIRECTION ( 'NONE',  ( -0.000000000000000000, 1.000000000000000000, 0.000000000000000000 ) ) ;
#2628 = EDGE_CURVE ( 'NONE', #670, #2591, #1710, .T. ) ;
#2629 = CARTESIAN_POINT ( 'NONE',  ( -0.1000000000000000056, 0.1000000000000000056, 0.2989999999999999880 ) ) ;
#2630 = ORIENTED_EDGE ( 'NONE', *, *, #2745, .T. ) ;
#2631 = CARTESIAN_POINT ( 'NONE',  ( 0.2824999999999999734, 0.000000000000000000, 0.2999999999999999889 ) ) ;
#2632 = DIRECTION ( 'NONE',  ( 1.000000000000000000, 0.000000000000000000, 0.000000000000000000 ) ) ;
#2633 = CARTESIAN_POINT ( 'NONE',  ( 0.1000000000000000056, 0.07499999999999999722, 0.000000000000000000 ) ) ;
#2634 = DIRECTION ( 'NONE',  ( -0.000000000000000000, 0.000000000000000000, -1.000000000000000000 ) ) ;
#2635 = ORIENTED_EDGE ( 'NONE', *, *, #2703, .F. ) ;
#2636 = ORIENTED_EDGE ( 'NONE', *, *, #2016, .F. ) ;
#2637 = CARTESIAN_POINT ( 'NONE',  ( 0.3750000000000000000, 0.000000000000000000, 0.1250000000000000000 ) ) ;
#2638 = CARTESIAN_POINT ( 'NONE',  ( -0.3074999999999999956, 0.000000000000000000, -0.2750000000000000222 ) ) ;
#2639 = ORIENTED_EDGE ( 'NONE', *, *, #298, .F. ) ;
#2640 = VERTEX_POINT ( 'NONE', #1447 ) ;
#2641 = LINE ( 'NONE', #2167, #982 ) ;
#2642 = DIRECTION ( 'NONE',  ( -1.000000000000000000, 0.000000000000000000, -0.000000000000000000 ) ) ;
#2643 = DIRECTION ( 'NONE',  ( -0.000000000000000000, -0.000000000000000000, 1.000000000000000000 ) ) ;
#2644 = EDGE_LOOP ( 'NONE', ( #2884, #2784, #2287, #1190 ) ) ;
#2645 = DIRECTION ( 'NONE',  ( 0.000000000000000000, 1.000000000000000000, 0.000000000000000000 ) ) ;
#2646 = DIRECTION ( 'NONE',  ( 0.000000000000000000, -1.000000000000000000, 0.000000000000000000 ) ) ;
#2647 = EDGE_CURVE ( 'NONE', #1026, #928, #1739, .T. ) ;
#2648 = EDGE_CURVE ( 'NONE', #2375, #1645, #1927, .T. ) ;
#2649 = CARTESIAN_POINT ( 'NONE',  ( 0.3750000000000000000, 0.1000000000000000056, -0.4249999999999999889 ) ) ;
#2650 = DIRECTION ( 'NONE',  ( 0.7071067811865475727, 0.000000000000000000, 0.7071067811865475727 ) ) ;
#2651 = VECTOR ( 'NONE', #762, 1000.000000000000000 ) ;
#2652 = EDGE_LOOP ( 'NONE', ( #3005, #621, #1877, #2333 ) ) ;
#2653 = EDGE_CURVE ( 'NONE', #1259, #1026, #1680, .T. ) ;
#2654 = ORIENTED_EDGE ( 'NONE', *, *, #1962, .T. ) ;
#2655 = PRODUCT ( 'RAA0004A_FRAME_1', 'RAA0004A_FRAME_1', '', ( #1205 ) ) ;
#2656 = DIRECTION ( 'NONE',  ( 0.000000000000000000, 0.000000000000000000, -1.000000000000000000 ) ) ;
#2657 = VECTOR ( 'NONE', #233, 1000.000000000000000 ) ;
#2658 = CARTESIAN_POINT ( 'NONE',  ( 0.3074999999999999956, 0.000000000000000000, -0.2750000000000000222 ) ) ;
#2659 = ORIENTED_EDGE ( 'NONE', *, *, #2042, .T. ) ;
#2660 = FACE_OUTER_BOUND ( 'NONE', #2614, .T. ) ;
#2661 =( NAMED_UNIT ( * ) SI_UNIT ( $, .STERADIAN. ) SOLID_ANGLE_UNIT ( ) );
#2662 = SURFACE_STYLE_USAGE ( .BOTH. , #1907 ) ;
#2663 = VERTEX_POINT ( 'NONE', #1432 ) ;
#2664 = DIRECTION ( 'NONE',  ( 0.000000000000000000, 0.000000000000000000, -1.000000000000000000 ) ) ;
#2665 = PLANE ( 'NONE',  #2601 ) ;
#2666 = LINE ( 'NONE', #2370, #1445 ) ;
#2667 = EDGE_CURVE ( 'NONE', #1269, #3162, #981, .T. ) ;
#2668 = CARTESIAN_POINT ( 'NONE',  ( -0.2824999999999999734, -0.02500000000000000139, 0.2999999999999999889 ) ) ;
#2669 = CARTESIAN_POINT ( 'NONE',  ( -0.2824999999999999734, 0.07500000000000005274, -0.1000000000000000056 ) ) ;
#2670 = EDGE_CURVE ( 'NONE', #2952, #2682, #878, .T. ) ;
#2671 = AXIS2_PLACEMENT_3D ( 'NONE', #2092, #2396, #866 ) ;
#2672 = CARTESIAN_POINT ( 'NONE',  ( -0.3074999999999999956, 0.1000000000000000611, -0.2750000000000000222 ) ) ;
#2673 = EDGE_LOOP ( 'NONE', ( #1302, #2250, #2059, #1765, #192, #1539, #968, #1953, #708, #2868 ) ) ;
#2674 = CARTESIAN_POINT ( 'NONE',  ( -0.3074999999999999956, 0.000000000000000000, -0.1250000000000000000 ) ) ;
#2675 = ORIENTED_EDGE ( 'NONE', *, *, #1005, .F. ) ;
#2676 = FILL_AREA_STYLE_COLOUR ( '', #2199 ) ;
#2677 = ORIENTED_EDGE ( 'NONE', *, *, #2113, .T. ) ;
#2678 = CARTESIAN_POINT ( 'NONE',  ( -0.3074999999999999956, -0.02500000000000000139, -0.1250000000000000000 ) ) ;
#2679 = CARTESIAN_POINT ( 'NONE',  ( 0.3074999999999999956, 0.1000000000000000056, -0.1250000000000000000 ) ) ;
#2680 = DIRECTION ( 'NONE',  ( 1.000000000000000000, -0.000000000000000000, 0.000000000000000000 ) ) ;
#2681 =( GEOMETRIC_REPRESENTATION_CONTEXT ( 3 ) GLOBAL_UNCERTAINTY_ASSIGNED_CONTEXT ( ( #1854 ) ) GLOBAL_UNIT_ASSIGNED_CONTEXT ( ( #207, #3224, #2931 ) ) REPRESENTATION_CONTEXT ( 'NONE', 'WORKASPACE' ) );
#2682 = VERTEX_POINT ( 'NONE', #1208 ) ;
#2683 = DIRECTION ( 'NONE',  ( 1.000000000000000000, 0.000000000000000000, 0.000000000000000000 ) ) ;
#2684 = FACE_OUTER_BOUND ( 'NONE', #2968, .T. ) ;
#2685 = VERTEX_POINT ( 'NONE', #3190 ) ;
#2686 = ORIENTED_EDGE ( 'NONE', *, *, #1058, .T. ) ;
#2687 = ADVANCED_FACE ( 'NONE', ( #954 ), #1941, .F. ) ;
#2688 = EDGE_CURVE ( 'NONE', #214, #2213, #972, .T. ) ;
#2689 = LINE ( 'NONE', #946, #2036 ) ;
#2690 =( NAMED_UNIT ( * ) SI_UNIT ( $, .STERADIAN. ) SOLID_ANGLE_UNIT ( ) );
#2691 = VERTEX_POINT ( 'NONE', #2279 ) ;
#2692 = CARTESIAN_POINT ( 'NONE',  ( -0.3750000000000000000, 0.000000000000000000, 0.4249999999999999889 ) ) ;
#2693 = CARTESIAN_POINT ( 'NONE',  ( 0.1000000000000000056, -0.02500000000000000139, -0.1010000000000000064 ) ) ;
#2694 = DIRECTION ( 'NONE',  ( 0.000000000000000000, -1.000000000000000000, 0.000000000000000000 ) ) ;
#2695 = VECTOR ( 'NONE', #2964, 1000.000000000000000 ) ;
#2696 = CARTESIAN_POINT ( 'NONE',  ( 0.3750000000000000000, 0.000000000000000000, 0.1250000000000000000 ) ) ;
#2697 = CARTESIAN_POINT ( 'NONE',  ( 0.3750000000000000000, 0.000000000000000000, -0.4249999999999999889 ) ) ;
#2698 = ORIENTED_EDGE ( 'NONE', *, *, #1929, .T. ) ;
#2699 = ADVANCED_BREP_SHAPE_REPRESENTATION ( '', ( #2914, #1728 ), #752 ) ;
#2700 = ORIENTED_EDGE ( 'NONE', *, *, #2795, .T. ) ;
#2701 = PRODUCT_DEFINITION_SHAPE ( 'NONE', 'NONE',  #3228 ) ;
#2702 = ADVANCED_FACE ( 'NONE', ( #2000 ), #1051, .F. ) ;
#2703 = EDGE_CURVE ( 'NONE', #2532, #884, #1812, .T. ) ;
#2704 = DIRECTION ( 'NONE',  ( 0.7071067811865477948, 0.000000000000000000, 0.7071067811865473507 ) ) ;
#2705 = VECTOR ( 'NONE', #3087, 1000.000000000000000 ) ;
#2706 = VECTOR ( 'NONE', #455, 1000.000000000000000 ) ;
#2707 = ORIENTED_EDGE ( 'NONE', *, *, #1424, .F. ) ;
#2708 =( NAMED_UNIT ( * ) PLANE_ANGLE_UNIT ( ) SI_UNIT ( $, .RADIAN. ) );
#2709 = PRODUCT_CONTEXT ( 'NONE', #3094, 'mechanical' ) ;
#2710 = CARTESIAN_POINT ( 'NONE',  ( -0.3750000000000000000, 0.1000000000000000056, 0.4249999999999999889 ) ) ;
#2711 = CYLINDRICAL_SURFACE ( 'NONE', #295, 0.001000000000000024307 ) ;
#2712 = UNCERTAINTY_MEASURE_WITH_UNIT (LENGTH_MEASURE( 1.000000000000000082E-05 ), #353, 'distance_accuracy_value', 'NONE');
#2713 = ORIENTED_EDGE ( 'NONE', *, *, #3145, .F. ) ;
#2714 = EDGE_LOOP ( 'NONE', ( #2376, #1614, #83, #312, #2146, #42, #1159, #1400, #1793, #656 ) ) ;
#2715 = CARTESIAN_POINT ( 'NONE',  ( 0.3750000000000000000, 0.000000000000000000, -0.4249999999999999889 ) ) ;
#2716 = VECTOR ( 'NONE', #899, 1000.000000000000000 ) ;
#2717 = VECTOR ( 'NONE', #512, 1000.000000000000000 ) ;
#2718 = CARTESIAN_POINT ( 'NONE',  ( 0.3074999999999999400, 0.1000000000000000056, 0.2750000000000000777 ) ) ;
#2719 = ORIENTED_EDGE ( 'NONE', *, *, #407, .T. ) ;
#2720 = ORIENTED_EDGE ( 'NONE', *, *, #642, .F. ) ;
#2721 = AXIS2_PLACEMENT_3D ( 'NONE', #1032, #55, #1311 ) ;
#2722 = CARTESIAN_POINT ( 'NONE',  ( -0.1000000000000000056, 0.000000000000000000, -0.1999999999999999833 ) ) ;
#2723 = EDGE_CURVE ( 'NONE', #2349, #3108, #1069, .T. ) ;
#2724 = ORIENTED_EDGE ( 'NONE', *, *, #2670, .T. ) ;
#2725 = CARTESIAN_POINT ( 'NONE',  ( 0.3074999999999999956, 0.000000000000000000, 0.2750000000000000222 ) ) ;
#2726 = EDGE_CURVE ( 'NONE', #630, #2640, #3032, .T. ) ;
#2727 = AXIS2_PLACEMENT_3D ( 'NONE', #1101, #1589, #822 ) ;
#2728 = DIRECTION ( 'NONE',  ( -0.000000000000000000, 1.000000000000000000, 0.000000000000000000 ) ) ;
#2729 = FACE_OUTER_BOUND ( 'NONE', #3028, .T. ) ;
#2730 =( LENGTH_UNIT ( ) NAMED_UNIT ( * ) SI_UNIT ( .MILLI., .METRE. ) );
#2731 = ORIENTED_EDGE ( 'NONE', *, *, #1440, .T. ) ;
#2732 = VECTOR ( 'NONE', #2203, 1000.000000000000000 ) ;
#2733 = LINE ( 'NONE', #443, #1754 ) ;
#2734 = VECTOR ( 'NONE', #1459, 1000.000000000000000 ) ;
#2735 = AXIS2_PLACEMENT_3D ( 'NONE', #1380, #1192, #2441 ) ;
#2736 = CARTESIAN_POINT ( 'NONE',  ( 0.000000000000000000, 0.000000000000000000, 0.1250000000000000000 ) ) ;
#2737 = ORIENTED_EDGE ( 'NONE', *, *, #938, .T. ) ;
#2738 = CARTESIAN_POINT ( 'NONE',  ( -0.3750000000000000000, 0.000000000000000000, 0.2750000000000000222 ) ) ;
#2739 = EDGE_LOOP ( 'NONE', ( #319, #2531, #346, #780 ) ) ;
#2740 = VERTEX_POINT ( 'NONE', #2773 ) ;
#2741 = LINE ( 'NONE', #1489, #1216 ) ;
#2742 = DIRECTION ( 'NONE',  ( -0.000000000000000000, 1.000000000000000000, 0.000000000000000000 ) ) ;
#2743 = CARTESIAN_POINT ( 'NONE',  ( -0.2824999999999999734, 0.1000000000000000611, 0.2999999999999999889 ) ) ;
#2744 = EDGE_CURVE ( 'NONE', #546, #183, #538, .T. ) ;
#2745 = EDGE_CURVE ( 'NONE', #1507, #560, #1015, .T. ) ;
#2746 = DIRECTION ( 'NONE',  ( -1.000000000000000000, -0.000000000000000000, -0.000000000000000000 ) ) ;
#2747 = DIRECTION ( 'NONE',  ( 0.7071067811865475727, 0.000000000000000000, 0.7071067811865475727 ) ) ;
#2748 = DIRECTION ( 'NONE',  ( -1.000000000000000000, -0.000000000000000000, -0.000000000000000000 ) ) ;
#2749 = DIRECTION ( 'NONE',  ( 0.000000000000000000, 0.000000000000000000, 1.000000000000000000 ) ) ;
#2750 = ORIENTED_EDGE ( 'NONE', *, *, #2861, .F. ) ;
#2751 = VECTOR ( 'NONE', #1650, 1000.000000000000000 ) ;
#2752 = EDGE_LOOP ( 'NONE', ( #121, #680, #1421, #277 ) ) ;
#2753 = CARTESIAN_POINT ( 'NONE',  ( -0.1999999999999999833, 0.07500000000000002498, -0.1000000000000000056 ) ) ;
#2754 = DIRECTION ( 'NONE',  ( 0.000000000000000000, 0.000000000000000000, -1.000000000000000000 ) ) ;
#2755 = CARTESIAN_POINT ( 'NONE',  ( -0.1010000000000000203, 0.000000000000000000, 0.2999999999999999889 ) ) ;
#2756 = FACE_OUTER_BOUND ( 'NONE', #2525, .T. ) ;
#2757 = VERTEX_POINT ( 'NONE', #2551 ) ;
#2758 = DIRECTION ( 'NONE',  ( -0.000000000000000000, -1.000000000000000000, -0.000000000000000000 ) ) ;
#2759 =( REPRESENTATION_RELATIONSHIP ('NONE','NONE', #2863, #1104 ) REPRESENTATION_RELATIONSHIP_WITH_TRANSFORMATION ( #1008 )SHAPE_REPRESENTATION_RELATIONSHIP( ) );
#2760 = PRODUCT_RELATED_PRODUCT_CATEGORY ( 'part', '', ( #1151 ) ) ;
#2761 = EDGE_CURVE ( 'NONE', #1921, #767, #771, .T. ) ;
#2762 = CARTESIAN_POINT ( 'NONE',  ( -0.3074999999999999956, 1.355252715606880543E-17, 0.1250000000000000000 ) ) ;
#2763 = DIRECTION ( 'NONE',  ( 0.000000000000000000, 0.000000000000000000, -1.000000000000000000 ) ) ;
#2764 = VERTEX_POINT ( 'NONE', #2755 ) ;
#2765 = EDGE_CURVE ( 'NONE', #432, #2366, #1084, .T. ) ;
#2766 = FACE_OUTER_BOUND ( 'NONE', #1294, .T. ) ;
#2767 = VECTOR ( 'NONE', #2227, 1000.000000000000114 ) ;
#2768 = VECTOR ( 'NONE', #2145, 1000.000000000000000 ) ;
#2769 = ORIENTED_EDGE ( 'NONE', *, *, #1832, .T. ) ;
#2770 = DIRECTION ( 'NONE',  ( 0.000000000000000000, 1.000000000000000000, 0.000000000000000000 ) ) ;
#2771 = MECHANICAL_DESIGN_GEOMETRIC_PRESENTATION_REPRESENTATION (  '', ( #1224 ), #847 ) ;
#2772 = LINE ( 'NONE', #1490, #167 ) ;
#2773 = CARTESIAN_POINT ( 'NONE',  ( 0.3074999999999999400, 0.07500000000000003886, 0.2750000000000000777 ) ) ;
#2774 = DIRECTION ( 'NONE',  ( 1.000000000000000000, 0.000000000000000000, 0.000000000000000000 ) ) ;
#2775 = CARTESIAN_POINT ( 'NONE',  ( 0.3750000000000000000, 0.000000000000000000, 0.4249999999999999889 ) ) ;
#2776 = LINE ( 'NONE', #3018, #103 ) ;
#2777 = VERTEX_POINT ( 'NONE', #2063 ) ;
#2778 = CARTESIAN_POINT ( 'NONE',  ( 0.1010000000000000064, 0.000000000000000000, 0.1010000000000000064 ) ) ;
#2779 = PRODUCT ( 'RAA0004A_FRAME', 'RAA0004A_FRAME', '', ( #2942 ) ) ;
#2780 = CARTESIAN_POINT ( 'NONE',  ( 0.1000000000000000056, 0.000000000000000000, 0.2989999999999999880 ) ) ;
#2781 = LINE ( 'NONE', #2738, #40 ) ;
#2782 = EDGE_CURVE ( 'NONE', #2464, #2777, #2509, .T. ) ;
#2783 = ADVANCED_FACE ( 'NONE', ( #2539 ), #2493, .F. ) ;
#2784 = ORIENTED_EDGE ( 'NONE', *, *, #855, .T. ) ;
#2785 = CARTESIAN_POINT ( 'NONE',  ( -0.2000000000000000111, -0.02500000000000000139, -0.1000000000000000056 ) ) ;
#2786 = ITEM_DEFINED_TRANSFORMATION ( 'NONE', 'NONE', #2727,  #1728 ) ;
#2787 = CARTESIAN_POINT ( 'NONE',  ( 0.000000000000000000, 0.000000000000000000, 0.1250000000000000000 ) ) ;
#2788 = CARTESIAN_POINT ( 'NONE',  ( 0.000000000000000000, 0.07499999999999999722, -0.2750000000000000222 ) ) ;
#2789 = PLANE ( 'NONE',  #3030 ) ;
#2790 = DIRECTION ( 'NONE',  ( 0.000000000000000000, 0.000000000000000000, 1.000000000000000000 ) ) ;
#2791 = VERTEX_POINT ( 'NONE', #1491 ) ;
#2792 = DIRECTION ( 'NONE',  ( -1.000000000000000000, 0.000000000000000000, -0.000000000000000000 ) ) ;
#2793 = LINE ( 'NONE', #1125, #915 ) ;
#2794 = ORIENTED_EDGE ( 'NONE', *, *, #510, .F. ) ;
#2795 = EDGE_CURVE ( 'NONE', #726, #104, #260, .T. ) ;
#2796 = VECTOR ( 'NONE', #2417, 1000.000000000000114 ) ;
#2797 = EDGE_LOOP ( 'NONE', ( #416, #1488, #1763, #929 ) ) ;
#2798 = CARTESIAN_POINT ( 'NONE',  ( -0.3750000000000000000, 0.1000000000000000056, 0.2750000000000000222 ) ) ;
#2799 = VECTOR ( 'NONE', #400, 1000.000000000000000 ) ;
#2800 = CARTESIAN_POINT ( 'NONE',  ( 0.3750000000000000000, 0.1000000000000000056, -0.1250000000000000000 ) ) ;
#2801 = EDGE_CURVE ( 'NONE', #2521, #876, #2266, .T. ) ;
#2802 = ORIENTED_EDGE ( 'NONE', *, *, #1736, .F. ) ;
#2803 = DIRECTION ( 'NONE',  ( 1.000000000000000000, 0.000000000000000000, 0.000000000000000000 ) ) ;
#2804 = CARTESIAN_POINT ( 'NONE',  ( 0.000000000000000000, 0.000000000000000000, 0.2750000000000000222 ) ) ;
#2805 = VERTEX_POINT ( 'NONE', #646 ) ;
#2806 = CARTESIAN_POINT ( 'NONE',  ( -0.3750000000000000000, 0.000000000000000000, -0.2750000000000000222 ) ) ;
#2807 = DIRECTION ( 'NONE',  ( 0.000000000000000000, -0.000000000000000000, -1.000000000000000000 ) ) ;
#2808 = VERTEX_POINT ( 'NONE', #2629 ) ;
#2809 = ORIENTED_EDGE ( 'NONE', *, *, #1404, .F. ) ;
#2810 = DIRECTION ( 'NONE',  ( 0.000000000000000000, 1.000000000000000000, 0.000000000000000000 ) ) ;
#2811 = EDGE_CURVE ( 'NONE', #2937, #2566, #3131, .T. ) ;
#2812 = CARTESIAN_POINT ( 'NONE',  ( 0.2824999999999999734, 0.1000000000000000056, 0.1000000000000000056 ) ) ;
#2813 = VECTOR ( 'NONE', #839, 1000.000000000000000 ) ;
#2814 = EDGE_LOOP ( 'NONE', ( #913, #2004, #2957, #1807 ) ) ;
#2815 = FACE_OUTER_BOUND ( 'NONE', #2618, .T. ) ;
#2816 = SHAPE_REPRESENTATION_RELATIONSHIP ( 'NONE' , 'NONE' ,  #735, #2848 ) ;
#2817 = EDGE_CURVE ( 'NONE', #1734, #930, #1144, .T. ) ;
#2818 = EDGE_CURVE ( 'NONE', #3162, #2905, #161, .T. ) ;
#2819 = LINE ( 'NONE', #3101, #376 ) ;
#2820 = CARTESIAN_POINT ( 'NONE',  ( 0.1010000000000000064, 0.1000000000000000056, -0.2999999999999999889 ) ) ;
#2821 = ORIENTED_EDGE ( 'NONE', *, *, #573, .F. ) ;
#2822 = LINE ( 'NONE', #60, #1324 ) ;
#2823 =( GEOMETRIC_REPRESENTATION_CONTEXT ( 3 ) GLOBAL_UNCERTAINTY_ASSIGNED_CONTEXT ( ( #2116 ) ) GLOBAL_UNIT_ASSIGNED_CONTEXT ( ( #2574, #3084, #88 ) ) REPRESENTATION_CONTEXT ( 'NONE', 'WORKASPACE' ) );
#2824 = LINE ( 'NONE', #2638, #1425 ) ;
#2825 = VERTEX_POINT ( 'NONE', #625 ) ;
#2826 = MANIFOLD_SOLID_BREP ( 'Imported1', #1564 ) ;
#2827 = AXIS2_PLACEMENT_3D ( 'NONE', #2547, #1547, #1092 ) ;
#2828 = PLANE ( 'NONE',  #309 ) ;
#2829 = FILL_AREA_STYLE_COLOUR ( '', #2556 ) ;
#2830 = CARTESIAN_POINT ( 'NONE',  ( 0.1000000000000000056, 0.000000000000000000, 0.1010000000000000203 ) ) ;
#2831 = ORIENTED_EDGE ( 'NONE', *, *, #956, .F. ) ;
#2832 = CARTESIAN_POINT ( 'NONE',  ( -0.3750000000000000000, 0.000000000000000000, -0.2750000000000000222 ) ) ;
#2833 = CARTESIAN_POINT ( 'NONE',  ( -0.2824999999999999734, 0.07500000000000002498, -0.3000000000000000444 ) ) ;
#2834 = LINE ( 'NONE', #2353, #831 ) ;
#2835 = PRODUCT_DEFINITION ( 'UNKNOWN', '', #85, #2159 ) ;
#2836 = ADVANCED_FACE ( 'NONE', ( #369 ), #2889, .T. ) ;
#2837 = ORIENTED_EDGE ( 'NONE', *, *, #1014, .T. ) ;
#2838 = DIRECTION ( 'NONE',  ( 0.000000000000000000, 0.000000000000000000, 1.000000000000000000 ) ) ;
#2839 = EDGE_CURVE ( 'NONE', #893, #2663, #1353, .T. ) ;
#2840 = FACE_OUTER_BOUND ( 'NONE', #3069, .T. ) ;
#2841 = ORIENTED_EDGE ( 'NONE', *, *, #323, .T. ) ;
#2842 = ORIENTED_EDGE ( 'NONE', *, *, #1096, .F. ) ;
#2843 = AXIS2_PLACEMENT_3D ( 'NONE', #2674, #434, #2950 ) ;
#2844 = DIRECTION ( 'NONE',  ( -0.000000000000000000, 1.000000000000000000, 0.000000000000000000 ) ) ;
#2845 = LINE ( 'NONE', #3062, #1983 ) ;
#2846 = DIRECTION ( 'NONE',  ( 0.000000000000000000, 0.000000000000000000, -1.000000000000000000 ) ) ;
#2847 = CIRCLE ( 'NONE', #776, 0.001000000000000024307 ) ;
#2848 = ADVANCED_BREP_SHAPE_REPRESENTATION ( '', ( #2920, #1728 ), #314 ) ;
#2849 = EDGE_LOOP ( 'NONE', ( #527, #1210, #1219, #649, #2769, #2080, #481, #3158, #2700, #572 ) ) ;
#2850 = CARTESIAN_POINT ( 'NONE',  ( -0.1000000000000000056, 0.1000000000000000056, 0.1010000000000000203 ) ) ;
#2851 = ORIENTED_EDGE ( 'NONE', *, *, #684, .T. ) ;
#2852 = DIRECTION ( 'NONE',  ( -0.000000000000000000, -1.000000000000000000, -0.000000000000000000 ) ) ;
#2853 = DIRECTION ( 'NONE',  ( 1.000000000000000000, -0.000000000000000000, 0.000000000000000000 ) ) ;
#2854 = VECTOR ( 'NONE', #1958, 1000.000000000000000 ) ;
#2855 = ORIENTED_EDGE ( 'NONE', *, *, #1155, .F. ) ;
#2856 = EDGE_CURVE ( 'NONE', #576, #2791, #1606, .T. ) ;
#2857 = CARTESIAN_POINT ( 'NONE',  ( 0.3074999999999999956, 0.000000000000000000, 0.2750000000000000222 ) ) ;
#2858 = AXIS2_PLACEMENT_3D ( 'NONE', #2955, #1446, #232 ) ;
#2859 = CARTESIAN_POINT ( 'NONE',  ( -0.2000000000000000111, 0.000000000000000000, -0.1000000000000000056 ) ) ;
#2860 = ORIENTED_EDGE ( 'NONE', *, *, #1906, .F. ) ;
#2861 = EDGE_CURVE ( 'NONE', #1789, #2521, #1371, .T. ) ;
#2862 = DIRECTION ( 'NONE',  ( 1.000000000000000000, 0.000000000000000000, -0.000000000000000000 ) ) ;
#2863 = SHAPE_REPRESENTATION ( 'RAA0004A_FRAME', ( #2975, #1004, #2727, #2297, #900 ), #1317 ) ;
#2865 = VECTOR ( 'NONE', #2887, 1000.000000000000000 ) ;
#2864 = LINE ( 'NONE', #1082, #1880 ) ;
#2866 = FILL_AREA_STYLE_COLOUR ( '', #1621 ) ;
#2867 = VECTOR ( 'NONE', #636, 1000.000000000000000 ) ;
#2868 = ORIENTED_EDGE ( 'NONE', *, *, #1998, .F. ) ;
#2869 = DIRECTION ( 'NONE',  ( -1.000000000000000000, -0.000000000000000000, -0.000000000000000000 ) ) ;
#2870 = ORIENTED_EDGE ( 'NONE', *, *, #2323, .F. ) ;
#2871 = LINE ( 'NONE', #652, #120 ) ;
#2872 = DIRECTION ( 'NONE',  ( 1.000000000000000000, -0.000000000000000000, 0.000000000000000000 ) ) ;
#2873 = AXIS2_PLACEMENT_3D ( 'NONE', #3079, #2951, #3201 ) ;
#2874 = VECTOR ( 'NONE', #2930, 1000.000000000000000 ) ;
#2875 = PLANE ( 'NONE',  #586 ) ;
#2876 = CARTESIAN_POINT ( 'NONE',  ( 0.2824999999999999734, 0.000000000000000000, 0.1000000000000000056 ) ) ;
#2877 = EDGE_LOOP ( 'NONE', ( #2519, #2393, #1177, #3074 ) ) ;
#2878 = CARTESIAN_POINT ( 'NONE',  ( -0.2824999999999999734, 0.000000000000000000, -0.2999999999999999889 ) ) ;
#2879 = ORIENTED_EDGE ( 'NONE', *, *, #955, .T. ) ;
#2880 = AXIS2_PLACEMENT_3D ( 'NONE', #2369, #140, #906 ) ;
#2881 = ORIENTED_EDGE ( 'NONE', *, *, #1905, .F. ) ;
#2882 = PRODUCT_DEFINITION_SHAPE ( 'NONE', 'NONE',  #1075 ) ;
#2883 = EDGE_CURVE ( 'NONE', #1339, #2423, #2364, .T. ) ;
#2884 = ORIENTED_EDGE ( 'NONE', *, *, #78, .T. ) ;
#2885 = ADVANCED_FACE ( 'NONE', ( #3112 ), #1399, .F. ) ;
#2886 = DIRECTION ( 'NONE',  ( 0.000000000000000000, 1.000000000000000000, 0.000000000000000000 ) ) ;
#2887 = DIRECTION ( 'NONE',  ( 0.7071067811865483499, 0.000000000000000000, 0.7071067811865467956 ) ) ;
#2888 = VECTOR ( 'NONE', #3023, 1000.000000000000000 ) ;
#2889 = PLANE ( 'NONE',  #3047 ) ;
#2890 = AXIS2_PLACEMENT_3D ( 'NONE', #2433, #1678, #2664 ) ;
#2891 = ORIENTED_EDGE ( 'NONE', *, *, #568, .T. ) ;
#2892 = CARTESIAN_POINT ( 'NONE',  ( -0.3750000000000000000, 0.1000000000000000056, -0.2750000000000000222 ) ) ;
#2893 = CARTESIAN_POINT ( 'NONE',  ( -0.1010000000000000064, 0.07499999999999999722, 0.1000000000000000056 ) ) ;
#2894 = DIRECTION ( 'NONE',  ( 0.000000000000000000, 0.000000000000000000, 1.000000000000000000 ) ) ;
#2895 = VERTEX_POINT ( 'NONE', #2830 ) ;
#2896 = DIRECTION ( 'NONE',  ( 0.000000000000000000, 0.000000000000000000, -1.000000000000000000 ) ) ;
#2897 = CARTESIAN_POINT ( 'NONE',  ( 0.1010000000000000064, 0.000000000000000000, -0.1010000000000000064 ) ) ;
#2898 = DIRECTION ( 'NONE',  ( 0.000000000000000000, 0.000000000000000000, -1.000000000000000000 ) ) ;
#2899 = ORIENTED_EDGE ( 'NONE', *, *, #1648, .T. ) ;
#2900 = ORIENTED_EDGE ( 'NONE', *, *, #511, .F. ) ;
#2901 = PLANE ( 'NONE',  #1061 ) ;
#2902 = PRODUCT_DEFINITION ( 'UNKNOWN', '', #2001, #703 ) ;
#2903 = EDGE_CURVE ( 'NONE', #726, #358, #11, .T. ) ;
#2904 = LINE ( 'NONE', #677, #2768 ) ;
#2905 = VERTEX_POINT ( 'NONE', #1866 ) ;
#2906 = CARTESIAN_POINT ( 'NONE',  ( 0.3074999999999999956, -0.02500000000000000139, -0.1250000000000000000 ) ) ;
#2907 = APPLICATION_PROTOCOL_DEFINITION ( 'draft international standard', 'automotive_design', 1998, #1855 ) ;
#2908 = VECTOR ( 'NONE', #1258, 1000.000000000000000 ) ;
#2909 = EDGE_CURVE ( 'NONE', #804, #2450, #1163, .T. ) ;
#2910 = DIRECTION ( 'NONE',  ( 1.000000000000000000, 0.000000000000000000, 0.000000000000000000 ) ) ;
#2911 = CARTESIAN_POINT ( 'NONE',  ( -0.1010000000000000064, 0.000000000000000000, 0.1010000000000000064 ) ) ;
#2912 = ORIENTED_EDGE ( 'NONE', *, *, #170, .F. ) ;
#2913 = UNCERTAINTY_MEASURE_WITH_UNIT (LENGTH_MEASURE( 1.000000000000000082E-05 ), #1938, 'distance_accuracy_value', 'NONE');
#2914 = MANIFOLD_SOLID_BREP ( 'Imported1', #1168 ) ;
#2915 = CARTESIAN_POINT ( 'NONE',  ( 0.1010000000000000064, -0.02500000000000000139, -0.1010000000000000064 ) ) ;
#2916 = AXIS2_PLACEMENT_3D ( 'NONE', #2578, #275, #1343 ) ;
#2917 = LINE ( 'NONE', #2373, #761 ) ;
#2918 = VERTEX_POINT ( 'NONE', #3035 ) ;
#2919 = ORIENTED_EDGE ( 'NONE', *, *, #2606, .F. ) ;
#2920 = MANIFOLD_SOLID_BREP ( 'Imported1', #2982 ) ;
#2921 = FACE_OUTER_BOUND ( 'NONE', #1563, .T. ) ;
#2922 = ORIENTED_EDGE ( 'NONE', *, *, #2604, .T. ) ;
#2923 = LINE ( 'NONE', #1412, #2247 ) ;
#2924 = ORIENTED_EDGE ( 'NONE', *, *, #1388, .F. ) ;
#2925 = DIRECTION ( 'NONE',  ( 0.000000000000000000, -1.000000000000000000, 0.000000000000000000 ) ) ;
#2926 = CARTESIAN_POINT ( 'NONE',  ( 0.000000000000000000, 0.000000000000000000, 0.2750000000000000222 ) ) ;
#2927 = CARTESIAN_POINT ( 'NONE',  ( -0.3074999999999999956, 0.07500000000000005274, 0.1250000000000000000 ) ) ;
#2928 = ADVANCED_FACE ( 'NONE', ( #2348 ), #2284, .T. ) ;
#2929 = EDGE_CURVE ( 'NONE', #1507, #2740, #1086, .T. ) ;
#2930 = DIRECTION ( 'NONE',  ( -0.000000000000000000, 1.000000000000000000, 0.000000000000000000 ) ) ;
#2931 =( NAMED_UNIT ( * ) SI_UNIT ( $, .STERADIAN. ) SOLID_ANGLE_UNIT ( ) );
#2932 = AXIS2_PLACEMENT_3D ( 'NONE', #1542, #792, #574 ) ;
#2933 = LINE ( 'NONE', #1408, #1326 ) ;
#2934 = APPLICATION_CONTEXT ( 'automotive_design' ) ;
#2935 = VERTEX_POINT ( 'NONE', #524 ) ;
#2936 = ORIENTED_EDGE ( 'NONE', *, *, #2323, .T. ) ;
#2937 = VERTEX_POINT ( 'NONE', #2543 ) ;
#2938 = CARTESIAN_POINT ( 'NONE',  ( 0.2824999999999999734, 4.517509052022934885E-18, 0.1000000000000000056 ) ) ;
#2939 = ORIENTED_EDGE ( 'NONE', *, *, #2978, .F. ) ;
#2940 = DIRECTION ( 'NONE',  ( 1.000000000000000000, -0.000000000000000000, 0.000000000000000000 ) ) ;
#2941 = VERTEX_POINT ( 'NONE', #1055 ) ;
#2942 = PRODUCT_CONTEXT ( 'NONE', #2934, 'mechanical' ) ;
#2943 = PLANE ( 'NONE',  #52 ) ;
#2944 = DIRECTION ( 'NONE',  ( -0.000000000000000000, 1.000000000000000000, -0.000000000000000000 ) ) ;
#2945 = VECTOR ( 'NONE', #3141, 1000.000000000000000 ) ;
#2946 = PRODUCT_DEFINITION_CONTEXT ( 'detailed design', #1966, 'design' ) ;
#2947 = EDGE_CURVE ( 'NONE', #627, #1921, #558, .T. ) ;
#2948 = CARTESIAN_POINT ( 'NONE',  ( -0.3750000000000000000, 0.000000000000000000, 0.4249999999999999889 ) ) ;
#2949 = ORIENTED_EDGE ( 'NONE', *, *, #3019, .F. ) ;
#2950 = DIRECTION ( 'NONE',  ( -1.000000000000000000, 0.000000000000000000, -0.000000000000000000 ) ) ;
#2951 = DIRECTION ( 'NONE',  ( -0.000000000000000000, 1.000000000000000000, 0.000000000000000000 ) ) ;
#2952 = VERTEX_POINT ( 'NONE', #1278 ) ;
#2953 = CARTESIAN_POINT ( 'NONE',  ( -0.1010000000000000203, 0.07499999999999999722, 0.2999999999999999889 ) ) ;
#2954 = APPLICATION_PROTOCOL_DEFINITION ( 'draft international standard', 'automotive_design', 1998, #2365 ) ;
#2955 = CARTESIAN_POINT ( 'NONE',  ( 0.1010000000000000064, 0.000000000000000000, 0.1010000000000000064 ) ) ;
#2956 = CARTESIAN_POINT ( 'NONE',  ( -0.3750000000000000000, 0.000000000000000000, 0.4249999999999999889 ) ) ;
#2957 = ORIENTED_EDGE ( 'NONE', *, *, #2537, .F. ) ;
#2958 = DIRECTION ( 'NONE',  ( -0.000000000000000000, 1.000000000000000000, 0.000000000000000000 ) ) ;
#2959 = AXIS2_PLACEMENT_3D ( 'NONE', #1234, #2944, #995 ) ;
#2960 = LINE ( 'NONE', #2196, #897 ) ;
#2961 = EDGE_LOOP ( 'NONE', ( #1691, #2922, #2624, #2837 ) ) ;
#2962 = ADVANCED_FACE ( 'NONE', ( #23 ), #544, .T. ) ;
#2963 = ORIENTED_EDGE ( 'NONE', *, *, #341, .T. ) ;
#2964 = DIRECTION ( 'NONE',  ( 0.000000000000000000, -1.000000000000000000, -0.000000000000000000 ) ) ;
#2965 = ADVANCED_FACE ( 'NONE', ( #287 ), #1773, .F. ) ;
#2966 = EDGE_CURVE ( 'NONE', #1074, #1660, #3051, .T. ) ;
#2967 = VECTOR ( 'NONE', #2872, 1000.000000000000000 ) ;
#2968 = EDGE_LOOP ( 'NONE', ( #2599, #859, #2064, #281 ) ) ;
#2969 = DIRECTION ( 'NONE',  ( -1.000000000000000000, 0.000000000000000000, 0.000000000000000000 ) ) ;
#2970 = DIRECTION ( 'NONE',  ( -0.000000000000000000, 1.000000000000000000, 0.000000000000000000 ) ) ;
#2971 = DIRECTION ( 'NONE',  ( 0.000000000000000000, 0.000000000000000000, -1.000000000000000000 ) ) ;
#2972 = CARTESIAN_POINT ( 'NONE',  ( 0.2824999999999999734, 1.355252715606880543E-17, 0.1000000000000000056 ) ) ;
#2973 = DIRECTION ( 'NONE',  ( 0.000000000000000000, 0.000000000000000000, 1.000000000000000000 ) ) ;
#2974 = ORIENTED_EDGE ( 'NONE', *, *, #3186, .F. ) ;
#2975 = AXIS2_PLACEMENT_3D ( 'NONE', #136, #1869, #1799 ) ;
#2976 = MECHANICAL_DESIGN_GEOMETRIC_PRESENTATION_REPRESENTATION (  '', ( #1823 ), #65 ) ;
#2977 = PLANE ( 'NONE',  #769 ) ;
#2978 = EDGE_CURVE ( 'NONE', #1026, #377, #2267, .T. ) ;
#2979 = ADVANCED_FACE ( 'NONE', ( #1787 ), #2789, .F. ) ;
#2980 = ORIENTED_EDGE ( 'NONE', *, *, #819, .T. ) ;
#2981 = DIRECTION ( 'NONE',  ( -0.000000000000000000, 1.000000000000000000, 0.000000000000000000 ) ) ;
#2982 = CLOSED_SHELL ( 'NONE', ( #1515, #2166, #2702, #1392, #3209, #215, #722, #1942, #2343, #2965, #2075, #2928 ) ) ;
#2983 =( GEOMETRIC_REPRESENTATION_CONTEXT ( 3 ) GLOBAL_UNCERTAINTY_ASSIGNED_CONTEXT ( ( #1634 ) ) GLOBAL_UNIT_ASSIGNED_CONTEXT ( ( #2613, #2383, #2555 ) ) REPRESENTATION_CONTEXT ( 'NONE', 'WORKASPACE' ) );
#2984 = CARTESIAN_POINT ( 'NONE',  ( 0.000000000000000000, 0.07499999999999999722, 0.000000000000000000 ) ) ;
#2985 = CARTESIAN_POINT ( 'NONE',  ( -0.4749999999999999778, 0.1000000000000000056, 0.2999999999999999889 ) ) ;
#2986 = PLANE ( 'NONE',  #3034 ) ;
#2987 = ORIENTED_EDGE ( 'NONE', *, *, #1095, .T. ) ;
#2988 = COLOUR_RGB ( '',0.6470588235294117974, 0.6196078431372549211, 0.5882352941176470784 ) ;
#2989 = CARTESIAN_POINT ( 'NONE',  ( 0.2824999999999999734, 4.517509052022934885E-18, -0.2999999999999999889 ) ) ;
#2990 = VECTOR ( 'NONE', #868, 1000.000000000000000 ) ;
#2991 = VECTOR ( 'NONE', #2072, 1000.000000000000000 ) ;
#2992 = CARTESIAN_POINT ( 'NONE',  ( -0.2824999999999999734, 4.517509052022934885E-18, 0.2999999999999999889 ) ) ;
#2993 = VERTEX_POINT ( 'NONE', #72 ) ;
#2994 =( NAMED_UNIT ( * ) PLANE_ANGLE_UNIT ( ) SI_UNIT ( $, .RADIAN. ) );
#2995 = ORIENTED_EDGE ( 'NONE', *, *, #1349, .T. ) ;
#2996 = LINE ( 'NONE', #768, #219 ) ;
#2997 = PRODUCT_DEFINITION ( 'UNKNOWN', '', #718, #2946 ) ;
#2998 = EDGE_CURVE ( 'NONE', #1347, #1745, #261, .T. ) ;
#2999 = CARTESIAN_POINT ( 'NONE',  ( 0.000000000000000000, 0.000000000000000000, -0.1250000000000000000 ) ) ;
#3000 = CARTESIAN_POINT ( 'NONE',  ( 0.2824999999999999734, -0.02500000000000000139, 0.2999999999999999889 ) ) ;
#3001 = PLANE ( 'NONE',  #1469 ) ;
#3002 = EDGE_CURVE ( 'NONE', #1106, #2918, #2557, .T. ) ;
#3003 = DIRECTION ( 'NONE',  ( -0.000000000000000000, -1.000000000000000000, -0.000000000000000000 ) ) ;
#3004 = DIRECTION ( 'NONE',  ( -1.000000000000000000, 0.000000000000000000, -0.000000000000000000 ) ) ;
#3005 = ORIENTED_EDGE ( 'NONE', *, *, #3043, .T. ) ;
#3006 = ORIENTED_EDGE ( 'NONE', *, *, #2653, .T. ) ;
#3007 = PRESENTATION_LAYER_ASSIGNMENT (  '', '', ( #1033 ) ) ;
#3008 = FACE_OUTER_BOUND ( 'NONE', #3012, .T. ) ;
#3009 = VECTOR ( 'NONE', #2249, 1000.000000000000000 ) ;
#3010 = ORIENTED_EDGE ( 'NONE', *, *, #2386, .T. ) ;
#3011 = VECTOR ( 'NONE', #3052, 1000.000000000000000 ) ;
#3012 = EDGE_LOOP ( 'NONE', ( #1083, #296, #2443, #1826 ) ) ;
#3013 = LINE ( 'NONE', #2785, #98 ) ;
#3014 = CARTESIAN_POINT ( 'NONE',  ( 0.3750000000000000000, 0.07499999999999999722, 0.4249999999999999889 ) ) ;
#3015 = CARTESIAN_POINT ( 'NONE',  ( 0.000000000000000000, 0.000000000000000000, 0.1000000000000000056 ) ) ;
#3016 = AXIS2_PLACEMENT_3D ( 'NONE', #2207, #2220, #741 ) ;
#3017 = PRESENTATION_STYLE_ASSIGNMENT (( #1296 ) ) ;
#3018 = CARTESIAN_POINT ( 'NONE',  ( 0.3750000000000000000, 0.000000000000000000, -0.1250000000000000000 ) ) ;
#3019 = EDGE_CURVE ( 'NONE', #539, #738, #355, .T. ) ;
#3020 = EDGE_CURVE ( 'NONE', #445, #608, #857, .T. ) ;
#3021 = ORIENTED_EDGE ( 'NONE', *, *, #2818, .F. ) ;
#3022 = CIRCLE ( 'NONE', #1717, 0.0009999999999999972019 ) ;
#3023 = DIRECTION ( 'NONE',  ( 1.000000000000000000, 0.000000000000000000, -0.000000000000000000 ) ) ;
#3024 = VECTOR ( 'NONE', #1252, 1000.000000000000000 ) ;
#3025 = LINE ( 'NONE', #1778, #25 ) ;
#3026 = CARTESIAN_POINT ( 'NONE',  ( 0.1010000000000000064, 0.07499999999999999722, 0.1000000000000000056 ) ) ;
#3027 = AXIS2_PLACEMENT_3D ( 'NONE', #1585, #3096, #2642 ) ;
#3028 = EDGE_LOOP ( 'NONE', ( #1512, #1306, #382, #763 ) ) ;
#3029 = CARTESIAN_POINT ( 'NONE',  ( -0.2824999999999999734, -0.02500000000000000139, -0.2999999999999999889 ) ) ;
#3030 = AXIS2_PLACEMENT_3D ( 'NONE', #1509, #1494, #274 ) ;
#3031 = CARTESIAN_POINT ( 'NONE',  ( -0.3750000000000000000, 0.000000000000000000, 0.1249999999999999445 ) ) ;
#3032 = LINE ( 'NONE', #1031, #250 ) ;
#3033 = ORIENTED_EDGE ( 'NONE', *, *, #638, .T. ) ;
#3034 = AXIS2_PLACEMENT_3D ( 'NONE', #1786, #2774, #2251 ) ;
#3035 = CARTESIAN_POINT ( 'NONE',  ( -0.1000000000000000056, 0.07499999999999999722, -0.1999999999999999833 ) ) ;
#3036 = CARTESIAN_POINT ( 'NONE',  ( -0.3074999999999999956, -0.02500000000000000139, 0.2750000000000000222 ) ) ;
#3037 = ORIENTED_EDGE ( 'NONE', *, *, #2042, .F. ) ;
#3038 = PRODUCT_RELATED_PRODUCT_CATEGORY ( 'part', '', ( #2655 ) ) ;
#3039 = EDGE_CURVE ( 'NONE', #2231, #2663, #2871, .T. ) ;
#3040 = DIRECTION ( 'NONE',  ( 1.000000000000000000, 0.000000000000000000, 0.000000000000000000 ) ) ;
#3041 = CARTESIAN_POINT ( 'NONE',  ( -0.1010000000000000064, -0.02500000000000000139, 0.1000000000000000056 ) ) ;
#3042 = ORIENTED_EDGE ( 'NONE', *, *, #2765, .T. ) ;
#3043 = EDGE_CURVE ( 'NONE', #169, #2321, #2615, .T. ) ;
#3044 = ORIENTED_EDGE ( 'NONE', *, *, #793, .F. ) ;
#3045 = EDGE_LOOP ( 'NONE', ( #199, #257, #95, #2074, #2919, #2575, #2924, #1374, #2485, #1418 ) ) ;
#3046 = LINE ( 'NONE', #31, #2908 ) ;
#3047 = AXIS2_PLACEMENT_3D ( 'NONE', #149, #851, #1644 ) ;
#3048 = FACE_OUTER_BOUND ( 'NONE', #1025, .T. ) ;
#3049 = ORIENTED_EDGE ( 'NONE', *, *, #3002, .T. ) ;
#3050 = ORIENTED_EDGE ( 'NONE', *, *, #616, .F. ) ;
#3051 = LINE ( 'NONE', #1314, #698 ) ;
#3052 = DIRECTION ( 'NONE',  ( 0.000000000000000000, -0.000000000000000000, 1.000000000000000000 ) ) ;
#3053 = ORIENTED_EDGE ( 'NONE', *, *, #1222, .F. ) ;
#3054 = LINE ( 'NONE', #1528, #543 ) ;
#3055 = EDGE_CURVE ( 'NONE', #1064, #1281, #1402, .T. ) ;
#3056 = PLANE ( 'NONE',  #1573 ) ;
#3057 = EDGE_LOOP ( 'NONE', ( #695, #1928, #3157, #106 ) ) ;
#3058 = EDGE_CURVE ( 'NONE', #2993, #2905, #2596, .T. ) ;
#3059 = EDGE_CURVE ( 'NONE', #2321, #2108, #374, .T. ) ;
#3060 = PRESENTATION_LAYER_ASSIGNMENT (  '', '', ( #1247 ) ) ;
#3061 = CARTESIAN_POINT ( 'NONE',  ( 0.1010000000000000064, -0.02500000000000000139, 0.1000000000000000056 ) ) ;
#3062 = CARTESIAN_POINT ( 'NONE',  ( 0.1000000000000000056, -0.02500000000000000139, -0.2989999999999999880 ) ) ;
#3064 = AXIS2_PLACEMENT_3D ( 'NONE', #2527, #2054, #288 ) ;
#3063 = DIRECTION ( 'NONE',  ( -0.000000000000000000, -1.000000000000000000, -0.000000000000000000 ) ) ;
#3065 = ORIENTED_EDGE ( 'NONE', *, *, #2382, .T. ) ;
#3066 = DIRECTION ( 'NONE',  ( -1.000000000000000000, -0.000000000000000000, -0.000000000000000000 ) ) ;
#3067 = DIRECTION ( 'NONE',  ( 0.000000000000000000, 0.000000000000000000, 1.000000000000000000 ) ) ;
#3068 = LINE ( 'NONE', #2820, #1042 ) ;
#3069 = EDGE_LOOP ( 'NONE', ( #373, #2594, #3214, #134 ) ) ;
#3070 = VERTEX_POINT ( 'NONE', #2833 ) ;
#3071 = ORIENTED_EDGE ( 'NONE', *, *, #2782, .T. ) ;
#3072 = PLANE ( 'NONE',  #76 ) ;
#3073 = DIRECTION ( 'NONE',  ( 1.000000000000000000, 0.000000000000000000, -0.000000000000000000 ) ) ;
#3074 = ORIENTED_EDGE ( 'NONE', *, *, #3078, .T. ) ;
#3075 = ORIENTED_EDGE ( 'NONE', *, *, #1424, .T. ) ;
#3076 = PLANE ( 'NONE',  #1312 ) ;
#3077 = ADVANCED_FACE ( 'NONE', ( #1149 ), #2576, .T. ) ;
#3078 = EDGE_CURVE ( 'NONE', #30, #2805, #744, .T. ) ;
#3079 = CARTESIAN_POINT ( 'NONE',  ( 0.1010000000000000064, 0.000000000000000000, 0.2989999999999999880 ) ) ;
#3080 = CARTESIAN_POINT ( 'NONE',  ( -0.3750000000000000000, 0.1000000000000000056, 0.4249999999999999889 ) ) ;
#3081 = VECTOR ( 'NONE', #333, 1000.000000000000000 ) ;
#3082 = ORIENTED_EDGE ( 'NONE', *, *, #2060, .F. ) ;
#3083 = CARTESIAN_POINT ( 'NONE',  ( -0.1010000000000000064, 0.000000000000000000, 0.2989999999999999880 ) ) ;
#3084 =( NAMED_UNIT ( * ) PLANE_ANGLE_UNIT ( ) SI_UNIT ( $, .RADIAN. ) );
#3085 = ORIENTED_EDGE ( 'NONE', *, *, #2653, .F. ) ;
#3086 = DIRECTION ( 'NONE',  ( -1.000000000000000000, -0.000000000000000000, -0.000000000000000000 ) ) ;
#3087 = DIRECTION ( 'NONE',  ( 0.000000000000000000, 1.000000000000000000, 0.000000000000000000 ) ) ;
#3088 = ORIENTED_EDGE ( 'NONE', *, *, #1965, .F. ) ;
#3089 = CARTESIAN_POINT ( 'NONE',  ( 0.1000000000000000056, 0.1000000000000000056, -0.2989999999999999880 ) ) ;
#3090 = CARTESIAN_POINT ( 'NONE',  ( -0.1010000000000000064, 0.07499999999999999722, -0.2999999999999999889 ) ) ;
#3091 = ORIENTED_EDGE ( 'NONE', *, *, #1810, .F. ) ;
#3092 = ORIENTED_EDGE ( 'NONE', *, *, #2648, .F. ) ;
#3093 = VECTOR ( 'NONE', #2958, 1000.000000000000000 ) ;
#3094 = APPLICATION_CONTEXT ( 'automotive_design' ) ;
#3095 = DIRECTION ( 'NONE',  ( 0.000000000000000000, -1.000000000000000000, 0.000000000000000000 ) ) ;
#3096 = DIRECTION ( 'NONE',  ( 0.000000000000000000, 0.000000000000000000, -1.000000000000000000 ) ) ;
#3097 = CARTESIAN_POINT ( 'NONE',  ( -0.1000000000000000056, 0.1000000000000000056, -0.1010000000000000064 ) ) ;
#3098 = ORIENTED_EDGE ( 'NONE', *, *, #304, .T. ) ;
#3099 = DIRECTION ( 'NONE',  ( -0.000000000000000000, 1.000000000000000000, 0.000000000000000000 ) ) ;
#3100 = EDGE_CURVE ( 'NONE', #928, #53, #2082, .T. ) ;
#3101 = CARTESIAN_POINT ( 'NONE',  ( 0.3750000000000000000, 0.000000000000000000, -0.4249999999999999889 ) ) ;
#3102 = FACE_OUTER_BOUND ( 'NONE', #64, .T. ) ;
#3103 = EDGE_CURVE ( 'NONE', #1194, #1066, #1358, .T. ) ;
#3104 = LINE ( 'NONE', #413, #2144 ) ;
#3105 = CARTESIAN_POINT ( 'NONE',  ( 0.2824999999999999734, 0.07500000000000005274, -0.2999999999999999889 ) ) ;
#3106 = LINE ( 'NONE', #3176, #2110 ) ;
#3107 = VERTEX_POINT ( 'NONE', #2893 ) ;
#3108 = VERTEX_POINT ( 'NONE', #1649 ) ;
#3109 = VECTOR ( 'NONE', #751, 1000.000000000000000 ) ;
#3110 = DIRECTION ( 'NONE',  ( -0.000000000000000000, 1.000000000000000000, 0.000000000000000000 ) ) ;
#3111 = CARTESIAN_POINT ( 'NONE',  ( 0.3750000000000000000, 0.000000000000000000, 0.2750000000000000222 ) ) ;
#3112 = FACE_OUTER_BOUND ( 'NONE', #3057, .T. ) ;
#3113 = AXIS2_PLACEMENT_3D ( 'NONE', #1276, #1798, #70 ) ;
#3114 = EDGE_LOOP ( 'NONE', ( #1572, #1887, #2686, #1458 ) ) ;
#3115 = DIRECTION ( 'NONE',  ( 0.000000000000000000, 0.000000000000000000, 1.000000000000000000 ) ) ;
#3116 = CARTESIAN_POINT ( 'NONE',  ( -0.1000000000000000056, 0.000000000000000000, 0.000000000000000000 ) ) ;
#3117 = CARTESIAN_POINT ( 'NONE',  ( -0.1010000000000000064, 0.000000000000000000, 0.2989999999999999880 ) ) ;
#3118 = VECTOR ( 'NONE', #1073, 1000.000000000000000 ) ;
#3119 = ORIENTED_EDGE ( 'NONE', *, *, #1133, .T. ) ;
#3120 = EDGE_CURVE ( 'NONE', #2290, #1557, #3135, .T. ) ;
#3121 = EDGE_CURVE ( 'NONE', #1553, #2937, #1850, .T. ) ;
#3122 = FACE_OUTER_BOUND ( 'NONE', #1298, .T. ) ;
#3123 = VECTOR ( 'NONE', #728, 1000.000000000000000 ) ;
#3124 = CARTESIAN_POINT ( 'NONE',  ( 0.3750000000000000000, 0.000000000000000000, 0.1250000000000000000 ) ) ;
#3125 = ORIENTED_EDGE ( 'NONE', *, *, #2966, .T. ) ;
#3126 = EDGE_CURVE ( 'NONE', #535, #1137, #2819, .T. ) ;
#3127 = CARTESIAN_POINT ( 'NONE',  ( -0.1000000000000000056, 0.000000000000000000, 0.2989999999999999880 ) ) ;
#3128 = LINE ( 'NONE', #663, #2716 ) ;
#3130 = AXIS2_PLACEMENT_3D ( 'NONE', #641, #84, #1337 ) ;
#3129 = CARTESIAN_POINT ( 'NONE',  ( 0.3750000000000000000, 0.000000000000000000, -0.1250000000000000000 ) ) ;
#3131 = LINE ( 'NONE', #902, #1141 ) ;
#3132 = ORIENTED_EDGE ( 'NONE', *, *, #3058, .T. ) ;
#3133 = LINE ( 'NONE', #2631, #1992 ) ;
#3134 = APPLICATION_PROTOCOL_DEFINITION ( 'draft international standard', 'automotive_design', 1998, #2155 ) ;
#3135 = LINE ( 'NONE', #2633, #2044 ) ;
#3136 =( GEOMETRIC_REPRESENTATION_CONTEXT ( 3 ) GLOBAL_UNCERTAINTY_ASSIGNED_CONTEXT ( ( #1153 ) ) GLOBAL_UNIT_ASSIGNED_CONTEXT ( ( #1401, #3205, #1693 ) ) REPRESENTATION_CONTEXT ( 'NONE', 'WORKASPACE' ) );
#3137 = CARTESIAN_POINT ( 'NONE',  ( -0.1000000000000000056, 0.000000000000000000, 0.2989999999999999880 ) ) ;
#3138 = AXIS2_PLACEMENT_3D ( 'NONE', #3111, #1352, #1369 ) ;
#3139 = EDGE_LOOP ( 'NONE', ( #1287, #392, #1265, #396 ) ) ;
#3140 = PRODUCT_DEFINITION_CONTEXT ( 'detailed design', #2202, 'design' ) ;
#3141 = DIRECTION ( 'NONE',  ( -0.000000000000000000, -1.000000000000000000, -0.000000000000000000 ) ) ;
#3142 = DIRECTION ( 'NONE',  ( 0.7071067811865474617, 0.000000000000000000, -0.7071067811865474617 ) ) ;
#3143 = ORIENTED_EDGE ( 'NONE', *, *, #1758, .T. ) ;
#3144 = PRODUCT_RELATED_PRODUCT_CATEGORY ( 'part', '', ( #3202 ) ) ;
#3145 = EDGE_CURVE ( 'NONE', #2231, #1745, #2111, .T. ) ;
#3146 = LINE ( 'NONE', #1142, #1640 ) ;
#3147 = ADVANCED_FACE ( 'NONE', ( #631 ), #1610, .F. ) ;
#3148 = CIRCLE ( 'NONE', #966, 0.001000000000000024307 ) ;
#3149 = LINE ( 'NONE', #2431, #1060 ) ;
#3150 = PRESENTATION_STYLE_ASSIGNMENT (( #349 ) ) ;
#3151 = VECTOR ( 'NONE', #1373, 1000.000000000000000 ) ;
#3152 = VECTOR ( 'NONE', #2584, 1000.000000000000000 ) ;
#3153 = ORIENTED_EDGE ( 'NONE', *, *, #3103, .T. ) ;
#3154 = CARTESIAN_POINT ( 'NONE',  ( 0.3750000000000000000, 0.000000000000000000, 0.000000000000000000 ) ) ;
#3155 = DIRECTION ( 'NONE',  ( -0.000000000000000000, 0.000000000000000000, -1.000000000000000000 ) ) ;
#3156 = FACE_OUTER_BOUND ( 'NONE', #2430, .T. ) ;
#3157 = ORIENTED_EDGE ( 'NONE', *, *, #2559, .F. ) ;
#3158 = ORIENTED_EDGE ( 'NONE', *, *, #2903, .F. ) ;
#3159 = SURFACE_SIDE_STYLE ('',( #2404 ) ) ;
#3160 = DIRECTION ( 'NONE',  ( -0.000000000000000000, 1.000000000000000000, 0.000000000000000000 ) ) ;
#3161 = ORIENTED_EDGE ( 'NONE', *, *, #1622, .F. ) ;
#3162 = VERTEX_POINT ( 'NONE', #1389 ) ;
#3163 = EDGE_CURVE ( 'NONE', #670, #1816, #1134, .T. ) ;
#3164 = PLANE ( 'NONE',  #2390 ) ;
#3165 = EDGE_CURVE ( 'NONE', #2423, #608, #2384, .T. ) ;
#3166 = ADVANCED_FACE ( 'NONE', ( #1818 ), #2986, .F. ) ;
#3167 = EDGE_LOOP ( 'NONE', ( #2351, #1681, #991, #1502 ) ) ;
#3168 = SHAPE_DEFINITION_REPRESENTATION ( #681, #2863 ) ;
#3169 = VECTOR ( 'NONE', #2245, 1000.000000000000000 ) ;
#3170 = DIRECTION ( 'NONE',  ( -0.000000000000000000, 1.000000000000000000, 0.000000000000000000 ) ) ;
#3171 = DIRECTION ( 'NONE',  ( 0.000000000000000000, 0.000000000000000000, -1.000000000000000000 ) ) ;
#3172 = CARTESIAN_POINT ( 'NONE',  ( 0.3750000000000000000, 0.000000000000000000, 0.2750000000000000222 ) ) ;
#3173 = UNCERTAINTY_MEASURE_WITH_UNIT (LENGTH_MEASURE( 1.000000000000000082E-05 ), #1923, 'distance_accuracy_value', 'NONE');
#3174 = DIRECTION ( 'NONE',  ( 0.7071067811865474617, 0.000000000000000000, 0.7071067811865474617 ) ) ;
#3175 = VECTOR ( 'NONE', #2853, 1000.000000000000000 ) ;
#3176 = CARTESIAN_POINT ( 'NONE',  ( -0.3750000000000000000, 0.000000000000000000, -0.2750000000000000222 ) ) ;
#3177 = VERTEX_POINT ( 'NONE', #1540 ) ;
#3178 = ORIENTED_EDGE ( 'NONE', *, *, #1388, .T. ) ;
#3179 = ORIENTED_EDGE ( 'NONE', *, *, #2801, .F. ) ;
#3180 = CARTESIAN_POINT ( 'NONE',  ( -0.2824999999999999734, 0.000000000000000000, -0.2999999999999999889 ) ) ;
#3181 = ORIENTED_EDGE ( 'NONE', *, *, #412, .T. ) ;
#3182 = DIRECTION ( 'NONE',  ( -0.7071067811865474617, 0.000000000000000000, 0.7071067811865474617 ) ) ;
#3183 = ORIENTED_EDGE ( 'NONE', *, *, #797, .T. ) ;
#3184 =( NAMED_UNIT ( * ) SI_UNIT ( $, .STERADIAN. ) SOLID_ANGLE_UNIT ( ) );
#3185 = APPLICATION_PROTOCOL_DEFINITION ( 'draft international standard', 'automotive_design', 1998, #2086 ) ;
#3186 = EDGE_CURVE ( 'NONE', #2941, #2374, #540, .T. ) ;
#3187 = EDGE_CURVE ( 'NONE', #767, #2368, #2541, .T. ) ;
#3188 = VECTOR ( 'NONE', #779, 1000.000000000000000 ) ;
#3189 = FACE_OUTER_BOUND ( 'NONE', #1518, .T. ) ;
#3190 = CARTESIAN_POINT ( 'NONE',  ( -0.3074999999999999956, 0.000000000000000000, -0.1250000000000000000 ) ) ;
#3191 = LINE ( 'NONE', #957, #645 ) ;
#3192 = ADVANCED_FACE ( 'NONE', ( #2756 ), #303, .F. ) ;
#3193 = CARTESIAN_POINT ( 'NONE',  ( -0.3750000000000000000, 0.5749999999999999556, 0.4249999999999999889 ) ) ;
#3194 = VECTOR ( 'NONE', #2940, 1000.000000000000000 ) ;
#3195 = STYLED_ITEM ( 'NONE', ( #2410 ), #2914 ) ;
#3196 = LINE ( 'NONE', #961, #2456 ) ;
#3197 = ORIENTED_EDGE ( 'NONE', *, *, #1160, .F. ) ;
#3198 = ORIENTED_EDGE ( 'NONE', *, *, #1719, .T. ) ;
#3199 = DIRECTION ( 'NONE',  ( 1.000000000000000000, 0.000000000000000000, 0.000000000000000000 ) ) ;
#3200 = AXIS2_PLACEMENT_3D ( 'NONE', #1835, #2336, #1375 ) ;
#3201 = DIRECTION ( 'NONE',  ( 0.000000000000000000, 0.000000000000000000, 1.000000000000000000 ) ) ;
#3202 = PRODUCT ( 'RAA0004A_FRAME', 'RAA0004A_FRAME', '', ( #1955 ) ) ;
#3203 = ORIENTED_EDGE ( 'NONE', *, *, #3165, .F. ) ;
#3204 = CARTESIAN_POINT ( 'NONE',  ( -0.3750000000000000000, 0.07499999999999999722, -0.4249999999999999889 ) ) ;
#3205 =( NAMED_UNIT ( * ) PLANE_ANGLE_UNIT ( ) SI_UNIT ( $, .RADIAN. ) );
#3206 = PRODUCT_DEFINITION_SHAPE ( 'NONE', 'NONE',  #3231 ) ;
#3207 = CARTESIAN_POINT ( 'NONE',  ( -0.1010000000000000064, 0.1000000000000000056, 0.1010000000000000064 ) ) ;
#3208 = DIRECTION ( 'NONE',  ( -0.000000000000000000, 1.000000000000000000, -0.000000000000000000 ) ) ;
#3209 = ADVANCED_FACE ( 'NONE', ( #1523 ), #3001, .T. ) ;
#3210 = VERTEX_POINT ( 'NONE', #2494 ) ;
#3211 = FACE_OUTER_BOUND ( 'NONE', #1943, .T. ) ;
#3212 = ADVANCED_FACE ( 'NONE', ( #1017 ), #996, .F. ) ;
#3213 = CARTESIAN_POINT ( 'NONE',  ( -0.4749999999999999778, 0.000000000000000000, 0.2999999999999999889 ) ) ;
#3214 = ORIENTED_EDGE ( 'NONE', *, *, #2142, .T. ) ;
#3215 = ORIENTED_EDGE ( 'NONE', *, *, #77, .T. ) ;
#3216 = CARTESIAN_POINT ( 'NONE',  ( 0.3074999999999999956, 0.1000000000000000056, 0.1250000000000000000 ) ) ;
#3217 = VERTEX_POINT ( 'NONE', #506 ) ;
#3218 = EDGE_LOOP ( 'NONE', ( #1022, #2049, #334, #1740, #2580, #2534, #2636, #2055, #252, #1006 ) ) ;
#3219 = CARTESIAN_POINT ( 'NONE',  ( 0.3750000000000000000, 0.07499999999999999722, -0.1250000000000000000 ) ) ;
#3220 = CONTEXT_DEPENDENT_SHAPE_REPRESENTATION ( #32, #2233 ) ;
#3221 = CARTESIAN_POINT ( 'NONE',  ( 0.1010000000000000203, 0.07499999999999999722, 0.2999999999999999889 ) ) ;
#3222 = CARTESIAN_POINT ( 'NONE',  ( -0.3074999999999999956, 0.1000000000000000056, 0.2750000000000000222 ) ) ;
#3223 = EDGE_LOOP ( 'NONE', ( #3021, #354, #1716, #3132 ) ) ;
#3224 =( NAMED_UNIT ( * ) PLANE_ANGLE_UNIT ( ) SI_UNIT ( $, .RADIAN. ) );
#3225 = DIRECTION ( 'NONE',  ( -0.7071067811865475727, 0.000000000000000000, -0.7071067811865475727 ) ) ;
#3226 = NEXT_ASSEMBLY_USAGE_OCCURRENCE ( 'NAUO1', ' ', ' ', #1878, #700, $ ) ;
#3227 = NEXT_ASSEMBLY_USAGE_OCCURRENCE ( 'NAUO2', ' ', ' ', #1878, #2835, $ ) ;
#3228 = NEXT_ASSEMBLY_USAGE_OCCURRENCE ( 'NAUO3', ' ', ' ', #700, #2902, $ ) ;
#3229 = NEXT_ASSEMBLY_USAGE_OCCURRENCE ( 'NAUO4', ' ', ' ', #700, #247, $ ) ;
#3230 = NEXT_ASSEMBLY_USAGE_OCCURRENCE ( 'NAUO5', ' ', ' ', #700, #2997, $ ) ;
#3231 = NEXT_ASSEMBLY_USAGE_OCCURRENCE ( 'NAUO6', ' ', ' ', #700, #1075, $ ) ;
ENDSEC;
END-ISO-10303-21;
