ISO-10303-21;
HEADER;
FILE_DESCRIPTION (( 'STEP AP214' ),
    '1' );
FILE_NAME ('TPS62824DMQR.STEP',
    '2023-05-13T06:21:33',
    ( '' ),
    ( '' ),
    'SwSTEP 2.0',
    'SolidWorks 2022',
    '' );
FILE_SCHEMA (( 'AUTOMOTIVE_DESIGN' ));
ENDSEC;

DATA;
#1 = CIRCLE ( 'NONE', #123, 0.02499999999999995628 ) ;
#2 = CARTESIAN_POINT ( 'NONE',  ( -0.7499999999999997780, -0.7250000000000000888, 0.9750000000000000888 ) ) ;
#3 = CARTESIAN_POINT ( 'NONE',  ( -0.4750000000000000333, 0.000000000000000000, 0.2000000000000000389 ) ) ;
#4 =( NAMED_UNIT ( * ) SI_UNIT ( $, .STERADIAN. ) SOLID_ANGLE_UNIT ( ) );
#5 = STYLED_ITEM ( 'NONE', ( #1673 ), #2490 ) ;
#6 = PRESENTATION_LAYER_ASSIGNMENT (  '', '', ( #2740 ) ) ;
#7 = EDGE_CURVE ( 'NONE', #887, #1436, #1939, .T. ) ;
#8 = EDGE_CURVE ( 'NONE', #2291, #1097, #592, .T. ) ;
#9 = CARTESIAN_POINT ( 'NONE',  ( 0.7500000000000000000, -0.6000000000000000888, 0.2000000000000000944 ) ) ;
#10 = ORIENTED_EDGE ( 'NONE', *, *, #1965, .F. ) ;
#11 = COLOUR_RGB ( '',0.7921568627450980005, 0.8196078431372548767, 0.9333333333333333481 ) ;
#12 = FILL_AREA_STYLE_COLOUR ( '', #11 ) ;
#13 = COLOUR_RGB ( '',0.8431372549019607865, 0.8431372549019607865, 0.8431372549019607865 ) ;
#14 = CIRCLE ( 'NONE', #2047, 0.1000000000000000472 ) ;
#15 = VERTEX_POINT ( 'NONE', #2773 ) ;
#16 = CARTESIAN_POINT ( 'NONE',  ( -0.4750000000000000333, 0.000000000000000000, 0.2000000000000000389 ) ) ;
#17 = AXIS2_PLACEMENT_3D ( 'NONE', #3240, #1839, #465 ) ;
#18 = MECHANICAL_DESIGN_GEOMETRIC_PRESENTATION_REPRESENTATION (  '', ( #1261 ), #1205 ) ;
#19 = VERTEX_POINT ( 'NONE', #1149 ) ;
#20 =( NAMED_UNIT ( * ) SI_UNIT ( $, .STERADIAN. ) SOLID_ANGLE_UNIT ( ) );
#21 = CARTESIAN_POINT ( 'NONE',  ( 0.05000000000000002359, 0.5000000000000000000, 0.2000000000000000389 ) ) ;
#22 = STYLED_ITEM ( 'NONE', ( #336 ), #3434 ) ;
#23 = ORIENTED_EDGE ( 'NONE', *, *, #1513, .F. ) ;
#24 = CARTESIAN_POINT ( 'NONE',  ( -0.4750000000000000333, 0.1250000000000000000, 1.024621125123532206 ) ) ;
#25 = SPHERICAL_SURFACE ( 'NONE', #894, 0.02500000000000000139 ) ;
#26 = DIRECTION ( 'NONE',  ( 0.000000000000000000, -1.000000000000000000, 0.000000000000000000 ) ) ;
#27 = CYLINDRICAL_SURFACE ( 'NONE', #1287, 0.02499999999999995628 ) ;
#28 = PRESENTATION_STYLE_ASSIGNMENT (( #359 ) ) ;
#29 = PRODUCT_DEFINITION ( 'UNKNOWN', '', #1612, #1057 ) ;
#30 = UNCERTAINTY_MEASURE_WITH_UNIT (LENGTH_MEASURE( 1.000000000000000082E-05 ), #1828, 'distance_accuracy_value', 'NONE');
#31 = ORIENTED_EDGE ( 'NONE', *, *, #3534, .T. ) ;
#32 = LINE ( 'NONE', #2240, #889 ) ;
#33 = PLANE ( 'NONE',  #2682 ) ;
#34 = EDGE_CURVE ( 'NONE', #15, #2239, #1458, .T. ) ;
#35 = SURFACE_SIDE_STYLE ('',( #798 ) ) ;
#36 = SURFACE_SIDE_STYLE ('',( #566 ) ) ;
#37 = ORIENTED_EDGE ( 'NONE', *, *, #416, .T. ) ;
#38 = DIRECTION ( 'NONE',  ( 0.000000000000000000, 1.000000000000000000, -0.000000000000000000 ) ) ;
#39 = DIRECTION ( 'NONE',  ( 0.000000000000000000, 0.000000000000000000, -1.000000000000000000 ) ) ;
#40 = LINE ( 'NONE', #3057, #3564 ) ;
#41 = ORIENTED_EDGE ( 'NONE', *, *, #3012, .T. ) ;
#42 = LINE ( 'NONE', #1916, #235 ) ;
#43 = SURFACE_STYLE_USAGE ( .BOTH. , #3030 ) ;
#44 = CARTESIAN_POINT ( 'NONE',  ( 0.7500000000000000000, 0.3999999999999999667, 0.2000000000000000944 ) ) ;
#45 = VERTEX_POINT ( 'NONE', #3061 ) ;
#46 =( NAMED_UNIT ( * ) PLANE_ANGLE_UNIT ( ) SI_UNIT ( $, .RADIAN. ) );
#47 = CARTESIAN_POINT ( 'NONE',  ( 0.7500000000000000000, 0.3999999999999999667, 1.024621125123532206 ) ) ;
#48 = PRESENTATION_STYLE_ASSIGNMENT (( #2834 ) ) ;
#49 = EDGE_CURVE ( 'NONE', #1629, #3338, #1690, .T. ) ;
#50 = VERTEX_POINT ( 'NONE', #2813 ) ;
#51 = MECHANICAL_DESIGN_GEOMETRIC_PRESENTATION_REPRESENTATION (  '', ( #3021 ), #467 ) ;
#52 = DIRECTION ( 'NONE',  ( 1.000000000000000000, 0.000000000000000000, 0.000000000000000000 ) ) ;
#53 = CARTESIAN_POINT ( 'NONE',  ( -0.3500000000000001443, 0.6250000000000000000, 0.2000000000000000389 ) ) ;
#54 = VERTEX_POINT ( 'NONE', #575 ) ;
#55 = CARTESIAN_POINT ( 'NONE',  ( -0.7250000000000000888, 0.7250000000000000888, 1.000000000000000000 ) ) ;
#56 = VECTOR ( 'NONE', #3243, 1000.000000000000000 ) ;
#57 = FACE_OUTER_BOUND ( 'NONE', #2642, .T. ) ;
#58 =( NAMED_UNIT ( * ) PLANE_ANGLE_UNIT ( ) SI_UNIT ( $, .RADIAN. ) );
#59 = VECTOR ( 'NONE', #2961, 1000.000000000000000 ) ;
#60 =( NAMED_UNIT ( * ) PLANE_ANGLE_UNIT ( ) SI_UNIT ( $, .RADIAN. ) );
#61 = PRESENTATION_LAYER_ASSIGNMENT (  '', '', ( #1647 ) ) ;
#62 = VECTOR ( 'NONE', #3125, 1000.000000000000000 ) ;
#63 = UNCERTAINTY_MEASURE_WITH_UNIT (LENGTH_MEASURE( 1.000000000000000082E-05 ), #1099, 'distance_accuracy_value', 'NONE');
#64 = ORIENTED_EDGE ( 'NONE', *, *, #1513, .T. ) ;
#65 = FILL_AREA_STYLE ('',( #2831 ) ) ;
#66 = DIRECTION ( 'NONE',  ( 1.000000000000000000, 0.000000000000000000, 0.000000000000000000 ) ) ;
#67 = LINE ( 'NONE', #346, #1142 ) ;
#68 = AXIS2_PLACEMENT_3D ( 'NONE', #3357, #259, #882 ) ;
#69 = STYLED_ITEM ( 'NONE', ( #1203 ), #1885 ) ;
#70 = AXIS2_PLACEMENT_3D ( 'NONE', #2637, #2094, #3487 ) ;
#71 = ORIENTED_EDGE ( 'NONE', *, *, #586, .F. ) ;
#72 = COLOUR_RGB ( '',0.8431372549019607865, 0.8431372549019607865, 0.8431372549019607865 ) ;
#73 = FACE_OUTER_BOUND ( 'NONE', #3474, .T. ) ;
#74 = DIRECTION ( 'NONE',  ( 0.000000000000000000, -0.000000000000000000, 1.000000000000000000 ) ) ;
#75 = EDGE_CURVE ( 'NONE', #2081, #887, #1680, .T. ) ;
#76 = EDGE_CURVE ( 'NONE', #1997, #2392, #1198, .T. ) ;
#77 = STYLED_ITEM ( 'NONE', ( #2728 ), #3100 ) ;
#78 = EDGE_LOOP ( 'NONE', ( #200, #403, #1676, #1797 ) ) ;
#79 = CARTESIAN_POINT ( 'NONE',  ( -0.05000000000000002359, 0.000000000000000000, 0.02500000000000000139 ) ) ;
#80 = CARTESIAN_POINT ( 'NONE',  ( -0.05000000000000002359, 0.5000000000000000000, 0.2000000000000000389 ) ) ;
#81 = VECTOR ( 'NONE', #1061, 1000.000000000000000 ) ;
#82 = SURFACE_SIDE_STYLE ('',( #1728 ) ) ;
#83 = EDGE_CURVE ( 'NONE', #2934, #808, #818, .T. ) ;
#84 =( LENGTH_UNIT ( ) NAMED_UNIT ( * ) SI_UNIT ( .MILLI., .METRE. ) );
#85 = EDGE_LOOP ( 'NONE', ( #2738, #420, #748, #349 ) ) ;
#86 = ORIENTED_EDGE ( 'NONE', *, *, #2472, .T. ) ;
#87 =( LENGTH_UNIT ( ) NAMED_UNIT ( * ) SI_UNIT ( .MILLI., .METRE. ) );
#88 = CARTESIAN_POINT ( 'NONE',  ( 0.7500000000000000000, 0.3999999999999999667, 0.2000000000000000944 ) ) ;
#89 = SURFACE_STYLE_FILL_AREA ( #389 ) ;
#90 = VERTEX_POINT ( 'NONE', #1697 ) ;
#91 = CARTESIAN_POINT ( 'NONE',  ( -0.05000000000000002359, 0.5000000000000000000, 0.2000000000000000389 ) ) ;
#92 = LINE ( 'NONE', #1221, #1366 ) ;
#93 = FILL_AREA_STYLE ('',( #1222 ) ) ;
#94 = VERTEX_POINT ( 'NONE', #2795 ) ;
#95 = EDGE_CURVE ( 'NONE', #3143, #2846, #330, .T. ) ;
#96 = CARTESIAN_POINT ( 'NONE',  ( -0.4750000000000000333, 0.000000000000000000, 0.02500000000000000139 ) ) ;
#97 = DIRECTION ( 'NONE',  ( 0.000000000000000000, 0.000000000000000000, 1.000000000000000000 ) ) ;
#98 =( NAMED_UNIT ( * ) PLANE_ANGLE_UNIT ( ) SI_UNIT ( $, .RADIAN. ) );
#99 = ADVANCED_FACE ( 'NONE', ( #57 ), #27, .T. ) ;
#100 = CARTESIAN_POINT ( 'NONE',  ( 0.7500000000000000000, 0.6000000000000000888, 0.02500000000000000139 ) ) ;
#101 =( NAMED_UNIT ( * ) SI_UNIT ( $, .STERADIAN. ) SOLID_ANGLE_UNIT ( ) );
#102 = ORIENTED_EDGE ( 'NONE', *, *, #2053, .T. ) ;
#103 = DIRECTION ( 'NONE',  ( 0.000000000000000000, 0.000000000000000000, -1.000000000000000000 ) ) ;
#104 = SURFACE_STYLE_USAGE ( .BOTH. , #388 ) ;
#105 = MECHANICAL_DESIGN_GEOMETRIC_PRESENTATION_REPRESENTATION (  '', ( #161 ), #1966 ) ;
#106 = VERTEX_POINT ( 'NONE', #958 ) ;
#107 = SURFACE_STYLE_FILL_AREA ( #932 ) ;
#108 = CARTESIAN_POINT ( 'NONE',  ( 0.05000000000000002359, 0.000000000000000000, 0.2000000000000000389 ) ) ;
#109 = CIRCLE ( 'NONE', #2300, 0.1000000000000000472 ) ;
#110 = CARTESIAN_POINT ( 'NONE',  ( -0.05000000000000002359, -0.5000000000000000000, 0.000000000000000000 ) ) ;
#111 = AXIS2_PLACEMENT_3D ( 'NONE', #1132, #3557, #1081 ) ;
#112 = ORIENTED_EDGE ( 'NONE', *, *, #1675, .F. ) ;
#113 = DIRECTION ( 'NONE',  ( 1.000000000000000000, 0.000000000000000000, 0.000000000000000000 ) ) ;
#114 = DIRECTION ( 'NONE',  ( -0.000000000000000000, 0.000000000000000000, -1.000000000000000000 ) ) ;
#115 = COLOUR_RGB ( '',0.8431372549019607865, 0.8431372549019607865, 0.8431372549019607865 ) ;
#116 = SURFACE_STYLE_FILL_AREA ( #2599 ) ;
#117 = DIRECTION ( 'NONE',  ( -1.000000000000000000, 0.000000000000000000, 0.000000000000000000 ) ) ;
#118 = PLANE ( 'NONE',  #3390 ) ;
#119 =( GEOMETRIC_REPRESENTATION_CONTEXT ( 3 ) GLOBAL_UNCERTAINTY_ASSIGNED_CONTEXT ( ( #2029 ) ) GLOBAL_UNIT_ASSIGNED_CONTEXT ( ( #1515, #2639, #1864 ) ) REPRESENTATION_CONTEXT ( 'NONE', 'WORKASPACE' ) );
#120 = ADVANCED_FACE ( 'NONE', ( #2009 ), #2638, .T. ) ;
#121 = EDGE_CURVE ( 'NONE', #3143, #175, #1742, .T. ) ;
#122 = EDGE_LOOP ( 'NONE', ( #1079, #3168, #3194, #909, #1783 ) ) ;
#123 = AXIS2_PLACEMENT_3D ( 'NONE', #1196, #2022, #2843 ) ;
#124 = VECTOR ( 'NONE', #1577, 1000.000000000000000 ) ;
#125 = UNCERTAINTY_MEASURE_WITH_UNIT (LENGTH_MEASURE( 1.000000000000000082E-05 ), #1104, 'distance_accuracy_value', 'NONE');
#126 = EDGE_LOOP ( 'NONE', ( #1049, #1568, #1830, #1313 ) ) ;
#127 = PRESENTATION_STYLE_ASSIGNMENT (( #2958 ) ) ;
#128 = AXIS2_PLACEMENT_3D ( 'NONE', #368, #2257, #3385 ) ;
#129 = CIRCLE ( 'NONE', #3444, 0.1000000000000000472 ) ;
#130 = MECHANICAL_DESIGN_GEOMETRIC_PRESENTATION_REPRESENTATION (  '', ( #2509 ), #2105 ) ;
#131 = AXIS2_PLACEMENT_3D ( 'NONE', #3102, #3401, #906 ) ;
#132 = ORIENTED_EDGE ( 'NONE', *, *, #1944, .F. ) ;
#133 = LINE ( 'NONE', #1263, #433 ) ;
#134 = CARTESIAN_POINT ( 'NONE',  ( -0.3500000000000001443, 0.3750000000000000000, 0.2000000000000000944 ) ) ;
#135 =( LENGTH_UNIT ( ) NAMED_UNIT ( * ) SI_UNIT ( .MILLI., .METRE. ) );
#136 = AXIS2_PLACEMENT_3D ( 'NONE', #1658, #1933, #1392 ) ;
#137 = SURFACE_SIDE_STYLE ('',( #436 ) ) ;
#138 = CARTESIAN_POINT ( 'NONE',  ( -0.7500000000000001110, 0.3750000000000000000, 0.000000000000000000 ) ) ;
#139 = ORIENTED_EDGE ( 'NONE', *, *, #2073, .F. ) ;
#140 = EDGE_LOOP ( 'NONE', ( #1625, #1748, #952, #1889 ) ) ;
#141 = CARTESIAN_POINT ( 'NONE',  ( 0.7500000000000000000, 0.1000000000000000472, 0.000000000000000000 ) ) ;
#142 = SURFACE_SIDE_STYLE ('',( #1519 ) ) ;
#143 = CARTESIAN_POINT ( 'NONE',  ( -0.7500000000000001110, -0.1250000000000000000, 0.000000000000000000 ) ) ;
#144 = EDGE_LOOP ( 'NONE', ( #1899, #1130, #3448, #3270 ) ) ;
#145 = DIRECTION ( 'NONE',  ( 1.000000000000000000, 0.000000000000000000, 0.000000000000000000 ) ) ;
#146 = ADVANCED_FACE ( 'NONE', ( #1283 ), #1227, .F. ) ;
#147 = DIRECTION ( 'NONE',  ( -0.000000000000000000, 0.000000000000000000, 1.000000000000000000 ) ) ;
#148 = EDGE_LOOP ( 'NONE', ( #2723, #1831, #2463, #1194 ) ) ;
#149 = DIRECTION ( 'NONE',  ( 0.000000000000000000, -0.000000000000000000, -1.000000000000000000 ) ) ;
#150 = DIRECTION ( 'NONE',  ( 0.000000000000000000, -1.000000000000000000, 4.336808689942024836E-15 ) ) ;
#151 = SURFACE_STYLE_FILL_AREA ( #3208 ) ;
#152 = DIRECTION ( 'NONE',  ( -1.000000000000000000, 0.000000000000000000, 0.000000000000000000 ) ) ;
#153 = CARTESIAN_POINT ( 'NONE',  ( 0.7500000000000000000, -0.1000000000000000472, 0.2000000000000000944 ) ) ;
#154 = ORIENTED_EDGE ( 'NONE', *, *, #1902, .T. ) ;
#155 = ORIENTED_EDGE ( 'NONE', *, *, #1273, .T. ) ;
#156 = FACE_OUTER_BOUND ( 'NONE', #3550, .T. ) ;
#157 = CARTESIAN_POINT ( 'NONE',  ( -0.4749999999999999778, -0.5000000000000000000, 0.2000000000000000389 ) ) ;
#158 = ORIENTED_EDGE ( 'NONE', *, *, #2073, .T. ) ;
#159 = CARTESIAN_POINT ( 'NONE',  ( -0.7500000000000000000, 0.7500000000000000000, 0.02500000000000000139 ) ) ;
#160 = LINE ( 'NONE', #1293, #3028 ) ;
#161 = STYLED_ITEM ( 'NONE', ( #2078 ), #120 ) ;
#162 = EDGE_CURVE ( 'NONE', #2339, #1920, #109, .T. ) ;
#163 = CARTESIAN_POINT ( 'NONE',  ( 0.7500000000000000000, -0.7250000000000001998, 0.9750000000000000888 ) ) ;
#164 = ORIENTED_EDGE ( 'NONE', *, *, #609, .T. ) ;
#165 = PLANE ( 'NONE',  #17 ) ;
#166 =( NAMED_UNIT ( * ) SI_UNIT ( $, .STERADIAN. ) SOLID_ANGLE_UNIT ( ) );
#167 = CIRCLE ( 'NONE', #1853, 0.1000000000000000472 ) ;
#168 = PLANE ( 'NONE',  #3505 ) ;
#169 = CARTESIAN_POINT ( 'NONE',  ( 0.05000000000000002359, 0.000000000000000000, 0.000000000000000000 ) ) ;
#170 = CARTESIAN_POINT ( 'NONE',  ( 0.05000000000000001665, 0.6000000000000000888, 0.2000000000000000389 ) ) ;
#171 = COLOUR_RGB ( '',0.8431372549019607865, 0.8431372549019607865, 0.8431372549019607865 ) ;
#172 = FACE_OUTER_BOUND ( 'NONE', #3101, .T. ) ;
#173 = AXIS2_PLACEMENT_3D ( 'NONE', #3001, #293, #279 ) ;
#174 = ORIENTED_EDGE ( 'NONE', *, *, #2472, .F. ) ;
#175 = VERTEX_POINT ( 'NONE', #689 ) ;
#176 = CYLINDRICAL_SURFACE ( 'NONE', #353, 0.1250000000000000555 ) ;
#177 = PRESENTATION_LAYER_ASSIGNMENT (  '', '', ( #1077 ) ) ;
#178 = UNCERTAINTY_MEASURE_WITH_UNIT (LENGTH_MEASURE( 1.000000000000000082E-05 ), #2038, 'distance_accuracy_value', 'NONE');
#179 = ORIENTED_EDGE ( 'NONE', *, *, #3534, .F. ) ;
#180 = CARTESIAN_POINT ( 'NONE',  ( -0.7249999999999998668, -0.7500000000000000000, 1.000000000000000000 ) ) ;
#181 = DIRECTION ( 'NONE',  ( 0.000000000000000000, 0.000000000000000000, -1.000000000000000000 ) ) ;
#182 = CARTESIAN_POINT ( 'NONE',  ( 0.7250000000000000888, -0.7250000000000000888, 0.9750000000000000888 ) ) ;
#183 = PRESENTATION_LAYER_ASSIGNMENT (  '', '', ( #2911 ) ) ;
#184 = PRESENTATION_LAYER_ASSIGNMENT (  '', '', ( #2857 ) ) ;
#185 =( GEOMETRIC_REPRESENTATION_CONTEXT ( 3 ) GLOBAL_UNCERTAINTY_ASSIGNED_CONTEXT ( ( #1023 ) ) GLOBAL_UNIT_ASSIGNED_CONTEXT ( ( #2015, #2000, #3086 ) ) REPRESENTATION_CONTEXT ( 'NONE', 'WORKASPACE' ) );
#186 = ORIENTED_EDGE ( 'NONE', *, *, #704, .F. ) ;
#187 = CARTESIAN_POINT ( 'NONE',  ( 0.05000000000000002359, -0.1000000000000000472, 0.2000000000000000944 ) ) ;
#188 = CARTESIAN_POINT ( 'NONE',  ( 0.7250000000000000888, -0.7250000000000001998, 0.9750000000000000888 ) ) ;
#189 = EDGE_CURVE ( 'NONE', #3544, #2309, #2778, .T. ) ;
#190 = ADVANCED_FACE ( 'NONE', ( #1530 ), #2064, .T. ) ;
#191 = AXIS2_PLACEMENT_3D ( 'NONE', #1011, #3508, #993 ) ;
#192 = PRESENTATION_LAYER_ASSIGNMENT (  '', '', ( #3267 ) ) ;
#193 = DIRECTION ( 'NONE',  ( 1.000000000000000000, 0.000000000000000000, 0.000000000000000000 ) ) ;
#194 = PRESENTATION_STYLE_ASSIGNMENT (( #805 ) ) ;
#195 = COLOUR_RGB ( '',0.2862745098039215508, 0.2862745098039215508, 0.2862745098039215508 ) ;
#196 = CARTESIAN_POINT ( 'NONE',  ( -0.7500000000000000000, -0.3750000000000000000, 0.2000000000000000389 ) ) ;
#197 = VECTOR ( 'NONE', #2550, 1000.000000000000000 ) ;
#198 = EDGE_CURVE ( 'NONE', #2891, #1029, #698, .T. ) ;
#199 = AXIS2_PLACEMENT_3D ( 'NONE', #1028, #3004, #1004 ) ;
#200 = ORIENTED_EDGE ( 'NONE', *, *, #2451, .T. ) ;
#201 = ORIENTED_EDGE ( 'NONE', *, *, #874, .T. ) ;
#202 = CARTESIAN_POINT ( 'NONE',  ( 0.7500000000000000000, 0.3999999999999999667, 1.024621125123532206 ) ) ;
#203 = SURFACE_STYLE_FILL_AREA ( #2107 ) ;
#204 = UNCERTAINTY_MEASURE_WITH_UNIT (LENGTH_MEASURE( 1.000000000000000082E-05 ), #2972, 'distance_accuracy_value', 'NONE');
#205 = ORIENTED_EDGE ( 'NONE', *, *, #1033, .T. ) ;
#206 =( LENGTH_UNIT ( ) NAMED_UNIT ( * ) SI_UNIT ( .MILLI., .METRE. ) );
#207 = DIRECTION ( 'NONE',  ( -0.000000000000000000, 0.000000000000000000, -1.000000000000000000 ) ) ;
#208 = SURFACE_STYLE_FILL_AREA ( #1599 ) ;
#209 = DIRECTION ( 'NONE',  ( -1.000000000000000000, 0.000000000000000000, 0.000000000000000000 ) ) ;
#210 = CARTESIAN_POINT ( 'NONE',  ( 0.05000000000000001665, 0.6000000000000000888, 1.024621125123532206 ) ) ;
#211 = VERTEX_POINT ( 'NONE', #3565 ) ;
#212 = CARTESIAN_POINT ( 'NONE',  ( 0.7500000000000000000, -0.6000000000000000888, 0.2000000000000000389 ) ) ;
#213 = EDGE_CURVE ( 'NONE', #1920, #2193, #3066, .T. ) ;
#214 = DIRECTION ( 'NONE',  ( 1.000000000000000000, 0.000000000000000000, 0.000000000000000000 ) ) ;
#215 = LINE ( 'NONE', #452, #2673 ) ;
#216 = EDGE_CURVE ( 'NONE', #472, #3477, #1092, .T. ) ;
#217 = ORIENTED_EDGE ( 'NONE', *, *, #3398, .F. ) ;
#218 = VERTEX_POINT ( 'NONE', #2096 ) ;
#219 = SURFACE_STYLE_FILL_AREA ( #710 ) ;
#220 = SURFACE_SIDE_STYLE ('',( #826 ) ) ;
#221 = DIRECTION ( 'NONE',  ( 0.000000000000000000, -1.000000000000000000, -0.000000000000000000 ) ) ;
#222 = ORIENTED_EDGE ( 'NONE', *, *, #1813, .T. ) ;
#223 = SURFACE_STYLE_FILL_AREA ( #1397 ) ;
#224 = SURFACE_STYLE_FILL_AREA ( #1958 ) ;
#225 = FACE_OUTER_BOUND ( 'NONE', #2458, .T. ) ;
#226 = EDGE_LOOP ( 'NONE', ( #2067, #41, #2012 ) ) ;
#227 = PRESENTATION_STYLE_ASSIGNMENT (( #508 ) ) ;
#228 = SURFACE_STYLE_USAGE ( .BOTH. , #2373 ) ;
#229 = STYLED_ITEM ( 'NONE', ( #1718 ), #99 ) ;
#230 = DIRECTION ( 'NONE',  ( 0.000000000000000000, -0.000000000000000000, -1.000000000000000000 ) ) ;
#231 = DIRECTION ( 'NONE',  ( -0.000000000000000000, -1.000000000000000000, -0.000000000000000000 ) ) ;
#232 = CARTESIAN_POINT ( 'NONE',  ( 0.7500000000000000000, 0.1000000000000000472, 0.02500000000000000139 ) ) ;
#233 = VECTOR ( 'NONE', #1863, 1000.000000000000000 ) ;
#234 = ORIENTED_EDGE ( 'NONE', *, *, #1675, .T. ) ;
#235 = VECTOR ( 'NONE', #3374, 1000.000000000000000 ) ;
#236 = EDGE_LOOP ( 'NONE', ( #1257, #770, #164, #3358 ) ) ;
#237 = SURFACE_STYLE_USAGE ( .BOTH. , #518 ) ;
#238 = EDGE_CURVE ( 'NONE', #1286, #2366, #513, .T. ) ;
#239 = EDGE_CURVE ( 'NONE', #914, #304, #1909, .T. ) ;
#240 = VERTEX_POINT ( 'NONE', #3545 ) ;
#241 = VECTOR ( 'NONE', #796, 1000.000000000000000 ) ;
#242 = DIRECTION ( 'NONE',  ( -0.000000000000000000, -0.000000000000000000, -1.000000000000000000 ) ) ;
#243 = DIRECTION ( 'NONE',  ( 0.000000000000000000, 1.000000000000000000, 0.000000000000000000 ) ) ;
#244 = CARTESIAN_POINT ( 'NONE',  ( 0.7500000000000000000, -0.6000000000000000888, 0.2000000000000000389 ) ) ;
#245 = COLOUR_RGB ( '',0.8431372549019607865, 0.8431372549019607865, 0.8431372549019607865 ) ;
#246 = EDGE_LOOP ( 'NONE', ( #1168, #1096, #525, #3084 ) ) ;
#247 = CARTESIAN_POINT ( 'NONE',  ( 0.7500000000000000000, -0.7500000000000000000, 0.9750000000000000888 ) ) ;
#248 = SURFACE_STYLE_FILL_AREA ( #2729 ) ;
#249 =( GEOMETRIC_REPRESENTATION_CONTEXT ( 3 ) GLOBAL_UNCERTAINTY_ASSIGNED_CONTEXT ( ( #1782 ) ) GLOBAL_UNIT_ASSIGNED_CONTEXT ( ( #1006, #2146, #166 ) ) REPRESENTATION_CONTEXT ( 'NONE', 'WORKASPACE' ) );
#250 = PRODUCT_DEFINITION_SHAPE ( 'NONE', 'NONE',  #29 ) ;
#251 = PRESENTATION_STYLE_ASSIGNMENT (( #3370 ) ) ;
#252 = MECHANICAL_DESIGN_GEOMETRIC_PRESENTATION_REPRESENTATION (  '', ( #2911 ), #2040 ) ;
#253 = STYLED_ITEM ( 'NONE', ( #504 ), #1749 ) ;
#254 =( LENGTH_UNIT ( ) NAMED_UNIT ( * ) SI_UNIT ( .MILLI., .METRE. ) );
#255 = CARTESIAN_POINT ( 'NONE',  ( -0.7500000000000001110, 0.3750000000000000000, 1.024621125123532206 ) ) ;
#256 = CARTESIAN_POINT ( 'NONE',  ( 0.05000000000000002359, 0.000000000000000000, 0.2000000000000000389 ) ) ;
#257 =( GEOMETRIC_REPRESENTATION_CONTEXT ( 3 ) GLOBAL_UNCERTAINTY_ASSIGNED_CONTEXT ( ( #500 ) ) GLOBAL_UNIT_ASSIGNED_CONTEXT ( ( #1395, #3587, #1178 ) ) REPRESENTATION_CONTEXT ( 'NONE', 'WORKASPACE' ) );
#258 = PRESENTATION_LAYER_ASSIGNMENT (  '', '', ( #430 ) ) ;
#259 = DIRECTION ( 'NONE',  ( 0.000000000000000000, 0.000000000000000000, 1.000000000000000000 ) ) ;
#260 = CARTESIAN_POINT ( 'NONE',  ( -0.7500000000000000000, -0.3750000000000000000, 0.2000000000000000389 ) ) ;
#261 = AXIS2_PLACEMENT_3D ( 'NONE', #1030, #432, #2991 ) ;
#262 = DIRECTION ( 'NONE',  ( -0.000000000000000000, -0.000000000000000000, 1.000000000000000000 ) ) ;
#263 = UNCERTAINTY_MEASURE_WITH_UNIT (LENGTH_MEASURE( 1.000000000000000082E-05 ), #757, 'distance_accuracy_value', 'NONE');
#264 = ADVANCED_FACE ( 'NONE', ( #2973 ), #530, .T. ) ;
#265 =( GEOMETRIC_REPRESENTATION_CONTEXT ( 3 ) GLOBAL_UNCERTAINTY_ASSIGNED_CONTEXT ( ( #2409 ) ) GLOBAL_UNIT_ASSIGNED_CONTEXT ( ( #1089, #3108, #633 ) ) REPRESENTATION_CONTEXT ( 'NONE', 'WORKASPACE' ) );
#266 = ORIENTED_EDGE ( 'NONE', *, *, #3601, .T. ) ;
#267 = DIRECTION ( 'NONE',  ( 0.000000000000000000, 0.000000000000000000, -1.000000000000000000 ) ) ;
#268 = SURFACE_SIDE_STYLE ('',( #224 ) ) ;
#269 = AXIS2_PLACEMENT_3D ( 'NONE', #1344, #2365, #1847 ) ;
#270 = CARTESIAN_POINT ( 'NONE',  ( -0.4750000000000000333, 0.000000000000000000, 0.000000000000000000 ) ) ;
#271 = EDGE_CURVE ( 'NONE', #1436, #878, #3532, .T. ) ;
#272 = ORIENTED_EDGE ( 'NONE', *, *, #75, .F. ) ;
#273 = LINE ( 'NONE', #3582, #726 ) ;
#274 = LINE ( 'NONE', #1159, #2614 ) ;
#275 = SURFACE_SIDE_STYLE ('',( #2756 ) ) ;
#276 = PRESENTATION_STYLE_ASSIGNMENT (( #43 ) ) ;
#277 = DIRECTION ( 'NONE',  ( 1.000000000000000000, 0.000000000000000000, 0.000000000000000000 ) ) ;
#278 = ORIENTED_EDGE ( 'NONE', *, *, #3551, .F. ) ;
#279 = DIRECTION ( 'NONE',  ( 1.000000000000000000, 0.000000000000000000, -0.000000000000000000 ) ) ;
#280 = DIRECTION ( 'NONE',  ( -0.000000000000000000, -0.000000000000000000, -1.000000000000000000 ) ) ;
#281 = FILL_AREA_STYLE ('',( #1116 ) ) ;
#282 = ORIENTED_EDGE ( 'NONE', *, *, #485, .F. ) ;
#283 = CARTESIAN_POINT ( 'NONE',  ( 0.05000000000000002359, -0.5000000000000000000, 0.2000000000000000389 ) ) ;
#284 = EDGE_CURVE ( 'NONE', #2335, #2523, #2133, .T. ) ;
#285 = CARTESIAN_POINT ( 'NONE',  ( 0.05000000000000002359, 0.3999999999999999667, 1.024621125123532206 ) ) ;
#286 = SURFACE_STYLE_FILL_AREA ( #1424 ) ;
#287 = PRESENTATION_LAYER_ASSIGNMENT (  '', '', ( #161 ) ) ;
#288 = PLANE ( 'NONE',  #68 ) ;
#289 = ORIENTED_EDGE ( 'NONE', *, *, #749, .F. ) ;
#290 = VECTOR ( 'NONE', #2208, 1000.000000000000000 ) ;
#291 = UNCERTAINTY_MEASURE_WITH_UNIT (LENGTH_MEASURE( 1.000000000000000082E-05 ), #1514, 'distance_accuracy_value', 'NONE');
#292 = ORIENTED_EDGE ( 'NONE', *, *, #2120, .F. ) ;
#293 = DIRECTION ( 'NONE',  ( 0.000000000000000000, -0.000000000000000000, 1.000000000000000000 ) ) ;
#294 = DIRECTION ( 'NONE',  ( 0.000000000000000000, 0.000000000000000000, -1.000000000000000000 ) ) ;
#295 = CARTESIAN_POINT ( 'NONE',  ( -0.7500000000000001110, 0.1250000000000000000, 0.000000000000000000 ) ) ;
#296 = AXIS2_PLACEMENT_3D ( 'NONE', #202, #517, #2406 ) ;
#297 = DIRECTION ( 'NONE',  ( 1.000000000000000000, 0.000000000000000000, -0.000000000000000000 ) ) ;
#298 =( GEOMETRIC_REPRESENTATION_CONTEXT ( 3 ) GLOBAL_UNCERTAINTY_ASSIGNED_CONTEXT ( ( #3420 ) ) GLOBAL_UNIT_ASSIGNED_CONTEXT ( ( #2619, #2127, #1559 ) ) REPRESENTATION_CONTEXT ( 'NONE', 'WORKASPACE' ) );
#299 = ORIENTED_EDGE ( 'NONE', *, *, #121, .T. ) ;
#300 = DIRECTION ( 'NONE',  ( -0.000000000000000000, -1.000000000000000000, -0.000000000000000000 ) ) ;
#301 = FACE_OUTER_BOUND ( 'NONE', #1616, .T. ) ;
#302 = FACE_OUTER_BOUND ( 'NONE', #126, .T. ) ;
#303 =( GEOMETRIC_REPRESENTATION_CONTEXT ( 3 ) GLOBAL_UNCERTAINTY_ASSIGNED_CONTEXT ( ( #1435 ) ) GLOBAL_UNIT_ASSIGNED_CONTEXT ( ( #2046, #58, #1246 ) ) REPRESENTATION_CONTEXT ( 'NONE', 'WORKASPACE' ) );
#304 = VERTEX_POINT ( 'NONE', #3244 ) ;
#305 = PRESENTATION_LAYER_ASSIGNMENT (  '', '', ( #1245 ) ) ;
#306 = EDGE_CURVE ( 'NONE', #3425, #1629, #2655, .T. ) ;
#307 = EDGE_CURVE ( 'NONE', #2350, #970, #2660, .T. ) ;
#308 = DIRECTION ( 'NONE',  ( 0.000000000000000000, 0.000000000000000000, -1.000000000000000000 ) ) ;
#309 = DIRECTION ( 'NONE',  ( -1.000000000000000000, 0.000000000000000000, -0.000000000000000000 ) ) ;
#310 = COLOUR_RGB ( '',0.8431372549019607865, 0.8431372549019607865, 0.8431372549019607865 ) ;
#311 = COLOUR_RGB ( '',0.2862745098039215508, 0.2862745098039215508, 0.2862745098039215508 ) ;
#312 = CARTESIAN_POINT ( 'NONE',  ( 0.05000000000000002359, 0.000000000000000000, 0.2000000000000000389 ) ) ;
#313 = EDGE_CURVE ( 'NONE', #106, #2085, #1463, .T. ) ;
#314 = EDGE_LOOP ( 'NONE', ( #139, #2259, #488, #3040 ) ) ;
#315 = PRESENTATION_LAYER_ASSIGNMENT (  '', '', ( #2441 ) ) ;
#316 = STYLED_ITEM ( 'NONE', ( #2808 ), #2874 ) ;
#317 = ORIENTED_EDGE ( 'NONE', *, *, #989, .F. ) ;
#318 = COLOUR_RGB ( '',0.9607843137254902244, 0.9607843137254902244, 0.9607843137254902244 ) ;
#319 = SURFACE_STYLE_FILL_AREA ( #2592 ) ;
#320 = FILL_AREA_STYLE ('',( #2192 ) ) ;
#321 = FACE_OUTER_BOUND ( 'NONE', #3493, .T. ) ;
#322 = CARTESIAN_POINT ( 'NONE',  ( 0.05000000000000001665, 0.1000000000000000472, 0.2000000000000000944 ) ) ;
#323 = LINE ( 'NONE', #1174, #3202 ) ;
#324 = DIRECTION ( 'NONE',  ( 1.000000000000000000, 0.000000000000000000, 0.000000000000000000 ) ) ;
#325 = CIRCLE ( 'NONE', #3399, 0.1000000000000000472 ) ;
#326 = EDGE_LOOP ( 'NONE', ( #2953, #536, #520, #3119 ) ) ;
#327 = PLANE ( 'NONE',  #1540 ) ;
#328 = LINE ( 'NONE', #2491, #1635 ) ;
#329 = CARTESIAN_POINT ( 'NONE',  ( -0.7250000000000000888, 0.7250000000000000888, 0.9750000000000000888 ) ) ;
#330 = LINE ( 'NONE', #1431, #2835 ) ;
#331 = DIRECTION ( 'NONE',  ( -1.000000000000000000, 0.000000000000000000, 0.000000000000000000 ) ) ;
#332 = EDGE_CURVE ( 'NONE', #1290, #1893, #2434, .T. ) ;
#333 = EDGE_LOOP ( 'NONE', ( #3407, #1188, #615, #1278 ) ) ;
#334 = DIRECTION ( 'NONE',  ( -1.000000000000000000, 0.000000000000000000, 0.000000000000000000 ) ) ;
#335 = FACE_OUTER_BOUND ( 'NONE', #1109, .T. ) ;
#336 = PRESENTATION_STYLE_ASSIGNMENT (( #3579 ) ) ;
#337 = ORIENTED_EDGE ( 'NONE', *, *, #1750, .T. ) ;
#338 = DIRECTION ( 'NONE',  ( -1.000000000000000000, -0.000000000000000000, -0.000000000000000000 ) ) ;
#339 = ORIENTED_EDGE ( 'NONE', *, *, #3118, .T. ) ;
#340 = DIRECTION ( 'NONE',  ( 1.000000000000000000, 0.000000000000000000, -0.000000000000000000 ) ) ;
#341 = CARTESIAN_POINT ( 'NONE',  ( 0.05000000000000002359, 0.000000000000000000, 0.02500000000000000139 ) ) ;
#342 = FACE_OUTER_BOUND ( 'NONE', #1727, .T. ) ;
#343 = ADVANCED_FACE ( 'NONE', ( #451 ), #1565, .F. ) ;
#344 =( NAMED_UNIT ( * ) SI_UNIT ( $, .STERADIAN. ) SOLID_ANGLE_UNIT ( ) );
#345 = EDGE_CURVE ( 'NONE', #732, #1932, #2236, .T. ) ;
#346 = CARTESIAN_POINT ( 'NONE',  ( -0.7500000000000000000, -0.6250000000000000000, 0.000000000000000000 ) ) ;
#347 = VECTOR ( 'NONE', #541, 1000.000000000000000 ) ;
#348 =( NAMED_UNIT ( * ) PLANE_ANGLE_UNIT ( ) SI_UNIT ( $, .RADIAN. ) );
#349 = ORIENTED_EDGE ( 'NONE', *, *, #1790, .T. ) ;
#350 = STYLED_ITEM ( 'NONE', ( #2591 ), #731 ) ;
#351 = CARTESIAN_POINT ( 'NONE',  ( 0.7500000000000000000, 0.1000000000000000472, 0.2000000000000000389 ) ) ;
#352 = CYLINDRICAL_SURFACE ( 'NONE', #2799, 0.1000000000000000472 ) ;
#353 = AXIS2_PLACEMENT_3D ( 'NONE', #2941, #103, #2347 ) ;
#354 = EDGE_LOOP ( 'NONE', ( #3382, #1053, #86, #179 ) ) ;
#355 = CARTESIAN_POINT ( 'NONE',  ( -0.7500000000000000000, -0.6250000000000000000, 0.02500000000000000139 ) ) ;
#356 = STYLED_ITEM ( 'NONE', ( #3171 ), #866 ) ;
#357 = MECHANICAL_DESIGN_GEOMETRIC_PRESENTATION_REPRESENTATION (  '', ( #1075 ), #2374 ) ;
#358 = VECTOR ( 'NONE', #1659, 1000.000000000000000 ) ;
#359 = SURFACE_STYLE_USAGE ( .BOTH. , #1432 ) ;
#360 = CIRCLE ( 'NONE', #3199, 0.1250000000000000000 ) ;
#361 = VECTOR ( 'NONE', #3328, 1000.000000000000000 ) ;
#362 = VECTOR ( 'NONE', #682, 1000.000000000000000 ) ;
#363 = ORIENTED_EDGE ( 'NONE', *, *, #3034, .F. ) ;
#364 = UNCERTAINTY_MEASURE_WITH_UNIT (LENGTH_MEASURE( 1.000000000000000082E-05 ), #3209, 'distance_accuracy_value', 'NONE');
#365 = EDGE_LOOP ( 'NONE', ( #678, #561, #2744, #2674 ) ) ;
#366 = FACE_OUTER_BOUND ( 'NONE', #3294, .T. ) ;
#367 = LINE ( 'NONE', #2051, #370 ) ;
#368 = CARTESIAN_POINT ( 'NONE',  ( -0.7249999999999998668, -0.7250000000000000888, 0.9750000000000000888 ) ) ;
#369 = AXIS2_PLACEMENT_3D ( 'NONE', #1162, #3355, #1915 ) ;
#370 = VECTOR ( 'NONE', #3384, 1000.000000000000000 ) ;
#371 = EDGE_CURVE ( 'NONE', #3495, #1345, #328, .T. ) ;
#372 =( NAMED_UNIT ( * ) SI_UNIT ( $, .STERADIAN. ) SOLID_ANGLE_UNIT ( ) );
#373 = ORIENTED_EDGE ( 'NONE', *, *, #2764, .F. ) ;
#374 = PRESENTATION_LAYER_ASSIGNMENT (  '', '', ( #1766 ) ) ;
#375 = DIRECTION ( 'NONE',  ( 0.000000000000000000, 0.000000000000000000, -1.000000000000000000 ) ) ;
#376 = CARTESIAN_POINT ( 'NONE',  ( -0.05000000000000002359, 0.5000000000000000000, 1.024621125123532206 ) ) ;
#377 = SURFACE_SIDE_STYLE ('',( #3148 ) ) ;
#378 = ADVANCED_FACE ( 'NONE', ( #3356 ), #2249, .T. ) ;
#379 = VERTEX_POINT ( 'NONE', #3305 ) ;
#380 =( NAMED_UNIT ( * ) SI_UNIT ( $, .STERADIAN. ) SOLID_ANGLE_UNIT ( ) );
#381 = DIRECTION ( 'NONE',  ( 1.000000000000000000, 0.000000000000000000, -0.000000000000000000 ) ) ;
#382 = PRESENTATION_LAYER_ASSIGNMENT (  '', '', ( #22 ) ) ;
#383 = CARTESIAN_POINT ( 'NONE',  ( 0.05000000000000002359, -0.6000000000000000888, 0.2000000000000000389 ) ) ;
#384 =( NAMED_UNIT ( * ) PLANE_ANGLE_UNIT ( ) SI_UNIT ( $, .RADIAN. ) );
#385 = EDGE_LOOP ( 'NONE', ( #2484, #2030, #2243 ) ) ;
#386 = EDGE_LOOP ( 'NONE', ( #679, #1307, #860, #2727 ) ) ;
#387 = DIRECTION ( 'NONE',  ( 0.000000000000000000, 0.000000000000000000, -1.000000000000000000 ) ) ;
#388 = SURFACE_SIDE_STYLE ('',( #319 ) ) ;
#389 = FILL_AREA_STYLE ('',( #2871 ) ) ;
#390 = EDGE_LOOP ( 'NONE', ( #1441, #1890 ) ) ;
#391 =( NAMED_UNIT ( * ) SI_UNIT ( $, .STERADIAN. ) SOLID_ANGLE_UNIT ( ) );
#392 = CARTESIAN_POINT ( 'NONE',  ( -0.7249999999999999778, -1.048062100069320542E-16, 0.9750000000000000888 ) ) ;
#393 = ORIENTED_EDGE ( 'NONE', *, *, #3232, .F. ) ;
#394 = FACE_OUTER_BOUND ( 'NONE', #2940, .T. ) ;
#395 = LINE ( 'NONE', #2862, #3138 ) ;
#396 = EDGE_CURVE ( 'NONE', #3214, #2872, #1423, .T. ) ;
#397 = EDGE_CURVE ( 'NONE', #962, #1379, #2516, .T. ) ;
#398 = FILL_AREA_STYLE_COLOUR ( '', #1739 ) ;
#399 = FILL_AREA_STYLE_COLOUR ( '', #2034 ) ;
#400 = CARTESIAN_POINT ( 'NONE',  ( 0.7250000000000000888, 0.7250000000000000888, 1.000000000000000000 ) ) ;
#401 = ORIENTED_EDGE ( 'NONE', *, *, #2810, .F. ) ;
#402 = UNCERTAINTY_MEASURE_WITH_UNIT (LENGTH_MEASURE( 1.000000000000000082E-05 ), #2838, 'distance_accuracy_value', 'NONE');
#403 = ORIENTED_EDGE ( 'NONE', *, *, #332, .F. ) ;
#404 =( NAMED_UNIT ( * ) SI_UNIT ( $, .STERADIAN. ) SOLID_ANGLE_UNIT ( ) );
#405 =( NAMED_UNIT ( * ) SI_UNIT ( $, .STERADIAN. ) SOLID_ANGLE_UNIT ( ) );
#406 = SURFACE_STYLE_USAGE ( .BOTH. , #2070 ) ;
#407 = ORIENTED_EDGE ( 'NONE', *, *, #3071, .F. ) ;
#408 =( LENGTH_UNIT ( ) NAMED_UNIT ( * ) SI_UNIT ( .MILLI., .METRE. ) );
#409 = FILL_AREA_STYLE ('',( #973 ) ) ;
#410 =( NAMED_UNIT ( * ) SI_UNIT ( $, .STERADIAN. ) SOLID_ANGLE_UNIT ( ) );
#411 = AXIS2_PLACEMENT_3D ( 'NONE', #3412, #181, #3525 ) ;
#412 = ORIENTED_EDGE ( 'NONE', *, *, #3509, .T. ) ;
#413 = SURFACE_STYLE_USAGE ( .BOTH. , #953 ) ;
#414 = CARTESIAN_POINT ( 'NONE',  ( -0.4749999999999999778, -0.3750000000000000000, 1.024621125123532206 ) ) ;
#415 = MECHANICAL_DESIGN_GEOMETRIC_PRESENTATION_REPRESENTATION (  '', ( #2487 ), #3023 ) ;
#416 = EDGE_CURVE ( 'NONE', #3411, #2145, #1163, .T. ) ;
#417 =( NAMED_UNIT ( * ) SI_UNIT ( $, .STERADIAN. ) SOLID_ANGLE_UNIT ( ) );
#418 = FILL_AREA_STYLE ('',( #398 ) ) ;
#419 = EDGE_CURVE ( 'NONE', #918, #106, #42, .T. ) ;
#420 = ORIENTED_EDGE ( 'NONE', *, *, #284, .F. ) ;
#421 = LINE ( 'NONE', #2926, #767 ) ;
#422 = SURFACE_STYLE_USAGE ( .BOTH. , #142 ) ;
#423 = AXIS2_PLACEMENT_3D ( 'NONE', #392, #1457, #2595 ) ;
#424 = UNCERTAINTY_MEASURE_WITH_UNIT (LENGTH_MEASURE( 1.000000000000000082E-05 ), #3263, 'distance_accuracy_value', 'NONE');
#425 = ORIENTED_EDGE ( 'NONE', *, *, #1643, .F. ) ;
#426 =( NAMED_UNIT ( * ) PLANE_ANGLE_UNIT ( ) SI_UNIT ( $, .RADIAN. ) );
#427 = VECTOR ( 'NONE', #2476, 1000.000000000000000 ) ;
#428 = FILL_AREA_STYLE_COLOUR ( '', #311 ) ;
#429 = CARTESIAN_POINT ( 'NONE',  ( 0.05000000000000002359, 0.5000000000000000000, 0.2000000000000000389 ) ) ;
#430 = STYLED_ITEM ( 'NONE', ( #640 ), #2013 ) ;
#431 = ORIENTED_EDGE ( 'NONE', *, *, #83, .T. ) ;
#432 = DIRECTION ( 'NONE',  ( 0.000000000000000000, -0.000000000000000000, 1.000000000000000000 ) ) ;
#433 = VECTOR ( 'NONE', #1297, 1000.000000000000000 ) ;
#434 = AXIS2_PLACEMENT_3D ( 'NONE', #351, #38, #666 ) ;
#435 = CARTESIAN_POINT ( 'NONE',  ( -0.5500000000000000444, 0.5500000000000000444, 1.000000000000000000 ) ) ;
#436 = SURFACE_STYLE_FILL_AREA ( #3456 ) ;
#437 = DIRECTION ( 'NONE',  ( 0.000000000000000000, 0.000000000000000000, 1.000000000000000000 ) ) ;
#438 = MECHANICAL_DESIGN_GEOMETRIC_PRESENTATION_REPRESENTATION (  '', ( #22 ), #1038 ) ;
#439 = VERTEX_POINT ( 'NONE', #898 ) ;
#440 =( NAMED_UNIT ( * ) PLANE_ANGLE_UNIT ( ) SI_UNIT ( $, .RADIAN. ) );
#441 = FILL_AREA_STYLE ('',( #2927 ) ) ;
#442 = ADVANCED_FACE ( 'NONE', ( #820 ), #3027, .T. ) ;
#443 = FACE_OUTER_BOUND ( 'NONE', #1976, .T. ) ;
#444 = ORIENTED_EDGE ( 'NONE', *, *, #396, .F. ) ;
#445 = DIRECTION ( 'NONE',  ( -0.000000000000000000, -0.000000000000000000, -1.000000000000000000 ) ) ;
#446 = CARTESIAN_POINT ( 'NONE',  ( -0.7249999999999998668, -0.7500000000000000000, 0.02500000000000000139 ) ) ;
#447 = ORIENTED_EDGE ( 'NONE', *, *, #3398, .T. ) ;
#448 = PLANE ( 'NONE',  #1765 ) ;
#449 = DIRECTION ( 'NONE',  ( 1.000000000000000000, 0.000000000000000000, 0.000000000000000000 ) ) ;
#450 = DIRECTION ( 'NONE',  ( 1.000000000000000000, 0.000000000000000000, 0.000000000000000000 ) ) ;
#451 = FACE_OUTER_BOUND ( 'NONE', #3252, .T. ) ;
#452 = CARTESIAN_POINT ( 'NONE',  ( 0.05000000000000001665, 0.1000000000000000472, 1.024621125123532206 ) ) ;
#453 = ORIENTED_EDGE ( 'NONE', *, *, #2006, .F. ) ;
#454 = ORIENTED_EDGE ( 'NONE', *, *, #1428, .T. ) ;
#455 = FILL_AREA_STYLE_COLOUR ( '', #1481 ) ;
#456 = CARTESIAN_POINT ( 'NONE',  ( -0.3500000000000001443, 0.3750000000000000000, 1.024621125123532206 ) ) ;
#457 = ADVANCED_FACE ( 'NONE', ( #3113 ), #954, .T. ) ;
#458 = EDGE_CURVE ( 'NONE', #1881, #808, #637, .T. ) ;
#459 = ORIENTED_EDGE ( 'NONE', *, *, #1390, .F. ) ;
#460 = LINE ( 'NONE', #159, #124 ) ;
#461 = LINE ( 'NONE', #2160, #1646 ) ;
#462 =( LENGTH_UNIT ( ) NAMED_UNIT ( * ) SI_UNIT ( .MILLI., .METRE. ) );
#463 = EDGE_CURVE ( 'NONE', #175, #2235, #3450, .T. ) ;
#464 = ORIENTED_EDGE ( 'NONE', *, *, #3033, .F. ) ;
#465 = DIRECTION ( 'NONE',  ( -1.000000000000000000, 0.000000000000000000, -0.000000000000000000 ) ) ;
#466 = CARTESIAN_POINT ( 'NONE',  ( -0.05000000000000002359, 0.000000000000000000, 0.2000000000000000389 ) ) ;
#467 =( GEOMETRIC_REPRESENTATION_CONTEXT ( 3 ) GLOBAL_UNCERTAINTY_ASSIGNED_CONTEXT ( ( #3017 ) ) GLOBAL_UNIT_ASSIGNED_CONTEXT ( ( #589, #867, #3045 ) ) REPRESENTATION_CONTEXT ( 'NONE', 'WORKASPACE' ) );
#468 = DIRECTION ( 'NONE',  ( 0.000000000000000000, 0.000000000000000000, -1.000000000000000000 ) ) ;
#469 = DIRECTION ( 'NONE',  ( -1.000000000000000000, 0.000000000000000000, 0.000000000000000000 ) ) ;
#470 = VECTOR ( 'NONE', #2068, 1000.000000000000000 ) ;
#471 = VECTOR ( 'NONE', #2985, 1000.000000000000000 ) ;
#472 = VERTEX_POINT ( 'NONE', #2878 ) ;
#473 = ORIENTED_EDGE ( 'NONE', *, *, #1039, .F. ) ;
#474 = DIRECTION ( 'NONE',  ( -1.000000000000000000, 0.000000000000000000, 0.000000000000000000 ) ) ;
#475 =( LENGTH_UNIT ( ) NAMED_UNIT ( * ) SI_UNIT ( .MILLI., .METRE. ) );
#476 = AXIS2_PLACEMENT_3D ( 'NONE', #656, #3184, #2920 ) ;
#477 = DIRECTION ( 'NONE',  ( -0.000000000000000000, 1.000000000000000000, 0.000000000000000000 ) ) ;
#478 = AXIS2_PLACEMENT_3D ( 'NONE', #1511, #1243, #992 ) ;
#479 = VERTEX_POINT ( 'NONE', #1046 ) ;
#480 = CARTESIAN_POINT ( 'NONE',  ( -0.4625000000000000777, 0.5500000000000000444, 0.9899999999999999911 ) ) ;
#481 = FACE_OUTER_BOUND ( 'NONE', #723, .T. ) ;
#482 = LINE ( 'NONE', #2648, #1018 ) ;
#483 = COLOUR_RGB ( '',0.8431372549019607865, 0.8431372549019607865, 0.8431372549019607865 ) ;
#484 = STYLED_ITEM ( 'NONE', ( #1002 ), #1712 ) ;
#485 = EDGE_CURVE ( 'NONE', #507, #1286, #936, .T. ) ;
#486 = CARTESIAN_POINT ( 'NONE',  ( 0.05000000000000002359, -0.5000000000000000000, 0.2000000000000000944 ) ) ;
#487 = COLOUR_RGB ( '',0.8431372549019607865, 0.8431372549019607865, 0.8431372549019607865 ) ;
#488 = ORIENTED_EDGE ( 'NONE', *, *, #2032, .T. ) ;
#489 = VECTOR ( 'NONE', #3064, 1000.000000000000000 ) ;
#490 = DIRECTION ( 'NONE',  ( 1.000000000000000000, -0.000000000000000000, -0.000000000000000000 ) ) ;
#491 = EDGE_CURVE ( 'NONE', #3188, #741, #3130, .T. ) ;
#492 = CIRCLE ( 'NONE', #70, 0.1250000000000000000 ) ;
#493 = STYLED_ITEM ( 'NONE', ( #251 ), #2201 ) ;
#494 = MECHANICAL_DESIGN_GEOMETRIC_PRESENTATION_REPRESENTATION (  '', ( #1880 ), #1485 ) ;
#495 = AXIS2_PLACEMENT_3D ( 'NONE', #270, #873, #3067 ) ;
#496 = ORIENTED_EDGE ( 'NONE', *, *, #1451, .T. ) ;
#497 =( NAMED_UNIT ( * ) PLANE_ANGLE_UNIT ( ) SI_UNIT ( $, .RADIAN. ) );
#498 = MECHANICAL_DESIGN_GEOMETRIC_PRESENTATION_REPRESENTATION (  '', ( #2629 ), #2455 ) ;
#499 = MECHANICAL_DESIGN_GEOMETRIC_PRESENTATION_REPRESENTATION (  '', ( #1265 ), #2578 ) ;
#500 = UNCERTAINTY_MEASURE_WITH_UNIT (LENGTH_MEASURE( 1.000000000000000082E-05 ), #1395, 'distance_accuracy_value', 'NONE');
#501 = EDGE_LOOP ( 'NONE', ( #155, #2189, #222, #64 ) ) ;
#502 = CARTESIAN_POINT ( 'NONE',  ( -0.7500000000000001110, -0.1250000000000000000, 0.2000000000000000389 ) ) ;
#503 = PLANE ( 'NONE',  #111 ) ;
#504 = PRESENTATION_STYLE_ASSIGNMENT (( #2987 ) ) ;
#505 =( LENGTH_UNIT ( ) NAMED_UNIT ( * ) SI_UNIT ( .MILLI., .METRE. ) );
#506 = CARTESIAN_POINT ( 'NONE',  ( 0.7500000000000000000, -0.6000000000000000888, 0.02500000000000000139 ) ) ;
#507 = VERTEX_POINT ( 'NONE', #2861 ) ;
#508 = SURFACE_STYLE_USAGE ( .BOTH. , #1962 ) ;
#509 = DIRECTION ( 'NONE',  ( 0.000000000000000000, 0.000000000000000000, 1.000000000000000000 ) ) ;
#510 = SURFACE_SIDE_STYLE ('',( #2993 ) ) ;
#511 = EDGE_CURVE ( 'NONE', #2235, #1097, #1066, .T. ) ;
#512 = EDGE_CURVE ( 'NONE', #240, #2335, #1059, .T. ) ;
#513 = LINE ( 'NONE', #2169, #233 ) ;
#514 = PRESENTATION_STYLE_ASSIGNMENT (( #1304 ) ) ;
#515 = ORIENTED_EDGE ( 'NONE', *, *, #730, .T. ) ;
#516 = ORIENTED_EDGE ( 'NONE', *, *, #2451, .F. ) ;
#517 = DIRECTION ( 'NONE',  ( 1.000000000000000000, -0.000000000000000000, 0.000000000000000000 ) ) ;
#518 = SURFACE_SIDE_STYLE ('',( #2203 ) ) ;
#519 = LINE ( 'NONE', #3360, #2052 ) ;
#520 = ORIENTED_EDGE ( 'NONE', *, *, #683, .T. ) ;
#521 = CARTESIAN_POINT ( 'NONE',  ( -0.7500000000000000000, 0.7250000000000000888, 0.02500000000000000139 ) ) ;
#522 = DIRECTION ( 'NONE',  ( 1.000000000000000000, 0.000000000000000000, 0.000000000000000000 ) ) ;
#523 = CARTESIAN_POINT ( 'NONE',  ( 0.05000000000000002359, -0.1000000000000000472, 0.2000000000000000389 ) ) ;
#524 = DIRECTION ( 'NONE',  ( -1.000000000000000000, 0.000000000000000000, 0.000000000000000000 ) ) ;
#525 = ORIENTED_EDGE ( 'NONE', *, *, #1390, .T. ) ;
#526 = PLANE ( 'NONE',  #2570 ) ;
#527 = SURFACE_STYLE_FILL_AREA ( #2180 ) ;
#528 = CARTESIAN_POINT ( 'NONE',  ( 0.05000000000000001665, 0.1000000000000000472, 0.000000000000000000 ) ) ;
#529 = PLANE ( 'NONE',  #369 ) ;
#530 = PLANE ( 'NONE',  #998 ) ;
#531 = CARTESIAN_POINT ( 'NONE',  ( 0.7500000000000000000, -0.1000000000000000472, 1.024621125123532206 ) ) ;
#532 = VECTOR ( 'NONE', #1051, 1000.000000000000000 ) ;
#533 = ADVANCED_FACE ( 'NONE', ( #2724 ), #3314, .F. ) ;
#534 =( GEOMETRIC_REPRESENTATION_CONTEXT ( 3 ) GLOBAL_UNCERTAINTY_ASSIGNED_CONTEXT ( ( #629 ) ) GLOBAL_UNIT_ASSIGNED_CONTEXT ( ( #2271, #3396, #2842 ) ) REPRESENTATION_CONTEXT ( 'NONE', 'WORKASPACE' ) );
#535 = DIRECTION ( 'NONE',  ( -1.000000000000000000, 0.000000000000000000, 0.000000000000000000 ) ) ;
#536 = ORIENTED_EDGE ( 'NONE', *, *, #491, .T. ) ;
#537 = EDGE_CURVE ( 'NONE', #211, #3036, #3490, .T. ) ;
#538 = UNCERTAINTY_MEASURE_WITH_UNIT (LENGTH_MEASURE( 1.000000000000000082E-05 ), #2284, 'distance_accuracy_value', 'NONE');
#539 = ORIENTED_EDGE ( 'NONE', *, *, #3604, .T. ) ;
#540 = SURFACE_SIDE_STYLE ('',( #223 ) ) ;
#541 = DIRECTION ( 'NONE',  ( -0.000000000000000000, -0.000000000000000000, -1.000000000000000000 ) ) ;
#542 = LINE ( 'NONE', #2707, #1654 ) ;
#543 =( NAMED_UNIT ( * ) PLANE_ANGLE_UNIT ( ) SI_UNIT ( $, .RADIAN. ) );
#544 = PRESENTATION_LAYER_ASSIGNMENT (  '', '', ( #2847 ) ) ;
#545 = DIRECTION ( 'NONE',  ( 0.000000000000000000, 0.000000000000000000, -1.000000000000000000 ) ) ;
#546 = ORIENTED_EDGE ( 'NONE', *, *, #3371, .F. ) ;
#547 = PRESENTATION_LAYER_ASSIGNMENT (  '', '', ( #1811 ) ) ;
#548 = DIRECTION ( 'NONE',  ( 0.000000000000000000, 0.000000000000000000, -1.000000000000000000 ) ) ;
#549 = SURFACE_STYLE_FILL_AREA ( #3025 ) ;
#550 = AXIS2_PLACEMENT_3D ( 'NONE', #329, #1444, #3077 ) ;
#551 =( GEOMETRIC_REPRESENTATION_CONTEXT ( 3 ) GLOBAL_UNCERTAINTY_ASSIGNED_CONTEXT ( ( #402 ) ) GLOBAL_UNIT_ASSIGNED_CONTEXT ( ( #2838, #2856, #2581 ) ) REPRESENTATION_CONTEXT ( 'NONE', 'WORKASPACE' ) );
#552 = FILL_AREA_STYLE_COLOUR ( '', #1970 ) ;
#553 = VECTOR ( 'NONE', #600, 1000.000000000000000 ) ;
#554 = MECHANICAL_DESIGN_GEOMETRIC_PRESENTATION_REPRESENTATION (  '', ( #844 ), #1200 ) ;
#555 = AXIS2_PLACEMENT_3D ( 'NONE', #2077, #2132, #230 ) ;
#556 = CIRCLE ( 'NONE', #2106, 0.1000000000000000472 ) ;
#557 = DIRECTION ( 'NONE',  ( -1.000000000000000000, 0.000000000000000000, 0.000000000000000000 ) ) ;
#558 =( GEOMETRIC_REPRESENTATION_CONTEXT ( 3 ) GLOBAL_UNCERTAINTY_ASSIGNED_CONTEXT ( ( #125 ) ) GLOBAL_UNIT_ASSIGNED_CONTEXT ( ( #1104, #1621, #20 ) ) REPRESENTATION_CONTEXT ( 'NONE', 'WORKASPACE' ) );
#559 = UNCERTAINTY_MEASURE_WITH_UNIT (LENGTH_MEASURE( 1.000000000000000082E-05 ), #3464, 'distance_accuracy_value', 'NONE');
#560 = MECHANICAL_DESIGN_GEOMETRIC_PRESENTATION_REPRESENTATION (  '', ( #727 ), #2809 ) ;
#561 = ORIENTED_EDGE ( 'NONE', *, *, #1918, .F. ) ;
#562 = FILL_AREA_STYLE ('',( #2425 ) ) ;
#563 = EDGE_CURVE ( 'NONE', #2526, #3201, #1671, .T. ) ;
#564 = CARTESIAN_POINT ( 'NONE',  ( 0.7500000000000000000, -0.6000000000000000888, 0.2000000000000000389 ) ) ;
#565 = SURFACE_SIDE_STYLE ('',( #580 ) ) ;
#566 = SURFACE_STYLE_FILL_AREA ( #2241 ) ;
#567 = ORIENTED_EDGE ( 'NONE', *, *, #1832, .T. ) ;
#568 = LINE ( 'NONE', #3561, #1034 ) ;
#569 = PRESENTATION_STYLE_ASSIGNMENT (( #1417 ) ) ;
#570 = FILL_AREA_STYLE_COLOUR ( '', #72 ) ;
#571 = CARTESIAN_POINT ( 'NONE',  ( -0.7500000000000000000, -0.6250000000000000000, 1.024621125123532206 ) ) ;
#572 = SURFACE_STYLE_FILL_AREA ( #842 ) ;
#573 = CARTESIAN_POINT ( 'NONE',  ( 0.7500000000000000000, 0.3999999999999999667, 0.2000000000000000389 ) ) ;
#574 = DIRECTION ( 'NONE',  ( 0.000000000000000000, -1.000000000000000000, 0.000000000000000000 ) ) ;
#575 = CARTESIAN_POINT ( 'NONE',  ( 0.7500000000000000000, -0.1000000000000000472, 0.2000000000000000944 ) ) ;
#576 =( NAMED_UNIT ( * ) SI_UNIT ( $, .STERADIAN. ) SOLID_ANGLE_UNIT ( ) );
#577 = ORIENTED_EDGE ( 'NONE', *, *, #704, .T. ) ;
#578 = LINE ( 'NONE', #775, #471 ) ;
#579 = DIRECTION ( 'NONE',  ( -0.000000000000000000, -0.000000000000000000, -1.000000000000000000 ) ) ;
#580 = SURFACE_STYLE_FILL_AREA ( #1387 ) ;
#581 = ADVANCED_FACE ( 'NONE', ( #1363 ), #503, .T. ) ;
#582 = EDGE_CURVE ( 'NONE', #3188, #1161, #167, .T. ) ;
#583 = ORIENTED_EDGE ( 'NONE', *, *, #2696, .T. ) ;
#584 = CARTESIAN_POINT ( 'NONE',  ( -0.7249999999999998668, -0.7250000000000000888, 0.9750000000000000888 ) ) ;
#585 = FACE_OUTER_BOUND ( 'NONE', #2152, .T. ) ;
#586 = EDGE_CURVE ( 'NONE', #1029, #2876, #2465, .T. ) ;
#587 = VERTEX_POINT ( 'NONE', #3334 ) ;
#588 = SURFACE_STYLE_FILL_AREA ( #1120 ) ;
#589 =( LENGTH_UNIT ( ) NAMED_UNIT ( * ) SI_UNIT ( .MILLI., .METRE. ) );
#590 = PRESENTATION_LAYER_ASSIGNMENT (  '', '', ( #229 ) ) ;
#591 = CYLINDRICAL_SURFACE ( 'NONE', #1021, 0.1000000000000000472 ) ;
#592 = LINE ( 'NONE', #883, #3605 ) ;
#593 = CARTESIAN_POINT ( 'NONE',  ( -0.7500000000000001110, 0.1250000000000000000, 1.024621125123532206 ) ) ;
#594 = SURFACE_STYLE_FILL_AREA ( #2188 ) ;
#595 = UNCERTAINTY_MEASURE_WITH_UNIT (LENGTH_MEASURE( 1.000000000000000082E-05 ), #3438, 'distance_accuracy_value', 'NONE');
#596 = VERTEX_POINT ( 'NONE', #1115 ) ;
#597 =( LENGTH_UNIT ( ) NAMED_UNIT ( * ) SI_UNIT ( .MILLI., .METRE. ) );
#598 = LINE ( 'NONE', #872, #489 ) ;
#599 = VECTOR ( 'NONE', #1019, 1000.000000000000000 ) ;
#600 = DIRECTION ( 'NONE',  ( -1.000000000000000000, -0.000000000000000000, -0.000000000000000000 ) ) ;
#601 = COLOUR_RGB ( '',0.7921568627450980005, 0.8196078431372548767, 0.9333333333333333481 ) ;
#602 = VERTEX_POINT ( 'NONE', #856 ) ;
#603 = LINE ( 'NONE', #971, #3515 ) ;
#604 = DIRECTION ( 'NONE',  ( -1.000000000000000000, 0.000000000000000000, -0.000000000000000000 ) ) ;
#605 = ADVANCED_FACE ( 'NONE', ( #1876 ), #2986, .T. ) ;
#606 = PLANE ( 'NONE',  #1707 ) ;
#607 = PRESENTATION_LAYER_ASSIGNMENT (  '', '', ( #2147 ) ) ;
#608 = ORIENTED_EDGE ( 'NONE', *, *, #1192, .F. ) ;
#609 = EDGE_CURVE ( 'NONE', #1773, #2577, #32, .T. ) ;
#610 = MECHANICAL_DESIGN_GEOMETRIC_PRESENTATION_REPRESENTATION (  '', ( #2500 ), #551 ) ;
#611 = CARTESIAN_POINT ( 'NONE',  ( -0.05000000000000002359, 0.5000000000000000000, 0.2000000000000000944 ) ) ;
#612 = SURFACE_STYLE_USAGE ( .BOTH. , #3607 ) ;
#613 = MECHANICAL_DESIGN_GEOMETRIC_PRESENTATION_REPRESENTATION (  '', ( #3206 ), #2975 ) ;
#614 = MECHANICAL_DESIGN_GEOMETRIC_PRESENTATION_REPRESENTATION (  '', ( #3198 ), #2272 ) ;
#615 = ORIENTED_EDGE ( 'NONE', *, *, #1343, .F. ) ;
#616 = SURFACE_STYLE_USAGE ( .BOTH. , #1171 ) ;
#617 = CARTESIAN_POINT ( 'NONE',  ( 0.7500000000000000000, -0.6000000000000000888, 0.02500000000000000139 ) ) ;
#618 =( NAMED_UNIT ( * ) PLANE_ANGLE_UNIT ( ) SI_UNIT ( $, .RADIAN. ) );
#619 = ORIENTED_EDGE ( 'NONE', *, *, #851, .F. ) ;
#620 = FACE_OUTER_BOUND ( 'NONE', #326, .T. ) ;
#621 = CYLINDRICAL_SURFACE ( 'NONE', #3502, 0.1000000000000000472 ) ;
#622 = LINE ( 'NONE', #1726, #3498 ) ;
#623 = COLOUR_RGB ( '',0.2862745098039215508, 0.2862745098039215508, 0.2862745098039215508 ) ;
#624 = ORIENTED_EDGE ( 'NONE', *, *, #1535, .T. ) ;
#625 = SURFACE_STYLE_USAGE ( .BOTH. , #3342 ) ;
#626 = FACE_OUTER_BOUND ( 'NONE', #144, .T. ) ;
#627 = EDGE_CURVE ( 'NONE', #596, #3372, #3363, .T. ) ;
#628 = EDGE_CURVE ( 'NONE', #1794, #3000, #3611, .T. ) ;
#629 = UNCERTAINTY_MEASURE_WITH_UNIT (LENGTH_MEASURE( 1.000000000000000082E-05 ), #2271, 'distance_accuracy_value', 'NONE');
#630 = FILL_AREA_STYLE_COLOUR ( '', #905 ) ;
#631 = CARTESIAN_POINT ( 'NONE',  ( 0.7250000000000000888, 0.7500000000000000000, 1.000000000000000000 ) ) ;
#632 = ORIENTED_EDGE ( 'NONE', *, *, #2853, .T. ) ;
#633 =( NAMED_UNIT ( * ) SI_UNIT ( $, .STERADIAN. ) SOLID_ANGLE_UNIT ( ) );
#634 = CARTESIAN_POINT ( 'NONE',  ( -0.4750000000000000333, -0.1250000000000000000, 0.2000000000000000389 ) ) ;
#635 = ORIENTED_EDGE ( 'NONE', *, *, #2266, .T. ) ;
#636 =( NAMED_UNIT ( * ) PLANE_ANGLE_UNIT ( ) SI_UNIT ( $, .RADIAN. ) );
#637 = LINE ( 'NONE', #2584, #2302 ) ;
#638 = SURFACE_STYLE_USAGE ( .BOTH. , #3099 ) ;
#639 = CARTESIAN_POINT ( 'NONE',  ( 0.7500000000000000000, 0.3999999999999999667, 0.2000000000000000389 ) ) ;
#640 = PRESENTATION_STYLE_ASSIGNMENT (( #3359 ) ) ;
#641 = AXIS2_PLACEMENT_3D ( 'NONE', #1479, #3183, #3155 ) ;
#642 = ORIENTED_EDGE ( 'NONE', *, *, #1273, .F. ) ;
#643 = DIRECTION ( 'NONE',  ( 1.000000000000000000, -0.000000000000000000, -0.000000000000000000 ) ) ;
#644 = ADVANCED_FACE ( 'NONE', ( #2504 ), #3422, .F. ) ;
#645 = DIRECTION ( 'NONE',  ( 1.000000000000000000, 0.000000000000000000, 0.000000000000000000 ) ) ;
#646 = AXIS2_PLACEMENT_3D ( 'NONE', #786, #231, #1352 ) ;
#647 =( NAMED_UNIT ( * ) PLANE_ANGLE_UNIT ( ) SI_UNIT ( $, .RADIAN. ) );
#648 = LINE ( 'NONE', #2002, #1983 ) ;
#649 = SURFACE_SIDE_STYLE ('',( #950 ) ) ;
#650 = ORIENTED_EDGE ( 'NONE', *, *, #463, .F. ) ;
#651 = SURFACE_STYLE_USAGE ( .BOTH. , #82 ) ;
#652 = CIRCLE ( 'NONE', #1528, 0.02499999999999995628 ) ;
#653 = AXIS2_PLACEMENT_3D ( 'NONE', #1213, #3114, #1527 ) ;
#654 = SURFACE_STYLE_USAGE ( .BOTH. , #3134 ) ;
#655 = DIRECTION ( 'NONE',  ( -1.000000000000000000, 0.000000000000000000, 0.000000000000000000 ) ) ;
#656 = CARTESIAN_POINT ( 'NONE',  ( 0.7500000000000000000, 0.7500000000000000000, 1.000000000000000000 ) ) ;
#657 = LINE ( 'NONE', #1201, #197 ) ;
#658 = AXIS2_PLACEMENT_3D ( 'NONE', #2467, #2777, #1630 ) ;
#659 = ORIENTED_EDGE ( 'NONE', *, *, #1326, .T. ) ;
#660 = UNCERTAINTY_MEASURE_WITH_UNIT (LENGTH_MEASURE( 1.000000000000000082E-05 ), #1552, 'distance_accuracy_value', 'NONE');
#661 = ORIENTED_EDGE ( 'NONE', *, *, #3371, .T. ) ;
#662 = COLOUR_RGB ( '',0.7921568627450980005, 0.8196078431372548767, 0.9333333333333333481 ) ;
#663 = EDGE_CURVE ( 'NONE', #2294, #3389, #3383, .T. ) ;
#664 = ADVANCED_FACE ( 'NONE', ( #366 ), #910, .T. ) ;
#665 = ORIENTED_EDGE ( 'NONE', *, *, #922, .T. ) ;
#666 = DIRECTION ( 'NONE',  ( 0.000000000000000000, 0.000000000000000000, 1.000000000000000000 ) ) ;
#667 = LINE ( 'NONE', #2315, #2560 ) ;
#668 =( LENGTH_UNIT ( ) NAMED_UNIT ( * ) SI_UNIT ( .MILLI., .METRE. ) );
#669 = VECTOR ( 'NONE', #1898, 1000.000000000000000 ) ;
#670 = ORIENTED_EDGE ( 'NONE', *, *, #586, .T. ) ;
#671 = CARTESIAN_POINT ( 'NONE',  ( -0.7500000000000001110, 0.3750000000000000000, 0.2000000000000000944 ) ) ;
#672 =( GEOMETRIC_REPRESENTATION_CONTEXT ( 3 ) GLOBAL_UNCERTAINTY_ASSIGNED_CONTEXT ( ( #2125 ) ) GLOBAL_UNIT_ASSIGNED_CONTEXT ( ( #913, #348, #372 ) ) REPRESENTATION_CONTEXT ( 'NONE', 'WORKASPACE' ) );
#673 =( LENGTH_UNIT ( ) NAMED_UNIT ( * ) SI_UNIT ( .MILLI., .METRE. ) );
#674 = SURFACE_STYLE_FILL_AREA ( #2571 ) ;
#675 = FACE_OUTER_BOUND ( 'NONE', #1088, .T. ) ;
#676 = FACE_OUTER_BOUND ( 'NONE', #1361, .T. ) ;
#677 = ADVANCED_BREP_SHAPE_REPRESENTATION ( 'TPS62824DMQR', ( #1951, #841, #2013, #866, #1991, #880, #2069, #1935, #2814 ), #3221 ) ;
#678 = ORIENTED_EDGE ( 'NONE', *, *, #1170, .F. ) ;
#679 = ORIENTED_EDGE ( 'NONE', *, *, #1750, .F. ) ;
#680 = DIRECTION ( 'NONE',  ( 0.000000000000000000, -0.000000000000000000, 1.000000000000000000 ) ) ;
#681 = ORIENTED_EDGE ( 'NONE', *, *, #582, .T. ) ;
#682 = DIRECTION ( 'NONE',  ( 0.000000000000000000, 0.000000000000000000, -1.000000000000000000 ) ) ;
#683 = EDGE_CURVE ( 'NONE', #741, #3571, #2548, .T. ) ;
#684 = EDGE_LOOP ( 'NONE', ( #3588, #3014, #3215, #425 ) ) ;
#685 = CARTESIAN_POINT ( 'NONE',  ( -0.7250000000000000888, 0.7250000000000000888, 0.9750000000000000888 ) ) ;
#686 = EDGE_CURVE ( 'NONE', #2137, #1103, #3430, .T. ) ;
#687 = FILL_AREA_STYLE_COLOUR ( '', #2602 ) ;
#688 = CARTESIAN_POINT ( 'NONE',  ( 0.05000000000000002359, 0.5000000000000000000, 0.2000000000000000944 ) ) ;
#689 = CARTESIAN_POINT ( 'NONE',  ( -0.7499999999999998890, 0.1250000000000000000, 0.02500000000000000139 ) ) ;
#690 = FILL_AREA_STYLE_COLOUR ( '', #1410 ) ;
#691 = ORIENTED_EDGE ( 'NONE', *, *, #3303, .T. ) ;
#692 = ORIENTED_EDGE ( 'NONE', *, *, #2337, .F. ) ;
#693 = FACE_OUTER_BOUND ( 'NONE', #987, .T. ) ;
#694 = VECTOR ( 'NONE', #557, 1000.000000000000000 ) ;
#695 = PRESENTATION_STYLE_ASSIGNMENT (( #406 ) ) ;
#696 = ORIENTED_EDGE ( 'NONE', *, *, #3347, .F. ) ;
#697 = CARTESIAN_POINT ( 'NONE',  ( 0.7500000000000000000, 0.7250000000000000888, 0.02500000000000000139 ) ) ;
#698 = CIRCLE ( 'NONE', #1063, 0.1000000000000000472 ) ;
#699 = ORIENTED_EDGE ( 'NONE', *, *, #397, .T. ) ;
#700 = DIRECTION ( 'NONE',  ( 0.000000000000000000, 0.000000000000000000, -1.000000000000000000 ) ) ;
#701 = DIRECTION ( 'NONE',  ( 0.000000000000000000, 1.000000000000000000, 0.000000000000000000 ) ) ;
#702 = AXIS2_PLACEMENT_3D ( 'NONE', #1539, #2869, #2387 ) ;
#703 = DIRECTION ( 'NONE',  ( 0.000000000000000000, 0.000000000000000000, 1.000000000000000000 ) ) ;
#704 = EDGE_CURVE ( 'NONE', #3036, #2350, #421, .T. ) ;
#705 = PLANE ( 'NONE',  #2845 ) ;
#706 =( NAMED_UNIT ( * ) SI_UNIT ( $, .STERADIAN. ) SOLID_ANGLE_UNIT ( ) );
#707 = PRESENTATION_LAYER_ASSIGNMENT (  '', '', ( #1075 ) ) ;
#708 = ORIENTED_EDGE ( 'NONE', *, *, #3071, .T. ) ;
#709 = VECTOR ( 'NONE', #1973, 1000.000000000000000 ) ;
#710 = FILL_AREA_STYLE ('',( #2082 ) ) ;
#711 = CARTESIAN_POINT ( 'NONE',  ( -0.4749999999999999778, -0.6250000000000000000, 0.000000000000000000 ) ) ;
#712 = AXIS2_PLACEMENT_3D ( 'NONE', #2370, #1027, #1003 ) ;
#713 = MECHANICAL_DESIGN_GEOMETRIC_PRESENTATION_REPRESENTATION (  '', ( #484 ), #1197 ) ;
#714 = DIRECTION ( 'NONE',  ( -1.000000000000000000, 0.000000000000000000, 0.000000000000000000 ) ) ;
#715 = ORIENTED_EDGE ( 'NONE', *, *, #2538, .F. ) ;
#716 = CARTESIAN_POINT ( 'NONE',  ( -0.7249999999999998668, -0.7250000000000000888, 0.02499999999999995628 ) ) ;
#717 =( NAMED_UNIT ( * ) PLANE_ANGLE_UNIT ( ) SI_UNIT ( $, .RADIAN. ) );
#718 = PRESENTATION_LAYER_ASSIGNMENT (  '', '', ( #844 ) ) ;
#719 = SURFACE_STYLE_USAGE ( .BOTH. , #2671 ) ;
#720 = FILL_AREA_STYLE_COLOUR ( '', #3453 ) ;
#721 =( GEOMETRIC_REPRESENTATION_CONTEXT ( 3 ) GLOBAL_UNCERTAINTY_ASSIGNED_CONTEXT ( ( #2666 ) ) GLOBAL_UNIT_ASSIGNED_CONTEXT ( ( #2045, #2379, #1827 ) ) REPRESENTATION_CONTEXT ( 'NONE', 'WORKASPACE' ) );
#722 = COLOUR_RGB ( '',0.8431372549019607865, 0.8431372549019607865, 0.8431372549019607865 ) ;
#723 = EDGE_LOOP ( 'NONE', ( #2900, #1795, #2041, #2819, #2206, #2716, #3362, #278, #516, #2431, #2397, #3581, #1554, #790, #3151, #2385, #3516, #1268, #546, #1700, #1844, #1604, #1905, #1925, #2947, #2172, #983, #112, #1237, #2868, #650, #1722, #816, #715, #393 ) ) ;
#724 = FACE_OUTER_BOUND ( 'NONE', #2761, .T. ) ;
#725 = DIRECTION ( 'NONE',  ( 0.000000000000000000, -0.000000000000000000, -1.000000000000000000 ) ) ;
#726 = VECTOR ( 'NONE', #2768, 1000.000000000000000 ) ;
#727 = STYLED_ITEM ( 'NONE', ( #1239 ), #3286 ) ;
#728 = DIRECTION ( 'NONE',  ( 1.000000000000000000, -0.000000000000000000, 4.336808689942024836E-15 ) ) ;
#729 = FACE_OUTER_BOUND ( 'NONE', #2179, .T. ) ;
#730 = EDGE_CURVE ( 'NONE', #2193, #596, #2624, .T. ) ;
#731 = ADVANCED_FACE ( 'NONE', ( #156 ), #176, .T. ) ;
#732 = VERTEX_POINT ( 'NONE', #1042 ) ;
#733 = ORIENTED_EDGE ( 'NONE', *, *, #3097, .T. ) ;
#734 = FACE_OUTER_BOUND ( 'NONE', #2641, .T. ) ;
#735 = EDGE_CURVE ( 'NONE', #2551, #1058, #3475, .T. ) ;
#736 = CYLINDRICAL_SURFACE ( 'NONE', #3521, 0.08749999999999995282 ) ;
#737 = UNCERTAINTY_MEASURE_WITH_UNIT (LENGTH_MEASURE( 1.000000000000000082E-05 ), #2217, 'distance_accuracy_value', 'NONE');
#738 = ORIENTED_EDGE ( 'NONE', *, *, #2644, .T. ) ;
#739 = PLANE ( 'NONE',  #1408 ) ;
#740 = CARTESIAN_POINT ( 'NONE',  ( 0.05000000000000002359, -0.1000000000000000472, 0.000000000000000000 ) ) ;
#741 = VERTEX_POINT ( 'NONE', #1234 ) ;
#742 = FILL_AREA_STYLE_COLOUR ( '', #2497 ) ;
#743 =( LENGTH_UNIT ( ) NAMED_UNIT ( * ) SI_UNIT ( .MILLI., .METRE. ) );
#744 =( NAMED_UNIT ( * ) PLANE_ANGLE_UNIT ( ) SI_UNIT ( $, .RADIAN. ) );
#745 = DIRECTION ( 'NONE',  ( -0.000000000000000000, 0.000000000000000000, -1.000000000000000000 ) ) ;
#746 = DIRECTION ( 'NONE',  ( 4.336808689942025625E-15, 0.000000000000000000, -1.000000000000000000 ) ) ;
#747 = ORIENTED_EDGE ( 'NONE', *, *, #8, .T. ) ;
#748 = ORIENTED_EDGE ( 'NONE', *, *, #512, .F. ) ;
#749 = EDGE_CURVE ( 'NONE', #2846, #2235, #964, .T. ) ;
#750 =( NAMED_UNIT ( * ) SI_UNIT ( $, .STERADIAN. ) SOLID_ANGLE_UNIT ( ) );
#751 = CARTESIAN_POINT ( 'NONE',  ( 0.05000000000000002359, 0.000000000000000000, 0.2000000000000000944 ) ) ;
#752 = DIRECTION ( 'NONE',  ( -0.000000000000000000, 0.000000000000000000, -1.000000000000000000 ) ) ;
#753 = UNCERTAINTY_MEASURE_WITH_UNIT (LENGTH_MEASURE( 1.000000000000000082E-05 ), #2461, 'distance_accuracy_value', 'NONE');
#754 = EDGE_LOOP ( 'NONE', ( #897, #1183, #453, #3073 ) ) ;
#755 = CARTESIAN_POINT ( 'NONE',  ( -0.4750000000000000333, 0.1250000000000000000, 0.2000000000000000944 ) ) ;
#756 = ADVANCED_FACE ( 'NONE', ( #693 ), #2902, .T. ) ;
#757 =( LENGTH_UNIT ( ) NAMED_UNIT ( * ) SI_UNIT ( .MILLI., .METRE. ) );
#758 = DIRECTION ( 'NONE',  ( -0.000000000000000000, -0.000000000000000000, -1.000000000000000000 ) ) ;
#759 = CARTESIAN_POINT ( 'NONE',  ( -0.4749999999999999778, -0.6250000000000000000, 0.02500000000000000139 ) ) ;
#760 = ORIENTED_EDGE ( 'NONE', *, *, #2697, .T. ) ;
#761 = AXIS2_PLACEMENT_3D ( 'NONE', #3135, #2342, #655 ) ;
#762 = LINE ( 'NONE', #2967, #2750 ) ;
#763 = CARTESIAN_POINT ( 'NONE',  ( 0.7500000000000000000, -0.6000000000000000888, 0.2000000000000000389 ) ) ;
#764 = STYLED_ITEM ( 'NONE', ( #1686 ), #605 ) ;
#765 = CARTESIAN_POINT ( 'NONE',  ( -0.7500000000000000000, -0.3750000000000000000, 0.02500000000000000139 ) ) ;
#766 = CARTESIAN_POINT ( 'NONE',  ( 0.7500000000000000000, 0.3999999999999999667, 0.2000000000000000389 ) ) ;
#767 = VECTOR ( 'NONE', #3189, 1000.000000000000000 ) ;
#768 = MECHANICAL_DESIGN_GEOMETRIC_PRESENTATION_REPRESENTATION (  '', ( #951 ), #2957 ) ;
#769 = ORIENTED_EDGE ( 'NONE', *, *, #371, .T. ) ;
#770 = ORIENTED_EDGE ( 'NONE', *, *, #2963, .T. ) ;
#771 =( NAMED_UNIT ( * ) PLANE_ANGLE_UNIT ( ) SI_UNIT ( $, .RADIAN. ) );
#772 = FACE_OUTER_BOUND ( 'NONE', #976, .T. ) ;
#773 = PRESENTATION_LAYER_ASSIGNMENT (  '', '', ( #957 ) ) ;
#774 = ORIENTED_EDGE ( 'NONE', *, *, #2538, .T. ) ;
#775 = CARTESIAN_POINT ( 'NONE',  ( -0.7500000000000000000, -0.3750000000000000000, 0.000000000000000000 ) ) ;
#776 = SURFACE_SIDE_STYLE ('',( #208 ) ) ;
#777 = DIRECTION ( 'NONE',  ( 0.000000000000000000, 0.000000000000000000, -1.000000000000000000 ) ) ;
#778 = MECHANICAL_DESIGN_GEOMETRIC_PRESENTATION_REPRESENTATION (  '', ( #3038 ), #1531 ) ;
#779 = VECTOR ( 'NONE', #797, 1000.000000000000000 ) ;
#780 = EDGE_CURVE ( 'NONE', #2549, #1448, #1295, .T. ) ;
#781 = LINE ( 'NONE', #1879, #2111 ) ;
#782 = ADVANCED_FACE ( 'NONE', ( #2718 ), #2702, .T. ) ;
#783 = ORIENTED_EDGE ( 'NONE', *, *, #2007, .F. ) ;
#784 = DIRECTION ( 'NONE',  ( -0.000000000000000000, 0.000000000000000000, -1.000000000000000000 ) ) ;
#785 = FACE_OUTER_BOUND ( 'NONE', #1985, .T. ) ;
#786 = CARTESIAN_POINT ( 'NONE',  ( 0.7250000000000000888, 0.7250000000000000888, 0.9750000000000000888 ) ) ;
#787 = MECHANICAL_DESIGN_GEOMETRIC_PRESENTATION_REPRESENTATION (  '', ( #77 ), #558 ) ;
#788 = DIRECTION ( 'NONE',  ( -0.000000000000000000, -0.000000000000000000, -1.000000000000000000 ) ) ;
#789 = EDGE_LOOP ( 'NONE', ( #2939, #447, #2231, #1670 ) ) ;
#790 = ORIENTED_EDGE ( 'NONE', *, *, #238, .F. ) ;
#791 = CARTESIAN_POINT ( 'NONE',  ( 0.05000000000000002359, 0.000000000000000000, 1.024621125123532206 ) ) ;
#792 = COLOUR_RGB ( '',0.8431372549019607865, 0.8431372549019607865, 0.8431372549019607865 ) ;
#793 =( LENGTH_UNIT ( ) NAMED_UNIT ( * ) SI_UNIT ( .MILLI., .METRE. ) );
#794 = SURFACE_SIDE_STYLE ('',( #203 ) ) ;
#795 = ORIENTED_EDGE ( 'NONE', *, *, #1960, .F. ) ;
#796 = DIRECTION ( 'NONE',  ( 1.000000000000000000, 0.000000000000000000, -0.000000000000000000 ) ) ;
#797 = DIRECTION ( 'NONE',  ( -0.000000000000000000, -0.000000000000000000, -1.000000000000000000 ) ) ;
#798 = SURFACE_STYLE_FILL_AREA ( #320 ) ;
#799 = LINE ( 'NONE', #2989, #669 ) ;
#800 = ORIENTED_EDGE ( 'NONE', *, *, #609, .F. ) ;
#801 = CARTESIAN_POINT ( 'NONE',  ( -0.7500000000000000000, -0.6250000000000000000, 0.2000000000000000389 ) ) ;
#802 =( NAMED_UNIT ( * ) SI_UNIT ( $, .STERADIAN. ) SOLID_ANGLE_UNIT ( ) );
#803 = EDGE_CURVE ( 'NONE', #1694, #3425, #1110, .T. ) ;
#804 = LINE ( 'NONE', #153, #2735 ) ;
#805 = SURFACE_STYLE_USAGE ( .BOTH. , #3288 ) ;
#806 = DIRECTION ( 'NONE',  ( 0.000000000000000000, -0.000000000000000000, 1.000000000000000000 ) ) ;
#807 = EDGE_CURVE ( 'NONE', #2366, #2934, #1917, .T. ) ;
#808 = VERTEX_POINT ( 'NONE', #1846 ) ;
#809 = DIRECTION ( 'NONE',  ( -1.000000000000000000, 0.000000000000000000, 0.000000000000000000 ) ) ;
#810 = PRESENTATION_STYLE_ASSIGNMENT (( #3293 ) ) ;
#811 = ORIENTED_EDGE ( 'NONE', *, *, #2376, .F. ) ;
#812 = LINE ( 'NONE', #502, #3133 ) ;
#813 =( NAMED_UNIT ( * ) PLANE_ANGLE_UNIT ( ) SI_UNIT ( $, .RADIAN. ) );
#814 = CARTESIAN_POINT ( 'NONE',  ( 0.7500000000000000000, -0.3999999999999999667, 1.024621125123532206 ) ) ;
#815 = FILL_AREA_STYLE ('',( #3298 ) ) ;
#816 = ORIENTED_EDGE ( 'NONE', *, *, #941, .F. ) ;
#817 = LINE ( 'NONE', #1689, #3327 ) ;
#818 = CIRCLE ( 'NONE', #2717, 0.1000000000000000472 ) ;
#819 = LINE ( 'NONE', #1914, #358 ) ;
#820 = FACE_OUTER_BOUND ( 'NONE', #2906, .T. ) ;
#821 = AXIS2_PLACEMENT_3D ( 'NONE', #1337, #2148, #1623 ) ;
#822 = EDGE_CURVE ( 'NONE', #3395, #15, #2954, .T. ) ;
#823 = VECTOR ( 'NONE', #1779, 1000.000000000000000 ) ;
#824 = PLANE ( 'NONE',  #1090 ) ;
#825 = ORIENTED_EDGE ( 'NONE', *, *, #870, .F. ) ;
#826 = SURFACE_STYLE_FILL_AREA ( #2460 ) ;
#827 = COLOUR_RGB ( '',0.2862745098039215508, 0.2862745098039215508, 0.2862745098039215508 ) ;
#828 = UNCERTAINTY_MEASURE_WITH_UNIT (LENGTH_MEASURE( 1.000000000000000082E-05 ), #2508, 'distance_accuracy_value', 'NONE');
#829 = ORIENTED_EDGE ( 'NONE', *, *, #7, .T. ) ;
#830 = COLOUR_RGB ( '',0.8431372549019607865, 0.8431372549019607865, 0.8431372549019607865 ) ;
#831 =( NAMED_UNIT ( * ) SI_UNIT ( $, .STERADIAN. ) SOLID_ANGLE_UNIT ( ) );
#832 = DIRECTION ( 'NONE',  ( 0.000000000000000000, 0.000000000000000000, 1.000000000000000000 ) ) ;
#833 =( NAMED_UNIT ( * ) PLANE_ANGLE_UNIT ( ) SI_UNIT ( $, .RADIAN. ) );
#834 = VECTOR ( 'NONE', #1013, 1000.000000000000000 ) ;
#835 = ORIENTED_EDGE ( 'NONE', *, *, #1008, .T. ) ;
#836 = VECTOR ( 'NONE', #777, 1000.000000000000000 ) ;
#837 = VECTOR ( 'NONE', #701, 1000.000000000000000 ) ;
#838 = SURFACE_STYLE_FILL_AREA ( #1229 ) ;
#839 = VECTOR ( 'NONE', #3236, 1000.000000000000000 ) ;
#840 =( NAMED_UNIT ( * ) SI_UNIT ( $, .STERADIAN. ) SOLID_ANGLE_UNIT ( ) );
#841 = MANIFOLD_SOLID_BREP ( 'Boss-Extrude2[2]', #1118 ) ;
#842 = FILL_AREA_STYLE ('',( #2198 ) ) ;
#843 = MECHANICAL_DESIGN_GEOMETRIC_PRESENTATION_REPRESENTATION (  '', ( #316 ), #1254 ) ;
#844 = STYLED_ITEM ( 'NONE', ( #3404 ), #1903 ) ;
#845 = VECTOR ( 'NONE', #2060, 1000.000000000000000 ) ;
#846 = AXIS2_PLACEMENT_3D ( 'NONE', #1941, #3117, #2865 ) ;
#847 = FILL_AREA_STYLE ('',( #3343 ) ) ;
#848 =( NAMED_UNIT ( * ) PLANE_ANGLE_UNIT ( ) SI_UNIT ( $, .RADIAN. ) );
#849 = DIRECTION ( 'NONE',  ( -0.000000000000000000, 0.000000000000000000, -1.000000000000000000 ) ) ;
#850 = EDGE_CURVE ( 'NONE', #3372, #2339, #1301, .T. ) ;
#851 = EDGE_CURVE ( 'NONE', #50, #2137, #1281, .T. ) ;
#852 = UNCERTAINTY_MEASURE_WITH_UNIT (LENGTH_MEASURE( 1.000000000000000082E-05 ), #597, 'distance_accuracy_value', 'NONE');
#853 = MECHANICAL_DESIGN_GEOMETRIC_PRESENTATION_REPRESENTATION (  '', ( #1548 ), #2395 ) ;
#854 = ORIENTED_EDGE ( 'NONE', *, *, #1960, .T. ) ;
#855 = CARTESIAN_POINT ( 'NONE',  ( 0.7250000000000001998, 0.7500000000000000000, 1.000000000000000000 ) ) ;
#856 = CARTESIAN_POINT ( 'NONE',  ( -0.7500000000000000000, -0.3750000000000000000, 0.000000000000000000 ) ) ;
#857 = ADVANCED_FACE ( 'NONE', ( #1009 ), #2636, .T. ) ;
#858 = LINE ( 'NONE', #2229, #1709 ) ;
#859 = PRESENTATION_LAYER_ASSIGNMENT (  '', '', ( #1265 ) ) ;
#860 = ORIENTED_EDGE ( 'NONE', *, *, #2304, .T. ) ;
#861 = PLANE ( 'NONE',  #1768 ) ;
#862 = CARTESIAN_POINT ( 'NONE',  ( -0.4750000000000000333, 0.000000000000000000, 1.024621125123532206 ) ) ;
#863 =( NAMED_UNIT ( * ) SI_UNIT ( $, .STERADIAN. ) SOLID_ANGLE_UNIT ( ) );
#864 = VERTEX_POINT ( 'NONE', #2355 ) ;
#865 = DIRECTION ( 'NONE',  ( 0.000000000000000000, 0.000000000000000000, 1.000000000000000000 ) ) ;
#866 = MANIFOLD_SOLID_BREP ( 'Boss-Extrude2[4]', #3011 ) ;
#867 =( NAMED_UNIT ( * ) PLANE_ANGLE_UNIT ( ) SI_UNIT ( $, .RADIAN. ) );
#868 =( LENGTH_UNIT ( ) NAMED_UNIT ( * ) SI_UNIT ( .MILLI., .METRE. ) );
#869 = ORIENTED_EDGE ( 'NONE', *, *, #965, .F. ) ;
#870 = EDGE_CURVE ( 'NONE', #3411, #3338, #2336, .T. ) ;
#871 = ORIENTED_EDGE ( 'NONE', *, *, #3604, .F. ) ;
#872 = CARTESIAN_POINT ( 'NONE',  ( 0.7500000000000000000, 0.7500000000000000000, 0.02500000000000000139 ) ) ;
#873 = DIRECTION ( 'NONE',  ( 0.000000000000000000, -0.000000000000000000, 1.000000000000000000 ) ) ;
#874 = EDGE_CURVE ( 'NONE', #1103, #2424, #1542, .T. ) ;
#875 = ORIENTED_EDGE ( 'NONE', *, *, #627, .F. ) ;
#876 = SURFACE_STYLE_FILL_AREA ( #3352 ) ;
#877 = PRESENTATION_STYLE_ASSIGNMENT (( #2195 ) ) ;
#878 = VERTEX_POINT ( 'NONE', #2890 ) ;
#879 = CARTESIAN_POINT ( 'NONE',  ( 0.7500000000000000000, 0.6000000000000000888, 0.2000000000000000389 ) ) ;
#880 = MANIFOLD_SOLID_BREP ( 'Boss-Extrude2[6]', #3122 ) ;
#881 = CLOSED_SHELL ( 'NONE', ( #972, #3578, #731, #2874, #1253, #3304 ) ) ;
#882 = DIRECTION ( 'NONE',  ( 1.000000000000000000, 0.000000000000000000, -0.000000000000000000 ) ) ;
#883 = CARTESIAN_POINT ( 'NONE',  ( -0.4750000000000000333, -0.1250000000000000000, 0.2000000000000000389 ) ) ;
#884 = COLOUR_RGB ( '',0.8431372549019607865, 0.8431372549019607865, 0.8431372549019607865 ) ;
#885 = PRESENTATION_LAYER_ASSIGNMENT (  '', '', ( #945 ) ) ;
#886 = UNCERTAINTY_MEASURE_WITH_UNIT (LENGTH_MEASURE( 1.000000000000000082E-05 ), #1357, 'distance_accuracy_value', 'NONE');
#887 = VERTEX_POINT ( 'NONE', #3195 ) ;
#888 = CARTESIAN_POINT ( 'NONE',  ( 0.05000000000000002359, 0.3999999999999999667, 0.02500000000000000139 ) ) ;
#889 = VECTOR ( 'NONE', #3104, 1000.000000000000000 ) ;
#890 = DIRECTION ( 'NONE',  ( 0.000000000000000000, -0.000000000000000000, -1.000000000000000000 ) ) ;
#891 =( GEOMETRIC_REPRESENTATION_CONTEXT ( 3 ) GLOBAL_UNCERTAINTY_ASSIGNED_CONTEXT ( ( #2308 ) ) GLOBAL_UNIT_ASSIGNED_CONTEXT ( ( #743, #3226, #1841 ) ) REPRESENTATION_CONTEXT ( 'NONE', 'WORKASPACE' ) );
#892 = EDGE_LOOP ( 'NONE', ( #363, #2830, #158, #2372 ) ) ;
#893 = FACE_OUTER_BOUND ( 'NONE', #3276, .T. ) ;
#894 = AXIS2_PLACEMENT_3D ( 'NONE', #1164, #2237, #97 ) ;
#895 = EDGE_CURVE ( 'NONE', #2424, #3128, #3253, .T. ) ;
#896 = EDGE_CURVE ( 'NONE', #94, #3442, #3234, .T. ) ;
#897 = ORIENTED_EDGE ( 'NONE', *, *, #2764, .T. ) ;
#898 = CARTESIAN_POINT ( 'NONE',  ( 0.7500000000000000000, 0.6000000000000000888, 0.000000000000000000 ) ) ;
#899 = LINE ( 'NONE', #2757, #1244 ) ;
#900 = CIRCLE ( 'NONE', #712, 0.02499999999999995628 ) ;
#901 = VECTOR ( 'NONE', #579, 1000.000000000000000 ) ;
#902 = CARTESIAN_POINT ( 'NONE',  ( -0.7249999999999998668, -0.7250000000000000888, 0.9750000000000000888 ) ) ;
#903 = SURFACE_STYLE_FILL_AREA ( #2826 ) ;
#904 = AXIS2_PLACEMENT_3D ( 'NONE', #1102, #3052, #297 ) ;
#905 = COLOUR_RGB ( '',0.8431372549019607865, 0.8431372549019607865, 0.8431372549019607865 ) ;
#906 = DIRECTION ( 'NONE',  ( 0.000000000000000000, -0.000000000000000000, -1.000000000000000000 ) ) ;
#907 = CIRCLE ( 'NONE', #3511, 0.08749999999999995282 ) ;
#908 = PRESENTATION_LAYER_ASSIGNMENT (  '', '', ( #493 ) ) ;
#909 = ORIENTED_EDGE ( 'NONE', *, *, #2603, .T. ) ;
#910 = CYLINDRICAL_SURFACE ( 'NONE', #702, 0.1000000000000000472 ) ;
#911 = CARTESIAN_POINT ( 'NONE',  ( -0.7500000000000001110, -0.1250000000000000000, 0.02500000000000000139 ) ) ;
#912 = FILL_AREA_STYLE_COLOUR ( '', #2617 ) ;
#913 =( LENGTH_UNIT ( ) NAMED_UNIT ( * ) SI_UNIT ( .MILLI., .METRE. ) );
#914 = VERTEX_POINT ( 'NONE', #480 ) ;
#915 = DIRECTION ( 'NONE',  ( -1.000000000000000000, 0.000000000000000000, 0.000000000000000000 ) ) ;
#916 = LINE ( 'NONE', #3166, #362 ) ;
#917 = AXIS2_PLACEMENT_3D ( 'NONE', #2998, #477, #1818 ) ;
#918 = VERTEX_POINT ( 'NONE', #697 ) ;
#919 = DIRECTION ( 'NONE',  ( 0.000000000000000000, 0.000000000000000000, 1.000000000000000000 ) ) ;
#920 = EDGE_CURVE ( 'NONE', #2577, #2700, #1799, .T. ) ;
#921 = DIRECTION ( 'NONE',  ( -1.000000000000000000, -0.000000000000000000, -0.000000000000000000 ) ) ;
#922 = EDGE_CURVE ( 'NONE', #2854, #2469, #1576, .T. ) ;
#923 = FILL_AREA_STYLE_COLOUR ( '', #1403 ) ;
#924 = CARTESIAN_POINT ( 'NONE',  ( 0.05000000000000002359, 0.5000000000000000000, 0.000000000000000000 ) ) ;
#925 = CARTESIAN_POINT ( 'NONE',  ( 0.05000000000000002359, -0.5000000000000000000, 0.02500000000000000139 ) ) ;
#926 = UNCERTAINTY_MEASURE_WITH_UNIT (LENGTH_MEASURE( 1.000000000000000082E-05 ), #793, 'distance_accuracy_value', 'NONE');
#927 = ORIENTED_EDGE ( 'NONE', *, *, #239, .T. ) ;
#928 = PRESENTATION_STYLE_ASSIGNMENT (( #3403 ) ) ;
#929 = CARTESIAN_POINT ( 'NONE',  ( 0.05000000000000002359, -0.6000000000000000888, 0.02500000000000000139 ) ) ;
#930 = CARTESIAN_POINT ( 'NONE',  ( -0.4750000000000000333, 0.000000000000000000, 0.000000000000000000 ) ) ;
#931 = DIRECTION ( 'NONE',  ( -1.445602896647338917E-16, 1.000000000000000000, 0.000000000000000000 ) ) ;
#932 = FILL_AREA_STYLE ('',( #1490 ) ) ;
#933 = DIRECTION ( 'NONE',  ( -0.000000000000000000, -0.000000000000000000, -1.000000000000000000 ) ) ;
#934 = ORIENTED_EDGE ( 'NONE', *, *, #284, .T. ) ;
#935 = FILL_AREA_STYLE_COLOUR ( '', #195 ) ;
#936 = LINE ( 'NONE', #3235, #2547 ) ;
#937 = DIRECTION ( 'NONE',  ( 0.000000000000000000, 1.000000000000000000, 0.000000000000000000 ) ) ;
#938 = FILL_AREA_STYLE_COLOUR ( '', #2383 ) ;
#939 = DIRECTION ( 'NONE',  ( -1.000000000000000000, 0.000000000000000000, 0.000000000000000000 ) ) ;
#940 = SURFACE_SIDE_STYLE ('',( #1719 ) ) ;
#941 = EDGE_CURVE ( 'NONE', #2692, #3290, #2411, .T. ) ;
#942 = ORIENTED_EDGE ( 'NONE', *, *, #213, .T. ) ;
#943 = DIRECTION ( 'NONE',  ( -0.000000000000000000, -1.000000000000000000, -0.000000000000000000 ) ) ;
#944 = CARTESIAN_POINT ( 'NONE',  ( 0.05000000000000001665, 0.1000000000000000472, 0.2000000000000000389 ) ) ;
#945 = STYLED_ITEM ( 'NONE', ( #2299 ), #442 ) ;
#946 = SURFACE_STYLE_USAGE ( .BOTH. , #2033 ) ;
#947 = ORIENTED_EDGE ( 'NONE', *, *, #485, .T. ) ;
#948 = CARTESIAN_POINT ( 'NONE',  ( -0.7500000000000000000, 0.7500000000000000000, 0.02500000000000000139 ) ) ;
#949 = DIRECTION ( 'NONE',  ( -1.000000000000000000, 0.000000000000000000, 0.000000000000000000 ) ) ;
#950 = SURFACE_STYLE_FILL_AREA ( #1260 ) ;
#951 = STYLED_ITEM ( 'NONE', ( #127 ), #963 ) ;
#952 = ORIENTED_EDGE ( 'NONE', *, *, #2770, .F. ) ;
#953 = SURFACE_SIDE_STYLE ('',( #3129 ) ) ;
#954 = PLANE ( 'NONE',  #411 ) ;
#955 = CARTESIAN_POINT ( 'NONE',  ( 0.7500000000000000000, -0.6000000000000000888, 0.2000000000000000944 ) ) ;
#956 = MECHANICAL_DESIGN_GEOMETRIC_PRESENTATION_REPRESENTATION (  '', ( #1701 ), #3137 ) ;
#957 = STYLED_ITEM ( 'NONE', ( #1741 ), #1253 ) ;
#958 = CARTESIAN_POINT ( 'NONE',  ( 0.7500000000000000000, 0.7250000000000000888, 0.9750000000000000888 ) ) ;
#959 = PRESENTATION_STYLE_ASSIGNMENT (( #2572 ) ) ;
#960 = DIRECTION ( 'NONE',  ( 0.000000000000000000, 1.000000000000000000, 0.000000000000000000 ) ) ;
#961 = UNCERTAINTY_MEASURE_WITH_UNIT (LENGTH_MEASURE( 1.000000000000000082E-05 ), #868, 'distance_accuracy_value', 'NONE');
#962 = VERTEX_POINT ( 'NONE', #755 ) ;
#963 = ADVANCED_FACE ( 'NONE', ( #3219 ), #739, .T. ) ;
#964 = LINE ( 'NONE', #2049, #470 ) ;
#965 = EDGE_CURVE ( 'NONE', #3269, #2930, #1080, .T. ) ;
#966 = FILL_AREA_STYLE ('',( #1702 ) ) ;
#967 = CIRCLE ( 'NONE', #3332, 0.08749999999999995282 ) ;
#968 = VECTOR ( 'NONE', #3285, 1000.000000000000000 ) ;
#969 = VECTOR ( 'NONE', #1320, 1000.000000000000000 ) ;
#970 = VERTEX_POINT ( 'NONE', #2138 ) ;
#971 = CARTESIAN_POINT ( 'NONE',  ( -0.4750000000000001443, 0.6250000000000000000, 0.02500000000000000139 ) ) ;
#972 = ADVANCED_FACE ( 'NONE', ( #2190 ), #2745, .T. ) ;
#973 = FILL_AREA_STYLE_COLOUR ( '', #1930 ) ;
#974 = FACE_OUTER_BOUND ( 'NONE', #2596, .T. ) ;
#975 = VECTOR ( 'NONE', #52, 1000.000000000000000 ) ;
#976 = EDGE_LOOP ( 'NONE', ( #2122, #289, #2840, #299 ) ) ;
#977 = FACE_OUTER_BOUND ( 'NONE', #246, .T. ) ;
#978 = CARTESIAN_POINT ( 'NONE',  ( 0.7500000000000000000, -0.3999999999999999667, 0.000000000000000000 ) ) ;
#979 = CARTESIAN_POINT ( 'NONE',  ( 0.000000000000000000, 0.7250000000000000888, 0.9750000000000000888 ) ) ;
#980 = PRESENTATION_STYLE_ASSIGNMENT (( #1780 ) ) ;
#981 = CARTESIAN_POINT ( 'NONE',  ( -0.7500000000000001110, 0.3750000000000000000, 1.024621125123532206 ) ) ;
#982 = VERTEX_POINT ( 'NONE', #521 ) ;
#983 = ORIENTED_EDGE ( 'NONE', *, *, #306, .F. ) ;
#984 = DIRECTION ( 'NONE',  ( 0.000000000000000000, 1.000000000000000000, 0.000000000000000000 ) ) ;
#985 = EDGE_CURVE ( 'NONE', #2876, #1345, #2176, .T. ) ;
#986 = FILL_AREA_STYLE_COLOUR ( '', #2576 ) ;
#987 = EDGE_LOOP ( 'NONE', ( #1834, #3458, #829, #2314 ) ) ;
#988 = LINE ( 'NONE', #2058, #1758 ) ;
#989 = EDGE_CURVE ( 'NONE', #3466, #379, #2207, .T. ) ;
#990 = ORIENTED_EDGE ( 'NONE', *, *, #3331, .F. ) ;
#991 = PLANE ( 'NONE',  #1376 ) ;
#992 = DIRECTION ( 'NONE',  ( 1.000000000000000000, 0.000000000000000000, 0.000000000000000000 ) ) ;
#993 = DIRECTION ( 'NONE',  ( 1.000000000000000000, 0.000000000000000000, -0.000000000000000000 ) ) ;
#994 = SURFACE_SIDE_STYLE ('',( #1216 ) ) ;
#995 = LINE ( 'NONE', #981, #1817 ) ;
#996 = ORIENTED_EDGE ( 'NONE', *, *, #2875, .T. ) ;
#997 = APPLICATION_CONTEXT ( 'automotive_design' ) ;
#998 = AXIS2_PLACEMENT_3D ( 'NONE', #255, #2936, #1609 ) ;
#999 = CARTESIAN_POINT ( 'NONE',  ( -0.7500000000000001110, 0.3750000000000000000, 0.2000000000000000944 ) ) ;
#1000 = ORIENTED_EDGE ( 'NONE', *, *, #3535, .F. ) ;
#1001 = SURFACE_STYLE_FILL_AREA ( #3463 ) ;
#1002 = PRESENTATION_STYLE_ASSIGNMENT (( #1315 ) ) ;
#1003 = DIRECTION ( 'NONE',  ( 1.000000000000000000, 0.000000000000000000, 0.000000000000000000 ) ) ;
#1004 = DIRECTION ( 'NONE',  ( 1.000000000000000000, 0.000000000000000000, -0.000000000000000000 ) ) ;
#1005 = ORIENTED_EDGE ( 'NONE', *, *, #2645, .T. ) ;
#1006 =( LENGTH_UNIT ( ) NAMED_UNIT ( * ) SI_UNIT ( .MILLI., .METRE. ) );
#1007 = EDGE_CURVE ( 'NONE', #602, #1874, #578, .T. ) ;
#1008 = EDGE_CURVE ( 'NONE', #587, #1866, #812, .T. ) ;
#1009 = FACE_OUTER_BOUND ( 'NONE', #365, .T. ) ;
#1010 = COLOUR_RGB ( '',0.7921568627450980005, 0.8196078431372548767, 0.9333333333333333481 ) ;
#1011 = CARTESIAN_POINT ( 'NONE',  ( -0.4750000000000000333, 0.000000000000000000, 0.2000000000000000389 ) ) ;
#1012 = DIRECTION ( 'NONE',  ( 0.000000000000000000, 0.000000000000000000, -1.000000000000000000 ) ) ;
#1013 = DIRECTION ( 'NONE',  ( 1.445602896647339163E-16, -1.000000000000000000, 0.000000000000000000 ) ) ;
#1014 = DIRECTION ( 'NONE',  ( 0.000000000000000000, 0.000000000000000000, -1.000000000000000000 ) ) ;
#1015 = VECTOR ( 'NONE', #2589, 1000.000000000000000 ) ;
#1016 = EDGE_LOOP ( 'NONE', ( #1613, #3548, #1005, #875 ) ) ;
#1017 = ORIENTED_EDGE ( 'NONE', *, *, #1362, .F. ) ;
#1018 = VECTOR ( 'NONE', #3497, 1000.000000000000000 ) ;
#1019 = DIRECTION ( 'NONE',  ( -1.000000000000000000, 0.000000000000000000, 0.000000000000000000 ) ) ;
#1020 = SURFACE_STYLE_FILL_AREA ( #441 ) ;
#1021 = AXIS2_PLACEMENT_3D ( 'NONE', #3060, #1126, #2737 ) ;
#1022 = DIRECTION ( 'NONE',  ( 0.000000000000000000, -0.000000000000000000, -1.000000000000000000 ) ) ;
#1023 = UNCERTAINTY_MEASURE_WITH_UNIT (LENGTH_MEASURE( 1.000000000000000082E-05 ), #2015, 'distance_accuracy_value', 'NONE');
#1024 = EDGE_LOOP ( 'NONE', ( #2419, #2650, #3428, #1454 ) ) ;
#1025 = DIRECTION ( 'NONE',  ( -1.445602896647338917E-16, 1.000000000000000000, -0.000000000000000000 ) ) ;
#1026 = AXIS2_PLACEMENT_3D ( 'NONE', #688, #1792, #2008 ) ;
#1027 = DIRECTION ( 'NONE',  ( 0.000000000000000000, -0.000000000000000000, -1.000000000000000000 ) ) ;
#1028 = CARTESIAN_POINT ( 'NONE',  ( -0.4750000000000000333, 0.000000000000000000, 0.2000000000000000389 ) ) ;
#1029 = VERTEX_POINT ( 'NONE', #1943 ) ;
#1030 = CARTESIAN_POINT ( 'NONE',  ( -0.7250000000000000888, 0.7250000000000000888, 0.9750000000000000888 ) ) ;
#1031 = CARTESIAN_POINT ( 'NONE',  ( 0.7500000000000000000, -0.6000000000000000888, 0.000000000000000000 ) ) ;
#1032 = SURFACE_STYLE_FILL_AREA ( #3531 ) ;
#1033 = EDGE_CURVE ( 'NONE', #2297, #864, #2492, .T. ) ;
#1034 = VECTOR ( 'NONE', #2164, 1000.000000000000000 ) ;
#1035 = SURFACE_STYLE_USAGE ( .BOTH. , #2678 ) ;
#1036 =( NAMED_UNIT ( * ) PLANE_ANGLE_UNIT ( ) SI_UNIT ( $, .RADIAN. ) );
#1037 = FILL_AREA_STYLE ('',( #2601 ) ) ;
#1038 =( GEOMETRIC_REPRESENTATION_CONTEXT ( 3 ) GLOBAL_UNCERTAINTY_ASSIGNED_CONTEXT ( ( #1382 ) ) GLOBAL_UNIT_ASSIGNED_CONTEXT ( ( #1910, #618, #2468 ) ) REPRESENTATION_CONTEXT ( 'NONE', 'WORKASPACE' ) );
#1039 = EDGE_CURVE ( 'NONE', #19, #3091, #3257, .T. ) ;
#1040 = ORIENTED_EDGE ( 'NONE', *, *, #1624, .T. ) ;
#1041 = ORIENTED_EDGE ( 'NONE', *, *, #2139, .T. ) ;
#1042 = CARTESIAN_POINT ( 'NONE',  ( -0.4749999999999999778, -0.6250000000000000000, 0.2000000000000000944 ) ) ;
#1043 = LINE ( 'NONE', #456, #1886 ) ;
#1044 = EDGE_LOOP ( 'NONE', ( #1501, #1776, #1948, #1252, #102 ) ) ;
#1045 = SURFACE_SIDE_STYLE ('',( #2669 ) ) ;
#1046 = CARTESIAN_POINT ( 'NONE',  ( -0.7500000000000000000, -0.6250000000000000000, 0.02500000000000000139 ) ) ;
#1047 = LINE ( 'NONE', #3478, #839 ) ;
#1048 = CARTESIAN_POINT ( 'NONE',  ( -0.7250000000000000888, 0.7500000000000000000, 1.000000000000000000 ) ) ;
#1049 = ORIENTED_EDGE ( 'NONE', *, *, #491, .F. ) ;
#1050 = SURFACE_STYLE_USAGE ( .BOTH. , #2881 ) ;
#1051 = DIRECTION ( 'NONE',  ( -1.000000000000000000, 0.000000000000000000, 0.000000000000000000 ) ) ;
#1052 = ORIENTED_EDGE ( 'NONE', *, *, #3180, .T. ) ;
#1053 = ORIENTED_EDGE ( 'NONE', *, *, #198, .T. ) ;
#1054 = ADVANCED_FACE ( 'NONE', ( #1114 ), #2503, .F. ) ;
#1055 = ADVANCED_FACE ( 'NONE', ( #675 ), #705, .T. ) ;
#1056 =( NAMED_UNIT ( * ) PLANE_ANGLE_UNIT ( ) SI_UNIT ( $, .RADIAN. ) );
#1057 = PRODUCT_DEFINITION_CONTEXT ( 'detailed design', #997, 'design' ) ;
#1058 = VERTEX_POINT ( 'NONE', #383 ) ;
#1059 = LINE ( 'NONE', #1895, #3310 ) ;
#1060 = LINE ( 'NONE', #3256, #836 ) ;
#1061 = DIRECTION ( 'NONE',  ( -1.000000000000000000, 0.000000000000000000, 0.000000000000000000 ) ) ;
#1062 = ORIENTED_EDGE ( 'NONE', *, *, #1362, .T. ) ;
#1063 = AXIS2_PLACEMENT_3D ( 'NONE', #2950, #745, #2456 ) ;
#1064 = PRESENTATION_STYLE_ASSIGNMENT (( #1279 ) ) ;
#1065 = CARTESIAN_POINT ( 'NONE',  ( 0.7500000000000000000, 0.3999999999999999667, 0.000000000000000000 ) ) ;
#1066 = CIRCLE ( 'NONE', #1464, 0.1250000000000000000 ) ;
#1067 = FILL_AREA_STYLE_COLOUR ( '', #3446 ) ;
#1068 = CARTESIAN_POINT ( 'NONE',  ( -0.3500000000000001443, 0.6250000000000000000, 0.2000000000000000389 ) ) ;
#1069 = CARTESIAN_POINT ( 'NONE',  ( -0.4750000000000000333, 0.000000000000000000, 0.2000000000000000389 ) ) ;
#1070 = MECHANICAL_DESIGN_GEOMETRIC_PRESENTATION_REPRESENTATION (  '', ( #3316 ), #1639 ) ;
#1071 = COLOUR_RGB ( '',0.8431372549019607865, 0.8431372549019607865, 0.8431372549019607865 ) ;
#1072 = ORIENTED_EDGE ( 'NONE', *, *, #1813, .F. ) ;
#1073 = ORIENTED_EDGE ( 'NONE', *, *, #458, .T. ) ;
#1074 = DIRECTION ( 'NONE',  ( 0.000000000000000000, -0.000000000000000000, 1.000000000000000000 ) ) ;
#1075 = STYLED_ITEM ( 'NONE', ( #514 ), #1151 ) ;
#1076 = CARTESIAN_POINT ( 'NONE',  ( 0.05000000000000002359, -0.6000000000000000888, 0.000000000000000000 ) ) ;
#1077 = STYLED_ITEM ( 'NONE', ( #569 ), #1493 ) ;
#1078 = UNCERTAINTY_MEASURE_WITH_UNIT (LENGTH_MEASURE( 1.000000000000000082E-05 ), #505, 'distance_accuracy_value', 'NONE');
#1079 = ORIENTED_EDGE ( 'NONE', *, *, #3331, .T. ) ;
#1080 = LINE ( 'NONE', #2705, #241 ) ;
#1081 = DIRECTION ( 'NONE',  ( -1.000000000000000000, 0.000000000000000000, -0.000000000000000000 ) ) ;
#1082 = CARTESIAN_POINT ( 'NONE',  ( -0.05000000000000002359, 0.000000000000000000, 0.2000000000000000389 ) ) ;
#1083 = CYLINDRICAL_SURFACE ( 'NONE', #1653, 0.1000000000000000472 ) ;
#1084 = MECHANICAL_DESIGN_GEOMETRIC_PRESENTATION_REPRESENTATION (  '', ( #1811 ), #2377 ) ;
#1085 = MECHANICAL_DESIGN_GEOMETRIC_PRESENTATION_REPRESENTATION (  '', ( #253 ), #1812 ) ;
#1086 = FILL_AREA_STYLE ('',( #720 ) ) ;
#1087 = EDGE_CURVE ( 'NONE', #218, #1223, #1228, .T. ) ;
#1088 = EDGE_LOOP ( 'NONE', ( #635, #1329, #2887, #205, #996 ) ) ;
#1089 =( LENGTH_UNIT ( ) NAMED_UNIT ( * ) SI_UNIT ( .MILLI., .METRE. ) );
#1090 = AXIS2_PLACEMENT_3D ( 'NONE', #1215, #2863, #1512 ) ;
#1091 = SURFACE_SIDE_STYLE ('',( #588 ) ) ;
#1092 = LINE ( 'NONE', #1587, #1517 ) ;
#1093 = STYLED_ITEM ( 'NONE', ( #1064 ), #2965 ) ;
#1094 = CARTESIAN_POINT ( 'NONE',  ( 0.7500000000000000000, 0.1000000000000000472, 0.2000000000000000389 ) ) ;
#1095 = COLOUR_RGB ( '',0.8431372549019607865, 0.8431372549019607865, 0.8431372549019607865 ) ;
#1096 = ORIENTED_EDGE ( 'NONE', *, *, #2792, .T. ) ;
#1097 = VERTEX_POINT ( 'NONE', #2343 ) ;
#1098 = VERTEX_POINT ( 'NONE', #100 ) ;
#1099 =( LENGTH_UNIT ( ) NAMED_UNIT ( * ) SI_UNIT ( .MILLI., .METRE. ) );
#1100 = PRESENTATION_STYLE_ASSIGNMENT (( #3254 ) ) ;
#1101 = CARTESIAN_POINT ( 'NONE',  ( 0.7500000000000000000, 0.1000000000000000472, 1.024621125123532206 ) ) ;
#1102 = CARTESIAN_POINT ( 'NONE',  ( -0.5500000000000000444, 0.5500000000000000444, 0.9899999999999999911 ) ) ;
#1103 = VERTEX_POINT ( 'NONE', #3471 ) ;
#1104 =( LENGTH_UNIT ( ) NAMED_UNIT ( * ) SI_UNIT ( .MILLI., .METRE. ) );
#1105 = SURFACE_SIDE_STYLE ('',( #527 ) ) ;
#1106 = DIRECTION ( 'NONE',  ( 0.000000000000000000, 1.000000000000000000, 0.000000000000000000 ) ) ;
#1107 = ADVANCED_FACE ( 'NONE', ( #1743 ), #2079, .T. ) ;
#1108 = DIRECTION ( 'NONE',  ( -1.000000000000000000, -0.000000000000000000, -0.000000000000000000 ) ) ;
#1109 = EDGE_LOOP ( 'NONE', ( #927, #2541, #2966, #459 ) ) ;
#1110 = LINE ( 'NONE', #260, #2086 ) ;
#1111 =( NAMED_UNIT ( * ) SI_UNIT ( $, .STERADIAN. ) SOLID_ANGLE_UNIT ( ) );
#1112 = UNCERTAINTY_MEASURE_WITH_UNIT (LENGTH_MEASURE( 1.000000000000000082E-05 ), #2870, 'distance_accuracy_value', 'NONE');
#1113 = ORIENTED_EDGE ( 'NONE', *, *, #2224, .F. ) ;
#1114 = FACE_OUTER_BOUND ( 'NONE', #3223, .T. ) ;
#1115 = CARTESIAN_POINT ( 'NONE',  ( 0.7500000000000000000, 0.1000000000000000472, 0.000000000000000000 ) ) ;
#1116 = FILL_AREA_STYLE_COLOUR ( '', #792 ) ;
#1117 = ORIENTED_EDGE ( 'NONE', *, *, #3349, .F. ) ;
#1118 = CLOSED_SHELL ( 'NONE', ( #2715, #378, #3481, #2287, #1770, #2746, #581 ) ) ;
#1119 = DIRECTION ( 'NONE',  ( 0.000000000000000000, -0.000000000000000000, 1.000000000000000000 ) ) ;
#1120 = FILL_AREA_STYLE ('',( #1661 ) ) ;
#1121 = EDGE_CURVE ( 'NONE', #1881, #1217, #2380, .T. ) ;
#1122 = ADVANCED_FACE ( 'NONE', ( #2680 ), #1610, .F. ) ;
#1123 = CARTESIAN_POINT ( 'NONE',  ( -0.4750000000000000333, -0.1250000000000000000, 0.000000000000000000 ) ) ;
#1124 = PRESENTATION_LAYER_ASSIGNMENT (  '', '', ( #3021 ) ) ;
#1125 = AXIS2_PLACEMENT_3D ( 'NONE', #3292, #1341, #809 ) ;
#1126 = DIRECTION ( 'NONE',  ( 0.000000000000000000, 0.000000000000000000, -1.000000000000000000 ) ) ;
#1127 = ADVANCED_FACE ( 'NONE', ( #3512 ), #2149, .F. ) ;
#1128 = FILL_AREA_STYLE ('',( #2496 ) ) ;
#1129 = VECTOR ( 'NONE', #2481, 1000.000000000000000 ) ;
#1130 = ORIENTED_EDGE ( 'NONE', *, *, #1226, .T. ) ;
#1131 = COLOUR_RGB ( '',0.2862745098039215508, 0.2862745098039215508, 0.2862745098039215508 ) ;
#1132 = CARTESIAN_POINT ( 'NONE',  ( 0.05000000000000002359, -0.5000000000000000000, 0.000000000000000000 ) ) ;
#1133 = FILL_AREA_STYLE_COLOUR ( '', #3330 ) ;
#1134 = AXIS2_PLACEMENT_3D ( 'NONE', #21, #548, #604 ) ;
#1135 = LINE ( 'NONE', #2230, #3042 ) ;
#1136 = ORIENTED_EDGE ( 'NONE', *, *, #189, .T. ) ;
#1137 = SURFACE_SIDE_STYLE ('',( #3321 ) ) ;
#1138 = PRESENTATION_LAYER_ASSIGNMENT (  '', '', ( #2439 ) ) ;
#1139 = DIRECTION ( 'NONE',  ( 0.000000000000000000, -0.000000000000000000, 1.000000000000000000 ) ) ;
#1140 =( GEOMETRIC_REPRESENTATION_CONTEXT ( 3 ) GLOBAL_UNCERTAINTY_ASSIGNED_CONTEXT ( ( #2462 ) ) GLOBAL_UNIT_ASSIGNED_CONTEXT ( ( #3610, #2427, #3002 ) ) REPRESENTATION_CONTEXT ( 'NONE', 'WORKASPACE' ) );
#1141 =( NAMED_UNIT ( * ) PLANE_ANGLE_UNIT ( ) SI_UNIT ( $, .RADIAN. ) );
#1142 = VECTOR ( 'NONE', #2539, 1000.000000000000000 ) ;
#1143 = CARTESIAN_POINT ( 'NONE',  ( -0.4750000000000000333, 0.1250000000000000000, 0.2000000000000000389 ) ) ;
#1144 = DIRECTION ( 'NONE',  ( 0.000000000000000000, 1.000000000000000000, 0.000000000000000000 ) ) ;
#1145 = STYLED_ITEM ( 'NONE', ( #3044 ), #2833 ) ;
#1146 = EDGE_CURVE ( 'NONE', #808, #2294, #3265, .T. ) ;
#1147 = AXIS2_PLACEMENT_3D ( 'NONE', #3483, #2092, #3203 ) ;
#1148 = CARTESIAN_POINT ( 'NONE',  ( 0.7500000000000000000, -0.1000000000000000472, 0.2000000000000000944 ) ) ;
#1149 = CARTESIAN_POINT ( 'NONE',  ( 0.7250000000000000888, -0.7500000000000000000, 0.9750000000000000888 ) ) ;
#1150 = STYLED_ITEM ( 'NONE', ( #2749 ), #3415 ) ;
#1151 = ADVANCED_FACE ( 'NONE', ( #1284 ), #1588, .T. ) ;
#1152 = AXIS2_PLACEMENT_3D ( 'NONE', #3367, #1414, #890 ) ;
#1153 = ORIENTED_EDGE ( 'NONE', *, *, #1918, .T. ) ;
#1154 = DIRECTION ( 'NONE',  ( 0.000000000000000000, -0.000000000000000000, 1.000000000000000000 ) ) ;
#1155 = LINE ( 'NONE', #3336, #553 ) ;
#1156 = CARTESIAN_POINT ( 'NONE',  ( -0.4749999999999999778, -0.5000000000000000000, 0.2000000000000000389 ) ) ;
#1157 = ORIENTED_EDGE ( 'NONE', *, *, #3537, .T. ) ;
#1158 = FACE_OUTER_BOUND ( 'NONE', #754, .T. ) ;
#1159 = CARTESIAN_POINT ( 'NONE',  ( -0.3500000000000001443, 0.3750000000000000000, 0.2000000000000000389 ) ) ;
#1160 = PRESENTATION_STYLE_ASSIGNMENT (( #1371 ) ) ;
#1161 = VERTEX_POINT ( 'NONE', #170 ) ;
#1162 = CARTESIAN_POINT ( 'NONE',  ( -0.4750000000000001443, 0.6250000000000000000, 1.024621125123532206 ) ) ;
#1163 = LINE ( 'NONE', #1713, #3127 ) ;
#1164 = CARTESIAN_POINT ( 'NONE',  ( -0.7250000000000000888, 0.7250000000000000888, 0.9750000000000000888 ) ) ;
#1165 = DIRECTION ( 'NONE',  ( 0.000000000000000000, 0.000000000000000000, -1.000000000000000000 ) ) ;
#1166 = DIRECTION ( 'NONE',  ( 0.000000000000000000, -1.000000000000000000, 0.000000000000000000 ) ) ;
#1167 = CARTESIAN_POINT ( 'NONE',  ( 0.000000000000000000, 0.000000000000000000, 0.000000000000000000 ) ) ;
#1168 = ORIENTED_EDGE ( 'NONE', *, *, #2351, .F. ) ;
#1169 = EDGE_CURVE ( 'NONE', #982, #3555, #2119, .T. ) ;
#1170 = EDGE_CURVE ( 'NONE', #3466, #2085, #652, .T. ) ;
#1171 = SURFACE_SIDE_STYLE ('',( #1450 ) ) ;
#1172 =( NAMED_UNIT ( * ) SI_UNIT ( $, .STERADIAN. ) SOLID_ANGLE_UNIT ( ) );
#1173 = ORIENTED_EDGE ( 'NONE', *, *, #2224, .T. ) ;
#1174 = CARTESIAN_POINT ( 'NONE',  ( -0.7500000000000000000, 0.7250000000000000888, 1.000000000000000000 ) ) ;
#1175 = CYLINDRICAL_SURFACE ( 'NONE', #2317, 0.1000000000000000472 ) ;
#1176 = ORIENTED_EDGE ( 'NONE', *, *, #2677, .F. ) ;
#1177 = CARTESIAN_POINT ( 'NONE',  ( 0.7500000000000000000, 0.1000000000000000472, 0.2000000000000000944 ) ) ;
#1178 =( NAMED_UNIT ( * ) SI_UNIT ( $, .STERADIAN. ) SOLID_ANGLE_UNIT ( ) );
#1179 = DIRECTION ( 'NONE',  ( -0.000000000000000000, -0.000000000000000000, -1.000000000000000000 ) ) ;
#1180 = MECHANICAL_DESIGN_GEOMETRIC_PRESENTATION_REPRESENTATION (  '', ( #2895 ), #2080 ) ;
#1181 = VECTOR ( 'NONE', #308, 1000.000000000000000 ) ;
#1182 = UNCERTAINTY_MEASURE_WITH_UNIT (LENGTH_MEASURE( 1.000000000000000082E-05 ), #1994, 'distance_accuracy_value', 'NONE');
#1183 = ORIENTED_EDGE ( 'NONE', *, *, #1580, .T. ) ;
#1184 = DIRECTION ( 'NONE',  ( 0.000000000000000000, -0.000000000000000000, 1.000000000000000000 ) ) ;
#1185 =( GEOMETRIC_REPRESENTATION_CONTEXT ( 3 ) GLOBAL_UNCERTAINTY_ASSIGNED_CONTEXT ( ( #2575 ) ) GLOBAL_UNIT_ASSIGNED_CONTEXT ( ( #87, #2226, #404 ) ) REPRESENTATION_CONTEXT ( 'NONE', 'WORKASPACE' ) );
#1186 = DIRECTION ( 'NONE',  ( 1.000000000000000000, 1.445602896647338917E-16, -0.000000000000000000 ) ) ;
#1187 = AXIS2_PLACEMENT_3D ( 'NONE', #979, #449, #468 ) ;
#1188 = ORIENTED_EDGE ( 'NONE', *, *, #1394, .F. ) ;
#1189 = LINE ( 'NONE', #948, #1995 ) ;
#1190 = LINE ( 'NONE', #2264, #2204 ) ;
#1191 = PRESENTATION_LAYER_ASSIGNMENT (  '', '', ( #1701 ) ) ;
#1192 = EDGE_CURVE ( 'NONE', #1223, #3389, #1843, .T. ) ;
#1193 = VECTOR ( 'NONE', #1305, 1000.000000000000000 ) ;
#1194 = ORIENTED_EDGE ( 'NONE', *, *, #2404, .F. ) ;
#1195 = AXIS2_PLACEMENT_3D ( 'NONE', #188, #150, #2914 ) ;
#1196 = CARTESIAN_POINT ( 'NONE',  ( 0.7250000000000000888, -0.7250000000000000888, 0.9750000000000000888 ) ) ;
#1197 =( GEOMETRIC_REPRESENTATION_CONTEXT ( 3 ) GLOBAL_UNCERTAINTY_ASSIGNED_CONTEXT ( ( #263 ) ) GLOBAL_UNIT_ASSIGNED_CONTEXT ( ( #757, #2908, #3541 ) ) REPRESENTATION_CONTEXT ( 'NONE', 'WORKASPACE' ) );
#1198 = LINE ( 'NONE', #3344, #694 ) ;
#1199 = AXIS2_PLACEMENT_3D ( 'NONE', #902, #26, #3606 ) ;
#1200 =( GEOMETRIC_REPRESENTATION_CONTEXT ( 3 ) GLOBAL_UNCERTAINTY_ASSIGNED_CONTEXT ( ( #1112 ) ) GLOBAL_UNIT_ASSIGNED_CONTEXT ( ( #2870, #3085, #1999 ) ) REPRESENTATION_CONTEXT ( 'NONE', 'WORKASPACE' ) );
#1201 = CARTESIAN_POINT ( 'NONE',  ( 0.05000000000000001665, -0.3999999999999999667, 0.2000000000000000389 ) ) ;
#1202 = EDGE_LOOP ( 'NONE', ( #1275, #154, #2318, #2574 ) ) ;
#1203 = PRESENTATION_STYLE_ASSIGNMENT (( #104 ) ) ;
#1204 = FACE_OUTER_BOUND ( 'NONE', #1383, .T. ) ;
#1205 =( GEOMETRIC_REPRESENTATION_CONTEXT ( 3 ) GLOBAL_UNCERTAINTY_ASSIGNED_CONTEXT ( ( #2479 ) ) GLOBAL_UNIT_ASSIGNED_CONTEXT ( ( #462, #1631, #2964 ) ) REPRESENTATION_CONTEXT ( 'NONE', 'WORKASPACE' ) );
#1206 = CARTESIAN_POINT ( 'NONE',  ( 0.7500000000000000000, -0.3999999999999999667, 0.02500000000000000139 ) ) ;
#1207 = PLANE ( 'NONE',  #2263 ) ;
#1208 = DIRECTION ( 'NONE',  ( 0.000000000000000000, 0.000000000000000000, -1.000000000000000000 ) ) ;
#1209 = COLOUR_RGB ( '',0.8431372549019607865, 0.8431372549019607865, 0.8431372549019607865 ) ;
#1210 = EDGE_LOOP ( 'NONE', ( #2502, #71, #2580, #696, #2328 ) ) ;
#1211 = PRESENTATION_STYLE_ASSIGNMENT (( #3373 ) ) ;
#1212 = DIRECTION ( 'NONE',  ( -0.000000000000000000, -0.000000000000000000, -1.000000000000000000 ) ) ;
#1213 = CARTESIAN_POINT ( 'NONE',  ( -0.7500000000000000000, -0.6250000000000000000, 1.024621125123532206 ) ) ;
#1214 = EDGE_CURVE ( 'NONE', #3269, #2193, #215, .T. ) ;
#1215 = CARTESIAN_POINT ( 'NONE',  ( 0.7500000000000000000, -0.6000000000000000888, 1.024621125123532206 ) ) ;
#1216 = SURFACE_STYLE_FILL_AREA ( #418 ) ;
#1217 = VERTEX_POINT ( 'NONE', #1566 ) ;
#1218 = ORIENTED_EDGE ( 'NONE', *, *, #3414, .F. ) ;
#1219 = SURFACE_STYLE_USAGE ( .BOTH. , #2904 ) ;
#1220 = ORIENTED_EDGE ( 'NONE', *, *, #2893, .F. ) ;
#1221 = CARTESIAN_POINT ( 'NONE',  ( 0.7500000000000000000, 0.6000000000000000888, 0.02500000000000000139 ) ) ;
#1222 = FILL_AREA_STYLE_COLOUR ( '', #483 ) ;
#1223 = VERTEX_POINT ( 'NONE', #573 ) ;
#1224 = SURFACE_SIDE_STYLE ('',( #2841 ) ) ;
#1225 = ADVANCED_FACE ( 'NONE', ( #2790 ), #2475, .T. ) ;
#1226 = EDGE_CURVE ( 'NONE', #94, #472, #899, .T. ) ;
#1227 = PLANE ( 'NONE',  #641 ) ;
#1228 = LINE ( 'NONE', #639, #1015 ) ;
#1229 = FILL_AREA_STYLE ('',( #2730 ) ) ;
#1230 = ADVANCED_FACE ( 'NONE', ( #3586 ), #25, .T. ) ;
#1231 = ORIENTED_EDGE ( 'NONE', *, *, #2228, .F. ) ;
#1232 = PRESENTATION_LAYER_ASSIGNMENT (  '', '', ( #1288 ) ) ;
#1233 = ORIENTED_EDGE ( 'NONE', *, *, #2555, .T. ) ;
#1234 = CARTESIAN_POINT ( 'NONE',  ( -0.05000000000000002359, 0.5000000000000000000, 0.02500000000000000139 ) ) ;
#1235 = MECHANICAL_DESIGN_GEOMETRIC_PRESENTATION_REPRESENTATION (  '', ( #764 ), #1520 ) ;
#1236 = DIRECTION ( 'NONE',  ( 1.000000000000000000, 0.000000000000000000, 0.000000000000000000 ) ) ;
#1237 = ORIENTED_EDGE ( 'NONE', *, *, #2536, .F. ) ;
#1238 = PRESENTATION_LAYER_ASSIGNMENT (  '', '', ( #3491 ) ) ;
#1239 = PRESENTATION_STYLE_ASSIGNMENT (( #1455 ) ) ;
#1240 = PLANE ( 'NONE',  #1418 ) ;
#1241 = VERTEX_POINT ( 'NONE', #1123 ) ;
#1242 = FILL_AREA_STYLE_COLOUR ( '', #318 ) ;
#1243 = DIRECTION ( 'NONE',  ( -0.000000000000000000, 0.000000000000000000, -1.000000000000000000 ) ) ;
#1244 = VECTOR ( 'NONE', #1144, 1000.000000000000000 ) ;
#1245 = STYLED_ITEM ( 'NONE', ( #2354 ), #1427 ) ;
#1246 =( NAMED_UNIT ( * ) SI_UNIT ( $, .STERADIAN. ) SOLID_ANGLE_UNIT ( ) );
#1247 =( LENGTH_UNIT ( ) NAMED_UNIT ( * ) SI_UNIT ( .MILLI., .METRE. ) );
#1248 = VECTOR ( 'NONE', #2594, 1000.000000000000000 ) ;
#1249 = ADVANCED_FACE ( 'NONE', ( #3413 ), #2567, .F. ) ;
#1250 = VECTOR ( 'NONE', #280, 1000.000000000000000 ) ;
#1251 = STYLED_ITEM ( 'NONE', ( #2626 ), #1922 ) ;
#1252 = ORIENTED_EDGE ( 'NONE', *, *, #628, .T. ) ;
#1253 = ADVANCED_FACE ( 'NONE', ( #626 ), #2043, .T. ) ;
#1254 =( GEOMETRIC_REPRESENTATION_CONTEXT ( 3 ) GLOBAL_UNCERTAINTY_ASSIGNED_CONTEXT ( ( #2955 ) ) GLOBAL_UNIT_ASSIGNED_CONTEXT ( ( #1968, #1711, #840 ) ) REPRESENTATION_CONTEXT ( 'NONE', 'WORKASPACE' ) );
#1255 = CARTESIAN_POINT ( 'NONE',  ( -0.7500000000000001110, 0.1250000000000000000, 0.000000000000000000 ) ) ;
#1256 = AXIS2_PLACEMENT_3D ( 'NONE', #1477, #919, #2546 ) ;
#1257 = ORIENTED_EDGE ( 'NONE', *, *, #2139, .F. ) ;
#1258 = FILL_AREA_STYLE_COLOUR ( '', #1010 ) ;
#1259 = SPHERICAL_SURFACE ( 'NONE', #2319, 0.02500000000000000139 ) ;
#1260 = FILL_AREA_STYLE ('',( #3410 ) ) ;
#1261 = STYLED_ITEM ( 'NONE', ( #3281 ), #3304 ) ;
#1262 = ORIENTED_EDGE ( 'NONE', *, *, #2600, .T. ) ;
#1263 = CARTESIAN_POINT ( 'NONE',  ( -0.4750000000000000333, -0.1250000000000000000, 1.024621125123532206 ) ) ;
#1264 = PRESENTATION_LAYER_ASSIGNMENT (  '', '', ( #1548 ) ) ;
#1265 = STYLED_ITEM ( 'NONE', ( #810 ), #677 ) ;
#1266 =( NAMED_UNIT ( * ) PLANE_ANGLE_UNIT ( ) SI_UNIT ( $, .RADIAN. ) );
#1267 = SURFACE_STYLE_USAGE ( .BOTH. , #137 ) ;
#1268 = ORIENTED_EDGE ( 'NONE', *, *, #2011, .F. ) ;
#1269 = ORIENTED_EDGE ( 'NONE', *, *, #1214, .F. ) ;
#1270 = SURFACE_STYLE_FILL_AREA ( #2362 ) ;
#1271 =( NAMED_UNIT ( * ) PLANE_ANGLE_UNIT ( ) SI_UNIT ( $, .RADIAN. ) );
#1272 = PLANE ( 'NONE',  #2275 ) ;
#1273 = EDGE_CURVE ( 'NONE', #1401, #240, #395, .T. ) ;
#1274 = EDGE_CURVE ( 'NONE', #19, #3395, #1, .T. ) ;
#1275 = ORIENTED_EDGE ( 'NONE', *, *, #7, .F. ) ;
#1276 = DIRECTION ( 'NONE',  ( 0.000000000000000000, 0.000000000000000000, -1.000000000000000000 ) ) ;
#1277 =( LENGTH_UNIT ( ) NAMED_UNIT ( * ) SI_UNIT ( .MILLI., .METRE. ) );
#1278 = ORIENTED_EDGE ( 'NONE', *, *, #803, .T. ) ;
#1279 = SURFACE_STYLE_USAGE ( .BOTH. , #2353 ) ;
#1280 = DIRECTION ( 'NONE',  ( -0.000000000000000000, -0.000000000000000000, -1.000000000000000000 ) ) ;
#1281 = LINE ( 'NONE', #2116, #56 ) ;
#1282 = CARTESIAN_POINT ( 'NONE',  ( -0.5500000000000000444, 0.5500000000000000444, 0.9899999999999999911 ) ) ;
#1283 = FACE_OUTER_BOUND ( 'NONE', #1858, .T. ) ;
#1284 = FACE_OUTER_BOUND ( 'NONE', #1981, .T. ) ;
#1285 = VERTEX_POINT ( 'NONE', #955 ) ;
#1286 = VERTEX_POINT ( 'NONE', #2616 ) ;
#1287 = AXIS2_PLACEMENT_3D ( 'NONE', #2323, #2883, #939 ) ;
#1288 = STYLED_ITEM ( 'NONE', ( #980 ), #190 ) ;
#1289 = DIRECTION ( 'NONE',  ( 1.000000000000000000, 0.000000000000000000, 0.000000000000000000 ) ) ;
#1290 = VERTEX_POINT ( 'NONE', #2894 ) ;
#1291 = DIRECTION ( 'NONE',  ( 1.000000000000000000, 0.000000000000000000, 0.000000000000000000 ) ) ;
#1292 = CARTESIAN_POINT ( 'NONE',  ( -0.7500000000000001110, 0.1250000000000000000, 0.2000000000000000944 ) ) ;
#1293 = CARTESIAN_POINT ( 'NONE',  ( 0.7500000000000000000, 0.3999999999999999667, 0.02500000000000000139 ) ) ;
#1294 = LINE ( 'NONE', #506, #2687 ) ;
#1295 = CIRCLE ( 'NONE', #1125, 0.1000000000000000472 ) ;
#1296 = VERTEX_POINT ( 'NONE', #134 ) ;
#1297 = DIRECTION ( 'NONE',  ( 0.000000000000000000, 0.000000000000000000, -1.000000000000000000 ) ) ;
#1298 = LINE ( 'NONE', #3504, #837 ) ;
#1299 = STYLED_ITEM ( 'NONE', ( #1894 ), #972 ) ;
#1300 = EDGE_CURVE ( 'NONE', #3338, #479, #2340, .T. ) ;
#1301 = LINE ( 'NONE', #3507, #1524 ) ;
#1302 = MECHANICAL_DESIGN_GEOMETRIC_PRESENTATION_REPRESENTATION (  '', ( #3193 ), #119 ) ;
#1303 = DIRECTION ( 'NONE',  ( 0.000000000000000000, 0.000000000000000000, 1.000000000000000000 ) ) ;
#1304 = SURFACE_STYLE_USAGE ( .BOTH. , #2134 ) ;
#1305 = DIRECTION ( 'NONE',  ( 0.000000000000000000, 1.000000000000000000, 0.000000000000000000 ) ) ;
#1306 = COLOUR_RGB ( '',0.8431372549019607865, 0.8431372549019607865, 0.8431372549019607865 ) ;
#1307 = ORIENTED_EDGE ( 'NONE', *, *, #2422, .F. ) ;
#1308 = ORIENTED_EDGE ( 'NONE', *, *, #2853, .F. ) ;
#1309 = MECHANICAL_DESIGN_GEOMETRIC_PRESENTATION_REPRESENTATION (  '', ( #957 ), #2378 ) ;
#1310 = MECHANICAL_DESIGN_GEOMETRIC_PRESENTATION_REPRESENTATION (  '', ( #5 ), #2267 ) ;
#1311 = CARTESIAN_POINT ( 'NONE',  ( 0.05000000000000002359, 0.5000000000000000000, 0.02500000000000000139 ) ) ;
#1312 = UNCERTAINTY_MEASURE_WITH_UNIT (LENGTH_MEASURE( 1.000000000000000082E-05 ), #2693, 'distance_accuracy_value', 'NONE');
#1313 = ORIENTED_EDGE ( 'NONE', *, *, #3551, .T. ) ;
#1314 = CIRCLE ( 'NONE', #3268, 0.08749999999999995282 ) ;
#1315 = SURFACE_STYLE_USAGE ( .BOTH. , #2369 ) ;
#1316 = CARTESIAN_POINT ( 'NONE',  ( -0.7500000000000001110, -0.1250000000000000000, 0.2000000000000000944 ) ) ;
#1317 = DIRECTION ( 'NONE',  ( 0.000000000000000000, -0.000000000000000000, 1.000000000000000000 ) ) ;
#1318 = VECTOR ( 'NONE', #2877, 1000.000000000000000 ) ;
#1319 = EDGE_LOOP ( 'NONE', ( #1391, #2685 ) ) ;
#1320 = DIRECTION ( 'NONE',  ( 0.000000000000000000, 0.000000000000000000, -1.000000000000000000 ) ) ;
#1321 = FACE_OUTER_BOUND ( 'NONE', #2925, .T. ) ;
#1322 = AXIS2_PLACEMENT_3D ( 'NONE', #584, #3283, #1688 ) ;
#1323 = SURFACE_STYLE_FILL_AREA ( #1807 ) ;
#1324 = AXIS2_PLACEMENT_3D ( 'NONE', #1330, #221, #2408 ) ;
#1325 =( NAMED_UNIT ( * ) SI_UNIT ( $, .STERADIAN. ) SOLID_ANGLE_UNIT ( ) );
#1326 = EDGE_CURVE ( 'NONE', #3477, #1874, #2005, .T. ) ;
#1327 = EDGE_CURVE ( 'NONE', #962, #1997, #360, .T. ) ;
#1328 = ORIENTED_EDGE ( 'NONE', *, *, #537, .F. ) ;
#1329 = ORIENTED_EDGE ( 'NONE', *, *, #271, .T. ) ;
#1330 = CARTESIAN_POINT ( 'NONE',  ( 0.7500000000000000000, -0.6000000000000000888, 1.024621125123532206 ) ) ;
#1331 = ORIENTED_EDGE ( 'NONE', *, *, #1775, .T. ) ;
#1332 = DIRECTION ( 'NONE',  ( -1.000000000000000000, 0.000000000000000000, 0.000000000000000000 ) ) ;
#1333 = CARTESIAN_POINT ( 'NONE',  ( -0.4749999999999999778, -0.5000000000000000000, 0.000000000000000000 ) ) ;
#1334 = ORIENTED_EDGE ( 'NONE', *, *, #1849, .F. ) ;
#1335 = CARTESIAN_POINT ( 'NONE',  ( 0.000000000000000000, 0.000000000000000000, 0.000000000000000000 ) ) ;
#1336 = LINE ( 'NONE', #3225, #1865 ) ;
#1337 = CARTESIAN_POINT ( 'NONE',  ( -0.5500000000000000444, 0.5500000000000000444, 1.000000000000000000 ) ) ;
#1338 = DIRECTION ( 'NONE',  ( 0.000000000000000000, 0.000000000000000000, -1.000000000000000000 ) ) ;
#1339 = EDGE_CURVE ( 'NONE', #2846, #2291, #2039, .T. ) ;
#1340 = ORIENTED_EDGE ( 'NONE', *, *, #2421, .T. ) ;
#1341 = DIRECTION ( 'NONE',  ( 0.000000000000000000, 0.000000000000000000, -1.000000000000000000 ) ) ;
#1342 = SURFACE_STYLE_USAGE ( .BOTH. , #220 ) ;
#1343 = EDGE_CURVE ( 'NONE', #1694, #2418, #2074, .T. ) ;
#1344 = CARTESIAN_POINT ( 'NONE',  ( -0.7500000000000001110, 0.1250000000000000000, 0.2000000000000000389 ) ) ;
#1345 = VERTEX_POINT ( 'NONE', #978 ) ;
#1346 = CARTESIAN_POINT ( 'NONE',  ( -0.3500000000000001443, 0.6250000000000000000, 0.2000000000000000389 ) ) ;
#1347 = LINE ( 'NONE', #2227, #2384 ) ;
#1348 = CLOSED_SHELL ( 'NONE', ( #3485, #1644, #2402, #3250, #1054, #2784, #3460, #1611, #3439, #1749, #3144, #3419, #1127, #343, #3049, #2242, #3580, #1534, #146, #3140, #1388, #457, #2054, #1122, #3556, #644, #3039, #533, #1249, #3053, #3251, #2329, #2124, #1225, #2945, #857, #1427, #1230, #1493, #99, #2305, #1107, #2381, #2586, #1712, #2161, #1509, #2720 ) ) ;
#1349 = VERTEX_POINT ( 'NONE', #2062 ) ;
#1350 = FACE_OUTER_BOUND ( 'NONE', #3421, .T. ) ;
#1351 = COLOUR_RGB ( '',0.8431372549019607865, 0.8431372549019607865, 0.8431372549019607865 ) ;
#1352 = DIRECTION ( 'NONE',  ( 0.000000000000000000, 0.000000000000000000, 1.000000000000000000 ) ) ;
#1353 =( NAMED_UNIT ( * ) PLANE_ANGLE_UNIT ( ) SI_UNIT ( $, .RADIAN. ) );
#1354 = AXIS2_PLACEMENT_3D ( 'NONE', #716, #3524, #145 ) ;
#1355 = EDGE_LOOP ( 'NONE', ( #811, #2414, #3179, #1489 ) ) ;
#1356 = ORIENTED_EDGE ( 'NONE', *, *, #1033, .F. ) ;
#1357 =( LENGTH_UNIT ( ) NAMED_UNIT ( * ) SI_UNIT ( .MILLI., .METRE. ) );
#1358 = AXIS2_PLACEMENT_3D ( 'NONE', #256, #1937, #309 ) ;
#1359 = AXIS2_PLACEMENT_3D ( 'NONE', #1934, #1139, #2470 ) ;
#1360 = UNCERTAINTY_MEASURE_WITH_UNIT (LENGTH_MEASURE( 1.000000000000000082E-05 ), #1398, 'distance_accuracy_value', 'NONE');
#1361 = EDGE_LOOP ( 'NONE', ( #1521, #2151, #1231, #947 ) ) ;
#1362 = EDGE_CURVE ( 'NONE', #1874, #1932, #3324, .T. ) ;
#1363 = FACE_OUTER_BOUND ( 'NONE', #3501, .T. ) ;
#1364 = CARTESIAN_POINT ( 'NONE',  ( -0.7500000000000001110, 0.6250000000000000000, 0.2000000000000000389 ) ) ;
#1365 =( LENGTH_UNIT ( ) NAMED_UNIT ( * ) SI_UNIT ( .MILLI., .METRE. ) );
#1366 = VECTOR ( 'NONE', #3409, 1000.000000000000000 ) ;
#1367 = MECHANICAL_DESIGN_GEOMETRIC_PRESENTATION_REPRESENTATION (  '', ( #1871 ), #257 ) ;
#1368 = ORIENTED_EDGE ( 'NONE', *, *, #922, .F. ) ;
#1369 = VECTOR ( 'NONE', #643, 1000.000000000000000 ) ;
#1370 = LINE ( 'NONE', #247, #2450 ) ;
#1371 = SURFACE_STYLE_USAGE ( .BOTH. , #2769 ) ;
#1372 = VECTOR ( 'NONE', #2733, 1000.000000000000000 ) ;
#1373 = COLOUR_RGB ( '',0.7921568627450980005, 0.8196078431372548767, 0.9333333333333333481 ) ;
#1374 = CARTESIAN_POINT ( 'NONE',  ( 0.7500000000000000000, 0.6000000000000000888, 0.000000000000000000 ) ) ;
#1375 = SURFACE_STYLE_FILL_AREA ( #3264 ) ;
#1376 = AXIS2_PLACEMENT_3D ( 'NONE', #2913, #3529, #149 ) ;
#1377 = COLOUR_RGB ( '',0.8431372549019607865, 0.8431372549019607865, 0.8431372549019607865 ) ;
#1378 = LINE ( 'NONE', #1148, #2742 ) ;
#1379 = VERTEX_POINT ( 'NONE', #3562 ) ;
#1380 = DIRECTION ( 'NONE',  ( -0.000000000000000000, -0.000000000000000000, -1.000000000000000000 ) ) ;
#1381 = AXIS2_PLACEMENT_3D ( 'NONE', #2556, #1186, #931 ) ;
#1382 = UNCERTAINTY_MEASURE_WITH_UNIT (LENGTH_MEASURE( 1.000000000000000082E-05 ), #1910, 'distance_accuracy_value', 'NONE');
#1383 = EDGE_LOOP ( 'NONE', ( #665, #2901, #1494, #1687, #642, #1052, #3282, #1942, #2528, #835, #234, #2990, #1220, #3024, #3570, #854 ) ) ;
#1384 = CARTESIAN_POINT ( 'NONE',  ( 0.05000000000000002359, 0.5000000000000000000, 0.000000000000000000 ) ) ;
#1385 = DIRECTION ( 'NONE',  ( -1.000000000000000000, 0.000000000000000000, 0.000000000000000000 ) ) ;
#1386 = PRESENTATION_STYLE_ASSIGNMENT (( #1399 ) ) ;
#1387 = FILL_AREA_STYLE ('',( #3351 ) ) ;
#1388 = ADVANCED_FACE ( 'NONE', ( #1883 ), #1840, .F. ) ;
#1389 = CARTESIAN_POINT ( 'NONE',  ( -0.7499999999999997780, -0.3750000000000001110, 0.02500000000000000139 ) ) ;
#1390 = EDGE_CURVE ( 'NONE', #914, #1518, #1584, .T. ) ;
#1391 = ORIENTED_EDGE ( 'NONE', *, *, #307, .F. ) ;
#1392 = DIRECTION ( 'NONE',  ( -1.000000000000000000, 0.000000000000000000, 0.000000000000000000 ) ) ;
#1393 =( NAMED_UNIT ( * ) PLANE_ANGLE_UNIT ( ) SI_UNIT ( $, .RADIAN. ) );
#1394 = EDGE_CURVE ( 'NONE', #2418, #1629, #1336, .T. ) ;
#1395 =( LENGTH_UNIT ( ) NAMED_UNIT ( * ) SI_UNIT ( .MILLI., .METRE. ) );
#1396 = ORIENTED_EDGE ( 'NONE', *, *, #3207, .T. ) ;
#1397 = FILL_AREA_STYLE ('',( #2445 ) ) ;
#1398 =( LENGTH_UNIT ( ) NAMED_UNIT ( * ) SI_UNIT ( .MILLI., .METRE. ) );
#1399 = SURFACE_STYLE_USAGE ( .BOTH. , #268 ) ;
#1400 = PLANE ( 'NONE',  #495 ) ;
#1401 = VERTEX_POINT ( 'NONE', #1622 ) ;
#1402 = FILL_AREA_STYLE_COLOUR ( '', #2981 ) ;
#1403 = COLOUR_RGB ( '',0.2862745098039215508, 0.2862745098039215508, 0.2862745098039215508 ) ;
#1404 = DIRECTION ( 'NONE',  ( -0.000000000000000000, 1.000000000000000000, 0.000000000000000000 ) ) ;
#1405 = EDGE_CURVE ( 'NONE', #1845, #3201, #2400, .T. ) ;
#1406 = VECTOR ( 'NONE', #1212, 1000.000000000000000 ) ;
#1407 = CARTESIAN_POINT ( 'NONE',  ( 0.7500000000000000000, 0.3999999999999999667, 1.024621125123532206 ) ) ;
#1408 = AXIS2_PLACEMENT_3D ( 'NONE', #1926, #1875, #3277 ) ;
#1409 = ORIENTED_EDGE ( 'NONE', *, *, #49, .T. ) ;
#1410 = COLOUR_RGB ( '',0.8431372549019607865, 0.8431372549019607865, 0.8431372549019607865 ) ;
#1411 = DIRECTION ( 'NONE',  ( 0.000000000000000000, 0.000000000000000000, -1.000000000000000000 ) ) ;
#1412 = DIRECTION ( 'NONE',  ( 0.000000000000000000, -0.000000000000000000, 1.000000000000000000 ) ) ;
#1413 = DIRECTION ( 'NONE',  ( -0.000000000000000000, 0.000000000000000000, 1.000000000000000000 ) ) ;
#1414 = DIRECTION ( 'NONE',  ( 0.000000000000000000, -1.000000000000000000, 0.000000000000000000 ) ) ;
#1415 = FACE_OUTER_BOUND ( 'NONE', #386, .T. ) ;
#1416 = VECTOR ( 'NONE', #3479, 1000.000000000000000 ) ;
#1417 = SURFACE_STYLE_USAGE ( .BOTH. , #1105 ) ;
#1418 = AXIS2_PLACEMENT_3D ( 'NONE', #2088, #1836, #2141 ) ;
#1419 = CARTESIAN_POINT ( 'NONE',  ( 0.05000000000000002359, 0.5000000000000000000, 0.2000000000000000389 ) ) ;
#1420 = AXIS2_PLACEMENT_3D ( 'NONE', #3376, #2812, #1716 ) ;
#1421 = VECTOR ( 'NONE', #1769, 1000.000000000000000 ) ;
#1422 = ORIENTED_EDGE ( 'NONE', *, *, #3070, .T. ) ;
#1423 = LINE ( 'NONE', #1986, #2083 ) ;
#1424 = FILL_AREA_STYLE ('',( #2772 ) ) ;
#1425 = MECHANICAL_DESIGN_GEOMETRIC_PRESENTATION_REPRESENTATION (  '', ( #3090 ), #721 ) ;
#1426 =( GEOMETRIC_REPRESENTATION_CONTEXT ( 3 ) GLOBAL_UNCERTAINTY_ASSIGNED_CONTEXT ( ( #1182 ) ) GLOBAL_UNIT_ASSIGNED_CONTEXT ( ( #1994, #60, #2254 ) ) REPRESENTATION_CONTEXT ( 'NONE', 'WORKASPACE' ) );
#1427 = ADVANCED_FACE ( 'NONE', ( #1350 ), #2675, .T. ) ;
#1428 = EDGE_CURVE ( 'NONE', #587, #3143, #1298, .T. ) ;
#1429 = PRESENTATION_LAYER_ASSIGNMENT (  '', '', ( #77 ) ) ;
#1430 = CARTESIAN_POINT ( 'NONE',  ( -0.7250000000000000888, 0.7500000000000000000, 0.9750000000000000888 ) ) ;
#1431 = CARTESIAN_POINT ( 'NONE',  ( -0.7500000000000001110, 0.1250000000000000000, 0.2000000000000000389 ) ) ;
#1432 = SURFACE_SIDE_STYLE ('',( #1745 ) ) ;
#1433 = VECTOR ( 'NONE', #2244, 1000.000000000000000 ) ;
#1434 = LINE ( 'NONE', #2522, #1772 ) ;
#1435 = UNCERTAINTY_MEASURE_WITH_UNIT (LENGTH_MEASURE( 1.000000000000000082E-05 ), #2046, 'distance_accuracy_value', 'NONE');
#1436 = VERTEX_POINT ( 'NONE', #1065 ) ;
#1437 = DIRECTION ( 'NONE',  ( 1.000000000000000000, 0.000000000000000000, -0.000000000000000000 ) ) ;
#1438 = SURFACE_STYLE_USAGE ( .BOTH. , #565 ) ;
#1439 = CYLINDRICAL_SURFACE ( 'NONE', #2519, 0.1250000000000000555 ) ;
#1440 =( LENGTH_UNIT ( ) NAMED_UNIT ( * ) SI_UNIT ( .MILLI., .METRE. ) );
#1441 = ORIENTED_EDGE ( 'NONE', *, *, #2810, .T. ) ;
#1442 = DIRECTION ( 'NONE',  ( 0.000000000000000000, -0.000000000000000000, -1.000000000000000000 ) ) ;
#1443 = SURFACE_STYLE_USAGE ( .BOTH. , #1987 ) ;
#1444 = DIRECTION ( 'NONE',  ( -0.000000000000000000, -1.000000000000000000, 0.000000000000000000 ) ) ;
#1445 = DIRECTION ( 'NONE',  ( -0.000000000000000000, 0.000000000000000000, -1.000000000000000000 ) ) ;
#1446 = FILL_AREA_STYLE_COLOUR ( '', #1373 ) ;
#1447 = EDGE_CURVE ( 'NONE', #2526, #2551, #1805, .T. ) ;
#1448 = VERTEX_POINT ( 'NONE', #466 ) ;
#1449 = CARTESIAN_POINT ( 'NONE',  ( 0.7500000000000000000, 0.7500000000000000000, 0.02500000000000000139 ) ) ;
#1450 = SURFACE_STYLE_FILL_AREA ( #966 ) ;
#1451 = EDGE_CURVE ( 'NONE', #1345, #45, #2948, .T. ) ;
#1452 = DIRECTION ( 'NONE',  ( -0.000000000000000000, 0.000000000000000000, -1.000000000000000000 ) ) ;
#1453 = FACE_OUTER_BOUND ( 'NONE', #2307, .T. ) ;
#1454 = ORIENTED_EDGE ( 'NONE', *, *, #1451, .F. ) ;
#1455 = SURFACE_STYLE_USAGE ( .BOTH. , #3124 ) ;
#1456 = DIRECTION ( 'NONE',  ( -1.000000000000000000, 0.000000000000000000, 0.000000000000000000 ) ) ;
#1457 = DIRECTION ( 'NONE',  ( -1.445602896647338917E-16, 1.000000000000000000, 0.000000000000000000 ) ) ;
#1458 = CIRCLE ( 'NONE', #3306, 0.02499999999999995628 ) ;
#1459 = CYLINDRICAL_SURFACE ( 'NONE', #1256, 0.08749999999999995282 ) ;
#1460 = DIRECTION ( 'NONE',  ( 1.000000000000000000, 0.000000000000000000, -0.000000000000000000 ) ) ;
#1461 = COLOUR_RGB ( '',0.9607843137254902244, 0.9607843137254902244, 0.9607843137254902244 ) ;
#1462 = ORIENTED_EDGE ( 'NONE', *, *, #941, .T. ) ;
#1463 = CIRCLE ( 'NONE', #646, 0.02499999999999995628 ) ;
#1464 = AXIS2_PLACEMENT_3D ( 'NONE', #96, #3429, #113 ) ;
#1465 = CARTESIAN_POINT ( 'NONE',  ( -0.4750000000000000333, 0.000000000000000000, 0.2000000000000000389 ) ) ;
#1466 = CYLINDRICAL_SURFACE ( 'NONE', #3035, 0.08749999999999995282 ) ;
#1467 = MECHANICAL_DESIGN_GEOMETRIC_PRESENTATION_REPRESENTATION (  '', ( #3491 ), #1798 ) ;
#1468 = CARTESIAN_POINT ( 'NONE',  ( -0.7500000000000001110, 0.6250000000000000000, 0.000000000000000000 ) ) ;
#1469 = STYLED_ITEM ( 'NONE', ( #2631 ), #880 ) ;
#1470 = EDGE_CURVE ( 'NONE', #3395, #3091, #2612, .T. ) ;
#1471 = ORIENTED_EDGE ( 'NONE', *, *, #1580, .F. ) ;
#1472 = LINE ( 'NONE', #2558, #2454 ) ;
#1473 = SURFACE_SIDE_STYLE ('',( #1755 ) ) ;
#1474 = PRESENTATION_STYLE_ASSIGNMENT (( #2338 ) ) ;
#1475 = AXIS2_PLACEMENT_3D ( 'NONE', #1384, #1411, #1906 ) ;
#1476 = ORIENTED_EDGE ( 'NONE', *, *, #2923, .T. ) ;
#1477 = CARTESIAN_POINT ( 'NONE',  ( -0.5500000000000000444, 0.5500000000000000444, 0.9899999999999999911 ) ) ;
#1478 = STYLED_ITEM ( 'NONE', ( #3400 ), #2746 ) ;
#1479 = CARTESIAN_POINT ( 'NONE',  ( 0.7500000000000000000, -0.3999999999999999667, 0.2000000000000000389 ) ) ;
#1480 =( NAMED_UNIT ( * ) PLANE_ANGLE_UNIT ( ) SI_UNIT ( $, .RADIAN. ) );
#1481 = COLOUR_RGB ( '',0.8431372549019607865, 0.8431372549019607865, 0.8431372549019607865 ) ;
#1482 = MECHANICAL_DESIGN_GEOMETRIC_PRESENTATION_REPRESENTATION (  '', ( #3394 ), #1715 ) ;
#1483 = PRESENTATION_LAYER_ASSIGNMENT (  '', '', ( #3038 ) ) ;
#1484 = ORIENTED_EDGE ( 'NONE', *, *, #2075, .T. ) ;
#1485 =( GEOMETRIC_REPRESENTATION_CONTEXT ( 3 ) GLOBAL_UNCERTAINTY_ASSIGNED_CONTEXT ( ( #538 ) ) GLOBAL_UNIT_ASSIGNED_CONTEXT ( ( #2284, #636, #1777 ) ) REPRESENTATION_CONTEXT ( 'NONE', 'WORKASPACE' ) );
#1486 = CARTESIAN_POINT ( 'NONE',  ( -0.7250000000000000888, 0.7500000000000000000, 0.02500000000000000139 ) ) ;
#1487 = CARTESIAN_POINT ( 'NONE',  ( -0.7500000000000000000, -0.6250000000000000000, 0.000000000000000000 ) ) ;
#1488 = PRESENTATION_LAYER_ASSIGNMENT (  '', '', ( #1150 ) ) ;
#1489 = ORIENTED_EDGE ( 'NONE', *, *, #2421, .F. ) ;
#1490 = FILL_AREA_STYLE_COLOUR ( '', #1095 ) ;
#1491 = FILL_AREA_STYLE ('',( #2262 ) ) ;
#1492 = EDGE_CURVE ( 'NONE', #1781, #1518, #2797, .T. ) ;
#1493 = ADVANCED_FACE ( 'NONE', ( #1321 ), #3284, .T. ) ;
#1494 = ORIENTED_EDGE ( 'NONE', *, *, #1169, .T. ) ;
#1495 = CARTESIAN_POINT ( 'NONE',  ( -0.4750000000000000333, 0.000000000000000000, 0.2000000000000000389 ) ) ;
#1496 =( NAMED_UNIT ( * ) SI_UNIT ( $, .STERADIAN. ) SOLID_ANGLE_UNIT ( ) );
#1497 = ADVANCED_FACE ( 'NONE', ( #1606 ), #2216, .T. ) ;
#1498 = SURFACE_STYLE_FILL_AREA ( #2023 ) ;
#1499 = DIRECTION ( 'NONE',  ( -1.000000000000000000, 0.000000000000000000, 0.000000000000000000 ) ) ;
#1500 = EDGE_LOOP ( 'NONE', ( #2028, #1759, #2646, #1073 ) ) ;
#1501 = ORIENTED_EDGE ( 'NONE', *, *, #1447, .T. ) ;
#1502 = DIRECTION ( 'NONE',  ( 1.000000000000000000, -0.000000000000000000, -0.000000000000000000 ) ) ;
#1503 = LINE ( 'NONE', #2803, #2743 ) ;
#1504 = DIRECTION ( 'NONE',  ( -0.000000000000000000, 0.000000000000000000, 1.000000000000000000 ) ) ;
#1505 = EDGE_LOOP ( 'NONE', ( #3299, #1957, #1626, #3233 ) ) ;
#1506 = DIRECTION ( 'NONE',  ( 0.000000000000000000, 1.000000000000000000, 0.000000000000000000 ) ) ;
#1507 = ORIENTED_EDGE ( 'NONE', *, *, #1988, .F. ) ;
#1508 =( LENGTH_UNIT ( ) NAMED_UNIT ( * ) SI_UNIT ( .MILLI., .METRE. ) );
#1509 = ADVANCED_FACE ( 'NONE', ( #585 ), #3583, .F. ) ;
#1510 = DIRECTION ( 'NONE',  ( -0.000000000000000000, -0.000000000000000000, -1.000000000000000000 ) ) ;
#1511 = CARTESIAN_POINT ( 'NONE',  ( -0.4750000000000000333, 0.000000000000000000, 0.2000000000000000389 ) ) ;
#1512 = DIRECTION ( 'NONE',  ( 0.000000000000000000, 0.000000000000000000, -1.000000000000000000 ) ) ;
#1513 = EDGE_CURVE ( 'NONE', #2701, #1401, #817, .T. ) ;
#1514 =( LENGTH_UNIT ( ) NAMED_UNIT ( * ) SI_UNIT ( .MILLI., .METRE. ) );
#1515 =( LENGTH_UNIT ( ) NAMED_UNIT ( * ) SI_UNIT ( .MILLI., .METRE. ) );
#1516 = CARTESIAN_POINT ( 'NONE',  ( 0.000000000000000000, -0.7250000000000000888, 0.9750000000000000888 ) ) ;
#1517 = VECTOR ( 'NONE', #1637, 1000.000000000000000 ) ;
#1518 = VERTEX_POINT ( 'NONE', #1901 ) ;
#1519 = SURFACE_STYLE_FILL_AREA ( #2104 ) ;
#1520 =( GEOMETRIC_REPRESENTATION_CONTEXT ( 3 ) GLOBAL_UNCERTAINTY_ASSIGNED_CONTEXT ( ( #852 ) ) GLOBAL_UNIT_ASSIGNED_CONTEXT ( ( #597, #46, #344 ) ) REPRESENTATION_CONTEXT ( 'NONE', 'WORKASPACE' ) );
#1521 = ORIENTED_EDGE ( 'NONE', *, *, #238, .T. ) ;
#1522 = PRESENTATION_LAYER_ASSIGNMENT (  '', '', ( #1856 ) ) ;
#1523 = SURFACE_STYLE_FILL_AREA ( #409 ) ;
#1524 = VECTOR ( 'NONE', #1529, 1000.000000000000000 ) ;
#1525 = EDGE_LOOP ( 'NONE', ( #2823, #733, #1575, #1117 ) ) ;
#1526 = DIRECTION ( 'NONE',  ( 0.000000000000000000, -0.000000000000000000, -1.000000000000000000 ) ) ;
#1527 = DIRECTION ( 'NONE',  ( 0.000000000000000000, 0.000000000000000000, 1.000000000000000000 ) ) ;
#1528 = AXIS2_PLACEMENT_3D ( 'NONE', #3245, #728, #746 ) ;
#1529 = DIRECTION ( 'NONE',  ( -1.000000000000000000, 0.000000000000000000, 0.000000000000000000 ) ) ;
#1530 = FACE_OUTER_BOUND ( 'NONE', #1735, .T. ) ;
#1531 =( GEOMETRIC_REPRESENTATION_CONTEXT ( 3 ) GLOBAL_UNCERTAINTY_ASSIGNED_CONTEXT ( ( #2942 ) ) GLOBAL_UNIT_ASSIGNED_CONTEXT ( ( #1964, #1141, #863 ) ) REPRESENTATION_CONTEXT ( 'NONE', 'WORKASPACE' ) );
#1532 = LINE ( 'NONE', #2066, #3447 ) ;
#1533 = PRESENTATION_LAYER_ASSIGNMENT (  '', '', ( #484 ) ) ;
#1534 = ADVANCED_FACE ( 'NONE', ( #301 ), #2512, .T. ) ;
#1535 = EDGE_CURVE ( 'NONE', #2701, #2692, #274, .T. ) ;
#1536 = CIRCLE ( 'NONE', #2210, 0.1000000000000000472 ) ;
#1537 = MECHANICAL_DESIGN_GEOMETRIC_PRESENTATION_REPRESENTATION (  '', ( #69 ), #2916 ) ;
#1538 = ORIENTED_EDGE ( 'NONE', *, *, #985, .T. ) ;
#1539 = CARTESIAN_POINT ( 'NONE',  ( 0.05000000000000002359, 0.5000000000000000000, 1.024621125123532206 ) ) ;
#1540 = AXIS2_PLACEMENT_3D ( 'NONE', #571, #1679, #1442 ) ;
#1541 = ORIENTED_EDGE ( 'NONE', *, *, #2007, .T. ) ;
#1542 = LINE ( 'NONE', #180, #2903 ) ;
#1543 =( NAMED_UNIT ( * ) PLANE_ANGLE_UNIT ( ) SI_UNIT ( $, .RADIAN. ) );
#1544 = CARTESIAN_POINT ( 'NONE',  ( 0.05000000000000002359, -0.5000000000000000000, 0.2000000000000000389 ) ) ;
#1545 = VECTOR ( 'NONE', #3222, 1000.000000000000000 ) ;
#1546 = ORIENTED_EDGE ( 'NONE', *, *, #686, .T. ) ;
#1547 = FILL_AREA_STYLE ('',( #2415 ) ) ;
#1548 = STYLED_ITEM ( 'NONE', ( #3424 ), #3439 ) ;
#1549 = CARTESIAN_POINT ( 'NONE',  ( -0.4625000000000000777, 0.5500000000000000444, 0.9899999999999999911 ) ) ;
#1550 = SURFACE_STYLE_USAGE ( .BOTH. , #510 ) ;
#1551 =( LENGTH_UNIT ( ) NAMED_UNIT ( * ) SI_UNIT ( .MILLI., .METRE. ) );
#1552 =( LENGTH_UNIT ( ) NAMED_UNIT ( * ) SI_UNIT ( .MILLI., .METRE. ) );
#1553 = DIRECTION ( 'NONE',  ( 0.000000000000000000, -1.000000000000000000, 0.000000000000000000 ) ) ;
#1554 = ORIENTED_EDGE ( 'NONE', *, *, #807, .F. ) ;
#1555 = CARTESIAN_POINT ( 'NONE',  ( 0.05000000000000002359, 0.5000000000000000000, 0.02500000000000000139 ) ) ;
#1556 = DIRECTION ( 'NONE',  ( -0.000000000000000000, -0.000000000000000000, 1.000000000000000000 ) ) ;
#1557 = UNCERTAINTY_MEASURE_WITH_UNIT (LENGTH_MEASURE( 1.000000000000000082E-05 ), #1891, 'distance_accuracy_value', 'NONE');
#1558 = ORIENTED_EDGE ( 'NONE', *, *, #3180, .F. ) ;
#1559 =( NAMED_UNIT ( * ) SI_UNIT ( $, .STERADIAN. ) SOLID_ANGLE_UNIT ( ) );
#1560 = EDGE_CURVE ( 'NONE', #2085, #50, #323, .T. ) ;
#1561 = PRESENTATION_STYLE_ASSIGNMENT (( #1725 ) ) ;
#1562 = SURFACE_SIDE_STYLE ('',( #1619 ) ) ;
#1563 = ORIENTED_EDGE ( 'NONE', *, *, #2875, .F. ) ;
#1564 = FACE_OUTER_BOUND ( 'NONE', #1803, .T. ) ;
#1565 = PLANE ( 'NONE',  #1796 ) ;
#1566 = CARTESIAN_POINT ( 'NONE',  ( 0.7500000000000000000, 0.1000000000000000472, 0.2000000000000000389 ) ) ;
#1567 = CARTESIAN_POINT ( 'NONE',  ( 0.05000000000000002359, -0.1000000000000000472, 1.024621125123532206 ) ) ;
#1568 = ORIENTED_EDGE ( 'NONE', *, *, #2375, .F. ) ;
#1569 = ORIENTED_EDGE ( 'NONE', *, *, #1857, .F. ) ;
#1570 = SURFACE_SIDE_STYLE ('',( #1270 ) ) ;
#1571 = SURFACE_SIDE_STYLE ('',( #1020 ) ) ;
#1572 = AXIS2_PLACEMENT_3D ( 'NONE', #435, #2417, #3510 ) ;
#1573 = DIRECTION ( 'NONE',  ( 0.000000000000000000, 0.000000000000000000, -1.000000000000000000 ) ) ;
#1574 = UNCERTAINTY_MEASURE_WITH_UNIT (LENGTH_MEASURE( 1.000000000000000082E-05 ), #668, 'distance_accuracy_value', 'NONE');
#1575 = ORIENTED_EDGE ( 'NONE', *, *, #2404, .T. ) ;
#1576 = LINE ( 'NONE', #2368, #3191 ) ;
#1577 = DIRECTION ( 'NONE',  ( 1.445602896647339163E-16, -1.000000000000000000, 0.000000000000000000 ) ) ;
#1578 = VECTOR ( 'NONE', #2061, 1000.000000000000000 ) ;
#1579 = FILL_AREA_STYLE ('',( #1601 ) ) ;
#1580 = EDGE_CURVE ( 'NONE', #2633, #2297, #3392, .T. ) ;
#1581 = AXIS2_PLACEMENT_3D ( 'NONE', #16, #1184, #1733 ) ;
#1582 = ORIENTED_EDGE ( 'NONE', *, *, #2880, .T. ) ;
#1583 = CARTESIAN_POINT ( 'NONE',  ( -0.3500000000000001443, 0.6250000000000000000, 0.2000000000000000944 ) ) ;
#1584 = LINE ( 'NONE', #1549, #1589 ) ;
#1585 = VECTOR ( 'NONE', #445, 1000.000000000000000 ) ;
#1586 = FILL_AREA_STYLE_COLOUR ( '', #2747 ) ;
#1587 = CARTESIAN_POINT ( 'NONE',  ( -0.7500000000000000000, -0.3750000000000000000, 0.2000000000000000944 ) ) ;
#1588 = PLANE ( 'NONE',  #2200 ) ;
#1589 = VECTOR ( 'NONE', #509, 1000.000000000000000 ) ;
#1590 = PRODUCT ( 'TPS62824DMQR', 'TPS62824DMQR', '', ( #1669 ) ) ;
#1591 = ORIENTED_EDGE ( 'NONE', *, *, #2183, .F. ) ;
#1592 = VECTOR ( 'NONE', #3597, 1000.000000000000000 ) ;
#1593 = PRESENTATION_LAYER_ASSIGNMENT (  '', '', ( #253 ) ) ;
#1594 = DIRECTION ( 'NONE',  ( 0.000000000000000000, 0.000000000000000000, -1.000000000000000000 ) ) ;
#1595 = CIRCLE ( 'NONE', #550, 0.02499999999999995628 ) ;
#1596 = VECTOR ( 'NONE', #3553, 1000.000000000000000 ) ;
#1597 = LINE ( 'NONE', #999, #2399 ) ;
#1598 = ORIENTED_EDGE ( 'NONE', *, *, #1965, .T. ) ;
#1599 = FILL_AREA_STYLE ('',( #428 ) ) ;
#1600 = AXIS2_PLACEMENT_3D ( 'NONE', #1516, #2922, #437 ) ;
#1601 = FILL_AREA_STYLE_COLOUR ( '', #3081 ) ;
#1602 = LINE ( 'NONE', #3543, #81 ) ;
#1603 = CIRCLE ( 'NONE', #3153, 0.02499999999999995628 ) ;
#1604 = ORIENTED_EDGE ( 'NONE', *, *, #3181, .F. ) ;
#1605 = SURFACE_STYLE_FILL_AREA ( #1547 ) ;
#1606 = FACE_OUTER_BOUND ( 'NONE', #2608, .T. ) ;
#1607 = EDGE_CURVE ( 'NONE', #2469, #982, #916, .T. ) ;
#1608 = EDGE_CURVE ( 'NONE', #1217, #2294, #648, .T. ) ;
#1609 = DIRECTION ( 'NONE',  ( 0.000000000000000000, 0.000000000000000000, 1.000000000000000000 ) ) ;
#1610 = CYLINDRICAL_SURFACE ( 'NONE', #2962, 0.1250000000000000000 ) ;
#1611 = ADVANCED_FACE ( 'NONE', ( #3369 ), #1207, .F. ) ;
#1612 = PRODUCT_DEFINITION_FORMATION_WITH_SPECIFIED_SOURCE ( 'ANY', '', #1590, .NOT_KNOWN. ) ;
#1613 = ORIENTED_EDGE ( 'NONE', *, *, #1754, .F. ) ;
#1614 = ORIENTED_EDGE ( 'NONE', *, *, #396, .T. ) ;
#1615 = CARTESIAN_POINT ( 'NONE',  ( 0.7500000000000000000, -0.7250000000000000888, 1.000000000000000000 ) ) ;
#1616 = EDGE_LOOP ( 'NONE', ( #2613, #3593, #3018, #681, #567 ) ) ;
#1617 = SURFACE_STYLE_FILL_AREA ( #562 ) ;
#1618 = CARTESIAN_POINT ( 'NONE',  ( 0.05000000000000002359, -0.5000000000000000000, 0.2000000000000000389 ) ) ;
#1619 = SURFACE_STYLE_FILL_AREA ( #1086 ) ;
#1620 = ORIENTED_EDGE ( 'NONE', *, *, #95, .T. ) ;
#1621 =( NAMED_UNIT ( * ) PLANE_ANGLE_UNIT ( ) SI_UNIT ( $, .RADIAN. ) );
#1622 = CARTESIAN_POINT ( 'NONE',  ( -0.7500000000000001110, 0.3750000000000000000, 0.2000000000000000389 ) ) ;
#1623 = DIRECTION ( 'NONE',  ( 1.000000000000000000, 0.000000000000000000, 0.000000000000000000 ) ) ;
#1624 = EDGE_CURVE ( 'NONE', #3571, #1098, #92, .T. ) ;
#1625 = ORIENTED_EDGE ( 'NONE', *, *, #1226, .F. ) ;
#1626 = ORIENTED_EDGE ( 'NONE', *, *, #1327, .F. ) ;
#1627 = SURFACE_STYLE_USAGE ( .BOTH. , #3552 ) ;
#1628 = PRESENTATION_STYLE_ASSIGNMENT (( #1342 ) ) ;
#1629 = VERTEX_POINT ( 'NONE', #2542 ) ;
#1630 = DIRECTION ( 'NONE',  ( 0.000000000000000000, 0.000000000000000000, -1.000000000000000000 ) ) ;
#1631 =( NAMED_UNIT ( * ) PLANE_ANGLE_UNIT ( ) SI_UNIT ( $, .RADIAN. ) );
#1632 = ORIENTED_EDGE ( 'NONE', *, *, #3163, .F. ) ;
#1633 = CARTESIAN_POINT ( 'NONE',  ( 0.05000000000000002359, -0.6000000000000000888, 0.2000000000000000944 ) ) ;
#1634 = PLANE ( 'NONE',  #1660 ) ;
#1635 = VECTOR ( 'NONE', #1969, 1000.000000000000000 ) ;
#1636 = CARTESIAN_POINT ( 'NONE',  ( -0.5500000000000000444, 0.5500000000000000444, 1.000000000000000000 ) ) ;
#1637 = DIRECTION ( 'NONE',  ( 1.000000000000000000, 0.000000000000000000, 0.000000000000000000 ) ) ;
#1638 = MECHANICAL_DESIGN_GEOMETRIC_PRESENTATION_REPRESENTATION (  '', ( #350 ), #3132 ) ;
#1639 =( GEOMETRIC_REPRESENTATION_CONTEXT ( 3 ) GLOBAL_UNCERTAINTY_ASSIGNED_CONTEXT ( ( #3048 ) ) GLOBAL_UNIT_ASSIGNED_CONTEXT ( ( #135, #1266, #2076 ) ) REPRESENTATION_CONTEXT ( 'NONE', 'WORKASPACE' ) );
#1640 = LINE ( 'NONE', #3046, #2974 ) ;
#1641 = ORIENTED_EDGE ( 'NONE', *, *, #1832, .F. ) ;
#1642 = VECTOR ( 'NONE', #3533, 1000.000000000000000 ) ;
#1643 = EDGE_CURVE ( 'NONE', #2239, #19, #667, .T. ) ;
#1644 = ADVANCED_FACE ( 'NONE', ( #893 ), #621, .F. ) ;
#1645 =( NAMED_UNIT ( * ) PLANE_ANGLE_UNIT ( ) SI_UNIT ( $, .RADIAN. ) );
#1646 = VECTOR ( 'NONE', #2909, 1000.000000000000000 ) ;
#1647 = STYLED_ITEM ( 'NONE', ( #877 ), #1497 ) ;
#1648 = UNCERTAINTY_MEASURE_WITH_UNIT (LENGTH_MEASURE( 1.000000000000000082E-05 ), #1277, 'distance_accuracy_value', 'NONE');
#1649 = ORIENTED_EDGE ( 'NONE', *, *, #345, .F. ) ;
#1650 =( NAMED_UNIT ( * ) PLANE_ANGLE_UNIT ( ) SI_UNIT ( $, .RADIAN. ) );
#1651 =( NAMED_UNIT ( * ) SI_UNIT ( $, .STERADIAN. ) SOLID_ANGLE_UNIT ( ) );
#1652 = DIRECTION ( 'NONE',  ( 0.000000000000000000, 0.000000000000000000, -1.000000000000000000 ) ) ;
#1653 = AXIS2_PLACEMENT_3D ( 'NONE', #1618, #758, #2143 ) ;
#1654 = VECTOR ( 'NONE', #1896, 1000.000000000000000 ) ;
#1655 = SURFACE_STYLE_FILL_AREA ( #815 ) ;
#1656 = PRESENTATION_LAYER_ASSIGNMENT (  '', '', ( #5 ) ) ;
#1657 = ORIENTED_EDGE ( 'NONE', *, *, #1007, .T. ) ;
#1658 = CARTESIAN_POINT ( 'NONE',  ( 0.05000000000000002359, -0.5000000000000000000, 0.02500000000000000139 ) ) ;
#1659 = DIRECTION ( 'NONE',  ( -0.000000000000000000, -1.000000000000000000, -0.000000000000000000 ) ) ;
#1660 = AXIS2_PLACEMENT_3D ( 'NONE', #3322, #1404, #1119 ) ;
#1661 = FILL_AREA_STYLE_COLOUR ( '', #1989 ) ;
#1662 = FILL_AREA_STYLE ('',( #552 ) ) ;
#1663 =( GEOMETRIC_REPRESENTATION_CONTEXT ( 3 ) GLOBAL_UNCERTAINTY_ASSIGNED_CONTEXT ( ( #1312 ) ) GLOBAL_UNIT_ASSIGNED_CONTEXT ( ( #2693, #2131, #2634 ) ) REPRESENTATION_CONTEXT ( 'NONE', 'WORKASPACE' ) );
#1664 = CIRCLE ( 'NONE', #2391, 0.1000000000000000472 ) ;
#1665 = CARTESIAN_POINT ( 'NONE',  ( -0.3500000000000001443, 0.3750000000000000000, 0.2000000000000000389 ) ) ;
#1666 = DIRECTION ( 'NONE',  ( 1.000000000000000000, 0.000000000000000000, 0.000000000000000000 ) ) ;
#1667 = CIRCLE ( 'NONE', #3098, 0.1250000000000000000 ) ;
#1668 = CARTESIAN_POINT ( 'NONE',  ( 0.05000000000000002359, 0.5000000000000000000, 0.2000000000000000944 ) ) ;
#1669 = PRODUCT_CONTEXT ( 'NONE', #3473, 'mechanical' ) ;
#1670 = ORIENTED_EDGE ( 'NONE', *, *, #2923, .F. ) ;
#1671 = LINE ( 'NONE', #2426, #347 ) ;
#1672 = CARTESIAN_POINT ( 'NONE',  ( -0.3500000000000001443, 0.6250000000000000000, 0.2000000000000000389 ) ) ;
#1673 = PRESENTATION_STYLE_ASSIGNMENT (( #1438 ) ) ;
#1674 = DIRECTION ( 'NONE',  ( -1.000000000000000000, 0.000000000000000000, 0.000000000000000000 ) ) ;
#1675 = EDGE_CURVE ( 'NONE', #1866, #3425, #2037, .T. ) ;
#1676 = ORIENTED_EDGE ( 'NONE', *, *, #2672, .F. ) ;
#1677 = CYLINDRICAL_SURFACE ( 'NONE', #1822, 0.1000000000000000472 ) ;
#1678 = SURFACE_SIDE_STYLE ('',( #838 ) ) ;
#1679 = DIRECTION ( 'NONE',  ( 0.000000000000000000, -1.000000000000000000, 0.000000000000000000 ) ) ;
#1680 = LINE ( 'NONE', #44, #3480 ) ;
#1681 = CARTESIAN_POINT ( 'NONE',  ( -0.7499999999999997780, -0.7250000000000001998, 1.000000000000000000 ) ) ;
#1682 = APPLICATION_PROTOCOL_DEFINITION ( 'draft international standard', 'automotive_design', 1998, #3473 ) ;
#1683 = UNCERTAINTY_MEASURE_WITH_UNIT (LENGTH_MEASURE( 1.000000000000000082E-05 ), #1730, 'distance_accuracy_value', 'NONE');
#1684 = ORIENTED_EDGE ( 'NONE', *, *, #2304, .F. ) ;
#1685 = CARTESIAN_POINT ( 'NONE',  ( 0.7250000000000000888, -0.7250000000000000888, 0.9750000000000000888 ) ) ;
#1686 = PRESENTATION_STYLE_ASSIGNMENT (( #2816 ) ) ;
#1687 = ORIENTED_EDGE ( 'NONE', *, *, #1790, .F. ) ;
#1688 = DIRECTION ( 'NONE',  ( 1.000000000000000000, 0.000000000000000000, 0.000000000000000000 ) ) ;
#1689 = CARTESIAN_POINT ( 'NONE',  ( -0.4750000000000001443, 0.3750000000000000000, 0.2000000000000000389 ) ) ;
#1690 = CIRCLE ( 'NONE', #2019, 0.1250000000000000000 ) ;
#1691 = CARTESIAN_POINT ( 'NONE',  ( 0.7249999999999999778, -0.7500000000000000000, 0.02500000000000000139 ) ) ;
#1692 = ADVANCED_FACE ( 'NONE', ( #3443 ), #1240, .T. ) ;
#1693 = EDGE_CURVE ( 'NONE', #479, #3128, #460, .T. ) ;
#1694 = VERTEX_POINT ( 'NONE', #2647 ) ;
#1695 = SURFACE_STYLE_USAGE ( .BOTH. , #3026 ) ;
#1696 = AXIS2_PLACEMENT_3D ( 'NONE', #791, #1594, #2741 ) ;
#1697 = CARTESIAN_POINT ( 'NONE',  ( 0.05000000000000001665, 0.6000000000000000888, 0.2000000000000000944 ) ) ;
#1698 = CARTESIAN_POINT ( 'NONE',  ( 0.7500000000000000000, -0.3999999999999999667, 0.2000000000000000389 ) ) ;
#1699 = VECTOR ( 'NONE', #1291, 1000.000000000000000 ) ;
#1700 = ORIENTED_EDGE ( 'NONE', *, *, #1848, .F. ) ;
#1701 = STYLED_ITEM ( 'NONE', ( #1762 ), #1055 ) ;
#1702 = FILL_AREA_STYLE_COLOUR ( '', #1872 ) ;
#1703 = DIRECTION ( 'NONE',  ( 0.000000000000000000, -1.000000000000000000, 0.000000000000000000 ) ) ;
#1704 = AXIS2_PLACEMENT_3D ( 'NONE', #2968, #2093, #2115 ) ;
#1705 = EDGE_LOOP ( 'NONE', ( #661, #1684, #2978, #2767 ) ) ;
#1706 = FACE_OUTER_BOUND ( 'NONE', #1500, .T. ) ;
#1707 = AXIS2_PLACEMENT_3D ( 'NONE', #1950, #3302, #3094 ) ;
#1708 = VECTOR ( 'NONE', #3526, 1000.000000000000000 ) ;
#1709 = VECTOR ( 'NONE', #1703, 1000.000000000000000 ) ;
#1710 = ORIENTED_EDGE ( 'NONE', *, *, #2518, .F. ) ;
#1711 =( NAMED_UNIT ( * ) PLANE_ANGLE_UNIT ( ) SI_UNIT ( $, .RADIAN. ) );
#1712 = ADVANCED_FACE ( 'NONE', ( #2670 ), #1259, .T. ) ;
#1713 = CARTESIAN_POINT ( 'NONE',  ( -0.7500000000000000000, -0.6250000000000000000, 0.2000000000000000389 ) ) ;
#1714 = MECHANICAL_DESIGN_GEOMETRIC_PRESENTATION_REPRESENTATION (  '', ( #1984 ), #2448 ) ;
#1715 =( GEOMETRIC_REPRESENTATION_CONTEXT ( 3 ) GLOBAL_UNCERTAINTY_ASSIGNED_CONTEXT ( ( #2999 ) ) GLOBAL_UNIT_ASSIGNED_CONTEXT ( ( #1508, #3096, #380 ) ) REPRESENTATION_CONTEXT ( 'NONE', 'WORKASPACE' ) );
#1716 = DIRECTION ( 'NONE',  ( 1.000000000000000000, 0.000000000000000000, 0.000000000000000000 ) ) ;
#1717 = EDGE_CURVE ( 'NONE', #3050, #962, #2412, .T. ) ;
#1718 = PRESENTATION_STYLE_ASSIGNMENT (( #612 ) ) ;
#1719 = SURFACE_STYLE_FILL_AREA ( #2010 ) ;
#1720 = MECHANICAL_DESIGN_GEOMETRIC_PRESENTATION_REPRESENTATION (  '', ( #2331 ), #265 ) ;
#1721 = UNCERTAINTY_MEASURE_WITH_UNIT (LENGTH_MEASURE( 1.000000000000000082E-05 ), #1440, 'distance_accuracy_value', 'NONE');
#1722 = ORIENTED_EDGE ( 'NONE', *, *, #2489, .F. ) ;
#1723 = CARTESIAN_POINT ( 'NONE',  ( -0.5500000000000000444, 0.5500000000000000444, 0.9899999999999999911 ) ) ;
#1724 = ORIENTED_EDGE ( 'NONE', *, *, #807, .T. ) ;
#1725 = SURFACE_STYLE_USAGE ( .BOTH. , #2610 ) ;
#1726 = CARTESIAN_POINT ( 'NONE',  ( -0.7500000000000001110, -0.1250000000000000000, 0.000000000000000000 ) ) ;
#1727 = EDGE_LOOP ( 'NONE', ( #2787, #3528, #3160, #747 ) ) ;
#1728 = SURFACE_STYLE_FILL_AREA ( #3131 ) ;
#1729 = FILL_AREA_STYLE ('',( #2758 ) ) ;
#1730 =( LENGTH_UNIT ( ) NAMED_UNIT ( * ) SI_UNIT ( .MILLI., .METRE. ) );
#1731 = EDGE_CURVE ( 'NONE', #2891, #2309, #1047, .T. ) ;
#1732 = ORIENTED_EDGE ( 'NONE', *, *, #1717, .T. ) ;
#1733 = DIRECTION ( 'NONE',  ( 1.000000000000000000, 0.000000000000000000, -0.000000000000000000 ) ) ;
#1734 = DIRECTION ( 'NONE',  ( 0.000000000000000000, 1.000000000000000000, -0.000000000000000000 ) ) ;
#1735 = EDGE_LOOP ( 'NONE', ( #583, #2622 ) ) ;
#1736 = PLANE ( 'NONE',  #434 ) ;
#1737 = DIRECTION ( 'NONE',  ( -0.000000000000000000, -0.000000000000000000, -1.000000000000000000 ) ) ;
#1738 = ORIENTED_EDGE ( 'NONE', *, *, #874, .F. ) ;
#1739 = COLOUR_RGB ( '',0.8431372549019607865, 0.8431372549019607865, 0.8431372549019607865 ) ;
#1740 = FILL_AREA_STYLE ('',( #935 ) ) ;
#1741 = PRESENTATION_STYLE_ASSIGNMENT (( #651 ) ) ;
#1742 = LINE ( 'NONE', #3470, #2658 ) ;
#1743 = FACE_OUTER_BOUND ( 'NONE', #3346, .T. ) ;
#1744 =( GEOMETRIC_REPRESENTATION_CONTEXT ( 3 ) GLOBAL_UNCERTAINTY_ASSIGNED_CONTEXT ( ( #1360 ) ) GLOBAL_UNIT_ASSIGNED_CONTEXT ( ( #1398, #813, #1651 ) ) REPRESENTATION_CONTEXT ( 'NONE', 'WORKASPACE' ) );
#1745 = SURFACE_STYLE_FILL_AREA ( #2844 ) ;
#1746 = PRESENTATION_LAYER_ASSIGNMENT (  '', '', ( #3316 ) ) ;
#1747 = UNCERTAINTY_MEASURE_WITH_UNIT (LENGTH_MEASURE( 1.000000000000000082E-05 ), #1247, 'distance_accuracy_value', 'NONE');
#1748 = ORIENTED_EDGE ( 'NONE', *, *, #3070, .F. ) ;
#1749 = ADVANCED_FACE ( 'NONE', ( #481 ), #3255, .F. ) ;
#1750 = EDGE_CURVE ( 'NONE', #1794, #2995, #542, .T. ) ;
#1751 = CARTESIAN_POINT ( 'NONE',  ( -0.05000000000000002359, 0.000000000000000000, 0.000000000000000000 ) ) ;
#1752 = FACE_OUTER_BOUND ( 'NONE', #385, .T. ) ;
#1753 =( NAMED_UNIT ( * ) SI_UNIT ( $, .STERADIAN. ) SOLID_ANGLE_UNIT ( ) );
#1754 = EDGE_CURVE ( 'NONE', #2930, #596, #2776, .T. ) ;
#1755 = SURFACE_STYLE_FILL_AREA ( #1491 ) ;
#1756 = PRESENTATION_STYLE_ASSIGNMENT (( #2072 ) ) ;
#1757 = AXIS2_PLACEMENT_3D ( 'NONE', #862, #39, #1963 ) ;
#1758 = VECTOR ( 'NONE', #1737, 1000.000000000000000 ) ;
#1759 = ORIENTED_EDGE ( 'NONE', *, *, #1608, .F. ) ;
#1760 = MECHANICAL_DESIGN_GEOMETRIC_PRESENTATION_REPRESENTATION (  '', ( #1647 ), #3029 ) ;
#1761 = MECHANICAL_DESIGN_GEOMETRIC_PRESENTATION_REPRESENTATION (  '', ( #2740 ), #1140 ) ;
#1762 = PRESENTATION_STYLE_ASSIGNMENT (( #1267 ) ) ;
#1763 = COLOUR_RGB ( '',0.7921568627450980005, 0.8196078431372548767, 0.9333333333333333481 ) ;
#1764 =( NAMED_UNIT ( * ) SI_UNIT ( $, .STERADIAN. ) SOLID_ANGLE_UNIT ( ) );
#1765 = AXIS2_PLACEMENT_3D ( 'NONE', #1335, #700, #1859 ) ;
#1766 = STYLED_ITEM ( 'NONE', ( #28 ), #2069 ) ;
#1767 = EDGE_LOOP ( 'NONE', ( #800, #539, #2984, #2704 ) ) ;
#1768 = AXIS2_PLACEMENT_3D ( 'NONE', #801, #2782, #1949 ) ;
#1769 = DIRECTION ( 'NONE',  ( -1.000000000000000000, 0.000000000000000000, 0.000000000000000000 ) ) ;
#1770 = ADVANCED_FACE ( 'NONE', ( #2748 ), #3315, .T. ) ;
#1771 = CARTESIAN_POINT ( 'NONE',  ( 0.000000000000000000, 0.000000000000000000, 1.000000000000000000 ) ) ;
#1772 = VECTOR ( 'NONE', #262, 1000.000000000000000 ) ;
#1773 = VERTEX_POINT ( 'NONE', #1928 ) ;
#1774 = LINE ( 'NONE', #2260, #1433 ) ;
#1775 = EDGE_CURVE ( 'NONE', #1161, #3571, #1945, .T. ) ;
#1776 = ORIENTED_EDGE ( 'NONE', *, *, #735, .T. ) ;
#1777 =( NAMED_UNIT ( * ) SI_UNIT ( $, .STERADIAN. ) SOLID_ANGLE_UNIT ( ) );
#1778 = CARTESIAN_POINT ( 'NONE',  ( -0.4750000000000000333, 0.000000000000000000, 0.2000000000000000944 ) ) ;
#1779 = DIRECTION ( 'NONE',  ( 0.000000000000000000, 0.000000000000000000, -1.000000000000000000 ) ) ;
#1780 = SURFACE_STYLE_USAGE ( .BOTH. , #1793 ) ;
#1781 = VERTEX_POINT ( 'NONE', #1907 ) ;
#1782 = UNCERTAINTY_MEASURE_WITH_UNIT (LENGTH_MEASURE( 1.000000000000000082E-05 ), #1006, 'distance_accuracy_value', 'NONE');
#1783 = ORIENTED_EDGE ( 'NONE', *, *, #1121, .T. ) ;
#1784 = SURFACE_STYLE_USAGE ( .BOTH. , #1571 ) ;
#1785 = ORIENTED_EDGE ( 'NONE', *, *, #1326, .F. ) ;
#1786 = CYLINDRICAL_SURFACE ( 'NONE', #2850, 0.1000000000000000472 ) ;
#1787 = ORIENTED_EDGE ( 'NONE', *, *, #1470, .T. ) ;
#1788 = DIRECTION ( 'NONE',  ( 1.000000000000000000, 0.000000000000000000, 0.000000000000000000 ) ) ;
#1789 = EDGE_CURVE ( 'NONE', #2551, #2557, #3037, .T. ) ;
#1790 = EDGE_CURVE ( 'NONE', #240, #3555, #3051, .T. ) ;
#1791 = PRESENTATION_STYLE_ASSIGNMENT (( #2896 ) ) ;
#1792 = DIRECTION ( 'NONE',  ( -0.000000000000000000, 0.000000000000000000, -1.000000000000000000 ) ) ;
#1793 = SURFACE_SIDE_STYLE ('',( #674 ) ) ;
#1794 = VERTEX_POINT ( 'NONE', #3020 ) ;
#1795 = ORIENTED_EDGE ( 'NONE', *, *, #2376, .T. ) ;
#1796 = AXIS2_PLACEMENT_3D ( 'NONE', #1953, #2182, #340 ) ;
#1797 = ORIENTED_EDGE ( 'NONE', *, *, #1192, .T. ) ;
#1798 =( GEOMETRIC_REPRESENTATION_CONTEXT ( 3 ) GLOBAL_UNCERTAINTY_ASSIGNED_CONTEXT ( ( #886 ) ) GLOBAL_UNIT_ASSIGNED_CONTEXT ( ( #1357, #497, #750 ) ) REPRESENTATION_CONTEXT ( 'NONE', 'WORKASPACE' ) );
#1799 = LINE ( 'NONE', #2931, #1699 ) ;
#1800 = FILL_AREA_STYLE_COLOUR ( '', #2205 ) ;
#1801 =( NAMED_UNIT ( * ) PLANE_ANGLE_UNIT ( ) SI_UNIT ( $, .RADIAN. ) );
#1802 = VECTOR ( 'NONE', #2109, 1000.000000000000000 ) ;
#1803 = EDGE_LOOP ( 'NONE', ( #1040, #1308, #1641, #1331 ) ) ;
#1804 = LINE ( 'NONE', #3260, #969 ) ;
#1805 = LINE ( 'NONE', #763, #2851 ) ;
#1806 = COLOUR_RGB ( '',0.8431372549019607865, 0.8431372549019607865, 0.8431372549019607865 ) ;
#1807 = FILL_AREA_STYLE ('',( #3182 ) ) ;
#1808 = PRESENTATION_STYLE_ASSIGNMENT (( #1550 ) ) ;
#1809 = CARTESIAN_POINT ( 'NONE',  ( 0.05000000000000002359, -0.5000000000000000000, 0.000000000000000000 ) ) ;
#1810 = SURFACE_SIDE_STYLE ('',( #3432 ) ) ;
#1811 = STYLED_ITEM ( 'NONE', ( #1756 ), #2287 ) ;
#1812 =( GEOMETRIC_REPRESENTATION_CONTEXT ( 3 ) GLOBAL_UNCERTAINTY_ASSIGNED_CONTEXT ( ( #559 ) ) GLOBAL_UNIT_ASSIGNED_CONTEXT ( ( #3464, #1543, #3296 ) ) REPRESENTATION_CONTEXT ( 'NONE', 'WORKASPACE' ) );
#1813 = EDGE_CURVE ( 'NONE', #2335, #2701, #3596, .T. ) ;
#1814 = MECHANICAL_DESIGN_GEOMETRIC_PRESENTATION_REPRESENTATION (  '', ( #3267 ), #3567 ) ;
#1815 = DIRECTION ( 'NONE',  ( -1.000000000000000000, 0.000000000000000000, 0.000000000000000000 ) ) ;
#1816 = MECHANICAL_DESIGN_GEOMETRIC_PRESENTATION_REPRESENTATION (  '', ( #2683 ), #2212 ) ;
#1817 = VECTOR ( 'NONE', #2621, 1000.000000000000000 ) ;
#1818 = DIRECTION ( 'NONE',  ( 0.000000000000000000, -0.000000000000000000, 1.000000000000000000 ) ) ;
#1819 = MECHANICAL_DESIGN_GEOMETRIC_PRESENTATION_REPRESENTATION (  '', ( #1093 ), #1663 ) ;
#1820 = ORIENTED_EDGE ( 'NONE', *, *, #2337, .T. ) ;
#1821 = CARTESIAN_POINT ( 'NONE',  ( -0.7500000000000000000, -0.6250000000000000000, 1.024621125123532206 ) ) ;
#1822 = AXIS2_PLACEMENT_3D ( 'NONE', #283, #3615, #2215 ) ;
#1823 = SURFACE_STYLE_USAGE ( .BOTH. , #1562 ) ;
#1824 = VERTEX_POINT ( 'NONE', #295 ) ;
#1825 = DIRECTION ( 'NONE',  ( 0.000000000000000000, -1.000000000000000000, 0.000000000000000000 ) ) ;
#1826 = COLOUR_RGB ( '',0.7921568627450980005, 0.8196078431372548767, 0.9333333333333333481 ) ;
#1827 =( NAMED_UNIT ( * ) SI_UNIT ( $, .STERADIAN. ) SOLID_ANGLE_UNIT ( ) );
#1828 =( LENGTH_UNIT ( ) NAMED_UNIT ( * ) SI_UNIT ( .MILLI., .METRE. ) );
#1829 = CYLINDRICAL_SURFACE ( 'NONE', #1600, 0.02499999999999995628 ) ;
#1830 = ORIENTED_EDGE ( 'NONE', *, *, #332, .T. ) ;
#1831 = ORIENTED_EDGE ( 'NONE', *, *, #1731, .T. ) ;
#1832 = EDGE_CURVE ( 'NONE', #1161, #218, #1347, .T. ) ;
#1833 = FILL_AREA_STYLE_COLOUR ( '', #1209 ) ;
#1834 = ORIENTED_EDGE ( 'NONE', *, *, #3139, .F. ) ;
#1835 = SURFACE_STYLE_USAGE ( .BOTH. , #2056 ) ;
#1836 = DIRECTION ( 'NONE',  ( 1.000000000000000000, 0.000000000000000000, 0.000000000000000000 ) ) ;
#1837 = FACE_OUTER_BOUND ( 'NONE', #684, .T. ) ;
#1838 = ORIENTED_EDGE ( 'NONE', *, *, #2494, .T. ) ;
#1839 = DIRECTION ( 'NONE',  ( 0.000000000000000000, 0.000000000000000000, -1.000000000000000000 ) ) ;
#1840 = PLANE ( 'NONE',  #2436 ) ;
#1841 =( NAMED_UNIT ( * ) SI_UNIT ( $, .STERADIAN. ) SOLID_ANGLE_UNIT ( ) );
#1842 =( NAMED_UNIT ( * ) SI_UNIT ( $, .STERADIAN. ) SOLID_ANGLE_UNIT ( ) );
#1843 = LINE ( 'NONE', #766, #2793 ) ;
#1844 = ORIENTED_EDGE ( 'NONE', *, *, #34, .T. ) ;
#1845 = VERTEX_POINT ( 'NONE', #3350 ) ;
#1846 = CARTESIAN_POINT ( 'NONE',  ( 0.05000000000000001665, 0.1000000000000000472, 0.02500000000000000139 ) ) ;
#1847 = DIRECTION ( 'NONE',  ( 0.000000000000000000, -0.000000000000000000, 1.000000000000000000 ) ) ;
#1848 = EDGE_CURVE ( 'NONE', #15, #2557, #598, .T. ) ;
#1849 = EDGE_CURVE ( 'NONE', #1448, #2934, #3558, .T. ) ;
#1850 = ORIENTED_EDGE ( 'NONE', *, *, #2792, .F. ) ;
#1851 = FILL_AREA_STYLE ('',( #2944 ) ) ;
#1852 = SURFACE_STYLE_FILL_AREA ( #3196 ) ;
#1853 = AXIS2_PLACEMENT_3D ( 'NONE', #2157, #267, #1385 ) ;
#1854 =( NAMED_UNIT ( * ) SI_UNIT ( $, .STERADIAN. ) SOLID_ANGLE_UNIT ( ) );
#1855 = PLANE ( 'NONE',  #199 ) ;
#1856 = STYLED_ITEM ( 'NONE', ( #928 ), #664 ) ;
#1857 = EDGE_CURVE ( 'NONE', #19, #1103, #367, .T. ) ;
#1858 = EDGE_LOOP ( 'NONE', ( #2533, #2175, #2071, #1541 ) ) ;
#1859 = DIRECTION ( 'NONE',  ( -1.000000000000000000, 0.000000000000000000, -0.000000000000000000 ) ) ;
#1860 = DIRECTION ( 'NONE',  ( -0.000000000000000000, -1.000000000000000000, -0.000000000000000000 ) ) ;
#1861 =( GEOMETRIC_REPRESENTATION_CONTEXT ( 3 ) GLOBAL_UNCERTAINTY_ASSIGNED_CONTEXT ( ( #63 ) ) GLOBAL_UNIT_ASSIGNED_CONTEXT ( ( #1099, #1650, #2464 ) ) REPRESENTATION_CONTEXT ( 'NONE', 'WORKASPACE' ) );
#1862 = COLOUR_RGB ( '',0.2862745098039215508, 0.2862745098039215508, 0.2862745098039215508 ) ;
#1863 = DIRECTION ( 'NONE',  ( -1.000000000000000000, 0.000000000000000000, 0.000000000000000000 ) ) ;
#1864 =( NAMED_UNIT ( * ) SI_UNIT ( $, .STERADIAN. ) SOLID_ANGLE_UNIT ( ) );
#1865 = VECTOR ( 'NONE', #1280, 1000.000000000000000 ) ;
#1866 = VERTEX_POINT ( 'NONE', #911 ) ;
#1867 = CIRCLE ( 'NONE', #2554, 0.1000000000000000472 ) ;
#1868 = VECTOR ( 'NONE', #2762, 1000.000000000000000 ) ;
#1869 =( LENGTH_UNIT ( ) NAMED_UNIT ( * ) SI_UNIT ( .MILLI., .METRE. ) );
#1870 = LINE ( 'NONE', #1681, #2618 ) ;
#1871 = STYLED_ITEM ( 'NONE', ( #276 ), #2715 ) ;
#1872 = COLOUR_RGB ( '',0.9607843137254902244, 0.9607843137254902244, 0.9607843137254902244 ) ;
#1873 = CARTESIAN_POINT ( 'NONE',  ( 0.05000000000000002359, -0.5000000000000000000, 0.000000000000000000 ) ) ;
#1874 = VERTEX_POINT ( 'NONE', #2293 ) ;
#1875 = DIRECTION ( 'NONE',  ( 0.000000000000000000, 0.000000000000000000, -1.000000000000000000 ) ) ;
#1876 = FACE_OUTER_BOUND ( 'NONE', #3111, .T. ) ;
#1877 = LINE ( 'NONE', #3065, #1592 ) ;
#1878 = EDGE_CURVE ( 'NONE', #2291, #587, #1503, .T. ) ;
#1879 = CARTESIAN_POINT ( 'NONE',  ( -0.7500000000000001110, -0.1250000000000000000, 0.000000000000000000 ) ) ;
#1880 = STYLED_ITEM ( 'NONE', ( #2529 ), #2897 ) ;
#1881 = VERTEX_POINT ( 'NONE', #944 ) ;
#1882 = CARTESIAN_POINT ( 'NONE',  ( 0.05000000000000001665, -0.3999999999999999667, 0.2000000000000000389 ) ) ;
#1883 = FACE_OUTER_BOUND ( 'NONE', #1705, .T. ) ;
#1884 = PRESENTATION_LAYER_ASSIGNMENT (  '', '', ( #2331 ) ) ;
#1885 = ADVANCED_FACE ( 'NONE', ( #3364 ), #33, .T. ) ;
#1886 = VECTOR ( 'NONE', #1573, 1000.000000000000000 ) ;
#1887 = FILL_AREA_STYLE_COLOUR ( '', #884 ) ;
#1888 = FILL_AREA_STYLE_COLOUR ( '', #1306 ) ;
#1889 = ORIENTED_EDGE ( 'NONE', *, *, #216, .F. ) ;
#1890 = ORIENTED_EDGE ( 'NONE', *, *, #537, .T. ) ;
#1891 =( LENGTH_UNIT ( ) NAMED_UNIT ( * ) SI_UNIT ( .MILLI., .METRE. ) );
#1892 = UNCERTAINTY_MEASURE_WITH_UNIT (LENGTH_MEASURE( 1.000000000000000082E-05 ), #3576, 'distance_accuracy_value', 'NONE');
#1893 = VERTEX_POINT ( 'NONE', #888 ) ;
#1894 = PRESENTATION_STYLE_ASSIGNMENT (( #3313 ) ) ;
#1895 = CARTESIAN_POINT ( 'NONE',  ( -0.7500000000000001110, 0.6250000000000000000, 0.2000000000000000389 ) ) ;
#1896 = DIRECTION ( 'NONE',  ( -0.000000000000000000, -0.000000000000000000, -1.000000000000000000 ) ) ;
#1897 = PRESENTATION_STYLE_ASSIGNMENT (( #3022 ) ) ;
#1898 = DIRECTION ( 'NONE',  ( -0.000000000000000000, -1.000000000000000000, -0.000000000000000000 ) ) ;
#1899 = ORIENTED_EDGE ( 'NONE', *, *, #896, .F. ) ;
#1900 = FILL_AREA_STYLE_COLOUR ( '', #1377 ) ;
#1901 = CARTESIAN_POINT ( 'NONE',  ( -0.4625000000000000777, 0.5500000000000000444, 1.000000000000000000 ) ) ;
#1902 = EDGE_CURVE ( 'NONE', #887, #2815, #2311, .T. ) ;
#1903 = ADVANCED_FACE ( 'NONE', ( #335 ), #1466, .T. ) ;
#1904 = ORIENTED_EDGE ( 'NONE', *, *, #2963, .F. ) ;
#1905 = ORIENTED_EDGE ( 'NONE', *, *, #895, .T. ) ;
#1906 = DIRECTION ( 'NONE',  ( -1.000000000000000000, 0.000000000000000000, 0.000000000000000000 ) ) ;
#1907 = CARTESIAN_POINT ( 'NONE',  ( -0.6375000000000000666, 0.5500000000000000444, 1.000000000000000000 ) ) ;
#1908 = CARTESIAN_POINT ( 'NONE',  ( 0.05000000000000002359, -0.1000000000000000472, 0.2000000000000000389 ) ) ;
#1909 = CIRCLE ( 'NONE', #3547, 0.08749999999999995282 ) ;
#1910 =( LENGTH_UNIT ( ) NAMED_UNIT ( * ) SI_UNIT ( .MILLI., .METRE. ) );
#1911 = VERTEX_POINT ( 'NONE', #929 ) ;
#1912 = AXIS2_PLACEMENT_3D ( 'NONE', #3540, #832, #2140 ) ;
#1913 = DIRECTION ( 'NONE',  ( -1.000000000000000000, -0.000000000000000000, -0.000000000000000000 ) ) ;
#1914 = CARTESIAN_POINT ( 'NONE',  ( 0.7500000000000000000, 0.3999999999999999667, 0.000000000000000000 ) ) ;
#1915 = DIRECTION ( 'NONE',  ( 0.000000000000000000, -0.000000000000000000, 1.000000000000000000 ) ) ;
#1916 = CARTESIAN_POINT ( 'NONE',  ( 0.7500000000000000000, 0.7250000000000000888, 1.000000000000000000 ) ) ;
#1917 = CIRCLE ( 'NONE', #2364, 0.1000000000000000472 ) ;
#1918 = EDGE_CURVE ( 'NONE', #2661, #3466, #2014, .T. ) ;
#1919 = FACE_OUTER_BOUND ( 'NONE', #148, .T. ) ;
#1920 = VERTEX_POINT ( 'NONE', #1751 ) ;
#1921 = VECTOR ( 'NONE', #3289, 1000.000000000000000 ) ;
#1922 = ADVANCED_FACE ( 'NONE', ( #734 ), #3190, .T. ) ;
#1923 = CIRCLE ( 'NONE', #3440, 0.02499999999999995628 ) ;
#1924 = UNCERTAINTY_MEASURE_WITH_UNIT (LENGTH_MEASURE( 1.000000000000000082E-05 ), #475, 'distance_accuracy_value', 'NONE');
#1925 = ORIENTED_EDGE ( 'NONE', *, *, #1693, .F. ) ;
#1926 = CARTESIAN_POINT ( 'NONE',  ( 0.05000000000000002359, 0.000000000000000000, 0.000000000000000000 ) ) ;
#1927 = SURFACE_STYLE_FILL_AREA ( #3575 ) ;
#1928 = CARTESIAN_POINT ( 'NONE',  ( -0.7500000000000002220, 0.6250000000000000000, 0.2000000000000000944 ) ) ;
#1929 = MECHANICAL_DESIGN_GEOMETRIC_PRESENTATION_REPRESENTATION (  '', ( #1478 ), #2563 ) ;
#1930 = COLOUR_RGB ( '',0.8431372549019607865, 0.8431372549019607865, 0.8431372549019607865 ) ;
#1931 = MECHANICAL_DESIGN_GEOMETRIC_PRESENTATION_REPRESENTATION (  '', ( #1145 ), #3149 ) ;
#1932 = VERTEX_POINT ( 'NONE', #711 ) ;
#1933 = DIRECTION ( 'NONE',  ( 0.000000000000000000, 0.000000000000000000, -1.000000000000000000 ) ) ;
#1934 = CARTESIAN_POINT ( 'NONE',  ( 0.7250000000000000888, 0.7250000000000000888, 0.9750000000000000888 ) ) ;
#1935 = MANIFOLD_SOLID_BREP ( 'Boss-Extrude3', #2653 ) ;
#1936 = FILL_AREA_STYLE ('',( #2168 ) ) ;
#1937 = DIRECTION ( 'NONE',  ( 0.000000000000000000, 0.000000000000000000, -1.000000000000000000 ) ) ;
#1938 = CARTESIAN_POINT ( 'NONE',  ( 0.7500000000000000000, 0.3999999999999999667, 0.2000000000000000389 ) ) ;
#1939 = LINE ( 'NONE', #1407, #3242 ) ;
#1940 = MECHANICAL_DESIGN_GEOMETRIC_PRESENTATION_REPRESENTATION (  '', ( #2866 ), #2754 ) ;
#1941 = CARTESIAN_POINT ( 'NONE',  ( 0.05000000000000002359, 0.5000000000000000000, 0.000000000000000000 ) ) ;
#1942 = ORIENTED_EDGE ( 'NONE', *, *, #121, .F. ) ;
#1943 = CARTESIAN_POINT ( 'NONE',  ( 0.05000000000000001665, -0.3999999999999999667, 0.2000000000000000944 ) ) ;
#1944 = EDGE_CURVE ( 'NONE', #2103, #3269, #129, .T. ) ;
#1945 = LINE ( 'NONE', #3279, #3142 ) ;
#1946 = LINE ( 'NONE', #3003, #2044 ) ;
#1947 = DIRECTION ( 'NONE',  ( -0.000000000000000000, -0.000000000000000000, -1.000000000000000000 ) ) ;
#1948 = ORIENTED_EDGE ( 'NONE', *, *, #2422, .T. ) ;
#1949 = DIRECTION ( 'NONE',  ( 0.000000000000000000, -0.000000000000000000, -1.000000000000000000 ) ) ;
#1950 = CARTESIAN_POINT ( 'NONE',  ( 0.7500000000000000000, 0.1000000000000000472, 1.024621125123532206 ) ) ;
#1951 = MANIFOLD_SOLID_BREP ( 'Boss-Extrude2[1]', #881 ) ;
#1952 = ORIENTED_EDGE ( 'NONE', *, *, #1327, .T. ) ;
#1953 = CARTESIAN_POINT ( 'NONE',  ( -0.4749999999999999778, -0.5000000000000000000, 0.2000000000000000389 ) ) ;
#1954 = DIRECTION ( 'NONE',  ( 0.000000000000000000, 0.000000000000000000, -1.000000000000000000 ) ) ;
#1955 = SHAPE_DEFINITION_REPRESENTATION ( #250, #677 ) ;
#1956 = UNCERTAINTY_MEASURE_WITH_UNIT (LENGTH_MEASURE( 1.000000000000000082E-05 ), #1551, 'distance_accuracy_value', 'NONE');
#1957 = ORIENTED_EDGE ( 'NONE', *, *, #76, .F. ) ;
#1958 = FILL_AREA_STYLE ('',( #1133 ) ) ;
#1959 = PLANE ( 'NONE',  #658 ) ;
#1960 = EDGE_CURVE ( 'NONE', #3128, #2854, #1870, .T. ) ;
#1961 =( NAMED_UNIT ( * ) SI_UNIT ( $, .STERADIAN. ) SOLID_ANGLE_UNIT ( ) );
#1962 = SURFACE_SIDE_STYLE ('',( #876 ) ) ;
#1963 = DIRECTION ( 'NONE',  ( -1.000000000000000000, 0.000000000000000000, 0.000000000000000000 ) ) ;
#1964 =( LENGTH_UNIT ( ) NAMED_UNIT ( * ) SI_UNIT ( .MILLI., .METRE. ) );
#1965 = EDGE_CURVE ( 'NONE', #2633, #90, #3088, .T. ) ;
#1966 =( GEOMETRIC_REPRESENTATION_CONTEXT ( 3 ) GLOBAL_UNCERTAINTY_ASSIGNED_CONTEXT ( ( #291 ) ) GLOBAL_UNIT_ASSIGNED_CONTEXT ( ( #1514, #2918, #3115 ) ) REPRESENTATION_CONTEXT ( 'NONE', 'WORKASPACE' ) );
#1967 = ORIENTED_EDGE ( 'NONE', *, *, #3601, .F. ) ;
#1968 =( LENGTH_UNIT ( ) NAMED_UNIT ( * ) SI_UNIT ( .MILLI., .METRE. ) );
#1969 = DIRECTION ( 'NONE',  ( 1.000000000000000000, -0.000000000000000000, -0.000000000000000000 ) ) ;
#1970 = COLOUR_RGB ( '',0.8431372549019607865, 0.8431372549019607865, 0.8431372549019607865 ) ;
#1971 = DIRECTION ( 'NONE',  ( -1.000000000000000000, 0.000000000000000000, 0.000000000000000000 ) ) ;
#1972 = ORIENTED_EDGE ( 'NONE', *, *, #1394, .T. ) ;
#1973 = DIRECTION ( 'NONE',  ( 0.000000000000000000, 0.000000000000000000, -1.000000000000000000 ) ) ;
#1974 = MECHANICAL_DESIGN_GEOMETRIC_PRESENTATION_REPRESENTATION (  '', ( #356 ), #298 ) ;
#1975 = DIRECTION ( 'NONE',  ( 0.000000000000000000, 0.000000000000000000, 1.000000000000000000 ) ) ;
#1976 = EDGE_LOOP ( 'NONE', ( #1328, #266, #1582, #186 ) ) ;
#1977 = CARTESIAN_POINT ( 'NONE',  ( 0.05000000000000002359, -0.5000000000000000000, 0.2000000000000000389 ) ) ;
#1978 = SURFACE_SIDE_STYLE ('',( #3365 ) ) ;
#1979 = MECHANICAL_DESIGN_GEOMETRIC_PRESENTATION_REPRESENTATION (  '', ( #1245 ), #249 ) ;
#1980 = FACE_BOUND ( 'NONE', #1319, .T. ) ;
#1981 = EDGE_LOOP ( 'NONE', ( #3062, #738, #2003, #3230 ) ) ;
#1982 = DIRECTION ( 'NONE',  ( -0.000000000000000000, -0.000000000000000000, -1.000000000000000000 ) ) ;
#1983 = VECTOR ( 'NONE', #3146, 1000.000000000000000 ) ;
#1984 = STYLED_ITEM ( 'NONE', ( #1628 ), #1991 ) ;
#1985 = EDGE_LOOP ( 'NONE', ( #1396, #1340, #1153, #3158 ) ) ;
#1986 = CARTESIAN_POINT ( 'NONE',  ( -0.4750000000000001443, 0.3750000000000000000, 0.000000000000000000 ) ) ;
#1987 = SURFACE_SIDE_STYLE ('',( #286 ) ) ;
#1988 = EDGE_CURVE ( 'NONE', #2137, #3091, #2174, .T. ) ;
#1989 = COLOUR_RGB ( '',0.8431372549019607865, 0.8431372549019607865, 0.8431372549019607865 ) ;
#1990 = COLOUR_RGB ( '',0.2862745098039215508, 0.2862745098039215508, 0.2862745098039215508 ) ;
#1991 = MANIFOLD_SOLID_BREP ( 'Boss-Extrude2[5]', #3361 ) ;
#1992 = CIRCLE ( 'NONE', #261, 0.02499999999999995628 ) ;
#1993 = DIRECTION ( 'NONE',  ( 1.000000000000000000, 0.000000000000000000, 0.000000000000000000 ) ) ;
#1994 =( LENGTH_UNIT ( ) NAMED_UNIT ( * ) SI_UNIT ( .MILLI., .METRE. ) );
#1995 = VECTOR ( 'NONE', #338, 1000.000000000000000 ) ;
#1996 = UNCERTAINTY_MEASURE_WITH_UNIT (LENGTH_MEASURE( 1.000000000000000082E-05 ), #84, 'distance_accuracy_value', 'NONE');
#1997 = VERTEX_POINT ( 'NONE', #2026 ) ;
#1998 = FILL_AREA_STYLE_COLOUR ( '', #2142 ) ;
#1999 =( NAMED_UNIT ( * ) SI_UNIT ( $, .STERADIAN. ) SOLID_ANGLE_UNIT ( ) );
#2000 =( NAMED_UNIT ( * ) PLANE_ANGLE_UNIT ( ) SI_UNIT ( $, .RADIAN. ) );
#2001 = ORIENTED_EDGE ( 'NONE', *, *, #3258, .T. ) ;
#2002 = CARTESIAN_POINT ( 'NONE',  ( 0.7500000000000000000, 0.1000000000000000472, 0.2000000000000000389 ) ) ;
#2003 = ORIENTED_EDGE ( 'NONE', *, *, #2162, .T. ) ;
#2004 = LINE ( 'NONE', #2298, #2388 ) ;
#2005 = LINE ( 'NONE', #414, #3563 ) ;
#2006 = EDGE_CURVE ( 'NONE', #878, #2297, #3569, .T. ) ;
#2007 = EDGE_CURVE ( 'NONE', #3000, #1845, #657, .T. ) ;
#2008 = DIRECTION ( 'NONE',  ( 1.000000000000000000, 0.000000000000000000, 0.000000000000000000 ) ) ;
#2009 = FACE_OUTER_BOUND ( 'NONE', #3218, .T. ) ;
#2010 = FILL_AREA_STYLE ('',( #2222 ) ) ;
#2011 = EDGE_CURVE ( 'NONE', #1911, #2995, #556, .T. ) ;
#2012 = ORIENTED_EDGE ( 'NONE', *, *, #2697, .F. ) ;
#2013 = MANIFOLD_SOLID_BREP ( 'Boss-Extrude2[3]', #2245 ) ;
#2014 = LINE ( 'NONE', #3120, #1369 ) ;
#2015 =( LENGTH_UNIT ( ) NAMED_UNIT ( * ) SI_UNIT ( .MILLI., .METRE. ) );
#2016 = ORIENTED_EDGE ( 'NONE', *, *, #2095, .F. ) ;
#2017 = CARTESIAN_POINT ( 'NONE',  ( 0.05000000000000002359, 0.5000000000000000000, 1.024621125123532206 ) ) ;
#2018 = CYLINDRICAL_SURFACE ( 'NONE', #423, 0.02499999999999995628 ) ;
#2019 = AXIS2_PLACEMENT_3D ( 'NONE', #2253, #1445, #1993 ) ;
#2020 = DIRECTION ( 'NONE',  ( 0.000000000000000000, 0.000000000000000000, 1.000000000000000000 ) ) ;
#2021 = CARTESIAN_POINT ( 'NONE',  ( -0.7500000000000001110, 0.1250000000000000000, 0.02500000000000000139 ) ) ;
#2022 = DIRECTION ( 'NONE',  ( 0.000000000000000000, 0.000000000000000000, 1.000000000000000000 ) ) ;
#2023 = FILL_AREA_STYLE ('',( #938 ) ) ;
#2024 =( NAMED_UNIT ( * ) SI_UNIT ( $, .STERADIAN. ) SOLID_ANGLE_UNIT ( ) );
#2025 = STYLED_ITEM ( 'NONE', ( #1100 ), #581 ) ;
#2026 = CARTESIAN_POINT ( 'NONE',  ( -0.4750000000000000333, -0.1250000000000000000, 0.2000000000000000944 ) ) ;
#2027 = PRESENTATION_LAYER_ASSIGNMENT (  '', '', ( #350 ) ) ;
#2028 = ORIENTED_EDGE ( 'NONE', *, *, #1146, .T. ) ;
#2029 = UNCERTAINTY_MEASURE_WITH_UNIT (LENGTH_MEASURE( 1.000000000000000082E-05 ), #1515, 'distance_accuracy_value', 'NONE');
#2030 = ORIENTED_EDGE ( 'NONE', *, *, #3163, .T. ) ;
#2031 = PRESENTATION_LAYER_ASSIGNMENT (  '', '', ( #1469 ) ) ;
#2032 = EDGE_CURVE ( 'NONE', #3050, #1824, #3378, .T. ) ;
#2033 = SURFACE_SIDE_STYLE ('',( #1655 ) ) ;
#2034 = COLOUR_RGB ( '',0.2862745098039215508, 0.2862745098039215508, 0.2862745098039215508 ) ;
#2035 = ORIENTED_EDGE ( 'NONE', *, *, #3213, .T. ) ;
#2036 = CARTESIAN_POINT ( 'NONE',  ( -0.7499999999999997780, -0.7500000000000000000, 0.02500000000000000139 ) ) ;
#2037 = LINE ( 'NONE', #2057, #1248 ) ;
#2038 =( LENGTH_UNIT ( ) NAMED_UNIT ( * ) SI_UNIT ( .MILLI., .METRE. ) );
#2039 = CIRCLE ( 'NONE', #478, 0.1250000000000000000 ) ;
#2040 =( GEOMETRIC_REPRESENTATION_CONTEXT ( 3 ) GLOBAL_UNCERTAINTY_ASSIGNED_CONTEXT ( ( #178 ) ) GLOBAL_UNIT_ASSIGNED_CONTEXT ( ( #2038, #2561, #3445 ) ) REPRESENTATION_CONTEXT ( 'NONE', 'WORKASPACE' ) );
#2041 = ORIENTED_EDGE ( 'NONE', *, *, #3207, .F. ) ;
#2042 = DIRECTION ( 'NONE',  ( 0.000000000000000000, 0.000000000000000000, -1.000000000000000000 ) ) ;
#2043 = PLANE ( 'NONE',  #653 ) ;
#2044 = VECTOR ( 'NONE', #1652, 1000.000000000000000 ) ;
#2045 =( LENGTH_UNIT ( ) NAMED_UNIT ( * ) SI_UNIT ( .MILLI., .METRE. ) );
#2046 =( LENGTH_UNIT ( ) NAMED_UNIT ( * ) SI_UNIT ( .MILLI., .METRE. ) );
#2047 = AXIS2_PLACEMENT_3D ( 'NONE', #3008, #2938, #2657 ) ;
#2048 = SURFACE_STYLE_FILL_AREA ( #1037 ) ;
#2049 = CARTESIAN_POINT ( 'NONE',  ( -0.4750000000000000333, 0.1250000000000000000, 0.2000000000000000389 ) ) ;
#2050 = COLOUR_RGB ( '',0.8431372549019607865, 0.8431372549019607865, 0.8431372549019607865 ) ;
#2051 = CARTESIAN_POINT ( 'NONE',  ( -0.7499999999999997780, -0.7500000000000000000, 0.9750000000000000888 ) ) ;
#2052 = VECTOR ( 'NONE', #3016, 1000.000000000000000 ) ;
#2053 = EDGE_CURVE ( 'NONE', #3000, #2526, #3136, .T. ) ;
#2054 = ADVANCED_FACE ( 'NONE', ( #342 ), #2796, .F. ) ;
#2055 = EDGE_LOOP ( 'NONE', ( #2126, #2213, #3068, #3609 ) ) ;
#2056 = SURFACE_SIDE_STYLE ('',( #1001 ) ) ;
#2057 = CARTESIAN_POINT ( 'NONE',  ( -0.7500000000000000000, 0.7500000000000000000, 0.02500000000000000139 ) ) ;
#2058 = CARTESIAN_POINT ( 'NONE',  ( 0.05000000000000002359, -0.6000000000000000888, 0.2000000000000000389 ) ) ;
#2059 = EDGE_LOOP ( 'NONE', ( #3560, #3165, #2346, #942, #515 ) ) ;
#2060 = DIRECTION ( 'NONE',  ( 0.000000000000000000, -1.000000000000000000, 0.000000000000000000 ) ) ;
#2061 = DIRECTION ( 'NONE',  ( 1.000000000000000000, 0.000000000000000000, 0.000000000000000000 ) ) ;
#2062 = CARTESIAN_POINT ( 'NONE',  ( -0.7500000000000001110, 0.3750000000000000000, 0.2000000000000000944 ) ) ;
#2063 = SURFACE_SIDE_STYLE ('',( #116 ) ) ;
#2064 = PLANE ( 'NONE',  #1572 ) ;
#2065 = SURFACE_SIDE_STYLE ('',( #1617 ) ) ;
#2066 = CARTESIAN_POINT ( 'NONE',  ( 0.7500000000000000000, 0.6000000000000000888, 0.2000000000000000944 ) ) ;
#2067 = ORIENTED_EDGE ( 'NONE', *, *, #2924, .T. ) ;
#2068 = DIRECTION ( 'NONE',  ( -0.000000000000000000, -0.000000000000000000, -1.000000000000000000 ) ) ;
#2069 = MANIFOLD_SOLID_BREP ( 'Cut-Extrude2', #1348 ) ;
#2070 = SURFACE_SIDE_STYLE ('',( #2852 ) ) ;
#2071 = ORIENTED_EDGE ( 'NONE', *, *, #2053, .F. ) ;
#2072 = SURFACE_STYLE_USAGE ( .BOTH. , #377 ) ;
#2073 = EDGE_CURVE ( 'NONE', #2392, #3517, #3418, .T. ) ;
#2074 = LINE ( 'NONE', #3451, #2969 ) ;
#2075 = EDGE_CURVE ( 'NONE', #2872, #2577, #2898, .T. ) ;
#2076 =( NAMED_UNIT ( * ) SI_UNIT ( $, .STERADIAN. ) SOLID_ANGLE_UNIT ( ) );
#2077 = CARTESIAN_POINT ( 'NONE',  ( -0.7500000000000000000, 0.7500000000000000000, 1.000000000000000000 ) ) ;
#2078 = PRESENTATION_STYLE_ASSIGNMENT (( #3488 ) ) ;
#2079 = CYLINDRICAL_SURFACE ( 'NONE', #3435, 0.02499999999999995628 ) ;
#2080 =( GEOMETRIC_REPRESENTATION_CONTEXT ( 3 ) GLOBAL_UNCERTAINTY_ASSIGNED_CONTEXT ( ( #364 ) ) GLOBAL_UNIT_ASSIGNED_CONTEXT ( ( #3209, #1036, #1842 ) ) REPRESENTATION_CONTEXT ( 'NONE', 'WORKASPACE' ) );
#2081 = VERTEX_POINT ( 'NONE', #2303 ) ;
#2082 = FILL_AREA_STYLE_COLOUR ( '', #171 ) ;
#2083 = VECTOR ( 'NONE', #1108, 1000.000000000000000 ) ;
#2084 = PLANE ( 'NONE',  #917 ) ;
#2085 = VERTEX_POINT ( 'NONE', #400 ) ;
#2086 = VECTOR ( 'NONE', #1380, 1000.000000000000000 ) ;
#2087 =( NAMED_UNIT ( * ) SI_UNIT ( $, .STERADIAN. ) SOLID_ANGLE_UNIT ( ) );
#2088 = CARTESIAN_POINT ( 'NONE',  ( -0.3500000000000001443, 0.6250000000000000000, 1.024621125123532206 ) ) ;
#2089 = CARTESIAN_POINT ( 'NONE',  ( 0.7250000000000000888, -0.7250000000000001998, 1.000000000000000000 ) ) ;
#2090 = STYLED_ITEM ( 'NONE', ( #2917 ), #857 ) ;
#2091 = FACE_OUTER_BOUND ( 'NONE', #3402, .T. ) ;
#2092 = DIRECTION ( 'NONE',  ( 0.000000000000000000, 1.000000000000000000, -0.000000000000000000 ) ) ;
#2093 = DIRECTION ( 'NONE',  ( 0.000000000000000000, 0.000000000000000000, 1.000000000000000000 ) ) ;
#2094 = DIRECTION ( 'NONE',  ( -0.000000000000000000, 0.000000000000000000, -1.000000000000000000 ) ) ;
#2095 = EDGE_CURVE ( 'NONE', #90, #2081, #1532, .T. ) ;
#2096 = CARTESIAN_POINT ( 'NONE',  ( 0.7500000000000000000, 0.6000000000000000888, 0.2000000000000000389 ) ) ;
#2097 = DIRECTION ( 'NONE',  ( 0.000000000000000000, 1.000000000000000000, 0.000000000000000000 ) ) ;
#2098 = MECHANICAL_DESIGN_GEOMETRIC_PRESENTATION_REPRESENTATION (  '', ( #2441 ), #185 ) ;
#2099 = CARTESIAN_POINT ( 'NONE',  ( -0.7500000000000001110, -0.1250000000000000000, 0.2000000000000000944 ) ) ;
#2100 = COLOUR_RGB ( '',0.2862745098039215508, 0.2862745098039215508, 0.2862745098039215508 ) ;
#2101 = COLOUR_RGB ( '',0.8431372549019607865, 0.8431372549019607865, 0.8431372549019607865 ) ;
#2102 = ORIENTED_EDGE ( 'NONE', *, *, #1274, .T. ) ;
#2103 = VERTEX_POINT ( 'NONE', #3156 ) ;
#2104 = FILL_AREA_STYLE ('',( #455 ) ) ;
#2105 =( GEOMETRIC_REPRESENTATION_CONTEXT ( 3 ) GLOBAL_UNCERTAINTY_ASSIGNED_CONTEXT ( ( #424 ) ) GLOBAL_UNIT_ASSIGNED_CONTEXT ( ( #3263, #744, #1325 ) ) REPRESENTATION_CONTEXT ( 'NONE', 'WORKASPACE' ) );
#2106 = AXIS2_PLACEMENT_3D ( 'NONE', #925, #2289, #331 ) ;
#2107 = FILL_AREA_STYLE ('',( #1833 ) ) ;
#2108 = ORIENTED_EDGE ( 'NONE', *, *, #1988, .T. ) ;
#2109 = DIRECTION ( 'NONE',  ( -1.000000000000000000, -0.000000000000000000, -0.000000000000000000 ) ) ;
#2110 = CYLINDRICAL_SURFACE ( 'NONE', #3141, 0.02499999999999995628 ) ;
#2111 = VECTOR ( 'NONE', #2726, 1000.000000000000000 ) ;
#2112 = ORIENTED_EDGE ( 'NONE', *, *, #2600, .F. ) ;
#2113 = CARTESIAN_POINT ( 'NONE',  ( 0.7250000000000001998, 0.7250000000000000888, 0.02499999999999995628 ) ) ;
#2114 = PRESENTATION_LAYER_ASSIGNMENT (  '', '', ( #2866 ) ) ;
#2115 = DIRECTION ( 'NONE',  ( 1.000000000000000000, 0.000000000000000000, 0.000000000000000000 ) ) ;
#2116 = CARTESIAN_POINT ( 'NONE',  ( -0.7249999999999998668, -0.7500000000000000000, 1.000000000000000000 ) ) ;
#2117 = PRESENTATION_STYLE_ASSIGNMENT (( #1035 ) ) ;
#2118 = CARTESIAN_POINT ( 'NONE',  ( 0.7500000000000000000, 0.3999999999999999667, 0.000000000000000000 ) ) ;
#2119 = LINE ( 'NONE', #3228, #834 ) ;
#2120 = EDGE_CURVE ( 'NONE', #2930, #54, #804, .T. ) ;
#2121 = EDGE_CURVE ( 'NONE', #2392, #3050, #3211, .T. ) ;
#2122 = ORIENTED_EDGE ( 'NONE', *, *, #463, .T. ) ;
#2123 =( LENGTH_UNIT ( ) NAMED_UNIT ( * ) SI_UNIT ( .MILLI., .METRE. ) );
#2124 = ADVANCED_FACE ( 'NONE', ( #676 ), #118, .F. ) ;
#2125 = UNCERTAINTY_MEASURE_WITH_UNIT (LENGTH_MEASURE( 1.000000000000000082E-05 ), #913, 'distance_accuracy_value', 'NONE');
#2126 = ORIENTED_EDGE ( 'NONE', *, *, #511, .T. ) ;
#2127 =( NAMED_UNIT ( * ) PLANE_ANGLE_UNIT ( ) SI_UNIT ( $, .RADIAN. ) );
#2128 = CARTESIAN_POINT ( 'NONE',  ( -0.6375000000000000666, 0.5500000000000000444, 0.9899999999999999911 ) ) ;
#2129 = CARTESIAN_POINT ( 'NONE',  ( -0.7500000000000001110, 0.3750000000000000000, 0.02500000000000000139 ) ) ;
#2130 = ORIENTED_EDGE ( 'NONE', *, *, #2095, .T. ) ;
#2131 =( NAMED_UNIT ( * ) PLANE_ANGLE_UNIT ( ) SI_UNIT ( $, .RADIAN. ) );
#2132 = DIRECTION ( 'NONE',  ( 0.000000000000000000, -1.000000000000000000, 0.000000000000000000 ) ) ;
#2133 = LINE ( 'NONE', #1068, #3015 ) ;
#2134 = SURFACE_SIDE_STYLE ('',( #3489 ) ) ;
#2135 = ORIENTED_EDGE ( 'NONE', *, *, #2562, .T. ) ;
#2136 =( GEOMETRIC_REPRESENTATION_CONTEXT ( 3 ) GLOBAL_UNCERTAINTY_ASSIGNED_CONTEXT ( ( #1683 ) ) GLOBAL_UNIT_ASSIGNED_CONTEXT ( ( #1730, #848, #2477 ) ) REPRESENTATION_CONTEXT ( 'NONE', 'WORKASPACE' ) );
#2137 = VERTEX_POINT ( 'NONE', #3514 ) ;
#2138 = CARTESIAN_POINT ( 'NONE',  ( -0.6375000000000000666, 0.5500000000000000444, 1.000000000000000000 ) ) ;
#2139 = EDGE_CURVE ( 'NONE', #1349, #2872, #995, .T. ) ;
#2140 = DIRECTION ( 'NONE',  ( 1.000000000000000000, 0.000000000000000000, 0.000000000000000000 ) ) ;
#2141 = DIRECTION ( 'NONE',  ( 0.000000000000000000, 0.000000000000000000, -1.000000000000000000 ) ) ;
#2142 = COLOUR_RGB ( '',0.8431372549019607865, 0.8431372549019607865, 0.8431372549019607865 ) ;
#2143 = DIRECTION ( 'NONE',  ( -1.000000000000000000, 0.000000000000000000, 0.000000000000000000 ) ) ;
#2144 = AXIS2_PLACEMENT_3D ( 'NONE', #1555, #387, #1815 ) ;
#2145 = VERTEX_POINT ( 'NONE', #3173 ) ;
#2146 =( NAMED_UNIT ( * ) PLANE_ANGLE_UNIT ( ) SI_UNIT ( $, .RADIAN. ) );
#2147 = STYLED_ITEM ( 'NONE', ( #2531 ), #1230 ) ;
#2148 = DIRECTION ( 'NONE',  ( 0.000000000000000000, 0.000000000000000000, 1.000000000000000000 ) ) ;
#2149 = PLANE ( 'NONE',  #2905 ) ;
#2150 = AXIS2_PLACEMENT_3D ( 'NONE', #3170, #784, #3204 ) ;
#2151 = ORIENTED_EDGE ( 'NONE', *, *, #2494, .F. ) ;
#2152 = EDGE_LOOP ( 'NONE', ( #1967, #401, #577, #2361 ) ) ;
#2153 = FILL_AREA_STYLE ('',( #2997 ) ) ;
#2154 =( GEOMETRIC_REPRESENTATION_CONTEXT ( 3 ) GLOBAL_UNCERTAINTY_ASSIGNED_CONTEXT ( ( #1892 ) ) GLOBAL_UNIT_ASSIGNED_CONTEXT ( ( #3576, #833, #1172 ) ) REPRESENTATION_CONTEXT ( 'NONE', 'WORKASPACE' ) );
#2155 = ORIENTED_EDGE ( 'NONE', *, *, #345, .T. ) ;
#2156 = CARTESIAN_POINT ( 'NONE',  ( 0.7500000000000000000, -0.3999999999999999667, 1.024621125123532206 ) ) ;
#2157 = CARTESIAN_POINT ( 'NONE',  ( 0.05000000000000002359, 0.5000000000000000000, 0.2000000000000000389 ) ) ;
#2158 = PRESENTATION_LAYER_ASSIGNMENT (  '', '', ( #2509 ) ) ;
#2159 = DIRECTION ( 'NONE',  ( -0.000000000000000000, -0.000000000000000000, -1.000000000000000000 ) ) ;
#2160 = CARTESIAN_POINT ( 'NONE',  ( 0.05000000000000002359, -0.6000000000000000888, 1.024621125123532206 ) ) ;
#2161 = ADVANCED_FACE ( 'NONE', ( #729 ), #1829, .T. ) ;
#2162 = EDGE_CURVE ( 'NONE', #3058, #2339, #3433, .T. ) ;
#2163 = ORIENTED_EDGE ( 'NONE', *, *, #663, .T. ) ;
#2164 = DIRECTION ( 'NONE',  ( 0.000000000000000000, 0.000000000000000000, -1.000000000000000000 ) ) ;
#2165 = CARTESIAN_POINT ( 'NONE',  ( -0.5500000000000000444, 0.5500000000000000444, 0.9899999999999999911 ) ) ;
#2166 = AXIS2_PLACEMENT_3D ( 'NONE', #2820, #3408, #915 ) ;
#2167 = MECHANICAL_DESIGN_GEOMETRIC_PRESENTATION_REPRESENTATION (  '', ( #3043 ), #672 ) ;
#2168 = FILL_AREA_STYLE_COLOUR ( '', #13 ) ;
#2169 = CARTESIAN_POINT ( 'NONE',  ( 0.7500000000000000000, -0.1000000000000000472, 0.02500000000000000139 ) ) ;
#2170 = DIRECTION ( 'NONE',  ( 0.000000000000000000, -1.000000000000000000, 0.000000000000000000 ) ) ;
#2171 = ORIENTED_EDGE ( 'NONE', *, *, #3509, .F. ) ;
#2172 = ORIENTED_EDGE ( 'NONE', *, *, #49, .F. ) ;
#2173 = SURFACE_STYLE_USAGE ( .BOTH. , #3231 ) ;
#2174 = LINE ( 'NONE', #1615, #1596 ) ;
#2175 = ORIENTED_EDGE ( 'NONE', *, *, #563, .F. ) ;
#2176 = LINE ( 'NONE', #2156, #2199 ) ;
#2177 = CARTESIAN_POINT ( 'NONE',  ( -0.3500000000000001443, 0.6250000000000000000, 0.02500000000000000139 ) ) ;
#2178 = PLANE ( 'NONE',  #3280 ) ;
#2179 = EDGE_LOOP ( 'NONE', ( #1546, #1569, #2751, #1507 ) ) ;
#2180 = FILL_AREA_STYLE ('',( #2694 ) ) ;
#2181 = CARTESIAN_POINT ( 'NONE',  ( -0.4750000000000000333, 0.1250000000000000000, 0.02500000000000000139 ) ) ;
#2182 = DIRECTION ( 'NONE',  ( 0.000000000000000000, -0.000000000000000000, 1.000000000000000000 ) ) ;
#2183 = EDGE_CURVE ( 'NONE', #3058, #2103, #14, .T. ) ;
#2184 = LINE ( 'NONE', #1938, #427 ) ;
#2185 = EDGE_LOOP ( 'NONE', ( #174, #670, #1538, #2977 ) ) ;
#2186 = DIRECTION ( 'NONE',  ( 0.000000000000000000, 0.000000000000000000, -1.000000000000000000 ) ) ;
#2187 = DIRECTION ( 'NONE',  ( 1.000000000000000000, 0.000000000000000000, 0.000000000000000000 ) ) ;
#2188 = FILL_AREA_STYLE ('',( #2798 ) ) ;
#2189 = ORIENTED_EDGE ( 'NONE', *, *, #512, .T. ) ;
#2190 = FACE_OUTER_BOUND ( 'NONE', #140, .T. ) ;
#2191 = DIRECTION ( 'NONE',  ( 1.000000000000000000, 0.000000000000000000, 0.000000000000000000 ) ) ;
#2192 = FILL_AREA_STYLE_COLOUR ( '', #2681 ) ;
#2193 = VERTEX_POINT ( 'NONE', #528 ) ;
#2194 = DIRECTION ( 'NONE',  ( 0.000000000000000000, -1.000000000000000000, 0.000000000000000000 ) ) ;
#2195 = SURFACE_STYLE_USAGE ( .BOTH. , #3353 ) ;
#2196 = AXIS2_PLACEMENT_3D ( 'NONE', #2310, #1502, #2605 ) ;
#2197 = DIRECTION ( 'NONE',  ( -0.000000000000000000, -0.000000000000000000, -1.000000000000000000 ) ) ;
#2198 = FILL_AREA_STYLE_COLOUR ( '', #3247 ) ;
#2199 = VECTOR ( 'NONE', #3295, 1000.000000000000000 ) ;
#2200 = AXIS2_PLACEMENT_3D ( 'NONE', #531, #2937, #2714 ) ;
#2201 = ADVANCED_FACE ( 'NONE', ( #172 ), #1634, .T. ) ;
#2202 = CARTESIAN_POINT ( 'NONE',  ( 0.7500000000000000000, -0.6000000000000000888, 1.024621125123532206 ) ) ;
#2203 = SURFACE_STYLE_FILL_AREA ( #1128 ) ;
#2204 = VECTOR ( 'NONE', #3393, 1000.000000000000000 ) ;
#2205 = COLOUR_RGB ( '',0.2862745098039215508, 0.2862745098039215508, 0.2862745098039215508 ) ;
#2206 = ORIENTED_EDGE ( 'NONE', *, *, #3213, .F. ) ;
#2207 = LINE ( 'NONE', #855, #1129 ) ;
#2208 = DIRECTION ( 'NONE',  ( 1.000000000000000000, 0.000000000000000000, -0.000000000000000000 ) ) ;
#2209 = CARTESIAN_POINT ( 'NONE',  ( 0.7500000000000000000, -0.3999999999999999667, 0.2000000000000000389 ) ) ;
#2210 = AXIS2_PLACEMENT_3D ( 'NONE', #312, #1165, #535 ) ;
#2211 = FACE_OUTER_BOUND ( 'NONE', #3354, .T. ) ;
#2212 =( GEOMETRIC_REPRESENTATION_CONTEXT ( 3 ) GLOBAL_UNCERTAINTY_ASSIGNED_CONTEXT ( ( #204 ) ) GLOBAL_UNIT_ASSIGNED_CONTEXT ( ( #2972, #2695, #2712 ) ) REPRESENTATION_CONTEXT ( 'NONE', 'WORKASPACE' ) );
#2213 = ORIENTED_EDGE ( 'NONE', *, *, #8, .F. ) ;
#2214 = PRESENTATION_LAYER_ASSIGNMENT (  '', '', ( #69 ) ) ;
#2215 = DIRECTION ( 'NONE',  ( -1.000000000000000000, 0.000000000000000000, 0.000000000000000000 ) ) ;
#2216 = CYLINDRICAL_SURFACE ( 'NONE', #1757, 0.1250000000000000000 ) ;
#2217 =( LENGTH_UNIT ( ) NAMED_UNIT ( * ) SI_UNIT ( .MILLI., .METRE. ) );
#2218 = COLOUR_RGB ( '',0.8431372549019607865, 0.8431372549019607865, 0.8431372549019607865 ) ;
#2219 = FACE_OUTER_BOUND ( 'NONE', #2495, .T. ) ;
#2220 = AXIS2_PLACEMENT_3D ( 'NONE', #1333, #1317, #2691 ) ;
#2221 = CARTESIAN_POINT ( 'NONE',  ( -0.3500000000000001443, 0.3750000000000000000, 0.02500000000000000139 ) ) ;
#2222 = FILL_AREA_STYLE_COLOUR ( '', #2389 ) ;
#2223 = ADVANCED_FACE ( 'NONE', ( #2234 ), #606, .T. ) ;
#2224 = EDGE_CURVE ( 'NONE', #106, #3466, #1923, .T. ) ;
#2225 = ORIENTED_EDGE ( 'NONE', *, *, #2162, .F. ) ;
#2226 =( NAMED_UNIT ( * ) PLANE_ANGLE_UNIT ( ) SI_UNIT ( $, .RADIAN. ) );
#2227 = CARTESIAN_POINT ( 'NONE',  ( 0.7500000000000000000, 0.6000000000000000888, 0.2000000000000000389 ) ) ;
#2228 = EDGE_CURVE ( 'NONE', #507, #2549, #40, .T. ) ;
#2229 = CARTESIAN_POINT ( 'NONE',  ( -0.3500000000000001443, 0.6250000000000000000, 0.02500000000000000139 ) ) ;
#2230 = CARTESIAN_POINT ( 'NONE',  ( -0.05000000000000002359, 0.000000000000000000, 1.024621125123532206 ) ) ;
#2231 = ORIENTED_EDGE ( 'NONE', *, *, #3535, .T. ) ;
#2232 = CYLINDRICAL_SURFACE ( 'NONE', #2274, 0.1000000000000000472 ) ;
#2233 = DIRECTION ( 'NONE',  ( -0.000000000000000000, -0.000000000000000000, -1.000000000000000000 ) ) ;
#2234 = FACE_OUTER_BOUND ( 'NONE', #3259, .T. ) ;
#2235 = VERTEX_POINT ( 'NONE', #2181 ) ;
#2236 = LINE ( 'NONE', #3326, #1181 ) ;
#2237 = DIRECTION ( 'NONE',  ( 1.000000000000000000, 0.000000000000000000, 0.000000000000000000 ) ) ;
#2238 = DIRECTION ( 'NONE',  ( 1.000000000000000000, 0.000000000000000000, 0.000000000000000000 ) ) ;
#2239 = VERTEX_POINT ( 'NONE', #1691 ) ;
#2240 = CARTESIAN_POINT ( 'NONE',  ( -0.7500000000000001110, 0.6250000000000000000, 1.024621125123532206 ) ) ;
#2241 = FILL_AREA_STYLE ('',( #2525 ) ) ;
#2242 = ADVANCED_FACE ( 'NONE', ( #302 ), #1175, .F. ) ;
#2243 = ORIENTED_EDGE ( 'NONE', *, *, #686, .F. ) ;
#2244 = DIRECTION ( 'NONE',  ( -0.000000000000000000, 1.000000000000000000, -0.000000000000000000 ) ) ;
#2245 = CLOSED_SHELL ( 'NONE', ( #2766, #2201, #1497, #3100, #2811, #3415 ) ) ;
#2246 = DIRECTION ( 'NONE',  ( -1.000000000000000000, 0.000000000000000000, 0.000000000000000000 ) ) ;
#2247 = ORIENTED_EDGE ( 'NONE', *, *, #822, .T. ) ;
#2248 = FACE_OUTER_BOUND ( 'NONE', #1355, .T. ) ;
#2249 = PLANE ( 'NONE',  #2952 ) ;
#2250 = PRESENTATION_LAYER_ASSIGNMENT (  '', '', ( #2025 ) ) ;
#2251 = VECTOR ( 'NONE', #2292, 1000.000000000000000 ) ;
#2252 = DIRECTION ( 'NONE',  ( 0.000000000000000000, 0.000000000000000000, -1.000000000000000000 ) ) ;
#2253 = CARTESIAN_POINT ( 'NONE',  ( -0.4749999999999999778, -0.5000000000000000000, 0.02500000000000000139 ) ) ;
#2254 =( NAMED_UNIT ( * ) SI_UNIT ( $, .STERADIAN. ) SOLID_ANGLE_UNIT ( ) );
#2255 = MECHANICAL_DESIGN_GEOMETRIC_PRESENTATION_REPRESENTATION (  '', ( #2090 ), #891 ) ;
#2256 = ORIENTED_EDGE ( 'NONE', *, *, #1643, .T. ) ;
#2257 = DIRECTION ( 'NONE',  ( 0.000000000000000000, 1.000000000000000000, -0.000000000000000000 ) ) ;
#2258 = MECHANICAL_DESIGN_GEOMETRIC_PRESENTATION_REPRESENTATION (  '', ( #1766 ), #2921 ) ;
#2259 = ORIENTED_EDGE ( 'NONE', *, *, #2121, .T. ) ;
#2260 = CARTESIAN_POINT ( 'NONE',  ( 0.7500000000000000000, 0.7500000000000000000, 0.02500000000000000139 ) ) ;
#2261 = AXIS2_PLACEMENT_3D ( 'NONE', #429, #2708, #209 ) ;
#2262 = FILL_AREA_STYLE_COLOUR ( '', #2100 ) ;
#2263 = AXIS2_PLACEMENT_3D ( 'NONE', #2281, #1506, #74 ) ;
#2264 = CARTESIAN_POINT ( 'NONE',  ( -0.7500000000000000000, -0.6250000000000000000, 0.000000000000000000 ) ) ;
#2265 = EDGE_CURVE ( 'NONE', #3517, #1824, #622, .T. ) ;
#2266 = EDGE_CURVE ( 'NONE', #439, #1436, #819, .T. ) ;
#2267 =( GEOMETRIC_REPRESENTATION_CONTEXT ( 3 ) GLOBAL_UNCERTAINTY_ASSIGNED_CONTEXT ( ( #3274 ) ) GLOBAL_UNIT_ASSIGNED_CONTEXT ( ( #1365, #543, #2763 ) ) REPRESENTATION_CONTEXT ( 'NONE', 'WORKASPACE' ) );
#2268 = PRESENTATION_LAYER_ASSIGNMENT (  '', '', ( #3206 ) ) ;
#2269 = ORIENTED_EDGE ( 'NONE', *, *, #1848, .T. ) ;
#2270 = DIRECTION ( 'NONE',  ( -1.000000000000000000, 0.000000000000000000, 0.000000000000000000 ) ) ;
#2271 =( LENGTH_UNIT ( ) NAMED_UNIT ( * ) SI_UNIT ( .MILLI., .METRE. ) );
#2272 =( GEOMETRIC_REPRESENTATION_CONTEXT ( 3 ) GLOBAL_UNCERTAINTY_ASSIGNED_CONTEXT ( ( #1747 ) ) GLOBAL_UNIT_ASSIGNED_CONTEXT ( ( #1247, #3186, #706 ) ) REPRESENTATION_CONTEXT ( 'NONE', 'WORKASPACE' ) );
#2273 = AXIS2_PLACEMENT_3D ( 'NONE', #2113, #1526, #2615 ) ;
#2274 = AXIS2_PLACEMENT_3D ( 'NONE', #2017, #375, #2295 ) ;
#2275 = AXIS2_PLACEMENT_3D ( 'NONE', #2349, #2928, #1022 ) ;
#2276 = SURFACE_SIDE_STYLE ('',( #3348 ) ) ;
#2277 = DIRECTION ( 'NONE',  ( 0.000000000000000000, 0.000000000000000000, -1.000000000000000000 ) ) ;
#2278 = PLANE ( 'NONE',  #1381 ) ;
#2279 = ORIENTED_EDGE ( 'NONE', *, *, #2443, .F. ) ;
#2280 = CYLINDRICAL_SURFACE ( 'NONE', #2166, 0.1000000000000000472 ) ;
#2281 = CARTESIAN_POINT ( 'NONE',  ( -0.7499999999999997780, -0.7500000000000000000, 1.000000000000000000 ) ) ;
#2282 = CARTESIAN_POINT ( 'NONE',  ( 0.7500000000000000000, 0.1000000000000000472, 0.02500000000000000139 ) ) ;
#2283 = ORIENTED_EDGE ( 'NONE', *, *, #920, .T. ) ;
#2284 =( LENGTH_UNIT ( ) NAMED_UNIT ( * ) SI_UNIT ( .MILLI., .METRE. ) );
#2285 = DIRECTION ( 'NONE',  ( 0.000000000000000000, 1.000000000000000000, 0.000000000000000000 ) ) ;
#2286 = PLANE ( 'NONE',  #191 ) ;
#2287 = ADVANCED_FACE ( 'NONE', ( #2316 ), #352, .T. ) ;
#2288 =( NAMED_UNIT ( * ) PLANE_ANGLE_UNIT ( ) SI_UNIT ( $, .RADIAN. ) );
#2289 = DIRECTION ( 'NONE',  ( 0.000000000000000000, 0.000000000000000000, -1.000000000000000000 ) ) ;
#2290 = ORIENTED_EDGE ( 'NONE', *, *, #216, .T. ) ;
#2291 = VERTEX_POINT ( 'NONE', #634 ) ;
#2292 = DIRECTION ( 'NONE',  ( -0.000000000000000000, 1.000000000000000000, -0.000000000000000000 ) ) ;
#2293 = CARTESIAN_POINT ( 'NONE',  ( -0.4749999999999999778, -0.3750000000000000000, 0.000000000000000000 ) ) ;
#2294 = VERTEX_POINT ( 'NONE', #2282 ) ;
#2295 = DIRECTION ( 'NONE',  ( -1.000000000000000000, 0.000000000000000000, 0.000000000000000000 ) ) ;
#2296 = DIRECTION ( 'NONE',  ( -0.000000000000000000, -0.000000000000000000, 1.000000000000000000 ) ) ;
#2297 = VERTEX_POINT ( 'NONE', #2822 ) ;
#2298 = CARTESIAN_POINT ( 'NONE',  ( -0.7500000000000000000, -0.6250000000000000000, 0.2000000000000000389 ) ) ;
#2299 = PRESENTATION_STYLE_ASSIGNMENT (( #2474 ) ) ;
#2300 = AXIS2_PLACEMENT_3D ( 'NONE', #3431, #3455, #117 ) ;
#2301 = FILL_AREA_STYLE ('',( #399 ) ) ;
#2302 = VECTOR ( 'NONE', #1510, 1000.000000000000000 ) ;
#2303 = CARTESIAN_POINT ( 'NONE',  ( 0.7500000000000000000, 0.6000000000000000888, 0.2000000000000000944 ) ) ;
#2304 = EDGE_CURVE ( 'NONE', #1058, #1911, #988, .T. ) ;
#2305 = ADVANCED_FACE ( 'NONE', ( #2839 ), #2018, .T. ) ;
#2306 = COLOUR_RGB ( '',0.8431372549019607865, 0.8431372549019607865, 0.8431372549019607865 ) ;
#2307 = EDGE_LOOP ( 'NONE', ( #3574, #2108, #1262, #2802 ) ) ;
#2308 = UNCERTAINTY_MEASURE_WITH_UNIT (LENGTH_MEASURE( 1.000000000000000082E-05 ), #743, 'distance_accuracy_value', 'NONE');
#2309 = VERTEX_POINT ( 'NONE', #110 ) ;
#2310 = CARTESIAN_POINT ( 'NONE',  ( -0.7249999999999998668, -0.7250000000000000888, 0.9750000000000000888 ) ) ;
#2311 = LINE ( 'NONE', #88, #1421 ) ;
#2312 = VECTOR ( 'NONE', #1276, 1000.000000000000000 ) ;
#2313 = CARTESIAN_POINT ( 'NONE',  ( -0.4749999999999999778, -0.3750000000000000000, 0.2000000000000000944 ) ) ;
#2314 = ORIENTED_EDGE ( 'NONE', *, *, #2266, .F. ) ;
#2315 = CARTESIAN_POINT ( 'NONE',  ( 0.7249999999999999778, -0.7500000000000000000, 1.000000000000000000 ) ) ;
#2316 = FACE_OUTER_BOUND ( 'NONE', #354, .T. ) ;
#2317 = AXIS2_PLACEMENT_3D ( 'NONE', #1419, #3602, #2246 ) ;
#2318 = ORIENTED_EDGE ( 'NONE', *, *, #2828, .T. ) ;
#2319 = AXIS2_PLACEMENT_3D ( 'NONE', #182, #147, #2393 ) ;
#2320 = DIRECTION ( 'NONE',  ( 1.000000000000000000, 0.000000000000000000, 0.000000000000000000 ) ) ;
#2321 = PRESENTATION_LAYER_ASSIGNMENT (  '', '', ( #3329 ) ) ;
#2322 = MECHANICAL_DESIGN_GEOMETRIC_PRESENTATION_REPRESENTATION (  '', ( #1251 ), #3386 ) ;
#2323 = CARTESIAN_POINT ( 'NONE',  ( -0.7249999999999998668, -0.7250000000000000888, 1.000000000000000000 ) ) ;
#2324 = PRESENTATION_STYLE_ASSIGNMENT (( #3172 ) ) ;
#2325 = PRESENTATION_LAYER_ASSIGNMENT (  '', '', ( #1984 ) ) ;
#2326 = DIRECTION ( 'NONE',  ( 0.000000000000000000, -0.000000000000000000, -1.000000000000000000 ) ) ;
#2327 = CIRCLE ( 'NONE', #2273, 0.02499999999999995628 ) ;
#2328 = ORIENTED_EDGE ( 'NONE', *, *, #3097, .F. ) ;
#2329 = ADVANCED_FACE ( 'NONE', ( #974 ), #1786, .F. ) ;
#2330 = CARTESIAN_POINT ( 'NONE',  ( 0.7500000000000000000, -0.6000000000000000888, 0.2000000000000000389 ) ) ;
#2331 = STYLED_ITEM ( 'NONE', ( #227 ), #3167 ) ;
#2332 = PRESENTATION_STYLE_ASSIGNMENT (( #1219 ) ) ;
#2333 = COLOUR_RGB ( '',0.2862745098039215508, 0.2862745098039215508, 0.2862745098039215508 ) ;
#2334 = UNCERTAINTY_MEASURE_WITH_UNIT (LENGTH_MEASURE( 1.000000000000000082E-05 ), #2498, 'distance_accuracy_value', 'NONE');
#2335 = VERTEX_POINT ( 'NONE', #53 ) ;
#2336 = LINE ( 'NONE', #3496, #1585 ) ;
#2337 = EDGE_CURVE ( 'NONE', #1932, #3442, #1190, .T. ) ;
#2338 = SURFACE_STYLE_USAGE ( .BOTH. , #649 ) ;
#2339 = VERTEX_POINT ( 'NONE', #740 ) ;
#2340 = LINE ( 'NONE', #355, #3499 ) ;
#2341 = CARTESIAN_POINT ( 'NONE',  ( 0.7500000000000000000, -0.7250000000000001998, 1.000000000000000000 ) ) ;
#2342 = DIRECTION ( 'NONE',  ( 0.000000000000000000, 0.000000000000000000, -1.000000000000000000 ) ) ;
#2343 = CARTESIAN_POINT ( 'NONE',  ( -0.4750000000000000333, -0.1250000000000000000, 0.02500000000000000139 ) ) ;
#2344 = SURFACE_SIDE_STYLE ('',( #2048 ) ) ;
#2345 = ORIENTED_EDGE ( 'NONE', *, *, #3034, .T. ) ;
#2346 = ORIENTED_EDGE ( 'NONE', *, *, #162, .T. ) ;
#2347 = DIRECTION ( 'NONE',  ( -1.000000000000000000, 0.000000000000000000, 0.000000000000000000 ) ) ;
#2348 =( NAMED_UNIT ( * ) SI_UNIT ( $, .STERADIAN. ) SOLID_ANGLE_UNIT ( ) );
#2349 = CARTESIAN_POINT ( 'NONE',  ( 0.7500000000000000000, 0.3999999999999999667, 0.2000000000000000389 ) ) ;
#2350 = VERTEX_POINT ( 'NONE', #2632 ) ;
#2351 = EDGE_CURVE ( 'NONE', #304, #1781, #2988, .T. ) ;
#2352 = ORIENTED_EDGE ( 'NONE', *, *, #1447, .F. ) ;
#2353 = SURFACE_SIDE_STYLE ('',( #1605 ) ) ;
#2354 = PRESENTATION_STYLE_ASSIGNMENT (( #228 ) ) ;
#2355 = CARTESIAN_POINT ( 'NONE',  ( 0.05000000000000001665, 0.6000000000000000888, 0.000000000000000000 ) ) ;
#2356 = FILL_AREA_STYLE_COLOUR ( '', #1461 ) ;
#2357 = FILL_AREA_STYLE ('',( #1888 ) ) ;
#2358 = SURFACE_STYLE_USAGE ( .BOTH. , #2344 ) ;
#2359 = ORIENTED_EDGE ( 'NONE', *, *, #895, .F. ) ;
#2360 = MECHANICAL_DESIGN_GEOMETRIC_PRESENTATION_REPRESENTATION (  '', ( #2025 ), #1744 ) ;
#2361 = ORIENTED_EDGE ( 'NONE', *, *, #307, .T. ) ;
#2362 = FILL_AREA_STYLE ('',( #3175 ) ) ;
#2363 = CARTESIAN_POINT ( 'NONE',  ( 0.7500000000000000000, 0.6000000000000000888, 1.024621125123532206 ) ) ;
#2364 = AXIS2_PLACEMENT_3D ( 'NONE', #2459, #2186, #474 ) ;
#2365 = DIRECTION ( 'NONE',  ( 0.000000000000000000, 1.000000000000000000, 0.000000000000000000 ) ) ;
#2366 = VERTEX_POINT ( 'NONE', #3220 ) ;
#2367 = PRESENTATION_LAYER_ASSIGNMENT (  '', '', ( #356 ) ) ;
#2368 = CARTESIAN_POINT ( 'NONE',  ( -0.7500000000000000000, 0.7500000000000000000, 0.9750000000000000888 ) ) ;
#2369 = SURFACE_SIDE_STYLE ('',( #1852 ) ) ;
#2370 = CARTESIAN_POINT ( 'NONE',  ( -0.7250000000000000888, 0.7250000000000000888, 0.02499999999999995628 ) ) ;
#2371 = LINE ( 'NONE', #3613, #2573 ) ;
#2372 = ORIENTED_EDGE ( 'NONE', *, *, #3366, .F. ) ;
#2373 = SURFACE_SIDE_STYLE ('',( #2635 ) ) ;
#2374 =( GEOMETRIC_REPRESENTATION_CONTEXT ( 3 ) GLOBAL_UNCERTAINTY_ASSIGNED_CONTEXT ( ( #30 ) ) GLOBAL_UNIT_ASSIGNED_CONTEXT ( ( #1828, #1353, #2656 ) ) REPRESENTATION_CONTEXT ( 'NONE', 'WORKASPACE' ) );
#2375 = EDGE_CURVE ( 'NONE', #1290, #3188, #2499, .T. ) ;
#2376 = EDGE_CURVE ( 'NONE', #982, #2590, #900, .T. ) ;
#2377 =( GEOMETRIC_REPRESENTATION_CONTEXT ( 3 ) GLOBAL_UNCERTAINTY_ASSIGNED_CONTEXT ( ( #1574 ) ) GLOBAL_UNIT_ASSIGNED_CONTEXT ( ( #668, #2582, #410 ) ) REPRESENTATION_CONTEXT ( 'NONE', 'WORKASPACE' ) );
#2378 =( GEOMETRIC_REPRESENTATION_CONTEXT ( 3 ) GLOBAL_UNCERTAINTY_ASSIGNED_CONTEXT ( ( #3083 ) ) GLOBAL_UNIT_ASSIGNED_CONTEXT ( ( #673, #3397, #1496 ) ) REPRESENTATION_CONTEXT ( 'NONE', 'WORKASPACE' ) );
#2379 =( NAMED_UNIT ( * ) PLANE_ANGLE_UNIT ( ) SI_UNIT ( $, .RADIAN. ) );
#2380 = LINE ( 'NONE', #1094, #1921 ) ;
#2381 = ADVANCED_FACE ( 'NONE', ( #1837 ), #2110, .T. ) ;
#2382 = CARTESIAN_POINT ( 'NONE',  ( 0.7500000000000000000, -0.1000000000000000472, 0.2000000000000000389 ) ) ;
#2383 = COLOUR_RGB ( '',0.8431372549019607865, 0.8431372549019607865, 0.8431372549019607865 ) ;
#2384 = VECTOR ( 'NONE', #2447, 1000.000000000000000 ) ;
#2385 = ORIENTED_EDGE ( 'NONE', *, *, #1405, .F. ) ;
#2386 = ORIENTED_EDGE ( 'NONE', *, *, #2644, .F. ) ;
#2387 = DIRECTION ( 'NONE',  ( -1.000000000000000000, 0.000000000000000000, 0.000000000000000000 ) ) ;
#2388 = VECTOR ( 'NONE', #3112, 1000.000000000000000 ) ;
#2389 = COLOUR_RGB ( '',0.7921568627450980005, 0.8196078431372548767, 0.9333333333333333481 ) ;
#2390 = DIRECTION ( 'NONE',  ( 0.000000000000000000, 0.000000000000000000, -1.000000000000000000 ) ) ;
#2391 = AXIS2_PLACEMENT_3D ( 'NONE', #486, #2396, #2449 ) ;
#2392 = VERTEX_POINT ( 'NONE', #1316 ) ;
#2393 = DIRECTION ( 'NONE',  ( 4.336808689942024836E-15, 1.000000000000000000, 0.000000000000000000 ) ) ;
#2394 = CARTESIAN_POINT ( 'NONE',  ( -0.4749999999999999778, -0.3750000000000000000, 0.2000000000000000389 ) ) ;
#2395 =( GEOMETRIC_REPRESENTATION_CONTEXT ( 3 ) GLOBAL_UNCERTAINTY_ASSIGNED_CONTEXT ( ( #3592 ) ) GLOBAL_UNIT_ASSIGNED_CONTEXT ( ( #2540, #2579, #3441 ) ) REPRESENTATION_CONTEXT ( 'NONE', 'WORKASPACE' ) );
#2396 = DIRECTION ( 'NONE',  ( -0.000000000000000000, 0.000000000000000000, -1.000000000000000000 ) ) ;
#2397 = ORIENTED_EDGE ( 'NONE', *, *, #1146, .F. ) ;
#2398 = PLANE ( 'NONE',  #1147 ) ;
#2399 = VECTOR ( 'NONE', #714, 1000.000000000000000 ) ;
#2400 = LINE ( 'NONE', #2416, #3437 ) ;
#2401 = FILL_AREA_STYLE_COLOUR ( '', #601 ) ;
#2402 = ADVANCED_FACE ( 'NONE', ( #225 ), #1083, .F. ) ;
#2403 = FILL_AREA_STYLE ('',( #1067 ) ) ;
#2404 = EDGE_CURVE ( 'NONE', #3103, #3544, #461, .T. ) ;
#2405 = EDGE_LOOP ( 'NONE', ( #3178, #2256, #2886, #201 ) ) ;
#2406 = DIRECTION ( 'NONE',  ( 0.000000000000000000, 0.000000000000000000, -1.000000000000000000 ) ) ;
#2407 =( NAMED_UNIT ( * ) PLANE_ANGLE_UNIT ( ) SI_UNIT ( $, .RADIAN. ) );
#2408 = DIRECTION ( 'NONE',  ( 0.000000000000000000, 0.000000000000000000, -1.000000000000000000 ) ) ;
#2409 = UNCERTAINTY_MEASURE_WITH_UNIT (LENGTH_MEASURE( 1.000000000000000082E-05 ), #1089, 'distance_accuracy_value', 'NONE');
#2410 = ORIENTED_EDGE ( 'NONE', *, *, #2265, .T. ) ;
#2411 = LINE ( 'NONE', #2609, #1802 ) ;
#2412 = LINE ( 'NONE', #1292, #1708 ) ;
#2413 = DIRECTION ( 'NONE',  ( -1.000000000000000000, 0.000000000000000000, 0.000000000000000000 ) ) ;
#2414 = ORIENTED_EDGE ( 'NONE', *, *, #1607, .F. ) ;
#2415 = FILL_AREA_STYLE_COLOUR ( '', #2218 ) ;
#2416 = CARTESIAN_POINT ( 'NONE',  ( 0.7500000000000000000, -0.3999999999999999667, 0.02500000000000000139 ) ) ;
#2417 = DIRECTION ( 'NONE',  ( 0.000000000000000000, 0.000000000000000000, 1.000000000000000000 ) ) ;
#2418 = VERTEX_POINT ( 'NONE', #2394 ) ;
#2419 = ORIENTED_EDGE ( 'NONE', *, *, #985, .F. ) ;
#2420 = PRESENTATION_STYLE_ASSIGNMENT (( #1627 ) ) ;
#2421 = EDGE_CURVE ( 'NONE', #2590, #2661, #3527, .T. ) ;
#2422 = EDGE_CURVE ( 'NONE', #1058, #1794, #1867, .T. ) ;
#2423 = CARTESIAN_POINT ( 'NONE',  ( 0.05000000000000001665, -0.3999999999999999667, 0.000000000000000000 ) ) ;
#2424 = VERTEX_POINT ( 'NONE', #446 ) ;
#2425 = FILL_AREA_STYLE_COLOUR ( '', #1862 ) ;
#2426 = CARTESIAN_POINT ( 'NONE',  ( 0.7500000000000000000, -0.3999999999999999667, 0.2000000000000000389 ) ) ;
#2427 =( NAMED_UNIT ( * ) PLANE_ANGLE_UNIT ( ) SI_UNIT ( $, .RADIAN. ) );
#2428 = VECTOR ( 'NONE', #3075, 1000.000000000000000 ) ;
#2429 = SURFACE_STYLE_FILL_AREA ( #1579 ) ;
#2430 = VECTOR ( 'NONE', #943, 1000.000000000000000 ) ;
#2431 = ORIENTED_EDGE ( 'NONE', *, *, #663, .F. ) ;
#2432 = PRESENTATION_LAYER_ASSIGNMENT (  '', '', ( #2090 ) ) ;
#2433 =( GEOMETRIC_REPRESENTATION_CONTEXT ( 3 ) GLOBAL_UNCERTAINTY_ASSIGNED_CONTEXT ( ( #961 ) ) GLOBAL_UNIT_ASSIGNED_CONTEXT ( ( #868, #2517, #4 ) ) REPRESENTATION_CONTEXT ( 'NONE', 'WORKASPACE' ) );
#2434 = LINE ( 'NONE', #3010, #2485 ) ;
#2435 = DIRECTION ( 'NONE',  ( 0.000000000000000000, 0.000000000000000000, -1.000000000000000000 ) ) ;
#2436 = AXIS2_PLACEMENT_3D ( 'NONE', #212, #1825, #725 ) ;
#2437 = EDGE_LOOP ( 'NONE', ( #1409, #825, #2171, #1972 ) ) ;
#2438 = ORIENTED_EDGE ( 'NONE', *, *, #3414, .T. ) ;
#2439 = STYLED_ITEM ( 'NONE', ( #3559 ), #2381 ) ;
#2440 = AXIS2_PLACEMENT_3D ( 'NONE', #814, #243, #1154 ) ;
#2441 = STYLED_ITEM ( 'NONE', ( #48 ), #2586 ) ;
#2442 = VECTOR ( 'NONE', #2159, 1000.000000000000000 ) ;
#2443 = EDGE_CURVE ( 'NONE', #2145, #479, #482, .T. ) ;
#2444 = ORIENTED_EDGE ( 'NONE', *, *, #2603, .F. ) ;
#2445 = FILL_AREA_STYLE_COLOUR ( '', #830 ) ;
#2446 = VECTOR ( 'NONE', #2515, 1000.000000000000000 ) ;
#2447 = DIRECTION ( 'NONE',  ( 1.000000000000000000, -0.000000000000000000, -0.000000000000000000 ) ) ;
#2448 =( GEOMETRIC_REPRESENTATION_CONTEXT ( 3 ) GLOBAL_UNCERTAINTY_ASSIGNED_CONTEXT ( ( #2760 ) ) GLOBAL_UNIT_ASSIGNED_CONTEXT ( ( #3079, #3345, #1764 ) ) REPRESENTATION_CONTEXT ( 'NONE', 'WORKASPACE' ) );
#2449 = DIRECTION ( 'NONE',  ( 1.000000000000000000, 0.000000000000000000, 0.000000000000000000 ) ) ;
#2450 = VECTOR ( 'NONE', #300, 1000.000000000000000 ) ;
#2451 = EDGE_CURVE ( 'NONE', #3389, #1893, #160, .T. ) ;
#2452 = EDGE_LOOP ( 'NONE', ( #3174, #2279, #2630, #2564 ) ) ;
#2453 = FACE_OUTER_BOUND ( 'NONE', #892, .T. ) ;
#2454 = VECTOR ( 'NONE', #2805, 1000.000000000000000 ) ;
#2455 =( GEOMETRIC_REPRESENTATION_CONTEXT ( 3 ) GLOBAL_UNCERTAINTY_ASSIGNED_CONTEXT ( ( #1557 ) ) GLOBAL_UNIT_ASSIGNED_CONTEXT ( ( #1891, #1056, #3249 ) ) REPRESENTATION_CONTEXT ( 'NONE', 'WORKASPACE' ) );
#2456 = DIRECTION ( 'NONE',  ( 1.000000000000000000, 0.000000000000000000, 0.000000000000000000 ) ) ;
#2457 = LINE ( 'NONE', #2202, #361 ) ;
#2458 = EDGE_LOOP ( 'NONE', ( #3047, #337, #339, #783 ) ) ;
#2459 = CARTESIAN_POINT ( 'NONE',  ( 0.05000000000000002359, 0.000000000000000000, 0.02500000000000000139 ) ) ;
#2460 = FILL_AREA_STYLE ('',( #12 ) ) ;
#2461 =( LENGTH_UNIT ( ) NAMED_UNIT ( * ) SI_UNIT ( .MILLI., .METRE. ) );
#2462 = UNCERTAINTY_MEASURE_WITH_UNIT (LENGTH_MEASURE( 1.000000000000000082E-05 ), #3610, 'distance_accuracy_value', 'NONE');
#2463 = ORIENTED_EDGE ( 'NONE', *, *, #189, .F. ) ;
#2464 =( NAMED_UNIT ( * ) SI_UNIT ( $, .STERADIAN. ) SOLID_ANGLE_UNIT ( ) );
#2465 = LINE ( 'NONE', #3595, #290 ) ;
#2466 = DIRECTION ( 'NONE',  ( -0.000000000000000000, -0.000000000000000000, -1.000000000000000000 ) ) ;
#2467 = CARTESIAN_POINT ( 'NONE',  ( 0.7500000000000000000, -0.1000000000000000472, 1.024621125123532206 ) ) ;
#2468 =( NAMED_UNIT ( * ) SI_UNIT ( $, .STERADIAN. ) SOLID_ANGLE_UNIT ( ) );
#2469 = VERTEX_POINT ( 'NONE', #3542 ) ;
#2470 = DIRECTION ( 'NONE',  ( -1.000000000000000000, 4.336808689942024836E-15, 0.000000000000000000 ) ) ;
#2471 =( NAMED_UNIT ( * ) SI_UNIT ( $, .STERADIAN. ) SOLID_ANGLE_UNIT ( ) );
#2472 = EDGE_CURVE ( 'NONE', #1029, #3495, #1060, .T. ) ;
#2473 = FACE_OUTER_BOUND ( 'NONE', #1767, .T. ) ;
#2474 = SURFACE_STYLE_USAGE ( .BOTH. , #275 ) ;
#2475 = PLANE ( 'NONE',  #1358 ) ;
#2476 = DIRECTION ( 'NONE',  ( -1.000000000000000000, 0.000000000000000000, 0.000000000000000000 ) ) ;
#2477 =( NAMED_UNIT ( * ) SI_UNIT ( $, .STERADIAN. ) SOLID_ANGLE_UNIT ( ) );
#2478 = APPLICATION_PROTOCOL_DEFINITION ( 'draft international standard', 'automotive_design', 1998, #997 ) ;
#2479 = UNCERTAINTY_MEASURE_WITH_UNIT (LENGTH_MEASURE( 1.000000000000000082E-05 ), #462, 'distance_accuracy_value', 'NONE');
#2480 = ORIENTED_EDGE ( 'NONE', *, *, #1535, .F. ) ;
#2481 = DIRECTION ( 'NONE',  ( 0.000000000000000000, 0.000000000000000000, -1.000000000000000000 ) ) ;
#2482 = DIRECTION ( 'NONE',  ( 0.000000000000000000, 0.000000000000000000, -1.000000000000000000 ) ) ;
#2483 = SURFACE_STYLE_FILL_AREA ( #281 ) ;
#2484 = ORIENTED_EDGE ( 'NONE', *, *, #2677, .T. ) ;
#2485 = VECTOR ( 'NONE', #2734, 1000.000000000000000 ) ;
#2486 = CARTESIAN_POINT ( 'NONE',  ( 0.7250000000000000888, -0.7250000000000000888, 1.000000000000000000 ) ) ;
#2487 = STYLED_ITEM ( 'NONE', ( #3589 ), #756 ) ;
#2488 = LINE ( 'NONE', #879, #2620 ) ;
#2489 = EDGE_CURVE ( 'NONE', #3290, #175, #1877, .T. ) ;
#2490 = ADVANCED_FACE ( 'NONE', ( #3297 ), #1959, .T. ) ;
#2491 = CARTESIAN_POINT ( 'NONE',  ( 0.7500000000000000000, -0.3999999999999999667, 0.000000000000000000 ) ) ;
#2492 = CIRCLE ( 'NONE', #1475, 0.1000000000000000472 ) ;
#2493 = LINE ( 'NONE', #9, #3566 ) ;
#2494 = EDGE_CURVE ( 'NONE', #2549, #2366, #3612, .T. ) ;
#2495 = EDGE_LOOP ( 'NONE', ( #1649, #1422, #3107, #692 ) ) ;
#2496 = FILL_AREA_STYLE_COLOUR ( '', #662 ) ;
#2497 = COLOUR_RGB ( '',0.2862745098039215508, 0.2862745098039215508, 0.2862745098039215508 ) ;
#2498 =( LENGTH_UNIT ( ) NAMED_UNIT ( * ) SI_UNIT ( .MILLI., .METRE. ) );
#2499 = CIRCLE ( 'NONE', #2261, 0.1000000000000000472 ) ;
#2500 = STYLED_ITEM ( 'NONE', ( #2821 ), #1611 ) ;
#2501 = UNCERTAINTY_MEASURE_WITH_UNIT (LENGTH_MEASURE( 1.000000000000000082E-05 ), #408, 'distance_accuracy_value', 'NONE');
#2502 = ORIENTED_EDGE ( 'NONE', *, *, #2649, .F. ) ;
#2503 = PLANE ( 'NONE',  #476 ) ;
#2504 = FACE_OUTER_BOUND ( 'NONE', #3333, .T. ) ;
#2505 = CARTESIAN_POINT ( 'NONE',  ( 0.000000000000000000, 0.000000000000000000, 0.02500000000000000139 ) ) ;
#2506 = FACE_OUTER_BOUND ( 'NONE', #3614, .T. ) ;
#2507 = CIRCLE ( 'NONE', #2559, 0.1250000000000000000 ) ;
#2508 =( LENGTH_UNIT ( ) NAMED_UNIT ( * ) SI_UNIT ( .MILLI., .METRE. ) );
#2509 = STYLED_ITEM ( 'NONE', ( #2117 ), #2784 ) ;
#2510 = MECHANICAL_DESIGN_GEOMETRIC_PRESENTATION_REPRESENTATION (  '', ( #493 ), #3210 ) ;
#2511 = CARTESIAN_POINT ( 'NONE',  ( -0.7499999999999997780, -0.7250000000000001998, 0.02500000000000000139 ) ) ;
#2512 = PLANE ( 'NONE',  #1134 ) ;
#2513 = CARTESIAN_POINT ( 'NONE',  ( 0.7250000000000000888, 0.7250000000000000888, 0.9750000000000000888 ) ) ;
#2514 = ORIENTED_EDGE ( 'NONE', *, *, #213, .F. ) ;
#2515 = DIRECTION ( 'NONE',  ( 1.000000000000000000, -0.000000000000000000, -0.000000000000000000 ) ) ;
#2516 = LINE ( 'NONE', #24, #2428 ) ;
#2517 =( NAMED_UNIT ( * ) PLANE_ANGLE_UNIT ( ) SI_UNIT ( $, .RADIAN. ) );
#2518 = EDGE_CURVE ( 'NONE', #472, #602, #1946, .T. ) ;
#2519 = AXIS2_PLACEMENT_3D ( 'NONE', #1156, #1947, #1674 ) ;
#2520 = CARTESIAN_POINT ( 'NONE',  ( 0.7250000000000000888, -0.7250000000000001998, 0.02499999999999995628 ) ) ;
#2521 = ADVANCED_FACE ( 'NONE', ( #2506 ), #3317, .F. ) ;
#2522 = CARTESIAN_POINT ( 'NONE',  ( -0.6375000000000000666, 0.5500000000000000444, 0.9899999999999999911 ) ) ;
#2523 = VERTEX_POINT ( 'NONE', #2177 ) ;
#2524 =( NAMED_UNIT ( * ) SI_UNIT ( $, .STERADIAN. ) SOLID_ANGLE_UNIT ( ) );
#2525 = FILL_AREA_STYLE_COLOUR ( '', #2050 ) ;
#2526 = VERTEX_POINT ( 'NONE', #2209 ) ;
#2527 =( NAMED_UNIT ( * ) PLANE_ANGLE_UNIT ( ) SI_UNIT ( $, .RADIAN. ) );
#2528 = ORIENTED_EDGE ( 'NONE', *, *, #1428, .F. ) ;
#2529 = PRESENTATION_STYLE_ASSIGNMENT (( #413 ) ) ;
#2530 = DIRECTION ( 'NONE',  ( -1.000000000000000000, -0.000000000000000000, -0.000000000000000000 ) ) ;
#2531 = PRESENTATION_STYLE_ASSIGNMENT (( #1443 ) ) ;
#2532 = SURFACE_STYLE_FILL_AREA ( #847 ) ;
#2533 = ORIENTED_EDGE ( 'NONE', *, *, #1405, .T. ) ;
#2534 = UNCERTAINTY_MEASURE_WITH_UNIT (LENGTH_MEASURE( 1.000000000000000082E-05 ), #3056, 'distance_accuracy_value', 'NONE');
#2535 = ORIENTED_EDGE ( 'NONE', *, *, #2555, .F. ) ;
#2536 = EDGE_CURVE ( 'NONE', #1097, #1866, #1155, .T. ) ;
#2537 = SURFACE_SIDE_STYLE ('',( #3063 ) ) ;
#2538 = EDGE_CURVE ( 'NONE', #2523, #2692, #858, .T. ) ;
#2539 = DIRECTION ( 'NONE',  ( 0.000000000000000000, 1.000000000000000000, 0.000000000000000000 ) ) ;
#2540 =( LENGTH_UNIT ( ) NAMED_UNIT ( * ) SI_UNIT ( .MILLI., .METRE. ) );
#2541 = ORIENTED_EDGE ( 'NONE', *, *, #2351, .T. ) ;
#2542 = CARTESIAN_POINT ( 'NONE',  ( -0.4749999999999999778, -0.3750000000000000000, 0.02500000000000000139 ) ) ;
#2543 = DIRECTION ( 'NONE',  ( -0.000000000000000000, -0.000000000000000000, -1.000000000000000000 ) ) ;
#2544 = AXIS2_PLACEMENT_3D ( 'NONE', #1809, #2864, #1499 ) ;
#2545 = EDGE_LOOP ( 'NONE', ( #774, #2480, #1072, #934 ) ) ;
#2546 = DIRECTION ( 'NONE',  ( 1.000000000000000000, 0.000000000000000000, 0.000000000000000000 ) ) ;
#2547 = VECTOR ( 'NONE', #2959, 1000.000000000000000 ) ;
#2548 = CIRCLE ( 'NONE', #2144, 0.1000000000000000472 ) ;
#2549 = VERTEX_POINT ( 'NONE', #523 ) ;
#2550 = DIRECTION ( 'NONE',  ( -0.000000000000000000, -0.000000000000000000, -1.000000000000000000 ) ) ;
#2551 = VERTEX_POINT ( 'NONE', #244 ) ;
#2552 = CARTESIAN_POINT ( 'NONE',  ( 0.7500000000000000000, -0.1000000000000000472, 0.000000000000000000 ) ) ;
#2553 = DIRECTION ( 'NONE',  ( 0.000000000000000000, 0.000000000000000000, 1.000000000000000000 ) ) ;
#2554 = AXIS2_PLACEMENT_3D ( 'NONE', #1544, #3197, #1332 ) ;
#2555 = EDGE_CURVE ( 'NONE', #1379, #1241, #2507, .T. ) ;
#2556 = CARTESIAN_POINT ( 'NONE',  ( -0.7500000000000000000, 0.7500000000000000000, 1.000000000000000000 ) ) ;
#2557 = VERTEX_POINT ( 'NONE', #617 ) ;
#2558 = CARTESIAN_POINT ( 'NONE',  ( 0.7500000000000000000, 0.7500000000000000000, 0.02500000000000000139 ) ) ;
#2559 = AXIS2_PLACEMENT_3D ( 'NONE', #930, #1452, #645 ) ;
#2560 = VECTOR ( 'NONE', #2296, 1000.000000000000000 ) ;
#2561 =( NAMED_UNIT ( * ) PLANE_ANGLE_UNIT ( ) SI_UNIT ( $, .RADIAN. ) );
#2562 = EDGE_CURVE ( 'NONE', #3442, #602, #67, .T. ) ;
#2563 =( GEOMETRIC_REPRESENTATION_CONTEXT ( 3 ) GLOBAL_UNCERTAINTY_ASSIGNED_CONTEXT ( ( #2703 ) ) GLOBAL_UNIT_ASSIGNED_CONTEXT ( ( #2882, #98, #417 ) ) REPRESENTATION_CONTEXT ( 'NONE', 'WORKASPACE' ) );
#2564 = ORIENTED_EDGE ( 'NONE', *, *, #870, .T. ) ;
#2565 = CARTESIAN_POINT ( 'NONE',  ( -0.3500000000000001443, 0.6250000000000000000, 0.000000000000000000 ) ) ;
#2566 = DIRECTION ( 'NONE',  ( 0.000000000000000000, -0.000000000000000000, 1.000000000000000000 ) ) ;
#2567 = PLANE ( 'NONE',  #3375 ) ;
#2568 = PRESENTATION_LAYER_ASSIGNMENT (  '', '', ( #3090 ) ) ;
#2569 = MECHANICAL_DESIGN_GEOMETRIC_PRESENTATION_REPRESENTATION (  '', ( #430 ), #1426 ) ;
#2570 = AXIS2_PLACEMENT_3D ( 'NONE', #3006, #2194, #2710 ) ;
#2571 = FILL_AREA_STYLE ('',( #2356 ) ) ;
#2572 = SURFACE_STYLE_USAGE ( .BOTH. , #1810 ) ;
#2573 = VECTOR ( 'NONE', #2818, 1000.000000000000000 ) ;
#2574 = ORIENTED_EDGE ( 'NONE', *, *, #271, .F. ) ;
#2575 = UNCERTAINTY_MEASURE_WITH_UNIT (LENGTH_MEASURE( 1.000000000000000082E-05 ), #87, 'distance_accuracy_value', 'NONE');
#2576 = COLOUR_RGB ( '',0.8431372549019607865, 0.8431372549019607865, 0.8431372549019607865 ) ;
#2577 = VERTEX_POINT ( 'NONE', #1468 ) ;
#2578 =( GEOMETRIC_REPRESENTATION_CONTEXT ( 3 ) GLOBAL_UNCERTAINTY_ASSIGNED_CONTEXT ( ( #753 ) ) GLOBAL_UNIT_ASSIGNED_CONTEXT ( ( #2461, #1645, #576 ) ) REPRESENTATION_CONTEXT ( 'NONE', 'WORKASPACE' ) );
#2579 =( NAMED_UNIT ( * ) PLANE_ANGLE_UNIT ( ) SI_UNIT ( $, .RADIAN. ) );
#2580 = ORIENTED_EDGE ( 'NONE', *, *, #198, .F. ) ;
#2581 =( NAMED_UNIT ( * ) SI_UNIT ( $, .STERADIAN. ) SOLID_ANGLE_UNIT ( ) );
#2582 =( NAMED_UNIT ( * ) PLANE_ANGLE_UNIT ( ) SI_UNIT ( $, .RADIAN. ) );
#2583 = LINE ( 'NONE', #2565, #845 ) ;
#2584 = CARTESIAN_POINT ( 'NONE',  ( 0.05000000000000001665, 0.1000000000000000472, 0.2000000000000000389 ) ) ;
#2585 = FILL_AREA_STYLE_COLOUR ( '', #245 ) ;
#2586 = ADVANCED_FACE ( 'NONE', ( #1752 ), #3121, .T. ) ;
#2587 = PRESENTATION_STYLE_ASSIGNMENT (( #654 ) ) ;
#2588 =( NAMED_UNIT ( * ) SI_UNIT ( $, .STERADIAN. ) SOLID_ANGLE_UNIT ( ) );
#2589 = DIRECTION ( 'NONE',  ( -0.000000000000000000, -1.000000000000000000, -0.000000000000000000 ) ) ;
#2590 = VERTEX_POINT ( 'NONE', #1486 ) ;
#2591 = PRESENTATION_STYLE_ASSIGNMENT (( #2662 ) ) ;
#2592 = FILL_AREA_STYLE ('',( #630 ) ) ;
#2593 = ORIENTED_EDGE ( 'NONE', *, *, #1214, .T. ) ;
#2594 = DIRECTION ( 'NONE',  ( 1.445602896647339163E-16, -1.000000000000000000, 0.000000000000000000 ) ) ;
#2595 = DIRECTION ( 'NONE',  ( -1.000000000000000000, -1.445602896647341628E-16, 0.000000000000000000 ) ) ;
#2596 = EDGE_LOOP ( 'NONE', ( #1334, #2867, #1838, #1724 ) ) ;
#2597 = DIRECTION ( 'NONE',  ( 0.000000000000000000, 0.000000000000000000, -1.000000000000000000 ) ) ;
#2598 =( GEOMETRIC_REPRESENTATION_CONTEXT ( 3 ) GLOBAL_UNCERTAINTY_ASSIGNED_CONTEXT ( ( #1956 ) ) GLOBAL_UNIT_ASSIGNED_CONTEXT ( ( #1551, #2288, #2588 ) ) REPRESENTATION_CONTEXT ( 'NONE', 'WORKASPACE' ) );
#2599 = FILL_AREA_STYLE ('',( #2401 ) ) ;
#2600 = EDGE_CURVE ( 'NONE', #3091, #2085, #3105, .T. ) ;
#2601 = FILL_AREA_STYLE_COLOUR ( '', #1990 ) ;
#2602 = COLOUR_RGB ( '',0.7921568627450980005, 0.8196078431372548767, 0.9333333333333333481 ) ;
#2603 = EDGE_CURVE ( 'NONE', #1448, #1881, #1536, .T. ) ;
#2604 = ORIENTED_EDGE ( 'NONE', *, *, #1754, .T. ) ;
#2605 = DIRECTION ( 'NONE',  ( 0.000000000000000000, 0.000000000000000000, 1.000000000000000000 ) ) ;
#2606 =( GEOMETRIC_REPRESENTATION_CONTEXT ( 3 ) GLOBAL_UNCERTAINTY_ASSIGNED_CONTEXT ( ( #2501 ) ) GLOBAL_UNIT_ASSIGNED_CONTEXT ( ( #408, #426, #2087 ) ) REPRESENTATION_CONTEXT ( 'NONE', 'WORKASPACE' ) );
#2607 = MECHANICAL_DESIGN_GEOMETRIC_PRESENTATION_REPRESENTATION (  '', ( #2147 ), #2433 ) ;
#2608 = EDGE_LOOP ( 'NONE', ( #3523, #1952, #2345, #2535 ) ) ;
#2609 = CARTESIAN_POINT ( 'NONE',  ( -0.7500000000000001110, 0.3750000000000000000, 0.02500000000000000139 ) ) ;
#2610 = SURFACE_SIDE_STYLE ('',( #1523 ) ) ;
#2611 = CARTESIAN_POINT ( 'NONE',  ( 0.05000000000000002359, 0.000000000000000000, 0.2000000000000000389 ) ) ;
#2612 = CIRCLE ( 'NONE', #1195, 0.02499999999999995628 ) ;
#2613 = ORIENTED_EDGE ( 'NONE', *, *, #1087, .T. ) ;
#2614 = VECTOR ( 'NONE', #2233, 1000.000000000000000 ) ;
#2615 = DIRECTION ( 'NONE',  ( 1.000000000000000000, 0.000000000000000000, 0.000000000000000000 ) ) ;
#2616 = CARTESIAN_POINT ( 'NONE',  ( 0.7500000000000000000, -0.1000000000000000472, 0.02500000000000000139 ) ) ;
#2617 = COLOUR_RGB ( '',0.2862745098039215508, 0.2862745098039215508, 0.2862745098039215508 ) ;
#2618 = VECTOR ( 'NONE', #1074, 1000.000000000000000 ) ;
#2619 =( LENGTH_UNIT ( ) NAMED_UNIT ( * ) SI_UNIT ( .MILLI., .METRE. ) );
#2620 = VECTOR ( 'NONE', #2197, 1000.000000000000000 ) ;
#2621 = DIRECTION ( 'NONE',  ( 0.000000000000000000, 0.000000000000000000, -1.000000000000000000 ) ) ;
#2622 = ORIENTED_EDGE ( 'NONE', *, *, #1492, .T. ) ;
#2623 = ORIENTED_EDGE ( 'NONE', *, *, #239, .F. ) ;
#2624 = LINE ( 'NONE', #141, #2786 ) ;
#2625 = CIRCLE ( 'NONE', #136, 0.1000000000000000472 ) ;
#2626 = PRESENTATION_STYLE_ASSIGNMENT (( #422 ) ) ;
#2627 = EDGE_CURVE ( 'NONE', #1285, #45, #2457, .T. ) ;
#2628 = FACE_OUTER_BOUND ( 'NONE', #78, .T. ) ;
#2629 = STYLED_ITEM ( 'NONE', ( #2982 ), #3578 ) ;
#2630 = ORIENTED_EDGE ( 'NONE', *, *, #416, .F. ) ;
#2631 = PRESENTATION_STYLE_ASSIGNMENT (( #1835 ) ) ;
#2632 = CARTESIAN_POINT ( 'NONE',  ( -0.4625000000000000777, 0.5500000000000000444, 1.000000000000000000 ) ) ;
#2633 = VERTEX_POINT ( 'NONE', #611 ) ;
#2634 =( NAMED_UNIT ( * ) SI_UNIT ( $, .STERADIAN. ) SOLID_ANGLE_UNIT ( ) );
#2635 = SURFACE_STYLE_FILL_AREA ( #3241 ) ;
#2636 = CYLINDRICAL_SURFACE ( 'NONE', #1187, 0.02499999999999995628 ) ;
#2637 = CARTESIAN_POINT ( 'NONE',  ( -0.4749999999999999778, -0.5000000000000000000, 0.2000000000000000944 ) ) ;
#2638 = CYLINDRICAL_SURFACE ( 'NONE', #761, 0.1000000000000000472 ) ;
#2639 =( NAMED_UNIT ( * ) PLANE_ANGLE_UNIT ( ) SI_UNIT ( $, .RADIAN. ) );
#2640 = DIRECTION ( 'NONE',  ( 1.000000000000000000, 0.000000000000000000, -0.000000000000000000 ) ) ;
#2641 = EDGE_LOOP ( 'NONE', ( #2688, #2130, #2951, #1563 ) ) ;
#2642 = EDGE_LOOP ( 'NONE', ( #2359, #1738, #1632, #795 ) ) ;
#2643 = DIRECTION ( 'NONE',  ( 1.000000000000000000, 0.000000000000000000, 0.000000000000000000 ) ) ;
#2644 = EDGE_CURVE ( 'NONE', #54, #3058, #1378, .T. ) ;
#2645 = EDGE_CURVE ( 'NONE', #54, #3372, #1640, .T. ) ;
#2646 = ORIENTED_EDGE ( 'NONE', *, *, #1121, .F. ) ;
#2647 = CARTESIAN_POINT ( 'NONE',  ( -0.7500000000000000000, -0.3750000000000000000, 0.2000000000000000389 ) ) ;
#2648 = CARTESIAN_POINT ( 'NONE',  ( -0.7500000000000000000, -0.6250000000000000000, 0.2000000000000000389 ) ) ;
#2649 = EDGE_CURVE ( 'NONE', #2876, #1285, #2493, .T. ) ;
#2650 = ORIENTED_EDGE ( 'NONE', *, *, #2649, .T. ) ;
#2651 = CARTESIAN_POINT ( 'NONE',  ( -0.7500000000000001110, 0.1250000000000000000, 0.2000000000000000944 ) ) ;
#2652 = CARTESIAN_POINT ( 'NONE',  ( 0.7250000000000001998, 0.7250000000000000888, 1.000000000000000000 ) ) ;
#2653 = CLOSED_SHELL ( 'NONE', ( #1903, #2897, #2521, #190 ) ) ;
#2654 = FACE_OUTER_BOUND ( 'NONE', #314, .T. ) ;
#2655 = LINE ( 'NONE', #765, #3185 ) ;
#2656 =( NAMED_UNIT ( * ) SI_UNIT ( $, .STERADIAN. ) SOLID_ANGLE_UNIT ( ) );
#2657 = DIRECTION ( 'NONE',  ( 1.000000000000000000, 0.000000000000000000, 0.000000000000000000 ) ) ;
#2658 = VECTOR ( 'NONE', #3417, 1000.000000000000000 ) ;
#2659 = ORIENTED_EDGE ( 'NONE', *, *, #965, .T. ) ;
#2660 = CIRCLE ( 'NONE', #821, 0.08749999999999995282 ) ;
#2661 = VERTEX_POINT ( 'NONE', #1430 ) ;
#2662 = SURFACE_STYLE_USAGE ( .BOTH. , #1570 ) ;
#2663 = PRESENTATION_STYLE_ASSIGNMENT (( #1784 ) ) ;
#2664 = PRESENTATION_LAYER_ASSIGNMENT (  '', '', ( #2487 ) ) ;
#2665 = SURFACE_STYLE_USAGE ( .BOTH. , #794 ) ;
#2666 = UNCERTAINTY_MEASURE_WITH_UNIT (LENGTH_MEASURE( 1.000000000000000082E-05 ), #2045, 'distance_accuracy_value', 'NONE');
#2667 = ORIENTED_EDGE ( 'NONE', *, *, #1470, .F. ) ;
#2668 = MECHANICAL_DESIGN_GEOMETRIC_PRESENTATION_REPRESENTATION (  '', ( #1299 ), #1861 ) ;
#2669 = SURFACE_STYLE_FILL_AREA ( #1851 ) ;
#2670 = FACE_OUTER_BOUND ( 'NONE', #2996, .T. ) ;
#2671 = SURFACE_SIDE_STYLE ('',( #2429 ) ) ;
#2672 = EDGE_CURVE ( 'NONE', #1223, #1290, #2184, .T. ) ;
#2673 = VECTOR ( 'NONE', #1338, 1000.000000000000000 ) ;
#2674 = ORIENTED_EDGE ( 'NONE', *, *, #1560, .F. ) ;
#2675 = CYLINDRICAL_SURFACE ( 'NONE', #3261, 0.02499999999999995628 ) ;
#2676 = AXIS2_PLACEMENT_3D ( 'NONE', #2165, #2753, #3301 ) ;
#2677 = EDGE_CURVE ( 'NONE', #2137, #2854, #3145, .T. ) ;
#2678 = SURFACE_SIDE_STYLE ('',( #151 ) ) ;
#2679 = DIRECTION ( 'NONE',  ( 0.000000000000000000, 0.000000000000000000, 1.000000000000000000 ) ) ;
#2680 = FACE_OUTER_BOUND ( 'NONE', #2055, .T. ) ;
#2681 = COLOUR_RGB ( '',0.9607843137254902244, 0.9607843137254902244, 0.9607843137254902244 ) ;
#2682 = AXIS2_PLACEMENT_3D ( 'NONE', #47, #2817, #2277 ) ;
#2683 = STYLED_ITEM ( 'NONE', ( #1808 ), #2811 ) ;
#2684 = EDGE_LOOP ( 'NONE', ( #3312, #2438, #3123, #2225 ) ) ;
#2685 = ORIENTED_EDGE ( 'NONE', *, *, #2880, .F. ) ;
#2686 = DIRECTION ( 'NONE',  ( 0.000000000000000000, 0.000000000000000000, -1.000000000000000000 ) ) ;
#2687 = VECTOR ( 'NONE', #524, 1000.000000000000000 ) ;
#2688 = ORIENTED_EDGE ( 'NONE', *, *, #3303, .F. ) ;
#2689 = SURFACE_SIDE_STYLE ('',( #1927 ) ) ;
#2690 = CIRCLE ( 'NONE', #3157, 0.1000000000000000472 ) ;
#2691 = DIRECTION ( 'NONE',  ( 1.000000000000000000, 0.000000000000000000, -0.000000000000000000 ) ) ;
#2692 = VERTEX_POINT ( 'NONE', #2221 ) ;
#2693 =( LENGTH_UNIT ( ) NAMED_UNIT ( * ) SI_UNIT ( .MILLI., .METRE. ) );
#2694 = FILL_AREA_STYLE_COLOUR ( '', #3379 ) ;
#2695 =( NAMED_UNIT ( * ) PLANE_ANGLE_UNIT ( ) SI_UNIT ( $, .RADIAN. ) );
#2696 = EDGE_CURVE ( 'NONE', #1518, #1781, #2915, .T. ) ;
#2697 = EDGE_CURVE ( 'NONE', #50, #2469, #1595, .T. ) ;
#2698 = DIRECTION ( 'NONE',  ( 1.000000000000000000, 0.000000000000000000, 0.000000000000000000 ) ) ;
#2699 = DIRECTION ( 'NONE',  ( -0.000000000000000000, -0.000000000000000000, -1.000000000000000000 ) ) ;
#2700 = VERTEX_POINT ( 'NONE', #3013 ) ;
#2701 = VERTEX_POINT ( 'NONE', #1665 ) ;
#2702 = CYLINDRICAL_SURFACE ( 'NONE', #1696, 0.1000000000000000472 ) ;
#2703 = UNCERTAINTY_MEASURE_WITH_UNIT (LENGTH_MEASURE( 1.000000000000000082E-05 ), #2882, 'distance_accuracy_value', 'NONE');
#2704 = ORIENTED_EDGE ( 'NONE', *, *, #920, .F. ) ;
#2705 = CARTESIAN_POINT ( 'NONE',  ( 0.7500000000000000000, 0.1000000000000000472, 0.2000000000000000944 ) ) ;
#2706 = DIRECTION ( 'NONE',  ( 1.000000000000000000, 0.000000000000000000, -0.000000000000000000 ) ) ;
#2707 = CARTESIAN_POINT ( 'NONE',  ( -0.05000000000000002359, -0.5000000000000000000, 0.2000000000000000389 ) ) ;
#2708 = DIRECTION ( 'NONE',  ( 0.000000000000000000, 0.000000000000000000, -1.000000000000000000 ) ) ;
#2709 = ORIENTED_EDGE ( 'NONE', *, *, #1007, .F. ) ;
#2710 = DIRECTION ( 'NONE',  ( 0.000000000000000000, -0.000000000000000000, -1.000000000000000000 ) ) ;
#2711 = DIRECTION ( 'NONE',  ( -1.000000000000000000, 0.000000000000000000, 0.000000000000000000 ) ) ;
#2712 =( NAMED_UNIT ( * ) SI_UNIT ( $, .STERADIAN. ) SOLID_ANGLE_UNIT ( ) );
#2713 = DIRECTION ( 'NONE',  ( -0.000000000000000000, -0.000000000000000000, -1.000000000000000000 ) ) ;
#2714 = DIRECTION ( 'NONE',  ( 0.000000000000000000, 0.000000000000000000, -1.000000000000000000 ) ) ;
#2715 = ADVANCED_FACE ( 'NONE', ( #1919 ), #591, .T. ) ;
#2716 = ORIENTED_EDGE ( 'NONE', *, *, #1624, .F. ) ;
#2717 = AXIS2_PLACEMENT_3D ( 'NONE', #341, #3377, #3031 ) ;
#2718 = FACE_OUTER_BOUND ( 'NONE', #2684, .T. ) ;
#2719 = PRESENTATION_STYLE_ASSIGNMENT (( #237 ) ) ;
#2720 = ADVANCED_FACE ( 'NONE', ( #2794 ), #288, .T. ) ;
#2721 = PRESENTATION_LAYER_ASSIGNMENT (  '', '', ( #2895 ) ) ;
#2722 = DIRECTION ( 'NONE',  ( 1.000000000000000000, 0.000000000000000000, 0.000000000000000000 ) ) ;
#2723 = ORIENTED_EDGE ( 'NONE', *, *, #3347, .T. ) ;
#2724 = FACE_OUTER_BOUND ( 'NONE', #2545, .T. ) ;
#2725 = MECHANICAL_DESIGN_GEOMETRIC_PRESENTATION_REPRESENTATION (  '', ( #945 ), #534 ) ;
#2726 = DIRECTION ( 'NONE',  ( -1.000000000000000000, -0.000000000000000000, -0.000000000000000000 ) ) ;
#2727 = ORIENTED_EDGE ( 'NONE', *, *, #2011, .T. ) ;
#2728 = PRESENTATION_STYLE_ASSIGNMENT (( #3041 ) ) ;
#2729 = FILL_AREA_STYLE ('',( #2783 ) ) ;
#2730 = FILL_AREA_STYLE_COLOUR ( '', #722 ) ;
#2731 = MECHANICAL_DESIGN_GEOMETRIC_PRESENTATION_REPRESENTATION (  '', ( #1469 ), #2606 ) ;
#2732 = MECHANICAL_DESIGN_GEOMETRIC_PRESENTATION_REPRESENTATION (  '', ( #2847 ), #303 ) ;
#2733 = DIRECTION ( 'NONE',  ( 0.000000000000000000, 0.000000000000000000, -1.000000000000000000 ) ) ;
#2734 = DIRECTION ( 'NONE',  ( -0.000000000000000000, -0.000000000000000000, -1.000000000000000000 ) ) ;
#2735 = VECTOR ( 'NONE', #1553, 1000.000000000000000 ) ;
#2736 = VECTOR ( 'NONE', #1860, 1000.000000000000000 ) ;
#2737 = DIRECTION ( 'NONE',  ( -1.000000000000000000, 0.000000000000000000, 0.000000000000000000 ) ) ;
#2738 = ORIENTED_EDGE ( 'NONE', *, *, #3232, .T. ) ;
#2739 = MECHANICAL_DESIGN_GEOMETRIC_PRESENTATION_REPRESENTATION (  '', ( #2439 ), #2970 ) ;
#2740 = STYLED_ITEM ( 'NONE', ( #1386 ), #1770 ) ;
#2741 = DIRECTION ( 'NONE',  ( -1.000000000000000000, 0.000000000000000000, 0.000000000000000000 ) ) ;
#2742 = VECTOR ( 'NONE', #1971, 1000.000000000000000 ) ;
#2743 = VECTOR ( 'NONE', #2832, 1000.000000000000000 ) ;
#2744 = ORIENTED_EDGE ( 'NONE', *, *, #2924, .F. ) ;
#2745 = PLANE ( 'NONE',  #173 ) ;
#2746 = ADVANCED_FACE ( 'NONE', ( #3307 ), #824, .T. ) ;
#2747 = COLOUR_RGB ( '',0.2862745098039215508, 0.2862745098039215508, 0.2862745098039215508 ) ;
#2748 = FACE_OUTER_BOUND ( 'NONE', #2185, .T. ) ;
#2749 = PRESENTATION_STYLE_ASSIGNMENT (( #2765 ) ) ;
#2750 = VECTOR ( 'NONE', #3300, 1000.000000000000000 ) ;
#2751 = ORIENTED_EDGE ( 'NONE', *, *, #1039, .T. ) ;
#2752 = FILL_AREA_STYLE ('',( #1402 ) ) ;
#2753 = DIRECTION ( 'NONE',  ( -0.000000000000000000, -0.000000000000000000, 1.000000000000000000 ) ) ;
#2754 =( GEOMETRIC_REPRESENTATION_CONTEXT ( 3 ) GLOBAL_UNCERTAINTY_ASSIGNED_CONTEXT ( ( #3177 ) ) GLOBAL_UNIT_ASSIGNED_CONTEXT ( ( #3106, #647, #1753 ) ) REPRESENTATION_CONTEXT ( 'NONE', 'WORKASPACE' ) );
#2755 = DIRECTION ( 'NONE',  ( -1.000000000000000000, 0.000000000000000000, 0.000000000000000000 ) ) ;
#2756 = SURFACE_STYLE_FILL_AREA ( #1662 ) ;
#2757 = CARTESIAN_POINT ( 'NONE',  ( -0.7500000000000000000, -0.6250000000000000000, 0.2000000000000000944 ) ) ;
#2758 = FILL_AREA_STYLE_COLOUR ( '', #2101 ) ;
#2759 =( NAMED_UNIT ( * ) SI_UNIT ( $, .STERADIAN. ) SOLID_ANGLE_UNIT ( ) );
#2760 = UNCERTAINTY_MEASURE_WITH_UNIT (LENGTH_MEASURE( 1.000000000000000082E-05 ), #3079, 'distance_accuracy_value', 'NONE');
#2761 = EDGE_LOOP ( 'NONE', ( #1462, #1558, #23, #624 ) ) ;
#2762 = DIRECTION ( 'NONE',  ( 0.000000000000000000, -1.000000000000000000, 0.000000000000000000 ) ) ;
#2763 =( NAMED_UNIT ( * ) SI_UNIT ( $, .STERADIAN. ) SOLID_ANGLE_UNIT ( ) );
#2764 = EDGE_CURVE ( 'NONE', #2815, #2633, #2976, .T. ) ;
#2765 = SURFACE_STYLE_USAGE ( .BOTH. , #36 ) ;
#2766 = ADVANCED_FACE ( 'NONE', ( #3416 ), #2286, .T. ) ;
#2767 = ORIENTED_EDGE ( 'NONE', *, *, #1789, .T. ) ;
#2768 = DIRECTION ( 'NONE',  ( -1.000000000000000000, 0.000000000000000000, 0.000000000000000000 ) ) ;
#2769 = SURFACE_SIDE_STYLE ('',( #549 ) ) ;
#2770 = EDGE_CURVE ( 'NONE', #3477, #732, #492, .T. ) ;
#2771 = LINE ( 'NONE', #1374, #2446 ) ;
#2772 = FILL_AREA_STYLE_COLOUR ( '', #1131 ) ;
#2773 = CARTESIAN_POINT ( 'NONE',  ( 0.7500000000000000000, -0.7250000000000001998, 0.02500000000000000139 ) ) ;
#2774 = ORIENTED_EDGE ( 'NONE', *, *, #1902, .F. ) ;
#2775 = DIRECTION ( 'NONE',  ( 0.000000000000000000, 0.000000000000000000, -1.000000000000000000 ) ) ;
#2776 = LINE ( 'NONE', #1101, #2800 ) ;
#2777 = DIRECTION ( 'NONE',  ( 1.000000000000000000, -0.000000000000000000, 0.000000000000000000 ) ) ;
#2778 = CIRCLE ( 'NONE', #2544, 0.1000000000000000472 ) ;
#2779 = CARTESIAN_POINT ( 'NONE',  ( -0.4749999999999999778, -0.6250000000000000000, 0.2000000000000000389 ) ) ;
#2780 = EDGE_LOOP ( 'NONE', ( #1710, #2290, #659, #2709 ) ) ;
#2781 = PRESENTATION_LAYER_ASSIGNMENT (  '', '', ( #764 ) ) ;
#2782 = DIRECTION ( 'NONE',  ( 0.000000000000000000, -1.000000000000000000, 0.000000000000000000 ) ) ;
#2783 = FILL_AREA_STYLE_COLOUR ( '', #1806 ) ;
#2784 = ADVANCED_FACE ( 'NONE', ( #785 ), #2935, .F. ) ;
#2785 = DIRECTION ( 'NONE',  ( -1.000000000000000000, 0.000000000000000000, 0.000000000000000000 ) ) ;
#2786 = VECTOR ( 'NONE', #3518, 1000.000000000000000 ) ;
#2787 = ORIENTED_EDGE ( 'NONE', *, *, #2536, .T. ) ;
#2788 = CARTESIAN_POINT ( 'NONE',  ( 0.05000000000000002359, 0.3999999999999999667, 0.2000000000000000944 ) ) ;
#2789 = DIRECTION ( 'NONE',  ( 0.000000000000000000, -0.000000000000000000, 1.000000000000000000 ) ) ;
#2790 = FACE_OUTER_BOUND ( 'NONE', #122, .T. ) ;
#2791 = PRESENTATION_LAYER_ASSIGNMENT (  '', '', ( #951 ) ) ;
#2792 = EDGE_CURVE ( 'NONE', #304, #914, #1314, .T. ) ;
#2793 = VECTOR ( 'NONE', #2699, 1000.000000000000000 ) ;
#2794 = FACE_OUTER_BOUND ( 'NONE', #390, .T. ) ;
#2795 = CARTESIAN_POINT ( 'NONE',  ( -0.7500000000000000000, -0.6250000000000000000, 0.2000000000000000944 ) ) ;
#2796 = PLANE ( 'NONE',  #131 ) ;
#2797 = CIRCLE ( 'NONE', #1704, 0.08749999999999995282 ) ;
#2798 = FILL_AREA_STYLE_COLOUR ( '', #1826 ) ;
#2799 = AXIS2_PLACEMENT_3D ( 'NONE', #3427, #1208, #3110 ) ;
#2800 = VECTOR ( 'NONE', #2482, 1000.000000000000000 ) ;
#2801 = UNCERTAINTY_MEASURE_WITH_UNIT (LENGTH_MEASURE( 1.000000000000000082E-05 ), #206, 'distance_accuracy_value', 'NONE');
#2802 = ORIENTED_EDGE ( 'NONE', *, *, #1560, .T. ) ;
#2803 = CARTESIAN_POINT ( 'NONE',  ( -0.7500000000000001110, -0.1250000000000000000, 0.2000000000000000389 ) ) ;
#2804 = ORIENTED_EDGE ( 'NONE', *, *, #3349, .T. ) ;
#2805 = DIRECTION ( 'NONE',  ( -0.000000000000000000, 1.000000000000000000, -0.000000000000000000 ) ) ;
#2806 = DIRECTION ( 'NONE',  ( 0.000000000000000000, 0.000000000000000000, 1.000000000000000000 ) ) ;
#2807 = ORIENTED_EDGE ( 'NONE', *, *, #1878, .T. ) ;
#2808 = PRESENTATION_STYLE_ASSIGNMENT (( #1695 ) ) ;
#2809 =( GEOMETRIC_REPRESENTATION_CONTEXT ( 3 ) GLOBAL_UNCERTAINTY_ASSIGNED_CONTEXT ( ( #3522 ) ) GLOBAL_UNIT_ASSIGNED_CONTEXT ( ( #2873, #2527, #391 ) ) REPRESENTATION_CONTEXT ( 'NONE', 'WORKASPACE' ) );
#2810 = EDGE_CURVE ( 'NONE', #3036, #211, #967, .T. ) ;
#2811 = ADVANCED_FACE ( 'NONE', ( #2654 ), #168, .T. ) ;
#2812 = DIRECTION ( 'NONE',  ( 0.000000000000000000, 0.000000000000000000, 1.000000000000000000 ) ) ;
#2813 = CARTESIAN_POINT ( 'NONE',  ( -0.7250000000000000888, 0.7250000000000000888, 1.000000000000000000 ) ) ;
#2814 = AXIS2_PLACEMENT_3D ( 'NONE', #1167, #1975, #2722 ) ;
#2815 = VERTEX_POINT ( 'NONE', #2788 ) ;
#2816 = SURFACE_STYLE_USAGE ( .BOTH. , #2537 ) ;
#2817 = DIRECTION ( 'NONE',  ( 0.000000000000000000, -1.000000000000000000, -0.000000000000000000 ) ) ;
#2818 = DIRECTION ( 'NONE',  ( 0.000000000000000000, -1.000000000000000000, -0.000000000000000000 ) ) ;
#2819 = ORIENTED_EDGE ( 'NONE', *, *, #3033, .T. ) ;
#2820 = CARTESIAN_POINT ( 'NONE',  ( 0.05000000000000002359, 0.5000000000000000000, 0.2000000000000000389 ) ) ;
#2821 = PRESENTATION_STYLE_ASSIGNMENT (( #3109 ) ) ;
#2822 = CARTESIAN_POINT ( 'NONE',  ( -0.05000000000000002359, 0.5000000000000000000, 0.000000000000000000 ) ) ;
#2823 = ORIENTED_EDGE ( 'NONE', *, *, #2627, .F. ) ;
#2824 = CYLINDRICAL_SURFACE ( 'NONE', #3452, 0.02499999999999995628 ) ;
#2825 = CARTESIAN_POINT ( 'NONE',  ( -0.4750000000000001443, 0.6250000000000000000, 0.2000000000000000389 ) ) ;
#2826 = FILL_AREA_STYLE ('',( #923 ) ) ;
#2827 = DIRECTION ( 'NONE',  ( 1.000000000000000000, -0.000000000000000000, -0.000000000000000000 ) ) ;
#2828 = EDGE_CURVE ( 'NONE', #2815, #878, #3074, .T. ) ;
#2829 = UNCERTAINTY_MEASURE_WITH_UNIT (LENGTH_MEASURE( 1.000000000000000082E-05 ), #2849, 'distance_accuracy_value', 'NONE');
#2830 = ORIENTED_EDGE ( 'NONE', *, *, #76, .T. ) ;
#2831 = FILL_AREA_STYLE_COLOUR ( '', #3187 ) ;
#2832 = DIRECTION ( 'NONE',  ( -1.000000000000000000, -0.000000000000000000, -0.000000000000000000 ) ) ;
#2833 = ADVANCED_FACE ( 'NONE', ( #2473 ), #529, .T. ) ;
#2834 = SURFACE_STYLE_USAGE ( .BOTH. , #1978 ) ;
#2835 = VECTOR ( 'NONE', #1666, 1000.000000000000000 ) ;
#2836 = ORIENTED_EDGE ( 'NONE', *, *, #2893, .T. ) ;
#2837 = CARTESIAN_POINT ( 'NONE',  ( -0.7500000000000001110, 0.3750000000000000000, 0.2000000000000000389 ) ) ;
#2838 =( LENGTH_UNIT ( ) NAMED_UNIT ( * ) SI_UNIT ( .MILLI., .METRE. ) );
#2839 = FACE_OUTER_BOUND ( 'NONE', #3462, .T. ) ;
#2840 = ORIENTED_EDGE ( 'NONE', *, *, #95, .F. ) ;
#2841 = SURFACE_STYLE_FILL_AREA ( #1740 ) ;
#2842 =( NAMED_UNIT ( * ) SI_UNIT ( $, .STERADIAN. ) SOLID_ANGLE_UNIT ( ) );
#2843 = DIRECTION ( 'NONE',  ( 1.000000000000000000, 0.000000000000000000, 0.000000000000000000 ) ) ;
#2844 = FILL_AREA_STYLE ('',( #1446 ) ) ;
#2845 = AXIS2_PLACEMENT_3D ( 'NONE', #924, #3116, #2884 ) ;
#2846 = VERTEX_POINT ( 'NONE', #1143 ) ;
#2847 = STYLED_ITEM ( 'NONE', ( #2324 ), #1054 ) ;
#2848 = FILL_AREA_STYLE ('',( #1998 ) ) ;
#2849 =( LENGTH_UNIT ( ) NAMED_UNIT ( * ) SI_UNIT ( .MILLI., .METRE. ) );
#2850 = AXIS2_PLACEMENT_3D ( 'NONE', #2611, #2543, #3465 ) ;
#2851 = VECTOR ( 'NONE', #3530, 1000.000000000000000 ) ;
#2852 = SURFACE_STYLE_FILL_AREA ( #3406 ) ;
#2853 = EDGE_CURVE ( 'NONE', #218, #1098, #2488, .T. ) ;
#2854 = VERTEX_POINT ( 'NONE', #2 ) ;
#2855 = LINE ( 'NONE', #2837, #3275 ) ;
#2856 =( NAMED_UNIT ( * ) PLANE_ANGLE_UNIT ( ) SI_UNIT ( $, .RADIAN. ) );
#2857 = STYLED_ITEM ( 'NONE', ( #1561 ), #1692 ) ;
#2858 = PRESENTATION_LAYER_ASSIGNMENT (  '', '', ( #1251 ) ) ;
#2859 = ORIENTED_EDGE ( 'NONE', *, *, #1343, .T. ) ;
#2860 = DIRECTION ( 'NONE',  ( 0.000000000000000000, 0.000000000000000000, 1.000000000000000000 ) ) ;
#2861 = CARTESIAN_POINT ( 'NONE',  ( 0.7500000000000000000, -0.1000000000000000472, 0.2000000000000000389 ) ) ;
#2862 = CARTESIAN_POINT ( 'NONE',  ( -0.7500000000000001110, 0.3750000000000000000, 0.2000000000000000389 ) ) ;
#2863 = DIRECTION ( 'NONE',  ( 1.000000000000000000, -0.000000000000000000, 0.000000000000000000 ) ) ;
#2864 = DIRECTION ( 'NONE',  ( 0.000000000000000000, 0.000000000000000000, -1.000000000000000000 ) ) ;
#2865 = DIRECTION ( 'NONE',  ( -1.000000000000000000, 0.000000000000000000, 0.000000000000000000 ) ) ;
#2866 = STYLED_ITEM ( 'NONE', ( #2332 ), #3460 ) ;
#2867 = ORIENTED_EDGE ( 'NONE', *, *, #780, .F. ) ;
#2868 = ORIENTED_EDGE ( 'NONE', *, *, #511, .F. ) ;
#2869 = DIRECTION ( 'NONE',  ( 0.000000000000000000, 0.000000000000000000, -1.000000000000000000 ) ) ;
#2870 =( LENGTH_UNIT ( ) NAMED_UNIT ( * ) SI_UNIT ( .MILLI., .METRE. ) );
#2871 = FILL_AREA_STYLE_COLOUR ( '', #2333 ) ;
#2872 = VERTEX_POINT ( 'NONE', #3059 ) ;
#2873 =( LENGTH_UNIT ( ) NAMED_UNIT ( * ) SI_UNIT ( .MILLI., .METRE. ) );
#2874 = ADVANCED_FACE ( 'NONE', ( #2219 ), #327, .T. ) ;
#2875 = EDGE_CURVE ( 'NONE', #864, #439, #2771, .T. ) ;
#2876 = VERTEX_POINT ( 'NONE', #3009 ) ;
#2877 = DIRECTION ( 'NONE',  ( 0.000000000000000000, 1.000000000000000000, 0.000000000000000000 ) ) ;
#2878 = CARTESIAN_POINT ( 'NONE',  ( -0.7500000000000000000, -0.3750000000000000000, 0.2000000000000000944 ) ) ;
#2879 = DIRECTION ( 'NONE',  ( 0.000000000000000000, -0.000000000000000000, 1.000000000000000000 ) ) ;
#2880 = EDGE_CURVE ( 'NONE', #970, #2350, #907, .T. ) ;
#2881 = SURFACE_SIDE_STYLE ('',( #1323 ) ) ;
#2882 =( LENGTH_UNIT ( ) NAMED_UNIT ( * ) SI_UNIT ( .MILLI., .METRE. ) );
#2883 = DIRECTION ( 'NONE',  ( -0.000000000000000000, 0.000000000000000000, -1.000000000000000000 ) ) ;
#2884 = DIRECTION ( 'NONE',  ( -1.000000000000000000, 0.000000000000000000, -0.000000000000000000 ) ) ;
#2885 = CARTESIAN_POINT ( 'NONE',  ( -0.7500000000000001110, -0.1250000000000000000, 1.024621125123532206 ) ) ;
#2886 = ORIENTED_EDGE ( 'NONE', *, *, #1857, .T. ) ;
#2887 = ORIENTED_EDGE ( 'NONE', *, *, #2006, .T. ) ;
#2888 = PLANE ( 'NONE',  #1324 ) ;
#2889 = ORIENTED_EDGE ( 'NONE', *, *, #563, .T. ) ;
#2890 = CARTESIAN_POINT ( 'NONE',  ( 0.05000000000000002359, 0.3999999999999999667, 0.000000000000000000 ) ) ;
#2891 = VERTEX_POINT ( 'NONE', #3169 ) ;
#2892 = DIRECTION ( 'NONE',  ( -1.000000000000000000, 0.000000000000000000, 0.000000000000000000 ) ) ;
#2893 = EDGE_CURVE ( 'NONE', #2145, #1694, #2004, .T. ) ;
#2894 = CARTESIAN_POINT ( 'NONE',  ( 0.05000000000000002359, 0.3999999999999999667, 0.2000000000000000389 ) ) ;
#2895 = STYLED_ITEM ( 'NONE', ( #194 ), #264 ) ;
#2896 = SURFACE_STYLE_USAGE ( .BOTH. , #3469 ) ;
#2897 = ADVANCED_FACE ( 'NONE', ( #977 ), #1459, .T. ) ;
#2898 = LINE ( 'NONE', #138, #3150 ) ;
#2899 = AXIS2_PLACEMENT_3D ( 'NONE', #1977, #294, #334 ) ;
#2900 = ORIENTED_EDGE ( 'NONE', *, *, #1169, .F. ) ;
#2901 = ORIENTED_EDGE ( 'NONE', *, *, #1607, .T. ) ;
#2902 = PLANE ( 'NONE',  #296 ) ;
#2903 = VECTOR ( 'NONE', #2907, 1000.000000000000000 ) ;
#2904 = SURFACE_SIDE_STYLE ('',( #89 ) ) ;
#2905 = AXIS2_PLACEMENT_3D ( 'NONE', #196, #2097, #806 ) ;
#2906 = EDGE_LOOP ( 'NONE', ( #1904, #3368, #217, #871 ) ) ;
#2907 = DIRECTION ( 'NONE',  ( -0.000000000000000000, 0.000000000000000000, -1.000000000000000000 ) ) ;
#2908 =( NAMED_UNIT ( * ) PLANE_ANGLE_UNIT ( ) SI_UNIT ( $, .RADIAN. ) );
#2909 = DIRECTION ( 'NONE',  ( 0.000000000000000000, 0.000000000000000000, -1.000000000000000000 ) ) ;
#2910 =( GEOMETRIC_REPRESENTATION_CONTEXT ( 3 ) GLOBAL_UNCERTAINTY_ASSIGNED_CONTEXT ( ( #1721 ) ) GLOBAL_UNIT_ASSIGNED_CONTEXT ( ( #1440, #3007, #3600 ) ) REPRESENTATION_CONTEXT ( 'NONE', 'WORKASPACE' ) );
#2911 = STYLED_ITEM ( 'NONE', ( #1474 ), #2305 ) ;
#2912 = ORIENTED_EDGE ( 'NONE', *, *, #1944, .T. ) ;
#2913 = CARTESIAN_POINT ( 'NONE',  ( -0.7500000000000001110, 0.3750000000000000000, 0.2000000000000000389 ) ) ;
#2914 = DIRECTION ( 'NONE',  ( 0.000000000000000000, -4.336808689942025625E-15, -1.000000000000000000 ) ) ;
#2915 = CIRCLE ( 'NONE', #1420, 0.08749999999999995282 ) ;
#2916 =( GEOMETRIC_REPRESENTATION_CONTEXT ( 3 ) GLOBAL_UNCERTAINTY_ASSIGNED_CONTEXT ( ( #2829 ) ) GLOBAL_UNIT_ASSIGNED_CONTEXT ( ( #2849, #3162, #2524 ) ) REPRESENTATION_CONTEXT ( 'NONE', 'WORKASPACE' ) );
#2917 = PRESENTATION_STYLE_ASSIGNMENT (( #1050 ) ) ;
#2918 =( NAMED_UNIT ( * ) PLANE_ANGLE_UNIT ( ) SI_UNIT ( $, .RADIAN. ) );
#2919 = PRESENTATION_LAYER_ASSIGNMENT (  '', '', ( #1145 ) ) ;
#2920 = DIRECTION ( 'NONE',  ( 0.000000000000000000, 0.000000000000000000, 1.000000000000000000 ) ) ;
#2921 =( GEOMETRIC_REPRESENTATION_CONTEXT ( 3 ) GLOBAL_UNCERTAINTY_ASSIGNED_CONTEXT ( ( #1996 ) ) GLOBAL_UNIT_ASSIGNED_CONTEXT ( ( #84, #384, #101 ) ) REPRESENTATION_CONTEXT ( 'NONE', 'WORKASPACE' ) );
#2922 = DIRECTION ( 'NONE',  ( -1.000000000000000000, 0.000000000000000000, -0.000000000000000000 ) ) ;
#2923 = EDGE_CURVE ( 'NONE', #2700, #3214, #2583, .T. ) ;
#2924 = EDGE_CURVE ( 'NONE', #50, #2661, #1603, .T. ) ;
#2925 = EDGE_LOOP ( 'NONE', ( #1173, #3246, #3436 ) ) ;
#2926 = CARTESIAN_POINT ( 'NONE',  ( -0.4625000000000000777, 0.5500000000000000444, 0.9899999999999999911 ) ) ;
#2927 = FILL_AREA_STYLE_COLOUR ( '', #1763 ) ;
#2928 = DIRECTION ( 'NONE',  ( 0.000000000000000000, -1.000000000000000000, 0.000000000000000000 ) ) ;
#2929 = VECTOR ( 'NONE', #1236, 1000.000000000000000 ) ;
#2930 = VERTEX_POINT ( 'NONE', #1177 ) ;
#2931 = CARTESIAN_POINT ( 'NONE',  ( -0.7500000000000001110, 0.6250000000000000000, 0.000000000000000000 ) ) ;
#2932 = DIRECTION ( 'NONE',  ( -1.000000000000000000, 0.000000000000000000, 0.000000000000000000 ) ) ;
#2933 = CARTESIAN_POINT ( 'NONE',  ( 0.7500000000000000000, 0.3999999999999999667, 0.02500000000000000139 ) ) ;
#2934 = VERTEX_POINT ( 'NONE', #79 ) ;
#2935 = PLANE ( 'NONE',  #555 ) ;
#2936 = DIRECTION ( 'NONE',  ( -1.000000000000000000, 0.000000000000000000, 0.000000000000000000 ) ) ;
#2937 = DIRECTION ( 'NONE',  ( 0.000000000000000000, -1.000000000000000000, -0.000000000000000000 ) ) ;
#2938 = DIRECTION ( 'NONE',  ( -0.000000000000000000, 0.000000000000000000, -1.000000000000000000 ) ) ;
#2939 = ORIENTED_EDGE ( 'NONE', *, *, #2994, .F. ) ;
#2940 = EDGE_LOOP ( 'NONE', ( #1484, #2283, #1476, #1614 ) ) ;
#2941 = CARTESIAN_POINT ( 'NONE',  ( -0.4749999999999999778, -0.5000000000000000000, 1.024621125123532206 ) ) ;
#2942 = UNCERTAINTY_MEASURE_WITH_UNIT (LENGTH_MEASURE( 1.000000000000000082E-05 ), #1964, 'distance_accuracy_value', 'NONE');
#2943 = ORIENTED_EDGE ( 'NONE', *, *, #1339, .T. ) ;
#2944 = FILL_AREA_STYLE_COLOUR ( '', #1071 ) ;
#2945 = ADVANCED_FACE ( 'NONE', ( #2248 ), #2824, .T. ) ;
#2946 = PLANE ( 'NONE',  #2220 ) ;
#2947 = ORIENTED_EDGE ( 'NONE', *, *, #1300, .F. ) ;
#2948 = LINE ( 'NONE', #1031, #2736 ) ;
#2949 = CARTESIAN_POINT ( 'NONE',  ( -0.5500000000000000444, 0.5500000000000000444, 0.9899999999999999911 ) ) ;
#2950 = CARTESIAN_POINT ( 'NONE',  ( 0.05000000000000002359, -0.5000000000000000000, 0.2000000000000000944 ) ) ;
#2951 = ORIENTED_EDGE ( 'NONE', *, *, #3139, .T. ) ;
#2952 = AXIS2_PLACEMENT_3D ( 'NONE', #3, #2789, #1460 ) ;
#2953 = ORIENTED_EDGE ( 'NONE', *, *, #582, .F. ) ;
#2954 = LINE ( 'NONE', #2341, #823 ) ;
#2955 = UNCERTAINTY_MEASURE_WITH_UNIT (LENGTH_MEASURE( 1.000000000000000082E-05 ), #1968, 'distance_accuracy_value', 'NONE');
#2956 = ORIENTED_EDGE ( 'NONE', *, *, #1087, .F. ) ;
#2957 =( GEOMETRIC_REPRESENTATION_CONTEXT ( 3 ) GLOBAL_UNCERTAINTY_ASSIGNED_CONTEXT ( ( #2801 ) ) GLOBAL_UNIT_ASSIGNED_CONTEXT ( ( #206, #3019, #831 ) ) REPRESENTATION_CONTEXT ( 'NONE', 'WORKASPACE' ) );
#2958 = SURFACE_STYLE_USAGE ( .BOTH. , #1045 ) ;
#2959 = DIRECTION ( 'NONE',  ( -0.000000000000000000, -0.000000000000000000, -1.000000000000000000 ) ) ;
#2960 =( NAMED_UNIT ( * ) SI_UNIT ( $, .STERADIAN. ) SOLID_ANGLE_UNIT ( ) );
#2961 = DIRECTION ( 'NONE',  ( -0.000000000000000000, -0.000000000000000000, 1.000000000000000000 ) ) ;
#2962 = AXIS2_PLACEMENT_3D ( 'NONE', #1069, #788, #152 ) ;
#2963 = EDGE_CURVE ( 'NONE', #1349, #1773, #3152, .T. ) ;
#2964 =( NAMED_UNIT ( * ) SI_UNIT ( $, .STERADIAN. ) SOLID_ANGLE_UNIT ( ) );
#2965 = ADVANCED_FACE ( 'NONE', ( #394 ), #448, .T. ) ;
#2966 = ORIENTED_EDGE ( 'NONE', *, *, #2696, .F. ) ;
#2967 = CARTESIAN_POINT ( 'NONE',  ( -0.7500000000000000000, -0.6250000000000000000, 0.2000000000000000944 ) ) ;
#2968 = CARTESIAN_POINT ( 'NONE',  ( -0.5500000000000000444, 0.5500000000000000444, 1.000000000000000000 ) ) ;
#2969 = VECTOR ( 'NONE', #2320, 1000.000000000000000 ) ;
#2970 =( GEOMETRIC_REPRESENTATION_CONTEXT ( 3 ) GLOBAL_UNCERTAINTY_ASSIGNED_CONTEXT ( ( #1078 ) ) GLOBAL_UNIT_ASSIGNED_CONTEXT ( ( #505, #1801, #1854 ) ) REPRESENTATION_CONTEXT ( 'NONE', 'WORKASPACE' ) );
#2971 = MECHANICAL_DESIGN_GEOMETRIC_PRESENTATION_REPRESENTATION (  '', ( #2857 ), #3032 ) ;
#2972 =( LENGTH_UNIT ( ) NAMED_UNIT ( * ) SI_UNIT ( .MILLI., .METRE. ) );
#2973 = FACE_OUTER_BOUND ( 'NONE', #236, .T. ) ;
#2974 = VECTOR ( 'NONE', #2252, 1000.000000000000000 ) ;
#2975 =( GEOMETRIC_REPRESENTATION_CONTEXT ( 3 ) GLOBAL_UNCERTAINTY_ASSIGNED_CONTEXT ( ( #926 ) ) GLOBAL_UNIT_ASSIGNED_CONTEXT ( ( #793, #3590, #2759 ) ) REPRESENTATION_CONTEXT ( 'NONE', 'WORKASPACE' ) );
#2976 = CIRCLE ( 'NONE', #1026, 0.1000000000000000472 ) ;
#2977 = ORIENTED_EDGE ( 'NONE', *, *, #371, .F. ) ;
#2978 = ORIENTED_EDGE ( 'NONE', *, *, #735, .F. ) ;
#2979 =( NAMED_UNIT ( * ) SI_UNIT ( $, .STERADIAN. ) SOLID_ANGLE_UNIT ( ) );
#2980 = DIRECTION ( 'NONE',  ( -0.000000000000000000, 0.000000000000000000, -1.000000000000000000 ) ) ;
#2981 = COLOUR_RGB ( '',0.8431372549019607865, 0.8431372549019607865, 0.8431372549019607865 ) ;
#2982 = PRESENTATION_STYLE_ASSIGNMENT (( #2665 ) ) ;
#2983 = PRESENTATION_LAYER_ASSIGNMENT (  '', '', ( #727 ) ) ;
#2984 = ORIENTED_EDGE ( 'NONE', *, *, #2994, .T. ) ;
#2985 = DIRECTION ( 'NONE',  ( 1.000000000000000000, 0.000000000000000000, 0.000000000000000000 ) ) ;
#2986 = PLANE ( 'NONE',  #3549 ) ;
#2987 = SURFACE_STYLE_USAGE ( .BOTH. , #776 ) ;
#2988 = LINE ( 'NONE', #2128, #1416 ) ;
#2989 = CARTESIAN_POINT ( 'NONE',  ( 0.7500000000000000000, -0.1000000000000000472, 0.2000000000000000389 ) ) ;
#2990 = ORIENTED_EDGE ( 'NONE', *, *, #803, .F. ) ;
#2991 = DIRECTION ( 'NONE',  ( 1.000000000000000000, 0.000000000000000000, 0.000000000000000000 ) ) ;
#2992 = PRODUCT_RELATED_PRODUCT_CATEGORY ( 'part', '', ( #1590 ) ) ;
#2993 = SURFACE_STYLE_FILL_AREA ( #2403 ) ;
#2994 = EDGE_CURVE ( 'NONE', #3054, #2700, #1804, .T. ) ;
#2995 = VERTEX_POINT ( 'NONE', #3503 ) ;
#2996 = EDGE_LOOP ( 'NONE', ( #2102, #1787, #473 ) ) ;
#2997 = FILL_AREA_STYLE_COLOUR ( '', #2306 ) ;
#2998 = CARTESIAN_POINT ( 'NONE',  ( -0.7500000000000000000, -0.3750000000000000000, 1.024621125123532206 ) ) ;
#2999 = UNCERTAINTY_MEASURE_WITH_UNIT (LENGTH_MEASURE( 1.000000000000000082E-05 ), #1508, 'distance_accuracy_value', 'NONE');
#3000 = VERTEX_POINT ( 'NONE', #1882 ) ;
#3001 = CARTESIAN_POINT ( 'NONE',  ( -0.4750000000000000333, 0.000000000000000000, 0.2000000000000000389 ) ) ;
#3002 =( NAMED_UNIT ( * ) SI_UNIT ( $, .STERADIAN. ) SOLID_ANGLE_UNIT ( ) );
#3003 = CARTESIAN_POINT ( 'NONE',  ( -0.7500000000000000000, -0.3750000000000000000, 1.024621125123532206 ) ) ;
#3004 = DIRECTION ( 'NONE',  ( 0.000000000000000000, -0.000000000000000000, 1.000000000000000000 ) ) ;
#3005 = ORIENTED_EDGE ( 'NONE', *, *, #3461, .F. ) ;
#3006 = CARTESIAN_POINT ( 'NONE',  ( -0.7500000000000001110, -0.1250000000000000000, 1.024621125123532206 ) ) ;
#3007 =( NAMED_UNIT ( * ) PLANE_ANGLE_UNIT ( ) SI_UNIT ( $, .RADIAN. ) );
#3008 = CARTESIAN_POINT ( 'NONE',  ( 0.05000000000000002359, 0.000000000000000000, 0.2000000000000000944 ) ) ;
#3009 = CARTESIAN_POINT ( 'NONE',  ( 0.7500000000000000000, -0.3999999999999999667, 0.2000000000000000944 ) ) ;
#3010 = CARTESIAN_POINT ( 'NONE',  ( 0.05000000000000002359, 0.3999999999999999667, 0.2000000000000000389 ) ) ;
#3011 = CLOSED_SHELL ( 'NONE', ( #442, #2833, #1692, #3434, #264, #2965 ) ) ;
#3012 = EDGE_CURVE ( 'NONE', #2661, #2469, #1992, .T. ) ;
#3013 = CARTESIAN_POINT ( 'NONE',  ( -0.3500000000000001443, 0.6250000000000000000, 0.000000000000000000 ) ) ;
#3014 = ORIENTED_EDGE ( 'NONE', *, *, #822, .F. ) ;
#3015 = VECTOR ( 'NONE', #2713, 1000.000000000000000 ) ;
#3016 = DIRECTION ( 'NONE',  ( 1.000000000000000000, 0.000000000000000000, 0.000000000000000000 ) ) ;
#3017 = UNCERTAINTY_MEASURE_WITH_UNIT (LENGTH_MEASURE( 1.000000000000000082E-05 ), #589, 'distance_accuracy_value', 'NONE');
#3018 = ORIENTED_EDGE ( 'NONE', *, *, #2375, .T. ) ;
#3019 =( NAMED_UNIT ( * ) PLANE_ANGLE_UNIT ( ) SI_UNIT ( $, .RADIAN. ) );
#3020 = CARTESIAN_POINT ( 'NONE',  ( -0.05000000000000002359, -0.5000000000000000000, 0.2000000000000000389 ) ) ;
#3021 = STYLED_ITEM ( 'NONE', ( #3585 ), #378 ) ;
#3022 = SURFACE_STYLE_USAGE ( .BOTH. , #35 ) ;
#3023 =( GEOMETRIC_REPRESENTATION_CONTEXT ( 3 ) GLOBAL_UNCERTAINTY_ASSIGNED_CONTEXT ( ( #3159 ) ) GLOBAL_UNIT_ASSIGNED_CONTEXT ( ( #1869, #771, #2979 ) ) REPRESENTATION_CONTEXT ( 'NONE', 'WORKASPACE' ) );
#3024 = ORIENTED_EDGE ( 'NONE', *, *, #2443, .T. ) ;
#3025 = FILL_AREA_STYLE ('',( #570 ) ) ;
#3026 = SURFACE_SIDE_STYLE ('',( #3325 ) ) ;
#3027 = PLANE ( 'NONE',  #3608 ) ;
#3028 = VECTOR ( 'NONE', #2413, 1000.000000000000000 ) ;
#3029 =( GEOMETRIC_REPRESENTATION_CONTEXT ( 3 ) GLOBAL_UNCERTAINTY_ASSIGNED_CONTEXT ( ( #2534 ) ) GLOBAL_UNIT_ASSIGNED_CONTEXT ( ( #3056, #1393, #802 ) ) REPRESENTATION_CONTEXT ( 'NONE', 'WORKASPACE' ) );
#3030 = SURFACE_SIDE_STYLE ('',( #2532 ) ) ;
#3031 = DIRECTION ( 'NONE',  ( -1.000000000000000000, 0.000000000000000000, 0.000000000000000000 ) ) ;
#3032 =( GEOMETRIC_REPRESENTATION_CONTEXT ( 3 ) GLOBAL_UNCERTAINTY_ASSIGNED_CONTEXT ( ( #1648 ) ) GLOBAL_UNIT_ASSIGNED_CONTEXT ( ( #1277, #717, #2960 ) ) REPRESENTATION_CONTEXT ( 'NONE', 'WORKASPACE' ) );
#3033 = EDGE_CURVE ( 'NONE', #379, #918, #2327, .T. ) ;
#3034 = EDGE_CURVE ( 'NONE', #1997, #1241, #133, .T. ) ;
#3035 = AXIS2_PLACEMENT_3D ( 'NONE', #1723, #2553, #66 ) ;
#3036 = VERTEX_POINT ( 'NONE', #3467 ) ;
#3037 = LINE ( 'NONE', #564, #779 ) ;
#3038 = STYLED_ITEM ( 'NONE', ( #1160 ), #2223 ) ;
#3039 = ADVANCED_FACE ( 'NONE', ( #724 ), #991, .F. ) ;
#3040 = ORIENTED_EDGE ( 'NONE', *, *, #2265, .F. ) ;
#3041 = SURFACE_STYLE_USAGE ( .BOTH. , #1137 ) ;
#3042 = VECTOR ( 'NONE', #545, 1000.000000000000000 ) ;
#3043 = STYLED_ITEM ( 'NONE', ( #695 ), #3481 ) ;
#3044 = PRESENTATION_STYLE_ASSIGNMENT (( #3287 ) ) ;
#3045 =( NAMED_UNIT ( * ) SI_UNIT ( $, .STERADIAN. ) SOLID_ANGLE_UNIT ( ) );
#3046 = CARTESIAN_POINT ( 'NONE',  ( 0.7500000000000000000, -0.1000000000000000472, 1.024621125123532206 ) ) ;
#3047 = ORIENTED_EDGE ( 'NONE', *, *, #628, .F. ) ;
#3048 = UNCERTAINTY_MEASURE_WITH_UNIT (LENGTH_MEASURE( 1.000000000000000082E-05 ), #135, 'distance_accuracy_value', 'NONE');
#3049 = ADVANCED_FACE ( 'NONE', ( #1564 ), #2398, .F. ) ;
#3050 = VERTEX_POINT ( 'NONE', #2651 ) ;
#3051 = LINE ( 'NONE', #1364, #901 ) ;
#3052 = DIRECTION ( 'NONE',  ( 0.000000000000000000, 0.000000000000000000, 1.000000000000000000 ) ) ;
#3053 = ADVANCED_FACE ( 'NONE', ( #3224 ), #165, .T. ) ;
#3054 = VERTEX_POINT ( 'NONE', #1583 ) ;
#3055 = CARTESIAN_POINT ( 'NONE',  ( -0.7500000000000001110, 0.1250000000000000000, 0.2000000000000000389 ) ) ;
#3056 =( LENGTH_UNIT ( ) NAMED_UNIT ( * ) SI_UNIT ( .MILLI., .METRE. ) );
#3057 = CARTESIAN_POINT ( 'NONE',  ( 0.7500000000000000000, -0.1000000000000000472, 0.2000000000000000389 ) ) ;
#3058 = VERTEX_POINT ( 'NONE', #187 ) ;
#3059 = CARTESIAN_POINT ( 'NONE',  ( -0.7500000000000001110, 0.3750000000000000000, 0.000000000000000000 ) ) ;
#3060 = CARTESIAN_POINT ( 'NONE',  ( 0.05000000000000002359, -0.5000000000000000000, 1.024621125123532206 ) ) ;
#3061 = CARTESIAN_POINT ( 'NONE',  ( 0.7500000000000000000, -0.6000000000000000888, 0.000000000000000000 ) ) ;
#3062 = ORIENTED_EDGE ( 'NONE', *, *, #2645, .F. ) ;
#3063 = SURFACE_STYLE_FILL_AREA ( #2848 ) ;
#3064 = DIRECTION ( 'NONE',  ( -0.000000000000000000, 1.000000000000000000, -0.000000000000000000 ) ) ;
#3065 = CARTESIAN_POINT ( 'NONE',  ( -0.7500000000000000000, 0.7500000000000000000, 0.02500000000000000139 ) ) ;
#3066 = CIRCLE ( 'NONE', #3309, 0.1000000000000000472 ) ;
#3067 = DIRECTION ( 'NONE',  ( 1.000000000000000000, 0.000000000000000000, -0.000000000000000000 ) ) ;
#3068 = ORIENTED_EDGE ( 'NONE', *, *, #1339, .F. ) ;
#3069 = AXIS2_PLACEMENT_3D ( 'NONE', #1346, #2706, #207 ) ;
#3070 = EDGE_CURVE ( 'NONE', #732, #94, #762, .T. ) ;
#3071 = EDGE_CURVE ( 'NONE', #106, #3395, #1370, .T. ) ;
#3072 = MECHANICAL_DESIGN_GEOMETRIC_PRESENTATION_REPRESENTATION (  '', ( #1856 ), #1185 ) ;
#3073 = ORIENTED_EDGE ( 'NONE', *, *, #2828, .F. ) ;
#3074 = LINE ( 'NONE', #285, #1372 ) ;
#3075 = DIRECTION ( 'NONE',  ( 0.000000000000000000, 0.000000000000000000, -1.000000000000000000 ) ) ;
#3076 = PRESENTATION_LAYER_ASSIGNMENT (  '', '', ( #3193 ) ) ;
#3077 = DIRECTION ( 'NONE',  ( 0.000000000000000000, 0.000000000000000000, 1.000000000000000000 ) ) ;
#3078 = DIRECTION ( 'NONE',  ( 0.000000000000000000, -0.000000000000000000, -1.000000000000000000 ) ) ;
#3079 =( LENGTH_UNIT ( ) NAMED_UNIT ( * ) SI_UNIT ( .MILLI., .METRE. ) );
#3080 = MECHANICAL_DESIGN_GEOMETRIC_PRESENTATION_REPRESENTATION (  '', ( #1077 ), #2910 ) ;
#3081 = COLOUR_RGB ( '',0.2862745098039215508, 0.2862745098039215508, 0.2862745098039215508 ) ;
#3082 = AXIS2_PLACEMENT_3D ( 'NONE', #2505, #1413, #2191 ) ;
#3083 = UNCERTAINTY_MEASURE_WITH_UNIT (LENGTH_MEASURE( 1.000000000000000082E-05 ), #673, 'distance_accuracy_value', 'NONE');
#3084 = ORIENTED_EDGE ( 'NONE', *, *, #1492, .F. ) ;
#3085 =( NAMED_UNIT ( * ) PLANE_ANGLE_UNIT ( ) SI_UNIT ( $, .RADIAN. ) );
#3086 =( NAMED_UNIT ( * ) SI_UNIT ( $, .STERADIAN. ) SOLID_ANGLE_UNIT ( ) );
#3087 = VECTOR ( 'NONE', #1734, 1000.000000000000000 ) ;
#3088 = CIRCLE ( 'NONE', #3147, 0.1000000000000000472 ) ;
#3089 = SURFACE_SIDE_STYLE ('',( #2483 ) ) ;
#3090 = STYLED_ITEM ( 'NONE', ( #2587 ), #2766 ) ;
#3091 = VERTEX_POINT ( 'NONE', #2486 ) ;
#3092 = VECTOR ( 'NONE', #1014, 1000.000000000000000 ) ;
#3093 = DIRECTION ( 'NONE',  ( 1.000000000000000000, 0.000000000000000000, 0.000000000000000000 ) ) ;
#3094 = DIRECTION ( 'NONE',  ( 0.000000000000000000, -0.000000000000000000, 1.000000000000000000 ) ) ;
#3095 = ORIENTED_EDGE ( 'NONE', *, *, #3366, .T. ) ;
#3096 =( NAMED_UNIT ( * ) PLANE_ANGLE_UNIT ( ) SI_UNIT ( $, .RADIAN. ) );
#3097 = EDGE_CURVE ( 'NONE', #1285, #3103, #273, .T. ) ;
#3098 = AXIS2_PLACEMENT_3D ( 'NONE', #157, #752, #1289 ) ;
#3099 = SURFACE_SIDE_STYLE ('',( #3454 ) ) ;
#3100 = ADVANCED_FACE ( 'NONE', ( #2453 ), #526, .T. ) ;
#3101 = EDGE_LOOP ( 'NONE', ( #3229, #1732, #699, #3005 ) ) ;
#3102 = CARTESIAN_POINT ( 'NONE',  ( -0.7500000000000001110, -0.1250000000000000000, 0.2000000000000000389 ) ) ;
#3103 = VERTEX_POINT ( 'NONE', #1633 ) ;
#3104 = DIRECTION ( 'NONE',  ( 0.000000000000000000, 0.000000000000000000, -1.000000000000000000 ) ) ;
#3105 = LINE ( 'NONE', #631, #3087 ) ;
#3106 =( LENGTH_UNIT ( ) NAMED_UNIT ( * ) SI_UNIT ( .MILLI., .METRE. ) );
#3107 = ORIENTED_EDGE ( 'NONE', *, *, #896, .T. ) ;
#3108 =( NAMED_UNIT ( * ) PLANE_ANGLE_UNIT ( ) SI_UNIT ( $, .RADIAN. ) );
#3109 = SURFACE_STYLE_USAGE ( .BOTH. , #1473 ) ;
#3110 = DIRECTION ( 'NONE',  ( -1.000000000000000000, 0.000000000000000000, 0.000000000000000000 ) ) ;
#3111 = EDGE_LOOP ( 'NONE', ( #272, #2016, #10, #373, #2774 ) ) ;
#3112 = DIRECTION ( 'NONE',  ( 0.000000000000000000, 1.000000000000000000, 0.000000000000000000 ) ) ;
#3113 = FACE_OUTER_BOUND ( 'NONE', #1044, .T. ) ;
#3114 = DIRECTION ( 'NONE',  ( -1.000000000000000000, 0.000000000000000000, 0.000000000000000000 ) ) ;
#3115 =( NAMED_UNIT ( * ) SI_UNIT ( $, .STERADIAN. ) SOLID_ANGLE_UNIT ( ) );
#3116 = DIRECTION ( 'NONE',  ( 0.000000000000000000, 0.000000000000000000, -1.000000000000000000 ) ) ;
#3117 = DIRECTION ( 'NONE',  ( 0.000000000000000000, 0.000000000000000000, -1.000000000000000000 ) ) ;
#3118 = EDGE_CURVE ( 'NONE', #2995, #1845, #2625, .T. ) ;
#3119 = ORIENTED_EDGE ( 'NONE', *, *, #1775, .F. ) ;
#3120 = CARTESIAN_POINT ( 'NONE',  ( 0.7500000000000000000, 0.7500000000000000000, 0.9750000000000000888 ) ) ;
#3121 = SPHERICAL_SURFACE ( 'NONE', #128, 0.02500000000000000139 ) ;
#3122 = CLOSED_SHELL ( 'NONE', ( #3167, #605, #1885, #664, #1922, #756, #1055 ) ) ;
#3123 = ORIENTED_EDGE ( 'NONE', *, *, #162, .F. ) ;
#3124 = SURFACE_SIDE_STYLE ('',( #107 ) ) ;
#3125 = DIRECTION ( 'NONE',  ( 0.000000000000000000, 0.000000000000000000, -1.000000000000000000 ) ) ;
#3126 = MECHANICAL_DESIGN_GEOMETRIC_PRESENTATION_REPRESENTATION (  '', ( #1288 ), #2598 ) ;
#3127 = VECTOR ( 'NONE', #2530, 1000.000000000000000 ) ;
#3128 = VERTEX_POINT ( 'NONE', #2511 ) ;
#3129 = SURFACE_STYLE_FILL_AREA ( #3449 ) ;
#3130 = LINE ( 'NONE', #80, #1406 ) ;
#3131 = FILL_AREA_STYLE ('',( #2585 ) ) ;
#3132 =( GEOMETRIC_REPRESENTATION_CONTEXT ( 3 ) GLOBAL_UNCERTAINTY_ASSIGNED_CONTEXT ( ( #595 ) ) GLOBAL_UNIT_ASSIGNED_CONTEXT ( ( #3438, #440, #3161 ) ) REPRESENTATION_CONTEXT ( 'NONE', 'WORKASPACE' ) );
#3133 = VECTOR ( 'NONE', #242, 1000.000000000000000 ) ;
#3134 = SURFACE_SIDE_STYLE ('',( #1498 ) ) ;
#3135 = CARTESIAN_POINT ( 'NONE',  ( 0.05000000000000002359, 0.000000000000000000, 1.024621125123532206 ) ) ;
#3136 = LINE ( 'NONE', #1698, #3335 ) ;
#3137 =( GEOMETRIC_REPRESENTATION_CONTEXT ( 3 ) GLOBAL_UNCERTAINTY_ASSIGNED_CONTEXT ( ( #660 ) ) GLOBAL_UNIT_ASSIGNED_CONTEXT ( ( #1552, #1480, #2024 ) ) REPRESENTATION_CONTEXT ( 'NONE', 'WORKASPACE' ) );
#3138 = VECTOR ( 'NONE', #2285, 1000.000000000000000 ) ;
#3139 = EDGE_CURVE ( 'NONE', #2081, #439, #568, .T. ) ;
#3140 = ADVANCED_FACE ( 'NONE', ( #1415 ), #1677, .F. ) ;
#3141 = AXIS2_PLACEMENT_3D ( 'NONE', #2089, #3237, #2932 ) ;
#3142 = VECTOR ( 'NONE', #2466, 1000.000000000000000 ) ;
#3143 = VERTEX_POINT ( 'NONE', #3055 ) ;
#3144 = ADVANCED_FACE ( 'NONE', ( #3339 ), #861, .F. ) ;
#3145 = CIRCLE ( 'NONE', #1199, 0.02499999999999995628 ) ;
#3146 = DIRECTION ( 'NONE',  ( -0.000000000000000000, -0.000000000000000000, -1.000000000000000000 ) ) ;
#3147 = AXIS2_PLACEMENT_3D ( 'NONE', #1668, #849, #2187 ) ;
#3148 = SURFACE_STYLE_FILL_AREA ( #93 ) ;
#3149 =( GEOMETRIC_REPRESENTATION_CONTEXT ( 3 ) GLOBAL_UNCERTAINTY_ASSIGNED_CONTEXT ( ( #3217 ) ) GLOBAL_UNIT_ASSIGNED_CONTEXT ( ( #254, #3341, #3584 ) ) REPRESENTATION_CONTEXT ( 'NONE', 'WORKASPACE' ) );
#3150 = VECTOR ( 'NONE', #960, 1000.000000000000000 ) ;
#3151 = ORIENTED_EDGE ( 'NONE', *, *, #3258, .F. ) ;
#3152 = LINE ( 'NONE', #671, #1318 ) ;
#3153 = AXIS2_PLACEMENT_3D ( 'NONE', #685, #2892, #2860 ) ;
#3154 =( GEOMETRIC_REPRESENTATION_CONTEXT ( 3 ) GLOBAL_UNCERTAINTY_ASSIGNED_CONTEXT ( ( #828 ) ) GLOBAL_UNIT_ASSIGNED_CONTEXT ( ( #2508, #3337, #1961 ) ) REPRESENTATION_CONTEXT ( 'NONE', 'WORKASPACE' ) );
#3155 = DIRECTION ( 'NONE',  ( 0.000000000000000000, 0.000000000000000000, 1.000000000000000000 ) ) ;
#3156 = CARTESIAN_POINT ( 'NONE',  ( -0.05000000000000002359, 0.000000000000000000, 0.2000000000000000944 ) ) ;
#3157 = AXIS2_PLACEMENT_3D ( 'NONE', #1873, #2686, #3520 ) ;
#3158 = ORIENTED_EDGE ( 'NONE', *, *, #989, .T. ) ;
#3159 = UNCERTAINTY_MEASURE_WITH_UNIT (LENGTH_MEASURE( 1.000000000000000082E-05 ), #1869, 'distance_accuracy_value', 'NONE');
#3160 = ORIENTED_EDGE ( 'NONE', *, *, #1878, .F. ) ;
#3161 =( NAMED_UNIT ( * ) SI_UNIT ( $, .STERADIAN. ) SOLID_ANGLE_UNIT ( ) );
#3162 =( NAMED_UNIT ( * ) PLANE_ANGLE_UNIT ( ) SI_UNIT ( $, .RADIAN. ) );
#3163 = EDGE_CURVE ( 'NONE', #2854, #1103, #3573, .T. ) ;
#3164 = DIRECTION ( 'NONE',  ( 1.000000000000000000, 0.000000000000000000, 0.000000000000000000 ) ) ;
#3165 = ORIENTED_EDGE ( 'NONE', *, *, #850, .T. ) ;
#3166 = CARTESIAN_POINT ( 'NONE',  ( -0.7500000000000000000, 0.7250000000000000888, 1.000000000000000000 ) ) ;
#3167 = ADVANCED_FACE ( 'NONE', ( #1158 ), #2232, .T. ) ;
#3168 = ORIENTED_EDGE ( 'NONE', *, *, #2228, .T. ) ;
#3169 = CARTESIAN_POINT ( 'NONE',  ( -0.05000000000000002359, -0.5000000000000000000, 0.2000000000000000944 ) ) ;
#3170 = CARTESIAN_POINT ( 'NONE',  ( -0.4749999999999999778, -0.5000000000000000000, 0.000000000000000000 ) ) ;
#3171 = PRESENTATION_STYLE_ASSIGNMENT (( #3486 ) ) ;
#3172 = SURFACE_STYLE_USAGE ( .BOTH. , #2065 ) ;
#3173 = CARTESIAN_POINT ( 'NONE',  ( -0.7500000000000000000, -0.6250000000000000000, 0.2000000000000000389 ) ) ;
#3174 = ORIENTED_EDGE ( 'NONE', *, *, #1300, .T. ) ;
#3175 = FILL_AREA_STYLE_COLOUR ( '', #115 ) ;
#3176 = CARTESIAN_POINT ( 'NONE',  ( 0.7250000000000001998, 0.7500000000000000000, 0.9750000000000000888 ) ) ;
#3177 = UNCERTAINTY_MEASURE_WITH_UNIT (LENGTH_MEASURE( 1.000000000000000082E-05 ), #3106, 'distance_accuracy_value', 'NONE');
#3178 = ORIENTED_EDGE ( 'NONE', *, *, #3181, .T. ) ;
#3179 = ORIENTED_EDGE ( 'NONE', *, *, #3012, .F. ) ;
#3180 = EDGE_CURVE ( 'NONE', #1401, #3290, #2855, .T. ) ;
#3181 = EDGE_CURVE ( 'NONE', #2424, #2239, #3426, .T. ) ;
#3182 = FILL_AREA_STYLE_COLOUR ( '', #827 ) ;
#3183 = DIRECTION ( 'NONE',  ( 0.000000000000000000, 1.000000000000000000, -0.000000000000000000 ) ) ;
#3184 = DIRECTION ( 'NONE',  ( -1.000000000000000000, 0.000000000000000000, 0.000000000000000000 ) ) ;
#3185 = VECTOR ( 'NONE', #214, 1000.000000000000000 ) ;
#3186 =( NAMED_UNIT ( * ) PLANE_ANGLE_UNIT ( ) SI_UNIT ( $, .RADIAN. ) );
#3187 = COLOUR_RGB ( '',0.8431372549019607865, 0.8431372549019607865, 0.8431372549019607865 ) ;
#3188 = VERTEX_POINT ( 'NONE', #91 ) ;
#3189 = DIRECTION ( 'NONE',  ( -0.000000000000000000, -0.000000000000000000, 1.000000000000000000 ) ) ;
#3190 = PLANE ( 'NONE',  #3506 ) ;
#3191 = VECTOR ( 'NONE', #1025, 1000.000000000000000 ) ;
#3192 = CARTESIAN_POINT ( 'NONE',  ( -0.5500000000000000444, 0.5500000000000000444, 0.9899999999999999911 ) ) ;
#3193 = STYLED_ITEM ( 'NONE', ( #959 ), #1107 ) ;
#3194 = ORIENTED_EDGE ( 'NONE', *, *, #780, .T. ) ;
#3195 = CARTESIAN_POINT ( 'NONE',  ( 0.7500000000000000000, 0.3999999999999999667, 0.2000000000000000944 ) ) ;
#3196 = FILL_AREA_STYLE ('',( #1800 ) ) ;
#3197 = DIRECTION ( 'NONE',  ( 0.000000000000000000, 0.000000000000000000, -1.000000000000000000 ) ) ;
#3198 = STYLED_ITEM ( 'NONE', ( #3472 ), #2161 ) ;
#3199 = AXIS2_PLACEMENT_3D ( 'NONE', #1778, #114, #3468 ) ;
#3200 = CARTESIAN_POINT ( 'NONE',  ( 0.7500000000000000000, -0.1000000000000000472, 0.000000000000000000 ) ) ;
#3201 = VERTEX_POINT ( 'NONE', #1206 ) ;
#3202 = VECTOR ( 'NONE', #1456, 1000.000000000000000 ) ;
#3203 = DIRECTION ( 'NONE',  ( 0.000000000000000000, 0.000000000000000000, 1.000000000000000000 ) ) ;
#3204 = DIRECTION ( 'NONE',  ( 1.000000000000000000, 0.000000000000000000, 0.000000000000000000 ) ) ;
#3205 = PRESENTATION_LAYER_ASSIGNMENT (  '', '', ( #1871 ) ) ;
#3206 = STYLED_ITEM ( 'NONE', ( #2719 ), #1951 ) ;
#3207 = EDGE_CURVE ( 'NONE', #379, #2590, #1189, .T. ) ;
#3208 = FILL_AREA_STYLE ('',( #1586 ) ) ;
#3209 =( LENGTH_UNIT ( ) NAMED_UNIT ( * ) SI_UNIT ( .MILLI., .METRE. ) );
#3210 =( GEOMETRIC_REPRESENTATION_CONTEXT ( 3 ) GLOBAL_UNCERTAINTY_ASSIGNED_CONTEXT ( ( #737 ) ) GLOBAL_UNIT_ASSIGNED_CONTEXT ( ( #2217, #3616, #2471 ) ) REPRESENTATION_CONTEXT ( 'NONE', 'WORKASPACE' ) );
#3211 = LINE ( 'NONE', #2099, #1193 ) ;
#3212 = PRESENTATION_LAYER_ASSIGNMENT (  '', '', ( #1093 ) ) ;
#3213 = EDGE_CURVE ( 'NONE', #1098, #918, #1774, .T. ) ;
#3214 = VERTEX_POINT ( 'NONE', #3391 ) ;
#3215 = ORIENTED_EDGE ( 'NONE', *, *, #1274, .F. ) ;
#3216 = PRESENTATION_LAYER_ASSIGNMENT (  '', '', ( #1261 ) ) ;
#3217 = UNCERTAINTY_MEASURE_WITH_UNIT (LENGTH_MEASURE( 1.000000000000000082E-05 ), #254, 'distance_accuracy_value', 'NONE');
#3218 = EDGE_LOOP ( 'NONE', ( #1218, #2912, #2593, #2514 ) ) ;
#3219 = FACE_OUTER_BOUND ( 'NONE', #2059, .T. ) ;
#3220 = CARTESIAN_POINT ( 'NONE',  ( 0.05000000000000002359, -0.1000000000000000472, 0.02500000000000000139 ) ) ;
#3221 =( GEOMETRIC_REPRESENTATION_CONTEXT ( 3 ) GLOBAL_UNCERTAINTY_ASSIGNED_CONTEXT ( ( #2334 ) ) GLOBAL_UNIT_ASSIGNED_CONTEXT ( ( #2498, #3591, #1111 ) ) REPRESENTATION_CONTEXT ( 'NONE', 'WORKASPACE' ) );
#3222 = DIRECTION ( 'NONE',  ( 0.000000000000000000, 0.000000000000000000, -1.000000000000000000 ) ) ;
#3223 = EDGE_LOOP ( 'NONE', ( #2035, #3482, #708, #2247, #2269, #3539, #2352, #2889, #2001, #282, #990, #3291, #2163, #608, #2956, #632 ) ) ;
#3224 = FACE_OUTER_BOUND ( 'NONE', #501, .T. ) ;
#3225 = CARTESIAN_POINT ( 'NONE',  ( -0.4749999999999999778, -0.3750000000000000000, 0.2000000000000000389 ) ) ;
#3226 =( NAMED_UNIT ( * ) PLANE_ANGLE_UNIT ( ) SI_UNIT ( $, .RADIAN. ) );
#3227 = CARTESIAN_POINT ( 'NONE',  ( -0.5500000000000000444, 0.5500000000000000444, 0.9899999999999999911 ) ) ;
#3228 = CARTESIAN_POINT ( 'NONE',  ( -0.7500000000000000000, 0.7500000000000000000, 0.02500000000000000139 ) ) ;
#3229 = ORIENTED_EDGE ( 'NONE', *, *, #2032, .F. ) ;
#3230 = ORIENTED_EDGE ( 'NONE', *, *, #850, .F. ) ;
#3231 = SURFACE_SIDE_STYLE ('',( #219 ) ) ;
#3232 = EDGE_CURVE ( 'NONE', #3555, #2523, #603, .T. ) ;
#3233 = ORIENTED_EDGE ( 'NONE', *, *, #1717, .F. ) ;
#3234 = LINE ( 'NONE', #1821, #2312 ) ;
#3235 = CARTESIAN_POINT ( 'NONE',  ( 0.7500000000000000000, -0.1000000000000000472, 0.2000000000000000389 ) ) ;
#3236 = DIRECTION ( 'NONE',  ( 0.000000000000000000, 0.000000000000000000, -1.000000000000000000 ) ) ;
#3237 = DIRECTION ( 'NONE',  ( 0.000000000000000000, 0.000000000000000000, -1.000000000000000000 ) ) ;
#3238 = LINE ( 'NONE', #210, #1545 ) ;
#3239 = ORIENTED_EDGE ( 'NONE', *, *, #2770, .T. ) ;
#3240 = CARTESIAN_POINT ( 'NONE',  ( 0.000000000000000000, 0.000000000000000000, 0.2000000000000000389 ) ) ;
#3241 = FILL_AREA_STYLE ('',( #742 ) ) ;
#3242 = VECTOR ( 'NONE', #1954, 1000.000000000000000 ) ;
#3243 = DIRECTION ( 'NONE',  ( 1.445602896647338917E-16, -1.000000000000000000, 0.000000000000000000 ) ) ;
#3244 = CARTESIAN_POINT ( 'NONE',  ( -0.6375000000000000666, 0.5500000000000000444, 0.9899999999999999911 ) ) ;
#3245 = CARTESIAN_POINT ( 'NONE',  ( 0.7250000000000001998, 0.7250000000000000888, 0.9750000000000000888 ) ) ;
#3246 = ORIENTED_EDGE ( 'NONE', *, *, #1170, .T. ) ;
#3247 = COLOUR_RGB ( '',0.8431372549019607865, 0.8431372549019607865, 0.8431372549019607865 ) ;
#3248 = ORIENTED_EDGE ( 'NONE', *, *, #3461, .T. ) ;
#3249 =( NAMED_UNIT ( * ) SI_UNIT ( $, .STERADIAN. ) SOLID_ANGLE_UNIT ( ) );
#3250 = ADVANCED_FACE ( 'NONE', ( #620 ), #2280, .F. ) ;
#3251 = ADVANCED_FACE ( 'NONE', ( #1706 ), #1736, .F. ) ;
#3252 = EDGE_LOOP ( 'NONE', ( #2836, #2859, #412, #37 ) ) ;
#3253 = CIRCLE ( 'NONE', #1354, 0.02499999999999995628 ) ;
#3254 = SURFACE_STYLE_USAGE ( .BOTH. , #2689 ) ;
#3255 = PLANE ( 'NONE',  #3082 ) ;
#3256 = CARTESIAN_POINT ( 'NONE',  ( 0.05000000000000001665, -0.3999999999999999667, 1.024621125123532206 ) ) ;
#3257 = CIRCLE ( 'NONE', #3323, 0.02499999999999995628 ) ;
#3258 = EDGE_CURVE ( 'NONE', #3201, #1286, #1472, .T. ) ;
#3259 = EDGE_LOOP ( 'NONE', ( #1269, #2659, #2604, #3320 ) ) ;
#3260 = CARTESIAN_POINT ( 'NONE',  ( -0.3500000000000001443, 0.6250000000000000000, 1.024621125123532206 ) ) ;
#3261 = AXIS2_PLACEMENT_3D ( 'NONE', #2652, #3484, #2711 ) ;
#3262 = COLOUR_RGB ( '',0.2862745098039215508, 0.2862745098039215508, 0.2862745098039215508 ) ;
#3263 =( LENGTH_UNIT ( ) NAMED_UNIT ( * ) SI_UNIT ( .MILLI., .METRE. ) );
#3264 = FILL_AREA_STYLE ('',( #1887 ) ) ;
#3265 = LINE ( 'NONE', #232, #1642 ) ;
#3266 = MECHANICAL_DESIGN_GEOMETRIC_PRESENTATION_REPRESENTATION (  '', ( #3329 ), #2154 ) ;
#3267 = STYLED_ITEM ( 'NONE', ( #2663 ), #1935 ) ;
#3268 = AXIS2_PLACEMENT_3D ( 'NONE', #2949, #1303, #193 ) ;
#3269 = VERTEX_POINT ( 'NONE', #322 ) ;
#3270 = ORIENTED_EDGE ( 'NONE', *, *, #2562, .F. ) ;
#3271 = SURFACE_STYLE_FILL_AREA ( #2153 ) ;
#3272 = PRESENTATION_LAYER_ASSIGNMENT (  '', '', ( #3394 ) ) ;
#3273 = DIRECTION ( 'NONE',  ( -1.000000000000000000, 0.000000000000000000, 0.000000000000000000 ) ) ;
#3274 = UNCERTAINTY_MEASURE_WITH_UNIT (LENGTH_MEASURE( 1.000000000000000082E-05 ), #1365, 'distance_accuracy_value', 'NONE');
#3275 = VECTOR ( 'NONE', #1982, 1000.000000000000000 ) ;
#3276 = EDGE_LOOP ( 'NONE', ( #2444, #3492, #431, #3599 ) ) ;
#3277 = DIRECTION ( 'NONE',  ( -1.000000000000000000, 0.000000000000000000, -0.000000000000000000 ) ) ;
#3278 = FILL_AREA_STYLE_COLOUR ( '', #1351 ) ;
#3279 = CARTESIAN_POINT ( 'NONE',  ( 0.05000000000000001665, 0.6000000000000000888, 0.2000000000000000389 ) ) ;
#3280 = AXIS2_PLACEMENT_3D ( 'NONE', #1771, #1504, #3164 ) ;
#3281 = PRESENTATION_STYLE_ASSIGNMENT (( #1823 ) ) ;
#3282 = ORIENTED_EDGE ( 'NONE', *, *, #2489, .T. ) ;
#3283 = DIRECTION ( 'NONE',  ( 0.000000000000000000, 0.000000000000000000, 1.000000000000000000 ) ) ;
#3284 = SPHERICAL_SURFACE ( 'NONE', #1359, 0.02500000000000000139 ) ;
#3285 = DIRECTION ( 'NONE',  ( 0.000000000000000000, 0.000000000000000000, -1.000000000000000000 ) ) ;
#3286 = ADVANCED_FACE ( 'NONE', ( #73 ), #1855, .T. ) ;
#3287 = SURFACE_STYLE_USAGE ( .BOTH. , #1091 ) ;
#3288 = SURFACE_SIDE_STYLE ('',( #1375 ) ) ;
#3289 = DIRECTION ( 'NONE',  ( 1.000000000000000000, -0.000000000000000000, -0.000000000000000000 ) ) ;
#3290 = VERTEX_POINT ( 'NONE', #2129 ) ;
#3291 = ORIENTED_EDGE ( 'NONE', *, *, #1608, .T. ) ;
#3292 = CARTESIAN_POINT ( 'NONE',  ( 0.05000000000000002359, 0.000000000000000000, 0.2000000000000000389 ) ) ;
#3293 = SURFACE_STYLE_USAGE ( .BOTH. , #3311 ) ;
#3294 = EDGE_LOOP ( 'NONE', ( #1471, #1598, #691, #1356 ) ) ;
#3295 = DIRECTION ( 'NONE',  ( 0.000000000000000000, 0.000000000000000000, -1.000000000000000000 ) ) ;
#3296 =( NAMED_UNIT ( * ) SI_UNIT ( $, .STERADIAN. ) SOLID_ANGLE_UNIT ( ) );
#3297 = FACE_OUTER_BOUND ( 'NONE', #1016, .T. ) ;
#3298 = FILL_AREA_STYLE_COLOUR ( '', #623 ) ;
#3299 = ORIENTED_EDGE ( 'NONE', *, *, #2121, .F. ) ;
#3300 = DIRECTION ( 'NONE',  ( -1.000000000000000000, 0.000000000000000000, 0.000000000000000000 ) ) ;
#3301 = DIRECTION ( 'NONE',  ( 1.000000000000000000, 0.000000000000000000, 0.000000000000000000 ) ) ;
#3302 = DIRECTION ( 'NONE',  ( 0.000000000000000000, 1.000000000000000000, 0.000000000000000000 ) ) ;
#3303 = EDGE_CURVE ( 'NONE', #90, #864, #3238, .T. ) ;
#3304 = ADVANCED_FACE ( 'NONE', ( #2091 ), #2946, .F. ) ;
#3305 = CARTESIAN_POINT ( 'NONE',  ( 0.7250000000000001998, 0.7500000000000000000, 0.02500000000000000139 ) ) ;
#3306 = AXIS2_PLACEMENT_3D ( 'NONE', #2520, #3078, #2238 ) ;
#3307 = FACE_OUTER_BOUND ( 'NONE', #1024, .T. ) ;
#3308 = ORIENTED_EDGE ( 'NONE', *, *, #419, .F. ) ;
#3309 = AXIS2_PLACEMENT_3D ( 'NONE', #169, #1012, #469 ) ;
#3310 = VECTOR ( 'NONE', #522, 1000.000000000000000 ) ;
#3311 = SURFACE_SIDE_STYLE ('',( #594 ) ) ;
#3312 = ORIENTED_EDGE ( 'NONE', *, *, #2183, .T. ) ;
#3313 = SURFACE_STYLE_USAGE ( .BOTH. , #540 ) ;
#3314 = PLANE ( 'NONE',  #3069 ) ;
#3315 = PLANE ( 'NONE',  #2440 ) ;
#3316 = STYLED_ITEM ( 'NONE', ( #1791 ), #841 ) ;
#3317 = PLANE ( 'NONE',  #904 ) ;
#3318 = PLANE ( 'NONE',  #1152 ) ;
#3319 = PRESENTATION_LAYER_ASSIGNMENT (  '', '', ( #1299 ) ) ;
#3320 = ORIENTED_EDGE ( 'NONE', *, *, #730, .F. ) ;
#3321 = SURFACE_STYLE_FILL_AREA ( #2752 ) ;
#3322 = CARTESIAN_POINT ( 'NONE',  ( -0.7500000000000001110, 0.1250000000000000000, 1.024621125123532206 ) ) ;
#3323 = AXIS2_PLACEMENT_3D ( 'NONE', #1685, #3594, #2775 ) ;
#3324 = CIRCLE ( 'NONE', #2150, 0.1250000000000000000 ) ;
#3325 = SURFACE_STYLE_FILL_AREA ( #1936 ) ;
#3326 = CARTESIAN_POINT ( 'NONE',  ( -0.4749999999999999778, -0.6250000000000000000, 1.024621125123532206 ) ) ;
#3327 = VECTOR ( 'NONE', #1913, 1000.000000000000000 ) ;
#3328 = DIRECTION ( 'NONE',  ( 0.000000000000000000, 0.000000000000000000, -1.000000000000000000 ) ) ;
#3329 = STYLED_ITEM ( 'NONE', ( #1897 ), #2521 ) ;
#3330 = COLOUR_RGB ( '',0.8431372549019607865, 0.8431372549019607865, 0.8431372549019607865 ) ;
#3331 = EDGE_CURVE ( 'NONE', #1217, #507, #799, .T. ) ;
#3332 = AXIS2_PLACEMENT_3D ( 'NONE', #1282, #703, #450 ) ;
#3333 = EDGE_LOOP ( 'NONE', ( #454, #1620, #2943, #2807 ) ) ;
#3334 = CARTESIAN_POINT ( 'NONE',  ( -0.7500000000000001110, -0.1250000000000000000, 0.2000000000000000389 ) ) ;
#3335 = VECTOR ( 'NONE', #2827, 1000.000000000000000 ) ;
#3336 = CARTESIAN_POINT ( 'NONE',  ( -0.7500000000000001110, -0.1250000000000000000, 0.02500000000000000139 ) ) ;
#3337 =( NAMED_UNIT ( * ) PLANE_ANGLE_UNIT ( ) SI_UNIT ( $, .RADIAN. ) );
#3338 = VERTEX_POINT ( 'NONE', #759 ) ;
#3339 = FACE_OUTER_BOUND ( 'NONE', #2452, .T. ) ;
#3340 = PRESENTATION_LAYER_ASSIGNMENT (  '', '', ( #2629 ) ) ;
#3341 =( NAMED_UNIT ( * ) PLANE_ANGLE_UNIT ( ) SI_UNIT ( $, .RADIAN. ) );
#3342 = SURFACE_SIDE_STYLE ('',( #572 ) ) ;
#3343 = FILL_AREA_STYLE_COLOUR ( '', #487 ) ;
#3344 = CARTESIAN_POINT ( 'NONE',  ( -0.7500000000000001110, -0.1250000000000000000, 0.2000000000000000944 ) ) ;
#3345 =( NAMED_UNIT ( * ) PLANE_ANGLE_UNIT ( ) SI_UNIT ( $, .RADIAN. ) );
#3346 = EDGE_LOOP ( 'NONE', ( #3536, #2112, #2667, #407 ) ) ;
#3347 = EDGE_CURVE ( 'NONE', #3103, #2891, #1664, .T. ) ;
#3348 = SURFACE_STYLE_FILL_AREA ( #65 ) ;
#3349 = EDGE_CURVE ( 'NONE', #45, #3544, #1602, .T. ) ;
#3350 = CARTESIAN_POINT ( 'NONE',  ( 0.05000000000000001665, -0.3999999999999999667, 0.02500000000000000139 ) ) ;
#3351 = FILL_AREA_STYLE_COLOUR ( '', #310 ) ;
#3352 = FILL_AREA_STYLE ('',( #1900 ) ) ;
#3353 = SURFACE_SIDE_STYLE ('',( #248 ) ) ;
#3354 = EDGE_LOOP ( 'NONE', ( #1000, #1157, #1041, #444 ) ) ;
#3355 = DIRECTION ( 'NONE',  ( -0.000000000000000000, 1.000000000000000000, 0.000000000000000000 ) ) ;
#3356 = FACE_OUTER_BOUND ( 'NONE', #1210, .T. ) ;
#3357 = CARTESIAN_POINT ( 'NONE',  ( -0.5500000000000000444, 0.5500000000000000444, 0.9899999999999999911 ) ) ;
#3358 = ORIENTED_EDGE ( 'NONE', *, *, #2075, .F. ) ;
#3359 = SURFACE_STYLE_USAGE ( .BOTH. , #940 ) ;
#3360 = CARTESIAN_POINT ( 'NONE',  ( -0.4750000000000001443, 0.6250000000000000000, 0.2000000000000000944 ) ) ;
#3361 = CLOSED_SHELL ( 'NONE', ( #782, #3286, #1151, #120, #2223, #2490, #963 ) ) ;
#3362 = ORIENTED_EDGE ( 'NONE', *, *, #683, .F. ) ;
#3363 = LINE ( 'NONE', #2552, #2430 ) ;
#3364 = FACE_OUTER_BOUND ( 'NONE', #1202, .T. ) ;
#3365 = SURFACE_STYLE_FILL_AREA ( #3405 ) ;
#3366 = EDGE_CURVE ( 'NONE', #1241, #3517, #781, .T. ) ;
#3367 = CARTESIAN_POINT ( 'NONE',  ( -0.7500000000000001110, 0.3750000000000000000, 1.024621125123532206 ) ) ;
#3368 = ORIENTED_EDGE ( 'NONE', *, *, #3537, .F. ) ;
#3369 = FACE_OUTER_BOUND ( 'NONE', #2405, .T. ) ;
#3370 = SURFACE_STYLE_USAGE ( .BOTH. , #1678 ) ;
#3371 = EDGE_CURVE ( 'NONE', #2557, #1911, #1294, .T. ) ;
#3372 = VERTEX_POINT ( 'NONE', #3200 ) ;
#3373 = SURFACE_STYLE_USAGE ( .BOTH. , #1224 ) ;
#3374 = DIRECTION ( 'NONE',  ( -0.000000000000000000, -0.000000000000000000, 1.000000000000000000 ) ) ;
#3375 = AXIS2_PLACEMENT_3D ( 'NONE', #2825, #937, #2879 ) ;
#3376 = CARTESIAN_POINT ( 'NONE',  ( -0.5500000000000000444, 0.5500000000000000444, 1.000000000000000000 ) ) ;
#3377 = DIRECTION ( 'NONE',  ( 0.000000000000000000, 0.000000000000000000, -1.000000000000000000 ) ) ;
#3378 = LINE ( 'NONE', #593, #709 ) ;
#3379 = COLOUR_RGB ( '',0.2862745098039215508, 0.2862745098039215508, 0.2862745098039215508 ) ;
#3380 = PRESENTATION_LAYER_ASSIGNMENT (  '', '', ( #2500 ) ) ;
#3381 = UNCERTAINTY_MEASURE_WITH_UNIT (LENGTH_MEASURE( 1.000000000000000082E-05 ), #2123, 'distance_accuracy_value', 'NONE');
#3382 = ORIENTED_EDGE ( 'NONE', *, *, #1731, .F. ) ;
#3383 = LINE ( 'NONE', #1449, #2251 ) ;
#3384 = DIRECTION ( 'NONE',  ( -1.000000000000000000, 0.000000000000000000, -0.000000000000000000 ) ) ;
#3385 = DIRECTION ( 'NONE',  ( 0.000000000000000000, 0.000000000000000000, 1.000000000000000000 ) ) ;
#3386 =( GEOMETRIC_REPRESENTATION_CONTEXT ( 3 ) GLOBAL_UNCERTAINTY_ASSIGNED_CONTEXT ( ( #1924 ) ) GLOBAL_UNIT_ASSIGNED_CONTEXT ( ( #475, #1271, #2348 ) ) REPRESENTATION_CONTEXT ( 'NONE', 'WORKASPACE' ) );
#3387 = FACE_OUTER_BOUND ( 'NONE', #1525, .T. ) ;
#3388 = PRESENTATION_LAYER_ASSIGNMENT (  '', '', ( #316 ) ) ;
#3389 = VERTEX_POINT ( 'NONE', #2933 ) ;
#3390 = AXIS2_PLACEMENT_3D ( 'NONE', #2382, #3457, #2326 ) ;
#3391 = CARTESIAN_POINT ( 'NONE',  ( -0.3500000000000001443, 0.3750000000000000000, 0.000000000000000000 ) ) ;
#3392 = LINE ( 'NONE', #376, #62 ) ;
#3393 = DIRECTION ( 'NONE',  ( -1.000000000000000000, -0.000000000000000000, -0.000000000000000000 ) ) ;
#3394 = STYLED_ITEM ( 'NONE', ( #1211 ), #2945 ) ;
#3395 = VERTEX_POINT ( 'NONE', #163 ) ;
#3396 =( NAMED_UNIT ( * ) PLANE_ANGLE_UNIT ( ) SI_UNIT ( $, .RADIAN. ) );
#3397 =( NAMED_UNIT ( * ) PLANE_ANGLE_UNIT ( ) SI_UNIT ( $, .RADIAN. ) );
#3398 = EDGE_CURVE ( 'NONE', #3054, #1296, #2371, .T. ) ;
#3399 = AXIS2_PLACEMENT_3D ( 'NONE', #1311, #2390, #3273 ) ;
#3400 = PRESENTATION_STYLE_ASSIGNMENT (( #638 ) ) ;
#3401 = DIRECTION ( 'NONE',  ( 0.000000000000000000, -1.000000000000000000, 0.000000000000000000 ) ) ;
#3402 = EDGE_LOOP ( 'NONE', ( #2135, #1657, #1062, #1820 ) ) ;
#3403 = SURFACE_STYLE_USAGE ( .BOTH. , #2276 ) ;
#3404 = PRESENTATION_STYLE_ASSIGNMENT (( #616 ) ) ;
#3405 = FILL_AREA_STYLE ('',( #912 ) ) ;
#3406 = FILL_AREA_STYLE ('',( #986 ) ) ;
#3407 = ORIENTED_EDGE ( 'NONE', *, *, #306, .T. ) ;
#3408 = DIRECTION ( 'NONE',  ( -0.000000000000000000, -0.000000000000000000, -1.000000000000000000 ) ) ;
#3409 = DIRECTION ( 'NONE',  ( 1.000000000000000000, -0.000000000000000000, -0.000000000000000000 ) ) ;
#3410 = FILL_AREA_STYLE_COLOUR ( '', #3262 ) ;
#3411 = VERTEX_POINT ( 'NONE', #2779 ) ;
#3412 = CARTESIAN_POINT ( 'NONE',  ( 0.05000000000000002359, -0.5000000000000000000, 0.2000000000000000389 ) ) ;
#3413 = FACE_OUTER_BOUND ( 'NONE', #85, .T. ) ;
#3414 = EDGE_CURVE ( 'NONE', #2103, #1920, #1135, .T. ) ;
#3415 = ADVANCED_FACE ( 'NONE', ( #321 ), #1400, .F. ) ;
#3416 = FACE_OUTER_BOUND ( 'NONE', #1505, .T. ) ;
#3417 = DIRECTION ( 'NONE',  ( -0.000000000000000000, -0.000000000000000000, -1.000000000000000000 ) ) ;
#3418 = LINE ( 'NONE', #2885, #968 ) ;
#3419 = ADVANCED_FACE ( 'NONE', ( #3598 ), #1439, .F. ) ;
#3420 = UNCERTAINTY_MEASURE_WITH_UNIT (LENGTH_MEASURE( 1.000000000000000082E-05 ), #2619, 'distance_accuracy_value', 'NONE');
#3421 = EDGE_LOOP ( 'NONE', ( #464, #317, #1113, #3308 ) ) ;
#3422 = PLANE ( 'NONE',  #1581 ) ;
#3423 = MECHANICAL_DESIGN_GEOMETRIC_PRESENTATION_REPRESENTATION (  '', ( #229 ), #2136 ) ;
#3424 = PRESENTATION_STYLE_ASSIGNMENT (( #946 ) ) ;
#3425 = VERTEX_POINT ( 'NONE', #1389 ) ;
#3426 = LINE ( 'NONE', #2036, #975 ) ;
#3427 = CARTESIAN_POINT ( 'NONE',  ( 0.05000000000000002359, -0.5000000000000000000, 1.024621125123532206 ) ) ;
#3428 = ORIENTED_EDGE ( 'NONE', *, *, #2627, .T. ) ;
#3429 = DIRECTION ( 'NONE',  ( -0.000000000000000000, 0.000000000000000000, -1.000000000000000000 ) ) ;
#3430 = CIRCLE ( 'NONE', #2196, 0.02499999999999995628 ) ;
#3431 = CARTESIAN_POINT ( 'NONE',  ( 0.05000000000000002359, 0.000000000000000000, 0.000000000000000000 ) ) ;
#3432 = SURFACE_STYLE_FILL_AREA ( #2301 ) ;
#3433 = LINE ( 'NONE', #1567, #3092 ) ;
#3434 = ADVANCED_FACE ( 'NONE', ( #2211 ), #3318, .T. ) ;
#3435 = AXIS2_PLACEMENT_3D ( 'NONE', #3546, #2170, #2435 ) ;
#3436 = ORIENTED_EDGE ( 'NONE', *, *, #313, .F. ) ;
#3437 = VECTOR ( 'NONE', #490, 1000.000000000000000 ) ;
#3438 =( LENGTH_UNIT ( ) NAMED_UNIT ( * ) SI_UNIT ( .MILLI., .METRE. ) );
#3439 = ADVANCED_FACE ( 'NONE', ( #1980, #1453 ), #2178, .T. ) ;
#3440 = AXIS2_PLACEMENT_3D ( 'NONE', #2513, #2806, #324 ) ;
#3441 =( NAMED_UNIT ( * ) SI_UNIT ( $, .STERADIAN. ) SOLID_ANGLE_UNIT ( ) );
#3442 = VERTEX_POINT ( 'NONE', #1487 ) ;
#3443 = FACE_OUTER_BOUND ( 'NONE', #789, .T. ) ;
#3444 = AXIS2_PLACEMENT_3D ( 'NONE', #751, #2980, #277 ) ;
#3445 =( NAMED_UNIT ( * ) SI_UNIT ( $, .STERADIAN. ) SOLID_ANGLE_UNIT ( ) );
#3446 = COLOUR_RGB ( '',0.8431372549019607865, 0.8431372549019607865, 0.8431372549019607865 ) ;
#3447 = VECTOR ( 'NONE', #2640, 1000.000000000000000 ) ;
#3448 = ORIENTED_EDGE ( 'NONE', *, *, #2518, .T. ) ;
#3449 = FILL_AREA_STYLE ('',( #1242 ) ) ;
#3450 = LINE ( 'NONE', #2021, #1578 ) ;
#3451 = CARTESIAN_POINT ( 'NONE',  ( -0.7500000000000000000, -0.3750000000000000000, 0.2000000000000000389 ) ) ;
#3452 = AXIS2_PLACEMENT_3D ( 'NONE', #55, #2042, #2270 ) ;
#3453 = COLOUR_RGB ( '',0.8431372549019607865, 0.8431372549019607865, 0.8431372549019607865 ) ;
#3454 = SURFACE_STYLE_FILL_AREA ( #1729 ) ;
#3455 = DIRECTION ( 'NONE',  ( 0.000000000000000000, 0.000000000000000000, -1.000000000000000000 ) ) ;
#3456 = FILL_AREA_STYLE ('',( #690 ) ) ;
#3457 = DIRECTION ( 'NONE',  ( 0.000000000000000000, -1.000000000000000000, 0.000000000000000000 ) ) ;
#3458 = ORIENTED_EDGE ( 'NONE', *, *, #75, .T. ) ;
#3459 = LINE ( 'NONE', #1255, #2929 ) ;
#3460 = ADVANCED_FACE ( 'NONE', ( #1204 ), #2278, .F. ) ;
#3461 = EDGE_CURVE ( 'NONE', #1824, #1379, #3459, .T. ) ;
#3462 = EDGE_LOOP ( 'NONE', ( #760, #1368, #1176, #619 ) ) ;
#3463 = FILL_AREA_STYLE ('',( #1258 ) ) ;
#3464 =( LENGTH_UNIT ( ) NAMED_UNIT ( * ) SI_UNIT ( .MILLI., .METRE. ) );
#3465 = DIRECTION ( 'NONE',  ( -1.000000000000000000, 0.000000000000000000, 0.000000000000000000 ) ) ;
#3466 = VERTEX_POINT ( 'NONE', #3176 ) ;
#3467 = CARTESIAN_POINT ( 'NONE',  ( -0.4625000000000000777, 0.5500000000000000444, 0.9899999999999999911 ) ) ;
#3468 = DIRECTION ( 'NONE',  ( 1.000000000000000000, 0.000000000000000000, 0.000000000000000000 ) ) ;
#3469 = SURFACE_SIDE_STYLE ('',( #1032 ) ) ;
#3470 = CARTESIAN_POINT ( 'NONE',  ( -0.7500000000000001110, 0.1250000000000000000, 0.2000000000000000389 ) ) ;
#3471 = CARTESIAN_POINT ( 'NONE',  ( -0.7249999999999998668, -0.7500000000000000000, 0.9750000000000000888 ) ) ;
#3472 = PRESENTATION_STYLE_ASSIGNMENT (( #2358 ) ) ;
#3473 = APPLICATION_CONTEXT ( 'automotive_design' ) ;
#3474 = EDGE_LOOP ( 'NONE', ( #292, #869, #132, #1591, #2386 ) ) ;
#3475 = LINE ( 'NONE', #2330, #599 ) ;
#3476 = CARTESIAN_POINT ( 'NONE',  ( -0.7500000000000000000, 0.6250000000000000000, 0.02500000000000000139 ) ) ;
#3477 = VERTEX_POINT ( 'NONE', #2313 ) ;
#3478 = CARTESIAN_POINT ( 'NONE',  ( -0.05000000000000002359, -0.5000000000000000000, 1.024621125123532206 ) ) ;
#3479 = DIRECTION ( 'NONE',  ( 0.000000000000000000, 0.000000000000000000, 1.000000000000000000 ) ) ;
#3480 = VECTOR ( 'NONE', #1166, 1000.000000000000000 ) ;
#3481 = ADVANCED_FACE ( 'NONE', ( #3387 ), #2888, .T. ) ;
#3482 = ORIENTED_EDGE ( 'NONE', *, *, #419, .T. ) ;
#3483 = CARTESIAN_POINT ( 'NONE',  ( 0.7500000000000000000, 0.6000000000000000888, 0.2000000000000000389 ) ) ;
#3484 = DIRECTION ( 'NONE',  ( 0.000000000000000000, 0.000000000000000000, -1.000000000000000000 ) ) ;
#3485 = ADVANCED_FACE ( 'NONE', ( #443 ), #736, .F. ) ;
#3486 = SURFACE_STYLE_USAGE ( .BOTH. , #2063 ) ;
#3487 = DIRECTION ( 'NONE',  ( 1.000000000000000000, 0.000000000000000000, 0.000000000000000000 ) ) ;
#3488 = SURFACE_STYLE_USAGE ( .BOTH. , #994 ) ;
#3489 = SURFACE_STYLE_FILL_AREA ( #2357 ) ;
#3490 = CIRCLE ( 'NONE', #1912, 0.08749999999999995282 ) ;
#3491 = STYLED_ITEM ( 'NONE', ( #2420 ), #782 ) ;
#3492 = ORIENTED_EDGE ( 'NONE', *, *, #1849, .T. ) ;
#3493 = EDGE_LOOP ( 'NONE', ( #2410, #3248, #1233, #3095 ) ) ;
#3494 = CARTESIAN_POINT ( 'NONE',  ( 0.05000000000000001665, 0.6000000000000000888, 0.02500000000000000139 ) ) ;
#3495 = VERTEX_POINT ( 'NONE', #2423 ) ;
#3496 = CARTESIAN_POINT ( 'NONE',  ( -0.4749999999999999778, -0.6250000000000000000, 0.2000000000000000389 ) ) ;
#3497 = DIRECTION ( 'NONE',  ( -0.000000000000000000, -0.000000000000000000, -1.000000000000000000 ) ) ;
#3498 = VECTOR ( 'NONE', #1106, 1000.000000000000000 ) ;
#3499 = VECTOR ( 'NONE', #921, 1000.000000000000000 ) ;
#3500 = PRESENTATION_LAYER_ASSIGNMENT (  '', '', ( #1478 ) ) ;
#3501 = EDGE_LOOP ( 'NONE', ( #496, #2804, #1136, #31, #769 ) ) ;
#3502 = AXIS2_PLACEMENT_3D ( 'NONE', #108, #933, #949 ) ;
#3503 = CARTESIAN_POINT ( 'NONE',  ( -0.05000000000000002359, -0.5000000000000000000, 0.02500000000000000139 ) ) ;
#3504 = CARTESIAN_POINT ( 'NONE',  ( -0.7500000000000001110, -0.1250000000000000000, 0.2000000000000000389 ) ) ;
#3505 = AXIS2_PLACEMENT_3D ( 'NONE', #3603, #2755, #865 ) ;
#3506 = AXIS2_PLACEMENT_3D ( 'NONE', #2363, #984, #680 ) ;
#3507 = CARTESIAN_POINT ( 'NONE',  ( 0.7500000000000000000, -0.1000000000000000472, 0.000000000000000000 ) ) ;
#3508 = DIRECTION ( 'NONE',  ( 0.000000000000000000, -0.000000000000000000, 1.000000000000000000 ) ) ;
#3509 = EDGE_CURVE ( 'NONE', #2418, #3411, #1667, .T. ) ;
#3510 = DIRECTION ( 'NONE',  ( 1.000000000000000000, 0.000000000000000000, -0.000000000000000000 ) ) ;
#3511 = AXIS2_PLACEMENT_3D ( 'NONE', #1636, #2020, #1788 ) ;
#3512 = FACE_OUTER_BOUND ( 'NONE', #333, .T. ) ;
#3513 = PRESENTATION_LAYER_ASSIGNMENT (  '', '', ( #3198 ) ) ;
#3514 = CARTESIAN_POINT ( 'NONE',  ( -0.7249999999999998668, -0.7250000000000000888, 1.000000000000000000 ) ) ;
#3515 = VECTOR ( 'NONE', #3093, 1000.000000000000000 ) ;
#3516 = ORIENTED_EDGE ( 'NONE', *, *, #3118, .F. ) ;
#3517 = VERTEX_POINT ( 'NONE', #143 ) ;
#3518 = DIRECTION ( 'NONE',  ( 1.000000000000000000, -0.000000000000000000, -0.000000000000000000 ) ) ;
#3519 = MECHANICAL_DESIGN_GEOMETRIC_PRESENTATION_REPRESENTATION (  '', ( #1150 ), #3154 ) ;
#3520 = DIRECTION ( 'NONE',  ( -1.000000000000000000, 0.000000000000000000, 0.000000000000000000 ) ) ;
#3521 = AXIS2_PLACEMENT_3D ( 'NONE', #3192, #1556, #2643 ) ;
#3522 = UNCERTAINTY_MEASURE_WITH_UNIT (LENGTH_MEASURE( 1.000000000000000082E-05 ), #2873, 'distance_accuracy_value', 'NONE');
#3523 = ORIENTED_EDGE ( 'NONE', *, *, #397, .F. ) ;
#3524 = DIRECTION ( 'NONE',  ( 0.000000000000000000, -0.000000000000000000, -1.000000000000000000 ) ) ;
#3525 = DIRECTION ( 'NONE',  ( -1.000000000000000000, 0.000000000000000000, -0.000000000000000000 ) ) ;
#3526 = DIRECTION ( 'NONE',  ( 1.000000000000000000, 0.000000000000000000, 0.000000000000000000 ) ) ;
#3527 = LINE ( 'NONE', #1048, #59 ) ;
#3528 = ORIENTED_EDGE ( 'NONE', *, *, #1008, .F. ) ;
#3529 = DIRECTION ( 'NONE',  ( 0.000000000000000000, -1.000000000000000000, 0.000000000000000000 ) ) ;
#3530 = DIRECTION ( 'NONE',  ( -0.000000000000000000, -1.000000000000000000, -0.000000000000000000 ) ) ;
#3531 = FILL_AREA_STYLE ('',( #687 ) ) ;
#3532 = LINE ( 'NONE', #2118, #532 ) ;
#3533 = DIRECTION ( 'NONE',  ( 1.000000000000000000, -0.000000000000000000, -0.000000000000000000 ) ) ;
#3534 = EDGE_CURVE ( 'NONE', #2309, #3495, #2690, .T. ) ;
#3535 = EDGE_CURVE ( 'NONE', #1296, #3214, #1043, .T. ) ;
#3536 = ORIENTED_EDGE ( 'NONE', *, *, #313, .T. ) ;
#3537 = EDGE_CURVE ( 'NONE', #1296, #1349, #1597, .T. ) ;
#3538 = PLANE ( 'NONE',  #269 ) ;
#3539 = ORIENTED_EDGE ( 'NONE', *, *, #1789, .F. ) ;
#3540 = CARTESIAN_POINT ( 'NONE',  ( -0.5500000000000000444, 0.5500000000000000444, 0.9899999999999999911 ) ) ;
#3541 =( NAMED_UNIT ( * ) SI_UNIT ( $, .STERADIAN. ) SOLID_ANGLE_UNIT ( ) );
#3542 = CARTESIAN_POINT ( 'NONE',  ( -0.7500000000000000000, 0.7250000000000000888, 0.9750000000000000888 ) ) ;
#3543 = CARTESIAN_POINT ( 'NONE',  ( 0.7500000000000000000, -0.6000000000000000888, 0.000000000000000000 ) ) ;
#3544 = VERTEX_POINT ( 'NONE', #1076 ) ;
#3545 = CARTESIAN_POINT ( 'NONE',  ( -0.7500000000000001110, 0.6250000000000000000, 0.2000000000000000389 ) ) ;
#3546 = CARTESIAN_POINT ( 'NONE',  ( 0.7250000000000000888, 0.000000000000000000, 0.9750000000000000888 ) ) ;
#3547 = AXIS2_PLACEMENT_3D ( 'NONE', #3227, #2679, #2698 ) ;
#3548 = ORIENTED_EDGE ( 'NONE', *, *, #2120, .T. ) ;
#3549 = AXIS2_PLACEMENT_3D ( 'NONE', #1465, #1412, #1437 ) ;
#3550 = EDGE_LOOP ( 'NONE', ( #1785, #3239, #2155, #1017 ) ) ;
#3551 = EDGE_CURVE ( 'NONE', #1893, #741, #325, .T. ) ;
#3552 = SURFACE_SIDE_STYLE ('',( #3271 ) ) ;
#3553 = DIRECTION ( 'NONE',  ( 1.000000000000000000, -0.000000000000000000, 0.000000000000000000 ) ) ;
#3554 = FACE_OUTER_BOUND ( 'NONE', #2780, .T. ) ;
#3555 = VERTEX_POINT ( 'NONE', #3476 ) ;
#3556 = ADVANCED_FACE ( 'NONE', ( #772 ), #3538, .F. ) ;
#3557 = DIRECTION ( 'NONE',  ( 0.000000000000000000, 0.000000000000000000, -1.000000000000000000 ) ) ;
#3558 = LINE ( 'NONE', #1082, #2442 ) ;
#3559 = PRESENTATION_STYLE_ASSIGNMENT (( #719 ) ) ;
#3560 = ORIENTED_EDGE ( 'NONE', *, *, #627, .T. ) ;
#3561 = CARTESIAN_POINT ( 'NONE',  ( 0.7500000000000000000, 0.6000000000000000888, 1.024621125123532206 ) ) ;
#3562 = CARTESIAN_POINT ( 'NONE',  ( -0.4750000000000000333, 0.1250000000000000000, 0.000000000000000000 ) ) ;
#3563 = VECTOR ( 'NONE', #2597, 1000.000000000000000 ) ;
#3564 = VECTOR ( 'NONE', #2785, 1000.000000000000000 ) ;
#3565 = CARTESIAN_POINT ( 'NONE',  ( -0.6375000000000000666, 0.5500000000000000444, 0.9899999999999999911 ) ) ;
#3566 = VECTOR ( 'NONE', #574, 1000.000000000000000 ) ;
#3567 =( GEOMETRIC_REPRESENTATION_CONTEXT ( 3 ) GLOBAL_UNCERTAINTY_ASSIGNED_CONTEXT ( ( #3381 ) ) GLOBAL_UNIT_ASSIGNED_CONTEXT ( ( #2123, #2407, #405 ) ) REPRESENTATION_CONTEXT ( 'NONE', 'WORKASPACE' ) );
#3568 = PRESENTATION_LAYER_ASSIGNMENT (  '', '', ( #2683 ) ) ;
#3569 = CIRCLE ( 'NONE', #846, 0.1000000000000000472 ) ;
#3570 = ORIENTED_EDGE ( 'NONE', *, *, #1693, .T. ) ;
#3571 = VERTEX_POINT ( 'NONE', #3494 ) ;
#3572 = PRESENTATION_LAYER_ASSIGNMENT (  '', '', ( #1880 ) ) ;
#3573 = CIRCLE ( 'NONE', #1322, 0.02499999999999995628 ) ;
#3574 = ORIENTED_EDGE ( 'NONE', *, *, #851, .T. ) ;
#3575 = FILL_AREA_STYLE ('',( #3278 ) ) ;
#3576 =( LENGTH_UNIT ( ) NAMED_UNIT ( * ) SI_UNIT ( .MILLI., .METRE. ) );
#3577 = PRESENTATION_LAYER_ASSIGNMENT (  '', '', ( #3043 ) ) ;
#3578 = ADVANCED_FACE ( 'NONE', ( #3554 ), #2084, .T. ) ;
#3579 = SURFACE_STYLE_USAGE ( .BOTH. , #3089 ) ;
#3580 = ADVANCED_FACE ( 'NONE', ( #2628 ), #1272, .F. ) ;
#3581 = ORIENTED_EDGE ( 'NONE', *, *, #83, .F. ) ;
#3582 = CARTESIAN_POINT ( 'NONE',  ( 0.7500000000000000000, -0.6000000000000000888, 0.2000000000000000944 ) ) ;
#3583 = CYLINDRICAL_SURFACE ( 'NONE', #2676, 0.08749999999999995282 ) ;
#3584 =( NAMED_UNIT ( * ) SI_UNIT ( $, .STERADIAN. ) SOLID_ANGLE_UNIT ( ) );
#3585 = PRESENTATION_STYLE_ASSIGNMENT (( #625 ) ) ;
#3586 = FACE_OUTER_BOUND ( 'NONE', #226, .T. ) ;
#3587 =( NAMED_UNIT ( * ) PLANE_ANGLE_UNIT ( ) SI_UNIT ( $, .RADIAN. ) );
#3588 = ORIENTED_EDGE ( 'NONE', *, *, #34, .F. ) ;
#3589 = PRESENTATION_STYLE_ASSIGNMENT (( #2173 ) ) ;
#3590 =( NAMED_UNIT ( * ) PLANE_ANGLE_UNIT ( ) SI_UNIT ( $, .RADIAN. ) );
#3591 =( NAMED_UNIT ( * ) PLANE_ANGLE_UNIT ( ) SI_UNIT ( $, .RADIAN. ) );
#3592 = UNCERTAINTY_MEASURE_WITH_UNIT (LENGTH_MEASURE( 1.000000000000000082E-05 ), #2540, 'distance_accuracy_value', 'NONE');
#3593 = ORIENTED_EDGE ( 'NONE', *, *, #2672, .T. ) ;
#3594 = DIRECTION ( 'NONE',  ( -1.000000000000000000, -0.000000000000000000, 0.000000000000000000 ) ) ;
#3595 = CARTESIAN_POINT ( 'NONE',  ( 0.7500000000000000000, -0.3999999999999999667, 0.2000000000000000944 ) ) ;
#3596 = LINE ( 'NONE', #1672, #1868 ) ;
#3597 = DIRECTION ( 'NONE',  ( 1.445602896647339163E-16, -1.000000000000000000, 0.000000000000000000 ) ) ;
#3598 = FACE_OUTER_BOUND ( 'NONE', #2437, .T. ) ;
#3599 = ORIENTED_EDGE ( 'NONE', *, *, #458, .F. ) ;
#3600 =( NAMED_UNIT ( * ) SI_UNIT ( $, .STERADIAN. ) SOLID_ANGLE_UNIT ( ) );
#3601 = EDGE_CURVE ( 'NONE', #211, #970, #1434, .T. ) ;
#3602 = DIRECTION ( 'NONE',  ( -0.000000000000000000, -0.000000000000000000, -1.000000000000000000 ) ) ;
#3603 = CARTESIAN_POINT ( 'NONE',  ( -0.7500000000000001110, -0.1250000000000000000, 1.024621125123532206 ) ) ;
#3604 = EDGE_CURVE ( 'NONE', #1773, #3054, #519, .T. ) ;
#3605 = VECTOR ( 'NONE', #1179, 1000.000000000000000 ) ;
#3606 = DIRECTION ( 'NONE',  ( 0.000000000000000000, 0.000000000000000000, -1.000000000000000000 ) ) ;
#3607 = SURFACE_SIDE_STYLE ('',( #903 ) ) ;
#3608 = AXIS2_PLACEMENT_3D ( 'NONE', #1495, #2566, #381 ) ;
#3609 = ORIENTED_EDGE ( 'NONE', *, *, #749, .T. ) ;
#3610 =( LENGTH_UNIT ( ) NAMED_UNIT ( * ) SI_UNIT ( .MILLI., .METRE. ) );
#3611 = CIRCLE ( 'NONE', #2899, 0.1000000000000000472 ) ;
#3612 = LINE ( 'NONE', #1908, #1250 ) ;
#3613 = CARTESIAN_POINT ( 'NONE',  ( -0.3500000000000001443, 0.6250000000000000000, 0.2000000000000000944 ) ) ;
#3614 = EDGE_LOOP ( 'NONE', ( #2623, #1850 ) ) ;
#3615 = DIRECTION ( 'NONE',  ( -0.000000000000000000, -0.000000000000000000, -1.000000000000000000 ) ) ;
#3616 =( NAMED_UNIT ( * ) PLANE_ANGLE_UNIT ( ) SI_UNIT ( $, .RADIAN. ) );
ENDSEC;
END-ISO-10303-21;
